ISO-10303-21;
HEADER;
FILE_DESCRIPTION(('Open CASCADE Model'),'2;1');
FILE_NAME('Open CASCADE Shape Model','2026-09-10T01:18:07',('Author'),(
    'Open CASCADE'),'Open CASCADE STEP processor 7.8','Open CASCADE 7.8'
  ,'Unknown');
FILE_SCHEMA(('AUTOMOTIVE_DESIGN { 1 0 10303 214 1 1 1 1 }'));
ENDSEC;
DATA;
#1 = APPLICATION_PROTOCOL_DEFINITION('international standard',
  'automotive_design',2000,#2);
#2 = APPLICATION_CONTEXT(
  'core data for automotive mechanical design processes');
#3 = SHAPE_DEFINITION_REPRESENTATION(#4,#10);
#4 = PRODUCT_DEFINITION_SHAPE('','',#5);
#5 = PRODUCT_DEFINITION('design','',#6,#9);
#6 = PRODUCT_DEFINITION_FORMATION('','',#7);
#7 = PRODUCT('Open CASCADE STEP translator 7.8 1',
  'Open CASCADE STEP translator 7.8 1','',(#8));
#8 = PRODUCT_CONTEXT('',#2,'mechanical');
#9 = PRODUCT_DEFINITION_CONTEXT('part definition',#2,'design');
#10 = SHAPE_REPRESENTATION('',(#11,#15),#19);
#11 = AXIS2_PLACEMENT_3D('',#12,#13,#14);
#12 = CARTESIAN_POINT('',(0.,0.,0.));
#13 = DIRECTION('',(0.,0.,1.));
#14 = DIRECTION('',(1.,0.,-0.));
#15 = AXIS2_PLACEMENT_3D('',#16,#17,#18);
#16 = CARTESIAN_POINT('',(-0.511011,1.299999999516E-05,
    8.342984353505E-06));
#17 = DIRECTION('',(0.,0.,1.));
#18 = DIRECTION('',(1.,0.,0.));
#19 = ( GEOMETRIC_REPRESENTATION_CONTEXT(3) 
GLOBAL_UNCERTAINTY_ASSIGNED_CONTEXT((#23)) GLOBAL_UNIT_ASSIGNED_CONTEXT(
(#20,#21,#22)) REPRESENTATION_CONTEXT('Context #1',
  '3D Context with UNIT and UNCERTAINTY') );
#20 = ( LENGTH_UNIT() NAMED_UNIT(*) SI_UNIT(.MILLI.,.METRE.) );
#21 = ( NAMED_UNIT(*) PLANE_ANGLE_UNIT() SI_UNIT($,.RADIAN.) );
#22 = ( NAMED_UNIT(*) SI_UNIT($,.STERADIAN.) SOLID_ANGLE_UNIT() );
#23 = UNCERTAINTY_MEASURE_WITH_UNIT(LENGTH_MEASURE(1.E-06),#20,
  'distance_accuracy_value','confusion accuracy');
#24 = PRODUCT_RELATED_PRODUCT_CATEGORY('part',$,(#7));
#25 = SHAPE_DEFINITION_REPRESENTATION(#26,#32);
#26 = PRODUCT_DEFINITION_SHAPE('','',#27);
#27 = PRODUCT_DEFINITION('design','',#28,#31);
#28 = PRODUCT_DEFINITION_FORMATION('','',#29);
#29 = PRODUCT('SOT-89-4_L4.5-W2.5-P1.50-LS4.2-BR',
  'SOT-89-4_L4.5-W2.5-P1.50-LS4.2-BR','',(#30));
#30 = PRODUCT_CONTEXT('',#2,'mechanical');
#31 = PRODUCT_DEFINITION_CONTEXT('part definition',#2,'design');
#32 = ADVANCED_BREP_SHAPE_REPRESENTATION('',(#11,#33),#4849);
#33 = MANIFOLD_SOLID_BREP('',#34);
#34 = CLOSED_SHELL('',(#35,#213,#669,#932,#990,#1047,#1310,#1367,#1535,
    #1593,#1673,#1731,#1836,#1941,#2056,#2180,#2304,#2423,#2482,#2552,
    #2622,#2694,#2727,#2781,#2809,#2881,#2933,#2982,#3031,#3083,#3176,
    #3182,#3254,#3326,#3332,#3384,#3436,#3485,#3534,#3541,#3617,#3693,
    #3745,#3797,#3824,#3831,#3907,#3978,#4057,#4131,#4158,#4290,#4342,
    #4394,#4421,#4492,#4545,#4621,#4697,#4749,#4801,#4828,#4835,#4842));
#35 = ADVANCED_FACE('',(#36),#50,.T.);
#36 = FACE_BOUND('',#37,.T.);
#37 = EDGE_LOOP('',(#38,#73,#102,#130,#158,#186));
#38 = ORIENTED_EDGE('',*,*,#39,.F.);
#39 = EDGE_CURVE('',#40,#42,#44,.T.);
#40 = VERTEX_POINT('',#41);
#41 = CARTESIAN_POINT('',(-1.25,-2.15,0.41));
#42 = VERTEX_POINT('',#43);
#43 = CARTESIAN_POINT('',(-1.25,2.15,0.41));
#44 = SURFACE_CURVE('',#45,(#49,#61),.PCURVE_S1.);
#45 = LINE('',#46,#47);
#46 = CARTESIAN_POINT('',(-1.25,2.25,0.41));
#47 = VECTOR('',#48,1.);
#48 = DIRECTION('',(-7.127522967351E-15,1.,0.));
#49 = PCURVE('',#50,#55);
#50 = PLANE('',#51);
#51 = AXIS2_PLACEMENT_3D('',#52,#53,#54);
#52 = CARTESIAN_POINT('',(-1.095405081827,-7.807524879278E-15,1.51));
#53 = DIRECTION('',(-0.990268068742,-7.05815840379E-15,0.13917310096));
#54 = DIRECTION('',(-7.127522967351E-15,1.,1.972152263053E-31));
#55 = DEFINITIONAL_REPRESENTATION('',(#56),#60);
#56 = LINE('',#57,#58);
#57 = CARTESIAN_POINT('',(2.25,1.110810329771));
#58 = VECTOR('',#59,1.);
#59 = DIRECTION('',(1.,3.944304526105E-31));
#60 = ( GEOMETRIC_REPRESENTATION_CONTEXT(2) 
PARAMETRIC_REPRESENTATION_CONTEXT() REPRESENTATION_CONTEXT('2D SPACE',''
  ) );
#61 = PCURVE('',#62,#67);
#62 = PLANE('',#63);
#63 = AXIS2_PLACEMENT_3D('',#64,#65,#66);
#64 = CARTESIAN_POINT('',(-1.25,-2.25,1.51));
#65 = DIRECTION('',(1.,7.127522967351E-15,0.));
#66 = DIRECTION('',(-7.127522967351E-15,1.,0.));
#67 = DEFINITIONAL_REPRESENTATION('',(#68),#72);
#68 = LINE('',#69,#70);
#69 = CARTESIAN_POINT('',(4.5,-1.1));
#70 = VECTOR('',#71,1.);
#71 = DIRECTION('',(1.,0.));
#72 = ( GEOMETRIC_REPRESENTATION_CONTEXT(2) 
PARAMETRIC_REPRESENTATION_CONTEXT() REPRESENTATION_CONTEXT('2D SPACE',''
  ) );
#73 = ORIENTED_EDGE('',*,*,#74,.T.);
#74 = EDGE_CURVE('',#40,#75,#77,.T.);
#75 = VERTEX_POINT('',#76);
#76 = CARTESIAN_POINT('',(-1.249995309899,-2.150968503025,0.410033371799
    ));
#77 = SURFACE_CURVE('',#78,(#83,#91),.PCURVE_S1.);
#78 = ( BOUNDED_CURVE() B_SPLINE_CURVE(3,(#79,#80,#81,#82),
.UNSPECIFIED.,.F.,.F.) B_SPLINE_CURVE_WITH_KNOTS((4,4),(
    -7.105427357601E-15,9.685181668471E-03),.PIECEWISE_BEZIER_KNOTS.) 
CURVE() GEOMETRIC_REPRESENTATION_ITEM() RATIONAL_B_SPLINE_CURVE((1.,
0.99999218312,0.99999218312,1.)) REPRESENTATION_ITEM('') );
#79 = CARTESIAN_POINT('',(-1.25,-2.15,0.41));
#80 = CARTESIAN_POINT('',(-1.25,-2.150322840651,0.41));
#81 = CARTESIAN_POINT('',(-1.249998436621,-2.150645677516,0.41001112402)
  );
#82 = CARTESIAN_POINT('',(-1.249995309899,-2.150968503025,0.410033371799
    ));
#83 = PCURVE('',#50,#84);
#84 = DEFINITIONAL_REPRESENTATION('',(#85),#90);
#85 = ( BOUNDED_CURVE() B_SPLINE_CURVE(3,(#86,#87,#88,#89),
.UNSPECIFIED.,.F.,.F.) B_SPLINE_CURVE_WITH_KNOTS((4,4),(
    -7.105427357601E-15,9.685181668471E-03),.PIECEWISE_BEZIER_KNOTS.) 
CURVE() GEOMETRIC_REPRESENTATION_ITEM() RATIONAL_B_SPLINE_CURVE((1.,
0.99999218312,0.99999218312,1.)) REPRESENTATION_ITEM('') );
#86 = CARTESIAN_POINT('',(-2.15,1.110810329771));
#87 = CARTESIAN_POINT('',(-2.150322840651,1.110810329771));
#88 = CARTESIAN_POINT('',(-2.150645677516,1.110799096428));
#89 = CARTESIAN_POINT('',(-2.150968503025,1.110776630007));
#90 = ( GEOMETRIC_REPRESENTATION_CONTEXT(2) 
PARAMETRIC_REPRESENTATION_CONTEXT() REPRESENTATION_CONTEXT('2D SPACE',''
  ) );
#91 = PCURVE('',#92,#97);
#92 = CYLINDRICAL_SURFACE('',#93,0.1);
#93 = AXIS2_PLACEMENT_3D('',#94,#95,#96);
#94 = CARTESIAN_POINT('',(-1.15,-2.15,1.51));
#95 = DIRECTION('',(0.,-0.,-1.));
#96 = DIRECTION('',(1.,8.673617379884E-15,0.));
#97 = DEFINITIONAL_REPRESENTATION('',(#98),#101);
#98 = B_SPLINE_CURVE_WITH_KNOTS('',1,(#99,#100),.UNSPECIFIED.,.F.,.F.,(2
    ,2),(-7.105427357601E-15,9.685181668471E-03),
  .PIECEWISE_BEZIER_KNOTS.);
#99 = CARTESIAN_POINT('',(3.14159265359,1.1));
#100 = CARTESIAN_POINT('',(3.131907471921,1.099966628201));
#101 = ( GEOMETRIC_REPRESENTATION_CONTEXT(2) 
PARAMETRIC_REPRESENTATION_CONTEXT() REPRESENTATION_CONTEXT('2D SPACE',''
  ) );
#102 = ORIENTED_EDGE('',*,*,#103,.T.);
#103 = EDGE_CURVE('',#75,#104,#106,.T.);
#104 = VERTEX_POINT('',#105);
#105 = CARTESIAN_POINT('',(-1.10750321492,-2.008476408046,1.423917310096
    ));
#106 = SURFACE_CURVE('',#107,(#111,#118),.PCURVE_S1.);
#107 = LINE('',#108,#109);
#108 = CARTESIAN_POINT('',(-1.057471665614,-1.95844485874,1.779910281188
    ));
#109 = VECTOR('',#110,1.);
#110 = DIRECTION('',(0.137844537492,0.137844537492,0.980814848464));
#111 = PCURVE('',#50,#112);
#112 = DEFINITIONAL_REPRESENTATION('',(#113),#117);
#113 = LINE('',#114,#115);
#114 = CARTESIAN_POINT('',(-1.95844485874,-0.27256284405));
#115 = VECTOR('',#116,1.);
#116 = DIRECTION('',(0.137844537492,-0.990453877515));
#117 = ( GEOMETRIC_REPRESENTATION_CONTEXT(2) 
PARAMETRIC_REPRESENTATION_CONTEXT() REPRESENTATION_CONTEXT('2D SPACE',''
  ) );
#118 = PCURVE('',#119,#124);
#119 = CYLINDRICAL_SURFACE('',#120,0.1);
#120 = AXIS2_PLACEMENT_3D('',#121,#122,#123);
#121 = CARTESIAN_POINT('',(-0.95844485874,-1.95844485874,1.765992971092)
  );
#122 = DIRECTION('',(0.137844537492,0.137844537492,0.980814848464));
#123 = DIRECTION('',(-0.990268068742,-8.566064524373E-15,0.13917310096)
  );
#124 = DEFINITIONAL_REPRESENTATION('',(#125),#129);
#125 = LINE('',#126,#127);
#126 = CARTESIAN_POINT('',(0.,2.22044604925E-16));
#127 = VECTOR('',#128,1.);
#128 = DIRECTION('',(0.,1.));
#129 = ( GEOMETRIC_REPRESENTATION_CONTEXT(2) 
PARAMETRIC_REPRESENTATION_CONTEXT() REPRESENTATION_CONTEXT('2D SPACE',''
  ) );
#130 = ORIENTED_EDGE('',*,*,#131,.T.);
#131 = EDGE_CURVE('',#104,#132,#134,.T.);
#132 = VERTEX_POINT('',#133);
#133 = CARTESIAN_POINT('',(-1.10750321492,2.008476408046,1.423917310096)
  );
#134 = SURFACE_CURVE('',#135,(#139,#146),.PCURVE_S1.);
#135 = LINE('',#136,#137);
#136 = CARTESIAN_POINT('',(-1.10750321492,-7.893754600757E-15,
    1.423917310096));
#137 = VECTOR('',#138,1.);
#138 = DIRECTION('',(-7.127522967351E-15,1.,-3.168558571183E-33));
#139 = PCURVE('',#50,#140);
#140 = DEFINITIONAL_REPRESENTATION('',(#141),#145);
#141 = LINE('',#142,#143);
#142 = CARTESIAN_POINT('',(2.534495173154E-30,8.692867378162E-02));
#143 = VECTOR('',#144,1.);
#144 = DIRECTION('',(1.,3.975073999657E-31));
#145 = ( GEOMETRIC_REPRESENTATION_CONTEXT(2) 
PARAMETRIC_REPRESENTATION_CONTEXT() REPRESENTATION_CONTEXT('2D SPACE',''
  ) );
#146 = PCURVE('',#147,#152);
#147 = CYLINDRICAL_SURFACE('',#148,0.1);
#148 = AXIS2_PLACEMENT_3D('',#149,#150,#151);
#149 = CARTESIAN_POINT('',(-1.008476408046,-7.187938760378E-15,1.41));
#150 = DIRECTION('',(7.127522967351E-15,-1.,0.));
#151 = DIRECTION('',(1.,7.127522967351E-15,0.));
#152 = DEFINITIONAL_REPRESENTATION('',(#153),#157);
#153 = LINE('',#154,#155);
#154 = CARTESIAN_POINT('',(3.00196631343,0.));
#155 = VECTOR('',#156,1.);
#156 = DIRECTION('',(0.,-1.));
#157 = ( GEOMETRIC_REPRESENTATION_CONTEXT(2) 
PARAMETRIC_REPRESENTATION_CONTEXT() REPRESENTATION_CONTEXT('2D SPACE',''
  ) );
#158 = ORIENTED_EDGE('',*,*,#159,.T.);
#159 = EDGE_CURVE('',#132,#160,#162,.T.);
#160 = VERTEX_POINT('',#161);
#161 = CARTESIAN_POINT('',(-1.249995309899,2.150968503025,0.410033371799
    ));
#162 = SURFACE_CURVE('',#163,(#167,#174),.PCURVE_S1.);
#163 = LINE('',#164,#165);
#164 = CARTESIAN_POINT('',(-1.057471665614,1.95844485874,1.779910281188)
  );
#165 = VECTOR('',#166,1.);
#166 = DIRECTION('',(-0.137844537492,0.137844537492,-0.980814848464));
#167 = PCURVE('',#50,#168);
#168 = DEFINITIONAL_REPRESENTATION('',(#169),#173);
#169 = LINE('',#170,#171);
#170 = CARTESIAN_POINT('',(1.95844485874,-0.27256284405));
#171 = VECTOR('',#172,1.);
#172 = DIRECTION('',(0.137844537492,0.990453877515));
#173 = ( GEOMETRIC_REPRESENTATION_CONTEXT(2) 
PARAMETRIC_REPRESENTATION_CONTEXT() REPRESENTATION_CONTEXT('2D SPACE',''
  ) );
#174 = PCURVE('',#175,#180);
#175 = CYLINDRICAL_SURFACE('',#176,1.E-01);
#176 = AXIS2_PLACEMENT_3D('',#177,#178,#179);
#177 = CARTESIAN_POINT('',(-0.977445975257,1.977445975257,1.630793001941
    ));
#178 = DIRECTION('',(0.137844537492,-0.137844537492,0.980814848464));
#179 = DIRECTION('',(-0.990268068742,-8.704842402452E-15,0.13917310096)
  );
#180 = DEFINITIONAL_REPRESENTATION('',(#181),#185);
#181 = LINE('',#182,#183);
#182 = CARTESIAN_POINT('',(6.28318530718,0.137844537492));
#183 = VECTOR('',#184,1.);
#184 = DIRECTION('',(0.,-1.));
#185 = ( GEOMETRIC_REPRESENTATION_CONTEXT(2) 
PARAMETRIC_REPRESENTATION_CONTEXT() REPRESENTATION_CONTEXT('2D SPACE',''
  ) );
#186 = ORIENTED_EDGE('',*,*,#187,.T.);
#187 = EDGE_CURVE('',#160,#42,#188,.T.);
#188 = SURFACE_CURVE('',#189,(#194,#202),.PCURVE_S1.);
#189 = ( BOUNDED_CURVE() B_SPLINE_CURVE(3,(#190,#191,#192,#193),
.UNSPECIFIED.,.F.,.F.) B_SPLINE_CURVE_WITH_KNOTS((4,4),(6.273500125511,
6.28318530718),.PIECEWISE_BEZIER_KNOTS.) CURVE() 
GEOMETRIC_REPRESENTATION_ITEM() RATIONAL_B_SPLINE_CURVE((1.,
0.99999218312,0.99999218312,1.)) REPRESENTATION_ITEM('') );
#190 = CARTESIAN_POINT('',(-1.249995309899,2.150968503025,0.410033371799
    ));
#191 = CARTESIAN_POINT('',(-1.249998436621,2.150645677516,0.41001112402)
  );
#192 = CARTESIAN_POINT('',(-1.25,2.150322840651,0.41));
#193 = CARTESIAN_POINT('',(-1.25,2.15,0.41));
#194 = PCURVE('',#50,#195);
#195 = DEFINITIONAL_REPRESENTATION('',(#196),#201);
#196 = ( BOUNDED_CURVE() B_SPLINE_CURVE(3,(#197,#198,#199,#200),
.UNSPECIFIED.,.F.,.F.) B_SPLINE_CURVE_WITH_KNOTS((4,4),(6.273500125511,
6.28318530718),.PIECEWISE_BEZIER_KNOTS.) CURVE() 
GEOMETRIC_REPRESENTATION_ITEM() RATIONAL_B_SPLINE_CURVE((1.,
0.99999218312,0.99999218312,1.)) REPRESENTATION_ITEM('') );
#197 = CARTESIAN_POINT('',(2.150968503025,1.110776630007));
#198 = CARTESIAN_POINT('',(2.150645677516,1.110799096428));
#199 = CARTESIAN_POINT('',(2.150322840651,1.110810329771));
#200 = CARTESIAN_POINT('',(2.15,1.110810329771));
#201 = ( GEOMETRIC_REPRESENTATION_CONTEXT(2) 
PARAMETRIC_REPRESENTATION_CONTEXT() REPRESENTATION_CONTEXT('2D SPACE',''
  ) );
#202 = PCURVE('',#203,#208);
#203 = CYLINDRICAL_SURFACE('',#204,0.1);
#204 = AXIS2_PLACEMENT_3D('',#205,#206,#207);
#205 = CARTESIAN_POINT('',(-1.15,2.15,1.51));
#206 = DIRECTION('',(0.,-0.,-1.));
#207 = DIRECTION('',(1.,8.673617379884E-15,0.));
#208 = DEFINITIONAL_REPRESENTATION('',(#209),#212);
#209 = B_SPLINE_CURVE_WITH_KNOTS('',1,(#210,#211),.UNSPECIFIED.,.F.,.F.,
  (2,2),(6.273500125511,6.28318530718),.PIECEWISE_BEZIER_KNOTS.);
#210 = CARTESIAN_POINT('',(3.151277835258,1.099966628201));
#211 = CARTESIAN_POINT('',(3.14159265359,1.1));
#212 = ( GEOMETRIC_REPRESENTATION_CONTEXT(2) 
PARAMETRIC_REPRESENTATION_CONTEXT() REPRESENTATION_CONTEXT('2D SPACE',''
  ) );
#213 = ADVANCED_FACE('',(#214),#228,.F.);
#214 = FACE_BOUND('',#215,.T.);
#215 = EDGE_LOOP('',(#216,#251,#279,#307,#335,#363,#391,#419,#447,#475,
    #503,#531,#559,#587,#615,#643));
#216 = ORIENTED_EDGE('',*,*,#217,.F.);
#217 = EDGE_CURVE('',#218,#220,#222,.T.);
#218 = VERTEX_POINT('',#219);
#219 = CARTESIAN_POINT('',(1.25,1.7,0.11));
#220 = VERTEX_POINT('',#221);
#221 = CARTESIAN_POINT('',(1.25,1.7,0.4));
#222 = SURFACE_CURVE('',#223,(#227,#239),.PCURVE_S1.);
#223 = LINE('',#224,#225);
#224 = CARTESIAN_POINT('',(1.25,1.7,1.51));
#225 = VECTOR('',#226,1.);
#226 = DIRECTION('',(0.,0.,1.));
#227 = PCURVE('',#228,#233);
#228 = PLANE('',#229);
#229 = AXIS2_PLACEMENT_3D('',#230,#231,#232);
#230 = CARTESIAN_POINT('',(1.25,-2.25,1.51));
#231 = DIRECTION('',(-1.,-7.127522967351E-15,0.));
#232 = DIRECTION('',(7.127522967351E-15,-1.,0.));
#233 = DEFINITIONAL_REPRESENTATION('',(#234),#238);
#234 = LINE('',#235,#236);
#235 = CARTESIAN_POINT('',(-3.95,0.));
#236 = VECTOR('',#237,1.);
#237 = DIRECTION('',(0.,1.));
#238 = ( GEOMETRIC_REPRESENTATION_CONTEXT(2) 
PARAMETRIC_REPRESENTATION_CONTEXT() REPRESENTATION_CONTEXT('2D SPACE',''
  ) );
#239 = PCURVE('',#240,#245);
#240 = PLANE('',#241);
#241 = AXIS2_PLACEMENT_3D('',#242,#243,#244);
#242 = CARTESIAN_POINT('',(2.215,1.7,0.4));
#243 = DIRECTION('',(6.982962677686E-15,-1.,0.));
#244 = DIRECTION('',(0.,0.,1.));
#245 = DEFINITIONAL_REPRESENTATION('',(#246),#250);
#246 = LINE('',#247,#248);
#247 = CARTESIAN_POINT('',(1.11,0.965));
#248 = VECTOR('',#249,1.);
#249 = DIRECTION('',(1.,0.));
#250 = ( GEOMETRIC_REPRESENTATION_CONTEXT(2) 
PARAMETRIC_REPRESENTATION_CONTEXT() REPRESENTATION_CONTEXT('2D SPACE',''
  ) );
#251 = ORIENTED_EDGE('',*,*,#252,.T.);
#252 = EDGE_CURVE('',#218,#253,#255,.T.);
#253 = VERTEX_POINT('',#254);
#254 = CARTESIAN_POINT('',(1.25,2.15,0.11));
#255 = SURFACE_CURVE('',#256,(#260,#267),.PCURVE_S1.);
#256 = LINE('',#257,#258);
#257 = CARTESIAN_POINT('',(1.25,-2.25,0.11));
#258 = VECTOR('',#259,1.);
#259 = DIRECTION('',(-7.127522967351E-15,1.,0.));
#260 = PCURVE('',#228,#261);
#261 = DEFINITIONAL_REPRESENTATION('',(#262),#266);
#262 = LINE('',#263,#264);
#263 = CARTESIAN_POINT('',(0.,-1.4));
#264 = VECTOR('',#265,1.);
#265 = DIRECTION('',(-1.,0.));
#266 = ( GEOMETRIC_REPRESENTATION_CONTEXT(2) 
PARAMETRIC_REPRESENTATION_CONTEXT() REPRESENTATION_CONTEXT('2D SPACE',''
  ) );
#267 = PCURVE('',#268,#273);
#268 = CYLINDRICAL_SURFACE('',#269,0.1);
#269 = AXIS2_PLACEMENT_3D('',#270,#271,#272);
#270 = CARTESIAN_POINT('',(1.15,-2.25,0.11));
#271 = DIRECTION('',(-7.127522967351E-15,1.,0.));
#272 = DIRECTION('',(-1.,-7.127522967351E-15,0.));
#273 = DEFINITIONAL_REPRESENTATION('',(#274),#278);
#274 = LINE('',#275,#276);
#275 = CARTESIAN_POINT('',(3.14159265359,-4.440892098501E-16));
#276 = VECTOR('',#277,1.);
#277 = DIRECTION('',(0.,1.));
#278 = ( GEOMETRIC_REPRESENTATION_CONTEXT(2) 
PARAMETRIC_REPRESENTATION_CONTEXT() REPRESENTATION_CONTEXT('2D SPACE',''
  ) );
#279 = ORIENTED_EDGE('',*,*,#280,.T.);
#280 = EDGE_CURVE('',#253,#281,#283,.T.);
#281 = VERTEX_POINT('',#282);
#282 = CARTESIAN_POINT('',(1.25,2.15,0.41));
#283 = SURFACE_CURVE('',#284,(#288,#295),.PCURVE_S1.);
#284 = LINE('',#285,#286);
#285 = CARTESIAN_POINT('',(1.25,2.15,1.51));
#286 = VECTOR('',#287,1.);
#287 = DIRECTION('',(-0.,-0.,1.));
#288 = PCURVE('',#228,#289);
#289 = DEFINITIONAL_REPRESENTATION('',(#290),#294);
#290 = LINE('',#291,#292);
#291 = CARTESIAN_POINT('',(-4.4,0.));
#292 = VECTOR('',#293,1.);
#293 = DIRECTION('',(0.,1.));
#294 = ( GEOMETRIC_REPRESENTATION_CONTEXT(2) 
PARAMETRIC_REPRESENTATION_CONTEXT() REPRESENTATION_CONTEXT('2D SPACE',''
  ) );
#295 = PCURVE('',#296,#301);
#296 = CYLINDRICAL_SURFACE('',#297,0.1);
#297 = AXIS2_PLACEMENT_3D('',#298,#299,#300);
#298 = CARTESIAN_POINT('',(1.15,2.15,1.51));
#299 = DIRECTION('',(0.,0.,-1.));
#300 = DIRECTION('',(1.,8.673617379884E-15,0.));
#301 = DEFINITIONAL_REPRESENTATION('',(#302),#306);
#302 = LINE('',#303,#304);
#303 = CARTESIAN_POINT('',(6.28318530718,0.));
#304 = VECTOR('',#305,1.);
#305 = DIRECTION('',(0.,-1.));
#306 = ( GEOMETRIC_REPRESENTATION_CONTEXT(2) 
PARAMETRIC_REPRESENTATION_CONTEXT() REPRESENTATION_CONTEXT('2D SPACE',''
  ) );
#307 = ORIENTED_EDGE('',*,*,#308,.T.);
#308 = EDGE_CURVE('',#281,#309,#311,.T.);
#309 = VERTEX_POINT('',#310);
#310 = CARTESIAN_POINT('',(1.25,-2.15,0.41));
#311 = SURFACE_CURVE('',#312,(#316,#323),.PCURVE_S1.);
#312 = LINE('',#313,#314);
#313 = CARTESIAN_POINT('',(1.25,-2.25,0.41));
#314 = VECTOR('',#315,1.);
#315 = DIRECTION('',(7.127522967351E-15,-1.,0.));
#316 = PCURVE('',#228,#317);
#317 = DEFINITIONAL_REPRESENTATION('',(#318),#322);
#318 = LINE('',#319,#320);
#319 = CARTESIAN_POINT('',(0.,-1.1));
#320 = VECTOR('',#321,1.);
#321 = DIRECTION('',(1.,0.));
#322 = ( GEOMETRIC_REPRESENTATION_CONTEXT(2) 
PARAMETRIC_REPRESENTATION_CONTEXT() REPRESENTATION_CONTEXT('2D SPACE',''
  ) );
#323 = PCURVE('',#324,#329);
#324 = PLANE('',#325);
#325 = AXIS2_PLACEMENT_3D('',#326,#327,#328);
#326 = CARTESIAN_POINT('',(1.095405081827,7.807524879278E-15,1.51));
#327 = DIRECTION('',(0.990268068742,7.05815840379E-15,0.13917310096));
#328 = DIRECTION('',(7.127522967351E-15,-1.,3.944304526105E-31));
#329 = DEFINITIONAL_REPRESENTATION('',(#330),#334);
#330 = LINE('',#331,#332);
#331 = CARTESIAN_POINT('',(2.25,1.110810329771));
#332 = VECTOR('',#333,1.);
#333 = DIRECTION('',(1.,3.944304526105E-31));
#334 = ( GEOMETRIC_REPRESENTATION_CONTEXT(2) 
PARAMETRIC_REPRESENTATION_CONTEXT() REPRESENTATION_CONTEXT('2D SPACE',''
  ) );
#335 = ORIENTED_EDGE('',*,*,#336,.T.);
#336 = EDGE_CURVE('',#309,#337,#339,.T.);
#337 = VERTEX_POINT('',#338);
#338 = CARTESIAN_POINT('',(1.25,-2.15,0.11));
#339 = SURFACE_CURVE('',#340,(#344,#351),.PCURVE_S1.);
#340 = LINE('',#341,#342);
#341 = CARTESIAN_POINT('',(1.25,-2.15,1.51));
#342 = VECTOR('',#343,1.);
#343 = DIRECTION('',(0.,-0.,-1.));
#344 = PCURVE('',#228,#345);
#345 = DEFINITIONAL_REPRESENTATION('',(#346),#350);
#346 = LINE('',#347,#348);
#347 = CARTESIAN_POINT('',(-1.E-01,0.));
#348 = VECTOR('',#349,1.);
#349 = DIRECTION('',(0.,-1.));
#350 = ( GEOMETRIC_REPRESENTATION_CONTEXT(2) 
PARAMETRIC_REPRESENTATION_CONTEXT() REPRESENTATION_CONTEXT('2D SPACE',''
  ) );
#351 = PCURVE('',#352,#357);
#352 = CYLINDRICAL_SURFACE('',#353,0.1);
#353 = AXIS2_PLACEMENT_3D('',#354,#355,#356);
#354 = CARTESIAN_POINT('',(1.15,-2.15,1.51));
#355 = DIRECTION('',(0.,-0.,-1.));
#356 = DIRECTION('',(1.,8.673617379884E-15,0.));
#357 = DEFINITIONAL_REPRESENTATION('',(#358),#362);
#358 = LINE('',#359,#360);
#359 = CARTESIAN_POINT('',(0.,0.));
#360 = VECTOR('',#361,1.);
#361 = DIRECTION('',(0.,1.));
#362 = ( GEOMETRIC_REPRESENTATION_CONTEXT(2) 
PARAMETRIC_REPRESENTATION_CONTEXT() REPRESENTATION_CONTEXT('2D SPACE',''
  ) );
#363 = ORIENTED_EDGE('',*,*,#364,.T.);
#364 = EDGE_CURVE('',#337,#365,#367,.T.);
#365 = VERTEX_POINT('',#366);
#366 = CARTESIAN_POINT('',(1.25,-1.7,0.11));
#367 = SURFACE_CURVE('',#368,(#372,#379),.PCURVE_S1.);
#368 = LINE('',#369,#370);
#369 = CARTESIAN_POINT('',(1.25,-2.25,0.11));
#370 = VECTOR('',#371,1.);
#371 = DIRECTION('',(-7.127522967351E-15,1.,0.));
#372 = PCURVE('',#228,#373);
#373 = DEFINITIONAL_REPRESENTATION('',(#374),#378);
#374 = LINE('',#375,#376);
#375 = CARTESIAN_POINT('',(0.,-1.4));
#376 = VECTOR('',#377,1.);
#377 = DIRECTION('',(-1.,0.));
#378 = ( GEOMETRIC_REPRESENTATION_CONTEXT(2) 
PARAMETRIC_REPRESENTATION_CONTEXT() REPRESENTATION_CONTEXT('2D SPACE',''
  ) );
#379 = PCURVE('',#380,#385);
#380 = CYLINDRICAL_SURFACE('',#381,0.1);
#381 = AXIS2_PLACEMENT_3D('',#382,#383,#384);
#382 = CARTESIAN_POINT('',(1.15,-2.25,0.11));
#383 = DIRECTION('',(-7.127522967351E-15,1.,0.));
#384 = DIRECTION('',(-1.,-7.127522967351E-15,0.));
#385 = DEFINITIONAL_REPRESENTATION('',(#386),#390);
#386 = LINE('',#387,#388);
#387 = CARTESIAN_POINT('',(3.14159265359,-4.440892098501E-16));
#388 = VECTOR('',#389,1.);
#389 = DIRECTION('',(0.,1.));
#390 = ( GEOMETRIC_REPRESENTATION_CONTEXT(2) 
PARAMETRIC_REPRESENTATION_CONTEXT() REPRESENTATION_CONTEXT('2D SPACE',''
  ) );
#391 = ORIENTED_EDGE('',*,*,#392,.F.);
#392 = EDGE_CURVE('',#393,#365,#395,.T.);
#393 = VERTEX_POINT('',#394);
#394 = CARTESIAN_POINT('',(1.25,-1.7,0.4));
#395 = SURFACE_CURVE('',#396,(#400,#407),.PCURVE_S1.);
#396 = LINE('',#397,#398);
#397 = CARTESIAN_POINT('',(1.25,-1.7,1.51));
#398 = VECTOR('',#399,1.);
#399 = DIRECTION('',(0.,-0.,-1.));
#400 = PCURVE('',#228,#401);
#401 = DEFINITIONAL_REPRESENTATION('',(#402),#406);
#402 = LINE('',#403,#404);
#403 = CARTESIAN_POINT('',(-0.55,0.));
#404 = VECTOR('',#405,1.);
#405 = DIRECTION('',(0.,-1.));
#406 = ( GEOMETRIC_REPRESENTATION_CONTEXT(2) 
PARAMETRIC_REPRESENTATION_CONTEXT() REPRESENTATION_CONTEXT('2D SPACE',''
  ) );
#407 = PCURVE('',#408,#413);
#408 = PLANE('',#409);
#409 = AXIS2_PLACEMENT_3D('',#410,#411,#412);
#410 = CARTESIAN_POINT('',(2.215,-1.7,0.4));
#411 = DIRECTION('',(-6.649362009229E-15,1.,0.));
#412 = DIRECTION('',(-1.,-6.649362009229E-15,0.));
#413 = DEFINITIONAL_REPRESENTATION('',(#414),#418);
#414 = LINE('',#415,#416);
#415 = CARTESIAN_POINT('',(0.965,1.11));
#416 = VECTOR('',#417,1.);
#417 = DIRECTION('',(-0.,-1.));
#418 = ( GEOMETRIC_REPRESENTATION_CONTEXT(2) 
PARAMETRIC_REPRESENTATION_CONTEXT() REPRESENTATION_CONTEXT('2D SPACE',''
  ) );
#419 = ORIENTED_EDGE('',*,*,#420,.T.);
#420 = EDGE_CURVE('',#393,#421,#423,.T.);
#421 = VERTEX_POINT('',#422);
#422 = CARTESIAN_POINT('',(1.25,-1.3,0.4));
#423 = SURFACE_CURVE('',#424,(#428,#435),.PCURVE_S1.);
#424 = LINE('',#425,#426);
#425 = CARTESIAN_POINT('',(1.25,-2.25,0.4));
#426 = VECTOR('',#427,1.);
#427 = DIRECTION('',(-7.127522967351E-15,1.,0.));
#428 = PCURVE('',#228,#429);
#429 = DEFINITIONAL_REPRESENTATION('',(#430),#434);
#430 = LINE('',#431,#432);
#431 = CARTESIAN_POINT('',(0.,-1.11));
#432 = VECTOR('',#433,1.);
#433 = DIRECTION('',(-1.,0.));
#434 = ( GEOMETRIC_REPRESENTATION_CONTEXT(2) 
PARAMETRIC_REPRESENTATION_CONTEXT() REPRESENTATION_CONTEXT('2D SPACE',''
  ) );
#435 = PCURVE('',#436,#441);
#436 = PLANE('',#437);
#437 = AXIS2_PLACEMENT_3D('',#438,#439,#440);
#438 = CARTESIAN_POINT('',(0.,0.,0.4));
#439 = DIRECTION('',(0.,0.,1.));
#440 = DIRECTION('',(-1.,-6.982962677686E-15,0.));
#441 = DEFINITIONAL_REPRESENTATION('',(#442),#446);
#442 = LINE('',#443,#444);
#443 = CARTESIAN_POINT('',(-1.25,2.25));
#444 = VECTOR('',#445,1.);
#445 = DIRECTION('',(1.445602896647E-16,-1.));
#446 = ( GEOMETRIC_REPRESENTATION_CONTEXT(2) 
PARAMETRIC_REPRESENTATION_CONTEXT() REPRESENTATION_CONTEXT('2D SPACE',''
  ) );
#447 = ORIENTED_EDGE('',*,*,#448,.F.);
#448 = EDGE_CURVE('',#449,#421,#451,.T.);
#449 = VERTEX_POINT('',#450);
#450 = CARTESIAN_POINT('',(1.25,-1.3,0.11));
#451 = SURFACE_CURVE('',#452,(#456,#463),.PCURVE_S1.);
#452 = LINE('',#453,#454);
#453 = CARTESIAN_POINT('',(1.25,-1.3,1.51));
#454 = VECTOR('',#455,1.);
#455 = DIRECTION('',(0.,0.,1.));
#456 = PCURVE('',#228,#457);
#457 = DEFINITIONAL_REPRESENTATION('',(#458),#462);
#458 = LINE('',#459,#460);
#459 = CARTESIAN_POINT('',(-0.95,0.));
#460 = VECTOR('',#461,1.);
#461 = DIRECTION('',(0.,1.));
#462 = ( GEOMETRIC_REPRESENTATION_CONTEXT(2) 
PARAMETRIC_REPRESENTATION_CONTEXT() REPRESENTATION_CONTEXT('2D SPACE',''
  ) );
#463 = PCURVE('',#464,#469);
#464 = PLANE('',#465);
#465 = AXIS2_PLACEMENT_3D('',#466,#467,#468);
#466 = CARTESIAN_POINT('',(2.215,-1.3,0.4));
#467 = DIRECTION('',(7.983764683058E-15,-1.,0.));
#468 = DIRECTION('',(1.,7.983764683058E-15,0.));
#469 = DEFINITIONAL_REPRESENTATION('',(#470),#474);
#470 = LINE('',#471,#472);
#471 = CARTESIAN_POINT('',(-0.965,1.11));
#472 = VECTOR('',#473,1.);
#473 = DIRECTION('',(0.,1.));
#474 = ( GEOMETRIC_REPRESENTATION_CONTEXT(2) 
PARAMETRIC_REPRESENTATION_CONTEXT() REPRESENTATION_CONTEXT('2D SPACE',''
  ) );
#475 = ORIENTED_EDGE('',*,*,#476,.T.);
#476 = EDGE_CURVE('',#449,#477,#479,.T.);
#477 = VERTEX_POINT('',#478);
#478 = CARTESIAN_POINT('',(1.25,-0.2,0.11));
#479 = SURFACE_CURVE('',#480,(#484,#491),.PCURVE_S1.);
#480 = LINE('',#481,#482);
#481 = CARTESIAN_POINT('',(1.25,-2.25,0.11));
#482 = VECTOR('',#483,1.);
#483 = DIRECTION('',(-7.127522967351E-15,1.,0.));
#484 = PCURVE('',#228,#485);
#485 = DEFINITIONAL_REPRESENTATION('',(#486),#490);
#486 = LINE('',#487,#488);
#487 = CARTESIAN_POINT('',(0.,-1.4));
#488 = VECTOR('',#489,1.);
#489 = DIRECTION('',(-1.,0.));
#490 = ( GEOMETRIC_REPRESENTATION_CONTEXT(2) 
PARAMETRIC_REPRESENTATION_CONTEXT() REPRESENTATION_CONTEXT('2D SPACE',''
  ) );
#491 = PCURVE('',#492,#497);
#492 = CYLINDRICAL_SURFACE('',#493,0.1);
#493 = AXIS2_PLACEMENT_3D('',#494,#495,#496);
#494 = CARTESIAN_POINT('',(1.15,-2.25,0.11));
#495 = DIRECTION('',(-7.127522967351E-15,1.,0.));
#496 = DIRECTION('',(-1.,-7.127522967351E-15,0.));
#497 = DEFINITIONAL_REPRESENTATION('',(#498),#502);
#498 = LINE('',#499,#500);
#499 = CARTESIAN_POINT('',(3.14159265359,-4.440892098501E-16));
#500 = VECTOR('',#501,1.);
#501 = DIRECTION('',(0.,1.));
#502 = ( GEOMETRIC_REPRESENTATION_CONTEXT(2) 
PARAMETRIC_REPRESENTATION_CONTEXT() REPRESENTATION_CONTEXT('2D SPACE',''
  ) );
#503 = ORIENTED_EDGE('',*,*,#504,.F.);
#504 = EDGE_CURVE('',#505,#477,#507,.T.);
#505 = VERTEX_POINT('',#506);
#506 = CARTESIAN_POINT('',(1.25,-0.2,0.4));
#507 = SURFACE_CURVE('',#508,(#512,#519),.PCURVE_S1.);
#508 = LINE('',#509,#510);
#509 = CARTESIAN_POINT('',(1.25,-0.2,1.51));
#510 = VECTOR('',#511,1.);
#511 = DIRECTION('',(0.,-0.,-1.));
#512 = PCURVE('',#228,#513);
#513 = DEFINITIONAL_REPRESENTATION('',(#514),#518);
#514 = LINE('',#515,#516);
#515 = CARTESIAN_POINT('',(-2.05,0.));
#516 = VECTOR('',#517,1.);
#517 = DIRECTION('',(0.,-1.));
#518 = ( GEOMETRIC_REPRESENTATION_CONTEXT(2) 
PARAMETRIC_REPRESENTATION_CONTEXT() REPRESENTATION_CONTEXT('2D SPACE',''
  ) );
#519 = PCURVE('',#520,#525);
#520 = PLANE('',#521);
#521 = AXIS2_PLACEMENT_3D('',#522,#523,#524);
#522 = CARTESIAN_POINT('',(0.915,-0.2,0.4));
#523 = DIRECTION('',(-7.483363680372E-15,1.,0.));
#524 = DIRECTION('',(-1.,-7.483363680372E-15,0.));
#525 = DEFINITIONAL_REPRESENTATION('',(#526),#530);
#526 = LINE('',#527,#528);
#527 = CARTESIAN_POINT('',(-0.335,1.11));
#528 = VECTOR('',#529,1.);
#529 = DIRECTION('',(-0.,-1.));
#530 = ( GEOMETRIC_REPRESENTATION_CONTEXT(2) 
PARAMETRIC_REPRESENTATION_CONTEXT() REPRESENTATION_CONTEXT('2D SPACE',''
  ) );
#531 = ORIENTED_EDGE('',*,*,#532,.T.);
#532 = EDGE_CURVE('',#505,#533,#535,.T.);
#533 = VERTEX_POINT('',#534);
#534 = CARTESIAN_POINT('',(1.25,0.2,0.4));
#535 = SURFACE_CURVE('',#536,(#540,#547),.PCURVE_S1.);
#536 = LINE('',#537,#538);
#537 = CARTESIAN_POINT('',(1.25,-2.25,0.4));
#538 = VECTOR('',#539,1.);
#539 = DIRECTION('',(-7.127522967351E-15,1.,0.));
#540 = PCURVE('',#228,#541);
#541 = DEFINITIONAL_REPRESENTATION('',(#542),#546);
#542 = LINE('',#543,#544);
#543 = CARTESIAN_POINT('',(0.,-1.11));
#544 = VECTOR('',#545,1.);
#545 = DIRECTION('',(-1.,0.));
#546 = ( GEOMETRIC_REPRESENTATION_CONTEXT(2) 
PARAMETRIC_REPRESENTATION_CONTEXT() REPRESENTATION_CONTEXT('2D SPACE',''
  ) );
#547 = PCURVE('',#548,#553);
#548 = PLANE('',#549);
#549 = AXIS2_PLACEMENT_3D('',#550,#551,#552);
#550 = CARTESIAN_POINT('',(0.,0.,0.4));
#551 = DIRECTION('',(0.,0.,1.));
#552 = DIRECTION('',(-1.,-6.982962677686E-15,0.));
#553 = DEFINITIONAL_REPRESENTATION('',(#554),#558);
#554 = LINE('',#555,#556);
#555 = CARTESIAN_POINT('',(-1.25,2.25));
#556 = VECTOR('',#557,1.);
#557 = DIRECTION('',(1.445602896647E-16,-1.));
#558 = ( GEOMETRIC_REPRESENTATION_CONTEXT(2) 
PARAMETRIC_REPRESENTATION_CONTEXT() REPRESENTATION_CONTEXT('2D SPACE',''
  ) );
#559 = ORIENTED_EDGE('',*,*,#560,.F.);
#560 = EDGE_CURVE('',#561,#533,#563,.T.);
#561 = VERTEX_POINT('',#562);
#562 = CARTESIAN_POINT('',(1.25,0.2,0.11));
#563 = SURFACE_CURVE('',#564,(#568,#575),.PCURVE_S1.);
#564 = LINE('',#565,#566);
#565 = CARTESIAN_POINT('',(1.25,0.2,1.51));
#566 = VECTOR('',#567,1.);
#567 = DIRECTION('',(0.,0.,1.));
#568 = PCURVE('',#228,#569);
#569 = DEFINITIONAL_REPRESENTATION('',(#570),#574);
#570 = LINE('',#571,#572);
#571 = CARTESIAN_POINT('',(-2.45,0.));
#572 = VECTOR('',#573,1.);
#573 = DIRECTION('',(0.,1.));
#574 = ( GEOMETRIC_REPRESENTATION_CONTEXT(2) 
PARAMETRIC_REPRESENTATION_CONTEXT() REPRESENTATION_CONTEXT('2D SPACE',''
  ) );
#575 = PCURVE('',#576,#581);
#576 = PLANE('',#577);
#577 = AXIS2_PLACEMENT_3D('',#578,#579,#580);
#578 = CARTESIAN_POINT('',(0.915,0.2,0.4));
#579 = DIRECTION('',(7.108062928358E-15,-1.,0.));
#580 = DIRECTION('',(1.,7.108062928358E-15,0.));
#581 = DEFINITIONAL_REPRESENTATION('',(#582),#586);
#582 = LINE('',#583,#584);
#583 = CARTESIAN_POINT('',(0.335,1.11));
#584 = VECTOR('',#585,1.);
#585 = DIRECTION('',(0.,1.));
#586 = ( GEOMETRIC_REPRESENTATION_CONTEXT(2) 
PARAMETRIC_REPRESENTATION_CONTEXT() REPRESENTATION_CONTEXT('2D SPACE',''
  ) );
#587 = ORIENTED_EDGE('',*,*,#588,.T.);
#588 = EDGE_CURVE('',#561,#589,#591,.T.);
#589 = VERTEX_POINT('',#590);
#590 = CARTESIAN_POINT('',(1.25,1.3,0.11));
#591 = SURFACE_CURVE('',#592,(#596,#603),.PCURVE_S1.);
#592 = LINE('',#593,#594);
#593 = CARTESIAN_POINT('',(1.25,-2.25,0.11));
#594 = VECTOR('',#595,1.);
#595 = DIRECTION('',(-7.127522967351E-15,1.,0.));
#596 = PCURVE('',#228,#597);
#597 = DEFINITIONAL_REPRESENTATION('',(#598),#602);
#598 = LINE('',#599,#600);
#599 = CARTESIAN_POINT('',(0.,-1.4));
#600 = VECTOR('',#601,1.);
#601 = DIRECTION('',(-1.,0.));
#602 = ( GEOMETRIC_REPRESENTATION_CONTEXT(2) 
PARAMETRIC_REPRESENTATION_CONTEXT() REPRESENTATION_CONTEXT('2D SPACE',''
  ) );
#603 = PCURVE('',#604,#609);
#604 = CYLINDRICAL_SURFACE('',#605,0.1);
#605 = AXIS2_PLACEMENT_3D('',#606,#607,#608);
#606 = CARTESIAN_POINT('',(1.15,-2.25,0.11));
#607 = DIRECTION('',(-7.127522967351E-15,1.,0.));
#608 = DIRECTION('',(-1.,-7.127522967351E-15,0.));
#609 = DEFINITIONAL_REPRESENTATION('',(#610),#614);
#610 = LINE('',#611,#612);
#611 = CARTESIAN_POINT('',(3.14159265359,-4.440892098501E-16));
#612 = VECTOR('',#613,1.);
#613 = DIRECTION('',(0.,1.));
#614 = ( GEOMETRIC_REPRESENTATION_CONTEXT(2) 
PARAMETRIC_REPRESENTATION_CONTEXT() REPRESENTATION_CONTEXT('2D SPACE',''
  ) );
#615 = ORIENTED_EDGE('',*,*,#616,.F.);
#616 = EDGE_CURVE('',#617,#589,#619,.T.);
#617 = VERTEX_POINT('',#618);
#618 = CARTESIAN_POINT('',(1.25,1.3,0.4));
#619 = SURFACE_CURVE('',#620,(#624,#631),.PCURVE_S1.);
#620 = LINE('',#621,#622);
#621 = CARTESIAN_POINT('',(1.25,1.3,1.51));
#622 = VECTOR('',#623,1.);
#623 = DIRECTION('',(0.,-0.,-1.));
#624 = PCURVE('',#228,#625);
#625 = DEFINITIONAL_REPRESENTATION('',(#626),#630);
#626 = LINE('',#627,#628);
#627 = CARTESIAN_POINT('',(-3.55,0.));
#628 = VECTOR('',#629,1.);
#629 = DIRECTION('',(0.,-1.));
#630 = ( GEOMETRIC_REPRESENTATION_CONTEXT(2) 
PARAMETRIC_REPRESENTATION_CONTEXT() REPRESENTATION_CONTEXT('2D SPACE',''
  ) );
#631 = PCURVE('',#632,#637);
#632 = PLANE('',#633);
#633 = AXIS2_PLACEMENT_3D('',#634,#635,#636);
#634 = CARTESIAN_POINT('',(2.215,1.3,0.4));
#635 = DIRECTION('',(-7.6501640146E-15,1.,0.));
#636 = DIRECTION('',(-1.,-7.6501640146E-15,0.));
#637 = DEFINITIONAL_REPRESENTATION('',(#638),#642);
#638 = LINE('',#639,#640);
#639 = CARTESIAN_POINT('',(0.965,1.11));
#640 = VECTOR('',#641,1.);
#641 = DIRECTION('',(-0.,-1.));
#642 = ( GEOMETRIC_REPRESENTATION_CONTEXT(2) 
PARAMETRIC_REPRESENTATION_CONTEXT() REPRESENTATION_CONTEXT('2D SPACE',''
  ) );
#643 = ORIENTED_EDGE('',*,*,#644,.T.);
#644 = EDGE_CURVE('',#617,#220,#645,.T.);
#645 = SURFACE_CURVE('',#646,(#650,#657),.PCURVE_S1.);
#646 = LINE('',#647,#648);
#647 = CARTESIAN_POINT('',(1.25,-2.25,0.4));
#648 = VECTOR('',#649,1.);
#649 = DIRECTION('',(-7.127522967351E-15,1.,0.));
#650 = PCURVE('',#228,#651);
#651 = DEFINITIONAL_REPRESENTATION('',(#652),#656);
#652 = LINE('',#653,#654);
#653 = CARTESIAN_POINT('',(0.,-1.11));
#654 = VECTOR('',#655,1.);
#655 = DIRECTION('',(-1.,0.));
#656 = ( GEOMETRIC_REPRESENTATION_CONTEXT(2) 
PARAMETRIC_REPRESENTATION_CONTEXT() REPRESENTATION_CONTEXT('2D SPACE',''
  ) );
#657 = PCURVE('',#658,#663);
#658 = PLANE('',#659);
#659 = AXIS2_PLACEMENT_3D('',#660,#661,#662);
#660 = CARTESIAN_POINT('',(0.,0.,0.4));
#661 = DIRECTION('',(0.,0.,1.));
#662 = DIRECTION('',(-1.,-6.982962677686E-15,0.));
#663 = DEFINITIONAL_REPRESENTATION('',(#664),#668);
#664 = LINE('',#665,#666);
#665 = CARTESIAN_POINT('',(-1.25,2.25));
#666 = VECTOR('',#667,1.);
#667 = DIRECTION('',(1.445602896647E-16,-1.));
#668 = ( GEOMETRIC_REPRESENTATION_CONTEXT(2) 
PARAMETRIC_REPRESENTATION_CONTEXT() REPRESENTATION_CONTEXT('2D SPACE',''
  ) );
#669 = ADVANCED_FACE('',(#670),#684,.F.);
#670 = FACE_BOUND('',#671,.T.);
#671 = EDGE_LOOP('',(#672,#702,#730,#753,#776,#799,#827,#855,#883,#911)
  );
#672 = ORIENTED_EDGE('',*,*,#673,.F.);
#673 = EDGE_CURVE('',#674,#676,#678,.T.);
#674 = VERTEX_POINT('',#675);
#675 = CARTESIAN_POINT('',(0.915,1.7,1.E-02));
#676 = VERTEX_POINT('',#677);
#677 = CARTESIAN_POINT('',(1.15,1.7,1.E-02));
#678 = SURFACE_CURVE('',#679,(#683,#695),.PCURVE_S1.);
#679 = LINE('',#680,#681);
#680 = CARTESIAN_POINT('',(-1.187103655207E-14,1.7,1.E-02));
#681 = VECTOR('',#682,1.);
#682 = DIRECTION('',(1.,6.982962677686E-15,0.));
#683 = PCURVE('',#684,#689);
#684 = PLANE('',#685);
#685 = AXIS2_PLACEMENT_3D('',#686,#687,#688);
#686 = CARTESIAN_POINT('',(0.,0.,1.E-02));
#687 = DIRECTION('',(0.,0.,1.));
#688 = DIRECTION('',(-1.,-6.982962677686E-15,0.));
#689 = DEFINITIONAL_REPRESENTATION('',(#690),#694);
#690 = LINE('',#691,#692);
#691 = CARTESIAN_POINT('',(-1.577721810442E-30,-1.7));
#692 = VECTOR('',#693,1.);
#693 = DIRECTION('',(-1.,0.));
#694 = ( GEOMETRIC_REPRESENTATION_CONTEXT(2) 
PARAMETRIC_REPRESENTATION_CONTEXT() REPRESENTATION_CONTEXT('2D SPACE',''
  ) );
#695 = PCURVE('',#240,#696);
#696 = DEFINITIONAL_REPRESENTATION('',(#697),#701);
#697 = LINE('',#698,#699);
#698 = CARTESIAN_POINT('',(-0.39,2.215));
#699 = VECTOR('',#700,1.);
#700 = DIRECTION('',(0.,-1.));
#701 = ( GEOMETRIC_REPRESENTATION_CONTEXT(2) 
PARAMETRIC_REPRESENTATION_CONTEXT() REPRESENTATION_CONTEXT('2D SPACE',''
  ) );
#702 = ORIENTED_EDGE('',*,*,#703,.F.);
#703 = EDGE_CURVE('',#704,#674,#706,.T.);
#704 = VERTEX_POINT('',#705);
#705 = CARTESIAN_POINT('',(0.915,1.3,1.E-02));
#706 = SURFACE_CURVE('',#707,(#711,#718),.PCURVE_S1.);
#707 = LINE('',#708,#709);
#708 = CARTESIAN_POINT('',(0.915,6.637422097039E-15,1.E-02));
#709 = VECTOR('',#710,1.);
#710 = DIRECTION('',(-7.254013220808E-15,1.,0.));
#711 = PCURVE('',#684,#712);
#712 = DEFINITIONAL_REPRESENTATION('',(#713),#717);
#713 = LINE('',#714,#715);
#714 = CARTESIAN_POINT('',(-0.915,-2.480112469561E-16));
#715 = VECTOR('',#716,1.);
#716 = DIRECTION('',(2.710505431214E-16,-1.));
#717 = ( GEOMETRIC_REPRESENTATION_CONTEXT(2) 
PARAMETRIC_REPRESENTATION_CONTEXT() REPRESENTATION_CONTEXT('2D SPACE',''
  ) );
#718 = PCURVE('',#719,#724);
#719 = PLANE('',#720);
#720 = AXIS2_PLACEMENT_3D('',#721,#722,#723);
#721 = CARTESIAN_POINT('',(0.915,1.3,0.4));
#722 = DIRECTION('',(1.,7.254013220808E-15,0.));
#723 = DIRECTION('',(-7.254013220808E-15,1.,0.));
#724 = DEFINITIONAL_REPRESENTATION('',(#725),#729);
#725 = LINE('',#726,#727);
#726 = CARTESIAN_POINT('',(-1.3,-0.39));
#727 = VECTOR('',#728,1.);
#728 = DIRECTION('',(1.,0.));
#729 = ( GEOMETRIC_REPRESENTATION_CONTEXT(2) 
PARAMETRIC_REPRESENTATION_CONTEXT() REPRESENTATION_CONTEXT('2D SPACE',''
  ) );
#730 = ORIENTED_EDGE('',*,*,#731,.F.);
#731 = EDGE_CURVE('',#732,#704,#734,.T.);
#732 = VERTEX_POINT('',#733);
#733 = CARTESIAN_POINT('',(1.15,1.3,1.E-02));
#734 = SURFACE_CURVE('',#735,(#739,#746),.PCURVE_S1.);
#735 = LINE('',#736,#737);
#736 = CARTESIAN_POINT('',(-9.945213218981E-15,1.3,1.E-02));
#737 = VECTOR('',#738,1.);
#738 = DIRECTION('',(-1.,-7.6501640146E-15,0.));
#739 = PCURVE('',#684,#740);
#740 = DEFINITIONAL_REPRESENTATION('',(#741),#745);
#741 = LINE('',#742,#743);
#742 = CARTESIAN_POINT('',(8.673617379884E-16,-1.3));
#743 = VECTOR('',#744,1.);
#744 = DIRECTION('',(1.,6.672013369142E-16));
#745 = ( GEOMETRIC_REPRESENTATION_CONTEXT(2) 
PARAMETRIC_REPRESENTATION_CONTEXT() REPRESENTATION_CONTEXT('2D SPACE',''
  ) );
#746 = PCURVE('',#632,#747);
#747 = DEFINITIONAL_REPRESENTATION('',(#748),#752);
#748 = LINE('',#749,#750);
#749 = CARTESIAN_POINT('',(2.215,-0.39));
#750 = VECTOR('',#751,1.);
#751 = DIRECTION('',(1.,0.));
#752 = ( GEOMETRIC_REPRESENTATION_CONTEXT(2) 
PARAMETRIC_REPRESENTATION_CONTEXT() REPRESENTATION_CONTEXT('2D SPACE',''
  ) );
#753 = ORIENTED_EDGE('',*,*,#754,.T.);
#754 = EDGE_CURVE('',#732,#755,#757,.T.);
#755 = VERTEX_POINT('',#756);
#756 = CARTESIAN_POINT('',(1.15,0.2,1.E-02));
#757 = SURFACE_CURVE('',#758,(#762,#769),.PCURVE_S1.);
#758 = LINE('',#759,#760);
#759 = CARTESIAN_POINT('',(1.15,8.196651412454E-15,1.E-02));
#760 = VECTOR('',#761,1.);
#761 = DIRECTION('',(7.127522967351E-15,-1.,-0.));
#762 = PCURVE('',#684,#763);
#763 = DEFINITIONAL_REPRESENTATION('',(#764),#768);
#764 = LINE('',#765,#766);
#765 = CARTESIAN_POINT('',(-1.15,-1.662443331144E-16));
#766 = VECTOR('',#767,1.);
#767 = DIRECTION('',(-1.445602896647E-16,1.));
#768 = ( GEOMETRIC_REPRESENTATION_CONTEXT(2) 
PARAMETRIC_REPRESENTATION_CONTEXT() REPRESENTATION_CONTEXT('2D SPACE',''
  ) );
#769 = PCURVE('',#604,#770);
#770 = DEFINITIONAL_REPRESENTATION('',(#771),#775);
#771 = LINE('',#772,#773);
#772 = CARTESIAN_POINT('',(4.712388980385,2.25));
#773 = VECTOR('',#774,1.);
#774 = DIRECTION('',(0.,-1.));
#775 = ( GEOMETRIC_REPRESENTATION_CONTEXT(2) 
PARAMETRIC_REPRESENTATION_CONTEXT() REPRESENTATION_CONTEXT('2D SPACE',''
  ) );
#776 = ORIENTED_EDGE('',*,*,#777,.F.);
#777 = EDGE_CURVE('',#778,#755,#780,.T.);
#778 = VERTEX_POINT('',#779);
#779 = CARTESIAN_POINT('',(0.915,0.2,1.E-02));
#780 = SURFACE_CURVE('',#781,(#785,#792),.PCURVE_S1.);
#781 = LINE('',#782,#783);
#782 = CARTESIAN_POINT('',(-1.421612585672E-15,0.2,1.E-02));
#783 = VECTOR('',#784,1.);
#784 = DIRECTION('',(1.,7.108062928358E-15,0.));
#785 = PCURVE('',#684,#786);
#786 = DEFINITIONAL_REPRESENTATION('',(#787),#791);
#787 = LINE('',#788,#789);
#788 = CARTESIAN_POINT('',(2.502005013428E-17,-0.2));
#789 = VECTOR('',#790,1.);
#790 = DIRECTION('',(-1.,-1.251002506714E-16));
#791 = ( GEOMETRIC_REPRESENTATION_CONTEXT(2) 
PARAMETRIC_REPRESENTATION_CONTEXT() REPRESENTATION_CONTEXT('2D SPACE',''
  ) );
#792 = PCURVE('',#576,#793);
#793 = DEFINITIONAL_REPRESENTATION('',(#794),#798);
#794 = LINE('',#795,#796);
#795 = CARTESIAN_POINT('',(-0.915,-0.39));
#796 = VECTOR('',#797,1.);
#797 = DIRECTION('',(1.,0.));
#798 = ( GEOMETRIC_REPRESENTATION_CONTEXT(2) 
PARAMETRIC_REPRESENTATION_CONTEXT() REPRESENTATION_CONTEXT('2D SPACE',''
  ) );
#799 = ORIENTED_EDGE('',*,*,#800,.F.);
#800 = EDGE_CURVE('',#801,#778,#803,.T.);
#801 = VERTEX_POINT('',#802);
#802 = CARTESIAN_POINT('',(0.398136648396,0.865,1.E-02));
#803 = SURFACE_CURVE('',#804,(#808,#815),.PCURVE_S1.);
#804 = LINE('',#805,#806);
#805 = CARTESIAN_POINT('',(0.667320133117,0.518666647512,1.E-02));
#806 = VECTOR('',#807,1.);
#807 = DIRECTION('',(0.613675092361,-0.789558662175,0.));
#808 = PCURVE('',#684,#809);
#809 = DEFINITIONAL_REPRESENTATION('',(#810),#814);
#810 = LINE('',#811,#812);
#811 = CARTESIAN_POINT('',(-0.667320133117,-0.518666647512));
#812 = VECTOR('',#813,1.);
#813 = DIRECTION('',(-0.613675092361,0.789558662175));
#814 = ( GEOMETRIC_REPRESENTATION_CONTEXT(2) 
PARAMETRIC_REPRESENTATION_CONTEXT() REPRESENTATION_CONTEXT('2D SPACE',''
  ) );
#815 = PCURVE('',#816,#821);
#816 = PLANE('',#817);
#817 = AXIS2_PLACEMENT_3D('',#818,#819,#820);
#818 = CARTESIAN_POINT('',(0.915,0.2,0.4));
#819 = DIRECTION('',(-0.789558662175,-0.613675092361,0.));
#820 = DIRECTION('',(0.613675092361,-0.789558662175,0.));
#821 = DEFINITIONAL_REPRESENTATION('',(#822),#826);
#822 = LINE('',#823,#824);
#823 = CARTESIAN_POINT('',(-0.403600977075,-0.39));
#824 = VECTOR('',#825,1.);
#825 = DIRECTION('',(1.,0.));
#826 = ( GEOMETRIC_REPRESENTATION_CONTEXT(2) 
PARAMETRIC_REPRESENTATION_CONTEXT() REPRESENTATION_CONTEXT('2D SPACE',''
  ) );
#827 = ORIENTED_EDGE('',*,*,#828,.F.);
#828 = EDGE_CURVE('',#829,#801,#831,.T.);
#829 = VERTEX_POINT('',#830);
#830 = CARTESIAN_POINT('',(-1.15,0.865,1.E-02));
#831 = SURFACE_CURVE('',#832,(#836,#843),.PCURVE_S1.);
#832 = LINE('',#833,#834);
#833 = CARTESIAN_POINT('',(-6.040262716199E-15,0.865,1.E-02));
#834 = VECTOR('',#835,1.);
#835 = DIRECTION('',(1.,6.982962677686E-15,0.));
#836 = PCURVE('',#684,#837);
#837 = DEFINITIONAL_REPRESENTATION('',(#838),#842);
#838 = LINE('',#839,#840);
#839 = CARTESIAN_POINT('',(0.,-0.865));
#840 = VECTOR('',#841,1.);
#841 = DIRECTION('',(-1.,0.));
#842 = ( GEOMETRIC_REPRESENTATION_CONTEXT(2) 
PARAMETRIC_REPRESENTATION_CONTEXT() REPRESENTATION_CONTEXT('2D SPACE',''
  ) );
#843 = PCURVE('',#844,#849);
#844 = PLANE('',#845);
#845 = AXIS2_PLACEMENT_3D('',#846,#847,#848);
#846 = CARTESIAN_POINT('',(0.398136648396,0.865,0.4));
#847 = DIRECTION('',(6.982962677686E-15,-1.,0.));
#848 = DIRECTION('',(0.,0.,1.));
#849 = DEFINITIONAL_REPRESENTATION('',(#850),#854);
#850 = LINE('',#851,#852);
#851 = CARTESIAN_POINT('',(-0.39,0.398136648396));
#852 = VECTOR('',#853,1.);
#853 = DIRECTION('',(0.,-1.));
#854 = ( GEOMETRIC_REPRESENTATION_CONTEXT(2) 
PARAMETRIC_REPRESENTATION_CONTEXT() REPRESENTATION_CONTEXT('2D SPACE',''
  ) );
#855 = ORIENTED_EDGE('',*,*,#856,.T.);
#856 = EDGE_CURVE('',#829,#857,#859,.T.);
#857 = VERTEX_POINT('',#858);
#858 = CARTESIAN_POINT('',(-1.15,2.15,1.E-02));
#859 = SURFACE_CURVE('',#860,(#864,#871),.PCURVE_S1.);
#860 = LINE('',#861,#862);
#861 = CARTESIAN_POINT('',(-1.15,-8.196651412454E-15,1.E-02));
#862 = VECTOR('',#863,1.);
#863 = DIRECTION('',(-7.127522967351E-15,1.,-0.));
#864 = PCURVE('',#684,#865);
#865 = DEFINITIONAL_REPRESENTATION('',(#866),#870);
#866 = LINE('',#867,#868);
#867 = CARTESIAN_POINT('',(1.15,1.662443331144E-16));
#868 = VECTOR('',#869,1.);
#869 = DIRECTION('',(1.445602896647E-16,-1.));
#870 = ( GEOMETRIC_REPRESENTATION_CONTEXT(2) 
PARAMETRIC_REPRESENTATION_CONTEXT() REPRESENTATION_CONTEXT('2D SPACE',''
  ) );
#871 = PCURVE('',#872,#877);
#872 = CYLINDRICAL_SURFACE('',#873,0.1);
#873 = AXIS2_PLACEMENT_3D('',#874,#875,#876);
#874 = CARTESIAN_POINT('',(-1.15,-2.25,0.11));
#875 = DIRECTION('',(7.127522967351E-15,-1.,0.));
#876 = DIRECTION('',(1.,7.127522967351E-15,0.));
#877 = DEFINITIONAL_REPRESENTATION('',(#878),#882);
#878 = LINE('',#879,#880);
#879 = CARTESIAN_POINT('',(4.712388980385,-2.25));
#880 = VECTOR('',#881,1.);
#881 = DIRECTION('',(0.,-1.));
#882 = ( GEOMETRIC_REPRESENTATION_CONTEXT(2) 
PARAMETRIC_REPRESENTATION_CONTEXT() REPRESENTATION_CONTEXT('2D SPACE',''
  ) );
#883 = ORIENTED_EDGE('',*,*,#884,.T.);
#884 = EDGE_CURVE('',#857,#885,#887,.T.);
#885 = VERTEX_POINT('',#886);
#886 = CARTESIAN_POINT('',(1.15,2.15,1.E-02));
#887 = SURFACE_CURVE('',#888,(#892,#899),.PCURVE_S1.);
#888 = LINE('',#889,#890);
#889 = CARTESIAN_POINT('',(-1.501336975703E-14,2.15,1.E-02));
#890 = VECTOR('',#891,1.);
#891 = DIRECTION('',(1.,6.982962677686E-15,-0.));
#892 = PCURVE('',#684,#893);
#893 = DEFINITIONAL_REPRESENTATION('',(#894),#898);
#894 = LINE('',#895,#896);
#895 = CARTESIAN_POINT('',(0.,-2.15));
#896 = VECTOR('',#897,1.);
#897 = DIRECTION('',(-1.,0.));
#898 = ( GEOMETRIC_REPRESENTATION_CONTEXT(2) 
PARAMETRIC_REPRESENTATION_CONTEXT() REPRESENTATION_CONTEXT('2D SPACE',''
  ) );
#899 = PCURVE('',#900,#905);
#900 = CYLINDRICAL_SURFACE('',#901,0.1);
#901 = AXIS2_PLACEMENT_3D('',#902,#903,#904);
#902 = CARTESIAN_POINT('',(1.25,2.15,0.11));
#903 = DIRECTION('',(-1.,-6.982962677686E-15,0.));
#904 = DIRECTION('',(-0.,0.,-1.));
#905 = DEFINITIONAL_REPRESENTATION('',(#906),#910);
#906 = LINE('',#907,#908);
#907 = CARTESIAN_POINT('',(6.28318530718,1.25));
#908 = VECTOR('',#909,1.);
#909 = DIRECTION('',(0.,-1.));
#910 = ( GEOMETRIC_REPRESENTATION_CONTEXT(2) 
PARAMETRIC_REPRESENTATION_CONTEXT() REPRESENTATION_CONTEXT('2D SPACE',''
  ) );
#911 = ORIENTED_EDGE('',*,*,#912,.T.);
#912 = EDGE_CURVE('',#885,#676,#913,.T.);
#913 = SURFACE_CURVE('',#914,(#918,#925),.PCURVE_S1.);
#914 = LINE('',#915,#916);
#915 = CARTESIAN_POINT('',(1.15,8.196651412454E-15,1.E-02));
#916 = VECTOR('',#917,1.);
#917 = DIRECTION('',(7.127522967351E-15,-1.,-0.));
#918 = PCURVE('',#684,#919);
#919 = DEFINITIONAL_REPRESENTATION('',(#920),#924);
#920 = LINE('',#921,#922);
#921 = CARTESIAN_POINT('',(-1.15,-1.662443331144E-16));
#922 = VECTOR('',#923,1.);
#923 = DIRECTION('',(-1.445602896647E-16,1.));
#924 = ( GEOMETRIC_REPRESENTATION_CONTEXT(2) 
PARAMETRIC_REPRESENTATION_CONTEXT() REPRESENTATION_CONTEXT('2D SPACE',''
  ) );
#925 = PCURVE('',#268,#926);
#926 = DEFINITIONAL_REPRESENTATION('',(#927),#931);
#927 = LINE('',#928,#929);
#928 = CARTESIAN_POINT('',(4.712388980385,2.25));
#929 = VECTOR('',#930,1.);
#930 = DIRECTION('',(0.,-1.));
#931 = ( GEOMETRIC_REPRESENTATION_CONTEXT(2) 
PARAMETRIC_REPRESENTATION_CONTEXT() REPRESENTATION_CONTEXT('2D SPACE',''
  ) );
#932 = ADVANCED_FACE('',(#933),#268,.T.);
#933 = FACE_BOUND('',#934,.T.);
#934 = EDGE_LOOP('',(#935,#936,#962,#963));
#935 = ORIENTED_EDGE('',*,*,#252,.F.);
#936 = ORIENTED_EDGE('',*,*,#937,.T.);
#937 = EDGE_CURVE('',#218,#676,#938,.T.);
#938 = SURFACE_CURVE('',#939,(#944,#951),.PCURVE_S1.);
#939 = CIRCLE('',#940,1.E-01);
#940 = AXIS2_PLACEMENT_3D('',#941,#942,#943);
#941 = CARTESIAN_POINT('',(1.15,1.7,0.11));
#942 = DIRECTION('',(-6.982962677686E-15,1.,0.));
#943 = DIRECTION('',(0.,0.,1.));
#944 = PCURVE('',#268,#945);
#945 = DEFINITIONAL_REPRESENTATION('',(#946),#950);
#946 = LINE('',#947,#948);
#947 = CARTESIAN_POINT('',(1.570796326795,3.95));
#948 = VECTOR('',#949,1.);
#949 = DIRECTION('',(1.,0.));
#950 = ( GEOMETRIC_REPRESENTATION_CONTEXT(2) 
PARAMETRIC_REPRESENTATION_CONTEXT() REPRESENTATION_CONTEXT('2D SPACE',''
  ) );
#951 = PCURVE('',#240,#952);
#952 = DEFINITIONAL_REPRESENTATION('',(#953),#961);
#953 = ( BOUNDED_CURVE() B_SPLINE_CURVE(2,(#954,#955,#956,#957,#958,#959
,#960),.UNSPECIFIED.,.T.,.F.) B_SPLINE_CURVE_WITH_KNOTS((1,2,2,2,2,1),(
    -2.094395102393,0.,2.094395102393,4.188790204786,6.28318530718,
8.377580409573),.UNSPECIFIED.) CURVE() GEOMETRIC_REPRESENTATION_ITEM() 
RATIONAL_B_SPLINE_CURVE((1.,0.5,1.,0.5,1.,0.5,1.)) REPRESENTATION_ITEM(
  '') );
#954 = CARTESIAN_POINT('',(-0.19,1.065));
#955 = CARTESIAN_POINT('',(-0.19,0.891794919243));
#956 = CARTESIAN_POINT('',(-0.34,0.978397459622));
#957 = CARTESIAN_POINT('',(-0.49,1.065));
#958 = CARTESIAN_POINT('',(-0.34,1.151602540378));
#959 = CARTESIAN_POINT('',(-0.19,1.238205080757));
#960 = CARTESIAN_POINT('',(-0.19,1.065));
#961 = ( GEOMETRIC_REPRESENTATION_CONTEXT(2) 
PARAMETRIC_REPRESENTATION_CONTEXT() REPRESENTATION_CONTEXT('2D SPACE',''
  ) );
#962 = ORIENTED_EDGE('',*,*,#912,.F.);
#963 = ORIENTED_EDGE('',*,*,#964,.T.);
#964 = EDGE_CURVE('',#885,#253,#965,.T.);
#965 = SURFACE_CURVE('',#966,(#971,#978),.PCURVE_S1.);
#966 = CIRCLE('',#967,0.1);
#967 = AXIS2_PLACEMENT_3D('',#968,#969,#970);
#968 = CARTESIAN_POINT('',(1.15,2.15,0.11));
#969 = DIRECTION('',(6.982962677686E-15,-1.,0.));
#970 = DIRECTION('',(0.,0.,-1.));
#971 = PCURVE('',#268,#972);
#972 = DEFINITIONAL_REPRESENTATION('',(#973),#977);
#973 = LINE('',#974,#975);
#974 = CARTESIAN_POINT('',(4.712388980385,4.4));
#975 = VECTOR('',#976,1.);
#976 = DIRECTION('',(-1.,0.));
#977 = ( GEOMETRIC_REPRESENTATION_CONTEXT(2) 
PARAMETRIC_REPRESENTATION_CONTEXT() REPRESENTATION_CONTEXT('2D SPACE',''
  ) );
#978 = PCURVE('',#979,#984);
#979 = SPHERICAL_SURFACE('',#980,0.1);
#980 = AXIS2_PLACEMENT_3D('',#981,#982,#983);
#981 = CARTESIAN_POINT('',(1.15,2.15,0.11));
#982 = DIRECTION('',(8.673617379884E-15,-1.,0.));
#983 = DIRECTION('',(-1.,-8.673617379884E-15,0.));
#984 = DEFINITIONAL_REPRESENTATION('',(#985),#989);
#985 = LINE('',#986,#987);
#986 = CARTESIAN_POINT('',(1.570796326795,0.));
#987 = VECTOR('',#988,1.);
#988 = DIRECTION('',(1.,0.));
#989 = ( GEOMETRIC_REPRESENTATION_CONTEXT(2) 
PARAMETRIC_REPRESENTATION_CONTEXT() REPRESENTATION_CONTEXT('2D SPACE',''
  ) );
#990 = ADVANCED_FACE('',(#991),#604,.T.);
#991 = FACE_BOUND('',#992,.T.);
#992 = EDGE_LOOP('',(#993,#994,#1020,#1021));
#993 = ORIENTED_EDGE('',*,*,#754,.F.);
#994 = ORIENTED_EDGE('',*,*,#995,.T.);
#995 = EDGE_CURVE('',#732,#589,#996,.T.);
#996 = SURFACE_CURVE('',#997,(#1002,#1009),.PCURVE_S1.);
#997 = CIRCLE('',#998,0.1);
#998 = AXIS2_PLACEMENT_3D('',#999,#1000,#1001);
#999 = CARTESIAN_POINT('',(1.15,1.3,0.11));
#1000 = DIRECTION('',(7.6501640146E-15,-1.,-0.));
#1001 = DIRECTION('',(-1.,-7.6501640146E-15,0.));
#1002 = PCURVE('',#604,#1003);
#1003 = DEFINITIONAL_REPRESENTATION('',(#1004),#1008);
#1004 = LINE('',#1005,#1006);
#1005 = CARTESIAN_POINT('',(6.28318530718,3.55));
#1006 = VECTOR('',#1007,1.);
#1007 = DIRECTION('',(-1.,0.));
#1008 = ( GEOMETRIC_REPRESENTATION_CONTEXT(2) 
PARAMETRIC_REPRESENTATION_CONTEXT() REPRESENTATION_CONTEXT('2D SPACE',''
  ) );
#1009 = PCURVE('',#632,#1010);
#1010 = DEFINITIONAL_REPRESENTATION('',(#1011),#1019);
#1011 = ( BOUNDED_CURVE() B_SPLINE_CURVE(2,(#1012,#1013,#1014,#1015,
#1016,#1017,#1018),.UNSPECIFIED.,.T.,.F.) B_SPLINE_CURVE_WITH_KNOTS((1,2
    ,2,2,2,1),(-2.094395102393,0.,2.094395102393,4.188790204786,
6.28318530718,8.377580409573),.UNSPECIFIED.) CURVE() 
GEOMETRIC_REPRESENTATION_ITEM() RATIONAL_B_SPLINE_CURVE((1.,0.5,1.,0.5,
1.,0.5,1.)) REPRESENTATION_ITEM('') );
#1012 = CARTESIAN_POINT('',(1.165,-0.29));
#1013 = CARTESIAN_POINT('',(1.165,-0.463205080757));
#1014 = CARTESIAN_POINT('',(1.015,-0.376602540378));
#1015 = CARTESIAN_POINT('',(0.865,-0.29));
#1016 = CARTESIAN_POINT('',(1.015,-0.203397459622));
#1017 = CARTESIAN_POINT('',(1.165,-0.116794919243));
#1018 = CARTESIAN_POINT('',(1.165,-0.29));
#1019 = ( GEOMETRIC_REPRESENTATION_CONTEXT(2) 
PARAMETRIC_REPRESENTATION_CONTEXT() REPRESENTATION_CONTEXT('2D SPACE',''
  ) );
#1020 = ORIENTED_EDGE('',*,*,#588,.F.);
#1021 = ORIENTED_EDGE('',*,*,#1022,.T.);
#1022 = EDGE_CURVE('',#561,#755,#1023,.T.);
#1023 = SURFACE_CURVE('',#1024,(#1029,#1036),.PCURVE_S1.);
#1024 = CIRCLE('',#1025,0.1);
#1025 = AXIS2_PLACEMENT_3D('',#1026,#1027,#1028);
#1026 = CARTESIAN_POINT('',(1.15,0.2,0.11));
#1027 = DIRECTION('',(-7.108062928358E-15,1.,0.));
#1028 = DIRECTION('',(1.,7.108062928358E-15,0.));
#1029 = PCURVE('',#604,#1030);
#1030 = DEFINITIONAL_REPRESENTATION('',(#1031),#1035);
#1031 = LINE('',#1032,#1033);
#1032 = CARTESIAN_POINT('',(3.14159265359,2.45));
#1033 = VECTOR('',#1034,1.);
#1034 = DIRECTION('',(1.,0.));
#1035 = ( GEOMETRIC_REPRESENTATION_CONTEXT(2) 
PARAMETRIC_REPRESENTATION_CONTEXT() REPRESENTATION_CONTEXT('2D SPACE',''
  ) );
#1036 = PCURVE('',#576,#1037);
#1037 = DEFINITIONAL_REPRESENTATION('',(#1038),#1046);
#1038 = ( BOUNDED_CURVE() B_SPLINE_CURVE(2,(#1039,#1040,#1041,#1042,
#1043,#1044,#1045),.UNSPECIFIED.,.T.,.F.) B_SPLINE_CURVE_WITH_KNOTS((1,2
    ,2,2,2,1),(-2.094395102393,0.,2.094395102393,4.188790204786,
6.28318530718,8.377580409573),.UNSPECIFIED.) CURVE() 
GEOMETRIC_REPRESENTATION_ITEM() RATIONAL_B_SPLINE_CURVE((1.,0.5,1.,0.5,
1.,0.5,1.)) REPRESENTATION_ITEM('') );
#1039 = CARTESIAN_POINT('',(0.335,-0.29));
#1040 = CARTESIAN_POINT('',(0.335,-0.463205080757));
#1041 = CARTESIAN_POINT('',(0.185,-0.376602540378));
#1042 = CARTESIAN_POINT('',(3.5E-02,-0.29));
#1043 = CARTESIAN_POINT('',(0.185,-0.203397459622));
#1044 = CARTESIAN_POINT('',(0.335,-0.116794919243));
#1045 = CARTESIAN_POINT('',(0.335,-0.29));
#1046 = ( GEOMETRIC_REPRESENTATION_CONTEXT(2) 
PARAMETRIC_REPRESENTATION_CONTEXT() REPRESENTATION_CONTEXT('2D SPACE',''
  ) );
#1047 = ADVANCED_FACE('',(#1048),#1062,.F.);
#1048 = FACE_BOUND('',#1049,.T.);
#1049 = EDGE_LOOP('',(#1050,#1080,#1103,#1126,#1154,#1177,#1200,#1228,
    #1256,#1284));
#1050 = ORIENTED_EDGE('',*,*,#1051,.F.);
#1051 = EDGE_CURVE('',#1052,#1054,#1056,.T.);
#1052 = VERTEX_POINT('',#1053);
#1053 = CARTESIAN_POINT('',(1.15,-0.2,1.E-02));
#1054 = VERTEX_POINT('',#1055);
#1055 = CARTESIAN_POINT('',(0.915,-0.2,1.E-02));
#1056 = SURFACE_CURVE('',#1057,(#1061,#1073),.PCURVE_S1.);
#1057 = LINE('',#1058,#1059);
#1058 = CARTESIAN_POINT('',(1.496672736074E-15,-0.2,1.E-02));
#1059 = VECTOR('',#1060,1.);
#1060 = DIRECTION('',(-1.,-7.483363680372E-15,0.));
#1061 = PCURVE('',#1062,#1067);
#1062 = PLANE('',#1063);
#1063 = AXIS2_PLACEMENT_3D('',#1064,#1065,#1066);
#1064 = CARTESIAN_POINT('',(0.,0.,1.E-02));
#1065 = DIRECTION('',(0.,0.,1.));
#1066 = DIRECTION('',(-1.,-6.982962677686E-15,0.));
#1067 = DEFINITIONAL_REPRESENTATION('',(#1068),#1072);
#1068 = LINE('',#1069,#1070);
#1069 = CARTESIAN_POINT('',(-1.000802005371E-16,0.2));
#1070 = VECTOR('',#1071,1.);
#1071 = DIRECTION('',(1.,5.004010026856E-16));
#1072 = ( GEOMETRIC_REPRESENTATION_CONTEXT(2) 
PARAMETRIC_REPRESENTATION_CONTEXT() REPRESENTATION_CONTEXT('2D SPACE',''
  ) );
#1073 = PCURVE('',#520,#1074);
#1074 = DEFINITIONAL_REPRESENTATION('',(#1075),#1079);
#1075 = LINE('',#1076,#1077);
#1076 = CARTESIAN_POINT('',(0.915,-0.39));
#1077 = VECTOR('',#1078,1.);
#1078 = DIRECTION('',(1.,0.));
#1079 = ( GEOMETRIC_REPRESENTATION_CONTEXT(2) 
PARAMETRIC_REPRESENTATION_CONTEXT() REPRESENTATION_CONTEXT('2D SPACE',''
  ) );
#1080 = ORIENTED_EDGE('',*,*,#1081,.T.);
#1081 = EDGE_CURVE('',#1052,#1082,#1084,.T.);
#1082 = VERTEX_POINT('',#1083);
#1083 = CARTESIAN_POINT('',(1.15,-1.3,1.E-02));
#1084 = SURFACE_CURVE('',#1085,(#1089,#1096),.PCURVE_S1.);
#1085 = LINE('',#1086,#1087);
#1086 = CARTESIAN_POINT('',(1.15,8.196651412454E-15,1.E-02));
#1087 = VECTOR('',#1088,1.);
#1088 = DIRECTION('',(7.127522967351E-15,-1.,-0.));
#1089 = PCURVE('',#1062,#1090);
#1090 = DEFINITIONAL_REPRESENTATION('',(#1091),#1095);
#1091 = LINE('',#1092,#1093);
#1092 = CARTESIAN_POINT('',(-1.15,-1.662443331144E-16));
#1093 = VECTOR('',#1094,1.);
#1094 = DIRECTION('',(-1.445602896647E-16,1.));
#1095 = ( GEOMETRIC_REPRESENTATION_CONTEXT(2) 
PARAMETRIC_REPRESENTATION_CONTEXT() REPRESENTATION_CONTEXT('2D SPACE',''
  ) );
#1096 = PCURVE('',#492,#1097);
#1097 = DEFINITIONAL_REPRESENTATION('',(#1098),#1102);
#1098 = LINE('',#1099,#1100);
#1099 = CARTESIAN_POINT('',(4.712388980385,2.25));
#1100 = VECTOR('',#1101,1.);
#1101 = DIRECTION('',(0.,-1.));
#1102 = ( GEOMETRIC_REPRESENTATION_CONTEXT(2) 
PARAMETRIC_REPRESENTATION_CONTEXT() REPRESENTATION_CONTEXT('2D SPACE',''
  ) );
#1103 = ORIENTED_EDGE('',*,*,#1104,.F.);
#1104 = EDGE_CURVE('',#1105,#1082,#1107,.T.);
#1105 = VERTEX_POINT('',#1106);
#1106 = CARTESIAN_POINT('',(0.915,-1.3,1.E-02));
#1107 = SURFACE_CURVE('',#1108,(#1112,#1119),.PCURVE_S1.);
#1108 = LINE('',#1109,#1110);
#1109 = CARTESIAN_POINT('',(1.037889408797E-14,-1.3,1.E-02));
#1110 = VECTOR('',#1111,1.);
#1111 = DIRECTION('',(1.,7.983764683058E-15,0.));
#1112 = PCURVE('',#1062,#1113);
#1113 = DEFINITIONAL_REPRESENTATION('',(#1114),#1118);
#1114 = LINE('',#1115,#1116);
#1115 = CARTESIAN_POINT('',(-1.301042606983E-15,1.3));
#1116 = VECTOR('',#1117,1.);
#1117 = DIRECTION('',(-1.,-1.000802005371E-15));
#1118 = ( GEOMETRIC_REPRESENTATION_CONTEXT(2) 
PARAMETRIC_REPRESENTATION_CONTEXT() REPRESENTATION_CONTEXT('2D SPACE',''
  ) );
#1119 = PCURVE('',#464,#1120);
#1120 = DEFINITIONAL_REPRESENTATION('',(#1121),#1125);
#1121 = LINE('',#1122,#1123);
#1122 = CARTESIAN_POINT('',(-2.215,-0.39));
#1123 = VECTOR('',#1124,1.);
#1124 = DIRECTION('',(1.,0.));
#1125 = ( GEOMETRIC_REPRESENTATION_CONTEXT(2) 
PARAMETRIC_REPRESENTATION_CONTEXT() REPRESENTATION_CONTEXT('2D SPACE',''
  ) );
#1126 = ORIENTED_EDGE('',*,*,#1127,.F.);
#1127 = EDGE_CURVE('',#1128,#1105,#1130,.T.);
#1128 = VERTEX_POINT('',#1129);
#1129 = CARTESIAN_POINT('',(0.915,-1.7,1.E-02));
#1130 = SURFACE_CURVE('',#1131,(#1135,#1142),.PCURVE_S1.);
#1131 = LINE('',#1132,#1133);
#1132 = CARTESIAN_POINT('',(0.915,6.637422097039E-15,1.E-02));
#1133 = VECTOR('',#1134,1.);
#1134 = DIRECTION('',(-7.254013220808E-15,1.,0.));
#1135 = PCURVE('',#1062,#1136);
#1136 = DEFINITIONAL_REPRESENTATION('',(#1137),#1141);
#1137 = LINE('',#1138,#1139);
#1138 = CARTESIAN_POINT('',(-0.915,-2.480112469561E-16));
#1139 = VECTOR('',#1140,1.);
#1140 = DIRECTION('',(2.710505431214E-16,-1.));
#1141 = ( GEOMETRIC_REPRESENTATION_CONTEXT(2) 
PARAMETRIC_REPRESENTATION_CONTEXT() REPRESENTATION_CONTEXT('2D SPACE',''
  ) );
#1142 = PCURVE('',#1143,#1148);
#1143 = PLANE('',#1144);
#1144 = AXIS2_PLACEMENT_3D('',#1145,#1146,#1147);
#1145 = CARTESIAN_POINT('',(0.915,-1.7,0.4));
#1146 = DIRECTION('',(1.,7.254013220808E-15,0.));
#1147 = DIRECTION('',(-7.254013220808E-15,1.,0.));
#1148 = DEFINITIONAL_REPRESENTATION('',(#1149),#1153);
#1149 = LINE('',#1150,#1151);
#1150 = CARTESIAN_POINT('',(1.7,-0.39));
#1151 = VECTOR('',#1152,1.);
#1152 = DIRECTION('',(1.,0.));
#1153 = ( GEOMETRIC_REPRESENTATION_CONTEXT(2) 
PARAMETRIC_REPRESENTATION_CONTEXT() REPRESENTATION_CONTEXT('2D SPACE',''
  ) );
#1154 = ORIENTED_EDGE('',*,*,#1155,.F.);
#1155 = EDGE_CURVE('',#1156,#1128,#1158,.T.);
#1156 = VERTEX_POINT('',#1157);
#1157 = CARTESIAN_POINT('',(1.15,-1.7,1.E-02));
#1158 = SURFACE_CURVE('',#1159,(#1163,#1170),.PCURVE_S1.);
#1159 = LINE('',#1160,#1161);
#1160 = CARTESIAN_POINT('',(1.130391541569E-14,-1.7,1.E-02));
#1161 = VECTOR('',#1162,1.);
#1162 = DIRECTION('',(-1.,-6.649362009229E-15,0.));
#1163 = PCURVE('',#1062,#1164);
#1164 = DEFINITIONAL_REPRESENTATION('',(#1165),#1169);
#1165 = LINE('',#1166,#1167);
#1166 = CARTESIAN_POINT('',(5.67121136377E-16,1.7));
#1167 = VECTOR('',#1168,1.);
#1168 = DIRECTION('',(1.,-3.336006684571E-16));
#1169 = ( GEOMETRIC_REPRESENTATION_CONTEXT(2) 
PARAMETRIC_REPRESENTATION_CONTEXT() REPRESENTATION_CONTEXT('2D SPACE',''
  ) );
#1170 = PCURVE('',#408,#1171);
#1171 = DEFINITIONAL_REPRESENTATION('',(#1172),#1176);
#1172 = LINE('',#1173,#1174);
#1173 = CARTESIAN_POINT('',(2.215,-0.39));
#1174 = VECTOR('',#1175,1.);
#1175 = DIRECTION('',(1.,0.));
#1176 = ( GEOMETRIC_REPRESENTATION_CONTEXT(2) 
PARAMETRIC_REPRESENTATION_CONTEXT() REPRESENTATION_CONTEXT('2D SPACE',''
  ) );
#1177 = ORIENTED_EDGE('',*,*,#1178,.T.);
#1178 = EDGE_CURVE('',#1156,#1179,#1181,.T.);
#1179 = VERTEX_POINT('',#1180);
#1180 = CARTESIAN_POINT('',(1.15,-2.15,1.E-02));
#1181 = SURFACE_CURVE('',#1182,(#1186,#1193),.PCURVE_S1.);
#1182 = LINE('',#1183,#1184);
#1183 = CARTESIAN_POINT('',(1.15,8.196651412454E-15,1.E-02));
#1184 = VECTOR('',#1185,1.);
#1185 = DIRECTION('',(7.127522967351E-15,-1.,-0.));
#1186 = PCURVE('',#1062,#1187);
#1187 = DEFINITIONAL_REPRESENTATION('',(#1188),#1192);
#1188 = LINE('',#1189,#1190);
#1189 = CARTESIAN_POINT('',(-1.15,-1.662443331144E-16));
#1190 = VECTOR('',#1191,1.);
#1191 = DIRECTION('',(-1.445602896647E-16,1.));
#1192 = ( GEOMETRIC_REPRESENTATION_CONTEXT(2) 
PARAMETRIC_REPRESENTATION_CONTEXT() REPRESENTATION_CONTEXT('2D SPACE',''
  ) );
#1193 = PCURVE('',#380,#1194);
#1194 = DEFINITIONAL_REPRESENTATION('',(#1195),#1199);
#1195 = LINE('',#1196,#1197);
#1196 = CARTESIAN_POINT('',(4.712388980385,2.25));
#1197 = VECTOR('',#1198,1.);
#1198 = DIRECTION('',(0.,-1.));
#1199 = ( GEOMETRIC_REPRESENTATION_CONTEXT(2) 
PARAMETRIC_REPRESENTATION_CONTEXT() REPRESENTATION_CONTEXT('2D SPACE',''
  ) );
#1200 = ORIENTED_EDGE('',*,*,#1201,.T.);
#1201 = EDGE_CURVE('',#1179,#1202,#1204,.T.);
#1202 = VERTEX_POINT('',#1203);
#1203 = CARTESIAN_POINT('',(-1.15,-2.15,1.E-02));
#1204 = SURFACE_CURVE('',#1205,(#1209,#1216),.PCURVE_S1.);
#1205 = LINE('',#1206,#1207);
#1206 = CARTESIAN_POINT('',(1.501336975703E-14,-2.15,1.E-02));
#1207 = VECTOR('',#1208,1.);
#1208 = DIRECTION('',(-1.,-6.982962677686E-15,-0.));
#1209 = PCURVE('',#1062,#1210);
#1210 = DEFINITIONAL_REPRESENTATION('',(#1211),#1215);
#1211 = LINE('',#1212,#1213);
#1212 = CARTESIAN_POINT('',(0.,2.15));
#1213 = VECTOR('',#1214,1.);
#1214 = DIRECTION('',(1.,0.));
#1215 = ( GEOMETRIC_REPRESENTATION_CONTEXT(2) 
PARAMETRIC_REPRESENTATION_CONTEXT() REPRESENTATION_CONTEXT('2D SPACE',''
  ) );
#1216 = PCURVE('',#1217,#1222);
#1217 = CYLINDRICAL_SURFACE('',#1218,1.E-01);
#1218 = AXIS2_PLACEMENT_3D('',#1219,#1220,#1221);
#1219 = CARTESIAN_POINT('',(1.25,-2.15,0.11));
#1220 = DIRECTION('',(1.,6.982962677686E-15,0.));
#1221 = DIRECTION('',(0.,-0.,1.));
#1222 = DEFINITIONAL_REPRESENTATION('',(#1223),#1227);
#1223 = LINE('',#1224,#1225);
#1224 = CARTESIAN_POINT('',(3.14159265359,-1.25));
#1225 = VECTOR('',#1226,1.);
#1226 = DIRECTION('',(0.,-1.));
#1227 = ( GEOMETRIC_REPRESENTATION_CONTEXT(2) 
PARAMETRIC_REPRESENTATION_CONTEXT() REPRESENTATION_CONTEXT('2D SPACE',''
  ) );
#1228 = ORIENTED_EDGE('',*,*,#1229,.T.);
#1229 = EDGE_CURVE('',#1202,#1230,#1232,.T.);
#1230 = VERTEX_POINT('',#1231);
#1231 = CARTESIAN_POINT('',(-1.15,-0.865,1.E-02));
#1232 = SURFACE_CURVE('',#1233,(#1237,#1244),.PCURVE_S1.);
#1233 = LINE('',#1234,#1235);
#1234 = CARTESIAN_POINT('',(-1.15,-8.196651412454E-15,1.E-02));
#1235 = VECTOR('',#1236,1.);
#1236 = DIRECTION('',(-7.127522967351E-15,1.,-0.));
#1237 = PCURVE('',#1062,#1238);
#1238 = DEFINITIONAL_REPRESENTATION('',(#1239),#1243);
#1239 = LINE('',#1240,#1241);
#1240 = CARTESIAN_POINT('',(1.15,1.662443331144E-16));
#1241 = VECTOR('',#1242,1.);
#1242 = DIRECTION('',(1.445602896647E-16,-1.));
#1243 = ( GEOMETRIC_REPRESENTATION_CONTEXT(2) 
PARAMETRIC_REPRESENTATION_CONTEXT() REPRESENTATION_CONTEXT('2D SPACE',''
  ) );
#1244 = PCURVE('',#1245,#1250);
#1245 = CYLINDRICAL_SURFACE('',#1246,0.1);
#1246 = AXIS2_PLACEMENT_3D('',#1247,#1248,#1249);
#1247 = CARTESIAN_POINT('',(-1.15,-2.25,0.11));
#1248 = DIRECTION('',(7.127522967351E-15,-1.,0.));
#1249 = DIRECTION('',(1.,7.127522967351E-15,0.));
#1250 = DEFINITIONAL_REPRESENTATION('',(#1251),#1255);
#1251 = LINE('',#1252,#1253);
#1252 = CARTESIAN_POINT('',(4.712388980385,-2.25));
#1253 = VECTOR('',#1254,1.);
#1254 = DIRECTION('',(0.,-1.));
#1255 = ( GEOMETRIC_REPRESENTATION_CONTEXT(2) 
PARAMETRIC_REPRESENTATION_CONTEXT() REPRESENTATION_CONTEXT('2D SPACE',''
  ) );
#1256 = ORIENTED_EDGE('',*,*,#1257,.F.);
#1257 = EDGE_CURVE('',#1258,#1230,#1260,.T.);
#1258 = VERTEX_POINT('',#1259);
#1259 = CARTESIAN_POINT('',(0.398136648396,-0.865,1.E-02));
#1260 = SURFACE_CURVE('',#1261,(#1265,#1272),.PCURVE_S1.);
#1261 = LINE('',#1262,#1263);
#1262 = CARTESIAN_POINT('',(6.040262716199E-15,-0.865,1.E-02));
#1263 = VECTOR('',#1264,1.);
#1264 = DIRECTION('',(-1.,-6.982962677686E-15,0.));
#1265 = PCURVE('',#1062,#1266);
#1266 = DEFINITIONAL_REPRESENTATION('',(#1267),#1271);
#1267 = LINE('',#1268,#1269);
#1268 = CARTESIAN_POINT('',(0.,0.865));
#1269 = VECTOR('',#1270,1.);
#1270 = DIRECTION('',(1.,0.));
#1271 = ( GEOMETRIC_REPRESENTATION_CONTEXT(2) 
PARAMETRIC_REPRESENTATION_CONTEXT() REPRESENTATION_CONTEXT('2D SPACE',''
  ) );
#1272 = PCURVE('',#1273,#1278);
#1273 = PLANE('',#1274);
#1274 = AXIS2_PLACEMENT_3D('',#1275,#1276,#1277);
#1275 = CARTESIAN_POINT('',(0.398136648396,-0.865,0.4));
#1276 = DIRECTION('',(-6.982962677686E-15,1.,0.));
#1277 = DIRECTION('',(0.,0.,-1.));
#1278 = DEFINITIONAL_REPRESENTATION('',(#1279),#1283);
#1279 = LINE('',#1280,#1281);
#1280 = CARTESIAN_POINT('',(0.39,0.398136648396));
#1281 = VECTOR('',#1282,1.);
#1282 = DIRECTION('',(-0.,1.));
#1283 = ( GEOMETRIC_REPRESENTATION_CONTEXT(2) 
PARAMETRIC_REPRESENTATION_CONTEXT() REPRESENTATION_CONTEXT('2D SPACE',''
  ) );
#1284 = ORIENTED_EDGE('',*,*,#1285,.F.);
#1285 = EDGE_CURVE('',#1054,#1258,#1286,.T.);
#1286 = SURFACE_CURVE('',#1287,(#1291,#1298),.PCURVE_S1.);
#1287 = LINE('',#1288,#1289);
#1288 = CARTESIAN_POINT('',(0.667320133117,-0.518666647512,1.E-02));
#1289 = VECTOR('',#1290,1.);
#1290 = DIRECTION('',(-0.613675092361,-0.789558662175,0.));
#1291 = PCURVE('',#1062,#1292);
#1292 = DEFINITIONAL_REPRESENTATION('',(#1293),#1297);
#1293 = LINE('',#1294,#1295);
#1294 = CARTESIAN_POINT('',(-0.667320133117,0.518666647512));
#1295 = VECTOR('',#1296,1.);
#1296 = DIRECTION('',(0.613675092361,0.789558662175));
#1297 = ( GEOMETRIC_REPRESENTATION_CONTEXT(2) 
PARAMETRIC_REPRESENTATION_CONTEXT() REPRESENTATION_CONTEXT('2D SPACE',''
  ) );
#1298 = PCURVE('',#1299,#1304);
#1299 = PLANE('',#1300);
#1300 = AXIS2_PLACEMENT_3D('',#1301,#1302,#1303);
#1301 = CARTESIAN_POINT('',(0.398136648396,-0.865,0.4));
#1302 = DIRECTION('',(-0.789558662175,0.613675092361,0.));
#1303 = DIRECTION('',(-0.613675092361,-0.789558662175,0.));
#1304 = DEFINITIONAL_REPRESENTATION('',(#1305),#1309);
#1305 = LINE('',#1306,#1307);
#1306 = CARTESIAN_POINT('',(-0.438641698305,-0.39));
#1307 = VECTOR('',#1308,1.);
#1308 = DIRECTION('',(1.,0.));
#1309 = ( GEOMETRIC_REPRESENTATION_CONTEXT(2) 
PARAMETRIC_REPRESENTATION_CONTEXT() REPRESENTATION_CONTEXT('2D SPACE',''
  ) );
#1310 = ADVANCED_FACE('',(#1311),#492,.T.);
#1311 = FACE_BOUND('',#1312,.T.);
#1312 = EDGE_LOOP('',(#1313,#1314,#1340,#1341));
#1313 = ORIENTED_EDGE('',*,*,#1081,.F.);
#1314 = ORIENTED_EDGE('',*,*,#1315,.T.);
#1315 = EDGE_CURVE('',#1052,#477,#1316,.T.);
#1316 = SURFACE_CURVE('',#1317,(#1322,#1329),.PCURVE_S1.);
#1317 = CIRCLE('',#1318,0.1);
#1318 = AXIS2_PLACEMENT_3D('',#1319,#1320,#1321);
#1319 = CARTESIAN_POINT('',(1.15,-0.2,0.11));
#1320 = DIRECTION('',(7.483363680372E-15,-1.,-0.));
#1321 = DIRECTION('',(-1.,-7.483363680372E-15,0.));
#1322 = PCURVE('',#492,#1323);
#1323 = DEFINITIONAL_REPRESENTATION('',(#1324),#1328);
#1324 = LINE('',#1325,#1326);
#1325 = CARTESIAN_POINT('',(6.28318530718,2.05));
#1326 = VECTOR('',#1327,1.);
#1327 = DIRECTION('',(-1.,0.));
#1328 = ( GEOMETRIC_REPRESENTATION_CONTEXT(2) 
PARAMETRIC_REPRESENTATION_CONTEXT() REPRESENTATION_CONTEXT('2D SPACE',''
  ) );
#1329 = PCURVE('',#520,#1330);
#1330 = DEFINITIONAL_REPRESENTATION('',(#1331),#1339);
#1331 = ( BOUNDED_CURVE() B_SPLINE_CURVE(2,(#1332,#1333,#1334,#1335,
#1336,#1337,#1338),.UNSPECIFIED.,.T.,.F.) B_SPLINE_CURVE_WITH_KNOTS((1,2
    ,2,2,2,1),(-2.094395102393,0.,2.094395102393,4.188790204786,
6.28318530718,8.377580409573),.UNSPECIFIED.) CURVE() 
GEOMETRIC_REPRESENTATION_ITEM() RATIONAL_B_SPLINE_CURVE((1.,0.5,1.,0.5,
1.,0.5,1.)) REPRESENTATION_ITEM('') );
#1332 = CARTESIAN_POINT('',(-0.135,-0.29));
#1333 = CARTESIAN_POINT('',(-0.135,-0.463205080757));
#1334 = CARTESIAN_POINT('',(-0.285,-0.376602540378));
#1335 = CARTESIAN_POINT('',(-0.435,-0.29));
#1336 = CARTESIAN_POINT('',(-0.285,-0.203397459622));
#1337 = CARTESIAN_POINT('',(-0.135,-0.116794919243));
#1338 = CARTESIAN_POINT('',(-0.135,-0.29));
#1339 = ( GEOMETRIC_REPRESENTATION_CONTEXT(2) 
PARAMETRIC_REPRESENTATION_CONTEXT() REPRESENTATION_CONTEXT('2D SPACE',''
  ) );
#1340 = ORIENTED_EDGE('',*,*,#476,.F.);
#1341 = ORIENTED_EDGE('',*,*,#1342,.T.);
#1342 = EDGE_CURVE('',#449,#1082,#1343,.T.);
#1343 = SURFACE_CURVE('',#1344,(#1349,#1356),.PCURVE_S1.);
#1344 = CIRCLE('',#1345,0.1);
#1345 = AXIS2_PLACEMENT_3D('',#1346,#1347,#1348);
#1346 = CARTESIAN_POINT('',(1.15,-1.3,0.11));
#1347 = DIRECTION('',(-7.983764683058E-15,1.,0.));
#1348 = DIRECTION('',(1.,7.983764683058E-15,0.));
#1349 = PCURVE('',#492,#1350);
#1350 = DEFINITIONAL_REPRESENTATION('',(#1351),#1355);
#1351 = LINE('',#1352,#1353);
#1352 = CARTESIAN_POINT('',(3.14159265359,0.95));
#1353 = VECTOR('',#1354,1.);
#1354 = DIRECTION('',(1.,-1.413579858428E-16));
#1355 = ( GEOMETRIC_REPRESENTATION_CONTEXT(2) 
PARAMETRIC_REPRESENTATION_CONTEXT() REPRESENTATION_CONTEXT('2D SPACE',''
  ) );
#1356 = PCURVE('',#464,#1357);
#1357 = DEFINITIONAL_REPRESENTATION('',(#1358),#1366);
#1358 = ( BOUNDED_CURVE() B_SPLINE_CURVE(2,(#1359,#1360,#1361,#1362,
#1363,#1364,#1365),.UNSPECIFIED.,.T.,.F.) B_SPLINE_CURVE_WITH_KNOTS((1,2
    ,2,2,2,1),(-2.094395102393,0.,2.094395102393,4.188790204786,
6.28318530718,8.377580409573),.UNSPECIFIED.) CURVE() 
GEOMETRIC_REPRESENTATION_ITEM() RATIONAL_B_SPLINE_CURVE((1.,0.5,1.,0.5,
1.,0.5,1.)) REPRESENTATION_ITEM('') );
#1359 = CARTESIAN_POINT('',(-0.965,-0.29));
#1360 = CARTESIAN_POINT('',(-0.965,-0.463205080757));
#1361 = CARTESIAN_POINT('',(-1.115,-0.376602540378));
#1362 = CARTESIAN_POINT('',(-1.265,-0.29));
#1363 = CARTESIAN_POINT('',(-1.115,-0.203397459622));
#1364 = CARTESIAN_POINT('',(-0.965,-0.116794919243));
#1365 = CARTESIAN_POINT('',(-0.965,-0.29));
#1366 = ( GEOMETRIC_REPRESENTATION_CONTEXT(2) 
PARAMETRIC_REPRESENTATION_CONTEXT() REPRESENTATION_CONTEXT('2D SPACE',''
  ) );
#1367 = ADVANCED_FACE('',(#1368),#62,.F.);
#1368 = FACE_BOUND('',#1369,.T.);
#1369 = EDGE_LOOP('',(#1370,#1395,#1423,#1446,#1469,#1490,#1491,#1514));
#1370 = ORIENTED_EDGE('',*,*,#1371,.F.);
#1371 = EDGE_CURVE('',#1372,#1374,#1376,.T.);
#1372 = VERTEX_POINT('',#1373);
#1373 = CARTESIAN_POINT('',(-1.25,0.865,0.4));
#1374 = VERTEX_POINT('',#1375);
#1375 = CARTESIAN_POINT('',(-1.25,0.865,0.11));
#1376 = SURFACE_CURVE('',#1377,(#1381,#1388),.PCURVE_S1.);
#1377 = LINE('',#1378,#1379);
#1378 = CARTESIAN_POINT('',(-1.25,0.865,1.51));
#1379 = VECTOR('',#1380,1.);
#1380 = DIRECTION('',(0.,-0.,-1.));
#1381 = PCURVE('',#62,#1382);
#1382 = DEFINITIONAL_REPRESENTATION('',(#1383),#1387);
#1383 = LINE('',#1384,#1385);
#1384 = CARTESIAN_POINT('',(3.115,0.));
#1385 = VECTOR('',#1386,1.);
#1386 = DIRECTION('',(-0.,-1.));
#1387 = ( GEOMETRIC_REPRESENTATION_CONTEXT(2) 
PARAMETRIC_REPRESENTATION_CONTEXT() REPRESENTATION_CONTEXT('2D SPACE',''
  ) );
#1388 = PCURVE('',#844,#1389);
#1389 = DEFINITIONAL_REPRESENTATION('',(#1390),#1394);
#1390 = LINE('',#1391,#1392);
#1391 = CARTESIAN_POINT('',(1.11,1.648136648396));
#1392 = VECTOR('',#1393,1.);
#1393 = DIRECTION('',(-1.,-0.));
#1394 = ( GEOMETRIC_REPRESENTATION_CONTEXT(2) 
PARAMETRIC_REPRESENTATION_CONTEXT() REPRESENTATION_CONTEXT('2D SPACE',''
  ) );
#1395 = ORIENTED_EDGE('',*,*,#1396,.T.);
#1396 = EDGE_CURVE('',#1372,#1397,#1399,.T.);
#1397 = VERTEX_POINT('',#1398);
#1398 = CARTESIAN_POINT('',(-1.25,-0.865,0.4));
#1399 = SURFACE_CURVE('',#1400,(#1404,#1411),.PCURVE_S1.);
#1400 = LINE('',#1401,#1402);
#1401 = CARTESIAN_POINT('',(-1.25,-2.25,0.4));
#1402 = VECTOR('',#1403,1.);
#1403 = DIRECTION('',(7.127522967351E-15,-1.,0.));
#1404 = PCURVE('',#62,#1405);
#1405 = DEFINITIONAL_REPRESENTATION('',(#1406),#1410);
#1406 = LINE('',#1407,#1408);
#1407 = CARTESIAN_POINT('',(0.,-1.11));
#1408 = VECTOR('',#1409,1.);
#1409 = DIRECTION('',(-1.,0.));
#1410 = ( GEOMETRIC_REPRESENTATION_CONTEXT(2) 
PARAMETRIC_REPRESENTATION_CONTEXT() REPRESENTATION_CONTEXT('2D SPACE',''
  ) );
#1411 = PCURVE('',#1412,#1417);
#1412 = PLANE('',#1413);
#1413 = AXIS2_PLACEMENT_3D('',#1414,#1415,#1416);
#1414 = CARTESIAN_POINT('',(0.,0.,0.4));
#1415 = DIRECTION('',(0.,0.,1.));
#1416 = DIRECTION('',(-1.,-6.982962677686E-15,0.));
#1417 = DEFINITIONAL_REPRESENTATION('',(#1418),#1422);
#1418 = LINE('',#1419,#1420);
#1419 = CARTESIAN_POINT('',(1.25,2.25));
#1420 = VECTOR('',#1421,1.);
#1421 = DIRECTION('',(-1.445602896647E-16,1.));
#1422 = ( GEOMETRIC_REPRESENTATION_CONTEXT(2) 
PARAMETRIC_REPRESENTATION_CONTEXT() REPRESENTATION_CONTEXT('2D SPACE',''
  ) );
#1423 = ORIENTED_EDGE('',*,*,#1424,.F.);
#1424 = EDGE_CURVE('',#1425,#1397,#1427,.T.);
#1425 = VERTEX_POINT('',#1426);
#1426 = CARTESIAN_POINT('',(-1.25,-0.865,0.11));
#1427 = SURFACE_CURVE('',#1428,(#1432,#1439),.PCURVE_S1.);
#1428 = LINE('',#1429,#1430);
#1429 = CARTESIAN_POINT('',(-1.25,-0.865,1.51));
#1430 = VECTOR('',#1431,1.);
#1431 = DIRECTION('',(0.,0.,1.));
#1432 = PCURVE('',#62,#1433);
#1433 = DEFINITIONAL_REPRESENTATION('',(#1434),#1438);
#1434 = LINE('',#1435,#1436);
#1435 = CARTESIAN_POINT('',(1.385,0.));
#1436 = VECTOR('',#1437,1.);
#1437 = DIRECTION('',(0.,1.));
#1438 = ( GEOMETRIC_REPRESENTATION_CONTEXT(2) 
PARAMETRIC_REPRESENTATION_CONTEXT() REPRESENTATION_CONTEXT('2D SPACE',''
  ) );
#1439 = PCURVE('',#1273,#1440);
#1440 = DEFINITIONAL_REPRESENTATION('',(#1441),#1445);
#1441 = LINE('',#1442,#1443);
#1442 = CARTESIAN_POINT('',(-1.11,1.648136648396));
#1443 = VECTOR('',#1444,1.);
#1444 = DIRECTION('',(-1.,-0.));
#1445 = ( GEOMETRIC_REPRESENTATION_CONTEXT(2) 
PARAMETRIC_REPRESENTATION_CONTEXT() REPRESENTATION_CONTEXT('2D SPACE',''
  ) );
#1446 = ORIENTED_EDGE('',*,*,#1447,.T.);
#1447 = EDGE_CURVE('',#1425,#1448,#1450,.T.);
#1448 = VERTEX_POINT('',#1449);
#1449 = CARTESIAN_POINT('',(-1.25,-2.15,0.11));
#1450 = SURFACE_CURVE('',#1451,(#1455,#1462),.PCURVE_S1.);
#1451 = LINE('',#1452,#1453);
#1452 = CARTESIAN_POINT('',(-1.25,-2.25,0.11));
#1453 = VECTOR('',#1454,1.);
#1454 = DIRECTION('',(7.127522967351E-15,-1.,0.));
#1455 = PCURVE('',#62,#1456);
#1456 = DEFINITIONAL_REPRESENTATION('',(#1457),#1461);
#1457 = LINE('',#1458,#1459);
#1458 = CARTESIAN_POINT('',(0.,-1.4));
#1459 = VECTOR('',#1460,1.);
#1460 = DIRECTION('',(-1.,0.));
#1461 = ( GEOMETRIC_REPRESENTATION_CONTEXT(2) 
PARAMETRIC_REPRESENTATION_CONTEXT() REPRESENTATION_CONTEXT('2D SPACE',''
  ) );
#1462 = PCURVE('',#1245,#1463);
#1463 = DEFINITIONAL_REPRESENTATION('',(#1464),#1468);
#1464 = LINE('',#1465,#1466);
#1465 = CARTESIAN_POINT('',(3.14159265359,-4.440892098501E-16));
#1466 = VECTOR('',#1467,1.);
#1467 = DIRECTION('',(0.,1.));
#1468 = ( GEOMETRIC_REPRESENTATION_CONTEXT(2) 
PARAMETRIC_REPRESENTATION_CONTEXT() REPRESENTATION_CONTEXT('2D SPACE',''
  ) );
#1469 = ORIENTED_EDGE('',*,*,#1470,.T.);
#1470 = EDGE_CURVE('',#1448,#40,#1471,.T.);
#1471 = SURFACE_CURVE('',#1472,(#1476,#1483),.PCURVE_S1.);
#1472 = LINE('',#1473,#1474);
#1473 = CARTESIAN_POINT('',(-1.25,-2.15,1.51));
#1474 = VECTOR('',#1475,1.);
#1475 = DIRECTION('',(-0.,0.,1.));
#1476 = PCURVE('',#62,#1477);
#1477 = DEFINITIONAL_REPRESENTATION('',(#1478),#1482);
#1478 = LINE('',#1479,#1480);
#1479 = CARTESIAN_POINT('',(1.E-01,0.));
#1480 = VECTOR('',#1481,1.);
#1481 = DIRECTION('',(0.,1.));
#1482 = ( GEOMETRIC_REPRESENTATION_CONTEXT(2) 
PARAMETRIC_REPRESENTATION_CONTEXT() REPRESENTATION_CONTEXT('2D SPACE',''
  ) );
#1483 = PCURVE('',#92,#1484);
#1484 = DEFINITIONAL_REPRESENTATION('',(#1485),#1489);
#1485 = LINE('',#1486,#1487);
#1486 = CARTESIAN_POINT('',(3.14159265359,0.));
#1487 = VECTOR('',#1488,1.);
#1488 = DIRECTION('',(0.,-1.));
#1489 = ( GEOMETRIC_REPRESENTATION_CONTEXT(2) 
PARAMETRIC_REPRESENTATION_CONTEXT() REPRESENTATION_CONTEXT('2D SPACE',''
  ) );
#1490 = ORIENTED_EDGE('',*,*,#39,.T.);
#1491 = ORIENTED_EDGE('',*,*,#1492,.T.);
#1492 = EDGE_CURVE('',#42,#1493,#1495,.T.);
#1493 = VERTEX_POINT('',#1494);
#1494 = CARTESIAN_POINT('',(-1.25,2.15,0.11));
#1495 = SURFACE_CURVE('',#1496,(#1500,#1507),.PCURVE_S1.);
#1496 = LINE('',#1497,#1498);
#1497 = CARTESIAN_POINT('',(-1.25,2.15,1.51));
#1498 = VECTOR('',#1499,1.);
#1499 = DIRECTION('',(0.,-0.,-1.));
#1500 = PCURVE('',#62,#1501);
#1501 = DEFINITIONAL_REPRESENTATION('',(#1502),#1506);
#1502 = LINE('',#1503,#1504);
#1503 = CARTESIAN_POINT('',(4.4,0.));
#1504 = VECTOR('',#1505,1.);
#1505 = DIRECTION('',(-0.,-1.));
#1506 = ( GEOMETRIC_REPRESENTATION_CONTEXT(2) 
PARAMETRIC_REPRESENTATION_CONTEXT() REPRESENTATION_CONTEXT('2D SPACE',''
  ) );
#1507 = PCURVE('',#203,#1508);
#1508 = DEFINITIONAL_REPRESENTATION('',(#1509),#1513);
#1509 = LINE('',#1510,#1511);
#1510 = CARTESIAN_POINT('',(3.14159265359,0.));
#1511 = VECTOR('',#1512,1.);
#1512 = DIRECTION('',(0.,1.));
#1513 = ( GEOMETRIC_REPRESENTATION_CONTEXT(2) 
PARAMETRIC_REPRESENTATION_CONTEXT() REPRESENTATION_CONTEXT('2D SPACE',''
  ) );
#1514 = ORIENTED_EDGE('',*,*,#1515,.T.);
#1515 = EDGE_CURVE('',#1493,#1374,#1516,.T.);
#1516 = SURFACE_CURVE('',#1517,(#1521,#1528),.PCURVE_S1.);
#1517 = LINE('',#1518,#1519);
#1518 = CARTESIAN_POINT('',(-1.25,-2.25,0.11));
#1519 = VECTOR('',#1520,1.);
#1520 = DIRECTION('',(7.127522967351E-15,-1.,0.));
#1521 = PCURVE('',#62,#1522);
#1522 = DEFINITIONAL_REPRESENTATION('',(#1523),#1527);
#1523 = LINE('',#1524,#1525);
#1524 = CARTESIAN_POINT('',(0.,-1.4));
#1525 = VECTOR('',#1526,1.);
#1526 = DIRECTION('',(-1.,0.));
#1527 = ( GEOMETRIC_REPRESENTATION_CONTEXT(2) 
PARAMETRIC_REPRESENTATION_CONTEXT() REPRESENTATION_CONTEXT('2D SPACE',''
  ) );
#1528 = PCURVE('',#872,#1529);
#1529 = DEFINITIONAL_REPRESENTATION('',(#1530),#1534);
#1530 = LINE('',#1531,#1532);
#1531 = CARTESIAN_POINT('',(3.14159265359,-8.881784197001E-16));
#1532 = VECTOR('',#1533,1.);
#1533 = DIRECTION('',(0.,1.));
#1534 = ( GEOMETRIC_REPRESENTATION_CONTEXT(2) 
PARAMETRIC_REPRESENTATION_CONTEXT() REPRESENTATION_CONTEXT('2D SPACE',''
  ) );
#1535 = ADVANCED_FACE('',(#1536),#872,.T.);
#1536 = FACE_BOUND('',#1537,.T.);
#1537 = EDGE_LOOP('',(#1538,#1539,#1565,#1566));
#1538 = ORIENTED_EDGE('',*,*,#856,.F.);
#1539 = ORIENTED_EDGE('',*,*,#1540,.T.);
#1540 = EDGE_CURVE('',#829,#1374,#1541,.T.);
#1541 = SURFACE_CURVE('',#1542,(#1547,#1554),.PCURVE_S1.);
#1542 = CIRCLE('',#1543,1.E-01);
#1543 = AXIS2_PLACEMENT_3D('',#1544,#1545,#1546);
#1544 = CARTESIAN_POINT('',(-1.15,0.865,0.11));
#1545 = DIRECTION('',(-6.982962677686E-15,1.,0.));
#1546 = DIRECTION('',(0.,0.,1.));
#1547 = PCURVE('',#872,#1548);
#1548 = DEFINITIONAL_REPRESENTATION('',(#1549),#1553);
#1549 = LINE('',#1550,#1551);
#1550 = CARTESIAN_POINT('',(7.853981633974,-3.115));
#1551 = VECTOR('',#1552,1.);
#1552 = DIRECTION('',(-1.,0.));
#1553 = ( GEOMETRIC_REPRESENTATION_CONTEXT(2) 
PARAMETRIC_REPRESENTATION_CONTEXT() REPRESENTATION_CONTEXT('2D SPACE',''
  ) );
#1554 = PCURVE('',#844,#1555);
#1555 = DEFINITIONAL_REPRESENTATION('',(#1556),#1564);
#1556 = ( BOUNDED_CURVE() B_SPLINE_CURVE(2,(#1557,#1558,#1559,#1560,
#1561,#1562,#1563),.UNSPECIFIED.,.T.,.F.) B_SPLINE_CURVE_WITH_KNOTS((1,2
    ,2,2,2,1),(-2.094395102393,0.,2.094395102393,4.188790204786,
6.28318530718,8.377580409573),.UNSPECIFIED.) CURVE() 
GEOMETRIC_REPRESENTATION_ITEM() RATIONAL_B_SPLINE_CURVE((1.,0.5,1.,0.5,
1.,0.5,1.)) REPRESENTATION_ITEM('') );
#1557 = CARTESIAN_POINT('',(-0.19,1.548136648396));
#1558 = CARTESIAN_POINT('',(-0.19,1.374931567639));
#1559 = CARTESIAN_POINT('',(-0.34,1.461534108017));
#1560 = CARTESIAN_POINT('',(-0.49,1.548136648396));
#1561 = CARTESIAN_POINT('',(-0.34,1.634739188774));
#1562 = CARTESIAN_POINT('',(-0.19,1.721341729153));
#1563 = CARTESIAN_POINT('',(-0.19,1.548136648396));
#1564 = ( GEOMETRIC_REPRESENTATION_CONTEXT(2) 
PARAMETRIC_REPRESENTATION_CONTEXT() REPRESENTATION_CONTEXT('2D SPACE',''
  ) );
#1565 = ORIENTED_EDGE('',*,*,#1515,.F.);
#1566 = ORIENTED_EDGE('',*,*,#1567,.T.);
#1567 = EDGE_CURVE('',#1493,#857,#1568,.T.);
#1568 = SURFACE_CURVE('',#1569,(#1574,#1581),.PCURVE_S1.);
#1569 = CIRCLE('',#1570,0.1);
#1570 = AXIS2_PLACEMENT_3D('',#1571,#1572,#1573);
#1571 = CARTESIAN_POINT('',(-1.15,2.15,0.11));
#1572 = DIRECTION('',(1.131977136763E-14,-1.,-0.));
#1573 = DIRECTION('',(-1.,-1.131977136763E-14,0.));
#1574 = PCURVE('',#872,#1575);
#1575 = DEFINITIONAL_REPRESENTATION('',(#1576),#1580);
#1576 = LINE('',#1577,#1578);
#1577 = CARTESIAN_POINT('',(3.14159265359,-4.4));
#1578 = VECTOR('',#1579,1.);
#1579 = DIRECTION('',(1.,-5.654319433713E-16));
#1580 = ( GEOMETRIC_REPRESENTATION_CONTEXT(2) 
PARAMETRIC_REPRESENTATION_CONTEXT() REPRESENTATION_CONTEXT('2D SPACE',''
  ) );
#1581 = PCURVE('',#1582,#1587);
#1582 = SPHERICAL_SURFACE('',#1583,0.1);
#1583 = AXIS2_PLACEMENT_3D('',#1584,#1585,#1586);
#1584 = CARTESIAN_POINT('',(-1.15,2.15,0.11));
#1585 = DIRECTION('',(8.673617379884E-15,-1.,0.));
#1586 = DIRECTION('',(-1.,-8.673617379884E-15,0.));
#1587 = DEFINITIONAL_REPRESENTATION('',(#1588),#1592);
#1588 = LINE('',#1589,#1590);
#1589 = CARTESIAN_POINT('',(0.,4.440892098501E-15));
#1590 = VECTOR('',#1591,1.);
#1591 = DIRECTION('',(1.,-2.827159716856E-15));
#1592 = ( GEOMETRIC_REPRESENTATION_CONTEXT(2) 
PARAMETRIC_REPRESENTATION_CONTEXT() REPRESENTATION_CONTEXT('2D SPACE',''
  ) );
#1593 = ADVANCED_FACE('',(#1594),#1245,.T.);
#1594 = FACE_BOUND('',#1595,.T.);
#1595 = EDGE_LOOP('',(#1596,#1597,#1623,#1624));
#1596 = ORIENTED_EDGE('',*,*,#1447,.F.);
#1597 = ORIENTED_EDGE('',*,*,#1598,.T.);
#1598 = EDGE_CURVE('',#1425,#1230,#1599,.T.);
#1599 = SURFACE_CURVE('',#1600,(#1605,#1612),.PCURVE_S1.);
#1600 = CIRCLE('',#1601,0.1);
#1601 = AXIS2_PLACEMENT_3D('',#1602,#1603,#1604);
#1602 = CARTESIAN_POINT('',(-1.15,-0.865,0.11));
#1603 = DIRECTION('',(6.982962677686E-15,-1.,0.));
#1604 = DIRECTION('',(-4.336808689942E-15,-3.028377322213E-29,-1.));
#1605 = PCURVE('',#1245,#1606);
#1606 = DEFINITIONAL_REPRESENTATION('',(#1607),#1611);
#1607 = LINE('',#1608,#1609);
#1608 = CARTESIAN_POINT('',(-1.570796326795,-1.385));
#1609 = VECTOR('',#1610,1.);
#1610 = DIRECTION('',(1.,0.));
#1611 = ( GEOMETRIC_REPRESENTATION_CONTEXT(2) 
PARAMETRIC_REPRESENTATION_CONTEXT() REPRESENTATION_CONTEXT('2D SPACE',''
  ) );
#1612 = PCURVE('',#1273,#1613);
#1613 = DEFINITIONAL_REPRESENTATION('',(#1614),#1622);
#1614 = ( BOUNDED_CURVE() B_SPLINE_CURVE(2,(#1615,#1616,#1617,#1618,
#1619,#1620,#1621),.UNSPECIFIED.,.T.,.F.) B_SPLINE_CURVE_WITH_KNOTS((1,2
    ,2,2,2,1),(-2.094395102393,0.,2.094395102393,4.188790204786,
6.28318530718,8.377580409573),.UNSPECIFIED.) CURVE() 
GEOMETRIC_REPRESENTATION_ITEM() RATIONAL_B_SPLINE_CURVE((1.,0.5,1.,0.5,
1.,0.5,1.)) REPRESENTATION_ITEM('') );
#1615 = CARTESIAN_POINT('',(0.39,1.548136648396));
#1616 = CARTESIAN_POINT('',(0.39,1.374931567639));
#1617 = CARTESIAN_POINT('',(0.24,1.461534108017));
#1618 = CARTESIAN_POINT('',(9.E-02,1.548136648396));
#1619 = CARTESIAN_POINT('',(0.24,1.634739188774));
#1620 = CARTESIAN_POINT('',(0.39,1.721341729153));
#1621 = CARTESIAN_POINT('',(0.39,1.548136648396));
#1622 = ( GEOMETRIC_REPRESENTATION_CONTEXT(2) 
PARAMETRIC_REPRESENTATION_CONTEXT() REPRESENTATION_CONTEXT('2D SPACE',''
  ) );
#1623 = ORIENTED_EDGE('',*,*,#1229,.F.);
#1624 = ORIENTED_EDGE('',*,*,#1625,.F.);
#1625 = EDGE_CURVE('',#1448,#1202,#1626,.T.);
#1626 = SURFACE_CURVE('',#1627,(#1632,#1639),.PCURVE_S1.);
#1627 = CIRCLE('',#1628,1.E-01);
#1628 = AXIS2_PLACEMENT_3D('',#1629,#1630,#1631);
#1629 = CARTESIAN_POINT('',(-1.15,-2.15,0.11));
#1630 = DIRECTION('',(6.982962677686E-15,-1.,0.));
#1631 = DIRECTION('',(0.,0.,1.));
#1632 = PCURVE('',#1245,#1633);
#1633 = DEFINITIONAL_REPRESENTATION('',(#1634),#1638);
#1634 = LINE('',#1635,#1636);
#1635 = CARTESIAN_POINT('',(1.570796326795,-1.E-01));
#1636 = VECTOR('',#1637,1.);
#1637 = DIRECTION('',(1.,0.));
#1638 = ( GEOMETRIC_REPRESENTATION_CONTEXT(2) 
PARAMETRIC_REPRESENTATION_CONTEXT() REPRESENTATION_CONTEXT('2D SPACE',''
  ) );
#1639 = PCURVE('',#1640,#1645);
#1640 = SPHERICAL_SURFACE('',#1641,0.1);
#1641 = AXIS2_PLACEMENT_3D('',#1642,#1643,#1644);
#1642 = CARTESIAN_POINT('',(-1.15,-2.15,0.11));
#1643 = DIRECTION('',(8.673617379884E-15,-1.,0.));
#1644 = DIRECTION('',(-1.,-8.673617379884E-15,0.));
#1645 = DEFINITIONAL_REPRESENTATION('',(#1646),#1672);
#1646 = B_SPLINE_CURVE_WITH_KNOTS('',3,(#1647,#1648,#1649,#1650,#1651,
    #1652,#1653,#1654,#1655,#1656,#1657,#1658,#1659,#1660,#1661,#1662,
    #1663,#1664,#1665,#1666,#1667,#1668,#1669,#1670,#1671),
  .UNSPECIFIED.,.F.,.F.,(4,1,1,1,1,1,1,1,1,1,1,1,1,1,1,1,1,1,1,1,1,1,4),
  (1.570796326795,1.642196159831,1.713595992867,1.784995825903,
    1.856395658939,1.927795491976,1.999195325012,2.070595158048,
    2.141994991084,2.21339482412,2.284794657156,2.356194490192,
    2.427594323228,2.498994156265,2.570393989301,2.641793822337,
    2.713193655373,2.784593488409,2.855993321445,2.927393154481,
    2.998792987518,3.070192820554,3.14159265359),.QUASI_UNIFORM_KNOTS.);
#1647 = CARTESIAN_POINT('',(0.,8.881784197001E-16));
#1648 = CARTESIAN_POINT('',(2.379994434538E-02,3.454027187723E-16));
#1649 = CARTESIAN_POINT('',(7.139983303613E-02,-1.938178226381E-16));
#1650 = CARTESIAN_POINT('',(0.142799666072,1.602583010751E-16));
#1651 = CARTESIAN_POINT('',(0.214199499108,-4.472153816622E-16));
#1652 = CARTESIAN_POINT('',(0.285599332145,1.628603225574E-15));
#1653 = CARTESIAN_POINT('',(0.356999165181,-6.067197520633E-15));
#1654 = CARTESIAN_POINT('',(0.428398998217,-4.005165734047E-15));
#1655 = CARTESIAN_POINT('',(0.499798831253,-4.557492134183E-15));
#1656 = CARTESIAN_POINT('',(0.571198664289,-4.410218320226E-15));
#1657 = CARTESIAN_POINT('',(0.642598497325,-4.446987175917E-15));
#1658 = CARTESIAN_POINT('',(0.713998330361,-4.44718556711E-15));
#1659 = CARTESIAN_POINT('',(0.785398163397,-4.409623146648E-15));
#1660 = CARTESIAN_POINT('',(0.856797996434,-4.559674437304E-15));
#1661 = CARTESIAN_POINT('',(0.92819782947,-3.997031695141E-15));
#1662 = CARTESIAN_POINT('',(0.999597662506,-6.097551373136E-15));
#1663 = CARTESIAN_POINT('',(1.070997495542,1.741884596683E-15));
#1664 = CARTESIAN_POINT('',(1.142397328578,-8.699870135956E-16));
#1665 = CARTESIAN_POINT('',(1.213797161614,1.738063457699E-15));
#1666 = CARTESIAN_POINT('',(1.28519699465,-6.082266817202E-15));
#1667 = CARTESIAN_POINT('',(1.356596827686,-4.054348779896E-15));
#1668 = CARTESIAN_POINT('',(1.427996660723,-4.345690654218E-15));
#1669 = CARTESIAN_POINT('',(1.499396493759,-5.208241194236E-15));
#1670 = CARTESIAN_POINT('',(1.54699638245,-2.713878504639E-15));
#1671 = CARTESIAN_POINT('',(1.570796326795,0.));
#1672 = ( GEOMETRIC_REPRESENTATION_CONTEXT(2) 
PARAMETRIC_REPRESENTATION_CONTEXT() REPRESENTATION_CONTEXT('2D SPACE',''
  ) );
#1673 = ADVANCED_FACE('',(#1674),#380,.T.);
#1674 = FACE_BOUND('',#1675,.T.);
#1675 = EDGE_LOOP('',(#1676,#1677,#1703,#1704));
#1676 = ORIENTED_EDGE('',*,*,#1178,.F.);
#1677 = ORIENTED_EDGE('',*,*,#1678,.T.);
#1678 = EDGE_CURVE('',#1156,#365,#1679,.T.);
#1679 = SURFACE_CURVE('',#1680,(#1685,#1692),.PCURVE_S1.);
#1680 = CIRCLE('',#1681,0.1);
#1681 = AXIS2_PLACEMENT_3D('',#1682,#1683,#1684);
#1682 = CARTESIAN_POINT('',(1.15,-1.7,0.11));
#1683 = DIRECTION('',(6.649362009229E-15,-1.,-0.));
#1684 = DIRECTION('',(-1.,-6.649362009229E-15,0.));
#1685 = PCURVE('',#380,#1686);
#1686 = DEFINITIONAL_REPRESENTATION('',(#1687),#1691);
#1687 = LINE('',#1688,#1689);
#1688 = CARTESIAN_POINT('',(6.28318530718,0.55));
#1689 = VECTOR('',#1690,1.);
#1690 = DIRECTION('',(-1.,0.));
#1691 = ( GEOMETRIC_REPRESENTATION_CONTEXT(2) 
PARAMETRIC_REPRESENTATION_CONTEXT() REPRESENTATION_CONTEXT('2D SPACE',''
  ) );
#1692 = PCURVE('',#408,#1693);
#1693 = DEFINITIONAL_REPRESENTATION('',(#1694),#1702);
#1694 = ( BOUNDED_CURVE() B_SPLINE_CURVE(2,(#1695,#1696,#1697,#1698,
#1699,#1700,#1701),.UNSPECIFIED.,.T.,.F.) B_SPLINE_CURVE_WITH_KNOTS((1,2
    ,2,2,2,1),(-2.094395102393,0.,2.094395102393,4.188790204786,
6.28318530718,8.377580409573),.UNSPECIFIED.) CURVE() 
GEOMETRIC_REPRESENTATION_ITEM() RATIONAL_B_SPLINE_CURVE((1.,0.5,1.,0.5,
1.,0.5,1.)) REPRESENTATION_ITEM('') );
#1695 = CARTESIAN_POINT('',(1.165,-0.29));
#1696 = CARTESIAN_POINT('',(1.165,-0.463205080757));
#1697 = CARTESIAN_POINT('',(1.015,-0.376602540378));
#1698 = CARTESIAN_POINT('',(0.865,-0.29));
#1699 = CARTESIAN_POINT('',(1.015,-0.203397459622));
#1700 = CARTESIAN_POINT('',(1.165,-0.116794919243));
#1701 = CARTESIAN_POINT('',(1.165,-0.29));
#1702 = ( GEOMETRIC_REPRESENTATION_CONTEXT(2) 
PARAMETRIC_REPRESENTATION_CONTEXT() REPRESENTATION_CONTEXT('2D SPACE',''
  ) );
#1703 = ORIENTED_EDGE('',*,*,#364,.F.);
#1704 = ORIENTED_EDGE('',*,*,#1705,.F.);
#1705 = EDGE_CURVE('',#1179,#337,#1706,.T.);
#1706 = SURFACE_CURVE('',#1707,(#1712,#1719),.PCURVE_S1.);
#1707 = CIRCLE('',#1708,0.1);
#1708 = AXIS2_PLACEMENT_3D('',#1709,#1710,#1711);
#1709 = CARTESIAN_POINT('',(1.15,-2.15,0.11));
#1710 = DIRECTION('',(6.982962677686E-15,-1.,0.));
#1711 = DIRECTION('',(0.,0.,1.));
#1712 = PCURVE('',#380,#1713);
#1713 = DEFINITIONAL_REPRESENTATION('',(#1714),#1718);
#1714 = LINE('',#1715,#1716);
#1715 = CARTESIAN_POINT('',(7.853981633974,1.E-01));
#1716 = VECTOR('',#1717,1.);
#1717 = DIRECTION('',(-1.,0.));
#1718 = ( GEOMETRIC_REPRESENTATION_CONTEXT(2) 
PARAMETRIC_REPRESENTATION_CONTEXT() REPRESENTATION_CONTEXT('2D SPACE',''
  ) );
#1719 = PCURVE('',#1720,#1725);
#1720 = SPHERICAL_SURFACE('',#1721,0.1);
#1721 = AXIS2_PLACEMENT_3D('',#1722,#1723,#1724);
#1722 = CARTESIAN_POINT('',(1.15,-2.15,0.11));
#1723 = DIRECTION('',(8.673617379884E-15,-1.,0.));
#1724 = DIRECTION('',(-1.,-8.673617379884E-15,0.));
#1725 = DEFINITIONAL_REPRESENTATION('',(#1726),#1730);
#1726 = LINE('',#1727,#1728);
#1727 = CARTESIAN_POINT('',(-1.570796326795,0.));
#1728 = VECTOR('',#1729,1.);
#1729 = DIRECTION('',(1.,0.));
#1730 = ( GEOMETRIC_REPRESENTATION_CONTEXT(2) 
PARAMETRIC_REPRESENTATION_CONTEXT() REPRESENTATION_CONTEXT('2D SPACE',''
  ) );
#1731 = ADVANCED_FACE('',(#1732),#1746,.F.);
#1732 = FACE_BOUND('',#1733,.T.);
#1733 = EDGE_LOOP('',(#1734,#1769,#1792,#1815));
#1734 = ORIENTED_EDGE('',*,*,#1735,.T.);
#1735 = EDGE_CURVE('',#1736,#1738,#1740,.T.);
#1736 = VERTEX_POINT('',#1737);
#1737 = CARTESIAN_POINT('',(1.15,-2.25,0.41));
#1738 = VERTEX_POINT('',#1739);
#1739 = CARTESIAN_POINT('',(-1.15,-2.25,0.41));
#1740 = SURFACE_CURVE('',#1741,(#1745,#1757),.PCURVE_S1.);
#1741 = LINE('',#1742,#1743);
#1742 = CARTESIAN_POINT('',(-1.25,-2.25,0.41));
#1743 = VECTOR('',#1744,1.);
#1744 = DIRECTION('',(-1.,-6.982962677686E-15,0.));
#1745 = PCURVE('',#1746,#1751);
#1746 = PLANE('',#1747);
#1747 = AXIS2_PLACEMENT_3D('',#1748,#1749,#1750);
#1748 = CARTESIAN_POINT('',(1.25,-2.25,1.51));
#1749 = DIRECTION('',(-6.982962677686E-15,1.,0.));
#1750 = DIRECTION('',(0.,0.,-1.));
#1751 = DEFINITIONAL_REPRESENTATION('',(#1752),#1756);
#1752 = LINE('',#1753,#1754);
#1753 = CARTESIAN_POINT('',(1.1,2.5));
#1754 = VECTOR('',#1755,1.);
#1755 = DIRECTION('',(-0.,1.));
#1756 = ( GEOMETRIC_REPRESENTATION_CONTEXT(2) 
PARAMETRIC_REPRESENTATION_CONTEXT() REPRESENTATION_CONTEXT('2D SPACE',''
  ) );
#1757 = PCURVE('',#1758,#1763);
#1758 = PLANE('',#1759);
#1759 = AXIS2_PLACEMENT_3D('',#1760,#1761,#1762);
#1760 = CARTESIAN_POINT('',(1.463213548103E-14,-2.095405081827,1.51));
#1761 = DIRECTION('',(6.915004964927E-15,-0.990268068742,0.13917310096)
  );
#1762 = DIRECTION('',(-1.,-6.982962677686E-15,3.944304526105E-31));
#1763 = DEFINITIONAL_REPRESENTATION('',(#1764),#1768);
#1764 = LINE('',#1765,#1766);
#1765 = CARTESIAN_POINT('',(1.25,1.110810329771));
#1766 = VECTOR('',#1767,1.);
#1767 = DIRECTION('',(1.,3.944304526105E-31));
#1768 = ( GEOMETRIC_REPRESENTATION_CONTEXT(2) 
PARAMETRIC_REPRESENTATION_CONTEXT() REPRESENTATION_CONTEXT('2D SPACE',''
  ) );
#1769 = ORIENTED_EDGE('',*,*,#1770,.T.);
#1770 = EDGE_CURVE('',#1738,#1771,#1773,.T.);
#1771 = VERTEX_POINT('',#1772);
#1772 = CARTESIAN_POINT('',(-1.15,-2.25,0.11));
#1773 = SURFACE_CURVE('',#1774,(#1778,#1785),.PCURVE_S1.);
#1774 = LINE('',#1775,#1776);
#1775 = CARTESIAN_POINT('',(-1.15,-2.25,1.51));
#1776 = VECTOR('',#1777,1.);
#1777 = DIRECTION('',(0.,-0.,-1.));
#1778 = PCURVE('',#1746,#1779);
#1779 = DEFINITIONAL_REPRESENTATION('',(#1780),#1784);
#1780 = LINE('',#1781,#1782);
#1781 = CARTESIAN_POINT('',(-0.,2.4));
#1782 = VECTOR('',#1783,1.);
#1783 = DIRECTION('',(1.,0.));
#1784 = ( GEOMETRIC_REPRESENTATION_CONTEXT(2) 
PARAMETRIC_REPRESENTATION_CONTEXT() REPRESENTATION_CONTEXT('2D SPACE',''
  ) );
#1785 = PCURVE('',#92,#1786);
#1786 = DEFINITIONAL_REPRESENTATION('',(#1787),#1791);
#1787 = LINE('',#1788,#1789);
#1788 = CARTESIAN_POINT('',(1.570796326795,0.));
#1789 = VECTOR('',#1790,1.);
#1790 = DIRECTION('',(0.,1.));
#1791 = ( GEOMETRIC_REPRESENTATION_CONTEXT(2) 
PARAMETRIC_REPRESENTATION_CONTEXT() REPRESENTATION_CONTEXT('2D SPACE',''
  ) );
#1792 = ORIENTED_EDGE('',*,*,#1793,.T.);
#1793 = EDGE_CURVE('',#1771,#1794,#1796,.T.);
#1794 = VERTEX_POINT('',#1795);
#1795 = CARTESIAN_POINT('',(1.15,-2.25,0.11));
#1796 = SURFACE_CURVE('',#1797,(#1801,#1808),.PCURVE_S1.);
#1797 = LINE('',#1798,#1799);
#1798 = CARTESIAN_POINT('',(1.25,-2.25,0.11));
#1799 = VECTOR('',#1800,1.);
#1800 = DIRECTION('',(1.,6.982962677686E-15,0.));
#1801 = PCURVE('',#1746,#1802);
#1802 = DEFINITIONAL_REPRESENTATION('',(#1803),#1807);
#1803 = LINE('',#1804,#1805);
#1804 = CARTESIAN_POINT('',(1.4,0.));
#1805 = VECTOR('',#1806,1.);
#1806 = DIRECTION('',(0.,-1.));
#1807 = ( GEOMETRIC_REPRESENTATION_CONTEXT(2) 
PARAMETRIC_REPRESENTATION_CONTEXT() REPRESENTATION_CONTEXT('2D SPACE',''
  ) );
#1808 = PCURVE('',#1217,#1809);
#1809 = DEFINITIONAL_REPRESENTATION('',(#1810),#1814);
#1810 = LINE('',#1811,#1812);
#1811 = CARTESIAN_POINT('',(1.570796326795,0.));
#1812 = VECTOR('',#1813,1.);
#1813 = DIRECTION('',(0.,1.));
#1814 = ( GEOMETRIC_REPRESENTATION_CONTEXT(2) 
PARAMETRIC_REPRESENTATION_CONTEXT() REPRESENTATION_CONTEXT('2D SPACE',''
  ) );
#1815 = ORIENTED_EDGE('',*,*,#1816,.T.);
#1816 = EDGE_CURVE('',#1794,#1736,#1817,.T.);
#1817 = SURFACE_CURVE('',#1818,(#1822,#1829),.PCURVE_S1.);
#1818 = LINE('',#1819,#1820);
#1819 = CARTESIAN_POINT('',(1.15,-2.25,1.51));
#1820 = VECTOR('',#1821,1.);
#1821 = DIRECTION('',(-0.,0.,1.));
#1822 = PCURVE('',#1746,#1823);
#1823 = DEFINITIONAL_REPRESENTATION('',(#1824),#1828);
#1824 = LINE('',#1825,#1826);
#1825 = CARTESIAN_POINT('',(-0.,1.E-01));
#1826 = VECTOR('',#1827,1.);
#1827 = DIRECTION('',(-1.,-0.));
#1828 = ( GEOMETRIC_REPRESENTATION_CONTEXT(2) 
PARAMETRIC_REPRESENTATION_CONTEXT() REPRESENTATION_CONTEXT('2D SPACE',''
  ) );
#1829 = PCURVE('',#352,#1830);
#1830 = DEFINITIONAL_REPRESENTATION('',(#1831),#1835);
#1831 = LINE('',#1832,#1833);
#1832 = CARTESIAN_POINT('',(1.570796326795,0.));
#1833 = VECTOR('',#1834,1.);
#1834 = DIRECTION('',(0.,-1.));
#1835 = ( GEOMETRIC_REPRESENTATION_CONTEXT(2) 
PARAMETRIC_REPRESENTATION_CONTEXT() REPRESENTATION_CONTEXT('2D SPACE',''
  ) );
#1836 = ADVANCED_FACE('',(#1837),#1851,.F.);
#1837 = FACE_BOUND('',#1838,.T.);
#1838 = EDGE_LOOP('',(#1839,#1869,#1892,#1920));
#1839 = ORIENTED_EDGE('',*,*,#1840,.T.);
#1840 = EDGE_CURVE('',#1841,#1843,#1845,.T.);
#1841 = VERTEX_POINT('',#1842);
#1842 = CARTESIAN_POINT('',(1.15,2.25,0.11));
#1843 = VERTEX_POINT('',#1844);
#1844 = CARTESIAN_POINT('',(-1.15,2.25,0.11));
#1845 = SURFACE_CURVE('',#1846,(#1850,#1862),.PCURVE_S1.);
#1846 = LINE('',#1847,#1848);
#1847 = CARTESIAN_POINT('',(1.25,2.25,0.11));
#1848 = VECTOR('',#1849,1.);
#1849 = DIRECTION('',(-1.,-6.982962677686E-15,0.));
#1850 = PCURVE('',#1851,#1856);
#1851 = PLANE('',#1852);
#1852 = AXIS2_PLACEMENT_3D('',#1853,#1854,#1855);
#1853 = CARTESIAN_POINT('',(1.25,2.25,1.51));
#1854 = DIRECTION('',(6.982962677686E-15,-1.,0.));
#1855 = DIRECTION('',(0.,0.,1.));
#1856 = DEFINITIONAL_REPRESENTATION('',(#1857),#1861);
#1857 = LINE('',#1858,#1859);
#1858 = CARTESIAN_POINT('',(-1.4,-0.));
#1859 = VECTOR('',#1860,1.);
#1860 = DIRECTION('',(0.,1.));
#1861 = ( GEOMETRIC_REPRESENTATION_CONTEXT(2) 
PARAMETRIC_REPRESENTATION_CONTEXT() REPRESENTATION_CONTEXT('2D SPACE',''
  ) );
#1862 = PCURVE('',#900,#1863);
#1863 = DEFINITIONAL_REPRESENTATION('',(#1864),#1868);
#1864 = LINE('',#1865,#1866);
#1865 = CARTESIAN_POINT('',(4.712388980385,0.));
#1866 = VECTOR('',#1867,1.);
#1867 = DIRECTION('',(0.,1.));
#1868 = ( GEOMETRIC_REPRESENTATION_CONTEXT(2) 
PARAMETRIC_REPRESENTATION_CONTEXT() REPRESENTATION_CONTEXT('2D SPACE',''
  ) );
#1869 = ORIENTED_EDGE('',*,*,#1870,.T.);
#1870 = EDGE_CURVE('',#1843,#1871,#1873,.T.);
#1871 = VERTEX_POINT('',#1872);
#1872 = CARTESIAN_POINT('',(-1.15,2.25,0.41));
#1873 = SURFACE_CURVE('',#1874,(#1878,#1885),.PCURVE_S1.);
#1874 = LINE('',#1875,#1876);
#1875 = CARTESIAN_POINT('',(-1.15,2.25,1.51));
#1876 = VECTOR('',#1877,1.);
#1877 = DIRECTION('',(-0.,0.,1.));
#1878 = PCURVE('',#1851,#1879);
#1879 = DEFINITIONAL_REPRESENTATION('',(#1880),#1884);
#1880 = LINE('',#1881,#1882);
#1881 = CARTESIAN_POINT('',(0.,2.4));
#1882 = VECTOR('',#1883,1.);
#1883 = DIRECTION('',(1.,0.));
#1884 = ( GEOMETRIC_REPRESENTATION_CONTEXT(2) 
PARAMETRIC_REPRESENTATION_CONTEXT() REPRESENTATION_CONTEXT('2D SPACE',''
  ) );
#1885 = PCURVE('',#203,#1886);
#1886 = DEFINITIONAL_REPRESENTATION('',(#1887),#1891);
#1887 = LINE('',#1888,#1889);
#1888 = CARTESIAN_POINT('',(4.712388980385,0.));
#1889 = VECTOR('',#1890,1.);
#1890 = DIRECTION('',(0.,-1.));
#1891 = ( GEOMETRIC_REPRESENTATION_CONTEXT(2) 
PARAMETRIC_REPRESENTATION_CONTEXT() REPRESENTATION_CONTEXT('2D SPACE',''
  ) );
#1892 = ORIENTED_EDGE('',*,*,#1893,.T.);
#1893 = EDGE_CURVE('',#1871,#1894,#1896,.T.);
#1894 = VERTEX_POINT('',#1895);
#1895 = CARTESIAN_POINT('',(1.15,2.25,0.41));
#1896 = SURFACE_CURVE('',#1897,(#1901,#1908),.PCURVE_S1.);
#1897 = LINE('',#1898,#1899);
#1898 = CARTESIAN_POINT('',(1.25,2.25,0.41));
#1899 = VECTOR('',#1900,1.);
#1900 = DIRECTION('',(1.,6.982962677686E-15,0.));
#1901 = PCURVE('',#1851,#1902);
#1902 = DEFINITIONAL_REPRESENTATION('',(#1903),#1907);
#1903 = LINE('',#1904,#1905);
#1904 = CARTESIAN_POINT('',(-1.1,-0.));
#1905 = VECTOR('',#1906,1.);
#1906 = DIRECTION('',(0.,-1.));
#1907 = ( GEOMETRIC_REPRESENTATION_CONTEXT(2) 
PARAMETRIC_REPRESENTATION_CONTEXT() REPRESENTATION_CONTEXT('2D SPACE',''
  ) );
#1908 = PCURVE('',#1909,#1914);
#1909 = PLANE('',#1910);
#1910 = AXIS2_PLACEMENT_3D('',#1911,#1912,#1913);
#1911 = CARTESIAN_POINT('',(-1.463213548103E-14,2.095405081827,1.51));
#1912 = DIRECTION('',(-6.915004964927E-15,0.990268068742,0.13917310096)
  );
#1913 = DIRECTION('',(1.,6.982962677686E-15,3.944304526105E-31));
#1914 = DEFINITIONAL_REPRESENTATION('',(#1915),#1919);
#1915 = LINE('',#1916,#1917);
#1916 = CARTESIAN_POINT('',(1.25,1.110810329771));
#1917 = VECTOR('',#1918,1.);
#1918 = DIRECTION('',(1.,3.944304526105E-31));
#1919 = ( GEOMETRIC_REPRESENTATION_CONTEXT(2) 
PARAMETRIC_REPRESENTATION_CONTEXT() REPRESENTATION_CONTEXT('2D SPACE',''
  ) );
#1920 = ORIENTED_EDGE('',*,*,#1921,.T.);
#1921 = EDGE_CURVE('',#1894,#1841,#1922,.T.);
#1922 = SURFACE_CURVE('',#1923,(#1927,#1934),.PCURVE_S1.);
#1923 = LINE('',#1924,#1925);
#1924 = CARTESIAN_POINT('',(1.15,2.25,1.51));
#1925 = VECTOR('',#1926,1.);
#1926 = DIRECTION('',(0.,0.,-1.));
#1927 = PCURVE('',#1851,#1928);
#1928 = DEFINITIONAL_REPRESENTATION('',(#1929),#1933);
#1929 = LINE('',#1930,#1931);
#1930 = CARTESIAN_POINT('',(0.,0.1));
#1931 = VECTOR('',#1932,1.);
#1932 = DIRECTION('',(-1.,-0.));
#1933 = ( GEOMETRIC_REPRESENTATION_CONTEXT(2) 
PARAMETRIC_REPRESENTATION_CONTEXT() REPRESENTATION_CONTEXT('2D SPACE',''
  ) );
#1934 = PCURVE('',#296,#1935);
#1935 = DEFINITIONAL_REPRESENTATION('',(#1936),#1940);
#1936 = LINE('',#1937,#1938);
#1937 = CARTESIAN_POINT('',(4.712388980385,0.));
#1938 = VECTOR('',#1939,1.);
#1939 = DIRECTION('',(0.,1.));
#1940 = ( GEOMETRIC_REPRESENTATION_CONTEXT(2) 
PARAMETRIC_REPRESENTATION_CONTEXT() REPRESENTATION_CONTEXT('2D SPACE',''
  ) );
#1941 = ADVANCED_FACE('',(#1942),#1956,.T.);
#1942 = FACE_BOUND('',#1943,.T.);
#1943 = EDGE_LOOP('',(#1944,#1974,#2002,#2030));
#1944 = ORIENTED_EDGE('',*,*,#1945,.T.);
#1945 = EDGE_CURVE('',#1946,#1948,#1950,.T.);
#1946 = VERTEX_POINT('',#1947);
#1947 = CARTESIAN_POINT('',(-1.008476408046,2.008476408046,1.51));
#1948 = VERTEX_POINT('',#1949);
#1949 = CARTESIAN_POINT('',(-1.008476408046,-2.008476408046,1.51));
#1950 = SURFACE_CURVE('',#1951,(#1955,#1967),.PCURVE_S1.);
#1951 = LINE('',#1952,#1953);
#1952 = CARTESIAN_POINT('',(-1.008476408046,-7.187938760378E-15,1.51));
#1953 = VECTOR('',#1954,1.);
#1954 = DIRECTION('',(7.127522967351E-15,-1.,0.));
#1955 = PCURVE('',#1956,#1961);
#1956 = PLANE('',#1957);
#1957 = AXIS2_PLACEMENT_3D('',#1958,#1959,#1960);
#1958 = CARTESIAN_POINT('',(0.,0.,1.51));
#1959 = DIRECTION('',(0.,0.,1.));
#1960 = DIRECTION('',(-1.,-6.982962677686E-15,0.));
#1961 = DEFINITIONAL_REPRESENTATION('',(#1962),#1966);
#1962 = LINE('',#1963,#1964);
#1963 = CARTESIAN_POINT('',(1.008476408046,1.457856416671E-16));
#1964 = VECTOR('',#1965,1.);
#1965 = DIRECTION('',(-1.445602896647E-16,1.));
#1966 = ( GEOMETRIC_REPRESENTATION_CONTEXT(2) 
PARAMETRIC_REPRESENTATION_CONTEXT() REPRESENTATION_CONTEXT('2D SPACE',''
  ) );
#1967 = PCURVE('',#147,#1968);
#1968 = DEFINITIONAL_REPRESENTATION('',(#1969),#1973);
#1969 = LINE('',#1970,#1971);
#1970 = CARTESIAN_POINT('',(1.570796326795,0.));
#1971 = VECTOR('',#1972,1.);
#1972 = DIRECTION('',(0.,1.));
#1973 = ( GEOMETRIC_REPRESENTATION_CONTEXT(2) 
PARAMETRIC_REPRESENTATION_CONTEXT() REPRESENTATION_CONTEXT('2D SPACE',''
  ) );
#1974 = ORIENTED_EDGE('',*,*,#1975,.T.);
#1975 = EDGE_CURVE('',#1948,#1976,#1978,.T.);
#1976 = VERTEX_POINT('',#1977);
#1977 = CARTESIAN_POINT('',(1.008476408046,-2.008476408046,1.51));
#1978 = SURFACE_CURVE('',#1979,(#1983,#1990),.PCURVE_S1.);
#1979 = LINE('',#1980,#1981);
#1980 = CARTESIAN_POINT('',(1.40251157964E-14,-2.008476408046,1.51));
#1981 = VECTOR('',#1982,1.);
#1982 = DIRECTION('',(1.,6.982962677686E-15,0.));
#1983 = PCURVE('',#1956,#1984);
#1984 = DEFINITIONAL_REPRESENTATION('',(#1985),#1989);
#1985 = LINE('',#1986,#1987);
#1986 = CARTESIAN_POINT('',(0.,2.008476408046));
#1987 = VECTOR('',#1988,1.);
#1988 = DIRECTION('',(-1.,0.));
#1989 = ( GEOMETRIC_REPRESENTATION_CONTEXT(2) 
PARAMETRIC_REPRESENTATION_CONTEXT() REPRESENTATION_CONTEXT('2D SPACE',''
  ) );
#1990 = PCURVE('',#1991,#1996);
#1991 = CYLINDRICAL_SURFACE('',#1992,0.1);
#1992 = AXIS2_PLACEMENT_3D('',#1993,#1994,#1995);
#1993 = CARTESIAN_POINT('',(1.40251157964E-14,-2.008476408046,1.41));
#1994 = DIRECTION('',(1.,6.982962677686E-15,0.));
#1995 = DIRECTION('',(0.,-0.,1.));
#1996 = DEFINITIONAL_REPRESENTATION('',(#1997),#2001);
#1997 = LINE('',#1998,#1999);
#1998 = CARTESIAN_POINT('',(0.,0.));
#1999 = VECTOR('',#2000,1.);
#2000 = DIRECTION('',(0.,1.));
#2001 = ( GEOMETRIC_REPRESENTATION_CONTEXT(2) 
PARAMETRIC_REPRESENTATION_CONTEXT() REPRESENTATION_CONTEXT('2D SPACE',''
  ) );
#2002 = ORIENTED_EDGE('',*,*,#2003,.T.);
#2003 = EDGE_CURVE('',#1976,#2004,#2006,.T.);
#2004 = VERTEX_POINT('',#2005);
#2005 = CARTESIAN_POINT('',(1.008476408046,2.008476408046,1.51));
#2006 = SURFACE_CURVE('',#2007,(#2011,#2018),.PCURVE_S1.);
#2007 = LINE('',#2008,#2009);
#2008 = CARTESIAN_POINT('',(1.008476408046,7.187938760378E-15,1.51));
#2009 = VECTOR('',#2010,1.);
#2010 = DIRECTION('',(-7.127522967351E-15,1.,0.));
#2011 = PCURVE('',#1956,#2012);
#2012 = DEFINITIONAL_REPRESENTATION('',(#2013),#2017);
#2013 = LINE('',#2014,#2015);
#2014 = CARTESIAN_POINT('',(-1.008476408046,-1.457856416671E-16));
#2015 = VECTOR('',#2016,1.);
#2016 = DIRECTION('',(1.445602896647E-16,-1.));
#2017 = ( GEOMETRIC_REPRESENTATION_CONTEXT(2) 
PARAMETRIC_REPRESENTATION_CONTEXT() REPRESENTATION_CONTEXT('2D SPACE',''
  ) );
#2018 = PCURVE('',#2019,#2024);
#2019 = CYLINDRICAL_SURFACE('',#2020,0.1);
#2020 = AXIS2_PLACEMENT_3D('',#2021,#2022,#2023);
#2021 = CARTESIAN_POINT('',(1.008476408046,7.187938760378E-15,1.41));
#2022 = DIRECTION('',(-7.127522967351E-15,1.,0.));
#2023 = DIRECTION('',(-1.,-7.127522967351E-15,0.));
#2024 = DEFINITIONAL_REPRESENTATION('',(#2025),#2029);
#2025 = LINE('',#2026,#2027);
#2026 = CARTESIAN_POINT('',(1.570796326795,0.));
#2027 = VECTOR('',#2028,1.);
#2028 = DIRECTION('',(0.,1.));
#2029 = ( GEOMETRIC_REPRESENTATION_CONTEXT(2) 
PARAMETRIC_REPRESENTATION_CONTEXT() REPRESENTATION_CONTEXT('2D SPACE',''
  ) );
#2030 = ORIENTED_EDGE('',*,*,#2031,.T.);
#2031 = EDGE_CURVE('',#2004,#1946,#2032,.T.);
#2032 = SURFACE_CURVE('',#2033,(#2037,#2044),.PCURVE_S1.);
#2033 = LINE('',#2034,#2035);
#2034 = CARTESIAN_POINT('',(-1.40251157964E-14,2.008476408046,1.51));
#2035 = VECTOR('',#2036,1.);
#2036 = DIRECTION('',(-1.,-6.982962677686E-15,0.));
#2037 = PCURVE('',#1956,#2038);
#2038 = DEFINITIONAL_REPRESENTATION('',(#2039),#2043);
#2039 = LINE('',#2040,#2041);
#2040 = CARTESIAN_POINT('',(0.,-2.008476408046));
#2041 = VECTOR('',#2042,1.);
#2042 = DIRECTION('',(1.,0.));
#2043 = ( GEOMETRIC_REPRESENTATION_CONTEXT(2) 
PARAMETRIC_REPRESENTATION_CONTEXT() REPRESENTATION_CONTEXT('2D SPACE',''
  ) );
#2044 = PCURVE('',#2045,#2050);
#2045 = CYLINDRICAL_SURFACE('',#2046,0.1);
#2046 = AXIS2_PLACEMENT_3D('',#2047,#2048,#2049);
#2047 = CARTESIAN_POINT('',(-1.40251157964E-14,2.008476408046,1.41));
#2048 = DIRECTION('',(-1.,-6.982962677686E-15,0.));
#2049 = DIRECTION('',(-0.,0.,-1.));
#2050 = DEFINITIONAL_REPRESENTATION('',(#2051),#2055);
#2051 = LINE('',#2052,#2053);
#2052 = CARTESIAN_POINT('',(3.14159265359,0.));
#2053 = VECTOR('',#2054,1.);
#2054 = DIRECTION('',(0.,1.));
#2055 = ( GEOMETRIC_REPRESENTATION_CONTEXT(2) 
PARAMETRIC_REPRESENTATION_CONTEXT() REPRESENTATION_CONTEXT('2D SPACE',''
  ) );
#2056 = ADVANCED_FACE('',(#2057),#1758,.T.);
#2057 = FACE_BOUND('',#2058,.T.);
#2058 = EDGE_LOOP('',(#2059,#2084,#2106,#2107,#2131,#2159));
#2059 = ORIENTED_EDGE('',*,*,#2060,.T.);
#2060 = EDGE_CURVE('',#2061,#2063,#2065,.T.);
#2061 = VERTEX_POINT('',#2062);
#2062 = CARTESIAN_POINT('',(-1.008476408046,-2.10750321492,
    1.423917310096));
#2063 = VERTEX_POINT('',#2064);
#2064 = CARTESIAN_POINT('',(-1.150968503025,-2.249995309899,
    0.410033371799));
#2065 = SURFACE_CURVE('',#2066,(#2070,#2077),.PCURVE_S1.);
#2066 = LINE('',#2067,#2068);
#2067 = CARTESIAN_POINT('',(-0.977445975257,-2.076472782131,
    1.644710312037));
#2068 = VECTOR('',#2069,1.);
#2069 = DIRECTION('',(-0.137844537492,-0.137844537492,-0.980814848464));
#2070 = PCURVE('',#1758,#2071);
#2071 = DEFINITIONAL_REPRESENTATION('',(#2072),#2076);
#2072 = LINE('',#2073,#2074);
#2073 = CARTESIAN_POINT('',(0.977445975257,-0.136034187397));
#2074 = VECTOR('',#2075,1.);
#2075 = DIRECTION('',(0.137844537492,0.990453877515));
#2076 = ( GEOMETRIC_REPRESENTATION_CONTEXT(2) 
PARAMETRIC_REPRESENTATION_CONTEXT() REPRESENTATION_CONTEXT('2D SPACE',''
  ) );
#2077 = PCURVE('',#119,#2078);
#2078 = DEFINITIONAL_REPRESENTATION('',(#2079),#2083);
#2079 = LINE('',#2080,#2081);
#2080 = CARTESIAN_POINT('',(1.551425963458,-0.137844537492));
#2081 = VECTOR('',#2082,1.);
#2082 = DIRECTION('',(1.933221087493E-15,-1.));
#2083 = ( GEOMETRIC_REPRESENTATION_CONTEXT(2) 
PARAMETRIC_REPRESENTATION_CONTEXT() REPRESENTATION_CONTEXT('2D SPACE',''
  ) );
#2084 = ORIENTED_EDGE('',*,*,#2085,.T.);
#2085 = EDGE_CURVE('',#2063,#1738,#2086,.T.);
#2086 = SURFACE_CURVE('',#2087,(#2092,#2100),.PCURVE_S1.);
#2087 = ( BOUNDED_CURVE() B_SPLINE_CURVE(3,(#2088,#2089,#2090,#2091),
.UNSPECIFIED.,.F.,.F.) B_SPLINE_CURVE_WITH_KNOTS((4,4),(6.273500125511,
6.28318530718),.PIECEWISE_BEZIER_KNOTS.) CURVE() 
GEOMETRIC_REPRESENTATION_ITEM() RATIONAL_B_SPLINE_CURVE((1.,
0.99999218312,0.99999218312,1.)) REPRESENTATION_ITEM('') );
#2088 = CARTESIAN_POINT('',(-1.150968503025,-2.249995309899,
    0.410033371799));
#2089 = CARTESIAN_POINT('',(-1.150645677516,-2.249998436621,
    0.41001112402));
#2090 = CARTESIAN_POINT('',(-1.150322840651,-2.25,0.41));
#2091 = CARTESIAN_POINT('',(-1.15,-2.25,0.41));
#2092 = PCURVE('',#1758,#2093);
#2093 = DEFINITIONAL_REPRESENTATION('',(#2094),#2099);
#2094 = ( BOUNDED_CURVE() B_SPLINE_CURVE(3,(#2095,#2096,#2097,#2098),
.UNSPECIFIED.,.F.,.F.) B_SPLINE_CURVE_WITH_KNOTS((4,4),(6.273500125511,
6.28318530718),.PIECEWISE_BEZIER_KNOTS.) CURVE() 
GEOMETRIC_REPRESENTATION_ITEM() RATIONAL_B_SPLINE_CURVE((1.,
0.99999218312,0.99999218312,1.)) REPRESENTATION_ITEM('') );
#2095 = CARTESIAN_POINT('',(1.150968503025,1.110776630007));
#2096 = CARTESIAN_POINT('',(1.150645677516,1.110799096428));
#2097 = CARTESIAN_POINT('',(1.150322840651,1.110810329771));
#2098 = CARTESIAN_POINT('',(1.15,1.110810329771));
#2099 = ( GEOMETRIC_REPRESENTATION_CONTEXT(2) 
PARAMETRIC_REPRESENTATION_CONTEXT() REPRESENTATION_CONTEXT('2D SPACE',''
  ) );
#2100 = PCURVE('',#92,#2101);
#2101 = DEFINITIONAL_REPRESENTATION('',(#2102),#2105);
#2102 = B_SPLINE_CURVE_WITH_KNOTS('',1,(#2103,#2104),.UNSPECIFIED.,.F.,
  .F.,(2,2),(6.273500125511,6.28318530718),.PIECEWISE_BEZIER_KNOTS.);
#2103 = CARTESIAN_POINT('',(1.580481508463,1.099966628201));
#2104 = CARTESIAN_POINT('',(1.570796326795,1.1));
#2105 = ( GEOMETRIC_REPRESENTATION_CONTEXT(2) 
PARAMETRIC_REPRESENTATION_CONTEXT() REPRESENTATION_CONTEXT('2D SPACE',''
  ) );
#2106 = ORIENTED_EDGE('',*,*,#1735,.F.);
#2107 = ORIENTED_EDGE('',*,*,#2108,.T.);
#2108 = EDGE_CURVE('',#1736,#2109,#2111,.T.);
#2109 = VERTEX_POINT('',#2110);
#2110 = CARTESIAN_POINT('',(1.150968503025,-2.249995309899,
    0.410033371799));
#2111 = SURFACE_CURVE('',#2112,(#2117,#2125),.PCURVE_S1.);
#2112 = ( BOUNDED_CURVE() B_SPLINE_CURVE(3,(#2113,#2114,#2115,#2116),
.UNSPECIFIED.,.F.,.F.) B_SPLINE_CURVE_WITH_KNOTS((4,4),(
    1.690654702198E-15,9.685181668471E-03),.PIECEWISE_BEZIER_KNOTS.) 
CURVE() GEOMETRIC_REPRESENTATION_ITEM() RATIONAL_B_SPLINE_CURVE((1.,
0.99999218312,0.99999218312,1.)) REPRESENTATION_ITEM('') );
#2113 = CARTESIAN_POINT('',(1.15,-2.25,0.41));
#2114 = CARTESIAN_POINT('',(1.150322840651,-2.25,0.41));
#2115 = CARTESIAN_POINT('',(1.150645677516,-2.249998436621,0.41001112402
    ));
#2116 = CARTESIAN_POINT('',(1.150968503025,-2.249995309899,
    0.410033371799));
#2117 = PCURVE('',#1758,#2118);
#2118 = DEFINITIONAL_REPRESENTATION('',(#2119),#2124);
#2119 = ( BOUNDED_CURVE() B_SPLINE_CURVE(3,(#2120,#2121,#2122,#2123),
.UNSPECIFIED.,.F.,.F.) B_SPLINE_CURVE_WITH_KNOTS((4,4),(
    1.690654702198E-15,9.685181668471E-03),.PIECEWISE_BEZIER_KNOTS.) 
CURVE() GEOMETRIC_REPRESENTATION_ITEM() RATIONAL_B_SPLINE_CURVE((1.,
0.99999218312,0.99999218312,1.)) REPRESENTATION_ITEM('') );
#2120 = CARTESIAN_POINT('',(-1.15,1.110810329771));
#2121 = CARTESIAN_POINT('',(-1.150322840651,1.110810329771));
#2122 = CARTESIAN_POINT('',(-1.150645677516,1.110799096428));
#2123 = CARTESIAN_POINT('',(-1.150968503025,1.110776630007));
#2124 = ( GEOMETRIC_REPRESENTATION_CONTEXT(2) 
PARAMETRIC_REPRESENTATION_CONTEXT() REPRESENTATION_CONTEXT('2D SPACE',''
  ) );
#2125 = PCURVE('',#352,#2126);
#2126 = DEFINITIONAL_REPRESENTATION('',(#2127),#2130);
#2127 = B_SPLINE_CURVE_WITH_KNOTS('',1,(#2128,#2129),.UNSPECIFIED.,.F.,
  .F.,(2,2),(1.690654702198E-15,9.685181668471E-03),
  .PIECEWISE_BEZIER_KNOTS.);
#2128 = CARTESIAN_POINT('',(1.570796326795,1.1));
#2129 = CARTESIAN_POINT('',(1.561111145126,1.099966628201));
#2130 = ( GEOMETRIC_REPRESENTATION_CONTEXT(2) 
PARAMETRIC_REPRESENTATION_CONTEXT() REPRESENTATION_CONTEXT('2D SPACE',''
  ) );
#2131 = ORIENTED_EDGE('',*,*,#2132,.T.);
#2132 = EDGE_CURVE('',#2109,#2133,#2135,.T.);
#2133 = VERTEX_POINT('',#2134);
#2134 = CARTESIAN_POINT('',(1.008476408046,-2.10750321492,1.423917310096
    ));
#2135 = SURFACE_CURVE('',#2136,(#2140,#2147),.PCURVE_S1.);
#2136 = LINE('',#2137,#2138);
#2137 = CARTESIAN_POINT('',(0.977445975257,-2.076472782131,
    1.644710312037));
#2138 = VECTOR('',#2139,1.);
#2139 = DIRECTION('',(-0.137844537492,0.137844537492,0.980814848464));
#2140 = PCURVE('',#1758,#2141);
#2141 = DEFINITIONAL_REPRESENTATION('',(#2142),#2146);
#2142 = LINE('',#2143,#2144);
#2143 = CARTESIAN_POINT('',(-0.977445975257,-0.136034187397));
#2144 = VECTOR('',#2145,1.);
#2145 = DIRECTION('',(0.137844537492,-0.990453877515));
#2146 = ( GEOMETRIC_REPRESENTATION_CONTEXT(2) 
PARAMETRIC_REPRESENTATION_CONTEXT() REPRESENTATION_CONTEXT('2D SPACE',''
  ) );
#2147 = PCURVE('',#2148,#2153);
#2148 = CYLINDRICAL_SURFACE('',#2149,1.E-01);
#2149 = AXIS2_PLACEMENT_3D('',#2150,#2151,#2152);
#2150 = CARTESIAN_POINT('',(0.95844485874,-1.95844485874,1.765992971092)
  );
#2151 = DIRECTION('',(0.137844537492,-0.137844537492,-0.980814848464));
#2152 = DIRECTION('',(0.990268068742,8.68402572074E-15,0.13917310096));
#2153 = DEFINITIONAL_REPRESENTATION('',(#2154),#2158);
#2154 = LINE('',#2155,#2156);
#2155 = CARTESIAN_POINT('',(1.551425963458,0.137844537492));
#2156 = VECTOR('',#2157,1.);
#2157 = DIRECTION('',(0.,-1.));
#2158 = ( GEOMETRIC_REPRESENTATION_CONTEXT(2) 
PARAMETRIC_REPRESENTATION_CONTEXT() REPRESENTATION_CONTEXT('2D SPACE',''
  ) );
#2159 = ORIENTED_EDGE('',*,*,#2160,.T.);
#2160 = EDGE_CURVE('',#2133,#2061,#2161,.T.);
#2161 = SURFACE_CURVE('',#2162,(#2166,#2173),.PCURVE_S1.);
#2162 = LINE('',#2163,#2164);
#2163 = CARTESIAN_POINT('',(1.471661629289E-14,-2.10750321492,
    1.423917310096));
#2164 = VECTOR('',#2165,1.);
#2165 = DIRECTION('',(-1.,-6.982962677686E-15,-0.));
#2166 = PCURVE('',#1758,#2167);
#2167 = DEFINITIONAL_REPRESENTATION('',(#2168),#2172);
#2168 = LINE('',#2169,#2170);
#2169 = CARTESIAN_POINT('',(-1.537719734918E-30,8.692867378162E-02));
#2170 = VECTOR('',#2171,1.);
#2171 = DIRECTION('',(1.,3.944304526105E-31));
#2172 = ( GEOMETRIC_REPRESENTATION_CONTEXT(2) 
PARAMETRIC_REPRESENTATION_CONTEXT() REPRESENTATION_CONTEXT('2D SPACE',''
  ) );
#2173 = PCURVE('',#1991,#2174);
#2174 = DEFINITIONAL_REPRESENTATION('',(#2175),#2179);
#2175 = LINE('',#2176,#2177);
#2176 = CARTESIAN_POINT('',(1.431169986635,0.));
#2177 = VECTOR('',#2178,1.);
#2178 = DIRECTION('',(0.,-1.));
#2179 = ( GEOMETRIC_REPRESENTATION_CONTEXT(2) 
PARAMETRIC_REPRESENTATION_CONTEXT() REPRESENTATION_CONTEXT('2D SPACE',''
  ) );
#2180 = ADVANCED_FACE('',(#2181),#324,.T.);
#2181 = FACE_BOUND('',#2182,.T.);
#2182 = EDGE_LOOP('',(#2183,#2184,#2208,#2236,#2259,#2282));
#2183 = ORIENTED_EDGE('',*,*,#308,.F.);
#2184 = ORIENTED_EDGE('',*,*,#2185,.T.);
#2185 = EDGE_CURVE('',#281,#2186,#2188,.T.);
#2186 = VERTEX_POINT('',#2187);
#2187 = CARTESIAN_POINT('',(1.249995309899,2.150968503025,0.410033371799
    ));
#2188 = SURFACE_CURVE('',#2189,(#2194,#2202),.PCURVE_S1.);
#2189 = ( BOUNDED_CURVE() B_SPLINE_CURVE(3,(#2190,#2191,#2192,#2193),
.UNSPECIFIED.,.F.,.F.) B_SPLINE_CURVE_WITH_KNOTS((4,4),(
    -7.105427357601E-15,9.685181668462E-03),.PIECEWISE_BEZIER_KNOTS.) 
CURVE() GEOMETRIC_REPRESENTATION_ITEM() RATIONAL_B_SPLINE_CURVE((1.,
0.99999218312,0.99999218312,1.)) REPRESENTATION_ITEM('') );
#2190 = CARTESIAN_POINT('',(1.25,2.15,0.41));
#2191 = CARTESIAN_POINT('',(1.25,2.150322840651,0.41));
#2192 = CARTESIAN_POINT('',(1.249998436621,2.150645677516,0.41001112402)
  );
#2193 = CARTESIAN_POINT('',(1.249995309899,2.150968503025,0.410033371799
    ));
#2194 = PCURVE('',#324,#2195);
#2195 = DEFINITIONAL_REPRESENTATION('',(#2196),#2201);
#2196 = ( BOUNDED_CURVE() B_SPLINE_CURVE(3,(#2197,#2198,#2199,#2200),
.UNSPECIFIED.,.F.,.F.) B_SPLINE_CURVE_WITH_KNOTS((4,4),(
    -7.105427357601E-15,9.685181668462E-03),.PIECEWISE_BEZIER_KNOTS.) 
CURVE() GEOMETRIC_REPRESENTATION_ITEM() RATIONAL_B_SPLINE_CURVE((1.,
0.99999218312,0.99999218312,1.)) REPRESENTATION_ITEM('') );
#2197 = CARTESIAN_POINT('',(-2.15,1.110810329771));
#2198 = CARTESIAN_POINT('',(-2.150322840651,1.110810329771));
#2199 = CARTESIAN_POINT('',(-2.150645677516,1.110799096428));
#2200 = CARTESIAN_POINT('',(-2.150968503025,1.110776630007));
#2201 = ( GEOMETRIC_REPRESENTATION_CONTEXT(2) 
PARAMETRIC_REPRESENTATION_CONTEXT() REPRESENTATION_CONTEXT('2D SPACE',''
  ) );
#2202 = PCURVE('',#296,#2203);
#2203 = DEFINITIONAL_REPRESENTATION('',(#2204),#2207);
#2204 = B_SPLINE_CURVE_WITH_KNOTS('',1,(#2205,#2206),.UNSPECIFIED.,.F.,
  .F.,(2,2),(-7.105427357601E-15,9.685181668462E-03),
  .PIECEWISE_BEZIER_KNOTS.);
#2205 = CARTESIAN_POINT('',(6.28318530718,1.1));
#2206 = CARTESIAN_POINT('',(6.273500125511,1.099966628201));
#2207 = ( GEOMETRIC_REPRESENTATION_CONTEXT(2) 
PARAMETRIC_REPRESENTATION_CONTEXT() REPRESENTATION_CONTEXT('2D SPACE',''
  ) );
#2208 = ORIENTED_EDGE('',*,*,#2209,.T.);
#2209 = EDGE_CURVE('',#2186,#2210,#2212,.T.);
#2210 = VERTEX_POINT('',#2211);
#2211 = CARTESIAN_POINT('',(1.10750321492,2.008476408046,1.423917310096)
  );
#2212 = SURFACE_CURVE('',#2213,(#2217,#2224),.PCURVE_S1.);
#2213 = LINE('',#2214,#2215);
#2214 = CARTESIAN_POINT('',(1.057471665614,1.95844485874,1.779910281188)
  );
#2215 = VECTOR('',#2216,1.);
#2216 = DIRECTION('',(-0.137844537492,-0.137844537492,0.980814848464));
#2217 = PCURVE('',#324,#2218);
#2218 = DEFINITIONAL_REPRESENTATION('',(#2219),#2223);
#2219 = LINE('',#2220,#2221);
#2220 = CARTESIAN_POINT('',(-1.95844485874,-0.27256284405));
#2221 = VECTOR('',#2222,1.);
#2222 = DIRECTION('',(0.137844537492,-0.990453877515));
#2223 = ( GEOMETRIC_REPRESENTATION_CONTEXT(2) 
PARAMETRIC_REPRESENTATION_CONTEXT() REPRESENTATION_CONTEXT('2D SPACE',''
  ) );
#2224 = PCURVE('',#2225,#2230);
#2225 = CYLINDRICAL_SURFACE('',#2226,1.E-01);
#2226 = AXIS2_PLACEMENT_3D('',#2227,#2228,#2229);
#2227 = CARTESIAN_POINT('',(0.977445975257,1.977445975257,1.630793001941
    ));
#2228 = DIRECTION('',(0.137844537492,0.137844537492,-0.980814848464));
#2229 = DIRECTION('',(0.990268068742,8.618106228653E-15,0.13917310096));
#2230 = DEFINITIONAL_REPRESENTATION('',(#2231),#2235);
#2231 = LINE('',#2232,#2233);
#2232 = CARTESIAN_POINT('',(6.28318530718,-0.137844537492));
#2233 = VECTOR('',#2234,1.);
#2234 = DIRECTION('',(0.,-1.));
#2235 = ( GEOMETRIC_REPRESENTATION_CONTEXT(2) 
PARAMETRIC_REPRESENTATION_CONTEXT() REPRESENTATION_CONTEXT('2D SPACE',''
  ) );
#2236 = ORIENTED_EDGE('',*,*,#2237,.T.);
#2237 = EDGE_CURVE('',#2210,#2238,#2240,.T.);
#2238 = VERTEX_POINT('',#2239);
#2239 = CARTESIAN_POINT('',(1.10750321492,-2.008476408046,1.423917310096
    ));
#2240 = SURFACE_CURVE('',#2241,(#2245,#2252),.PCURVE_S1.);
#2241 = LINE('',#2242,#2243);
#2242 = CARTESIAN_POINT('',(1.10750321492,7.893754600757E-15,
    1.423917310096));
#2243 = VECTOR('',#2244,1.);
#2244 = DIRECTION('',(7.127522967351E-15,-1.,6.645327167176E-35));
#2245 = PCURVE('',#324,#2246);
#2246 = DEFINITIONAL_REPRESENTATION('',(#2247),#2251);
#2247 = LINE('',#2248,#2249);
#2248 = CARTESIAN_POINT('',(2.542170259272E-30,8.692867378162E-02));
#2249 = VECTOR('',#2250,1.);
#2250 = DIRECTION('',(1.,3.943659206746E-31));
#2251 = ( GEOMETRIC_REPRESENTATION_CONTEXT(2) 
PARAMETRIC_REPRESENTATION_CONTEXT() REPRESENTATION_CONTEXT('2D SPACE',''
  ) );
#2252 = PCURVE('',#2019,#2253);
#2253 = DEFINITIONAL_REPRESENTATION('',(#2254),#2258);
#2254 = LINE('',#2255,#2256);
#2255 = CARTESIAN_POINT('',(3.00196631343,0.));
#2256 = VECTOR('',#2257,1.);
#2257 = DIRECTION('',(0.,-1.));
#2258 = ( GEOMETRIC_REPRESENTATION_CONTEXT(2) 
PARAMETRIC_REPRESENTATION_CONTEXT() REPRESENTATION_CONTEXT('2D SPACE',''
  ) );
#2259 = ORIENTED_EDGE('',*,*,#2260,.T.);
#2260 = EDGE_CURVE('',#2238,#2261,#2263,.T.);
#2261 = VERTEX_POINT('',#2262);
#2262 = CARTESIAN_POINT('',(1.249995309899,-2.150968503025,
    0.410033371799));
#2263 = SURFACE_CURVE('',#2264,(#2268,#2275),.PCURVE_S1.);
#2264 = LINE('',#2265,#2266);
#2265 = CARTESIAN_POINT('',(1.057471665614,-1.95844485874,1.779910281188
    ));
#2266 = VECTOR('',#2267,1.);
#2267 = DIRECTION('',(0.137844537492,-0.137844537492,-0.980814848464));
#2268 = PCURVE('',#324,#2269);
#2269 = DEFINITIONAL_REPRESENTATION('',(#2270),#2274);
#2270 = LINE('',#2271,#2272);
#2271 = CARTESIAN_POINT('',(1.95844485874,-0.27256284405));
#2272 = VECTOR('',#2273,1.);
#2273 = DIRECTION('',(0.137844537492,0.990453877515));
#2274 = ( GEOMETRIC_REPRESENTATION_CONTEXT(2) 
PARAMETRIC_REPRESENTATION_CONTEXT() REPRESENTATION_CONTEXT('2D SPACE',''
  ) );
#2275 = PCURVE('',#2148,#2276);
#2276 = DEFINITIONAL_REPRESENTATION('',(#2277),#2281);
#2277 = LINE('',#2278,#2279);
#2278 = CARTESIAN_POINT('',(0.,-5.551115123126E-17));
#2279 = VECTOR('',#2280,1.);
#2280 = DIRECTION('',(0.,1.));
#2281 = ( GEOMETRIC_REPRESENTATION_CONTEXT(2) 
PARAMETRIC_REPRESENTATION_CONTEXT() REPRESENTATION_CONTEXT('2D SPACE',''
  ) );
#2282 = ORIENTED_EDGE('',*,*,#2283,.T.);
#2283 = EDGE_CURVE('',#2261,#309,#2284,.T.);
#2284 = SURFACE_CURVE('',#2285,(#2290,#2298),.PCURVE_S1.);
#2285 = ( BOUNDED_CURVE() B_SPLINE_CURVE(3,(#2286,#2287,#2288,#2289),
.UNSPECIFIED.,.F.,.F.) B_SPLINE_CURVE_WITH_KNOTS((4,4),(6.273500125511,
6.28318530718),.PIECEWISE_BEZIER_KNOTS.) CURVE() 
GEOMETRIC_REPRESENTATION_ITEM() RATIONAL_B_SPLINE_CURVE((1.,
0.99999218312,0.99999218312,1.)) REPRESENTATION_ITEM('') );
#2286 = CARTESIAN_POINT('',(1.249995309899,-2.150968503025,
    0.410033371799));
#2287 = CARTESIAN_POINT('',(1.249998436621,-2.150645677516,0.41001112402
    ));
#2288 = CARTESIAN_POINT('',(1.25,-2.150322840651,0.41));
#2289 = CARTESIAN_POINT('',(1.25,-2.15,0.41));
#2290 = PCURVE('',#324,#2291);
#2291 = DEFINITIONAL_REPRESENTATION('',(#2292),#2297);
#2292 = ( BOUNDED_CURVE() B_SPLINE_CURVE(3,(#2293,#2294,#2295,#2296),
.UNSPECIFIED.,.F.,.F.) B_SPLINE_CURVE_WITH_KNOTS((4,4),(6.273500125511,
6.28318530718),.PIECEWISE_BEZIER_KNOTS.) CURVE() 
GEOMETRIC_REPRESENTATION_ITEM() RATIONAL_B_SPLINE_CURVE((1.,
0.99999218312,0.99999218312,1.)) REPRESENTATION_ITEM('') );
#2293 = CARTESIAN_POINT('',(2.150968503025,1.110776630007));
#2294 = CARTESIAN_POINT('',(2.150645677516,1.110799096428));
#2295 = CARTESIAN_POINT('',(2.150322840651,1.110810329771));
#2296 = CARTESIAN_POINT('',(2.15,1.110810329771));
#2297 = ( GEOMETRIC_REPRESENTATION_CONTEXT(2) 
PARAMETRIC_REPRESENTATION_CONTEXT() REPRESENTATION_CONTEXT('2D SPACE',''
  ) );
#2298 = PCURVE('',#352,#2299);
#2299 = DEFINITIONAL_REPRESENTATION('',(#2300),#2303);
#2300 = B_SPLINE_CURVE_WITH_KNOTS('',1,(#2301,#2302),.UNSPECIFIED.,.F.,
  .F.,(2,2),(6.273500125511,6.28318530718),.PIECEWISE_BEZIER_KNOTS.);
#2301 = CARTESIAN_POINT('',(9.685181668459E-03,1.099966628201));
#2302 = CARTESIAN_POINT('',(0.,1.1));
#2303 = ( GEOMETRIC_REPRESENTATION_CONTEXT(2) 
PARAMETRIC_REPRESENTATION_CONTEXT() REPRESENTATION_CONTEXT('2D SPACE',''
  ) );
#2304 = ADVANCED_FACE('',(#2305),#1909,.T.);
#2305 = FACE_BOUND('',#2306,.T.);
#2306 = EDGE_LOOP('',(#2307,#2308,#2332,#2355,#2378,#2401));
#2307 = ORIENTED_EDGE('',*,*,#1893,.F.);
#2308 = ORIENTED_EDGE('',*,*,#2309,.T.);
#2309 = EDGE_CURVE('',#1871,#2310,#2312,.T.);
#2310 = VERTEX_POINT('',#2311);
#2311 = CARTESIAN_POINT('',(-1.150968503025,2.249995309899,
    0.410033371799));
#2312 = SURFACE_CURVE('',#2313,(#2318,#2326),.PCURVE_S1.);
#2313 = ( BOUNDED_CURVE() B_SPLINE_CURVE(3,(#2314,#2315,#2316,#2317),
.UNSPECIFIED.,.F.,.F.) B_SPLINE_CURVE_WITH_KNOTS((4,4),(
    1.690654702198E-15,9.685181668467E-03),.PIECEWISE_BEZIER_KNOTS.) 
CURVE() GEOMETRIC_REPRESENTATION_ITEM() RATIONAL_B_SPLINE_CURVE((1.,
0.99999218312,0.99999218312,1.)) REPRESENTATION_ITEM('') );
#2314 = CARTESIAN_POINT('',(-1.15,2.25,0.41));
#2315 = CARTESIAN_POINT('',(-1.150322840651,2.25,0.41));
#2316 = CARTESIAN_POINT('',(-1.150645677516,2.249998436621,0.41001112402
    ));
#2317 = CARTESIAN_POINT('',(-1.150968503025,2.249995309899,
    0.410033371799));
#2318 = PCURVE('',#1909,#2319);
#2319 = DEFINITIONAL_REPRESENTATION('',(#2320),#2325);
#2320 = ( BOUNDED_CURVE() B_SPLINE_CURVE(3,(#2321,#2322,#2323,#2324),
.UNSPECIFIED.,.F.,.F.) B_SPLINE_CURVE_WITH_KNOTS((4,4),(
    1.690654702198E-15,9.685181668467E-03),.PIECEWISE_BEZIER_KNOTS.) 
CURVE() GEOMETRIC_REPRESENTATION_ITEM() RATIONAL_B_SPLINE_CURVE((1.,
0.99999218312,0.99999218312,1.)) REPRESENTATION_ITEM('') );
#2321 = CARTESIAN_POINT('',(-1.15,1.110810329771));
#2322 = CARTESIAN_POINT('',(-1.150322840651,1.110810329771));
#2323 = CARTESIAN_POINT('',(-1.150645677516,1.110799096428));
#2324 = CARTESIAN_POINT('',(-1.150968503025,1.110776630007));
#2325 = ( GEOMETRIC_REPRESENTATION_CONTEXT(2) 
PARAMETRIC_REPRESENTATION_CONTEXT() REPRESENTATION_CONTEXT('2D SPACE',''
  ) );
#2326 = PCURVE('',#203,#2327);
#2327 = DEFINITIONAL_REPRESENTATION('',(#2328),#2331);
#2328 = B_SPLINE_CURVE_WITH_KNOTS('',1,(#2329,#2330),.UNSPECIFIED.,.F.,
  .F.,(2,2),(1.690654702198E-15,9.685181668467E-03),
  .PIECEWISE_BEZIER_KNOTS.);
#2329 = CARTESIAN_POINT('',(4.712388980385,1.1));
#2330 = CARTESIAN_POINT('',(4.702703798716,1.099966628201));
#2331 = ( GEOMETRIC_REPRESENTATION_CONTEXT(2) 
PARAMETRIC_REPRESENTATION_CONTEXT() REPRESENTATION_CONTEXT('2D SPACE',''
  ) );
#2332 = ORIENTED_EDGE('',*,*,#2333,.T.);
#2333 = EDGE_CURVE('',#2310,#2334,#2336,.T.);
#2334 = VERTEX_POINT('',#2335);
#2335 = CARTESIAN_POINT('',(-1.008476408046,2.10750321492,1.423917310096
    ));
#2336 = SURFACE_CURVE('',#2337,(#2341,#2348),.PCURVE_S1.);
#2337 = LINE('',#2338,#2339);
#2338 = CARTESIAN_POINT('',(-0.977445975257,2.076472782131,
    1.644710312037));
#2339 = VECTOR('',#2340,1.);
#2340 = DIRECTION('',(0.137844537492,-0.137844537492,0.980814848464));
#2341 = PCURVE('',#1909,#2342);
#2342 = DEFINITIONAL_REPRESENTATION('',(#2343),#2347);
#2343 = LINE('',#2344,#2345);
#2344 = CARTESIAN_POINT('',(-0.977445975257,-0.136034187397));
#2345 = VECTOR('',#2346,1.);
#2346 = DIRECTION('',(0.137844537492,-0.990453877515));
#2347 = ( GEOMETRIC_REPRESENTATION_CONTEXT(2) 
PARAMETRIC_REPRESENTATION_CONTEXT() REPRESENTATION_CONTEXT('2D SPACE',''
  ) );
#2348 = PCURVE('',#175,#2349);
#2349 = DEFINITIONAL_REPRESENTATION('',(#2350),#2354);
#2350 = LINE('',#2351,#2352);
#2351 = CARTESIAN_POINT('',(4.731759343722,0.));
#2352 = VECTOR('',#2353,1.);
#2353 = DIRECTION('',(0.,1.));
#2354 = ( GEOMETRIC_REPRESENTATION_CONTEXT(2) 
PARAMETRIC_REPRESENTATION_CONTEXT() REPRESENTATION_CONTEXT('2D SPACE',''
  ) );
#2355 = ORIENTED_EDGE('',*,*,#2356,.T.);
#2356 = EDGE_CURVE('',#2334,#2357,#2359,.T.);
#2357 = VERTEX_POINT('',#2358);
#2358 = CARTESIAN_POINT('',(1.008476408046,2.10750321492,1.423917310096)
  );
#2359 = SURFACE_CURVE('',#2360,(#2364,#2371),.PCURVE_S1.);
#2360 = LINE('',#2361,#2362);
#2361 = CARTESIAN_POINT('',(-1.471661629289E-14,2.10750321492,
    1.423917310096));
#2362 = VECTOR('',#2363,1.);
#2363 = DIRECTION('',(1.,6.982962677686E-15,-0.));
#2364 = PCURVE('',#1909,#2365);
#2365 = DEFINITIONAL_REPRESENTATION('',(#2366),#2370);
#2366 = LINE('',#2367,#2368);
#2367 = CARTESIAN_POINT('',(1.617723885966E-30,8.692867378162E-02));
#2368 = VECTOR('',#2369,1.);
#2369 = DIRECTION('',(1.,3.944304526105E-31));
#2370 = ( GEOMETRIC_REPRESENTATION_CONTEXT(2) 
PARAMETRIC_REPRESENTATION_CONTEXT() REPRESENTATION_CONTEXT('2D SPACE',''
  ) );
#2371 = PCURVE('',#2045,#2372);
#2372 = DEFINITIONAL_REPRESENTATION('',(#2373),#2377);
#2373 = LINE('',#2374,#2375);
#2374 = CARTESIAN_POINT('',(4.572762640225,0.));
#2375 = VECTOR('',#2376,1.);
#2376 = DIRECTION('',(0.,-1.));
#2377 = ( GEOMETRIC_REPRESENTATION_CONTEXT(2) 
PARAMETRIC_REPRESENTATION_CONTEXT() REPRESENTATION_CONTEXT('2D SPACE',''
  ) );
#2378 = ORIENTED_EDGE('',*,*,#2379,.T.);
#2379 = EDGE_CURVE('',#2357,#2380,#2382,.T.);
#2380 = VERTEX_POINT('',#2381);
#2381 = CARTESIAN_POINT('',(1.150968503025,2.249995309899,0.410033371799
    ));
#2382 = SURFACE_CURVE('',#2383,(#2387,#2394),.PCURVE_S1.);
#2383 = LINE('',#2384,#2385);
#2384 = CARTESIAN_POINT('',(0.977445975257,2.076472782131,1.644710312037
    ));
#2385 = VECTOR('',#2386,1.);
#2386 = DIRECTION('',(0.137844537492,0.137844537492,-0.980814848464));
#2387 = PCURVE('',#1909,#2388);
#2388 = DEFINITIONAL_REPRESENTATION('',(#2389),#2393);
#2389 = LINE('',#2390,#2391);
#2390 = CARTESIAN_POINT('',(0.977445975257,-0.136034187397));
#2391 = VECTOR('',#2392,1.);
#2392 = DIRECTION('',(0.137844537492,0.990453877515));
#2393 = ( GEOMETRIC_REPRESENTATION_CONTEXT(2) 
PARAMETRIC_REPRESENTATION_CONTEXT() REPRESENTATION_CONTEXT('2D SPACE',''
  ) );
#2394 = PCURVE('',#2225,#2395);
#2395 = DEFINITIONAL_REPRESENTATION('',(#2396),#2400);
#2396 = LINE('',#2397,#2398);
#2397 = CARTESIAN_POINT('',(4.731759343722,4.440892098501E-16));
#2398 = VECTOR('',#2399,1.);
#2399 = DIRECTION('',(-1.718418744439E-15,1.));
#2400 = ( GEOMETRIC_REPRESENTATION_CONTEXT(2) 
PARAMETRIC_REPRESENTATION_CONTEXT() REPRESENTATION_CONTEXT('2D SPACE',''
  ) );
#2401 = ORIENTED_EDGE('',*,*,#2402,.T.);
#2402 = EDGE_CURVE('',#2380,#1894,#2403,.T.);
#2403 = SURFACE_CURVE('',#2404,(#2409,#2417),.PCURVE_S1.);
#2404 = ( BOUNDED_CURVE() B_SPLINE_CURVE(3,(#2405,#2406,#2407,#2408),
.UNSPECIFIED.,.F.,.F.) B_SPLINE_CURVE_WITH_KNOTS((4,4),(6.273500125511,
6.28318530718),.PIECEWISE_BEZIER_KNOTS.) CURVE() 
GEOMETRIC_REPRESENTATION_ITEM() RATIONAL_B_SPLINE_CURVE((1.,
0.99999218312,0.99999218312,1.)) REPRESENTATION_ITEM('') );
#2405 = CARTESIAN_POINT('',(1.150968503025,2.249995309899,0.410033371799
    ));
#2406 = CARTESIAN_POINT('',(1.150645677516,2.249998436621,0.41001112402)
  );
#2407 = CARTESIAN_POINT('',(1.150322840651,2.25,0.41));
#2408 = CARTESIAN_POINT('',(1.15,2.25,0.41));
#2409 = PCURVE('',#1909,#2410);
#2410 = DEFINITIONAL_REPRESENTATION('',(#2411),#2416);
#2411 = ( BOUNDED_CURVE() B_SPLINE_CURVE(3,(#2412,#2413,#2414,#2415),
.UNSPECIFIED.,.F.,.F.) B_SPLINE_CURVE_WITH_KNOTS((4,4),(6.273500125511,
6.28318530718),.PIECEWISE_BEZIER_KNOTS.) CURVE() 
GEOMETRIC_REPRESENTATION_ITEM() RATIONAL_B_SPLINE_CURVE((1.,
0.99999218312,0.99999218312,1.)) REPRESENTATION_ITEM('') );
#2412 = CARTESIAN_POINT('',(1.150968503025,1.110776630007));
#2413 = CARTESIAN_POINT('',(1.150645677516,1.110799096428));
#2414 = CARTESIAN_POINT('',(1.150322840651,1.110810329771));
#2415 = CARTESIAN_POINT('',(1.15,1.110810329771));
#2416 = ( GEOMETRIC_REPRESENTATION_CONTEXT(2) 
PARAMETRIC_REPRESENTATION_CONTEXT() REPRESENTATION_CONTEXT('2D SPACE',''
  ) );
#2417 = PCURVE('',#296,#2418);
#2418 = DEFINITIONAL_REPRESENTATION('',(#2419),#2422);
#2419 = B_SPLINE_CURVE_WITH_KNOTS('',1,(#2420,#2421),.UNSPECIFIED.,.F.,
  .F.,(2,2),(6.273500125511,6.28318530718),.PIECEWISE_BEZIER_KNOTS.);
#2420 = CARTESIAN_POINT('',(4.722074162053,1.099966628201));
#2421 = CARTESIAN_POINT('',(4.712388980385,1.1));
#2422 = ( GEOMETRIC_REPRESENTATION_CONTEXT(2) 
PARAMETRIC_REPRESENTATION_CONTEXT() REPRESENTATION_CONTEXT('2D SPACE',''
  ) );
#2423 = ADVANCED_FACE('',(#2424),#2045,.T.);
#2424 = FACE_BOUND('',#2425,.T.);
#2425 = EDGE_LOOP('',(#2426,#2453,#2454,#2481));
#2426 = ORIENTED_EDGE('',*,*,#2427,.F.);
#2427 = EDGE_CURVE('',#1946,#2334,#2428,.T.);
#2428 = SURFACE_CURVE('',#2429,(#2434,#2441),.PCURVE_S1.);
#2429 = CIRCLE('',#2430,0.1);
#2430 = AXIS2_PLACEMENT_3D('',#2431,#2432,#2433);
#2431 = CARTESIAN_POINT('',(-1.008476408046,2.008476408046,1.41));
#2432 = DIRECTION('',(-1.,-4.793248181765E-15,0.));
#2433 = DIRECTION('',(4.793248181765E-15,-1.,0.));
#2434 = PCURVE('',#2045,#2435);
#2435 = DEFINITIONAL_REPRESENTATION('',(#2436),#2440);
#2436 = LINE('',#2437,#2438);
#2437 = CARTESIAN_POINT('',(1.570796326795,1.008476408046));
#2438 = VECTOR('',#2439,1.);
#2439 = DIRECTION('',(1.,-1.551490088519E-16));
#2440 = ( GEOMETRIC_REPRESENTATION_CONTEXT(2) 
PARAMETRIC_REPRESENTATION_CONTEXT() REPRESENTATION_CONTEXT('2D SPACE',''
  ) );
#2441 = PCURVE('',#2442,#2447);
#2442 = SPHERICAL_SURFACE('',#2443,0.1);
#2443 = AXIS2_PLACEMENT_3D('',#2444,#2445,#2446);
#2444 = CARTESIAN_POINT('',(-1.008476408046,2.008476408046,1.41));
#2445 = DIRECTION('',(8.673617379884E-15,-1.,0.));
#2446 = DIRECTION('',(-1.,-8.673617379884E-15,0.));
#2447 = DEFINITIONAL_REPRESENTATION('',(#2448),#2452);
#2448 = LINE('',#2449,#2450);
#2449 = CARTESIAN_POINT('',(4.712388980385,1.570796326795));
#2450 = VECTOR('',#2451,1.);
#2451 = DIRECTION('',(-2.234145727467E-14,-1.));
#2452 = ( GEOMETRIC_REPRESENTATION_CONTEXT(2) 
PARAMETRIC_REPRESENTATION_CONTEXT() REPRESENTATION_CONTEXT('2D SPACE',''
  ) );
#2453 = ORIENTED_EDGE('',*,*,#2031,.F.);
#2454 = ORIENTED_EDGE('',*,*,#2455,.F.);
#2455 = EDGE_CURVE('',#2357,#2004,#2456,.T.);
#2456 = SURFACE_CURVE('',#2457,(#2462,#2469),.PCURVE_S1.);
#2457 = CIRCLE('',#2458,0.1);
#2458 = AXIS2_PLACEMENT_3D('',#2459,#2460,#2461);
#2459 = CARTESIAN_POINT('',(1.008476408046,2.008476408046,1.41));
#2460 = DIRECTION('',(1.,7.287712034301E-15,-2.168404344971E-15));
#2461 = DIRECTION('',(2.168404344971E-15,-8.407790785949E-45,1.));
#2462 = PCURVE('',#2045,#2463);
#2463 = DEFINITIONAL_REPRESENTATION('',(#2464),#2468);
#2464 = LINE('',#2465,#2466);
#2465 = CARTESIAN_POINT('',(9.424777960769,-1.008476408046));
#2466 = VECTOR('',#2467,1.);
#2467 = DIRECTION('',(-1.,-1.551490088519E-16));
#2468 = ( GEOMETRIC_REPRESENTATION_CONTEXT(2) 
PARAMETRIC_REPRESENTATION_CONTEXT() REPRESENTATION_CONTEXT('2D SPACE',''
  ) );
#2469 = PCURVE('',#2470,#2475);
#2470 = SPHERICAL_SURFACE('',#2471,0.1);
#2471 = AXIS2_PLACEMENT_3D('',#2472,#2473,#2474);
#2472 = CARTESIAN_POINT('',(1.008476408046,2.008476408046,1.41));
#2473 = DIRECTION('',(8.673617379884E-15,-1.,0.));
#2474 = DIRECTION('',(-1.,-8.673617379884E-15,0.));
#2475 = DEFINITIONAL_REPRESENTATION('',(#2476),#2480);
#2476 = LINE('',#2477,#2478);
#2477 = CARTESIAN_POINT('',(4.712388980385,-6.28318530718));
#2478 = VECTOR('',#2479,1.);
#2479 = DIRECTION('',(-9.92953656652E-15,1.));
#2480 = ( GEOMETRIC_REPRESENTATION_CONTEXT(2) 
PARAMETRIC_REPRESENTATION_CONTEXT() REPRESENTATION_CONTEXT('2D SPACE',''
  ) );
#2481 = ORIENTED_EDGE('',*,*,#2356,.F.);
#2482 = ADVANCED_FACE('',(#2483),#2442,.T.);
#2483 = FACE_BOUND('',#2484,.T.);
#2484 = EDGE_LOOP('',(#2485,#2507,#2508));
#2485 = ORIENTED_EDGE('',*,*,#2486,.F.);
#2486 = EDGE_CURVE('',#1946,#132,#2487,.T.);
#2487 = SURFACE_CURVE('',#2488,(#2493,#2500),.PCURVE_S1.);
#2488 = CIRCLE('',#2489,0.1);
#2489 = AXIS2_PLACEMENT_3D('',#2490,#2491,#2492);
#2490 = CARTESIAN_POINT('',(-1.008476408046,2.008476408046,1.41));
#2491 = DIRECTION('',(6.982962677686E-15,-1.,0.));
#2492 = DIRECTION('',(0.,0.,-1.));
#2493 = PCURVE('',#2442,#2494);
#2494 = DEFINITIONAL_REPRESENTATION('',(#2495),#2499);
#2495 = LINE('',#2496,#2497);
#2496 = CARTESIAN_POINT('',(1.570796326795,4.440892098501E-15));
#2497 = VECTOR('',#2498,1.);
#2498 = DIRECTION('',(1.,2.204800024002E-30));
#2499 = ( GEOMETRIC_REPRESENTATION_CONTEXT(2) 
PARAMETRIC_REPRESENTATION_CONTEXT() REPRESENTATION_CONTEXT('2D SPACE',''
  ) );
#2500 = PCURVE('',#147,#2501);
#2501 = DEFINITIONAL_REPRESENTATION('',(#2502),#2506);
#2502 = LINE('',#2503,#2504);
#2503 = CARTESIAN_POINT('',(-1.570796326795,-2.008476408046));
#2504 = VECTOR('',#2505,1.);
#2505 = DIRECTION('',(1.,0.));
#2506 = ( GEOMETRIC_REPRESENTATION_CONTEXT(2) 
PARAMETRIC_REPRESENTATION_CONTEXT() REPRESENTATION_CONTEXT('2D SPACE',''
  ) );
#2507 = ORIENTED_EDGE('',*,*,#2427,.T.);
#2508 = ORIENTED_EDGE('',*,*,#2509,.F.);
#2509 = EDGE_CURVE('',#132,#2334,#2510,.T.);
#2510 = SURFACE_CURVE('',#2511,(#2516,#2545),.PCURVE_S1.);
#2511 = CIRCLE('',#2512,1.E-01);
#2512 = AXIS2_PLACEMENT_3D('',#2513,#2514,#2515);
#2513 = CARTESIAN_POINT('',(-1.008476408046,2.008476408046,1.41));
#2514 = DIRECTION('',(-0.137844537492,0.137844537492,-0.980814848464));
#2515 = DIRECTION('',(-0.990268068742,-4.433953204597E-15,0.13917310096)
  );
#2516 = PCURVE('',#2442,#2517);
#2517 = DEFINITIONAL_REPRESENTATION('',(#2518),#2544);
#2518 = B_SPLINE_CURVE_WITH_KNOTS('',3,(#2519,#2520,#2521,#2522,#2523,
    #2524,#2525,#2526,#2527,#2528,#2529,#2530,#2531,#2532,#2533,#2534,
    #2535,#2536,#2537,#2538,#2539,#2540,#2541,#2542,#2543),
  .UNSPECIFIED.,.F.,.F.,(4,1,1,1,1,1,1,1,1,1,1,1,1,1,1,1,1,1,1,1,1,1,4),
  (0.,7.051936197536E-02,0.141038723951,0.211558085926,0.282077447901,
    0.352596809877,0.423116171852,0.493635533828,0.564154895803,
    0.634674257778,0.705193619754,0.775712981729,0.846232343704,
    0.91675170568,0.987271067655,1.05779042963,1.128309791606,
    1.198829153581,1.269348515557,1.339867877532,1.410387239507,
    1.480906601483,1.551425963458),.QUASI_UNIFORM_KNOTS.);
#2519 = CARTESIAN_POINT('',(6.14355896702,-4.440892098501E-15));
#2520 = CARTESIAN_POINT('',(6.140318353305,-2.328203203769E-02));
#2521 = CARTESIAN_POINT('',(6.133838456643,-6.984618942326E-02));
#2522 = CARTESIAN_POINT('',(6.124022392527,-0.139685729222));
#2523 = CARTESIAN_POINT('',(6.114012600586,-0.209511786079));
#2524 = CARTESIAN_POINT('',(6.103702112562,-0.279316909912));
#2525 = CARTESIAN_POINT('',(6.092971996352,-0.349092810914));
#2526 = CARTESIAN_POINT('',(6.081684975737,-0.418829910478));
#2527 = CARTESIAN_POINT('',(6.069678055492,-0.488516820552));
#2528 = CARTESIAN_POINT('',(6.056752296502,-0.558139619716));
#2529 = CARTESIAN_POINT('',(6.042658583968,-0.627680842342));
#2530 = CARTESIAN_POINT('',(6.027077098854,-0.697118013304));
#2531 = CARTESIAN_POINT('',(6.009586799662,-0.76642146338));
#2532 = CARTESIAN_POINT('',(5.989618828492,-0.835550955778));
#2533 = CARTESIAN_POINT('',(5.966382274124,-0.904450335338));
#2534 = CARTESIAN_POINT('',(5.938744302177,-0.973038550448));
#2535 = CARTESIAN_POINT('',(5.905017997185,-1.041194512552));
#2536 = CARTESIAN_POINT('',(5.862610467829,-1.108727926869));
#2537 = CARTESIAN_POINT('',(5.807255141943,-1.175328804422));
#2538 = CARTESIAN_POINT('',(5.731884467602,-1.240439963452));
#2539 = CARTESIAN_POINT('',(5.622753974104,-1.303058501631));
#2540 = CARTESIAN_POINT('',(5.456895631708,-1.360915976333));
#2541 = CARTESIAN_POINT('',(5.177273791993,-1.409665379477));
#2542 = CARTESIAN_POINT('',(4.889182799969,-1.427583157215));
#2543 = CARTESIAN_POINT('',(4.712388980385,-1.431169986635));
#2544 = ( GEOMETRIC_REPRESENTATION_CONTEXT(2) 
PARAMETRIC_REPRESENTATION_CONTEXT() REPRESENTATION_CONTEXT('2D SPACE',''
  ) );
#2545 = PCURVE('',#175,#2546);
#2546 = DEFINITIONAL_REPRESENTATION('',(#2547),#2551);
#2547 = LINE('',#2548,#2549);
#2548 = CARTESIAN_POINT('',(6.28318530718,-0.225111806052));
#2549 = VECTOR('',#2550,1.);
#2550 = DIRECTION('',(-1.,0.));
#2551 = ( GEOMETRIC_REPRESENTATION_CONTEXT(2) 
PARAMETRIC_REPRESENTATION_CONTEXT() REPRESENTATION_CONTEXT('2D SPACE',''
  ) );
#2552 = ADVANCED_FACE('',(#2553),#2470,.T.);
#2553 = FACE_BOUND('',#2554,.T.);
#2554 = EDGE_LOOP('',(#2555,#2599,#2600));
#2555 = ORIENTED_EDGE('',*,*,#2556,.F.);
#2556 = EDGE_CURVE('',#2357,#2210,#2557,.T.);
#2557 = SURFACE_CURVE('',#2558,(#2563,#2592),.PCURVE_S1.);
#2558 = CIRCLE('',#2559,0.1);
#2559 = AXIS2_PLACEMENT_3D('',#2560,#2561,#2562);
#2560 = CARTESIAN_POINT('',(1.008476408046,2.008476408046,1.41));
#2561 = DIRECTION('',(0.137844537492,0.137844537492,-0.980814848464));
#2562 = DIRECTION('',(-6.58847976176E-15,0.990268068742,0.13917310096));
#2563 = PCURVE('',#2470,#2564);
#2564 = DEFINITIONAL_REPRESENTATION('',(#2565),#2591);
#2565 = B_SPLINE_CURVE_WITH_KNOTS('',3,(#2566,#2567,#2568,#2569,#2570,
    #2571,#2572,#2573,#2574,#2575,#2576,#2577,#2578,#2579,#2580,#2581,
    #2582,#2583,#2584,#2585,#2586,#2587,#2588,#2589,#2590),
  .UNSPECIFIED.,.F.,.F.,(4,1,1,1,1,1,1,1,1,1,1,1,1,1,1,1,1,1,1,1,1,1,4),
  (0.,7.051936197536E-02,0.141038723951,0.211558085926,0.282077447901,
    0.352596809877,0.423116171852,0.493635533828,0.564154895803,
    0.634674257778,0.705193619754,0.775712981729,0.846232343704,
    0.91675170568,0.987271067655,1.05779042963,1.128309791606,
    1.198829153581,1.269348515557,1.339867877532,1.410387239507,
    1.480906601483,1.551425963458),.QUASI_UNIFORM_KNOTS.);
#2566 = CARTESIAN_POINT('',(4.712388980385,-1.431169986635));
#2567 = CARTESIAN_POINT('',(4.5355951608,-1.427583157215));
#2568 = CARTESIAN_POINT('',(4.247504168777,-1.409665379477));
#2569 = CARTESIAN_POINT('',(3.967882329061,-1.360915976333));
#2570 = CARTESIAN_POINT('',(3.802023986665,-1.303058501631));
#2571 = CARTESIAN_POINT('',(3.692893493168,-1.240439963452));
#2572 = CARTESIAN_POINT('',(3.617522818826,-1.175328804422));
#2573 = CARTESIAN_POINT('',(3.562167492941,-1.108727926869));
#2574 = CARTESIAN_POINT('',(3.519759963585,-1.041194512552));
#2575 = CARTESIAN_POINT('',(3.486033658592,-0.973038550448));
#2576 = CARTESIAN_POINT('',(3.458395686645,-0.904450335338));
#2577 = CARTESIAN_POINT('',(3.435159132277,-0.835550955778));
#2578 = CARTESIAN_POINT('',(3.415191161108,-0.76642146338));
#2579 = CARTESIAN_POINT('',(3.397700861916,-0.697118013304));
#2580 = CARTESIAN_POINT('',(3.382119376801,-0.627680842342));
#2581 = CARTESIAN_POINT('',(3.368025664267,-0.558139619716));
#2582 = CARTESIAN_POINT('',(3.355099905277,-0.488516820552));
#2583 = CARTESIAN_POINT('',(3.343092985032,-0.418829910478));
#2584 = CARTESIAN_POINT('',(3.331805964417,-0.349092810914));
#2585 = CARTESIAN_POINT('',(3.321075848207,-0.279316909912));
#2586 = CARTESIAN_POINT('',(3.310765360183,-0.209511786079));
#2587 = CARTESIAN_POINT('',(3.300755568242,-0.139685729222));
#2588 = CARTESIAN_POINT('',(3.290939504126,-6.984618942326E-02));
#2589 = CARTESIAN_POINT('',(3.284459607465,-2.328203203768E-02));
#2590 = CARTESIAN_POINT('',(3.281218993749,0.));
#2591 = ( GEOMETRIC_REPRESENTATION_CONTEXT(2) 
PARAMETRIC_REPRESENTATION_CONTEXT() REPRESENTATION_CONTEXT('2D SPACE',''
  ) );
#2592 = PCURVE('',#2225,#2593);
#2593 = DEFINITIONAL_REPRESENTATION('',(#2594),#2598);
#2594 = LINE('',#2595,#2596);
#2595 = CARTESIAN_POINT('',(4.731759343722,0.225111806052));
#2596 = VECTOR('',#2597,1.);
#2597 = DIRECTION('',(1.,0.));
#2598 = ( GEOMETRIC_REPRESENTATION_CONTEXT(2) 
PARAMETRIC_REPRESENTATION_CONTEXT() REPRESENTATION_CONTEXT('2D SPACE',''
  ) );
#2599 = ORIENTED_EDGE('',*,*,#2455,.T.);
#2600 = ORIENTED_EDGE('',*,*,#2601,.F.);
#2601 = EDGE_CURVE('',#2210,#2004,#2602,.T.);
#2602 = SURFACE_CURVE('',#2603,(#2608,#2615),.PCURVE_S1.);
#2603 = CIRCLE('',#2604,0.1);
#2604 = AXIS2_PLACEMENT_3D('',#2605,#2606,#2607);
#2605 = CARTESIAN_POINT('',(1.008476408046,2.008476408046,1.41));
#2606 = DIRECTION('',(1.136239166953E-14,-1.,0.));
#2607 = DIRECTION('',(-1.,-1.136239166953E-14,2.168404344971E-15));
#2608 = PCURVE('',#2470,#2609);
#2609 = DEFINITIONAL_REPRESENTATION('',(#2610),#2614);
#2610 = LINE('',#2611,#2612);
#2611 = CARTESIAN_POINT('',(-1.7763568394E-15,-1.018155749412E-14));
#2612 = VECTOR('',#2613,1.);
#2613 = DIRECTION('',(1.,3.102980177038E-15));
#2614 = ( GEOMETRIC_REPRESENTATION_CONTEXT(2) 
PARAMETRIC_REPRESENTATION_CONTEXT() REPRESENTATION_CONTEXT('2D SPACE',''
  ) );
#2615 = PCURVE('',#2019,#2616);
#2616 = DEFINITIONAL_REPRESENTATION('',(#2617),#2621);
#2617 = LINE('',#2618,#2619);
#2618 = CARTESIAN_POINT('',(6.28318530718,2.008476408046));
#2619 = VECTOR('',#2620,1.);
#2620 = DIRECTION('',(-1.,-3.102980177038E-16));
#2621 = ( GEOMETRIC_REPRESENTATION_CONTEXT(2) 
PARAMETRIC_REPRESENTATION_CONTEXT() REPRESENTATION_CONTEXT('2D SPACE',''
  ) );
#2622 = ADVANCED_FACE('',(#2623),#175,.T.);
#2623 = FACE_BOUND('',#2624,.T.);
#2624 = EDGE_LOOP('',(#2625,#2626,#2627,#2693));
#2625 = ORIENTED_EDGE('',*,*,#2509,.T.);
#2626 = ORIENTED_EDGE('',*,*,#2333,.F.);
#2627 = ORIENTED_EDGE('',*,*,#2628,.F.);
#2628 = EDGE_CURVE('',#160,#2310,#2629,.T.);
#2629 = SURFACE_CURVE('',#2630,(#2635,#2664),.PCURVE_S1.);
#2630 = ( BOUNDED_CURVE() B_SPLINE_CURVE(3,(#2631,#2632,#2633,#2634),
.UNSPECIFIED.,.F.,.F.) B_SPLINE_CURVE_WITH_KNOTS((4,4),(2.365879671861,
3.917305635319),.PIECEWISE_BEZIER_KNOTS.) CURVE() 
GEOMETRIC_REPRESENTATION_ITEM() RATIONAL_B_SPLINE_CURVE((1.,
0.809281311824,0.809281311824,1.)) REPRESENTATION_ITEM('') );
#2631 = CARTESIAN_POINT('',(-1.249995309899,2.150968503025,
    0.410033371799));
#2632 = CARTESIAN_POINT('',(-1.24943664937,2.208648687085,0.414008448015
    ));
#2633 = CARTESIAN_POINT('',(-1.208648687085,2.24943664937,0.414008448015
    ));
#2634 = CARTESIAN_POINT('',(-1.150968503025,2.249995309899,
    0.410033371799));
#2635 = PCURVE('',#175,#2636);
#2636 = DEFINITIONAL_REPRESENTATION('',(#2637),#2663);
#2637 = B_SPLINE_CURVE_WITH_KNOTS('',3,(#2638,#2639,#2640,#2641,#2642,
    #2643,#2644,#2645,#2646,#2647,#2648,#2649,#2650,#2651,#2652,#2653,
    #2654,#2655,#2656,#2657,#2658,#2659,#2660,#2661,#2662),
  .UNSPECIFIED.,.F.,.F.,(4,1,1,1,1,1,1,1,1,1,1,1,1,1,1,1,1,1,1,1,1,1,4),
  (2.365879671861,2.436399033836,2.506918395812,2.577437757787,
    2.647957119762,2.718476481738,2.788995843713,2.859515205688,
    2.930034567664,3.000553929639,3.071073291614,3.14159265359,
    3.212112015565,3.282631377541,3.353150739516,3.423670101491,
    3.494189463467,3.564708825442,3.635228187417,3.705747549393,
    3.776266911368,3.846786273343,3.917305635319),
  .QUASI_UNIFORM_KNOTS.);
#2638 = CARTESIAN_POINT('',(6.28318530718,-1.25882774121));
#2639 = CARTESIAN_POINT('',(6.261967817329,-1.258973957072));
#2640 = CARTESIAN_POINT('',(6.218975473734,-1.259260739449));
#2641 = CARTESIAN_POINT('',(6.15290693837,-1.259669297123));
#2642 = CARTESIAN_POINT('',(6.085343515849,-1.260051591151));
#2643 = CARTESIAN_POINT('',(6.016394625137,-1.26040290343));
#2644 = CARTESIAN_POINT('',(5.946185574438,-1.260718618849));
#2645 = CARTESIAN_POINT('',(5.87485918571,-1.260994344193));
#2646 = CARTESIAN_POINT('',(5.802574089984,-1.261226050868));
#2647 = CARTESIAN_POINT('',(5.729503252072,-1.261410211658));
#2648 = CARTESIAN_POINT('',(5.655831788285,-1.261543929438));
#2649 = CARTESIAN_POINT('',(5.581754384248,-1.261625047927));
#2650 = CARTESIAN_POINT('',(5.507472325451,-1.261652237242));
#2651 = CARTESIAN_POINT('',(5.433190266653,-1.261625047927));
#2652 = CARTESIAN_POINT('',(5.359112862616,-1.261543929438));
#2653 = CARTESIAN_POINT('',(5.28544139883,-1.261410211658));
#2654 = CARTESIAN_POINT('',(5.212370560917,-1.261226050868));
#2655 = CARTESIAN_POINT('',(5.140085465191,-1.260994344193));
#2656 = CARTESIAN_POINT('',(5.068759076464,-1.260718618849));
#2657 = CARTESIAN_POINT('',(4.998550025765,-1.26040290343));
#2658 = CARTESIAN_POINT('',(4.929601135052,-1.260051591151));
#2659 = CARTESIAN_POINT('',(4.862037712531,-1.259669297123));
#2660 = CARTESIAN_POINT('',(4.795969177167,-1.259260739449));
#2661 = CARTESIAN_POINT('',(4.752976833572,-1.258973957072));
#2662 = CARTESIAN_POINT('',(4.731759343722,-1.25882774121));
#2663 = ( GEOMETRIC_REPRESENTATION_CONTEXT(2) 
PARAMETRIC_REPRESENTATION_CONTEXT() REPRESENTATION_CONTEXT('2D SPACE',''
  ) );
#2664 = PCURVE('',#203,#2665);
#2665 = DEFINITIONAL_REPRESENTATION('',(#2666),#2692);
#2666 = B_SPLINE_CURVE_WITH_KNOTS('',3,(#2667,#2668,#2669,#2670,#2671,
    #2672,#2673,#2674,#2675,#2676,#2677,#2678,#2679,#2680,#2681,#2682,
    #2683,#2684,#2685,#2686,#2687,#2688,#2689,#2690,#2691),
  .UNSPECIFIED.,.F.,.F.,(4,1,1,1,1,1,1,1,1,1,1,1,1,1,1,1,1,1,1,1,1,1,4),
  (2.365879671861,2.436399033836,2.506918395812,2.577437757787,
    2.647957119762,2.718476481738,2.788995843713,2.859515205688,
    2.930034567664,3.000553929639,3.071073291614,3.14159265359,
    3.212112015565,3.282631377541,3.353150739516,3.423670101491,
    3.494189463467,3.564708825442,3.635228187417,3.705747549393,
    3.776266911368,3.846786273343,3.917305635319),
  .QUASI_UNIFORM_KNOTS.);
#2667 = CARTESIAN_POINT('',(3.151277835258,1.099966628201));
#2668 = CARTESIAN_POINT('',(3.172495325109,1.099820412339));
#2669 = CARTESIAN_POINT('',(3.215487668704,1.099533629962));
#2670 = CARTESIAN_POINT('',(3.281556204068,1.099125072289));
#2671 = CARTESIAN_POINT('',(3.349119626589,1.098742778261));
#2672 = CARTESIAN_POINT('',(3.418068517301,1.098391465981));
#2673 = CARTESIAN_POINT('',(3.488277568,1.098075750562));
#2674 = CARTESIAN_POINT('',(3.559603956728,1.097800025218));
#2675 = CARTESIAN_POINT('',(3.631889052454,1.097568318543));
#2676 = CARTESIAN_POINT('',(3.704959890366,1.097384157753));
#2677 = CARTESIAN_POINT('',(3.778631354153,1.097250439973));
#2678 = CARTESIAN_POINT('',(3.85270875819,1.097169321484));
#2679 = CARTESIAN_POINT('',(3.926990816987,1.097142132169));
#2680 = CARTESIAN_POINT('',(4.001272875785,1.097169321484));
#2681 = CARTESIAN_POINT('',(4.075350279822,1.097250439973));
#2682 = CARTESIAN_POINT('',(4.149021743608,1.097384157753));
#2683 = CARTESIAN_POINT('',(4.222092581521,1.097568318543));
#2684 = CARTESIAN_POINT('',(4.294377677247,1.097800025218));
#2685 = CARTESIAN_POINT('',(4.365704065974,1.098075750562));
#2686 = CARTESIAN_POINT('',(4.435913116673,1.098391465981));
#2687 = CARTESIAN_POINT('',(4.504862007386,1.098742778261));
#2688 = CARTESIAN_POINT('',(4.572425429907,1.099125072289));
#2689 = CARTESIAN_POINT('',(4.63849396527,1.099533629962));
#2690 = CARTESIAN_POINT('',(4.681486308866,1.099820412339));
#2691 = CARTESIAN_POINT('',(4.702703798716,1.099966628201));
#2692 = ( GEOMETRIC_REPRESENTATION_CONTEXT(2) 
PARAMETRIC_REPRESENTATION_CONTEXT() REPRESENTATION_CONTEXT('2D SPACE',''
  ) );
#2693 = ORIENTED_EDGE('',*,*,#159,.F.);
#2694 = ADVANCED_FACE('',(#2695),#147,.T.);
#2695 = FACE_BOUND('',#2696,.T.);
#2696 = EDGE_LOOP('',(#2697,#2698,#2699,#2726));
#2697 = ORIENTED_EDGE('',*,*,#2486,.T.);
#2698 = ORIENTED_EDGE('',*,*,#131,.F.);
#2699 = ORIENTED_EDGE('',*,*,#2700,.F.);
#2700 = EDGE_CURVE('',#1948,#104,#2701,.T.);
#2701 = SURFACE_CURVE('',#2702,(#2707,#2714),.PCURVE_S1.);
#2702 = CIRCLE('',#2703,0.1);
#2703 = AXIS2_PLACEMENT_3D('',#2704,#2705,#2706);
#2704 = CARTESIAN_POINT('',(-1.008476408046,-2.008476408046,1.41));
#2705 = DIRECTION('',(1.136239166953E-14,-1.,0.));
#2706 = DIRECTION('',(1.,1.136239166953E-14,0.));
#2707 = PCURVE('',#147,#2708);
#2708 = DEFINITIONAL_REPRESENTATION('',(#2709),#2713);
#2709 = LINE('',#2710,#2711);
#2710 = CARTESIAN_POINT('',(-2.22044604925E-15,2.008476408046));
#2711 = VECTOR('',#2712,1.);
#2712 = DIRECTION('',(1.,3.102980177038E-16));
#2713 = ( GEOMETRIC_REPRESENTATION_CONTEXT(2) 
PARAMETRIC_REPRESENTATION_CONTEXT() REPRESENTATION_CONTEXT('2D SPACE',''
  ) );
#2714 = PCURVE('',#2715,#2720);
#2715 = SPHERICAL_SURFACE('',#2716,0.1);
#2716 = AXIS2_PLACEMENT_3D('',#2717,#2718,#2719);
#2717 = CARTESIAN_POINT('',(-1.008476408046,-2.008476408046,1.41));
#2718 = DIRECTION('',(8.673617379884E-15,-1.,0.));
#2719 = DIRECTION('',(-1.,-8.673617379884E-15,0.));
#2720 = DEFINITIONAL_REPRESENTATION('',(#2721),#2725);
#2721 = LINE('',#2722,#2723);
#2722 = CARTESIAN_POINT('',(3.14159265359,-9.315041962709E-15));
#2723 = VECTOR('',#2724,1.);
#2724 = DIRECTION('',(1.,3.102980177038E-15));
#2725 = ( GEOMETRIC_REPRESENTATION_CONTEXT(2) 
PARAMETRIC_REPRESENTATION_CONTEXT() REPRESENTATION_CONTEXT('2D SPACE',''
  ) );
#2726 = ORIENTED_EDGE('',*,*,#1945,.F.);
#2727 = ADVANCED_FACE('',(#2728),#1991,.T.);
#2728 = FACE_BOUND('',#2729,.T.);
#2729 = EDGE_LOOP('',(#2730,#2757,#2758,#2780));
#2730 = ORIENTED_EDGE('',*,*,#2731,.F.);
#2731 = EDGE_CURVE('',#1976,#2133,#2732,.T.);
#2732 = SURFACE_CURVE('',#2733,(#2738,#2745),.PCURVE_S1.);
#2733 = CIRCLE('',#2734,0.1);
#2734 = AXIS2_PLACEMENT_3D('',#2735,#2736,#2737);
#2735 = CARTESIAN_POINT('',(1.008476408046,-2.008476408046,1.41));
#2736 = DIRECTION('',(1.,9.172677173607E-15,0.));
#2737 = DIRECTION('',(-9.172677173607E-15,1.,0.));
#2738 = PCURVE('',#1991,#2739);
#2739 = DEFINITIONAL_REPRESENTATION('',(#2740),#2744);
#2740 = LINE('',#2741,#2742);
#2741 = CARTESIAN_POINT('',(-1.570796326795,1.008476408046));
#2742 = VECTOR('',#2743,1.);
#2743 = DIRECTION('',(1.,1.551490088519E-16));
#2744 = ( GEOMETRIC_REPRESENTATION_CONTEXT(2) 
PARAMETRIC_REPRESENTATION_CONTEXT() REPRESENTATION_CONTEXT('2D SPACE',''
  ) );
#2745 = PCURVE('',#2746,#2751);
#2746 = SPHERICAL_SURFACE('',#2747,0.1);
#2747 = AXIS2_PLACEMENT_3D('',#2748,#2749,#2750);
#2748 = CARTESIAN_POINT('',(1.008476408046,-2.008476408046,1.41));
#2749 = DIRECTION('',(8.673617379884E-15,-1.,0.));
#2750 = DIRECTION('',(-1.,-8.673617379884E-15,0.));
#2751 = DEFINITIONAL_REPRESENTATION('',(#2752),#2756);
#2752 = LINE('',#2753,#2754);
#2753 = CARTESIAN_POINT('',(4.712388980385,-1.570796326795));
#2754 = VECTOR('',#2755,1.);
#2755 = DIRECTION('',(9.92953656652E-15,1.));
#2756 = ( GEOMETRIC_REPRESENTATION_CONTEXT(2) 
PARAMETRIC_REPRESENTATION_CONTEXT() REPRESENTATION_CONTEXT('2D SPACE',''
  ) );
#2757 = ORIENTED_EDGE('',*,*,#1975,.F.);
#2758 = ORIENTED_EDGE('',*,*,#2759,.F.);
#2759 = EDGE_CURVE('',#2061,#1948,#2760,.T.);
#2760 = SURFACE_CURVE('',#2761,(#2766,#2773),.PCURVE_S1.);
#2761 = CIRCLE('',#2762,0.1);
#2762 = AXIS2_PLACEMENT_3D('',#2763,#2764,#2765);
#2763 = CARTESIAN_POINT('',(-1.008476408046,-2.008476408046,1.41));
#2764 = DIRECTION('',(-1.,-6.982962677686E-15,0.));
#2765 = DIRECTION('',(-0.,0.,-1.));
#2766 = PCURVE('',#1991,#2767);
#2767 = DEFINITIONAL_REPRESENTATION('',(#2768),#2772);
#2768 = LINE('',#2769,#2770);
#2769 = CARTESIAN_POINT('',(3.14159265359,-1.008476408046));
#2770 = VECTOR('',#2771,1.);
#2771 = DIRECTION('',(-1.,0.));
#2772 = ( GEOMETRIC_REPRESENTATION_CONTEXT(2) 
PARAMETRIC_REPRESENTATION_CONTEXT() REPRESENTATION_CONTEXT('2D SPACE',''
  ) );
#2773 = PCURVE('',#2715,#2774);
#2774 = DEFINITIONAL_REPRESENTATION('',(#2775),#2779);
#2775 = LINE('',#2776,#2777);
#2776 = CARTESIAN_POINT('',(4.712388980385,3.14159265359));
#2777 = VECTOR('',#2778,1.);
#2778 = DIRECTION('',(-1.117072863734E-14,-1.));
#2779 = ( GEOMETRIC_REPRESENTATION_CONTEXT(2) 
PARAMETRIC_REPRESENTATION_CONTEXT() REPRESENTATION_CONTEXT('2D SPACE',''
  ) );
#2780 = ORIENTED_EDGE('',*,*,#2160,.F.);
#2781 = ADVANCED_FACE('',(#2782),#2019,.T.);
#2782 = FACE_BOUND('',#2783,.T.);
#2783 = EDGE_LOOP('',(#2784,#2785,#2786,#2808));
#2784 = ORIENTED_EDGE('',*,*,#2601,.T.);
#2785 = ORIENTED_EDGE('',*,*,#2003,.F.);
#2786 = ORIENTED_EDGE('',*,*,#2787,.F.);
#2787 = EDGE_CURVE('',#2238,#1976,#2788,.T.);
#2788 = SURFACE_CURVE('',#2789,(#2794,#2801),.PCURVE_S1.);
#2789 = CIRCLE('',#2790,0.1);
#2790 = AXIS2_PLACEMENT_3D('',#2791,#2792,#2793);
#2791 = CARTESIAN_POINT('',(1.008476408046,-2.008476408046,1.41));
#2792 = DIRECTION('',(6.982962677686E-15,-1.,0.));
#2793 = DIRECTION('',(0.,0.,1.));
#2794 = PCURVE('',#2019,#2795);
#2795 = DEFINITIONAL_REPRESENTATION('',(#2796),#2800);
#2796 = LINE('',#2797,#2798);
#2797 = CARTESIAN_POINT('',(7.853981633974,-2.008476408046));
#2798 = VECTOR('',#2799,1.);
#2799 = DIRECTION('',(-1.,0.));
#2800 = ( GEOMETRIC_REPRESENTATION_CONTEXT(2) 
PARAMETRIC_REPRESENTATION_CONTEXT() REPRESENTATION_CONTEXT('2D SPACE',''
  ) );
#2801 = PCURVE('',#2746,#2802);
#2802 = DEFINITIONAL_REPRESENTATION('',(#2803),#2807);
#2803 = LINE('',#2804,#2805);
#2804 = CARTESIAN_POINT('',(-1.570796326795,-4.440892098501E-15));
#2805 = VECTOR('',#2806,1.);
#2806 = DIRECTION('',(1.,2.204800024002E-30));
#2807 = ( GEOMETRIC_REPRESENTATION_CONTEXT(2) 
PARAMETRIC_REPRESENTATION_CONTEXT() REPRESENTATION_CONTEXT('2D SPACE',''
  ) );
#2808 = ORIENTED_EDGE('',*,*,#2237,.F.);
#2809 = ADVANCED_FACE('',(#2810),#2225,.T.);
#2810 = FACE_BOUND('',#2811,.T.);
#2811 = EDGE_LOOP('',(#2812,#2813,#2814,#2880));
#2812 = ORIENTED_EDGE('',*,*,#2556,.T.);
#2813 = ORIENTED_EDGE('',*,*,#2209,.F.);
#2814 = ORIENTED_EDGE('',*,*,#2815,.F.);
#2815 = EDGE_CURVE('',#2380,#2186,#2816,.T.);
#2816 = SURFACE_CURVE('',#2817,(#2822,#2851),.PCURVE_S1.);
#2817 = ( BOUNDED_CURVE() B_SPLINE_CURVE(3,(#2818,#2819,#2820,#2821),
.UNSPECIFIED.,.F.,.F.) B_SPLINE_CURVE_WITH_KNOTS((4,4),(5.507472325451,
7.058898288909),.PIECEWISE_BEZIER_KNOTS.) CURVE() 
GEOMETRIC_REPRESENTATION_ITEM() RATIONAL_B_SPLINE_CURVE((1.,
0.809281311824,0.809281311824,1.)) REPRESENTATION_ITEM('') );
#2818 = CARTESIAN_POINT('',(1.150968503025,2.249995309899,0.410033371799
    ));
#2819 = CARTESIAN_POINT('',(1.208648687085,2.24943664937,0.414008448015)
  );
#2820 = CARTESIAN_POINT('',(1.24943664937,2.208648687085,0.414008448015)
  );
#2821 = CARTESIAN_POINT('',(1.249995309899,2.150968503025,0.410033371799
    ));
#2822 = PCURVE('',#2225,#2823);
#2823 = DEFINITIONAL_REPRESENTATION('',(#2824),#2850);
#2824 = B_SPLINE_CURVE_WITH_KNOTS('',3,(#2825,#2826,#2827,#2828,#2829,
    #2830,#2831,#2832,#2833,#2834,#2835,#2836,#2837,#2838,#2839,#2840,
    #2841,#2842,#2843,#2844,#2845,#2846,#2847,#2848,#2849),
  .UNSPECIFIED.,.F.,.F.,(4,1,1,1,1,1,1,1,1,1,1,1,1,1,1,1,1,1,1,1,1,1,4),
  (5.507472325451,5.577991687426,5.648511049401,5.719030411377,
    5.789549773352,5.860069135327,5.930588497303,6.001107859278,
    6.071627221254,6.142146583229,6.212665945204,6.28318530718,
    6.353704669155,6.42422403113,6.494743393106,6.565262755081,
    6.635782117056,6.706301479032,6.776820841007,6.847340202982,
    6.917859564958,6.988378926933,7.058898288909),
  .QUASI_UNIFORM_KNOTS.);
#2825 = CARTESIAN_POINT('',(4.731759343722,1.25882774121));
#2826 = CARTESIAN_POINT('',(4.752976833572,1.258973957072));
#2827 = CARTESIAN_POINT('',(4.795969177167,1.259260739449));
#2828 = CARTESIAN_POINT('',(4.862037712531,1.259669297123));
#2829 = CARTESIAN_POINT('',(4.929601135052,1.260051591151));
#2830 = CARTESIAN_POINT('',(4.998550025765,1.26040290343));
#2831 = CARTESIAN_POINT('',(5.068759076464,1.260718618849));
#2832 = CARTESIAN_POINT('',(5.140085465191,1.260994344193));
#2833 = CARTESIAN_POINT('',(5.212370560917,1.261226050868));
#2834 = CARTESIAN_POINT('',(5.28544139883,1.261410211658));
#2835 = CARTESIAN_POINT('',(5.359112862616,1.261543929438));
#2836 = CARTESIAN_POINT('',(5.433190266653,1.261625047927));
#2837 = CARTESIAN_POINT('',(5.507472325451,1.261652237242));
#2838 = CARTESIAN_POINT('',(5.581754384248,1.261625047927));
#2839 = CARTESIAN_POINT('',(5.655831788285,1.261543929438));
#2840 = CARTESIAN_POINT('',(5.729503252072,1.261410211658));
#2841 = CARTESIAN_POINT('',(5.802574089984,1.261226050868));
#2842 = CARTESIAN_POINT('',(5.87485918571,1.260994344193));
#2843 = CARTESIAN_POINT('',(5.946185574438,1.260718618849));
#2844 = CARTESIAN_POINT('',(6.016394625137,1.26040290343));
#2845 = CARTESIAN_POINT('',(6.085343515849,1.260051591151));
#2846 = CARTESIAN_POINT('',(6.15290693837,1.259669297123));
#2847 = CARTESIAN_POINT('',(6.218975473734,1.259260739449));
#2848 = CARTESIAN_POINT('',(6.261967817329,1.258973957072));
#2849 = CARTESIAN_POINT('',(6.28318530718,1.25882774121));
#2850 = ( GEOMETRIC_REPRESENTATION_CONTEXT(2) 
PARAMETRIC_REPRESENTATION_CONTEXT() REPRESENTATION_CONTEXT('2D SPACE',''
  ) );
#2851 = PCURVE('',#296,#2852);
#2852 = DEFINITIONAL_REPRESENTATION('',(#2853),#2879);
#2853 = B_SPLINE_CURVE_WITH_KNOTS('',3,(#2854,#2855,#2856,#2857,#2858,
    #2859,#2860,#2861,#2862,#2863,#2864,#2865,#2866,#2867,#2868,#2869,
    #2870,#2871,#2872,#2873,#2874,#2875,#2876,#2877,#2878),
  .UNSPECIFIED.,.F.,.F.,(4,1,1,1,1,1,1,1,1,1,1,1,1,1,1,1,1,1,1,1,1,1,4),
  (5.507472325451,5.577991687426,5.648511049401,5.719030411377,
    5.789549773352,5.860069135327,5.930588497303,6.001107859278,
    6.071627221254,6.142146583229,6.212665945204,6.28318530718,
    6.353704669155,6.42422403113,6.494743393106,6.565262755081,
    6.635782117056,6.706301479032,6.776820841007,6.847340202982,
    6.917859564958,6.988378926933,7.058898288909),
  .QUASI_UNIFORM_KNOTS.);
#2854 = CARTESIAN_POINT('',(4.722074162053,1.099966628201));
#2855 = CARTESIAN_POINT('',(4.743291651904,1.099820412339));
#2856 = CARTESIAN_POINT('',(4.786283995499,1.099533629962));
#2857 = CARTESIAN_POINT('',(4.852352530863,1.099125072289));
#2858 = CARTESIAN_POINT('',(4.919915953384,1.098742778261));
#2859 = CARTESIAN_POINT('',(4.988864844096,1.098391465981));
#2860 = CARTESIAN_POINT('',(5.059073894795,1.098075750562));
#2861 = CARTESIAN_POINT('',(5.130400283523,1.097800025218));
#2862 = CARTESIAN_POINT('',(5.202685379248,1.097568318543));
#2863 = CARTESIAN_POINT('',(5.275756217161,1.097384157753));
#2864 = CARTESIAN_POINT('',(5.349427680948,1.097250439973));
#2865 = CARTESIAN_POINT('',(5.423505084984,1.097169321484));
#2866 = CARTESIAN_POINT('',(5.497787143782,1.097142132169));
#2867 = CARTESIAN_POINT('',(5.57206920258,1.097169321484));
#2868 = CARTESIAN_POINT('',(5.646146606617,1.097250439973));
#2869 = CARTESIAN_POINT('',(5.719818070403,1.097384157753));
#2870 = CARTESIAN_POINT('',(5.792888908316,1.097568318543));
#2871 = CARTESIAN_POINT('',(5.865174004042,1.097800025218));
#2872 = CARTESIAN_POINT('',(5.936500392769,1.098075750562));
#2873 = CARTESIAN_POINT('',(6.006709443468,1.098391465981));
#2874 = CARTESIAN_POINT('',(6.075658334181,1.098742778261));
#2875 = CARTESIAN_POINT('',(6.143221756702,1.099125072289));
#2876 = CARTESIAN_POINT('',(6.209290292065,1.099533629962));
#2877 = CARTESIAN_POINT('',(6.252282635661,1.099820412339));
#2878 = CARTESIAN_POINT('',(6.273500125511,1.099966628201));
#2879 = ( GEOMETRIC_REPRESENTATION_CONTEXT(2) 
PARAMETRIC_REPRESENTATION_CONTEXT() REPRESENTATION_CONTEXT('2D SPACE',''
  ) );
#2880 = ORIENTED_EDGE('',*,*,#2379,.F.);
#2881 = ADVANCED_FACE('',(#2882),#203,.T.);
#2882 = FACE_BOUND('',#2883,.T.);
#2883 = EDGE_LOOP('',(#2884,#2885,#2886,#2930,#2931,#2932));
#2884 = ORIENTED_EDGE('',*,*,#2309,.F.);
#2885 = ORIENTED_EDGE('',*,*,#1870,.F.);
#2886 = ORIENTED_EDGE('',*,*,#2887,.F.);
#2887 = EDGE_CURVE('',#1493,#1843,#2888,.T.);
#2888 = SURFACE_CURVE('',#2889,(#2894,#2901),.PCURVE_S1.);
#2889 = CIRCLE('',#2890,0.1);
#2890 = AXIS2_PLACEMENT_3D('',#2891,#2892,#2893);
#2891 = CARTESIAN_POINT('',(-1.15,2.15,0.11));
#2892 = DIRECTION('',(0.,0.,-1.));
#2893 = DIRECTION('',(1.,8.673617379884E-15,0.));
#2894 = PCURVE('',#203,#2895);
#2895 = DEFINITIONAL_REPRESENTATION('',(#2896),#2900);
#2896 = LINE('',#2897,#2898);
#2897 = CARTESIAN_POINT('',(0.,1.4));
#2898 = VECTOR('',#2899,1.);
#2899 = DIRECTION('',(1.,0.));
#2900 = ( GEOMETRIC_REPRESENTATION_CONTEXT(2) 
PARAMETRIC_REPRESENTATION_CONTEXT() REPRESENTATION_CONTEXT('2D SPACE',''
  ) );
#2901 = PCURVE('',#1582,#2902);
#2902 = DEFINITIONAL_REPRESENTATION('',(#2903),#2929);
#2903 = B_SPLINE_CURVE_WITH_KNOTS('',3,(#2904,#2905,#2906,#2907,#2908,
    #2909,#2910,#2911,#2912,#2913,#2914,#2915,#2916,#2917,#2918,#2919,
    #2920,#2921,#2922,#2923,#2924,#2925,#2926,#2927,#2928),
  .UNSPECIFIED.,.F.,.F.,(4,1,1,1,1,1,1,1,1,1,1,1,1,1,1,1,1,1,1,1,1,1,4),
  (3.14159265359,3.212992486626,3.284392319662,3.355792152698,
    3.427191985734,3.49859181877,3.569991651807,3.641391484843,
    3.712791317879,3.784191150915,3.855590983951,3.926990816987,
    3.998390650023,4.06979048306,4.141190316096,4.212590149132,
    4.283989982168,4.355389815204,4.42678964824,4.498189481276,
    4.569589314312,4.640989147349,4.712388980385),
  .QUASI_UNIFORM_KNOTS.);
#2904 = CARTESIAN_POINT('',(0.,5.329070518201E-15));
#2905 = CARTESIAN_POINT('',(0.,-2.379994434537E-02));
#2906 = CARTESIAN_POINT('',(-8.881784197001E-16,-7.139983303613E-02));
#2907 = CARTESIAN_POINT('',(8.881784197001E-16,-0.142799666072));
#2908 = CARTESIAN_POINT('',(-2.6645352591E-15,-0.214199499108));
#2909 = CARTESIAN_POINT('',(-8.881784197001E-16,-0.285599332145));
#2910 = CARTESIAN_POINT('',(0.,-0.356999165181));
#2911 = CARTESIAN_POINT('',(0.,-0.428398998217));
#2912 = CARTESIAN_POINT('',(-2.6645352591E-15,-0.499798831253));
#2913 = CARTESIAN_POINT('',(0.,-0.571198664289));
#2914 = CARTESIAN_POINT('',(0.,-0.642598497325));
#2915 = CARTESIAN_POINT('',(0.,-0.713998330361));
#2916 = CARTESIAN_POINT('',(-2.6645352591E-15,-0.785398163397));
#2917 = CARTESIAN_POINT('',(-8.881784197001E-16,-0.856797996434));
#2918 = CARTESIAN_POINT('',(-1.7763568394E-15,-0.92819782947));
#2919 = CARTESIAN_POINT('',(-8.881784197001E-16,-0.999597662506));
#2920 = CARTESIAN_POINT('',(-3.552713678801E-15,-1.070997495542));
#2921 = CARTESIAN_POINT('',(-2.6645352591E-15,-1.142397328578));
#2922 = CARTESIAN_POINT('',(-8.881784197001E-16,-1.213797161614));
#2923 = CARTESIAN_POINT('',(-2.6645352591E-15,-1.28519699465));
#2924 = CARTESIAN_POINT('',(-5.329070518201E-15,-1.356596827687));
#2925 = CARTESIAN_POINT('',(-1.7763568394E-15,-1.427996660723));
#2926 = CARTESIAN_POINT('',(-1.24344978758E-14,-1.499396493759));
#2927 = CARTESIAN_POINT('',(-1.06581410364E-14,-1.54699638245));
#2928 = CARTESIAN_POINT('',(-9.769962616701E-15,-1.570796326795));
#2929 = ( GEOMETRIC_REPRESENTATION_CONTEXT(2) 
PARAMETRIC_REPRESENTATION_CONTEXT() REPRESENTATION_CONTEXT('2D SPACE',''
  ) );
#2930 = ORIENTED_EDGE('',*,*,#1492,.F.);
#2931 = ORIENTED_EDGE('',*,*,#187,.F.);
#2932 = ORIENTED_EDGE('',*,*,#2628,.T.);
#2933 = ADVANCED_FACE('',(#2934),#2715,.T.);
#2934 = FACE_BOUND('',#2935,.T.);
#2935 = EDGE_LOOP('',(#2936,#2937,#2938));
#2936 = ORIENTED_EDGE('',*,*,#2759,.T.);
#2937 = ORIENTED_EDGE('',*,*,#2700,.T.);
#2938 = ORIENTED_EDGE('',*,*,#2939,.F.);
#2939 = EDGE_CURVE('',#2061,#104,#2940,.T.);
#2940 = SURFACE_CURVE('',#2941,(#2946,#2975),.PCURVE_S1.);
#2941 = CIRCLE('',#2942,1.E-01);
#2942 = AXIS2_PLACEMENT_3D('',#2943,#2944,#2945);
#2943 = CARTESIAN_POINT('',(-1.008476408046,-2.008476408046,1.41));
#2944 = DIRECTION('',(-0.137844537492,-0.137844537492,-0.980814848464));
#2945 = DIRECTION('',(-0.990268068742,-1.283695372223E-16,0.13917310096)
  );
#2946 = PCURVE('',#2715,#2947);
#2947 = DEFINITIONAL_REPRESENTATION('',(#2948),#2974);
#2948 = B_SPLINE_CURVE_WITH_KNOTS('',3,(#2949,#2950,#2951,#2952,#2953,
    #2954,#2955,#2956,#2957,#2958,#2959,#2960,#2961,#2962,#2963,#2964,
    #2965,#2966,#2967,#2968,#2969,#2970,#2971,#2972,#2973),
  .UNSPECIFIED.,.F.,.F.,(4,1,1,1,1,1,1,1,1,1,1,1,1,1,1,1,1,1,1,1,1,1,4),
  (4.731759343722,4.802278705697,4.872798067672,4.943317429648,
    5.013836791623,5.084356153598,5.154875515574,5.225394877549,
    5.295914239525,5.3664336015,5.436952963475,5.507472325451,
    5.577991687426,5.648511049401,5.719030411377,5.789549773352,
    5.860069135327,5.930588497303,6.001107859278,6.071627221254,
    6.142146583229,6.212665945204,6.28318530718),.QUASI_UNIFORM_KNOTS.);
#2949 = CARTESIAN_POINT('',(4.712388980385,1.431169986635));
#2950 = CARTESIAN_POINT('',(4.88918279997,1.427583157215));
#2951 = CARTESIAN_POINT('',(5.177273791993,1.409665379477));
#2952 = CARTESIAN_POINT('',(5.456895631708,1.360915976333));
#2953 = CARTESIAN_POINT('',(5.622753974104,1.303058501631));
#2954 = CARTESIAN_POINT('',(5.731884467602,1.240439963452));
#2955 = CARTESIAN_POINT('',(5.807255141943,1.175328804422));
#2956 = CARTESIAN_POINT('',(5.862610467829,1.108727926869));
#2957 = CARTESIAN_POINT('',(5.905017997185,1.041194512552));
#2958 = CARTESIAN_POINT('',(5.938744302177,0.973038550448));
#2959 = CARTESIAN_POINT('',(5.966382274124,0.904450335338));
#2960 = CARTESIAN_POINT('',(5.989618828492,0.835550955778));
#2961 = CARTESIAN_POINT('',(6.009586799662,0.76642146338));
#2962 = CARTESIAN_POINT('',(6.027077098854,0.697118013304));
#2963 = CARTESIAN_POINT('',(6.042658583968,0.627680842342));
#2964 = CARTESIAN_POINT('',(6.056752296502,0.558139619716));
#2965 = CARTESIAN_POINT('',(6.069678055492,0.488516820552));
#2966 = CARTESIAN_POINT('',(6.081684975737,0.418829910478));
#2967 = CARTESIAN_POINT('',(6.092971996352,0.349092810914));
#2968 = CARTESIAN_POINT('',(6.103702112562,0.279316909912));
#2969 = CARTESIAN_POINT('',(6.114012600586,0.209511786079));
#2970 = CARTESIAN_POINT('',(6.124022392527,0.139685729222));
#2971 = CARTESIAN_POINT('',(6.133838456643,6.984618942325E-02));
#2972 = CARTESIAN_POINT('',(6.140318353305,2.328203203767E-02));
#2973 = CARTESIAN_POINT('',(6.14355896702,-8.881784197001E-15));
#2974 = ( GEOMETRIC_REPRESENTATION_CONTEXT(2) 
PARAMETRIC_REPRESENTATION_CONTEXT() REPRESENTATION_CONTEXT('2D SPACE',''
  ) );
#2975 = PCURVE('',#119,#2976);
#2976 = DEFINITIONAL_REPRESENTATION('',(#2977),#2981);
#2977 = LINE('',#2978,#2979);
#2978 = CARTESIAN_POINT('',(6.28318530718,-0.362956343544));
#2979 = VECTOR('',#2980,1.);
#2980 = DIRECTION('',(-1.,1.431229141158E-16));
#2981 = ( GEOMETRIC_REPRESENTATION_CONTEXT(2) 
PARAMETRIC_REPRESENTATION_CONTEXT() REPRESENTATION_CONTEXT('2D SPACE',''
  ) );
#2982 = ADVANCED_FACE('',(#2983),#2746,.T.);
#2983 = FACE_BOUND('',#2984,.T.);
#2984 = EDGE_LOOP('',(#2985,#2986,#2987));
#2985 = ORIENTED_EDGE('',*,*,#2787,.T.);
#2986 = ORIENTED_EDGE('',*,*,#2731,.T.);
#2987 = ORIENTED_EDGE('',*,*,#2988,.F.);
#2988 = EDGE_CURVE('',#2238,#2133,#2989,.T.);
#2989 = SURFACE_CURVE('',#2990,(#2995,#3024),.PCURVE_S1.);
#2990 = CIRCLE('',#2991,0.1);
#2991 = AXIS2_PLACEMENT_3D('',#2992,#2993,#2994);
#2992 = CARTESIAN_POINT('',(1.008476408046,-2.008476408046,1.41));
#2993 = DIRECTION('',(0.137844537492,-0.137844537492,-0.980814848464));
#2994 = DIRECTION('',(-0.990268068742,-8.743006318923E-15,-0.13917310096
    ));
#2995 = PCURVE('',#2746,#2996);
#2996 = DEFINITIONAL_REPRESENTATION('',(#2997),#3023);
#2997 = B_SPLINE_CURVE_WITH_KNOTS('',3,(#2998,#2999,#3000,#3001,#3002,
    #3003,#3004,#3005,#3006,#3007,#3008,#3009,#3010,#3011,#3012,#3013,
    #3014,#3015,#3016,#3017,#3018,#3019,#3020,#3021,#3022),
  .UNSPECIFIED.,.F.,.F.,(4,1,1,1,1,1,1,1,1,1,1,1,1,1,1,1,1,1,1,1,1,1,4),
  (3.14159265359,3.212112015565,3.282631377541,3.353150739516,
    3.423670101491,3.494189463467,3.564708825442,3.635228187417,
    3.705747549393,3.776266911368,3.846786273343,3.917305635319,
    3.987824997294,4.058344359269,4.128863721245,4.19938308322,
    4.269902445196,4.340421807171,4.410941169146,4.481460531122,
    4.551979893097,4.622499255072,4.693018617048),
  .QUASI_UNIFORM_KNOTS.);
#2998 = CARTESIAN_POINT('',(3.281218993749,0.));
#2999 = CARTESIAN_POINT('',(3.284459607465,2.328203203768E-02));
#3000 = CARTESIAN_POINT('',(3.290939504126,6.984618942326E-02));
#3001 = CARTESIAN_POINT('',(3.300755568242,0.139685729222));
#3002 = CARTESIAN_POINT('',(3.310765360183,0.209511786079));
#3003 = CARTESIAN_POINT('',(3.321075848207,0.279316909912));
#3004 = CARTESIAN_POINT('',(3.331805964417,0.349092810914));
#3005 = CARTESIAN_POINT('',(3.343092985032,0.418829910478));
#3006 = CARTESIAN_POINT('',(3.355099905277,0.488516820552));
#3007 = CARTESIAN_POINT('',(3.368025664267,0.558139619716));
#3008 = CARTESIAN_POINT('',(3.382119376801,0.627680842342));
#3009 = CARTESIAN_POINT('',(3.397700861916,0.697118013304));
#3010 = CARTESIAN_POINT('',(3.415191161108,0.76642146338));
#3011 = CARTESIAN_POINT('',(3.435159132277,0.835550955778));
#3012 = CARTESIAN_POINT('',(3.458395686645,0.904450335338));
#3013 = CARTESIAN_POINT('',(3.486033658592,0.973038550448));
#3014 = CARTESIAN_POINT('',(3.519759963585,1.041194512552));
#3015 = CARTESIAN_POINT('',(3.562167492941,1.108727926869));
#3016 = CARTESIAN_POINT('',(3.617522818826,1.175328804422));
#3017 = CARTESIAN_POINT('',(3.692893493168,1.240439963452));
#3018 = CARTESIAN_POINT('',(3.802023986665,1.303058501631));
#3019 = CARTESIAN_POINT('',(3.967882329061,1.360915976333));
#3020 = CARTESIAN_POINT('',(4.247504168777,1.409665379477));
#3021 = CARTESIAN_POINT('',(4.5355951608,1.427583157215));
#3022 = CARTESIAN_POINT('',(4.712388980385,1.431169986635));
#3023 = ( GEOMETRIC_REPRESENTATION_CONTEXT(2) 
PARAMETRIC_REPRESENTATION_CONTEXT() REPRESENTATION_CONTEXT('2D SPACE',''
  ) );
#3024 = PCURVE('',#2148,#3025);
#3025 = DEFINITIONAL_REPRESENTATION('',(#3026),#3030);
#3026 = LINE('',#3027,#3028);
#3027 = CARTESIAN_POINT('',(-3.14159265359,0.362956343544));
#3028 = VECTOR('',#3029,1.);
#3029 = DIRECTION('',(1.,0.));
#3030 = ( GEOMETRIC_REPRESENTATION_CONTEXT(2) 
PARAMETRIC_REPRESENTATION_CONTEXT() REPRESENTATION_CONTEXT('2D SPACE',''
  ) );
#3031 = ADVANCED_FACE('',(#3032),#296,.T.);
#3032 = FACE_BOUND('',#3033,.T.);
#3033 = EDGE_LOOP('',(#3034,#3035,#3036,#3080,#3081,#3082));
#3034 = ORIENTED_EDGE('',*,*,#2185,.F.);
#3035 = ORIENTED_EDGE('',*,*,#280,.F.);
#3036 = ORIENTED_EDGE('',*,*,#3037,.F.);
#3037 = EDGE_CURVE('',#1841,#253,#3038,.T.);
#3038 = SURFACE_CURVE('',#3039,(#3044,#3051),.PCURVE_S1.);
#3039 = CIRCLE('',#3040,0.1);
#3040 = AXIS2_PLACEMENT_3D('',#3041,#3042,#3043);
#3041 = CARTESIAN_POINT('',(1.15,2.15,0.11));
#3042 = DIRECTION('',(0.,0.,-1.));
#3043 = DIRECTION('',(1.,8.673617379884E-15,0.));
#3044 = PCURVE('',#296,#3045);
#3045 = DEFINITIONAL_REPRESENTATION('',(#3046),#3050);
#3046 = LINE('',#3047,#3048);
#3047 = CARTESIAN_POINT('',(0.,1.4));
#3048 = VECTOR('',#3049,1.);
#3049 = DIRECTION('',(1.,0.));
#3050 = ( GEOMETRIC_REPRESENTATION_CONTEXT(2) 
PARAMETRIC_REPRESENTATION_CONTEXT() REPRESENTATION_CONTEXT('2D SPACE',''
  ) );
#3051 = PCURVE('',#979,#3052);
#3052 = DEFINITIONAL_REPRESENTATION('',(#3053),#3079);
#3053 = B_SPLINE_CURVE_WITH_KNOTS('',3,(#3054,#3055,#3056,#3057,#3058,
    #3059,#3060,#3061,#3062,#3063,#3064,#3065,#3066,#3067,#3068,#3069,
    #3070,#3071,#3072,#3073,#3074,#3075,#3076,#3077,#3078),
  .UNSPECIFIED.,.F.,.F.,(4,1,1,1,1,1,1,1,1,1,1,1,1,1,1,1,1,1,1,1,1,1,4),
  (4.712388980385,4.783788813421,4.855188646457,4.926588479493,
    4.997988312529,5.069388145565,5.140787978601,5.212187811638,
    5.283587644674,5.35498747771,5.426387310746,5.497787143782,
    5.569186976818,5.640586809854,5.711986642891,5.783386475927,
    5.854786308963,5.926186141999,5.997585975035,6.068985808071,
    6.140385641107,6.211785474143,6.28318530718),.QUASI_UNIFORM_KNOTS.);
#3054 = CARTESIAN_POINT('',(3.14159265359,-1.570796326795));
#3055 = CARTESIAN_POINT('',(3.14159265359,-1.54699638245));
#3056 = CARTESIAN_POINT('',(3.14159265359,-1.499396493759));
#3057 = CARTESIAN_POINT('',(3.14159265359,-1.427996660723));
#3058 = CARTESIAN_POINT('',(3.14159265359,-1.356596827687));
#3059 = CARTESIAN_POINT('',(3.14159265359,-1.28519699465));
#3060 = CARTESIAN_POINT('',(3.14159265359,-1.213797161614));
#3061 = CARTESIAN_POINT('',(3.14159265359,-1.142397328578));
#3062 = CARTESIAN_POINT('',(3.14159265359,-1.070997495542));
#3063 = CARTESIAN_POINT('',(3.14159265359,-0.999597662506));
#3064 = CARTESIAN_POINT('',(3.14159265359,-0.92819782947));
#3065 = CARTESIAN_POINT('',(3.14159265359,-0.856797996434));
#3066 = CARTESIAN_POINT('',(3.14159265359,-0.785398163397));
#3067 = CARTESIAN_POINT('',(3.14159265359,-0.713998330361));
#3068 = CARTESIAN_POINT('',(3.14159265359,-0.642598497325));
#3069 = CARTESIAN_POINT('',(3.14159265359,-0.571198664289));
#3070 = CARTESIAN_POINT('',(3.14159265359,-0.499798831253));
#3071 = CARTESIAN_POINT('',(3.14159265359,-0.428398998217));
#3072 = CARTESIAN_POINT('',(3.14159265359,-0.356999165181));
#3073 = CARTESIAN_POINT('',(3.14159265359,-0.285599332145));
#3074 = CARTESIAN_POINT('',(3.14159265359,-0.214199499108));
#3075 = CARTESIAN_POINT('',(3.14159265359,-0.142799666072));
#3076 = CARTESIAN_POINT('',(3.14159265359,-7.139983303613E-02));
#3077 = CARTESIAN_POINT('',(3.14159265359,-2.379994434538E-02));
#3078 = CARTESIAN_POINT('',(3.14159265359,0.));
#3079 = ( GEOMETRIC_REPRESENTATION_CONTEXT(2) 
PARAMETRIC_REPRESENTATION_CONTEXT() REPRESENTATION_CONTEXT('2D SPACE',''
  ) );
#3080 = ORIENTED_EDGE('',*,*,#1921,.F.);
#3081 = ORIENTED_EDGE('',*,*,#2402,.F.);
#3082 = ORIENTED_EDGE('',*,*,#2815,.T.);
#3083 = ADVANCED_FACE('',(#3084),#900,.T.);
#3084 = FACE_BOUND('',#3085,.T.);
#3085 = EDGE_LOOP('',(#3086,#3130,#3131,#3175));
#3086 = ORIENTED_EDGE('',*,*,#3087,.F.);
#3087 = EDGE_CURVE('',#1843,#857,#3088,.T.);
#3088 = SURFACE_CURVE('',#3089,(#3094,#3101),.PCURVE_S1.);
#3089 = CIRCLE('',#3090,0.1);
#3090 = AXIS2_PLACEMENT_3D('',#3091,#3092,#3093);
#3091 = CARTESIAN_POINT('',(-1.15,2.15,0.11));
#3092 = DIRECTION('',(-1.,-6.982962677686E-15,0.));
#3093 = DIRECTION('',(-0.,0.,-1.));
#3094 = PCURVE('',#900,#3095);
#3095 = DEFINITIONAL_REPRESENTATION('',(#3096),#3100);
#3096 = LINE('',#3097,#3098);
#3097 = CARTESIAN_POINT('',(0.,2.4));
#3098 = VECTOR('',#3099,1.);
#3099 = DIRECTION('',(1.,0.));
#3100 = ( GEOMETRIC_REPRESENTATION_CONTEXT(2) 
PARAMETRIC_REPRESENTATION_CONTEXT() REPRESENTATION_CONTEXT('2D SPACE',''
  ) );
#3101 = PCURVE('',#1582,#3102);
#3102 = DEFINITIONAL_REPRESENTATION('',(#3103),#3129);
#3103 = B_SPLINE_CURVE_WITH_KNOTS('',3,(#3104,#3105,#3106,#3107,#3108,
    #3109,#3110,#3111,#3112,#3113,#3114,#3115,#3116,#3117,#3118,#3119,
    #3120,#3121,#3122,#3123,#3124,#3125,#3126,#3127,#3128),
  .UNSPECIFIED.,.F.,.F.,(4,1,1,1,1,1,1,1,1,1,1,1,1,1,1,1,1,1,1,1,1,1,4),
  (4.712388980385,4.783788813421,4.855188646457,4.926588479493,
    4.997988312529,5.069388145565,5.140787978601,5.212187811638,
    5.283587644674,5.35498747771,5.426387310746,5.497787143782,
    5.569186976818,5.640586809854,5.711986642891,5.783386475927,
    5.854786308963,5.926186141999,5.997585975035,6.068985808071,
    6.140385641107,6.211785474143,6.28318530718),.QUASI_UNIFORM_KNOTS.);
#3104 = CARTESIAN_POINT('',(1.570796326795,-1.570796326795));
#3105 = CARTESIAN_POINT('',(1.570796326795,-1.54699638245));
#3106 = CARTESIAN_POINT('',(1.570796326795,-1.499396493759));
#3107 = CARTESIAN_POINT('',(1.570796326795,-1.427996660723));
#3108 = CARTESIAN_POINT('',(1.570796326795,-1.356596827687));
#3109 = CARTESIAN_POINT('',(1.570796326795,-1.28519699465));
#3110 = CARTESIAN_POINT('',(1.570796326795,-1.213797161614));
#3111 = CARTESIAN_POINT('',(1.570796326795,-1.142397328578));
#3112 = CARTESIAN_POINT('',(1.570796326795,-1.070997495542));
#3113 = CARTESIAN_POINT('',(1.570796326795,-0.999597662506));
#3114 = CARTESIAN_POINT('',(1.570796326795,-0.92819782947));
#3115 = CARTESIAN_POINT('',(1.570796326795,-0.856797996434));
#3116 = CARTESIAN_POINT('',(1.570796326795,-0.785398163397));
#3117 = CARTESIAN_POINT('',(1.570796326795,-0.713998330361));
#3118 = CARTESIAN_POINT('',(1.570796326795,-0.642598497325));
#3119 = CARTESIAN_POINT('',(1.570796326795,-0.571198664289));
#3120 = CARTESIAN_POINT('',(1.570796326795,-0.499798831253));
#3121 = CARTESIAN_POINT('',(1.570796326795,-0.428398998217));
#3122 = CARTESIAN_POINT('',(1.570796326795,-0.356999165181));
#3123 = CARTESIAN_POINT('',(1.570796326795,-0.285599332145));
#3124 = CARTESIAN_POINT('',(1.570796326795,-0.214199499108));
#3125 = CARTESIAN_POINT('',(1.570796326795,-0.142799666072));
#3126 = CARTESIAN_POINT('',(1.570796326795,-7.139983303613E-02));
#3127 = CARTESIAN_POINT('',(1.570796326795,-2.379994434538E-02));
#3128 = CARTESIAN_POINT('',(1.570796326795,0.));
#3129 = ( GEOMETRIC_REPRESENTATION_CONTEXT(2) 
PARAMETRIC_REPRESENTATION_CONTEXT() REPRESENTATION_CONTEXT('2D SPACE',''
  ) );
#3130 = ORIENTED_EDGE('',*,*,#1840,.F.);
#3131 = ORIENTED_EDGE('',*,*,#3132,.F.);
#3132 = EDGE_CURVE('',#885,#1841,#3133,.T.);
#3133 = SURFACE_CURVE('',#3134,(#3139,#3146),.PCURVE_S1.);
#3134 = CIRCLE('',#3135,0.1);
#3135 = AXIS2_PLACEMENT_3D('',#3136,#3137,#3138);
#3136 = CARTESIAN_POINT('',(1.15,2.15,0.11));
#3137 = DIRECTION('',(1.,6.982962677686E-15,-0.));
#3138 = DIRECTION('',(0.,0.,1.));
#3139 = PCURVE('',#900,#3140);
#3140 = DEFINITIONAL_REPRESENTATION('',(#3141),#3145);
#3141 = LINE('',#3142,#3143);
#3142 = CARTESIAN_POINT('',(9.424777960769,0.1));
#3143 = VECTOR('',#3144,1.);
#3144 = DIRECTION('',(-1.,0.));
#3145 = ( GEOMETRIC_REPRESENTATION_CONTEXT(2) 
PARAMETRIC_REPRESENTATION_CONTEXT() REPRESENTATION_CONTEXT('2D SPACE',''
  ) );
#3146 = PCURVE('',#979,#3147);
#3147 = DEFINITIONAL_REPRESENTATION('',(#3148),#3174);
#3148 = B_SPLINE_CURVE_WITH_KNOTS('',3,(#3149,#3150,#3151,#3152,#3153,
    #3154,#3155,#3156,#3157,#3158,#3159,#3160,#3161,#3162,#3163,#3164,
    #3165,#3166,#3167,#3168,#3169,#3170,#3171,#3172,#3173),
  .UNSPECIFIED.,.F.,.F.,(4,1,1,1,1,1,1,1,1,1,1,1,1,1,1,1,1,1,1,1,1,1,4),
  (3.14159265359,3.212992486626,3.284392319662,3.355792152698,
    3.427191985734,3.49859181877,3.569991651807,3.641391484843,
    3.712791317879,3.784191150915,3.855590983951,3.926990816987,
    3.998390650023,4.06979048306,4.141190316096,4.212590149132,
    4.283989982168,4.355389815204,4.42678964824,4.498189481276,
    4.569589314312,4.640989147349,4.712388980385),
  .QUASI_UNIFORM_KNOTS.);
#3149 = CARTESIAN_POINT('',(1.570796326795,0.));
#3150 = CARTESIAN_POINT('',(1.570796326795,-2.379994434538E-02));
#3151 = CARTESIAN_POINT('',(1.570796326795,-7.139983303613E-02));
#3152 = CARTESIAN_POINT('',(1.570796326795,-0.142799666072));
#3153 = CARTESIAN_POINT('',(1.570796326795,-0.214199499108));
#3154 = CARTESIAN_POINT('',(1.570796326795,-0.285599332145));
#3155 = CARTESIAN_POINT('',(1.570796326795,-0.356999165181));
#3156 = CARTESIAN_POINT('',(1.570796326795,-0.428398998217));
#3157 = CARTESIAN_POINT('',(1.570796326795,-0.499798831253));
#3158 = CARTESIAN_POINT('',(1.570796326795,-0.571198664289));
#3159 = CARTESIAN_POINT('',(1.570796326795,-0.642598497325));
#3160 = CARTESIAN_POINT('',(1.570796326795,-0.713998330361));
#3161 = CARTESIAN_POINT('',(1.570796326795,-0.785398163397));
#3162 = CARTESIAN_POINT('',(1.570796326795,-0.856797996434));
#3163 = CARTESIAN_POINT('',(1.570796326795,-0.92819782947));
#3164 = CARTESIAN_POINT('',(1.570796326795,-0.999597662506));
#3165 = CARTESIAN_POINT('',(1.570796326795,-1.070997495542));
#3166 = CARTESIAN_POINT('',(1.570796326795,-1.142397328578));
#3167 = CARTESIAN_POINT('',(1.570796326795,-1.213797161614));
#3168 = CARTESIAN_POINT('',(1.570796326795,-1.28519699465));
#3169 = CARTESIAN_POINT('',(1.570796326795,-1.356596827687));
#3170 = CARTESIAN_POINT('',(1.570796326795,-1.427996660723));
#3171 = CARTESIAN_POINT('',(1.570796326795,-1.499396493759));
#3172 = CARTESIAN_POINT('',(1.570796326795,-1.54699638245));
#3173 = CARTESIAN_POINT('',(1.570796326795,-1.570796326795));
#3174 = ( GEOMETRIC_REPRESENTATION_CONTEXT(2) 
PARAMETRIC_REPRESENTATION_CONTEXT() REPRESENTATION_CONTEXT('2D SPACE',''
  ) );
#3175 = ORIENTED_EDGE('',*,*,#884,.F.);
#3176 = ADVANCED_FACE('',(#3177),#1582,.T.);
#3177 = FACE_BOUND('',#3178,.T.);
#3178 = EDGE_LOOP('',(#3179,#3180,#3181));
#3179 = ORIENTED_EDGE('',*,*,#2887,.T.);
#3180 = ORIENTED_EDGE('',*,*,#3087,.T.);
#3181 = ORIENTED_EDGE('',*,*,#1567,.F.);
#3182 = ADVANCED_FACE('',(#3183),#119,.T.);
#3183 = FACE_BOUND('',#3184,.T.);
#3184 = EDGE_LOOP('',(#3185,#3186,#3187,#3253));
#3185 = ORIENTED_EDGE('',*,*,#2939,.T.);
#3186 = ORIENTED_EDGE('',*,*,#103,.F.);
#3187 = ORIENTED_EDGE('',*,*,#3188,.F.);
#3188 = EDGE_CURVE('',#2063,#75,#3189,.T.);
#3189 = SURFACE_CURVE('',#3190,(#3195,#3224),.PCURVE_S1.);
#3190 = ( BOUNDED_CURVE() B_SPLINE_CURVE(3,(#3191,#3192,#3193,#3194),
.UNSPECIFIED.,.F.,.F.) B_SPLINE_CURVE_WITH_KNOTS((4,4),(2.365879671861,
3.917305635319),.PIECEWISE_BEZIER_KNOTS.) CURVE() 
GEOMETRIC_REPRESENTATION_ITEM() RATIONAL_B_SPLINE_CURVE((1.,
0.809281311824,0.809281311824,1.)) REPRESENTATION_ITEM('') );
#3191 = CARTESIAN_POINT('',(-1.150968503025,-2.249995309899,
    0.410033371799));
#3192 = CARTESIAN_POINT('',(-1.208648687085,-2.24943664937,
    0.414008448015));
#3193 = CARTESIAN_POINT('',(-1.24943664937,-2.208648687085,
    0.414008448015));
#3194 = CARTESIAN_POINT('',(-1.249995309899,-2.150968503025,
    0.410033371799));
#3195 = PCURVE('',#119,#3196);
#3196 = DEFINITIONAL_REPRESENTATION('',(#3197),#3223);
#3197 = B_SPLINE_CURVE_WITH_KNOTS('',3,(#3198,#3199,#3200,#3201,#3202,
    #3203,#3204,#3205,#3206,#3207,#3208,#3209,#3210,#3211,#3212,#3213,
    #3214,#3215,#3216,#3217,#3218,#3219,#3220,#3221,#3222),
  .UNSPECIFIED.,.F.,.F.,(4,1,1,1,1,1,1,1,1,1,1,1,1,1,1,1,1,1,1,1,1,1,4),
  (2.365879671861,2.436399033836,2.506918395812,2.577437757787,
    2.647957119762,2.718476481738,2.788995843713,2.859515205688,
    2.930034567664,3.000553929639,3.071073291614,3.14159265359,
    3.212112015565,3.282631377541,3.353150739516,3.423670101491,
    3.494189463467,3.564708825442,3.635228187417,3.705747549393,
    3.776266911368,3.846786273343,3.917305635319),
  .QUASI_UNIFORM_KNOTS.);
#3198 = CARTESIAN_POINT('',(1.551425963458,-1.396672278702));
#3199 = CARTESIAN_POINT('',(1.530208473608,-1.396818494563));
#3200 = CARTESIAN_POINT('',(1.487216130012,-1.39710527694));
#3201 = CARTESIAN_POINT('',(1.421147594648,-1.397513834614));
#3202 = CARTESIAN_POINT('',(1.353584172127,-1.397896128642));
#3203 = CARTESIAN_POINT('',(1.284635281415,-1.398247440921));
#3204 = CARTESIAN_POINT('',(1.214426230716,-1.39856315634));
#3205 = CARTESIAN_POINT('',(1.143099841989,-1.398838881685));
#3206 = CARTESIAN_POINT('',(1.070814746263,-1.39907058836));
#3207 = CARTESIAN_POINT('',(0.99774390835,-1.399254749149));
#3208 = CARTESIAN_POINT('',(0.924072444563,-1.39938846693));
#3209 = CARTESIAN_POINT('',(0.849995040527,-1.399469585419));
#3210 = CARTESIAN_POINT('',(0.775712981729,-1.399496774734));
#3211 = CARTESIAN_POINT('',(0.701430922931,-1.399469585419));
#3212 = CARTESIAN_POINT('',(0.627353518895,-1.39938846693));
#3213 = CARTESIAN_POINT('',(0.553682055108,-1.399254749149));
#3214 = CARTESIAN_POINT('',(0.480611217195,-1.39907058836));
#3215 = CARTESIAN_POINT('',(0.408326121469,-1.398838881685));
#3216 = CARTESIAN_POINT('',(0.336999732742,-1.39856315634));
#3217 = CARTESIAN_POINT('',(0.266790682043,-1.398247440921));
#3218 = CARTESIAN_POINT('',(0.197841791331,-1.397896128642));
#3219 = CARTESIAN_POINT('',(0.13027836881,-1.397513834614));
#3220 = CARTESIAN_POINT('',(6.420983344585E-02,-1.39710527694));
#3221 = CARTESIAN_POINT('',(2.121748985035E-02,-1.396818494563));
#3222 = CARTESIAN_POINT('',(0.,-1.396672278702));
#3223 = ( GEOMETRIC_REPRESENTATION_CONTEXT(2) 
PARAMETRIC_REPRESENTATION_CONTEXT() REPRESENTATION_CONTEXT('2D SPACE',''
  ) );
#3224 = PCURVE('',#92,#3225);
#3225 = DEFINITIONAL_REPRESENTATION('',(#3226),#3252);
#3226 = B_SPLINE_CURVE_WITH_KNOTS('',3,(#3227,#3228,#3229,#3230,#3231,
    #3232,#3233,#3234,#3235,#3236,#3237,#3238,#3239,#3240,#3241,#3242,
    #3243,#3244,#3245,#3246,#3247,#3248,#3249,#3250,#3251),
  .UNSPECIFIED.,.F.,.F.,(4,1,1,1,1,1,1,1,1,1,1,1,1,1,1,1,1,1,1,1,1,1,4),
  (2.365879671861,2.436399033836,2.506918395812,2.577437757787,
    2.647957119762,2.718476481738,2.788995843713,2.859515205688,
    2.930034567664,3.000553929639,3.071073291614,3.14159265359,
    3.212112015565,3.282631377541,3.353150739516,3.423670101491,
    3.494189463467,3.564708825442,3.635228187417,3.705747549393,
    3.776266911368,3.846786273343,3.917305635319),
  .QUASI_UNIFORM_KNOTS.);
#3227 = CARTESIAN_POINT('',(1.580481508463,1.099966628201));
#3228 = CARTESIAN_POINT('',(1.601698998314,1.099820412339));
#3229 = CARTESIAN_POINT('',(1.644691341909,1.099533629962));
#3230 = CARTESIAN_POINT('',(1.710759877273,1.099125072289));
#3231 = CARTESIAN_POINT('',(1.778323299794,1.098742778261));
#3232 = CARTESIAN_POINT('',(1.847272190506,1.098391465981));
#3233 = CARTESIAN_POINT('',(1.917481241205,1.098075750562));
#3234 = CARTESIAN_POINT('',(1.988807629933,1.097800025218));
#3235 = CARTESIAN_POINT('',(2.061092725659,1.097568318543));
#3236 = CARTESIAN_POINT('',(2.134163563571,1.097384157753));
#3237 = CARTESIAN_POINT('',(2.207835027358,1.097250439973));
#3238 = CARTESIAN_POINT('',(2.281912431395,1.097169321484));
#3239 = CARTESIAN_POINT('',(2.356194490192,1.097142132169));
#3240 = CARTESIAN_POINT('',(2.43047654899,1.097169321484));
#3241 = CARTESIAN_POINT('',(2.504553953027,1.097250439973));
#3242 = CARTESIAN_POINT('',(2.578225416813,1.097384157753));
#3243 = CARTESIAN_POINT('',(2.651296254726,1.097568318543));
#3244 = CARTESIAN_POINT('',(2.723581350452,1.097800025218));
#3245 = CARTESIAN_POINT('',(2.794907739179,1.098075750562));
#3246 = CARTESIAN_POINT('',(2.865116789878,1.098391465981));
#3247 = CARTESIAN_POINT('',(2.934065680591,1.098742778261));
#3248 = CARTESIAN_POINT('',(3.001629103112,1.099125072289));
#3249 = CARTESIAN_POINT('',(3.067697638475,1.099533629962));
#3250 = CARTESIAN_POINT('',(3.110689982071,1.099820412339));
#3251 = CARTESIAN_POINT('',(3.131907471921,1.099966628201));
#3252 = ( GEOMETRIC_REPRESENTATION_CONTEXT(2) 
PARAMETRIC_REPRESENTATION_CONTEXT() REPRESENTATION_CONTEXT('2D SPACE',''
  ) );
#3253 = ORIENTED_EDGE('',*,*,#2060,.F.);
#3254 = ADVANCED_FACE('',(#3255),#2148,.T.);
#3255 = FACE_BOUND('',#3256,.T.);
#3256 = EDGE_LOOP('',(#3257,#3258,#3259,#3325));
#3257 = ORIENTED_EDGE('',*,*,#2988,.T.);
#3258 = ORIENTED_EDGE('',*,*,#2132,.F.);
#3259 = ORIENTED_EDGE('',*,*,#3260,.F.);
#3260 = EDGE_CURVE('',#2261,#2109,#3261,.T.);
#3261 = SURFACE_CURVE('',#3262,(#3267,#3296),.PCURVE_S1.);
#3262 = ( BOUNDED_CURVE() B_SPLINE_CURVE(3,(#3263,#3264,#3265,#3266),
.UNSPECIFIED.,.F.,.F.) B_SPLINE_CURVE_WITH_KNOTS((4,4),(5.507472325451,
7.058898288909),.PIECEWISE_BEZIER_KNOTS.) CURVE() 
GEOMETRIC_REPRESENTATION_ITEM() RATIONAL_B_SPLINE_CURVE((1.,
0.809281311824,0.809281311824,1.)) REPRESENTATION_ITEM('') );
#3263 = CARTESIAN_POINT('',(1.249995309899,-2.150968503025,
    0.410033371799));
#3264 = CARTESIAN_POINT('',(1.24943664937,-2.208648687085,0.414008448015
    ));
#3265 = CARTESIAN_POINT('',(1.208648687085,-2.24943664937,0.414008448015
    ));
#3266 = CARTESIAN_POINT('',(1.150968503025,-2.249995309899,
    0.410033371799));
#3267 = PCURVE('',#2148,#3268);
#3268 = DEFINITIONAL_REPRESENTATION('',(#3269),#3295);
#3269 = B_SPLINE_CURVE_WITH_KNOTS('',3,(#3270,#3271,#3272,#3273,#3274,
    #3275,#3276,#3277,#3278,#3279,#3280,#3281,#3282,#3283,#3284,#3285,
    #3286,#3287,#3288,#3289,#3290,#3291,#3292,#3293,#3294),
  .UNSPECIFIED.,.F.,.F.,(4,1,1,1,1,1,1,1,1,1,1,1,1,1,1,1,1,1,1,1,1,1,4),
  (5.507472325451,5.577991687426,5.648511049401,5.719030411377,
    5.789549773352,5.860069135327,5.930588497303,6.001107859278,
    6.071627221253,6.142146583229,6.212665945204,6.28318530718,
    6.353704669155,6.42422403113,6.494743393106,6.565262755081,
    6.635782117056,6.706301479032,6.776820841007,6.847340202982,
    6.917859564958,6.988378926933,7.058898288909),
  .QUASI_UNIFORM_KNOTS.);
#3270 = CARTESIAN_POINT('',(0.,1.396672278702));
#3271 = CARTESIAN_POINT('',(2.121748985035E-02,1.396818494563));
#3272 = CARTESIAN_POINT('',(6.420983344585E-02,1.39710527694));
#3273 = CARTESIAN_POINT('',(0.13027836881,1.397513834614));
#3274 = CARTESIAN_POINT('',(0.19784179133,1.397896128642));
#3275 = CARTESIAN_POINT('',(0.266790682043,1.398247440921));
#3276 = CARTESIAN_POINT('',(0.336999732742,1.39856315634));
#3277 = CARTESIAN_POINT('',(0.408326121469,1.398838881685));
#3278 = CARTESIAN_POINT('',(0.480611217195,1.39907058836));
#3279 = CARTESIAN_POINT('',(0.553682055108,1.399254749149));
#3280 = CARTESIAN_POINT('',(0.627353518895,1.39938846693));
#3281 = CARTESIAN_POINT('',(0.701430922931,1.399469585419));
#3282 = CARTESIAN_POINT('',(0.775712981729,1.399496774734));
#3283 = CARTESIAN_POINT('',(0.849995040527,1.399469585419));
#3284 = CARTESIAN_POINT('',(0.924072444563,1.39938846693));
#3285 = CARTESIAN_POINT('',(0.99774390835,1.399254749149));
#3286 = CARTESIAN_POINT('',(1.070814746263,1.39907058836));
#3287 = CARTESIAN_POINT('',(1.143099841989,1.398838881685));
#3288 = CARTESIAN_POINT('',(1.214426230716,1.39856315634));
#3289 = CARTESIAN_POINT('',(1.284635281415,1.398247440921));
#3290 = CARTESIAN_POINT('',(1.353584172127,1.397896128642));
#3291 = CARTESIAN_POINT('',(1.421147594648,1.397513834614));
#3292 = CARTESIAN_POINT('',(1.487216130012,1.39710527694));
#3293 = CARTESIAN_POINT('',(1.530208473608,1.396818494563));
#3294 = CARTESIAN_POINT('',(1.551425963458,1.396672278702));
#3295 = ( GEOMETRIC_REPRESENTATION_CONTEXT(2) 
PARAMETRIC_REPRESENTATION_CONTEXT() REPRESENTATION_CONTEXT('2D SPACE',''
  ) );
#3296 = PCURVE('',#352,#3297);
#3297 = DEFINITIONAL_REPRESENTATION('',(#3298),#3324);
#3298 = B_SPLINE_CURVE_WITH_KNOTS('',3,(#3299,#3300,#3301,#3302,#3303,
    #3304,#3305,#3306,#3307,#3308,#3309,#3310,#3311,#3312,#3313,#3314,
    #3315,#3316,#3317,#3318,#3319,#3320,#3321,#3322,#3323),
  .UNSPECIFIED.,.F.,.F.,(4,1,1,1,1,1,1,1,1,1,1,1,1,1,1,1,1,1,1,1,1,1,4),
  (5.507472325451,5.577991687426,5.648511049401,5.719030411377,
    5.789549773352,5.860069135327,5.930588497303,6.001107859278,
    6.071627221253,6.142146583229,6.212665945204,6.28318530718,
    6.353704669155,6.42422403113,6.494743393106,6.565262755081,
    6.635782117056,6.706301479032,6.776820841007,6.847340202982,
    6.917859564958,6.988378926933,7.058898288909),
  .QUASI_UNIFORM_KNOTS.);
#3299 = CARTESIAN_POINT('',(9.685181668459E-03,1.099966628201));
#3300 = CARTESIAN_POINT('',(3.090267151881E-02,1.099820412339));
#3301 = CARTESIAN_POINT('',(7.389501511431E-02,1.099533629962));
#3302 = CARTESIAN_POINT('',(0.139963550478,1.099125072289));
#3303 = CARTESIAN_POINT('',(0.207526972999,1.098742778261));
#3304 = CARTESIAN_POINT('',(0.276475863712,1.098391465981));
#3305 = CARTESIAN_POINT('',(0.34668491441,1.098075750562));
#3306 = CARTESIAN_POINT('',(0.418011303138,1.097800025218));
#3307 = CARTESIAN_POINT('',(0.490296398864,1.097568318543));
#3308 = CARTESIAN_POINT('',(0.563367236777,1.097384157753));
#3309 = CARTESIAN_POINT('',(0.637038700563,1.097250439973));
#3310 = CARTESIAN_POINT('',(0.7111161046,1.097169321484));
#3311 = CARTESIAN_POINT('',(0.785398163397,1.097142132169));
#3312 = CARTESIAN_POINT('',(0.859680222195,1.097169321484));
#3313 = CARTESIAN_POINT('',(0.933757626232,1.097250439973));
#3314 = CARTESIAN_POINT('',(1.007429090018,1.097384157753));
#3315 = CARTESIAN_POINT('',(1.080499927931,1.097568318543));
#3316 = CARTESIAN_POINT('',(1.152785023657,1.097800025218));
#3317 = CARTESIAN_POINT('',(1.224111412385,1.098075750562));
#3318 = CARTESIAN_POINT('',(1.294320463083,1.098391465981));
#3319 = CARTESIAN_POINT('',(1.363269353796,1.098742778261));
#3320 = CARTESIAN_POINT('',(1.430832776317,1.099125072289));
#3321 = CARTESIAN_POINT('',(1.496901311681,1.099533629962));
#3322 = CARTESIAN_POINT('',(1.539893655276,1.099820412339));
#3323 = CARTESIAN_POINT('',(1.561111145126,1.099966628201));
#3324 = ( GEOMETRIC_REPRESENTATION_CONTEXT(2) 
PARAMETRIC_REPRESENTATION_CONTEXT() REPRESENTATION_CONTEXT('2D SPACE',''
  ) );
#3325 = ORIENTED_EDGE('',*,*,#2260,.F.);
#3326 = ADVANCED_FACE('',(#3327),#979,.T.);
#3327 = FACE_BOUND('',#3328,.T.);
#3328 = EDGE_LOOP('',(#3329,#3330,#3331));
#3329 = ORIENTED_EDGE('',*,*,#3132,.T.);
#3330 = ORIENTED_EDGE('',*,*,#3037,.T.);
#3331 = ORIENTED_EDGE('',*,*,#964,.F.);
#3332 = ADVANCED_FACE('',(#3333),#92,.T.);
#3333 = FACE_BOUND('',#3334,.T.);
#3334 = EDGE_LOOP('',(#3335,#3336,#3337,#3381,#3382,#3383));
#3335 = ORIENTED_EDGE('',*,*,#74,.F.);
#3336 = ORIENTED_EDGE('',*,*,#1470,.F.);
#3337 = ORIENTED_EDGE('',*,*,#3338,.F.);
#3338 = EDGE_CURVE('',#1771,#1448,#3339,.T.);
#3339 = SURFACE_CURVE('',#3340,(#3345,#3352),.PCURVE_S1.);
#3340 = CIRCLE('',#3341,0.1);
#3341 = AXIS2_PLACEMENT_3D('',#3342,#3343,#3344);
#3342 = CARTESIAN_POINT('',(-1.15,-2.15,0.11));
#3343 = DIRECTION('',(0.,0.,-1.));
#3344 = DIRECTION('',(1.,8.673617379884E-15,0.));
#3345 = PCURVE('',#92,#3346);
#3346 = DEFINITIONAL_REPRESENTATION('',(#3347),#3351);
#3347 = LINE('',#3348,#3349);
#3348 = CARTESIAN_POINT('',(2.22044604925E-16,1.4));
#3349 = VECTOR('',#3350,1.);
#3350 = DIRECTION('',(1.,0.));
#3351 = ( GEOMETRIC_REPRESENTATION_CONTEXT(2) 
PARAMETRIC_REPRESENTATION_CONTEXT() REPRESENTATION_CONTEXT('2D SPACE',''
  ) );
#3352 = PCURVE('',#1640,#3353);
#3353 = DEFINITIONAL_REPRESENTATION('',(#3354),#3380);
#3354 = B_SPLINE_CURVE_WITH_KNOTS('',3,(#3355,#3356,#3357,#3358,#3359,
    #3360,#3361,#3362,#3363,#3364,#3365,#3366,#3367,#3368,#3369,#3370,
    #3371,#3372,#3373,#3374,#3375,#3376,#3377,#3378,#3379),
  .UNSPECIFIED.,.F.,.F.,(4,1,1,1,1,1,1,1,1,1,1,1,1,1,1,1,1,1,1,1,1,1,4),
  (1.570796326795,1.642196159831,1.713595992867,1.784995825903,
    1.856395658939,1.927795491976,1.999195325012,2.070595158048,
    2.141994991084,2.21339482412,2.284794657156,2.356194490192,
    2.427594323228,2.498994156265,2.570393989301,2.641793822337,
    2.713193655373,2.784593488409,2.855993321445,2.927393154481,
    2.998792987518,3.070192820554,3.14159265359),.QUASI_UNIFORM_KNOTS.);
#3355 = CARTESIAN_POINT('',(-9.769962616701E-15,1.570796326795));
#3356 = CARTESIAN_POINT('',(-1.06581410364E-14,1.54699638245));
#3357 = CARTESIAN_POINT('',(-1.06581410364E-14,1.499396493759));
#3358 = CARTESIAN_POINT('',(-3.552713678801E-15,1.427996660723));
#3359 = CARTESIAN_POINT('',(-3.552713678801E-15,1.356596827686));
#3360 = CARTESIAN_POINT('',(-2.6645352591E-15,1.28519699465));
#3361 = CARTESIAN_POINT('',(-1.7763568394E-15,1.213797161614));
#3362 = CARTESIAN_POINT('',(-3.552713678801E-15,1.142397328578));
#3363 = CARTESIAN_POINT('',(-1.7763568394E-15,1.070997495542));
#3364 = CARTESIAN_POINT('',(0.,0.999597662506));
#3365 = CARTESIAN_POINT('',(-8.881784197001E-16,0.92819782947));
#3366 = CARTESIAN_POINT('',(-8.881784197001E-16,0.856797996434));
#3367 = CARTESIAN_POINT('',(-1.7763568394E-15,0.785398163397));
#3368 = CARTESIAN_POINT('',(-1.7763568394E-15,0.713998330361));
#3369 = CARTESIAN_POINT('',(-8.881784197001E-16,0.642598497325));
#3370 = CARTESIAN_POINT('',(-1.7763568394E-15,0.571198664289));
#3371 = CARTESIAN_POINT('',(-8.881784197001E-16,0.499798831253));
#3372 = CARTESIAN_POINT('',(-1.7763568394E-15,0.428398998217));
#3373 = CARTESIAN_POINT('',(-8.881784197001E-16,0.356999165181));
#3374 = CARTESIAN_POINT('',(-1.7763568394E-15,0.285599332145));
#3375 = CARTESIAN_POINT('',(-8.881784197001E-16,0.214199499108));
#3376 = CARTESIAN_POINT('',(0.,0.142799666072));
#3377 = CARTESIAN_POINT('',(-8.881784197001E-16,7.139983303613E-02));
#3378 = CARTESIAN_POINT('',(0.,2.379994434538E-02));
#3379 = CARTESIAN_POINT('',(0.,8.881784197001E-16));
#3380 = ( GEOMETRIC_REPRESENTATION_CONTEXT(2) 
PARAMETRIC_REPRESENTATION_CONTEXT() REPRESENTATION_CONTEXT('2D SPACE',''
  ) );
#3381 = ORIENTED_EDGE('',*,*,#1770,.F.);
#3382 = ORIENTED_EDGE('',*,*,#2085,.F.);
#3383 = ORIENTED_EDGE('',*,*,#3188,.T.);
#3384 = ADVANCED_FACE('',(#3385),#352,.T.);
#3385 = FACE_BOUND('',#3386,.T.);
#3386 = EDGE_LOOP('',(#3387,#3388,#3389,#3433,#3434,#3435));
#3387 = ORIENTED_EDGE('',*,*,#2108,.F.);
#3388 = ORIENTED_EDGE('',*,*,#1816,.F.);
#3389 = ORIENTED_EDGE('',*,*,#3390,.F.);
#3390 = EDGE_CURVE('',#337,#1794,#3391,.T.);
#3391 = SURFACE_CURVE('',#3392,(#3397,#3404),.PCURVE_S1.);
#3392 = CIRCLE('',#3393,0.1);
#3393 = AXIS2_PLACEMENT_3D('',#3394,#3395,#3396);
#3394 = CARTESIAN_POINT('',(1.15,-2.15,0.11));
#3395 = DIRECTION('',(0.,0.,-1.));
#3396 = DIRECTION('',(1.,8.673617379884E-15,0.));
#3397 = PCURVE('',#352,#3398);
#3398 = DEFINITIONAL_REPRESENTATION('',(#3399),#3403);
#3399 = LINE('',#3400,#3401);
#3400 = CARTESIAN_POINT('',(0.,1.4));
#3401 = VECTOR('',#3402,1.);
#3402 = DIRECTION('',(1.,0.));
#3403 = ( GEOMETRIC_REPRESENTATION_CONTEXT(2) 
PARAMETRIC_REPRESENTATION_CONTEXT() REPRESENTATION_CONTEXT('2D SPACE',''
  ) );
#3404 = PCURVE('',#1720,#3405);
#3405 = DEFINITIONAL_REPRESENTATION('',(#3406),#3432);
#3406 = B_SPLINE_CURVE_WITH_KNOTS('',3,(#3407,#3408,#3409,#3410,#3411,
    #3412,#3413,#3414,#3415,#3416,#3417,#3418,#3419,#3420,#3421,#3422,
    #3423,#3424,#3425,#3426,#3427,#3428,#3429,#3430,#3431),
  .UNSPECIFIED.,.F.,.F.,(4,1,1,1,1,1,1,1,1,1,1,1,1,1,1,1,1,1,1,1,1,1,4),
  (0.,7.139983303613E-02,0.142799666072,0.214199499108,0.285599332145,
    0.356999165181,0.428398998217,0.499798831253,0.571198664289,
    0.642598497325,0.713998330361,0.785398163397,0.856797996434,
    0.92819782947,0.999597662506,1.070997495542,1.142397328578,
    1.213797161614,1.28519699465,1.356596827687,1.427996660723,
    1.499396493759,1.570796326795),.QUASI_UNIFORM_KNOTS.);
#3407 = CARTESIAN_POINT('',(3.14159265359,0.));
#3408 = CARTESIAN_POINT('',(3.14159265359,2.379994434538E-02));
#3409 = CARTESIAN_POINT('',(3.14159265359,7.139983303613E-02));
#3410 = CARTESIAN_POINT('',(3.14159265359,0.142799666072));
#3411 = CARTESIAN_POINT('',(3.14159265359,0.214199499108));
#3412 = CARTESIAN_POINT('',(3.14159265359,0.285599332145));
#3413 = CARTESIAN_POINT('',(3.14159265359,0.356999165181));
#3414 = CARTESIAN_POINT('',(3.14159265359,0.428398998217));
#3415 = CARTESIAN_POINT('',(3.14159265359,0.499798831253));
#3416 = CARTESIAN_POINT('',(3.14159265359,0.571198664289));
#3417 = CARTESIAN_POINT('',(3.14159265359,0.642598497325));
#3418 = CARTESIAN_POINT('',(3.14159265359,0.713998330361));
#3419 = CARTESIAN_POINT('',(3.14159265359,0.785398163397));
#3420 = CARTESIAN_POINT('',(3.14159265359,0.856797996434));
#3421 = CARTESIAN_POINT('',(3.14159265359,0.92819782947));
#3422 = CARTESIAN_POINT('',(3.14159265359,0.999597662506));
#3423 = CARTESIAN_POINT('',(3.14159265359,1.070997495542));
#3424 = CARTESIAN_POINT('',(3.14159265359,1.142397328578));
#3425 = CARTESIAN_POINT('',(3.14159265359,1.213797161614));
#3426 = CARTESIAN_POINT('',(3.14159265359,1.28519699465));
#3427 = CARTESIAN_POINT('',(3.14159265359,1.356596827687));
#3428 = CARTESIAN_POINT('',(3.14159265359,1.427996660723));
#3429 = CARTESIAN_POINT('',(3.14159265359,1.499396493759));
#3430 = CARTESIAN_POINT('',(3.14159265359,1.54699638245));
#3431 = CARTESIAN_POINT('',(3.14159265359,1.570796326795));
#3432 = ( GEOMETRIC_REPRESENTATION_CONTEXT(2) 
PARAMETRIC_REPRESENTATION_CONTEXT() REPRESENTATION_CONTEXT('2D SPACE',''
  ) );
#3433 = ORIENTED_EDGE('',*,*,#336,.F.);
#3434 = ORIENTED_EDGE('',*,*,#2283,.F.);
#3435 = ORIENTED_EDGE('',*,*,#3260,.T.);
#3436 = ADVANCED_FACE('',(#3437),#1640,.T.);
#3437 = FACE_BOUND('',#3438,.T.);
#3438 = EDGE_LOOP('',(#3439,#3440,#3441));
#3439 = ORIENTED_EDGE('',*,*,#3338,.T.);
#3440 = ORIENTED_EDGE('',*,*,#1625,.T.);
#3441 = ORIENTED_EDGE('',*,*,#3442,.F.);
#3442 = EDGE_CURVE('',#1771,#1202,#3443,.T.);
#3443 = SURFACE_CURVE('',#3444,(#3449,#3478),.PCURVE_S1.);
#3444 = CIRCLE('',#3445,1.E-01);
#3445 = AXIS2_PLACEMENT_3D('',#3446,#3447,#3448);
#3446 = CARTESIAN_POINT('',(-1.15,-2.15,0.11));
#3447 = DIRECTION('',(1.,4.814558332715E-15,0.));
#3448 = DIRECTION('',(4.814558332715E-15,-1.,0.));
#3449 = PCURVE('',#1640,#3450);
#3450 = DEFINITIONAL_REPRESENTATION('',(#3451),#3477);
#3451 = B_SPLINE_CURVE_WITH_KNOTS('',3,(#3452,#3453,#3454,#3455,#3456,
    #3457,#3458,#3459,#3460,#3461,#3462,#3463,#3464,#3465,#3466,#3467,
    #3468,#3469,#3470,#3471,#3472,#3473,#3474,#3475,#3476),
  .UNSPECIFIED.,.F.,.F.,(4,1,1,1,1,1,1,1,1,1,1,1,1,1,1,1,1,1,1,1,1,1,4),
  (0.,7.139983303613E-02,0.142799666072,0.214199499108,0.285599332145,
    0.356999165181,0.428398998217,0.499798831253,0.571198664289,
    0.642598497325,0.713998330361,0.785398163397,0.856797996434,
    0.92819782947,0.999597662506,1.070997495542,1.142397328578,
    1.213797161614,1.28519699465,1.356596827687,1.427996660723,
    1.499396493759,1.570796326795),.QUASI_UNIFORM_KNOTS.);
#3452 = CARTESIAN_POINT('',(1.570796326795,1.570796326795));
#3453 = CARTESIAN_POINT('',(1.570796326795,1.54699638245));
#3454 = CARTESIAN_POINT('',(1.570796326795,1.499396493759));
#3455 = CARTESIAN_POINT('',(1.570796326795,1.427996660723));
#3456 = CARTESIAN_POINT('',(1.570796326795,1.356596827687));
#3457 = CARTESIAN_POINT('',(1.570796326795,1.28519699465));
#3458 = CARTESIAN_POINT('',(1.570796326795,1.213797161614));
#3459 = CARTESIAN_POINT('',(1.570796326795,1.142397328578));
#3460 = CARTESIAN_POINT('',(1.570796326795,1.070997495542));
#3461 = CARTESIAN_POINT('',(1.570796326795,0.999597662506));
#3462 = CARTESIAN_POINT('',(1.570796326795,0.92819782947));
#3463 = CARTESIAN_POINT('',(1.570796326795,0.856797996434));
#3464 = CARTESIAN_POINT('',(1.570796326795,0.785398163397));
#3465 = CARTESIAN_POINT('',(1.570796326795,0.713998330361));
#3466 = CARTESIAN_POINT('',(1.570796326795,0.642598497325));
#3467 = CARTESIAN_POINT('',(1.570796326795,0.571198664289));
#3468 = CARTESIAN_POINT('',(1.570796326795,0.499798831253));
#3469 = CARTESIAN_POINT('',(1.570796326795,0.428398998217));
#3470 = CARTESIAN_POINT('',(1.570796326795,0.356999165181));
#3471 = CARTESIAN_POINT('',(1.570796326795,0.285599332145));
#3472 = CARTESIAN_POINT('',(1.570796326795,0.214199499108));
#3473 = CARTESIAN_POINT('',(1.570796326795,0.142799666072));
#3474 = CARTESIAN_POINT('',(1.570796326795,7.139983303613E-02));
#3475 = CARTESIAN_POINT('',(1.570796326795,2.379994434538E-02));
#3476 = CARTESIAN_POINT('',(1.570796326795,0.));
#3477 = ( GEOMETRIC_REPRESENTATION_CONTEXT(2) 
PARAMETRIC_REPRESENTATION_CONTEXT() REPRESENTATION_CONTEXT('2D SPACE',''
  ) );
#3478 = PCURVE('',#1217,#3479);
#3479 = DEFINITIONAL_REPRESENTATION('',(#3480),#3484);
#3480 = LINE('',#3481,#3482);
#3481 = CARTESIAN_POINT('',(1.570796326795,-2.4));
#3482 = VECTOR('',#3483,1.);
#3483 = DIRECTION('',(1.,0.));
#3484 = ( GEOMETRIC_REPRESENTATION_CONTEXT(2) 
PARAMETRIC_REPRESENTATION_CONTEXT() REPRESENTATION_CONTEXT('2D SPACE',''
  ) );
#3485 = ADVANCED_FACE('',(#3486),#1720,.T.);
#3486 = FACE_BOUND('',#3487,.T.);
#3487 = EDGE_LOOP('',(#3488,#3489,#3490));
#3488 = ORIENTED_EDGE('',*,*,#1705,.T.);
#3489 = ORIENTED_EDGE('',*,*,#3390,.T.);
#3490 = ORIENTED_EDGE('',*,*,#3491,.F.);
#3491 = EDGE_CURVE('',#1179,#1794,#3492,.T.);
#3492 = SURFACE_CURVE('',#3493,(#3498,#3527),.PCURVE_S1.);
#3493 = CIRCLE('',#3494,1.E-01);
#3494 = AXIS2_PLACEMENT_3D('',#3495,#3496,#3497);
#3495 = CARTESIAN_POINT('',(1.15,-2.15,0.11));
#3496 = DIRECTION('',(-1.,-6.982962677686E-15,0.));
#3497 = DIRECTION('',(-0.,0.,1.));
#3498 = PCURVE('',#1720,#3499);
#3499 = DEFINITIONAL_REPRESENTATION('',(#3500),#3526);
#3500 = B_SPLINE_CURVE_WITH_KNOTS('',3,(#3501,#3502,#3503,#3504,#3505,
    #3506,#3507,#3508,#3509,#3510,#3511,#3512,#3513,#3514,#3515,#3516,
    #3517,#3518,#3519,#3520,#3521,#3522,#3523,#3524,#3525),
  .UNSPECIFIED.,.F.,.F.,(4,1,1,1,1,1,1,1,1,1,1,1,1,1,1,1,1,1,1,1,1,1,4),
  (3.14159265359,3.212992486626,3.284392319662,3.355792152698,
    3.427191985734,3.49859181877,3.569991651807,3.641391484843,
    3.712791317879,3.784191150915,3.855590983951,3.926990816987,
    3.998390650023,4.06979048306,4.141190316096,4.212590149132,
    4.283989982168,4.355389815204,4.42678964824,4.498189481276,
    4.569589314312,4.640989147349,4.712388980385),
  .QUASI_UNIFORM_KNOTS.);
#3501 = CARTESIAN_POINT('',(1.570796326795,0.));
#3502 = CARTESIAN_POINT('',(1.570796326795,2.379994434538E-02));
#3503 = CARTESIAN_POINT('',(1.570796326795,7.139983303613E-02));
#3504 = CARTESIAN_POINT('',(1.570796326795,0.142799666072));
#3505 = CARTESIAN_POINT('',(1.570796326795,0.214199499108));
#3506 = CARTESIAN_POINT('',(1.570796326795,0.285599332145));
#3507 = CARTESIAN_POINT('',(1.570796326795,0.356999165181));
#3508 = CARTESIAN_POINT('',(1.570796326795,0.428398998217));
#3509 = CARTESIAN_POINT('',(1.570796326795,0.499798831253));
#3510 = CARTESIAN_POINT('',(1.570796326795,0.571198664289));
#3511 = CARTESIAN_POINT('',(1.570796326795,0.642598497325));
#3512 = CARTESIAN_POINT('',(1.570796326795,0.713998330361));
#3513 = CARTESIAN_POINT('',(1.570796326795,0.785398163397));
#3514 = CARTESIAN_POINT('',(1.570796326795,0.856797996434));
#3515 = CARTESIAN_POINT('',(1.570796326795,0.92819782947));
#3516 = CARTESIAN_POINT('',(1.570796326795,0.999597662506));
#3517 = CARTESIAN_POINT('',(1.570796326795,1.070997495542));
#3518 = CARTESIAN_POINT('',(1.570796326795,1.142397328578));
#3519 = CARTESIAN_POINT('',(1.570796326795,1.213797161614));
#3520 = CARTESIAN_POINT('',(1.570796326795,1.28519699465));
#3521 = CARTESIAN_POINT('',(1.570796326795,1.356596827687));
#3522 = CARTESIAN_POINT('',(1.570796326795,1.427996660723));
#3523 = CARTESIAN_POINT('',(1.570796326795,1.499396493759));
#3524 = CARTESIAN_POINT('',(1.570796326795,1.54699638245));
#3525 = CARTESIAN_POINT('',(1.570796326795,1.570796326795));
#3526 = ( GEOMETRIC_REPRESENTATION_CONTEXT(2) 
PARAMETRIC_REPRESENTATION_CONTEXT() REPRESENTATION_CONTEXT('2D SPACE',''
  ) );
#3527 = PCURVE('',#1217,#3528);
#3528 = DEFINITIONAL_REPRESENTATION('',(#3529),#3533);
#3529 = LINE('',#3530,#3531);
#3530 = CARTESIAN_POINT('',(6.28318530718,-0.1));
#3531 = VECTOR('',#3532,1.);
#3532 = DIRECTION('',(-1.,0.));
#3533 = ( GEOMETRIC_REPRESENTATION_CONTEXT(2) 
PARAMETRIC_REPRESENTATION_CONTEXT() REPRESENTATION_CONTEXT('2D SPACE',''
  ) );
#3534 = ADVANCED_FACE('',(#3535),#1217,.T.);
#3535 = FACE_BOUND('',#3536,.T.);
#3536 = EDGE_LOOP('',(#3537,#3538,#3539,#3540));
#3537 = ORIENTED_EDGE('',*,*,#3442,.T.);
#3538 = ORIENTED_EDGE('',*,*,#1201,.F.);
#3539 = ORIENTED_EDGE('',*,*,#3491,.T.);
#3540 = ORIENTED_EDGE('',*,*,#1793,.F.);
#3541 = ADVANCED_FACE('',(#3542),#436,.T.);
#3542 = FACE_BOUND('',#3543,.T.);
#3543 = EDGE_LOOP('',(#3544,#3545,#3568,#3596));
#3544 = ORIENTED_EDGE('',*,*,#420,.F.);
#3545 = ORIENTED_EDGE('',*,*,#3546,.T.);
#3546 = EDGE_CURVE('',#393,#3547,#3549,.T.);
#3547 = VERTEX_POINT('',#3548);
#3548 = CARTESIAN_POINT('',(2.215,-1.7,0.4));
#3549 = SURFACE_CURVE('',#3550,(#3554,#3561),.PCURVE_S1.);
#3550 = LINE('',#3551,#3552);
#3551 = CARTESIAN_POINT('',(2.215,-1.7,0.4));
#3552 = VECTOR('',#3553,1.);
#3553 = DIRECTION('',(1.,6.649362009229E-15,0.));
#3554 = PCURVE('',#436,#3555);
#3555 = DEFINITIONAL_REPRESENTATION('',(#3556),#3560);
#3556 = LINE('',#3557,#3558);
#3557 = CARTESIAN_POINT('',(-2.215,1.7));
#3558 = VECTOR('',#3559,1.);
#3559 = DIRECTION('',(-1.,3.336006684571E-16));
#3560 = ( GEOMETRIC_REPRESENTATION_CONTEXT(2) 
PARAMETRIC_REPRESENTATION_CONTEXT() REPRESENTATION_CONTEXT('2D SPACE',''
  ) );
#3561 = PCURVE('',#408,#3562);
#3562 = DEFINITIONAL_REPRESENTATION('',(#3563),#3567);
#3563 = LINE('',#3564,#3565);
#3564 = CARTESIAN_POINT('',(0.,0.));
#3565 = VECTOR('',#3566,1.);
#3566 = DIRECTION('',(-1.,0.));
#3567 = ( GEOMETRIC_REPRESENTATION_CONTEXT(2) 
PARAMETRIC_REPRESENTATION_CONTEXT() REPRESENTATION_CONTEXT('2D SPACE',''
  ) );
#3568 = ORIENTED_EDGE('',*,*,#3569,.T.);
#3569 = EDGE_CURVE('',#3547,#3570,#3572,.T.);
#3570 = VERTEX_POINT('',#3571);
#3571 = CARTESIAN_POINT('',(2.215,-1.3,0.4));
#3572 = SURFACE_CURVE('',#3573,(#3577,#3584),.PCURVE_S1.);
#3573 = LINE('',#3574,#3575);
#3574 = CARTESIAN_POINT('',(2.215,-1.7,0.4));
#3575 = VECTOR('',#3576,1.);
#3576 = DIRECTION('',(-6.982962677686E-15,1.,0.));
#3577 = PCURVE('',#436,#3578);
#3578 = DEFINITIONAL_REPRESENTATION('',(#3579),#3583);
#3579 = LINE('',#3580,#3581);
#3580 = CARTESIAN_POINT('',(-2.215,1.7));
#3581 = VECTOR('',#3582,1.);
#3582 = DIRECTION('',(0.,-1.));
#3583 = ( GEOMETRIC_REPRESENTATION_CONTEXT(2) 
PARAMETRIC_REPRESENTATION_CONTEXT() REPRESENTATION_CONTEXT('2D SPACE',''
  ) );
#3584 = PCURVE('',#3585,#3590);
#3585 = PLANE('',#3586);
#3586 = AXIS2_PLACEMENT_3D('',#3587,#3588,#3589);
#3587 = CARTESIAN_POINT('',(2.215,-1.7,0.4));
#3588 = DIRECTION('',(-1.,-6.982962677686E-15,-0.));
#3589 = DIRECTION('',(0.,0.,-1.));
#3590 = DEFINITIONAL_REPRESENTATION('',(#3591),#3595);
#3591 = LINE('',#3592,#3593);
#3592 = CARTESIAN_POINT('',(0.,0.));
#3593 = VECTOR('',#3594,1.);
#3594 = DIRECTION('',(0.,-1.));
#3595 = ( GEOMETRIC_REPRESENTATION_CONTEXT(2) 
PARAMETRIC_REPRESENTATION_CONTEXT() REPRESENTATION_CONTEXT('2D SPACE',''
  ) );
#3596 = ORIENTED_EDGE('',*,*,#3597,.T.);
#3597 = EDGE_CURVE('',#3570,#421,#3598,.T.);
#3598 = SURFACE_CURVE('',#3599,(#3603,#3610),.PCURVE_S1.);
#3599 = LINE('',#3600,#3601);
#3600 = CARTESIAN_POINT('',(2.215,-1.3,0.4));
#3601 = VECTOR('',#3602,1.);
#3602 = DIRECTION('',(-1.,-7.983764683058E-15,0.));
#3603 = PCURVE('',#436,#3604);
#3604 = DEFINITIONAL_REPRESENTATION('',(#3605),#3609);
#3605 = LINE('',#3606,#3607);
#3606 = CARTESIAN_POINT('',(-2.215,1.3));
#3607 = VECTOR('',#3608,1.);
#3608 = DIRECTION('',(1.,1.000802005371E-15));
#3609 = ( GEOMETRIC_REPRESENTATION_CONTEXT(2) 
PARAMETRIC_REPRESENTATION_CONTEXT() REPRESENTATION_CONTEXT('2D SPACE',''
  ) );
#3610 = PCURVE('',#464,#3611);
#3611 = DEFINITIONAL_REPRESENTATION('',(#3612),#3616);
#3612 = LINE('',#3613,#3614);
#3613 = CARTESIAN_POINT('',(0.,0.));
#3614 = VECTOR('',#3615,1.);
#3615 = DIRECTION('',(-1.,0.));
#3616 = ( GEOMETRIC_REPRESENTATION_CONTEXT(2) 
PARAMETRIC_REPRESENTATION_CONTEXT() REPRESENTATION_CONTEXT('2D SPACE',''
  ) );
#3617 = ADVANCED_FACE('',(#3618),#1143,.F.);
#3618 = FACE_BOUND('',#3619,.T.);
#3619 = EDGE_LOOP('',(#3620,#3643,#3644,#3667));
#3620 = ORIENTED_EDGE('',*,*,#3621,.F.);
#3621 = EDGE_CURVE('',#1128,#3622,#3624,.T.);
#3622 = VERTEX_POINT('',#3623);
#3623 = CARTESIAN_POINT('',(0.915,-1.7,0.));
#3624 = SURFACE_CURVE('',#3625,(#3629,#3636),.PCURVE_S1.);
#3625 = LINE('',#3626,#3627);
#3626 = CARTESIAN_POINT('',(0.915,-1.7,0.4));
#3627 = VECTOR('',#3628,1.);
#3628 = DIRECTION('',(0.,0.,-1.));
#3629 = PCURVE('',#1143,#3630);
#3630 = DEFINITIONAL_REPRESENTATION('',(#3631),#3635);
#3631 = LINE('',#3632,#3633);
#3632 = CARTESIAN_POINT('',(0.,0.));
#3633 = VECTOR('',#3634,1.);
#3634 = DIRECTION('',(0.,-1.));
#3635 = ( GEOMETRIC_REPRESENTATION_CONTEXT(2) 
PARAMETRIC_REPRESENTATION_CONTEXT() REPRESENTATION_CONTEXT('2D SPACE',''
  ) );
#3636 = PCURVE('',#408,#3637);
#3637 = DEFINITIONAL_REPRESENTATION('',(#3638),#3642);
#3638 = LINE('',#3639,#3640);
#3639 = CARTESIAN_POINT('',(1.3,0.));
#3640 = VECTOR('',#3641,1.);
#3641 = DIRECTION('',(-0.,-1.));
#3642 = ( GEOMETRIC_REPRESENTATION_CONTEXT(2) 
PARAMETRIC_REPRESENTATION_CONTEXT() REPRESENTATION_CONTEXT('2D SPACE',''
  ) );
#3643 = ORIENTED_EDGE('',*,*,#1127,.T.);
#3644 = ORIENTED_EDGE('',*,*,#3645,.T.);
#3645 = EDGE_CURVE('',#1105,#3646,#3648,.T.);
#3646 = VERTEX_POINT('',#3647);
#3647 = CARTESIAN_POINT('',(0.915,-1.3,0.));
#3648 = SURFACE_CURVE('',#3649,(#3653,#3660),.PCURVE_S1.);
#3649 = LINE('',#3650,#3651);
#3650 = CARTESIAN_POINT('',(0.915,-1.3,0.4));
#3651 = VECTOR('',#3652,1.);
#3652 = DIRECTION('',(0.,0.,-1.));
#3653 = PCURVE('',#1143,#3654);
#3654 = DEFINITIONAL_REPRESENTATION('',(#3655),#3659);
#3655 = LINE('',#3656,#3657);
#3656 = CARTESIAN_POINT('',(0.4,0.));
#3657 = VECTOR('',#3658,1.);
#3658 = DIRECTION('',(0.,-1.));
#3659 = ( GEOMETRIC_REPRESENTATION_CONTEXT(2) 
PARAMETRIC_REPRESENTATION_CONTEXT() REPRESENTATION_CONTEXT('2D SPACE',''
  ) );
#3660 = PCURVE('',#464,#3661);
#3661 = DEFINITIONAL_REPRESENTATION('',(#3662),#3666);
#3662 = LINE('',#3663,#3664);
#3663 = CARTESIAN_POINT('',(-1.3,0.));
#3664 = VECTOR('',#3665,1.);
#3665 = DIRECTION('',(0.,-1.));
#3666 = ( GEOMETRIC_REPRESENTATION_CONTEXT(2) 
PARAMETRIC_REPRESENTATION_CONTEXT() REPRESENTATION_CONTEXT('2D SPACE',''
  ) );
#3667 = ORIENTED_EDGE('',*,*,#3668,.T.);
#3668 = EDGE_CURVE('',#3646,#3622,#3669,.T.);
#3669 = SURFACE_CURVE('',#3670,(#3674,#3681),.PCURVE_S1.);
#3670 = LINE('',#3671,#3672);
#3671 = CARTESIAN_POINT('',(0.915,-1.7,0.));
#3672 = VECTOR('',#3673,1.);
#3673 = DIRECTION('',(7.254013220808E-15,-1.,0.));
#3674 = PCURVE('',#1143,#3675);
#3675 = DEFINITIONAL_REPRESENTATION('',(#3676),#3680);
#3676 = LINE('',#3677,#3678);
#3677 = CARTESIAN_POINT('',(0.,-0.4));
#3678 = VECTOR('',#3679,1.);
#3679 = DIRECTION('',(-1.,0.));
#3680 = ( GEOMETRIC_REPRESENTATION_CONTEXT(2) 
PARAMETRIC_REPRESENTATION_CONTEXT() REPRESENTATION_CONTEXT('2D SPACE',''
  ) );
#3681 = PCURVE('',#3682,#3687);
#3682 = PLANE('',#3683);
#3683 = AXIS2_PLACEMENT_3D('',#3684,#3685,#3686);
#3684 = CARTESIAN_POINT('',(0.,0.,0.));
#3685 = DIRECTION('',(0.,0.,1.));
#3686 = DIRECTION('',(-1.,-6.982962677686E-15,0.));
#3687 = DEFINITIONAL_REPRESENTATION('',(#3688),#3692);
#3688 = LINE('',#3689,#3690);
#3689 = CARTESIAN_POINT('',(-0.915,1.7));
#3690 = VECTOR('',#3691,1.);
#3691 = DIRECTION('',(-2.710505431214E-16,1.));
#3692 = ( GEOMETRIC_REPRESENTATION_CONTEXT(2) 
PARAMETRIC_REPRESENTATION_CONTEXT() REPRESENTATION_CONTEXT('2D SPACE',''
  ) );
#3693 = ADVANCED_FACE('',(#3694),#464,.F.);
#3694 = FACE_BOUND('',#3695,.T.);
#3695 = EDGE_LOOP('',(#3696,#3697,#3698,#3699,#3722,#3743,#3744));
#3696 = ORIENTED_EDGE('',*,*,#1342,.F.);
#3697 = ORIENTED_EDGE('',*,*,#448,.T.);
#3698 = ORIENTED_EDGE('',*,*,#3597,.F.);
#3699 = ORIENTED_EDGE('',*,*,#3700,.T.);
#3700 = EDGE_CURVE('',#3570,#3701,#3703,.T.);
#3701 = VERTEX_POINT('',#3702);
#3702 = CARTESIAN_POINT('',(2.215,-1.3,0.));
#3703 = SURFACE_CURVE('',#3704,(#3708,#3715),.PCURVE_S1.);
#3704 = LINE('',#3705,#3706);
#3705 = CARTESIAN_POINT('',(2.215,-1.3,0.4));
#3706 = VECTOR('',#3707,1.);
#3707 = DIRECTION('',(0.,0.,-1.));
#3708 = PCURVE('',#464,#3709);
#3709 = DEFINITIONAL_REPRESENTATION('',(#3710),#3714);
#3710 = LINE('',#3711,#3712);
#3711 = CARTESIAN_POINT('',(0.,0.));
#3712 = VECTOR('',#3713,1.);
#3713 = DIRECTION('',(0.,-1.));
#3714 = ( GEOMETRIC_REPRESENTATION_CONTEXT(2) 
PARAMETRIC_REPRESENTATION_CONTEXT() REPRESENTATION_CONTEXT('2D SPACE',''
  ) );
#3715 = PCURVE('',#3585,#3716);
#3716 = DEFINITIONAL_REPRESENTATION('',(#3717),#3721);
#3717 = LINE('',#3718,#3719);
#3718 = CARTESIAN_POINT('',(0.,-0.4));
#3719 = VECTOR('',#3720,1.);
#3720 = DIRECTION('',(1.,0.));
#3721 = ( GEOMETRIC_REPRESENTATION_CONTEXT(2) 
PARAMETRIC_REPRESENTATION_CONTEXT() REPRESENTATION_CONTEXT('2D SPACE',''
  ) );
#3722 = ORIENTED_EDGE('',*,*,#3723,.T.);
#3723 = EDGE_CURVE('',#3701,#3646,#3724,.T.);
#3724 = SURFACE_CURVE('',#3725,(#3729,#3736),.PCURVE_S1.);
#3725 = LINE('',#3726,#3727);
#3726 = CARTESIAN_POINT('',(2.215,-1.3,0.));
#3727 = VECTOR('',#3728,1.);
#3728 = DIRECTION('',(-1.,-7.983764683058E-15,0.));
#3729 = PCURVE('',#464,#3730);
#3730 = DEFINITIONAL_REPRESENTATION('',(#3731),#3735);
#3731 = LINE('',#3732,#3733);
#3732 = CARTESIAN_POINT('',(0.,-0.4));
#3733 = VECTOR('',#3734,1.);
#3734 = DIRECTION('',(-1.,0.));
#3735 = ( GEOMETRIC_REPRESENTATION_CONTEXT(2) 
PARAMETRIC_REPRESENTATION_CONTEXT() REPRESENTATION_CONTEXT('2D SPACE',''
  ) );
#3736 = PCURVE('',#3682,#3737);
#3737 = DEFINITIONAL_REPRESENTATION('',(#3738),#3742);
#3738 = LINE('',#3739,#3740);
#3739 = CARTESIAN_POINT('',(-2.215,1.3));
#3740 = VECTOR('',#3741,1.);
#3741 = DIRECTION('',(1.,1.000802005371E-15));
#3742 = ( GEOMETRIC_REPRESENTATION_CONTEXT(2) 
PARAMETRIC_REPRESENTATION_CONTEXT() REPRESENTATION_CONTEXT('2D SPACE',''
  ) );
#3743 = ORIENTED_EDGE('',*,*,#3645,.F.);
#3744 = ORIENTED_EDGE('',*,*,#1104,.T.);
#3745 = ADVANCED_FACE('',(#3746),#408,.F.);
#3746 = FACE_BOUND('',#3747,.T.);
#3747 = EDGE_LOOP('',(#3748,#3749,#3750,#3751,#3752,#3753,#3776));
#3748 = ORIENTED_EDGE('',*,*,#3546,.F.);
#3749 = ORIENTED_EDGE('',*,*,#392,.T.);
#3750 = ORIENTED_EDGE('',*,*,#1678,.F.);
#3751 = ORIENTED_EDGE('',*,*,#1155,.T.);
#3752 = ORIENTED_EDGE('',*,*,#3621,.T.);
#3753 = ORIENTED_EDGE('',*,*,#3754,.T.);
#3754 = EDGE_CURVE('',#3622,#3755,#3757,.T.);
#3755 = VERTEX_POINT('',#3756);
#3756 = CARTESIAN_POINT('',(2.215,-1.7,0.));
#3757 = SURFACE_CURVE('',#3758,(#3762,#3769),.PCURVE_S1.);
#3758 = LINE('',#3759,#3760);
#3759 = CARTESIAN_POINT('',(2.215,-1.7,0.));
#3760 = VECTOR('',#3761,1.);
#3761 = DIRECTION('',(1.,6.649362009229E-15,0.));
#3762 = PCURVE('',#408,#3763);
#3763 = DEFINITIONAL_REPRESENTATION('',(#3764),#3768);
#3764 = LINE('',#3765,#3766);
#3765 = CARTESIAN_POINT('',(-0.,-0.4));
#3766 = VECTOR('',#3767,1.);
#3767 = DIRECTION('',(-1.,0.));
#3768 = ( GEOMETRIC_REPRESENTATION_CONTEXT(2) 
PARAMETRIC_REPRESENTATION_CONTEXT() REPRESENTATION_CONTEXT('2D SPACE',''
  ) );
#3769 = PCURVE('',#3682,#3770);
#3770 = DEFINITIONAL_REPRESENTATION('',(#3771),#3775);
#3771 = LINE('',#3772,#3773);
#3772 = CARTESIAN_POINT('',(-2.215,1.7));
#3773 = VECTOR('',#3774,1.);
#3774 = DIRECTION('',(-1.,3.336006684571E-16));
#3775 = ( GEOMETRIC_REPRESENTATION_CONTEXT(2) 
PARAMETRIC_REPRESENTATION_CONTEXT() REPRESENTATION_CONTEXT('2D SPACE',''
  ) );
#3776 = ORIENTED_EDGE('',*,*,#3777,.F.);
#3777 = EDGE_CURVE('',#3547,#3755,#3778,.T.);
#3778 = SURFACE_CURVE('',#3779,(#3783,#3790),.PCURVE_S1.);
#3779 = LINE('',#3780,#3781);
#3780 = CARTESIAN_POINT('',(2.215,-1.7,0.4));
#3781 = VECTOR('',#3782,1.);
#3782 = DIRECTION('',(0.,0.,-1.));
#3783 = PCURVE('',#408,#3784);
#3784 = DEFINITIONAL_REPRESENTATION('',(#3785),#3789);
#3785 = LINE('',#3786,#3787);
#3786 = CARTESIAN_POINT('',(0.,0.));
#3787 = VECTOR('',#3788,1.);
#3788 = DIRECTION('',(-0.,-1.));
#3789 = ( GEOMETRIC_REPRESENTATION_CONTEXT(2) 
PARAMETRIC_REPRESENTATION_CONTEXT() REPRESENTATION_CONTEXT('2D SPACE',''
  ) );
#3790 = PCURVE('',#3585,#3791);
#3791 = DEFINITIONAL_REPRESENTATION('',(#3792),#3796);
#3792 = LINE('',#3793,#3794);
#3793 = CARTESIAN_POINT('',(0.,0.));
#3794 = VECTOR('',#3795,1.);
#3795 = DIRECTION('',(1.,0.));
#3796 = ( GEOMETRIC_REPRESENTATION_CONTEXT(2) 
PARAMETRIC_REPRESENTATION_CONTEXT() REPRESENTATION_CONTEXT('2D SPACE',''
  ) );
#3797 = ADVANCED_FACE('',(#3798),#3585,.F.);
#3798 = FACE_BOUND('',#3799,.T.);
#3799 = EDGE_LOOP('',(#3800,#3821,#3822,#3823));
#3800 = ORIENTED_EDGE('',*,*,#3801,.T.);
#3801 = EDGE_CURVE('',#3755,#3701,#3802,.T.);
#3802 = SURFACE_CURVE('',#3803,(#3807,#3814),.PCURVE_S1.);
#3803 = LINE('',#3804,#3805);
#3804 = CARTESIAN_POINT('',(2.215,-1.7,0.));
#3805 = VECTOR('',#3806,1.);
#3806 = DIRECTION('',(-6.982962677686E-15,1.,0.));
#3807 = PCURVE('',#3585,#3808);
#3808 = DEFINITIONAL_REPRESENTATION('',(#3809),#3813);
#3809 = LINE('',#3810,#3811);
#3810 = CARTESIAN_POINT('',(0.4,0.));
#3811 = VECTOR('',#3812,1.);
#3812 = DIRECTION('',(0.,-1.));
#3813 = ( GEOMETRIC_REPRESENTATION_CONTEXT(2) 
PARAMETRIC_REPRESENTATION_CONTEXT() REPRESENTATION_CONTEXT('2D SPACE',''
  ) );
#3814 = PCURVE('',#3682,#3815);
#3815 = DEFINITIONAL_REPRESENTATION('',(#3816),#3820);
#3816 = LINE('',#3817,#3818);
#3817 = CARTESIAN_POINT('',(-2.215,1.7));
#3818 = VECTOR('',#3819,1.);
#3819 = DIRECTION('',(0.,-1.));
#3820 = ( GEOMETRIC_REPRESENTATION_CONTEXT(2) 
PARAMETRIC_REPRESENTATION_CONTEXT() REPRESENTATION_CONTEXT('2D SPACE',''
  ) );
#3821 = ORIENTED_EDGE('',*,*,#3700,.F.);
#3822 = ORIENTED_EDGE('',*,*,#3569,.F.);
#3823 = ORIENTED_EDGE('',*,*,#3777,.T.);
#3824 = ADVANCED_FACE('',(#3825),#3682,.F.);
#3825 = FACE_BOUND('',#3826,.T.);
#3826 = EDGE_LOOP('',(#3827,#3828,#3829,#3830));
#3827 = ORIENTED_EDGE('',*,*,#3801,.F.);
#3828 = ORIENTED_EDGE('',*,*,#3754,.F.);
#3829 = ORIENTED_EDGE('',*,*,#3668,.F.);
#3830 = ORIENTED_EDGE('',*,*,#3723,.F.);
#3831 = ADVANCED_FACE('',(#3832),#1299,.F.);
#3832 = FACE_BOUND('',#3833,.T.);
#3833 = EDGE_LOOP('',(#3834,#3857,#3858,#3881));
#3834 = ORIENTED_EDGE('',*,*,#3835,.F.);
#3835 = EDGE_CURVE('',#1054,#3836,#3838,.T.);
#3836 = VERTEX_POINT('',#3837);
#3837 = CARTESIAN_POINT('',(0.915,-0.2,0.));
#3838 = SURFACE_CURVE('',#3839,(#3843,#3850),.PCURVE_S1.);
#3839 = LINE('',#3840,#3841);
#3840 = CARTESIAN_POINT('',(0.915,-0.2,0.4));
#3841 = VECTOR('',#3842,1.);
#3842 = DIRECTION('',(0.,0.,-1.));
#3843 = PCURVE('',#1299,#3844);
#3844 = DEFINITIONAL_REPRESENTATION('',(#3845),#3849);
#3845 = LINE('',#3846,#3847);
#3846 = CARTESIAN_POINT('',(-0.84224267538,0.));
#3847 = VECTOR('',#3848,1.);
#3848 = DIRECTION('',(-0.,-1.));
#3849 = ( GEOMETRIC_REPRESENTATION_CONTEXT(2) 
PARAMETRIC_REPRESENTATION_CONTEXT() REPRESENTATION_CONTEXT('2D SPACE',''
  ) );
#3850 = PCURVE('',#520,#3851);
#3851 = DEFINITIONAL_REPRESENTATION('',(#3852),#3856);
#3852 = LINE('',#3853,#3854);
#3853 = CARTESIAN_POINT('',(0.,0.));
#3854 = VECTOR('',#3855,1.);
#3855 = DIRECTION('',(-0.,-1.));
#3856 = ( GEOMETRIC_REPRESENTATION_CONTEXT(2) 
PARAMETRIC_REPRESENTATION_CONTEXT() REPRESENTATION_CONTEXT('2D SPACE',''
  ) );
#3857 = ORIENTED_EDGE('',*,*,#1285,.T.);
#3858 = ORIENTED_EDGE('',*,*,#3859,.T.);
#3859 = EDGE_CURVE('',#1258,#3860,#3862,.T.);
#3860 = VERTEX_POINT('',#3861);
#3861 = CARTESIAN_POINT('',(0.398136648396,-0.865,0.));
#3862 = SURFACE_CURVE('',#3863,(#3867,#3874),.PCURVE_S1.);
#3863 = LINE('',#3864,#3865);
#3864 = CARTESIAN_POINT('',(0.398136648396,-0.865,0.4));
#3865 = VECTOR('',#3866,1.);
#3866 = DIRECTION('',(0.,0.,-1.));
#3867 = PCURVE('',#1299,#3868);
#3868 = DEFINITIONAL_REPRESENTATION('',(#3869),#3873);
#3869 = LINE('',#3870,#3871);
#3870 = CARTESIAN_POINT('',(0.,0.));
#3871 = VECTOR('',#3872,1.);
#3872 = DIRECTION('',(-0.,-1.));
#3873 = ( GEOMETRIC_REPRESENTATION_CONTEXT(2) 
PARAMETRIC_REPRESENTATION_CONTEXT() REPRESENTATION_CONTEXT('2D SPACE',''
  ) );
#3874 = PCURVE('',#1273,#3875);
#3875 = DEFINITIONAL_REPRESENTATION('',(#3876),#3880);
#3876 = LINE('',#3877,#3878);
#3877 = CARTESIAN_POINT('',(0.,-0.));
#3878 = VECTOR('',#3879,1.);
#3879 = DIRECTION('',(1.,0.));
#3880 = ( GEOMETRIC_REPRESENTATION_CONTEXT(2) 
PARAMETRIC_REPRESENTATION_CONTEXT() REPRESENTATION_CONTEXT('2D SPACE',''
  ) );
#3881 = ORIENTED_EDGE('',*,*,#3882,.T.);
#3882 = EDGE_CURVE('',#3860,#3836,#3883,.T.);
#3883 = SURFACE_CURVE('',#3884,(#3888,#3895),.PCURVE_S1.);
#3884 = LINE('',#3885,#3886);
#3885 = CARTESIAN_POINT('',(0.398136648396,-0.865,0.));
#3886 = VECTOR('',#3887,1.);
#3887 = DIRECTION('',(0.613675092361,0.789558662175,0.));
#3888 = PCURVE('',#1299,#3889);
#3889 = DEFINITIONAL_REPRESENTATION('',(#3890),#3894);
#3890 = LINE('',#3891,#3892);
#3891 = CARTESIAN_POINT('',(-0.,-0.4));
#3892 = VECTOR('',#3893,1.);
#3893 = DIRECTION('',(-1.,0.));
#3894 = ( GEOMETRIC_REPRESENTATION_CONTEXT(2) 
PARAMETRIC_REPRESENTATION_CONTEXT() REPRESENTATION_CONTEXT('2D SPACE',''
  ) );
#3895 = PCURVE('',#3896,#3901);
#3896 = PLANE('',#3897);
#3897 = AXIS2_PLACEMENT_3D('',#3898,#3899,#3900);
#3898 = CARTESIAN_POINT('',(0.,0.,0.));
#3899 = DIRECTION('',(0.,0.,1.));
#3900 = DIRECTION('',(-1.,-6.982962677686E-15,0.));
#3901 = DEFINITIONAL_REPRESENTATION('',(#3902),#3906);
#3902 = LINE('',#3903,#3904);
#3903 = CARTESIAN_POINT('',(-0.398136648396,0.865));
#3904 = VECTOR('',#3905,1.);
#3905 = DIRECTION('',(-0.613675092361,-0.789558662175));
#3906 = ( GEOMETRIC_REPRESENTATION_CONTEXT(2) 
PARAMETRIC_REPRESENTATION_CONTEXT() REPRESENTATION_CONTEXT('2D SPACE',''
  ) );
#3907 = ADVANCED_FACE('',(#3908),#816,.F.);
#3908 = FACE_BOUND('',#3909,.T.);
#3909 = EDGE_LOOP('',(#3910,#3933,#3934,#3957));
#3910 = ORIENTED_EDGE('',*,*,#3911,.F.);
#3911 = EDGE_CURVE('',#801,#3912,#3914,.T.);
#3912 = VERTEX_POINT('',#3913);
#3913 = CARTESIAN_POINT('',(0.398136648396,0.865,0.));
#3914 = SURFACE_CURVE('',#3915,(#3919,#3926),.PCURVE_S1.);
#3915 = LINE('',#3916,#3917);
#3916 = CARTESIAN_POINT('',(0.398136648396,0.865,0.4));
#3917 = VECTOR('',#3918,1.);
#3918 = DIRECTION('',(0.,0.,-1.));
#3919 = PCURVE('',#816,#3920);
#3920 = DEFINITIONAL_REPRESENTATION('',(#3921),#3925);
#3921 = LINE('',#3922,#3923);
#3922 = CARTESIAN_POINT('',(-0.84224267538,0.));
#3923 = VECTOR('',#3924,1.);
#3924 = DIRECTION('',(0.,-1.));
#3925 = ( GEOMETRIC_REPRESENTATION_CONTEXT(2) 
PARAMETRIC_REPRESENTATION_CONTEXT() REPRESENTATION_CONTEXT('2D SPACE',''
  ) );
#3926 = PCURVE('',#844,#3927);
#3927 = DEFINITIONAL_REPRESENTATION('',(#3928),#3932);
#3928 = LINE('',#3929,#3930);
#3929 = CARTESIAN_POINT('',(0.,0.));
#3930 = VECTOR('',#3931,1.);
#3931 = DIRECTION('',(-1.,-0.));
#3932 = ( GEOMETRIC_REPRESENTATION_CONTEXT(2) 
PARAMETRIC_REPRESENTATION_CONTEXT() REPRESENTATION_CONTEXT('2D SPACE',''
  ) );
#3933 = ORIENTED_EDGE('',*,*,#800,.T.);
#3934 = ORIENTED_EDGE('',*,*,#3935,.T.);
#3935 = EDGE_CURVE('',#778,#3936,#3938,.T.);
#3936 = VERTEX_POINT('',#3937);
#3937 = CARTESIAN_POINT('',(0.915,0.2,0.));
#3938 = SURFACE_CURVE('',#3939,(#3943,#3950),.PCURVE_S1.);
#3939 = LINE('',#3940,#3941);
#3940 = CARTESIAN_POINT('',(0.915,0.2,0.4));
#3941 = VECTOR('',#3942,1.);
#3942 = DIRECTION('',(0.,0.,-1.));
#3943 = PCURVE('',#816,#3944);
#3944 = DEFINITIONAL_REPRESENTATION('',(#3945),#3949);
#3945 = LINE('',#3946,#3947);
#3946 = CARTESIAN_POINT('',(0.,0.));
#3947 = VECTOR('',#3948,1.);
#3948 = DIRECTION('',(0.,-1.));
#3949 = ( GEOMETRIC_REPRESENTATION_CONTEXT(2) 
PARAMETRIC_REPRESENTATION_CONTEXT() REPRESENTATION_CONTEXT('2D SPACE',''
  ) );
#3950 = PCURVE('',#576,#3951);
#3951 = DEFINITIONAL_REPRESENTATION('',(#3952),#3956);
#3952 = LINE('',#3953,#3954);
#3953 = CARTESIAN_POINT('',(0.,0.));
#3954 = VECTOR('',#3955,1.);
#3955 = DIRECTION('',(0.,-1.));
#3956 = ( GEOMETRIC_REPRESENTATION_CONTEXT(2) 
PARAMETRIC_REPRESENTATION_CONTEXT() REPRESENTATION_CONTEXT('2D SPACE',''
  ) );
#3957 = ORIENTED_EDGE('',*,*,#3958,.T.);
#3958 = EDGE_CURVE('',#3936,#3912,#3959,.T.);
#3959 = SURFACE_CURVE('',#3960,(#3964,#3971),.PCURVE_S1.);
#3960 = LINE('',#3961,#3962);
#3961 = CARTESIAN_POINT('',(0.915,0.2,0.));
#3962 = VECTOR('',#3963,1.);
#3963 = DIRECTION('',(-0.613675092361,0.789558662175,0.));
#3964 = PCURVE('',#816,#3965);
#3965 = DEFINITIONAL_REPRESENTATION('',(#3966),#3970);
#3966 = LINE('',#3967,#3968);
#3967 = CARTESIAN_POINT('',(0.,-0.4));
#3968 = VECTOR('',#3969,1.);
#3969 = DIRECTION('',(-1.,0.));
#3970 = ( GEOMETRIC_REPRESENTATION_CONTEXT(2) 
PARAMETRIC_REPRESENTATION_CONTEXT() REPRESENTATION_CONTEXT('2D SPACE',''
  ) );
#3971 = PCURVE('',#3896,#3972);
#3972 = DEFINITIONAL_REPRESENTATION('',(#3973),#3977);
#3973 = LINE('',#3974,#3975);
#3974 = CARTESIAN_POINT('',(-0.915,-0.2));
#3975 = VECTOR('',#3976,1.);
#3976 = DIRECTION('',(0.613675092361,-0.789558662175));
#3977 = ( GEOMETRIC_REPRESENTATION_CONTEXT(2) 
PARAMETRIC_REPRESENTATION_CONTEXT() REPRESENTATION_CONTEXT('2D SPACE',''
  ) );
#3978 = ADVANCED_FACE('',(#3979),#520,.F.);
#3979 = FACE_BOUND('',#3980,.T.);
#3980 = EDGE_LOOP('',(#3981,#4004,#4005,#4006,#4007,#4008,#4031));
#3981 = ORIENTED_EDGE('',*,*,#3982,.F.);
#3982 = EDGE_CURVE('',#505,#3983,#3985,.T.);
#3983 = VERTEX_POINT('',#3984);
#3984 = CARTESIAN_POINT('',(2.215,-0.2,0.4));
#3985 = SURFACE_CURVE('',#3986,(#3990,#3997),.PCURVE_S1.);
#3986 = LINE('',#3987,#3988);
#3987 = CARTESIAN_POINT('',(0.915,-0.2,0.4));
#3988 = VECTOR('',#3989,1.);
#3989 = DIRECTION('',(1.,7.483363680372E-15,0.));
#3990 = PCURVE('',#520,#3991);
#3991 = DEFINITIONAL_REPRESENTATION('',(#3992),#3996);
#3992 = LINE('',#3993,#3994);
#3993 = CARTESIAN_POINT('',(0.,0.));
#3994 = VECTOR('',#3995,1.);
#3995 = DIRECTION('',(-1.,0.));
#3996 = ( GEOMETRIC_REPRESENTATION_CONTEXT(2) 
PARAMETRIC_REPRESENTATION_CONTEXT() REPRESENTATION_CONTEXT('2D SPACE',''
  ) );
#3997 = PCURVE('',#548,#3998);
#3998 = DEFINITIONAL_REPRESENTATION('',(#3999),#4003);
#3999 = LINE('',#4000,#4001);
#4000 = CARTESIAN_POINT('',(-0.915,0.2));
#4001 = VECTOR('',#4002,1.);
#4002 = DIRECTION('',(-1.,-5.004010026856E-16));
#4003 = ( GEOMETRIC_REPRESENTATION_CONTEXT(2) 
PARAMETRIC_REPRESENTATION_CONTEXT() REPRESENTATION_CONTEXT('2D SPACE',''
  ) );
#4004 = ORIENTED_EDGE('',*,*,#504,.T.);
#4005 = ORIENTED_EDGE('',*,*,#1315,.F.);
#4006 = ORIENTED_EDGE('',*,*,#1051,.T.);
#4007 = ORIENTED_EDGE('',*,*,#3835,.T.);
#4008 = ORIENTED_EDGE('',*,*,#4009,.T.);
#4009 = EDGE_CURVE('',#3836,#4010,#4012,.T.);
#4010 = VERTEX_POINT('',#4011);
#4011 = CARTESIAN_POINT('',(2.215,-0.2,0.));
#4012 = SURFACE_CURVE('',#4013,(#4017,#4024),.PCURVE_S1.);
#4013 = LINE('',#4014,#4015);
#4014 = CARTESIAN_POINT('',(0.915,-0.2,0.));
#4015 = VECTOR('',#4016,1.);
#4016 = DIRECTION('',(1.,7.483363680372E-15,0.));
#4017 = PCURVE('',#520,#4018);
#4018 = DEFINITIONAL_REPRESENTATION('',(#4019),#4023);
#4019 = LINE('',#4020,#4021);
#4020 = CARTESIAN_POINT('',(-0.,-0.4));
#4021 = VECTOR('',#4022,1.);
#4022 = DIRECTION('',(-1.,0.));
#4023 = ( GEOMETRIC_REPRESENTATION_CONTEXT(2) 
PARAMETRIC_REPRESENTATION_CONTEXT() REPRESENTATION_CONTEXT('2D SPACE',''
  ) );
#4024 = PCURVE('',#3896,#4025);
#4025 = DEFINITIONAL_REPRESENTATION('',(#4026),#4030);
#4026 = LINE('',#4027,#4028);
#4027 = CARTESIAN_POINT('',(-0.915,0.2));
#4028 = VECTOR('',#4029,1.);
#4029 = DIRECTION('',(-1.,-5.004010026856E-16));
#4030 = ( GEOMETRIC_REPRESENTATION_CONTEXT(2) 
PARAMETRIC_REPRESENTATION_CONTEXT() REPRESENTATION_CONTEXT('2D SPACE',''
  ) );
#4031 = ORIENTED_EDGE('',*,*,#4032,.F.);
#4032 = EDGE_CURVE('',#3983,#4010,#4033,.T.);
#4033 = SURFACE_CURVE('',#4034,(#4038,#4045),.PCURVE_S1.);
#4034 = LINE('',#4035,#4036);
#4035 = CARTESIAN_POINT('',(2.215,-0.2,0.4));
#4036 = VECTOR('',#4037,1.);
#4037 = DIRECTION('',(0.,0.,-1.));
#4038 = PCURVE('',#520,#4039);
#4039 = DEFINITIONAL_REPRESENTATION('',(#4040),#4044);
#4040 = LINE('',#4041,#4042);
#4041 = CARTESIAN_POINT('',(-1.3,0.));
#4042 = VECTOR('',#4043,1.);
#4043 = DIRECTION('',(-0.,-1.));
#4044 = ( GEOMETRIC_REPRESENTATION_CONTEXT(2) 
PARAMETRIC_REPRESENTATION_CONTEXT() REPRESENTATION_CONTEXT('2D SPACE',''
  ) );
#4045 = PCURVE('',#4046,#4051);
#4046 = PLANE('',#4047);
#4047 = AXIS2_PLACEMENT_3D('',#4048,#4049,#4050);
#4048 = CARTESIAN_POINT('',(2.215,-0.2,0.4));
#4049 = DIRECTION('',(-1.,-6.982962677686E-15,-0.));
#4050 = DIRECTION('',(0.,0.,-1.));
#4051 = DEFINITIONAL_REPRESENTATION('',(#4052),#4056);
#4052 = LINE('',#4053,#4054);
#4053 = CARTESIAN_POINT('',(0.,0.));
#4054 = VECTOR('',#4055,1.);
#4055 = DIRECTION('',(1.,0.));
#4056 = ( GEOMETRIC_REPRESENTATION_CONTEXT(2) 
PARAMETRIC_REPRESENTATION_CONTEXT() REPRESENTATION_CONTEXT('2D SPACE',''
  ) );
#4057 = ADVANCED_FACE('',(#4058),#576,.F.);
#4058 = FACE_BOUND('',#4059,.T.);
#4059 = EDGE_LOOP('',(#4060,#4061,#4062,#4085,#4108,#4129,#4130));
#4060 = ORIENTED_EDGE('',*,*,#1022,.F.);
#4061 = ORIENTED_EDGE('',*,*,#560,.T.);
#4062 = ORIENTED_EDGE('',*,*,#4063,.F.);
#4063 = EDGE_CURVE('',#4064,#533,#4066,.T.);
#4064 = VERTEX_POINT('',#4065);
#4065 = CARTESIAN_POINT('',(2.215,0.2,0.4));
#4066 = SURFACE_CURVE('',#4067,(#4071,#4078),.PCURVE_S1.);
#4067 = LINE('',#4068,#4069);
#4068 = CARTESIAN_POINT('',(0.915,0.2,0.4));
#4069 = VECTOR('',#4070,1.);
#4070 = DIRECTION('',(-1.,-7.108062928358E-15,0.));
#4071 = PCURVE('',#576,#4072);
#4072 = DEFINITIONAL_REPRESENTATION('',(#4073),#4077);
#4073 = LINE('',#4074,#4075);
#4074 = CARTESIAN_POINT('',(0.,0.));
#4075 = VECTOR('',#4076,1.);
#4076 = DIRECTION('',(-1.,0.));
#4077 = ( GEOMETRIC_REPRESENTATION_CONTEXT(2) 
PARAMETRIC_REPRESENTATION_CONTEXT() REPRESENTATION_CONTEXT('2D SPACE',''
  ) );
#4078 = PCURVE('',#548,#4079);
#4079 = DEFINITIONAL_REPRESENTATION('',(#4080),#4084);
#4080 = LINE('',#4081,#4082);
#4081 = CARTESIAN_POINT('',(-0.915,-0.2));
#4082 = VECTOR('',#4083,1.);
#4083 = DIRECTION('',(1.,1.251002506714E-16));
#4084 = ( GEOMETRIC_REPRESENTATION_CONTEXT(2) 
PARAMETRIC_REPRESENTATION_CONTEXT() REPRESENTATION_CONTEXT('2D SPACE',''
  ) );
#4085 = ORIENTED_EDGE('',*,*,#4086,.T.);
#4086 = EDGE_CURVE('',#4064,#4087,#4089,.T.);
#4087 = VERTEX_POINT('',#4088);
#4088 = CARTESIAN_POINT('',(2.215,0.2,0.));
#4089 = SURFACE_CURVE('',#4090,(#4094,#4101),.PCURVE_S1.);
#4090 = LINE('',#4091,#4092);
#4091 = CARTESIAN_POINT('',(2.215,0.2,0.4));
#4092 = VECTOR('',#4093,1.);
#4093 = DIRECTION('',(0.,0.,-1.));
#4094 = PCURVE('',#576,#4095);
#4095 = DEFINITIONAL_REPRESENTATION('',(#4096),#4100);
#4096 = LINE('',#4097,#4098);
#4097 = CARTESIAN_POINT('',(1.3,0.));
#4098 = VECTOR('',#4099,1.);
#4099 = DIRECTION('',(0.,-1.));
#4100 = ( GEOMETRIC_REPRESENTATION_CONTEXT(2) 
PARAMETRIC_REPRESENTATION_CONTEXT() REPRESENTATION_CONTEXT('2D SPACE',''
  ) );
#4101 = PCURVE('',#4046,#4102);
#4102 = DEFINITIONAL_REPRESENTATION('',(#4103),#4107);
#4103 = LINE('',#4104,#4105);
#4104 = CARTESIAN_POINT('',(0.,-0.4));
#4105 = VECTOR('',#4106,1.);
#4106 = DIRECTION('',(1.,0.));
#4107 = ( GEOMETRIC_REPRESENTATION_CONTEXT(2) 
PARAMETRIC_REPRESENTATION_CONTEXT() REPRESENTATION_CONTEXT('2D SPACE',''
  ) );
#4108 = ORIENTED_EDGE('',*,*,#4109,.T.);
#4109 = EDGE_CURVE('',#4087,#3936,#4110,.T.);
#4110 = SURFACE_CURVE('',#4111,(#4115,#4122),.PCURVE_S1.);
#4111 = LINE('',#4112,#4113);
#4112 = CARTESIAN_POINT('',(0.915,0.2,0.));
#4113 = VECTOR('',#4114,1.);
#4114 = DIRECTION('',(-1.,-7.108062928358E-15,0.));
#4115 = PCURVE('',#576,#4116);
#4116 = DEFINITIONAL_REPRESENTATION('',(#4117),#4121);
#4117 = LINE('',#4118,#4119);
#4118 = CARTESIAN_POINT('',(0.,-0.4));
#4119 = VECTOR('',#4120,1.);
#4120 = DIRECTION('',(-1.,0.));
#4121 = ( GEOMETRIC_REPRESENTATION_CONTEXT(2) 
PARAMETRIC_REPRESENTATION_CONTEXT() REPRESENTATION_CONTEXT('2D SPACE',''
  ) );
#4122 = PCURVE('',#3896,#4123);
#4123 = DEFINITIONAL_REPRESENTATION('',(#4124),#4128);
#4124 = LINE('',#4125,#4126);
#4125 = CARTESIAN_POINT('',(-0.915,-0.2));
#4126 = VECTOR('',#4127,1.);
#4127 = DIRECTION('',(1.,1.251002506714E-16));
#4128 = ( GEOMETRIC_REPRESENTATION_CONTEXT(2) 
PARAMETRIC_REPRESENTATION_CONTEXT() REPRESENTATION_CONTEXT('2D SPACE',''
  ) );
#4129 = ORIENTED_EDGE('',*,*,#3935,.F.);
#4130 = ORIENTED_EDGE('',*,*,#777,.T.);
#4131 = ADVANCED_FACE('',(#4132),#548,.T.);
#4132 = FACE_BOUND('',#4133,.T.);
#4133 = EDGE_LOOP('',(#4134,#4135,#4136,#4157));
#4134 = ORIENTED_EDGE('',*,*,#532,.F.);
#4135 = ORIENTED_EDGE('',*,*,#3982,.T.);
#4136 = ORIENTED_EDGE('',*,*,#4137,.T.);
#4137 = EDGE_CURVE('',#3983,#4064,#4138,.T.);
#4138 = SURFACE_CURVE('',#4139,(#4143,#4150),.PCURVE_S1.);
#4139 = LINE('',#4140,#4141);
#4140 = CARTESIAN_POINT('',(2.215,-0.2,0.4));
#4141 = VECTOR('',#4142,1.);
#4142 = DIRECTION('',(-6.982962677686E-15,1.,0.));
#4143 = PCURVE('',#548,#4144);
#4144 = DEFINITIONAL_REPRESENTATION('',(#4145),#4149);
#4145 = LINE('',#4146,#4147);
#4146 = CARTESIAN_POINT('',(-2.215,0.2));
#4147 = VECTOR('',#4148,1.);
#4148 = DIRECTION('',(0.,-1.));
#4149 = ( GEOMETRIC_REPRESENTATION_CONTEXT(2) 
PARAMETRIC_REPRESENTATION_CONTEXT() REPRESENTATION_CONTEXT('2D SPACE',''
  ) );
#4150 = PCURVE('',#4046,#4151);
#4151 = DEFINITIONAL_REPRESENTATION('',(#4152),#4156);
#4152 = LINE('',#4153,#4154);
#4153 = CARTESIAN_POINT('',(0.,0.));
#4154 = VECTOR('',#4155,1.);
#4155 = DIRECTION('',(0.,-1.));
#4156 = ( GEOMETRIC_REPRESENTATION_CONTEXT(2) 
PARAMETRIC_REPRESENTATION_CONTEXT() REPRESENTATION_CONTEXT('2D SPACE',''
  ) );
#4157 = ORIENTED_EDGE('',*,*,#4063,.T.);
#4158 = ADVANCED_FACE('',(#4159),#1412,.T.);
#4159 = FACE_BOUND('',#4160,.T.);
#4160 = EDGE_LOOP('',(#4161,#4184,#4212,#4240,#4268,#4289));
#4161 = ORIENTED_EDGE('',*,*,#4162,.T.);
#4162 = EDGE_CURVE('',#1372,#4163,#4165,.T.);
#4163 = VERTEX_POINT('',#4164);
#4164 = CARTESIAN_POINT('',(-1.585,0.865,0.4));
#4165 = SURFACE_CURVE('',#4166,(#4170,#4177),.PCURVE_S1.);
#4166 = LINE('',#4167,#4168);
#4167 = CARTESIAN_POINT('',(0.398136648396,0.865,0.4));
#4168 = VECTOR('',#4169,1.);
#4169 = DIRECTION('',(-1.,-6.982962677686E-15,0.));
#4170 = PCURVE('',#1412,#4171);
#4171 = DEFINITIONAL_REPRESENTATION('',(#4172),#4176);
#4172 = LINE('',#4173,#4174);
#4173 = CARTESIAN_POINT('',(-0.398136648396,-0.865));
#4174 = VECTOR('',#4175,1.);
#4175 = DIRECTION('',(1.,7.88860905221E-31));
#4176 = ( GEOMETRIC_REPRESENTATION_CONTEXT(2) 
PARAMETRIC_REPRESENTATION_CONTEXT() REPRESENTATION_CONTEXT('2D SPACE',''
  ) );
#4177 = PCURVE('',#844,#4178);
#4178 = DEFINITIONAL_REPRESENTATION('',(#4179),#4183);
#4179 = LINE('',#4180,#4181);
#4180 = CARTESIAN_POINT('',(0.,0.));
#4181 = VECTOR('',#4182,1.);
#4182 = DIRECTION('',(0.,1.));
#4183 = ( GEOMETRIC_REPRESENTATION_CONTEXT(2) 
PARAMETRIC_REPRESENTATION_CONTEXT() REPRESENTATION_CONTEXT('2D SPACE',''
  ) );
#4184 = ORIENTED_EDGE('',*,*,#4185,.T.);
#4185 = EDGE_CURVE('',#4163,#4186,#4188,.T.);
#4186 = VERTEX_POINT('',#4187);
#4187 = CARTESIAN_POINT('',(-1.885,0.565,0.4));
#4188 = SURFACE_CURVE('',#4189,(#4193,#4200),.PCURVE_S1.);
#4189 = LINE('',#4190,#4191);
#4190 = CARTESIAN_POINT('',(-1.225,1.225,0.4));
#4191 = VECTOR('',#4192,1.);
#4192 = DIRECTION('',(-0.707106781187,-0.707106781187,-0.));
#4193 = PCURVE('',#1412,#4194);
#4194 = DEFINITIONAL_REPRESENTATION('',(#4195),#4199);
#4195 = LINE('',#4196,#4197);
#4196 = CARTESIAN_POINT('',(1.225,-1.225));
#4197 = VECTOR('',#4198,1.);
#4198 = DIRECTION('',(0.707106781187,0.707106781187));
#4199 = ( GEOMETRIC_REPRESENTATION_CONTEXT(2) 
PARAMETRIC_REPRESENTATION_CONTEXT() REPRESENTATION_CONTEXT('2D SPACE',''
  ) );
#4200 = PCURVE('',#4201,#4206);
#4201 = PLANE('',#4202);
#4202 = AXIS2_PLACEMENT_3D('',#4203,#4204,#4205);
#4203 = CARTESIAN_POINT('',(-1.885,0.565,0.4));
#4204 = DIRECTION('',(0.707106781187,-0.707106781187,0.));
#4205 = DIRECTION('',(0.,-0.,-1.));
#4206 = DEFINITIONAL_REPRESENTATION('',(#4207),#4211);
#4207 = LINE('',#4208,#4209);
#4208 = CARTESIAN_POINT('',(0.,0.933380951166));
#4209 = VECTOR('',#4210,1.);
#4210 = DIRECTION('',(0.,-1.));
#4211 = ( GEOMETRIC_REPRESENTATION_CONTEXT(2) 
PARAMETRIC_REPRESENTATION_CONTEXT() REPRESENTATION_CONTEXT('2D SPACE',''
  ) );
#4212 = ORIENTED_EDGE('',*,*,#4213,.T.);
#4213 = EDGE_CURVE('',#4186,#4214,#4216,.T.);
#4214 = VERTEX_POINT('',#4215);
#4215 = CARTESIAN_POINT('',(-1.885,-0.565,0.4));
#4216 = SURFACE_CURVE('',#4217,(#4221,#4228),.PCURVE_S1.);
#4217 = LINE('',#4218,#4219);
#4218 = CARTESIAN_POINT('',(-1.885,-0.865,0.4));
#4219 = VECTOR('',#4220,1.);
#4220 = DIRECTION('',(6.982962677686E-15,-1.,0.));
#4221 = PCURVE('',#1412,#4222);
#4222 = DEFINITIONAL_REPRESENTATION('',(#4223),#4227);
#4223 = LINE('',#4224,#4225);
#4224 = CARTESIAN_POINT('',(1.885,0.865));
#4225 = VECTOR('',#4226,1.);
#4226 = DIRECTION('',(0.,1.));
#4227 = ( GEOMETRIC_REPRESENTATION_CONTEXT(2) 
PARAMETRIC_REPRESENTATION_CONTEXT() REPRESENTATION_CONTEXT('2D SPACE',''
  ) );
#4228 = PCURVE('',#4229,#4234);
#4229 = PLANE('',#4230);
#4230 = AXIS2_PLACEMENT_3D('',#4231,#4232,#4233);
#4231 = CARTESIAN_POINT('',(-1.885,-0.865,0.4));
#4232 = DIRECTION('',(1.,6.982962677686E-15,-0.));
#4233 = DIRECTION('',(0.,0.,1.));
#4234 = DEFINITIONAL_REPRESENTATION('',(#4235),#4239);
#4235 = LINE('',#4236,#4237);
#4236 = CARTESIAN_POINT('',(0.,0.));
#4237 = VECTOR('',#4238,1.);
#4238 = DIRECTION('',(0.,1.));
#4239 = ( GEOMETRIC_REPRESENTATION_CONTEXT(2) 
PARAMETRIC_REPRESENTATION_CONTEXT() REPRESENTATION_CONTEXT('2D SPACE',''
  ) );
#4240 = ORIENTED_EDGE('',*,*,#4241,.T.);
#4241 = EDGE_CURVE('',#4214,#4242,#4244,.T.);
#4242 = VERTEX_POINT('',#4243);
#4243 = CARTESIAN_POINT('',(-1.585,-0.865,0.4));
#4244 = SURFACE_CURVE('',#4245,(#4249,#4256),.PCURVE_S1.);
#4245 = LINE('',#4246,#4247);
#4246 = CARTESIAN_POINT('',(-1.225,-1.225,0.4));
#4247 = VECTOR('',#4248,1.);
#4248 = DIRECTION('',(0.707106781187,-0.707106781187,-0.));
#4249 = PCURVE('',#1412,#4250);
#4250 = DEFINITIONAL_REPRESENTATION('',(#4251),#4255);
#4251 = LINE('',#4252,#4253);
#4252 = CARTESIAN_POINT('',(1.225,1.225));
#4253 = VECTOR('',#4254,1.);
#4254 = DIRECTION('',(-0.707106781187,0.707106781187));
#4255 = ( GEOMETRIC_REPRESENTATION_CONTEXT(2) 
PARAMETRIC_REPRESENTATION_CONTEXT() REPRESENTATION_CONTEXT('2D SPACE',''
  ) );
#4256 = PCURVE('',#4257,#4262);
#4257 = PLANE('',#4258);
#4258 = AXIS2_PLACEMENT_3D('',#4259,#4260,#4261);
#4259 = CARTESIAN_POINT('',(-1.585,-0.865,0.4));
#4260 = DIRECTION('',(0.707106781187,0.707106781187,0.));
#4261 = DIRECTION('',(0.,0.,-1.));
#4262 = DEFINITIONAL_REPRESENTATION('',(#4263),#4267);
#4263 = LINE('',#4264,#4265);
#4264 = CARTESIAN_POINT('',(0.,-0.509116882454));
#4265 = VECTOR('',#4266,1.);
#4266 = DIRECTION('',(0.,-1.));
#4267 = ( GEOMETRIC_REPRESENTATION_CONTEXT(2) 
PARAMETRIC_REPRESENTATION_CONTEXT() REPRESENTATION_CONTEXT('2D SPACE',''
  ) );
#4268 = ORIENTED_EDGE('',*,*,#4269,.T.);
#4269 = EDGE_CURVE('',#4242,#1397,#4270,.T.);
#4270 = SURFACE_CURVE('',#4271,(#4275,#4282),.PCURVE_S1.);
#4271 = LINE('',#4272,#4273);
#4272 = CARTESIAN_POINT('',(0.398136648396,-0.865,0.4));
#4273 = VECTOR('',#4274,1.);
#4274 = DIRECTION('',(1.,6.982962677686E-15,-0.));
#4275 = PCURVE('',#1412,#4276);
#4276 = DEFINITIONAL_REPRESENTATION('',(#4277),#4281);
#4277 = LINE('',#4278,#4279);
#4278 = CARTESIAN_POINT('',(-0.398136648396,0.865));
#4279 = VECTOR('',#4280,1.);
#4280 = DIRECTION('',(-1.,-7.88860905221E-31));
#4281 = ( GEOMETRIC_REPRESENTATION_CONTEXT(2) 
PARAMETRIC_REPRESENTATION_CONTEXT() REPRESENTATION_CONTEXT('2D SPACE',''
  ) );
#4282 = PCURVE('',#1273,#4283);
#4283 = DEFINITIONAL_REPRESENTATION('',(#4284),#4288);
#4284 = LINE('',#4285,#4286);
#4285 = CARTESIAN_POINT('',(0.,-0.));
#4286 = VECTOR('',#4287,1.);
#4287 = DIRECTION('',(0.,-1.));
#4288 = ( GEOMETRIC_REPRESENTATION_CONTEXT(2) 
PARAMETRIC_REPRESENTATION_CONTEXT() REPRESENTATION_CONTEXT('2D SPACE',''
  ) );
#4289 = ORIENTED_EDGE('',*,*,#1396,.F.);
#4290 = ADVANCED_FACE('',(#4291),#844,.F.);
#4291 = FACE_BOUND('',#4292,.T.);
#4292 = EDGE_LOOP('',(#4293,#4316,#4337,#4338,#4339,#4340,#4341));
#4293 = ORIENTED_EDGE('',*,*,#4294,.T.);
#4294 = EDGE_CURVE('',#3912,#4295,#4297,.T.);
#4295 = VERTEX_POINT('',#4296);
#4296 = CARTESIAN_POINT('',(-1.585,0.865,0.));
#4297 = SURFACE_CURVE('',#4298,(#4302,#4309),.PCURVE_S1.);
#4298 = LINE('',#4299,#4300);
#4299 = CARTESIAN_POINT('',(0.398136648396,0.865,0.));
#4300 = VECTOR('',#4301,1.);
#4301 = DIRECTION('',(-1.,-6.982962677686E-15,0.));
#4302 = PCURVE('',#844,#4303);
#4303 = DEFINITIONAL_REPRESENTATION('',(#4304),#4308);
#4304 = LINE('',#4305,#4306);
#4305 = CARTESIAN_POINT('',(-0.4,-0.));
#4306 = VECTOR('',#4307,1.);
#4307 = DIRECTION('',(0.,1.));
#4308 = ( GEOMETRIC_REPRESENTATION_CONTEXT(2) 
PARAMETRIC_REPRESENTATION_CONTEXT() REPRESENTATION_CONTEXT('2D SPACE',''
  ) );
#4309 = PCURVE('',#3896,#4310);
#4310 = DEFINITIONAL_REPRESENTATION('',(#4311),#4315);
#4311 = LINE('',#4312,#4313);
#4312 = CARTESIAN_POINT('',(-0.398136648396,-0.865));
#4313 = VECTOR('',#4314,1.);
#4314 = DIRECTION('',(1.,7.88860905221E-31));
#4315 = ( GEOMETRIC_REPRESENTATION_CONTEXT(2) 
PARAMETRIC_REPRESENTATION_CONTEXT() REPRESENTATION_CONTEXT('2D SPACE',''
  ) );
#4316 = ORIENTED_EDGE('',*,*,#4317,.T.);
#4317 = EDGE_CURVE('',#4295,#4163,#4318,.T.);
#4318 = SURFACE_CURVE('',#4319,(#4323,#4330),.PCURVE_S1.);
#4319 = LINE('',#4320,#4321);
#4320 = CARTESIAN_POINT('',(-1.585,0.865,0.4));
#4321 = VECTOR('',#4322,1.);
#4322 = DIRECTION('',(0.,0.,1.));
#4323 = PCURVE('',#844,#4324);
#4324 = DEFINITIONAL_REPRESENTATION('',(#4325),#4329);
#4325 = LINE('',#4326,#4327);
#4326 = CARTESIAN_POINT('',(0.,1.983136648396));
#4327 = VECTOR('',#4328,1.);
#4328 = DIRECTION('',(1.,0.));
#4329 = ( GEOMETRIC_REPRESENTATION_CONTEXT(2) 
PARAMETRIC_REPRESENTATION_CONTEXT() REPRESENTATION_CONTEXT('2D SPACE',''
  ) );
#4330 = PCURVE('',#4201,#4331);
#4331 = DEFINITIONAL_REPRESENTATION('',(#4332),#4336);
#4332 = LINE('',#4333,#4334);
#4333 = CARTESIAN_POINT('',(0.,0.424264068712));
#4334 = VECTOR('',#4335,1.);
#4335 = DIRECTION('',(-1.,0.));
#4336 = ( GEOMETRIC_REPRESENTATION_CONTEXT(2) 
PARAMETRIC_REPRESENTATION_CONTEXT() REPRESENTATION_CONTEXT('2D SPACE',''
  ) );
#4337 = ORIENTED_EDGE('',*,*,#4162,.F.);
#4338 = ORIENTED_EDGE('',*,*,#1371,.T.);
#4339 = ORIENTED_EDGE('',*,*,#1540,.F.);
#4340 = ORIENTED_EDGE('',*,*,#828,.T.);
#4341 = ORIENTED_EDGE('',*,*,#3911,.T.);
#4342 = ADVANCED_FACE('',(#4343),#1273,.F.);
#4343 = FACE_BOUND('',#4344,.T.);
#4344 = EDGE_LOOP('',(#4345,#4346,#4369,#4390,#4391,#4392,#4393));
#4345 = ORIENTED_EDGE('',*,*,#4269,.F.);
#4346 = ORIENTED_EDGE('',*,*,#4347,.T.);
#4347 = EDGE_CURVE('',#4242,#4348,#4350,.T.);
#4348 = VERTEX_POINT('',#4349);
#4349 = CARTESIAN_POINT('',(-1.585,-0.865,0.));
#4350 = SURFACE_CURVE('',#4351,(#4355,#4362),.PCURVE_S1.);
#4351 = LINE('',#4352,#4353);
#4352 = CARTESIAN_POINT('',(-1.585,-0.865,0.4));
#4353 = VECTOR('',#4354,1.);
#4354 = DIRECTION('',(0.,-0.,-1.));
#4355 = PCURVE('',#1273,#4356);
#4356 = DEFINITIONAL_REPRESENTATION('',(#4357),#4361);
#4357 = LINE('',#4358,#4359);
#4358 = CARTESIAN_POINT('',(-0.,1.983136648396));
#4359 = VECTOR('',#4360,1.);
#4360 = DIRECTION('',(1.,0.));
#4361 = ( GEOMETRIC_REPRESENTATION_CONTEXT(2) 
PARAMETRIC_REPRESENTATION_CONTEXT() REPRESENTATION_CONTEXT('2D SPACE',''
  ) );
#4362 = PCURVE('',#4257,#4363);
#4363 = DEFINITIONAL_REPRESENTATION('',(#4364),#4368);
#4364 = LINE('',#4365,#4366);
#4365 = CARTESIAN_POINT('',(0.,0.));
#4366 = VECTOR('',#4367,1.);
#4367 = DIRECTION('',(1.,-0.));
#4368 = ( GEOMETRIC_REPRESENTATION_CONTEXT(2) 
PARAMETRIC_REPRESENTATION_CONTEXT() REPRESENTATION_CONTEXT('2D SPACE',''
  ) );
#4369 = ORIENTED_EDGE('',*,*,#4370,.T.);
#4370 = EDGE_CURVE('',#4348,#3860,#4371,.T.);
#4371 = SURFACE_CURVE('',#4372,(#4376,#4383),.PCURVE_S1.);
#4372 = LINE('',#4373,#4374);
#4373 = CARTESIAN_POINT('',(0.398136648396,-0.865,0.));
#4374 = VECTOR('',#4375,1.);
#4375 = DIRECTION('',(1.,6.982962677686E-15,-0.));
#4376 = PCURVE('',#1273,#4377);
#4377 = DEFINITIONAL_REPRESENTATION('',(#4378),#4382);
#4378 = LINE('',#4379,#4380);
#4379 = CARTESIAN_POINT('',(0.4,0.));
#4380 = VECTOR('',#4381,1.);
#4381 = DIRECTION('',(0.,-1.));
#4382 = ( GEOMETRIC_REPRESENTATION_CONTEXT(2) 
PARAMETRIC_REPRESENTATION_CONTEXT() REPRESENTATION_CONTEXT('2D SPACE',''
  ) );
#4383 = PCURVE('',#3896,#4384);
#4384 = DEFINITIONAL_REPRESENTATION('',(#4385),#4389);
#4385 = LINE('',#4386,#4387);
#4386 = CARTESIAN_POINT('',(-0.398136648396,0.865));
#4387 = VECTOR('',#4388,1.);
#4388 = DIRECTION('',(-1.,-7.88860905221E-31));
#4389 = ( GEOMETRIC_REPRESENTATION_CONTEXT(2) 
PARAMETRIC_REPRESENTATION_CONTEXT() REPRESENTATION_CONTEXT('2D SPACE',''
  ) );
#4390 = ORIENTED_EDGE('',*,*,#3859,.F.);
#4391 = ORIENTED_EDGE('',*,*,#1257,.T.);
#4392 = ORIENTED_EDGE('',*,*,#1598,.F.);
#4393 = ORIENTED_EDGE('',*,*,#1424,.T.);
#4394 = ADVANCED_FACE('',(#4395),#4046,.F.);
#4395 = FACE_BOUND('',#4396,.T.);
#4396 = EDGE_LOOP('',(#4397,#4418,#4419,#4420));
#4397 = ORIENTED_EDGE('',*,*,#4398,.T.);
#4398 = EDGE_CURVE('',#4010,#4087,#4399,.T.);
#4399 = SURFACE_CURVE('',#4400,(#4404,#4411),.PCURVE_S1.);
#4400 = LINE('',#4401,#4402);
#4401 = CARTESIAN_POINT('',(2.215,-0.2,0.));
#4402 = VECTOR('',#4403,1.);
#4403 = DIRECTION('',(-6.982962677686E-15,1.,0.));
#4404 = PCURVE('',#4046,#4405);
#4405 = DEFINITIONAL_REPRESENTATION('',(#4406),#4410);
#4406 = LINE('',#4407,#4408);
#4407 = CARTESIAN_POINT('',(0.4,0.));
#4408 = VECTOR('',#4409,1.);
#4409 = DIRECTION('',(0.,-1.));
#4410 = ( GEOMETRIC_REPRESENTATION_CONTEXT(2) 
PARAMETRIC_REPRESENTATION_CONTEXT() REPRESENTATION_CONTEXT('2D SPACE',''
  ) );
#4411 = PCURVE('',#3896,#4412);
#4412 = DEFINITIONAL_REPRESENTATION('',(#4413),#4417);
#4413 = LINE('',#4414,#4415);
#4414 = CARTESIAN_POINT('',(-2.215,0.2));
#4415 = VECTOR('',#4416,1.);
#4416 = DIRECTION('',(0.,-1.));
#4417 = ( GEOMETRIC_REPRESENTATION_CONTEXT(2) 
PARAMETRIC_REPRESENTATION_CONTEXT() REPRESENTATION_CONTEXT('2D SPACE',''
  ) );
#4418 = ORIENTED_EDGE('',*,*,#4086,.F.);
#4419 = ORIENTED_EDGE('',*,*,#4137,.F.);
#4420 = ORIENTED_EDGE('',*,*,#4032,.T.);
#4421 = ADVANCED_FACE('',(#4422),#4229,.F.);
#4422 = FACE_BOUND('',#4423,.T.);
#4423 = EDGE_LOOP('',(#4424,#4425,#4448,#4471));
#4424 = ORIENTED_EDGE('',*,*,#4213,.F.);
#4425 = ORIENTED_EDGE('',*,*,#4426,.T.);
#4426 = EDGE_CURVE('',#4186,#4427,#4429,.T.);
#4427 = VERTEX_POINT('',#4428);
#4428 = CARTESIAN_POINT('',(-1.885,0.565,0.));
#4429 = SURFACE_CURVE('',#4430,(#4434,#4441),.PCURVE_S1.);
#4430 = LINE('',#4431,#4432);
#4431 = CARTESIAN_POINT('',(-1.885,0.565,0.4));
#4432 = VECTOR('',#4433,1.);
#4433 = DIRECTION('',(0.,-0.,-1.));
#4434 = PCURVE('',#4229,#4435);
#4435 = DEFINITIONAL_REPRESENTATION('',(#4436),#4440);
#4436 = LINE('',#4437,#4438);
#4437 = CARTESIAN_POINT('',(0.,-1.43));
#4438 = VECTOR('',#4439,1.);
#4439 = DIRECTION('',(-1.,0.));
#4440 = ( GEOMETRIC_REPRESENTATION_CONTEXT(2) 
PARAMETRIC_REPRESENTATION_CONTEXT() REPRESENTATION_CONTEXT('2D SPACE',''
  ) );
#4441 = PCURVE('',#4201,#4442);
#4442 = DEFINITIONAL_REPRESENTATION('',(#4443),#4447);
#4443 = LINE('',#4444,#4445);
#4444 = CARTESIAN_POINT('',(0.,0.));
#4445 = VECTOR('',#4446,1.);
#4446 = DIRECTION('',(1.,0.));
#4447 = ( GEOMETRIC_REPRESENTATION_CONTEXT(2) 
PARAMETRIC_REPRESENTATION_CONTEXT() REPRESENTATION_CONTEXT('2D SPACE',''
  ) );
#4448 = ORIENTED_EDGE('',*,*,#4449,.T.);
#4449 = EDGE_CURVE('',#4427,#4450,#4452,.T.);
#4450 = VERTEX_POINT('',#4451);
#4451 = CARTESIAN_POINT('',(-1.885,-0.565,0.));
#4452 = SURFACE_CURVE('',#4453,(#4457,#4464),.PCURVE_S1.);
#4453 = LINE('',#4454,#4455);
#4454 = CARTESIAN_POINT('',(-1.885,-0.865,0.));
#4455 = VECTOR('',#4456,1.);
#4456 = DIRECTION('',(6.982962677686E-15,-1.,0.));
#4457 = PCURVE('',#4229,#4458);
#4458 = DEFINITIONAL_REPRESENTATION('',(#4459),#4463);
#4459 = LINE('',#4460,#4461);
#4460 = CARTESIAN_POINT('',(-0.4,0.));
#4461 = VECTOR('',#4462,1.);
#4462 = DIRECTION('',(0.,1.));
#4463 = ( GEOMETRIC_REPRESENTATION_CONTEXT(2) 
PARAMETRIC_REPRESENTATION_CONTEXT() REPRESENTATION_CONTEXT('2D SPACE',''
  ) );
#4464 = PCURVE('',#3896,#4465);
#4465 = DEFINITIONAL_REPRESENTATION('',(#4466),#4470);
#4466 = LINE('',#4467,#4468);
#4467 = CARTESIAN_POINT('',(1.885,0.865));
#4468 = VECTOR('',#4469,1.);
#4469 = DIRECTION('',(0.,1.));
#4470 = ( GEOMETRIC_REPRESENTATION_CONTEXT(2) 
PARAMETRIC_REPRESENTATION_CONTEXT() REPRESENTATION_CONTEXT('2D SPACE',''
  ) );
#4471 = ORIENTED_EDGE('',*,*,#4472,.T.);
#4472 = EDGE_CURVE('',#4450,#4214,#4473,.T.);
#4473 = SURFACE_CURVE('',#4474,(#4478,#4485),.PCURVE_S1.);
#4474 = LINE('',#4475,#4476);
#4475 = CARTESIAN_POINT('',(-1.885,-0.565,0.4));
#4476 = VECTOR('',#4477,1.);
#4477 = DIRECTION('',(0.,0.,1.));
#4478 = PCURVE('',#4229,#4479);
#4479 = DEFINITIONAL_REPRESENTATION('',(#4480),#4484);
#4480 = LINE('',#4481,#4482);
#4481 = CARTESIAN_POINT('',(0.,-0.3));
#4482 = VECTOR('',#4483,1.);
#4483 = DIRECTION('',(1.,0.));
#4484 = ( GEOMETRIC_REPRESENTATION_CONTEXT(2) 
PARAMETRIC_REPRESENTATION_CONTEXT() REPRESENTATION_CONTEXT('2D SPACE',''
  ) );
#4485 = PCURVE('',#4257,#4486);
#4486 = DEFINITIONAL_REPRESENTATION('',(#4487),#4491);
#4487 = LINE('',#4488,#4489);
#4488 = CARTESIAN_POINT('',(0.,0.424264068712));
#4489 = VECTOR('',#4490,1.);
#4490 = DIRECTION('',(-1.,0.));
#4491 = ( GEOMETRIC_REPRESENTATION_CONTEXT(2) 
PARAMETRIC_REPRESENTATION_CONTEXT() REPRESENTATION_CONTEXT('2D SPACE',''
  ) );
#4492 = ADVANCED_FACE('',(#4493),#3896,.F.);
#4493 = FACE_BOUND('',#4494,.T.);
#4494 = EDGE_LOOP('',(#4495,#4496,#4517,#4518,#4519,#4520,#4521,#4522,
    #4523,#4524));
#4495 = ORIENTED_EDGE('',*,*,#4449,.F.);
#4496 = ORIENTED_EDGE('',*,*,#4497,.T.);
#4497 = EDGE_CURVE('',#4427,#4295,#4498,.T.);
#4498 = SURFACE_CURVE('',#4499,(#4503,#4510),.PCURVE_S1.);
#4499 = LINE('',#4500,#4501);
#4500 = CARTESIAN_POINT('',(-1.885,0.565,0.));
#4501 = VECTOR('',#4502,1.);
#4502 = DIRECTION('',(0.707106781187,0.707106781187,-0.));
#4503 = PCURVE('',#3896,#4504);
#4504 = DEFINITIONAL_REPRESENTATION('',(#4505),#4509);
#4505 = LINE('',#4506,#4507);
#4506 = CARTESIAN_POINT('',(1.885,-0.565));
#4507 = VECTOR('',#4508,1.);
#4508 = DIRECTION('',(-0.707106781187,-0.707106781187));
#4509 = ( GEOMETRIC_REPRESENTATION_CONTEXT(2) 
PARAMETRIC_REPRESENTATION_CONTEXT() REPRESENTATION_CONTEXT('2D SPACE',''
  ) );
#4510 = PCURVE('',#4201,#4511);
#4511 = DEFINITIONAL_REPRESENTATION('',(#4512),#4516);
#4512 = LINE('',#4513,#4514);
#4513 = CARTESIAN_POINT('',(0.4,0.));
#4514 = VECTOR('',#4515,1.);
#4515 = DIRECTION('',(0.,1.));
#4516 = ( GEOMETRIC_REPRESENTATION_CONTEXT(2) 
PARAMETRIC_REPRESENTATION_CONTEXT() REPRESENTATION_CONTEXT('2D SPACE',''
  ) );
#4517 = ORIENTED_EDGE('',*,*,#4294,.F.);
#4518 = ORIENTED_EDGE('',*,*,#3958,.F.);
#4519 = ORIENTED_EDGE('',*,*,#4109,.F.);
#4520 = ORIENTED_EDGE('',*,*,#4398,.F.);
#4521 = ORIENTED_EDGE('',*,*,#4009,.F.);
#4522 = ORIENTED_EDGE('',*,*,#3882,.F.);
#4523 = ORIENTED_EDGE('',*,*,#4370,.F.);
#4524 = ORIENTED_EDGE('',*,*,#4525,.T.);
#4525 = EDGE_CURVE('',#4348,#4450,#4526,.T.);
#4526 = SURFACE_CURVE('',#4527,(#4531,#4538),.PCURVE_S1.);
#4527 = LINE('',#4528,#4529);
#4528 = CARTESIAN_POINT('',(-1.585,-0.865,0.));
#4529 = VECTOR('',#4530,1.);
#4530 = DIRECTION('',(-0.707106781187,0.707106781187,-0.));
#4531 = PCURVE('',#3896,#4532);
#4532 = DEFINITIONAL_REPRESENTATION('',(#4533),#4537);
#4533 = LINE('',#4534,#4535);
#4534 = CARTESIAN_POINT('',(1.585,0.865));
#4535 = VECTOR('',#4536,1.);
#4536 = DIRECTION('',(0.707106781187,-0.707106781187));
#4537 = ( GEOMETRIC_REPRESENTATION_CONTEXT(2) 
PARAMETRIC_REPRESENTATION_CONTEXT() REPRESENTATION_CONTEXT('2D SPACE',''
  ) );
#4538 = PCURVE('',#4257,#4539);
#4539 = DEFINITIONAL_REPRESENTATION('',(#4540),#4544);
#4540 = LINE('',#4541,#4542);
#4541 = CARTESIAN_POINT('',(0.4,0.));
#4542 = VECTOR('',#4543,1.);
#4543 = DIRECTION('',(0.,1.));
#4544 = ( GEOMETRIC_REPRESENTATION_CONTEXT(2) 
PARAMETRIC_REPRESENTATION_CONTEXT() REPRESENTATION_CONTEXT('2D SPACE',''
  ) );
#4545 = ADVANCED_FACE('',(#4546),#658,.T.);
#4546 = FACE_BOUND('',#4547,.T.);
#4547 = EDGE_LOOP('',(#4548,#4549,#4572,#4600));
#4548 = ORIENTED_EDGE('',*,*,#644,.F.);
#4549 = ORIENTED_EDGE('',*,*,#4550,.T.);
#4550 = EDGE_CURVE('',#617,#4551,#4553,.T.);
#4551 = VERTEX_POINT('',#4552);
#4552 = CARTESIAN_POINT('',(2.215,1.3,0.4));
#4553 = SURFACE_CURVE('',#4554,(#4558,#4565),.PCURVE_S1.);
#4554 = LINE('',#4555,#4556);
#4555 = CARTESIAN_POINT('',(2.215,1.3,0.4));
#4556 = VECTOR('',#4557,1.);
#4557 = DIRECTION('',(1.,7.6501640146E-15,-0.));
#4558 = PCURVE('',#658,#4559);
#4559 = DEFINITIONAL_REPRESENTATION('',(#4560),#4564);
#4560 = LINE('',#4561,#4562);
#4561 = CARTESIAN_POINT('',(-2.215,-1.3));
#4562 = VECTOR('',#4563,1.);
#4563 = DIRECTION('',(-1.,-6.672013369142E-16));
#4564 = ( GEOMETRIC_REPRESENTATION_CONTEXT(2) 
PARAMETRIC_REPRESENTATION_CONTEXT() REPRESENTATION_CONTEXT('2D SPACE',''
  ) );
#4565 = PCURVE('',#632,#4566);
#4566 = DEFINITIONAL_REPRESENTATION('',(#4567),#4571);
#4567 = LINE('',#4568,#4569);
#4568 = CARTESIAN_POINT('',(0.,0.));
#4569 = VECTOR('',#4570,1.);
#4570 = DIRECTION('',(-1.,0.));
#4571 = ( GEOMETRIC_REPRESENTATION_CONTEXT(2) 
PARAMETRIC_REPRESENTATION_CONTEXT() REPRESENTATION_CONTEXT('2D SPACE',''
  ) );
#4572 = ORIENTED_EDGE('',*,*,#4573,.T.);
#4573 = EDGE_CURVE('',#4551,#4574,#4576,.T.);
#4574 = VERTEX_POINT('',#4575);
#4575 = CARTESIAN_POINT('',(2.215,1.7,0.4));
#4576 = SURFACE_CURVE('',#4577,(#4581,#4588),.PCURVE_S1.);
#4577 = LINE('',#4578,#4579);
#4578 = CARTESIAN_POINT('',(2.215,1.3,0.4));
#4579 = VECTOR('',#4580,1.);
#4580 = DIRECTION('',(-6.982962677686E-15,1.,0.));
#4581 = PCURVE('',#658,#4582);
#4582 = DEFINITIONAL_REPRESENTATION('',(#4583),#4587);
#4583 = LINE('',#4584,#4585);
#4584 = CARTESIAN_POINT('',(-2.215,-1.3));
#4585 = VECTOR('',#4586,1.);
#4586 = DIRECTION('',(0.,-1.));
#4587 = ( GEOMETRIC_REPRESENTATION_CONTEXT(2) 
PARAMETRIC_REPRESENTATION_CONTEXT() REPRESENTATION_CONTEXT('2D SPACE',''
  ) );
#4588 = PCURVE('',#4589,#4594);
#4589 = PLANE('',#4590);
#4590 = AXIS2_PLACEMENT_3D('',#4591,#4592,#4593);
#4591 = CARTESIAN_POINT('',(2.215,1.3,0.4));
#4592 = DIRECTION('',(-1.,-6.982962677686E-15,-0.));
#4593 = DIRECTION('',(0.,0.,-1.));
#4594 = DEFINITIONAL_REPRESENTATION('',(#4595),#4599);
#4595 = LINE('',#4596,#4597);
#4596 = CARTESIAN_POINT('',(0.,0.));
#4597 = VECTOR('',#4598,1.);
#4598 = DIRECTION('',(0.,-1.));
#4599 = ( GEOMETRIC_REPRESENTATION_CONTEXT(2) 
PARAMETRIC_REPRESENTATION_CONTEXT() REPRESENTATION_CONTEXT('2D SPACE',''
  ) );
#4600 = ORIENTED_EDGE('',*,*,#4601,.T.);
#4601 = EDGE_CURVE('',#4574,#220,#4602,.T.);
#4602 = SURFACE_CURVE('',#4603,(#4607,#4614),.PCURVE_S1.);
#4603 = LINE('',#4604,#4605);
#4604 = CARTESIAN_POINT('',(2.215,1.7,0.4));
#4605 = VECTOR('',#4606,1.);
#4606 = DIRECTION('',(-1.,-6.982962677686E-15,0.));
#4607 = PCURVE('',#658,#4608);
#4608 = DEFINITIONAL_REPRESENTATION('',(#4609),#4613);
#4609 = LINE('',#4610,#4611);
#4610 = CARTESIAN_POINT('',(-2.215,-1.7));
#4611 = VECTOR('',#4612,1.);
#4612 = DIRECTION('',(1.,0.));
#4613 = ( GEOMETRIC_REPRESENTATION_CONTEXT(2) 
PARAMETRIC_REPRESENTATION_CONTEXT() REPRESENTATION_CONTEXT('2D SPACE',''
  ) );
#4614 = PCURVE('',#240,#4615);
#4615 = DEFINITIONAL_REPRESENTATION('',(#4616),#4620);
#4616 = LINE('',#4617,#4618);
#4617 = CARTESIAN_POINT('',(0.,0.));
#4618 = VECTOR('',#4619,1.);
#4619 = DIRECTION('',(0.,1.));
#4620 = ( GEOMETRIC_REPRESENTATION_CONTEXT(2) 
PARAMETRIC_REPRESENTATION_CONTEXT() REPRESENTATION_CONTEXT('2D SPACE',''
  ) );
#4621 = ADVANCED_FACE('',(#4622),#719,.F.);
#4622 = FACE_BOUND('',#4623,.T.);
#4623 = EDGE_LOOP('',(#4624,#4647,#4648,#4671));
#4624 = ORIENTED_EDGE('',*,*,#4625,.F.);
#4625 = EDGE_CURVE('',#704,#4626,#4628,.T.);
#4626 = VERTEX_POINT('',#4627);
#4627 = CARTESIAN_POINT('',(0.915,1.3,0.));
#4628 = SURFACE_CURVE('',#4629,(#4633,#4640),.PCURVE_S1.);
#4629 = LINE('',#4630,#4631);
#4630 = CARTESIAN_POINT('',(0.915,1.3,0.4));
#4631 = VECTOR('',#4632,1.);
#4632 = DIRECTION('',(0.,0.,-1.));
#4633 = PCURVE('',#719,#4634);
#4634 = DEFINITIONAL_REPRESENTATION('',(#4635),#4639);
#4635 = LINE('',#4636,#4637);
#4636 = CARTESIAN_POINT('',(0.,0.));
#4637 = VECTOR('',#4638,1.);
#4638 = DIRECTION('',(0.,-1.));
#4639 = ( GEOMETRIC_REPRESENTATION_CONTEXT(2) 
PARAMETRIC_REPRESENTATION_CONTEXT() REPRESENTATION_CONTEXT('2D SPACE',''
  ) );
#4640 = PCURVE('',#632,#4641);
#4641 = DEFINITIONAL_REPRESENTATION('',(#4642),#4646);
#4642 = LINE('',#4643,#4644);
#4643 = CARTESIAN_POINT('',(1.3,0.));
#4644 = VECTOR('',#4645,1.);
#4645 = DIRECTION('',(-0.,-1.));
#4646 = ( GEOMETRIC_REPRESENTATION_CONTEXT(2) 
PARAMETRIC_REPRESENTATION_CONTEXT() REPRESENTATION_CONTEXT('2D SPACE',''
  ) );
#4647 = ORIENTED_EDGE('',*,*,#703,.T.);
#4648 = ORIENTED_EDGE('',*,*,#4649,.T.);
#4649 = EDGE_CURVE('',#674,#4650,#4652,.T.);
#4650 = VERTEX_POINT('',#4651);
#4651 = CARTESIAN_POINT('',(0.915,1.7,0.));
#4652 = SURFACE_CURVE('',#4653,(#4657,#4664),.PCURVE_S1.);
#4653 = LINE('',#4654,#4655);
#4654 = CARTESIAN_POINT('',(0.915,1.7,0.4));
#4655 = VECTOR('',#4656,1.);
#4656 = DIRECTION('',(0.,0.,-1.));
#4657 = PCURVE('',#719,#4658);
#4658 = DEFINITIONAL_REPRESENTATION('',(#4659),#4663);
#4659 = LINE('',#4660,#4661);
#4660 = CARTESIAN_POINT('',(0.4,0.));
#4661 = VECTOR('',#4662,1.);
#4662 = DIRECTION('',(0.,-1.));
#4663 = ( GEOMETRIC_REPRESENTATION_CONTEXT(2) 
PARAMETRIC_REPRESENTATION_CONTEXT() REPRESENTATION_CONTEXT('2D SPACE',''
  ) );
#4664 = PCURVE('',#240,#4665);
#4665 = DEFINITIONAL_REPRESENTATION('',(#4666),#4670);
#4666 = LINE('',#4667,#4668);
#4667 = CARTESIAN_POINT('',(0.,1.3));
#4668 = VECTOR('',#4669,1.);
#4669 = DIRECTION('',(-1.,-0.));
#4670 = ( GEOMETRIC_REPRESENTATION_CONTEXT(2) 
PARAMETRIC_REPRESENTATION_CONTEXT() REPRESENTATION_CONTEXT('2D SPACE',''
  ) );
#4671 = ORIENTED_EDGE('',*,*,#4672,.T.);
#4672 = EDGE_CURVE('',#4650,#4626,#4673,.T.);
#4673 = SURFACE_CURVE('',#4674,(#4678,#4685),.PCURVE_S1.);
#4674 = LINE('',#4675,#4676);
#4675 = CARTESIAN_POINT('',(0.915,1.3,0.));
#4676 = VECTOR('',#4677,1.);
#4677 = DIRECTION('',(7.254013220808E-15,-1.,0.));
#4678 = PCURVE('',#719,#4679);
#4679 = DEFINITIONAL_REPRESENTATION('',(#4680),#4684);
#4680 = LINE('',#4681,#4682);
#4681 = CARTESIAN_POINT('',(0.,-0.4));
#4682 = VECTOR('',#4683,1.);
#4683 = DIRECTION('',(-1.,0.));
#4684 = ( GEOMETRIC_REPRESENTATION_CONTEXT(2) 
PARAMETRIC_REPRESENTATION_CONTEXT() REPRESENTATION_CONTEXT('2D SPACE',''
  ) );
#4685 = PCURVE('',#4686,#4691);
#4686 = PLANE('',#4687);
#4687 = AXIS2_PLACEMENT_3D('',#4688,#4689,#4690);
#4688 = CARTESIAN_POINT('',(0.,0.,0.));
#4689 = DIRECTION('',(0.,0.,1.));
#4690 = DIRECTION('',(-1.,-6.982962677686E-15,0.));
#4691 = DEFINITIONAL_REPRESENTATION('',(#4692),#4696);
#4692 = LINE('',#4693,#4694);
#4693 = CARTESIAN_POINT('',(-0.915,-1.3));
#4694 = VECTOR('',#4695,1.);
#4695 = DIRECTION('',(-2.710505431214E-16,1.));
#4696 = ( GEOMETRIC_REPRESENTATION_CONTEXT(2) 
PARAMETRIC_REPRESENTATION_CONTEXT() REPRESENTATION_CONTEXT('2D SPACE',''
  ) );
#4697 = ADVANCED_FACE('',(#4698),#240,.F.);
#4698 = FACE_BOUND('',#4699,.T.);
#4699 = EDGE_LOOP('',(#4700,#4701,#4702,#4703,#4726,#4747,#4748));
#4700 = ORIENTED_EDGE('',*,*,#937,.F.);
#4701 = ORIENTED_EDGE('',*,*,#217,.T.);
#4702 = ORIENTED_EDGE('',*,*,#4601,.F.);
#4703 = ORIENTED_EDGE('',*,*,#4704,.T.);
#4704 = EDGE_CURVE('',#4574,#4705,#4707,.T.);
#4705 = VERTEX_POINT('',#4706);
#4706 = CARTESIAN_POINT('',(2.215,1.7,0.));
#4707 = SURFACE_CURVE('',#4708,(#4712,#4719),.PCURVE_S1.);
#4708 = LINE('',#4709,#4710);
#4709 = CARTESIAN_POINT('',(2.215,1.7,0.4));
#4710 = VECTOR('',#4711,1.);
#4711 = DIRECTION('',(0.,0.,-1.));
#4712 = PCURVE('',#240,#4713);
#4713 = DEFINITIONAL_REPRESENTATION('',(#4714),#4718);
#4714 = LINE('',#4715,#4716);
#4715 = CARTESIAN_POINT('',(0.,0.));
#4716 = VECTOR('',#4717,1.);
#4717 = DIRECTION('',(-1.,-0.));
#4718 = ( GEOMETRIC_REPRESENTATION_CONTEXT(2) 
PARAMETRIC_REPRESENTATION_CONTEXT() REPRESENTATION_CONTEXT('2D SPACE',''
  ) );
#4719 = PCURVE('',#4589,#4720);
#4720 = DEFINITIONAL_REPRESENTATION('',(#4721),#4725);
#4721 = LINE('',#4722,#4723);
#4722 = CARTESIAN_POINT('',(0.,-0.4));
#4723 = VECTOR('',#4724,1.);
#4724 = DIRECTION('',(1.,0.));
#4725 = ( GEOMETRIC_REPRESENTATION_CONTEXT(2) 
PARAMETRIC_REPRESENTATION_CONTEXT() REPRESENTATION_CONTEXT('2D SPACE',''
  ) );
#4726 = ORIENTED_EDGE('',*,*,#4727,.T.);
#4727 = EDGE_CURVE('',#4705,#4650,#4728,.T.);
#4728 = SURFACE_CURVE('',#4729,(#4733,#4740),.PCURVE_S1.);
#4729 = LINE('',#4730,#4731);
#4730 = CARTESIAN_POINT('',(2.215,1.7,0.));
#4731 = VECTOR('',#4732,1.);
#4732 = DIRECTION('',(-1.,-6.982962677686E-15,0.));
#4733 = PCURVE('',#240,#4734);
#4734 = DEFINITIONAL_REPRESENTATION('',(#4735),#4739);
#4735 = LINE('',#4736,#4737);
#4736 = CARTESIAN_POINT('',(-0.4,-0.));
#4737 = VECTOR('',#4738,1.);
#4738 = DIRECTION('',(0.,1.));
#4739 = ( GEOMETRIC_REPRESENTATION_CONTEXT(2) 
PARAMETRIC_REPRESENTATION_CONTEXT() REPRESENTATION_CONTEXT('2D SPACE',''
  ) );
#4740 = PCURVE('',#4686,#4741);
#4741 = DEFINITIONAL_REPRESENTATION('',(#4742),#4746);
#4742 = LINE('',#4743,#4744);
#4743 = CARTESIAN_POINT('',(-2.215,-1.7));
#4744 = VECTOR('',#4745,1.);
#4745 = DIRECTION('',(1.,0.));
#4746 = ( GEOMETRIC_REPRESENTATION_CONTEXT(2) 
PARAMETRIC_REPRESENTATION_CONTEXT() REPRESENTATION_CONTEXT('2D SPACE',''
  ) );
#4747 = ORIENTED_EDGE('',*,*,#4649,.F.);
#4748 = ORIENTED_EDGE('',*,*,#673,.T.);
#4749 = ADVANCED_FACE('',(#4750),#632,.F.);
#4750 = FACE_BOUND('',#4751,.T.);
#4751 = EDGE_LOOP('',(#4752,#4753,#4754,#4755,#4756,#4757,#4780));
#4752 = ORIENTED_EDGE('',*,*,#4550,.F.);
#4753 = ORIENTED_EDGE('',*,*,#616,.T.);
#4754 = ORIENTED_EDGE('',*,*,#995,.F.);
#4755 = ORIENTED_EDGE('',*,*,#731,.T.);
#4756 = ORIENTED_EDGE('',*,*,#4625,.T.);
#4757 = ORIENTED_EDGE('',*,*,#4758,.T.);
#4758 = EDGE_CURVE('',#4626,#4759,#4761,.T.);
#4759 = VERTEX_POINT('',#4760);
#4760 = CARTESIAN_POINT('',(2.215,1.3,0.));
#4761 = SURFACE_CURVE('',#4762,(#4766,#4773),.PCURVE_S1.);
#4762 = LINE('',#4763,#4764);
#4763 = CARTESIAN_POINT('',(2.215,1.3,0.));
#4764 = VECTOR('',#4765,1.);
#4765 = DIRECTION('',(1.,7.6501640146E-15,-0.));
#4766 = PCURVE('',#632,#4767);
#4767 = DEFINITIONAL_REPRESENTATION('',(#4768),#4772);
#4768 = LINE('',#4769,#4770);
#4769 = CARTESIAN_POINT('',(-0.,-0.4));
#4770 = VECTOR('',#4771,1.);
#4771 = DIRECTION('',(-1.,0.));
#4772 = ( GEOMETRIC_REPRESENTATION_CONTEXT(2) 
PARAMETRIC_REPRESENTATION_CONTEXT() REPRESENTATION_CONTEXT('2D SPACE',''
  ) );
#4773 = PCURVE('',#4686,#4774);
#4774 = DEFINITIONAL_REPRESENTATION('',(#4775),#4779);
#4775 = LINE('',#4776,#4777);
#4776 = CARTESIAN_POINT('',(-2.215,-1.3));
#4777 = VECTOR('',#4778,1.);
#4778 = DIRECTION('',(-1.,-6.672013369142E-16));
#4779 = ( GEOMETRIC_REPRESENTATION_CONTEXT(2) 
PARAMETRIC_REPRESENTATION_CONTEXT() REPRESENTATION_CONTEXT('2D SPACE',''
  ) );
#4780 = ORIENTED_EDGE('',*,*,#4781,.F.);
#4781 = EDGE_CURVE('',#4551,#4759,#4782,.T.);
#4782 = SURFACE_CURVE('',#4783,(#4787,#4794),.PCURVE_S1.);
#4783 = LINE('',#4784,#4785);
#4784 = CARTESIAN_POINT('',(2.215,1.3,0.4));
#4785 = VECTOR('',#4786,1.);
#4786 = DIRECTION('',(0.,0.,-1.));
#4787 = PCURVE('',#632,#4788);
#4788 = DEFINITIONAL_REPRESENTATION('',(#4789),#4793);
#4789 = LINE('',#4790,#4791);
#4790 = CARTESIAN_POINT('',(0.,0.));
#4791 = VECTOR('',#4792,1.);
#4792 = DIRECTION('',(-0.,-1.));
#4793 = ( GEOMETRIC_REPRESENTATION_CONTEXT(2) 
PARAMETRIC_REPRESENTATION_CONTEXT() REPRESENTATION_CONTEXT('2D SPACE',''
  ) );
#4794 = PCURVE('',#4589,#4795);
#4795 = DEFINITIONAL_REPRESENTATION('',(#4796),#4800);
#4796 = LINE('',#4797,#4798);
#4797 = CARTESIAN_POINT('',(0.,0.));
#4798 = VECTOR('',#4799,1.);
#4799 = DIRECTION('',(1.,0.));
#4800 = ( GEOMETRIC_REPRESENTATION_CONTEXT(2) 
PARAMETRIC_REPRESENTATION_CONTEXT() REPRESENTATION_CONTEXT('2D SPACE',''
  ) );
#4801 = ADVANCED_FACE('',(#4802),#4589,.F.);
#4802 = FACE_BOUND('',#4803,.T.);
#4803 = EDGE_LOOP('',(#4804,#4825,#4826,#4827));
#4804 = ORIENTED_EDGE('',*,*,#4805,.T.);
#4805 = EDGE_CURVE('',#4759,#4705,#4806,.T.);
#4806 = SURFACE_CURVE('',#4807,(#4811,#4818),.PCURVE_S1.);
#4807 = LINE('',#4808,#4809);
#4808 = CARTESIAN_POINT('',(2.215,1.3,0.));
#4809 = VECTOR('',#4810,1.);
#4810 = DIRECTION('',(-6.982962677686E-15,1.,0.));
#4811 = PCURVE('',#4589,#4812);
#4812 = DEFINITIONAL_REPRESENTATION('',(#4813),#4817);
#4813 = LINE('',#4814,#4815);
#4814 = CARTESIAN_POINT('',(0.4,0.));
#4815 = VECTOR('',#4816,1.);
#4816 = DIRECTION('',(0.,-1.));
#4817 = ( GEOMETRIC_REPRESENTATION_CONTEXT(2) 
PARAMETRIC_REPRESENTATION_CONTEXT() REPRESENTATION_CONTEXT('2D SPACE',''
  ) );
#4818 = PCURVE('',#4686,#4819);
#4819 = DEFINITIONAL_REPRESENTATION('',(#4820),#4824);
#4820 = LINE('',#4821,#4822);
#4821 = CARTESIAN_POINT('',(-2.215,-1.3));
#4822 = VECTOR('',#4823,1.);
#4823 = DIRECTION('',(0.,-1.));
#4824 = ( GEOMETRIC_REPRESENTATION_CONTEXT(2) 
PARAMETRIC_REPRESENTATION_CONTEXT() REPRESENTATION_CONTEXT('2D SPACE',''
  ) );
#4825 = ORIENTED_EDGE('',*,*,#4704,.F.);
#4826 = ORIENTED_EDGE('',*,*,#4573,.F.);
#4827 = ORIENTED_EDGE('',*,*,#4781,.T.);
#4828 = ADVANCED_FACE('',(#4829),#4686,.F.);
#4829 = FACE_BOUND('',#4830,.T.);
#4830 = EDGE_LOOP('',(#4831,#4832,#4833,#4834));
#4831 = ORIENTED_EDGE('',*,*,#4805,.F.);
#4832 = ORIENTED_EDGE('',*,*,#4758,.F.);
#4833 = ORIENTED_EDGE('',*,*,#4672,.F.);
#4834 = ORIENTED_EDGE('',*,*,#4727,.F.);
#4835 = ADVANCED_FACE('',(#4836),#4201,.F.);
#4836 = FACE_BOUND('',#4837,.T.);
#4837 = EDGE_LOOP('',(#4838,#4839,#4840,#4841));
#4838 = ORIENTED_EDGE('',*,*,#4185,.F.);
#4839 = ORIENTED_EDGE('',*,*,#4317,.F.);
#4840 = ORIENTED_EDGE('',*,*,#4497,.F.);
#4841 = ORIENTED_EDGE('',*,*,#4426,.F.);
#4842 = ADVANCED_FACE('',(#4843),#4257,.F.);
#4843 = FACE_BOUND('',#4844,.T.);
#4844 = EDGE_LOOP('',(#4845,#4846,#4847,#4848));
#4845 = ORIENTED_EDGE('',*,*,#4241,.F.);
#4846 = ORIENTED_EDGE('',*,*,#4472,.F.);
#4847 = ORIENTED_EDGE('',*,*,#4525,.F.);
#4848 = ORIENTED_EDGE('',*,*,#4347,.F.);
#4849 = ( GEOMETRIC_REPRESENTATION_CONTEXT(3) 
GLOBAL_UNCERTAINTY_ASSIGNED_CONTEXT((#4853)) 
GLOBAL_UNIT_ASSIGNED_CONTEXT((#4850,#4851,#4852)) REPRESENTATION_CONTEXT
('Context #1','3D Context with UNIT and UNCERTAINTY') );
#4850 = ( LENGTH_UNIT() NAMED_UNIT(*) SI_UNIT(.MILLI.,.METRE.) );
#4851 = ( NAMED_UNIT(*) PLANE_ANGLE_UNIT() SI_UNIT($,.RADIAN.) );
#4852 = ( NAMED_UNIT(*) SI_UNIT($,.STERADIAN.) SOLID_ANGLE_UNIT() );
#4853 = UNCERTAINTY_MEASURE_WITH_UNIT(LENGTH_MEASURE(1.E-06),#4850,
  'distance_accuracy_value','confusion accuracy');
#4854 = CONTEXT_DEPENDENT_SHAPE_REPRESENTATION(#4855,#4857);
#4855 = ( REPRESENTATION_RELATIONSHIP('','',#32,#10) 
REPRESENTATION_RELATIONSHIP_WITH_TRANSFORMATION(#4856) 
SHAPE_REPRESENTATION_RELATIONSHIP() );
#4856 = ITEM_DEFINED_TRANSFORMATION('','',#11,#15);
#4857 = PRODUCT_DEFINITION_SHAPE('Placement','Placement of an item',
  #4858);
#4858 = NEXT_ASSEMBLY_USAGE_OCCURRENCE('1','=>[0:1:1:1]','',#5,#27,$);
#4859 = PRODUCT_RELATED_PRODUCT_CATEGORY('part',$,(#29));
#4860 = MECHANICAL_DESIGN_GEOMETRIC_PRESENTATION_REPRESENTATION('',(
    #4861,#4869,#4877,#4884,#4891,#4898,#4905,#4912,#4919,#4926,#4933,
    #4940,#4947,#4954,#4961,#4968,#4975,#4982,#4989,#4996,#5003,#5010,
    #5017,#5024,#5031,#5038,#5045,#5052,#5059,#5066,#5073,#5080,#5087,
    #5094,#5101,#5108,#5115,#5122,#5129,#5136,#5143,#5151,#5158,#5165,
    #5172,#5179,#5186,#5193,#5200,#5207,#5214,#5221,#5228,#5235,#5242,
    #5249,#5256,#5263,#5270,#5277,#5284,#5291,#5298,#5305,#5312),#4849);
#4861 = STYLED_ITEM('color',(#4862),#33);
#4862 = PRESENTATION_STYLE_ASSIGNMENT((#4863));
#4863 = SURFACE_STYLE_USAGE(.BOTH.,#4864);
#4864 = SURFACE_SIDE_STYLE('',(#4865));
#4865 = SURFACE_STYLE_FILL_AREA(#4866);
#4866 = FILL_AREA_STYLE('',(#4867));
#4867 = FILL_AREA_STYLE_COLOUR('',#4868);
#4868 = DRAUGHTING_PRE_DEFINED_COLOUR('white');
#4869 = OVER_RIDING_STYLED_ITEM('overriding color',(#4870),#35,#4861);
#4870 = PRESENTATION_STYLE_ASSIGNMENT((#4871));
#4871 = SURFACE_STYLE_USAGE(.BOTH.,#4872);
#4872 = SURFACE_SIDE_STYLE('',(#4873));
#4873 = SURFACE_STYLE_FILL_AREA(#4874);
#4874 = FILL_AREA_STYLE('',(#4875));
#4875 = FILL_AREA_STYLE_COLOUR('',#4876);
#4876 = COLOUR_RGB('',0.250980388104,0.250980388104,0.250980388104);
#4877 = OVER_RIDING_STYLED_ITEM('overriding color',(#4878),#213,#4861);
#4878 = PRESENTATION_STYLE_ASSIGNMENT((#4879));
#4879 = SURFACE_STYLE_USAGE(.BOTH.,#4880);
#4880 = SURFACE_SIDE_STYLE('',(#4881));
#4881 = SURFACE_STYLE_FILL_AREA(#4882);
#4882 = FILL_AREA_STYLE('',(#4883));
#4883 = FILL_AREA_STYLE_COLOUR('',#4876);
#4884 = OVER_RIDING_STYLED_ITEM('overriding color',(#4885),#669,#4861);
#4885 = PRESENTATION_STYLE_ASSIGNMENT((#4886));
#4886 = SURFACE_STYLE_USAGE(.BOTH.,#4887);
#4887 = SURFACE_SIDE_STYLE('',(#4888));
#4888 = SURFACE_STYLE_FILL_AREA(#4889);
#4889 = FILL_AREA_STYLE('',(#4890));
#4890 = FILL_AREA_STYLE_COLOUR('',#4876);
#4891 = OVER_RIDING_STYLED_ITEM('overriding color',(#4892),#932,#4861);
#4892 = PRESENTATION_STYLE_ASSIGNMENT((#4893));
#4893 = SURFACE_STYLE_USAGE(.BOTH.,#4894);
#4894 = SURFACE_SIDE_STYLE('',(#4895));
#4895 = SURFACE_STYLE_FILL_AREA(#4896);
#4896 = FILL_AREA_STYLE('',(#4897));
#4897 = FILL_AREA_STYLE_COLOUR('',#4876);
#4898 = OVER_RIDING_STYLED_ITEM('overriding color',(#4899),#990,#4861);
#4899 = PRESENTATION_STYLE_ASSIGNMENT((#4900));
#4900 = SURFACE_STYLE_USAGE(.BOTH.,#4901);
#4901 = SURFACE_SIDE_STYLE('',(#4902));
#4902 = SURFACE_STYLE_FILL_AREA(#4903);
#4903 = FILL_AREA_STYLE('',(#4904));
#4904 = FILL_AREA_STYLE_COLOUR('',#4876);
#4905 = OVER_RIDING_STYLED_ITEM('overriding color',(#4906),#1047,#4861);
#4906 = PRESENTATION_STYLE_ASSIGNMENT((#4907));
#4907 = SURFACE_STYLE_USAGE(.BOTH.,#4908);
#4908 = SURFACE_SIDE_STYLE('',(#4909));
#4909 = SURFACE_STYLE_FILL_AREA(#4910);
#4910 = FILL_AREA_STYLE('',(#4911));
#4911 = FILL_AREA_STYLE_COLOUR('',#4876);
#4912 = OVER_RIDING_STYLED_ITEM('overriding color',(#4913),#1310,#4861);
#4913 = PRESENTATION_STYLE_ASSIGNMENT((#4914));
#4914 = SURFACE_STYLE_USAGE(.BOTH.,#4915);
#4915 = SURFACE_SIDE_STYLE('',(#4916));
#4916 = SURFACE_STYLE_FILL_AREA(#4917);
#4917 = FILL_AREA_STYLE('',(#4918));
#4918 = FILL_AREA_STYLE_COLOUR('',#4876);
#4919 = OVER_RIDING_STYLED_ITEM('overriding color',(#4920),#1367,#4861);
#4920 = PRESENTATION_STYLE_ASSIGNMENT((#4921));
#4921 = SURFACE_STYLE_USAGE(.BOTH.,#4922);
#4922 = SURFACE_SIDE_STYLE('',(#4923));
#4923 = SURFACE_STYLE_FILL_AREA(#4924);
#4924 = FILL_AREA_STYLE('',(#4925));
#4925 = FILL_AREA_STYLE_COLOUR('',#4876);
#4926 = OVER_RIDING_STYLED_ITEM('overriding color',(#4927),#1535,#4861);
#4927 = PRESENTATION_STYLE_ASSIGNMENT((#4928));
#4928 = SURFACE_STYLE_USAGE(.BOTH.,#4929);
#4929 = SURFACE_SIDE_STYLE('',(#4930));
#4930 = SURFACE_STYLE_FILL_AREA(#4931);
#4931 = FILL_AREA_STYLE('',(#4932));
#4932 = FILL_AREA_STYLE_COLOUR('',#4876);
#4933 = OVER_RIDING_STYLED_ITEM('overriding color',(#4934),#1593,#4861);
#4934 = PRESENTATION_STYLE_ASSIGNMENT((#4935));
#4935 = SURFACE_STYLE_USAGE(.BOTH.,#4936);
#4936 = SURFACE_SIDE_STYLE('',(#4937));
#4937 = SURFACE_STYLE_FILL_AREA(#4938);
#4938 = FILL_AREA_STYLE('',(#4939));
#4939 = FILL_AREA_STYLE_COLOUR('',#4876);
#4940 = OVER_RIDING_STYLED_ITEM('overriding color',(#4941),#1673,#4861);
#4941 = PRESENTATION_STYLE_ASSIGNMENT((#4942));
#4942 = SURFACE_STYLE_USAGE(.BOTH.,#4943);
#4943 = SURFACE_SIDE_STYLE('',(#4944));
#4944 = SURFACE_STYLE_FILL_AREA(#4945);
#4945 = FILL_AREA_STYLE('',(#4946));
#4946 = FILL_AREA_STYLE_COLOUR('',#4876);
#4947 = OVER_RIDING_STYLED_ITEM('overriding color',(#4948),#1731,#4861);
#4948 = PRESENTATION_STYLE_ASSIGNMENT((#4949));
#4949 = SURFACE_STYLE_USAGE(.BOTH.,#4950);
#4950 = SURFACE_SIDE_STYLE('',(#4951));
#4951 = SURFACE_STYLE_FILL_AREA(#4952);
#4952 = FILL_AREA_STYLE('',(#4953));
#4953 = FILL_AREA_STYLE_COLOUR('',#4876);
#4954 = OVER_RIDING_STYLED_ITEM('overriding color',(#4955),#1836,#4861);
#4955 = PRESENTATION_STYLE_ASSIGNMENT((#4956));
#4956 = SURFACE_STYLE_USAGE(.BOTH.,#4957);
#4957 = SURFACE_SIDE_STYLE('',(#4958));
#4958 = SURFACE_STYLE_FILL_AREA(#4959);
#4959 = FILL_AREA_STYLE('',(#4960));
#4960 = FILL_AREA_STYLE_COLOUR('',#4876);
#4961 = OVER_RIDING_STYLED_ITEM('overriding color',(#4962),#1941,#4861);
#4962 = PRESENTATION_STYLE_ASSIGNMENT((#4963));
#4963 = SURFACE_STYLE_USAGE(.BOTH.,#4964);
#4964 = SURFACE_SIDE_STYLE('',(#4965));
#4965 = SURFACE_STYLE_FILL_AREA(#4966);
#4966 = FILL_AREA_STYLE('',(#4967));
#4967 = FILL_AREA_STYLE_COLOUR('',#4876);
#4968 = OVER_RIDING_STYLED_ITEM('overriding color',(#4969),#2056,#4861);
#4969 = PRESENTATION_STYLE_ASSIGNMENT((#4970));
#4970 = SURFACE_STYLE_USAGE(.BOTH.,#4971);
#4971 = SURFACE_SIDE_STYLE('',(#4972));
#4972 = SURFACE_STYLE_FILL_AREA(#4973);
#4973 = FILL_AREA_STYLE('',(#4974));
#4974 = FILL_AREA_STYLE_COLOUR('',#4876);
#4975 = OVER_RIDING_STYLED_ITEM('overriding color',(#4976),#2180,#4861);
#4976 = PRESENTATION_STYLE_ASSIGNMENT((#4977));
#4977 = SURFACE_STYLE_USAGE(.BOTH.,#4978);
#4978 = SURFACE_SIDE_STYLE('',(#4979));
#4979 = SURFACE_STYLE_FILL_AREA(#4980);
#4980 = FILL_AREA_STYLE('',(#4981));
#4981 = FILL_AREA_STYLE_COLOUR('',#4876);
#4982 = OVER_RIDING_STYLED_ITEM('overriding color',(#4983),#2304,#4861);
#4983 = PRESENTATION_STYLE_ASSIGNMENT((#4984));
#4984 = SURFACE_STYLE_USAGE(.BOTH.,#4985);
#4985 = SURFACE_SIDE_STYLE('',(#4986));
#4986 = SURFACE_STYLE_FILL_AREA(#4987);
#4987 = FILL_AREA_STYLE('',(#4988));
#4988 = FILL_AREA_STYLE_COLOUR('',#4876);
#4989 = OVER_RIDING_STYLED_ITEM('overriding color',(#4990),#2423,#4861);
#4990 = PRESENTATION_STYLE_ASSIGNMENT((#4991));
#4991 = SURFACE_STYLE_USAGE(.BOTH.,#4992);
#4992 = SURFACE_SIDE_STYLE('',(#4993));
#4993 = SURFACE_STYLE_FILL_AREA(#4994);
#4994 = FILL_AREA_STYLE('',(#4995));
#4995 = FILL_AREA_STYLE_COLOUR('',#4876);
#4996 = OVER_RIDING_STYLED_ITEM('overriding color',(#4997),#2482,#4861);
#4997 = PRESENTATION_STYLE_ASSIGNMENT((#4998));
#4998 = SURFACE_STYLE_USAGE(.BOTH.,#4999);
#4999 = SURFACE_SIDE_STYLE('',(#5000));
#5000 = SURFACE_STYLE_FILL_AREA(#5001);
#5001 = FILL_AREA_STYLE('',(#5002));
#5002 = FILL_AREA_STYLE_COLOUR('',#4876);
#5003 = OVER_RIDING_STYLED_ITEM('overriding color',(#5004),#2552,#4861);
#5004 = PRESENTATION_STYLE_ASSIGNMENT((#5005));
#5005 = SURFACE_STYLE_USAGE(.BOTH.,#5006);
#5006 = SURFACE_SIDE_STYLE('',(#5007));
#5007 = SURFACE_STYLE_FILL_AREA(#5008);
#5008 = FILL_AREA_STYLE('',(#5009));
#5009 = FILL_AREA_STYLE_COLOUR('',#4876);
#5010 = OVER_RIDING_STYLED_ITEM('overriding color',(#5011),#2622,#4861);
#5011 = PRESENTATION_STYLE_ASSIGNMENT((#5012));
#5012 = SURFACE_STYLE_USAGE(.BOTH.,#5013);
#5013 = SURFACE_SIDE_STYLE('',(#5014));
#5014 = SURFACE_STYLE_FILL_AREA(#5015);
#5015 = FILL_AREA_STYLE('',(#5016));
#5016 = FILL_AREA_STYLE_COLOUR('',#4876);
#5017 = OVER_RIDING_STYLED_ITEM('overriding color',(#5018),#2694,#4861);
#5018 = PRESENTATION_STYLE_ASSIGNMENT((#5019));
#5019 = SURFACE_STYLE_USAGE(.BOTH.,#5020);
#5020 = SURFACE_SIDE_STYLE('',(#5021));
#5021 = SURFACE_STYLE_FILL_AREA(#5022);
#5022 = FILL_AREA_STYLE('',(#5023));
#5023 = FILL_AREA_STYLE_COLOUR('',#4876);
#5024 = OVER_RIDING_STYLED_ITEM('overriding color',(#5025),#2727,#4861);
#5025 = PRESENTATION_STYLE_ASSIGNMENT((#5026));
#5026 = SURFACE_STYLE_USAGE(.BOTH.,#5027);
#5027 = SURFACE_SIDE_STYLE('',(#5028));
#5028 = SURFACE_STYLE_FILL_AREA(#5029);
#5029 = FILL_AREA_STYLE('',(#5030));
#5030 = FILL_AREA_STYLE_COLOUR('',#4876);
#5031 = OVER_RIDING_STYLED_ITEM('overriding color',(#5032),#2781,#4861);
#5032 = PRESENTATION_STYLE_ASSIGNMENT((#5033));
#5033 = SURFACE_STYLE_USAGE(.BOTH.,#5034);
#5034 = SURFACE_SIDE_STYLE('',(#5035));
#5035 = SURFACE_STYLE_FILL_AREA(#5036);
#5036 = FILL_AREA_STYLE('',(#5037));
#5037 = FILL_AREA_STYLE_COLOUR('',#4876);
#5038 = OVER_RIDING_STYLED_ITEM('overriding color',(#5039),#2809,#4861);
#5039 = PRESENTATION_STYLE_ASSIGNMENT((#5040));
#5040 = SURFACE_STYLE_USAGE(.BOTH.,#5041);
#5041 = SURFACE_SIDE_STYLE('',(#5042));
#5042 = SURFACE_STYLE_FILL_AREA(#5043);
#5043 = FILL_AREA_STYLE('',(#5044));
#5044 = FILL_AREA_STYLE_COLOUR('',#4876);
#5045 = OVER_RIDING_STYLED_ITEM('overriding color',(#5046),#2881,#4861);
#5046 = PRESENTATION_STYLE_ASSIGNMENT((#5047));
#5047 = SURFACE_STYLE_USAGE(.BOTH.,#5048);
#5048 = SURFACE_SIDE_STYLE('',(#5049));
#5049 = SURFACE_STYLE_FILL_AREA(#5050);
#5050 = FILL_AREA_STYLE('',(#5051));
#5051 = FILL_AREA_STYLE_COLOUR('',#4876);
#5052 = OVER_RIDING_STYLED_ITEM('overriding color',(#5053),#2933,#4861);
#5053 = PRESENTATION_STYLE_ASSIGNMENT((#5054));
#5054 = SURFACE_STYLE_USAGE(.BOTH.,#5055);
#5055 = SURFACE_SIDE_STYLE('',(#5056));
#5056 = SURFACE_STYLE_FILL_AREA(#5057);
#5057 = FILL_AREA_STYLE('',(#5058));
#5058 = FILL_AREA_STYLE_COLOUR('',#4876);
#5059 = OVER_RIDING_STYLED_ITEM('overriding color',(#5060),#2982,#4861);
#5060 = PRESENTATION_STYLE_ASSIGNMENT((#5061));
#5061 = SURFACE_STYLE_USAGE(.BOTH.,#5062);
#5062 = SURFACE_SIDE_STYLE('',(#5063));
#5063 = SURFACE_STYLE_FILL_AREA(#5064);
#5064 = FILL_AREA_STYLE('',(#5065));
#5065 = FILL_AREA_STYLE_COLOUR('',#4876);
#5066 = OVER_RIDING_STYLED_ITEM('overriding color',(#5067),#3031,#4861);
#5067 = PRESENTATION_STYLE_ASSIGNMENT((#5068));
#5068 = SURFACE_STYLE_USAGE(.BOTH.,#5069);
#5069 = SURFACE_SIDE_STYLE('',(#5070));
#5070 = SURFACE_STYLE_FILL_AREA(#5071);
#5071 = FILL_AREA_STYLE('',(#5072));
#5072 = FILL_AREA_STYLE_COLOUR('',#4876);
#5073 = OVER_RIDING_STYLED_ITEM('overriding color',(#5074),#3083,#4861);
#5074 = PRESENTATION_STYLE_ASSIGNMENT((#5075));
#5075 = SURFACE_STYLE_USAGE(.BOTH.,#5076);
#5076 = SURFACE_SIDE_STYLE('',(#5077));
#5077 = SURFACE_STYLE_FILL_AREA(#5078);
#5078 = FILL_AREA_STYLE('',(#5079));
#5079 = FILL_AREA_STYLE_COLOUR('',#4876);
#5080 = OVER_RIDING_STYLED_ITEM('overriding color',(#5081),#3176,#4861);
#5081 = PRESENTATION_STYLE_ASSIGNMENT((#5082));
#5082 = SURFACE_STYLE_USAGE(.BOTH.,#5083);
#5083 = SURFACE_SIDE_STYLE('',(#5084));
#5084 = SURFACE_STYLE_FILL_AREA(#5085);
#5085 = FILL_AREA_STYLE('',(#5086));
#5086 = FILL_AREA_STYLE_COLOUR('',#4876);
#5087 = OVER_RIDING_STYLED_ITEM('overriding color',(#5088),#3182,#4861);
#5088 = PRESENTATION_STYLE_ASSIGNMENT((#5089));
#5089 = SURFACE_STYLE_USAGE(.BOTH.,#5090);
#5090 = SURFACE_SIDE_STYLE('',(#5091));
#5091 = SURFACE_STYLE_FILL_AREA(#5092);
#5092 = FILL_AREA_STYLE('',(#5093));
#5093 = FILL_AREA_STYLE_COLOUR('',#4876);
#5094 = OVER_RIDING_STYLED_ITEM('overriding color',(#5095),#3254,#4861);
#5095 = PRESENTATION_STYLE_ASSIGNMENT((#5096));
#5096 = SURFACE_STYLE_USAGE(.BOTH.,#5097);
#5097 = SURFACE_SIDE_STYLE('',(#5098));
#5098 = SURFACE_STYLE_FILL_AREA(#5099);
#5099 = FILL_AREA_STYLE('',(#5100));
#5100 = FILL_AREA_STYLE_COLOUR('',#4876);
#5101 = OVER_RIDING_STYLED_ITEM('overriding color',(#5102),#3326,#4861);
#5102 = PRESENTATION_STYLE_ASSIGNMENT((#5103));
#5103 = SURFACE_STYLE_USAGE(.BOTH.,#5104);
#5104 = SURFACE_SIDE_STYLE('',(#5105));
#5105 = SURFACE_STYLE_FILL_AREA(#5106);
#5106 = FILL_AREA_STYLE('',(#5107));
#5107 = FILL_AREA_STYLE_COLOUR('',#4876);
#5108 = OVER_RIDING_STYLED_ITEM('overriding color',(#5109),#3332,#4861);
#5109 = PRESENTATION_STYLE_ASSIGNMENT((#5110));
#5110 = SURFACE_STYLE_USAGE(.BOTH.,#5111);
#5111 = SURFACE_SIDE_STYLE('',(#5112));
#5112 = SURFACE_STYLE_FILL_AREA(#5113);
#5113 = FILL_AREA_STYLE('',(#5114));
#5114 = FILL_AREA_STYLE_COLOUR('',#4876);
#5115 = OVER_RIDING_STYLED_ITEM('overriding color',(#5116),#3384,#4861);
#5116 = PRESENTATION_STYLE_ASSIGNMENT((#5117));
#5117 = SURFACE_STYLE_USAGE(.BOTH.,#5118);
#5118 = SURFACE_SIDE_STYLE('',(#5119));
#5119 = SURFACE_STYLE_FILL_AREA(#5120);
#5120 = FILL_AREA_STYLE('',(#5121));
#5121 = FILL_AREA_STYLE_COLOUR('',#4876);
#5122 = OVER_RIDING_STYLED_ITEM('overriding color',(#5123),#3436,#4861);
#5123 = PRESENTATION_STYLE_ASSIGNMENT((#5124));
#5124 = SURFACE_STYLE_USAGE(.BOTH.,#5125);
#5125 = SURFACE_SIDE_STYLE('',(#5126));
#5126 = SURFACE_STYLE_FILL_AREA(#5127);
#5127 = FILL_AREA_STYLE('',(#5128));
#5128 = FILL_AREA_STYLE_COLOUR('',#4876);
#5129 = OVER_RIDING_STYLED_ITEM('overriding color',(#5130),#3485,#4861);
#5130 = PRESENTATION_STYLE_ASSIGNMENT((#5131));
#5131 = SURFACE_STYLE_USAGE(.BOTH.,#5132);
#5132 = SURFACE_SIDE_STYLE('',(#5133));
#5133 = SURFACE_STYLE_FILL_AREA(#5134);
#5134 = FILL_AREA_STYLE('',(#5135));
#5135 = FILL_AREA_STYLE_COLOUR('',#4876);
#5136 = OVER_RIDING_STYLED_ITEM('overriding color',(#5137),#3534,#4861);
#5137 = PRESENTATION_STYLE_ASSIGNMENT((#5138));
#5138 = SURFACE_STYLE_USAGE(.BOTH.,#5139);
#5139 = SURFACE_SIDE_STYLE('',(#5140));
#5140 = SURFACE_STYLE_FILL_AREA(#5141);
#5141 = FILL_AREA_STYLE('',(#5142));
#5142 = FILL_AREA_STYLE_COLOUR('',#4876);
#5143 = OVER_RIDING_STYLED_ITEM('overriding color',(#5144),#3541,#4861);
#5144 = PRESENTATION_STYLE_ASSIGNMENT((#5145));
#5145 = SURFACE_STYLE_USAGE(.BOTH.,#5146);
#5146 = SURFACE_SIDE_STYLE('',(#5147));
#5147 = SURFACE_STYLE_FILL_AREA(#5148);
#5148 = FILL_AREA_STYLE('',(#5149));
#5149 = FILL_AREA_STYLE_COLOUR('',#5150);
#5150 = COLOUR_RGB('',0.850980378684,0.850980378684,0.850980378684);
#5151 = OVER_RIDING_STYLED_ITEM('overriding color',(#5152),#3617,#4861);
#5152 = PRESENTATION_STYLE_ASSIGNMENT((#5153));
#5153 = SURFACE_STYLE_USAGE(.BOTH.,#5154);
#5154 = SURFACE_SIDE_STYLE('',(#5155));
#5155 = SURFACE_STYLE_FILL_AREA(#5156);
#5156 = FILL_AREA_STYLE('',(#5157));
#5157 = FILL_AREA_STYLE_COLOUR('',#5150);
#5158 = OVER_RIDING_STYLED_ITEM('overriding color',(#5159),#3693,#4861);
#5159 = PRESENTATION_STYLE_ASSIGNMENT((#5160));
#5160 = SURFACE_STYLE_USAGE(.BOTH.,#5161);
#5161 = SURFACE_SIDE_STYLE('',(#5162));
#5162 = SURFACE_STYLE_FILL_AREA(#5163);
#5163 = FILL_AREA_STYLE('',(#5164));
#5164 = FILL_AREA_STYLE_COLOUR('',#5150);
#5165 = OVER_RIDING_STYLED_ITEM('overriding color',(#5166),#3745,#4861);
#5166 = PRESENTATION_STYLE_ASSIGNMENT((#5167));
#5167 = SURFACE_STYLE_USAGE(.BOTH.,#5168);
#5168 = SURFACE_SIDE_STYLE('',(#5169));
#5169 = SURFACE_STYLE_FILL_AREA(#5170);
#5170 = FILL_AREA_STYLE('',(#5171));
#5171 = FILL_AREA_STYLE_COLOUR('',#5150);
#5172 = OVER_RIDING_STYLED_ITEM('overriding color',(#5173),#3797,#4861);
#5173 = PRESENTATION_STYLE_ASSIGNMENT((#5174));
#5174 = SURFACE_STYLE_USAGE(.BOTH.,#5175);
#5175 = SURFACE_SIDE_STYLE('',(#5176));
#5176 = SURFACE_STYLE_FILL_AREA(#5177);
#5177 = FILL_AREA_STYLE('',(#5178));
#5178 = FILL_AREA_STYLE_COLOUR('',#5150);
#5179 = OVER_RIDING_STYLED_ITEM('overriding color',(#5180),#3824,#4861);
#5180 = PRESENTATION_STYLE_ASSIGNMENT((#5181));
#5181 = SURFACE_STYLE_USAGE(.BOTH.,#5182);
#5182 = SURFACE_SIDE_STYLE('',(#5183));
#5183 = SURFACE_STYLE_FILL_AREA(#5184);
#5184 = FILL_AREA_STYLE('',(#5185));
#5185 = FILL_AREA_STYLE_COLOUR('',#5150);
#5186 = OVER_RIDING_STYLED_ITEM('overriding color',(#5187),#3831,#4861);
#5187 = PRESENTATION_STYLE_ASSIGNMENT((#5188));
#5188 = SURFACE_STYLE_USAGE(.BOTH.,#5189);
#5189 = SURFACE_SIDE_STYLE('',(#5190));
#5190 = SURFACE_STYLE_FILL_AREA(#5191);
#5191 = FILL_AREA_STYLE('',(#5192));
#5192 = FILL_AREA_STYLE_COLOUR('',#5150);
#5193 = OVER_RIDING_STYLED_ITEM('overriding color',(#5194),#3907,#4861);
#5194 = PRESENTATION_STYLE_ASSIGNMENT((#5195));
#5195 = SURFACE_STYLE_USAGE(.BOTH.,#5196);
#5196 = SURFACE_SIDE_STYLE('',(#5197));
#5197 = SURFACE_STYLE_FILL_AREA(#5198);
#5198 = FILL_AREA_STYLE('',(#5199));
#5199 = FILL_AREA_STYLE_COLOUR('',#5150);
#5200 = OVER_RIDING_STYLED_ITEM('overriding color',(#5201),#3978,#4861);
#5201 = PRESENTATION_STYLE_ASSIGNMENT((#5202));
#5202 = SURFACE_STYLE_USAGE(.BOTH.,#5203);
#5203 = SURFACE_SIDE_STYLE('',(#5204));
#5204 = SURFACE_STYLE_FILL_AREA(#5205);
#5205 = FILL_AREA_STYLE('',(#5206));
#5206 = FILL_AREA_STYLE_COLOUR('',#5150);
#5207 = OVER_RIDING_STYLED_ITEM('overriding color',(#5208),#4057,#4861);
#5208 = PRESENTATION_STYLE_ASSIGNMENT((#5209));
#5209 = SURFACE_STYLE_USAGE(.BOTH.,#5210);
#5210 = SURFACE_SIDE_STYLE('',(#5211));
#5211 = SURFACE_STYLE_FILL_AREA(#5212);
#5212 = FILL_AREA_STYLE('',(#5213));
#5213 = FILL_AREA_STYLE_COLOUR('',#5150);
#5214 = OVER_RIDING_STYLED_ITEM('overriding color',(#5215),#4131,#4861);
#5215 = PRESENTATION_STYLE_ASSIGNMENT((#5216));
#5216 = SURFACE_STYLE_USAGE(.BOTH.,#5217);
#5217 = SURFACE_SIDE_STYLE('',(#5218));
#5218 = SURFACE_STYLE_FILL_AREA(#5219);
#5219 = FILL_AREA_STYLE('',(#5220));
#5220 = FILL_AREA_STYLE_COLOUR('',#5150);
#5221 = OVER_RIDING_STYLED_ITEM('overriding color',(#5222),#4158,#4861);
#5222 = PRESENTATION_STYLE_ASSIGNMENT((#5223));
#5223 = SURFACE_STYLE_USAGE(.BOTH.,#5224);
#5224 = SURFACE_SIDE_STYLE('',(#5225));
#5225 = SURFACE_STYLE_FILL_AREA(#5226);
#5226 = FILL_AREA_STYLE('',(#5227));
#5227 = FILL_AREA_STYLE_COLOUR('',#5150);
#5228 = OVER_RIDING_STYLED_ITEM('overriding color',(#5229),#4290,#4861);
#5229 = PRESENTATION_STYLE_ASSIGNMENT((#5230));
#5230 = SURFACE_STYLE_USAGE(.BOTH.,#5231);
#5231 = SURFACE_SIDE_STYLE('',(#5232));
#5232 = SURFACE_STYLE_FILL_AREA(#5233);
#5233 = FILL_AREA_STYLE('',(#5234));
#5234 = FILL_AREA_STYLE_COLOUR('',#5150);
#5235 = OVER_RIDING_STYLED_ITEM('overriding color',(#5236),#4342,#4861);
#5236 = PRESENTATION_STYLE_ASSIGNMENT((#5237));
#5237 = SURFACE_STYLE_USAGE(.BOTH.,#5238);
#5238 = SURFACE_SIDE_STYLE('',(#5239));
#5239 = SURFACE_STYLE_FILL_AREA(#5240);
#5240 = FILL_AREA_STYLE('',(#5241));
#5241 = FILL_AREA_STYLE_COLOUR('',#5150);
#5242 = OVER_RIDING_STYLED_ITEM('overriding color',(#5243),#4394,#4861);
#5243 = PRESENTATION_STYLE_ASSIGNMENT((#5244));
#5244 = SURFACE_STYLE_USAGE(.BOTH.,#5245);
#5245 = SURFACE_SIDE_STYLE('',(#5246));
#5246 = SURFACE_STYLE_FILL_AREA(#5247);
#5247 = FILL_AREA_STYLE('',(#5248));
#5248 = FILL_AREA_STYLE_COLOUR('',#5150);
#5249 = OVER_RIDING_STYLED_ITEM('overriding color',(#5250),#4421,#4861);
#5250 = PRESENTATION_STYLE_ASSIGNMENT((#5251));
#5251 = SURFACE_STYLE_USAGE(.BOTH.,#5252);
#5252 = SURFACE_SIDE_STYLE('',(#5253));
#5253 = SURFACE_STYLE_FILL_AREA(#5254);
#5254 = FILL_AREA_STYLE('',(#5255));
#5255 = FILL_AREA_STYLE_COLOUR('',#5150);
#5256 = OVER_RIDING_STYLED_ITEM('overriding color',(#5257),#4492,#4861);
#5257 = PRESENTATION_STYLE_ASSIGNMENT((#5258));
#5258 = SURFACE_STYLE_USAGE(.BOTH.,#5259);
#5259 = SURFACE_SIDE_STYLE('',(#5260));
#5260 = SURFACE_STYLE_FILL_AREA(#5261);
#5261 = FILL_AREA_STYLE('',(#5262));
#5262 = FILL_AREA_STYLE_COLOUR('',#5150);
#5263 = OVER_RIDING_STYLED_ITEM('overriding color',(#5264),#4545,#4861);
#5264 = PRESENTATION_STYLE_ASSIGNMENT((#5265));
#5265 = SURFACE_STYLE_USAGE(.BOTH.,#5266);
#5266 = SURFACE_SIDE_STYLE('',(#5267));
#5267 = SURFACE_STYLE_FILL_AREA(#5268);
#5268 = FILL_AREA_STYLE('',(#5269));
#5269 = FILL_AREA_STYLE_COLOUR('',#5150);
#5270 = OVER_RIDING_STYLED_ITEM('overriding color',(#5271),#4621,#4861);
#5271 = PRESENTATION_STYLE_ASSIGNMENT((#5272));
#5272 = SURFACE_STYLE_USAGE(.BOTH.,#5273);
#5273 = SURFACE_SIDE_STYLE('',(#5274));
#5274 = SURFACE_STYLE_FILL_AREA(#5275);
#5275 = FILL_AREA_STYLE('',(#5276));
#5276 = FILL_AREA_STYLE_COLOUR('',#5150);
#5277 = OVER_RIDING_STYLED_ITEM('overriding color',(#5278),#4697,#4861);
#5278 = PRESENTATION_STYLE_ASSIGNMENT((#5279));
#5279 = SURFACE_STYLE_USAGE(.BOTH.,#5280);
#5280 = SURFACE_SIDE_STYLE('',(#5281));
#5281 = SURFACE_STYLE_FILL_AREA(#5282);
#5282 = FILL_AREA_STYLE('',(#5283));
#5283 = FILL_AREA_STYLE_COLOUR('',#5150);
#5284 = OVER_RIDING_STYLED_ITEM('overriding color',(#5285),#4749,#4861);
#5285 = PRESENTATION_STYLE_ASSIGNMENT((#5286));
#5286 = SURFACE_STYLE_USAGE(.BOTH.,#5287);
#5287 = SURFACE_SIDE_STYLE('',(#5288));
#5288 = SURFACE_STYLE_FILL_AREA(#5289);
#5289 = FILL_AREA_STYLE('',(#5290));
#5290 = FILL_AREA_STYLE_COLOUR('',#5150);
#5291 = OVER_RIDING_STYLED_ITEM('overriding color',(#5292),#4801,#4861);
#5292 = PRESENTATION_STYLE_ASSIGNMENT((#5293));
#5293 = SURFACE_STYLE_USAGE(.BOTH.,#5294);
#5294 = SURFACE_SIDE_STYLE('',(#5295));
#5295 = SURFACE_STYLE_FILL_AREA(#5296);
#5296 = FILL_AREA_STYLE('',(#5297));
#5297 = FILL_AREA_STYLE_COLOUR('',#5150);
#5298 = OVER_RIDING_STYLED_ITEM('overriding color',(#5299),#4828,#4861);
#5299 = PRESENTATION_STYLE_ASSIGNMENT((#5300));
#5300 = SURFACE_STYLE_USAGE(.BOTH.,#5301);
#5301 = SURFACE_SIDE_STYLE('',(#5302));
#5302 = SURFACE_STYLE_FILL_AREA(#5303);
#5303 = FILL_AREA_STYLE('',(#5304));
#5304 = FILL_AREA_STYLE_COLOUR('',#5150);
#5305 = OVER_RIDING_STYLED_ITEM('overriding color',(#5306),#4835,#4861);
#5306 = PRESENTATION_STYLE_ASSIGNMENT((#5307));
#5307 = SURFACE_STYLE_USAGE(.BOTH.,#5308);
#5308 = SURFACE_SIDE_STYLE('',(#5309));
#5309 = SURFACE_STYLE_FILL_AREA(#5310);
#5310 = FILL_AREA_STYLE('',(#5311));
#5311 = FILL_AREA_STYLE_COLOUR('',#5150);
#5312 = OVER_RIDING_STYLED_ITEM('overriding color',(#5313),#4842,#4861);
#5313 = PRESENTATION_STYLE_ASSIGNMENT((#5314));
#5314 = SURFACE_STYLE_USAGE(.BOTH.,#5315);
#5315 = SURFACE_SIDE_STYLE('',(#5316));
#5316 = SURFACE_STYLE_FILL_AREA(#5317);
#5317 = FILL_AREA_STYLE('',(#5318));
#5318 = FILL_AREA_STYLE_COLOUR('',#5150);
ENDSEC;
END-ISO-10303-21;
