ISO-10303-21;
HEADER;
FILE_DESCRIPTION(('Open CASCADE Model'),'2;1');
FILE_NAME('Open CASCADE Shape Model','2026-09-10T00:44:27',('Author'),(
    'Open CASCADE'),'Open CASCADE STEP processor 7.8','Open CASCADE 7.8'
  ,'Unknown');
FILE_SCHEMA(('AUTOMOTIVE_DESIGN { 1 0 10303 214 1 1 1 1 }'));
ENDSEC;
DATA;
#1 = APPLICATION_PROTOCOL_DEFINITION('international standard',
  'automotive_design',2000,#2);
#2 = APPLICATION_CONTEXT(
  'core data for automotive mechanical design processes');
#3 = SHAPE_DEFINITION_REPRESENTATION(#4,#10);
#4 = PRODUCT_DEFINITION_SHAPE('','',#5);
#5 = PRODUCT_DEFINITION('design','',#6,#9);
#6 = PRODUCT_DEFINITION_FORMATION('','',#7);
#7 = PRODUCT('Open CASCADE STEP translator 7.8 1',
  'Open CASCADE STEP translator 7.8 1','',(#8));
#8 = PRODUCT_CONTEXT('',#2,'mechanical');
#9 = PRODUCT_DEFINITION_CONTEXT('part definition',#2,'design');
#10 = SHAPE_REPRESENTATION('',(#11,#15),#19);
#11 = AXIS2_PLACEMENT_3D('',#12,#13,#14);
#12 = CARTESIAN_POINT('',(0.,0.,0.));
#13 = DIRECTION('',(0.,0.,1.));
#14 = DIRECTION('',(1.,0.,-0.));
#15 = AXIS2_PLACEMENT_3D('',#16,#17,#18);
#16 = CARTESIAN_POINT('',(0.,-2.317590563905E-14,0.4000001));
#17 = DIRECTION('',(0.,0.,1.));
#18 = DIRECTION('',(1.,0.,0.));
#19 = ( GEOMETRIC_REPRESENTATION_CONTEXT(3) 
GLOBAL_UNCERTAINTY_ASSIGNED_CONTEXT((#23)) GLOBAL_UNIT_ASSIGNED_CONTEXT(
(#20,#21,#22)) REPRESENTATION_CONTEXT('Context #1',
  '3D Context with UNIT and UNCERTAINTY') );
#20 = ( LENGTH_UNIT() NAMED_UNIT(*) SI_UNIT(.MILLI.,.METRE.) );
#21 = ( NAMED_UNIT(*) PLANE_ANGLE_UNIT() SI_UNIT($,.RADIAN.) );
#22 = ( NAMED_UNIT(*) SI_UNIT($,.STERADIAN.) SOLID_ANGLE_UNIT() );
#23 = UNCERTAINTY_MEASURE_WITH_UNIT(LENGTH_MEASURE(2.E-06),#20,
  'distance_accuracy_value','confusion accuracy');
#24 = PRODUCT_RELATED_PRODUCT_CATEGORY('part',$,(#7));
#25 = SHAPE_DEFINITION_REPRESENTATION(#26,#32);
#26 = PRODUCT_DEFINITION_SHAPE('','',#27);
#27 = PRODUCT_DEFINITION('design','',#28,#31);
#28 = PRODUCT_DEFINITION_FORMATION('','',#29);
#29 = PRODUCT('C0603_L1.6-W0.8-H0.8','C0603_L1.6-W0.8-H0.8','',(#30));
#30 = PRODUCT_CONTEXT('',#2,'mechanical');
#31 = PRODUCT_DEFINITION_CONTEXT('part definition',#2,'design');
#32 = ADVANCED_BREP_SHAPE_REPRESENTATION('',(#11,#33),#7319);
#33 = MANIFOLD_SOLID_BREP('',#34);
#34 = CLOSED_SHELL('',(#35,#161,#282,#379,#495,#582,#693,#780,#867,#1284
    ,#1693,#1742,#1791,#1877,#1992,#2073,#2424,#2775,#3040,#3065,#3097,
    #3146,#3195,#3222,#3332,#3442,#3552,#4022,#4098,#4198,#4285,#4607,
    #4661,#4876,#4925,#4952,#5274,#5324,#5357,#5521,#5548,#5575,#5582,
    #5607,#5659,#5685,#5738,#5763,#5919,#6075,#6210,#6241,#6247,#6347,
    #6440,#6467,#6494,#6522,#6550,#6599,#6648,#6655,#6682,#6688,#6885,
    #7082,#7217,#7244,#7250,#7277,#7283,#7292,#7301,#7310));
#35 = ADVANCED_FACE('',(#36),#51,.T.);
#36 = FACE_BOUND('',#37,.T.);
#37 = EDGE_LOOP('',(#38,#78,#106,#135));
#38 = ORIENTED_EDGE('',*,*,#39,.T.);
#39 = EDGE_CURVE('',#40,#42,#44,.T.);
#40 = VERTEX_POINT('',#41);
#41 = CARTESIAN_POINT('',(0.548184795385,0.39,0.38));
#42 = VERTEX_POINT('',#43);
#43 = CARTESIAN_POINT('',(0.549684095589,0.39,-0.38));
#44 = SURFACE_CURVE('',#45,(#50,#66),.PCURVE_S1.);
#45 = CIRCLE('',#46,1.5);
#46 = AXIS2_PLACEMENT_3D('',#47,#48,#49);
#47 = CARTESIAN_POINT('',(2.,0.39,2.862609056754E-03));
#48 = DIRECTION('',(0.,-1.,1.036602379928E-14));
#49 = DIRECTION('',(0.,1.036602379928E-14,1.));
#50 = PCURVE('',#51,#56);
#51 = PLANE('',#52);
#52 = AXIS2_PLACEMENT_3D('',#53,#54,#55);
#53 = CARTESIAN_POINT('',(-0.75,0.39,0.39));
#54 = DIRECTION('',(-0.,1.,0.));
#55 = DIRECTION('',(0.,0.,1.));
#56 = DEFINITIONAL_REPRESENTATION('',(#57),#65);
#57 = ( BOUNDED_CURVE() B_SPLINE_CURVE(2,(#58,#59,#60,#61,#62,#63,#64),
.UNSPECIFIED.,.T.,.F.) B_SPLINE_CURVE_WITH_KNOTS((1,2,2,2,2,1),(
    -2.094395102393,0.,2.094395102393,4.188790204786,6.28318530718,
8.377580409573),.UNSPECIFIED.) CURVE() GEOMETRIC_REPRESENTATION_ITEM() 
RATIONAL_B_SPLINE_CURVE((1.,0.5,1.,0.5,1.,0.5,1.)) REPRESENTATION_ITEM(
  '') );
#58 = CARTESIAN_POINT('',(1.112862609057,2.75));
#59 = CARTESIAN_POINT('',(1.112862609057,0.151923788647));
#60 = CARTESIAN_POINT('',(-1.137137390943,1.450961894323));
#61 = CARTESIAN_POINT('',(-3.387137390943,2.75));
#62 = CARTESIAN_POINT('',(-1.137137390943,4.049038105677));
#63 = CARTESIAN_POINT('',(1.112862609057,5.348076211353));
#64 = CARTESIAN_POINT('',(1.112862609057,2.75));
#65 = ( GEOMETRIC_REPRESENTATION_CONTEXT(2) 
PARAMETRIC_REPRESENTATION_CONTEXT() REPRESENTATION_CONTEXT('2D SPACE',''
  ) );
#66 = PCURVE('',#67,#72);
#67 = CYLINDRICAL_SURFACE('',#68,1.5);
#68 = AXIS2_PLACEMENT_3D('',#69,#70,#71);
#69 = CARTESIAN_POINT('',(2.,0.39,2.862609056754E-03));
#70 = DIRECTION('',(-0.,1.,-1.036602379928E-14));
#71 = DIRECTION('',(0.,1.036602379928E-14,1.));
#72 = DEFINITIONAL_REPRESENTATION('',(#73),#77);
#73 = LINE('',#74,#75);
#74 = CARTESIAN_POINT('',(6.28318530718,-1.426811995406E-16));
#75 = VECTOR('',#76,1.);
#76 = DIRECTION('',(-1.,1.083673226369E-16));
#77 = ( GEOMETRIC_REPRESENTATION_CONTEXT(2) 
PARAMETRIC_REPRESENTATION_CONTEXT() REPRESENTATION_CONTEXT('2D SPACE',''
  ) );
#78 = ORIENTED_EDGE('',*,*,#79,.T.);
#79 = EDGE_CURVE('',#42,#80,#82,.T.);
#80 = VERTEX_POINT('',#81);
#81 = CARTESIAN_POINT('',(-0.549684095589,0.39,-0.38));
#82 = SURFACE_CURVE('',#83,(#87,#94),.PCURVE_S1.);
#83 = LINE('',#84,#85);
#84 = CARTESIAN_POINT('',(-0.75,0.39,-0.38));
#85 = VECTOR('',#86,1.);
#86 = DIRECTION('',(-1.,-0.,-0.));
#87 = PCURVE('',#51,#88);
#88 = DEFINITIONAL_REPRESENTATION('',(#89),#93);
#89 = LINE('',#90,#91);
#90 = CARTESIAN_POINT('',(-0.77,0.));
#91 = VECTOR('',#92,1.);
#92 = DIRECTION('',(-0.,-1.));
#93 = ( GEOMETRIC_REPRESENTATION_CONTEXT(2) 
PARAMETRIC_REPRESENTATION_CONTEXT() REPRESENTATION_CONTEXT('2D SPACE',''
  ) );
#94 = PCURVE('',#95,#100);
#95 = CYLINDRICAL_SURFACE('',#96,1.E-02);
#96 = AXIS2_PLACEMENT_3D('',#97,#98,#99);
#97 = CARTESIAN_POINT('',(-0.75,0.38,-0.38));
#98 = DIRECTION('',(1.,0.,0.));
#99 = DIRECTION('',(0.,0.,-1.));
#100 = DEFINITIONAL_REPRESENTATION('',(#101),#105);
#101 = LINE('',#102,#103);
#102 = CARTESIAN_POINT('',(1.570796326795,0.));
#103 = VECTOR('',#104,1.);
#104 = DIRECTION('',(0.,-1.));
#105 = ( GEOMETRIC_REPRESENTATION_CONTEXT(2) 
PARAMETRIC_REPRESENTATION_CONTEXT() REPRESENTATION_CONTEXT('2D SPACE',''
  ) );
#106 = ORIENTED_EDGE('',*,*,#107,.F.);
#107 = EDGE_CURVE('',#108,#80,#110,.T.);
#108 = VERTEX_POINT('',#109);
#109 = CARTESIAN_POINT('',(-0.548184795385,0.39,0.38));
#110 = SURFACE_CURVE('',#111,(#116,#123),.PCURVE_S1.);
#111 = CIRCLE('',#112,1.5);
#112 = AXIS2_PLACEMENT_3D('',#113,#114,#115);
#113 = CARTESIAN_POINT('',(-2.,0.39,2.862609056754E-03));
#114 = DIRECTION('',(-0.,1.,-1.036602379928E-14));
#115 = DIRECTION('',(0.,1.036602379928E-14,1.));
#116 = PCURVE('',#51,#117);
#117 = DEFINITIONAL_REPRESENTATION('',(#118),#122);
#118 = CIRCLE('',#119,1.5);
#119 = AXIS2_PLACEMENT_2D('',#120,#121);
#120 = CARTESIAN_POINT('',(-0.387137390943,-1.25));
#121 = DIRECTION('',(1.,0.));
#122 = ( GEOMETRIC_REPRESENTATION_CONTEXT(2) 
PARAMETRIC_REPRESENTATION_CONTEXT() REPRESENTATION_CONTEXT('2D SPACE',''
  ) );
#123 = PCURVE('',#124,#129);
#124 = CYLINDRICAL_SURFACE('',#125,1.5);
#125 = AXIS2_PLACEMENT_3D('',#126,#127,#128);
#126 = CARTESIAN_POINT('',(-2.,0.39,2.862609056754E-03));
#127 = DIRECTION('',(-0.,1.,-1.036602379928E-14));
#128 = DIRECTION('',(0.,1.036602379928E-14,1.));
#129 = DEFINITIONAL_REPRESENTATION('',(#130),#134);
#130 = LINE('',#131,#132);
#131 = CARTESIAN_POINT('',(0.,-1.426811995406E-16));
#132 = VECTOR('',#133,1.);
#133 = DIRECTION('',(1.,1.083673226369E-16));
#134 = ( GEOMETRIC_REPRESENTATION_CONTEXT(2) 
PARAMETRIC_REPRESENTATION_CONTEXT() REPRESENTATION_CONTEXT('2D SPACE',''
  ) );
#135 = ORIENTED_EDGE('',*,*,#136,.T.);
#136 = EDGE_CURVE('',#108,#40,#137,.T.);
#137 = SURFACE_CURVE('',#138,(#142,#149),.PCURVE_S1.);
#138 = LINE('',#139,#140);
#139 = CARTESIAN_POINT('',(-0.75,0.39,0.38));
#140 = VECTOR('',#141,1.);
#141 = DIRECTION('',(1.,0.,0.));
#142 = PCURVE('',#51,#143);
#143 = DEFINITIONAL_REPRESENTATION('',(#144),#148);
#144 = LINE('',#145,#146);
#145 = CARTESIAN_POINT('',(-1.E-02,0.));
#146 = VECTOR('',#147,1.);
#147 = DIRECTION('',(0.,1.));
#148 = ( GEOMETRIC_REPRESENTATION_CONTEXT(2) 
PARAMETRIC_REPRESENTATION_CONTEXT() REPRESENTATION_CONTEXT('2D SPACE',''
  ) );
#149 = PCURVE('',#150,#155);
#150 = CYLINDRICAL_SURFACE('',#151,1.E-02);
#151 = AXIS2_PLACEMENT_3D('',#152,#153,#154);
#152 = CARTESIAN_POINT('',(-0.75,0.38,0.38));
#153 = DIRECTION('',(1.,0.,0.));
#154 = DIRECTION('',(0.,0.,-1.));
#155 = DEFINITIONAL_REPRESENTATION('',(#156),#160);
#156 = LINE('',#157,#158);
#157 = CARTESIAN_POINT('',(1.570796326795,0.));
#158 = VECTOR('',#159,1.);
#159 = DIRECTION('',(0.,1.));
#160 = ( GEOMETRIC_REPRESENTATION_CONTEXT(2) 
PARAMETRIC_REPRESENTATION_CONTEXT() REPRESENTATION_CONTEXT('2D SPACE',''
  ) );
#161 = ADVANCED_FACE('',(#162),#177,.T.);
#162 = FACE_BOUND('',#163,.T.);
#163 = EDGE_LOOP('',(#164,#200,#223,#256));
#164 = ORIENTED_EDGE('',*,*,#165,.F.);
#165 = EDGE_CURVE('',#166,#168,#170,.T.);
#166 = VERTEX_POINT('',#167);
#167 = CARTESIAN_POINT('',(-0.548184795385,0.38,-0.39));
#168 = VERTEX_POINT('',#169);
#169 = CARTESIAN_POINT('',(-0.549684095589,-0.38,-0.39));
#170 = SURFACE_CURVE('',#171,(#176,#188),.PCURVE_S1.);
#171 = CIRCLE('',#172,1.5);
#172 = AXIS2_PLACEMENT_3D('',#173,#174,#175);
#173 = CARTESIAN_POINT('',(-2.,2.862609056759E-03,-0.39));
#174 = DIRECTION('',(-0.,1.084202172486E-16,-1.));
#175 = DIRECTION('',(0.,1.,1.084202172486E-16));
#176 = PCURVE('',#177,#182);
#177 = PLANE('',#178);
#178 = AXIS2_PLACEMENT_3D('',#179,#180,#181);
#179 = CARTESIAN_POINT('',(-0.75,0.39,-0.39));
#180 = DIRECTION('',(0.,2.085004177857E-16,-1.));
#181 = DIRECTION('',(0.,1.,2.085004177857E-16));
#182 = DEFINITIONAL_REPRESENTATION('',(#183),#187);
#183 = CIRCLE('',#184,1.5);
#184 = AXIS2_PLACEMENT_2D('',#185,#186);
#185 = CARTESIAN_POINT('',(-0.387137390943,-1.25));
#186 = DIRECTION('',(1.,0.));
#187 = ( GEOMETRIC_REPRESENTATION_CONTEXT(2) 
PARAMETRIC_REPRESENTATION_CONTEXT() REPRESENTATION_CONTEXT('2D SPACE',''
  ) );
#188 = PCURVE('',#189,#194);
#189 = CYLINDRICAL_SURFACE('',#190,1.5);
#190 = AXIS2_PLACEMENT_3D('',#191,#192,#193);
#191 = CARTESIAN_POINT('',(-2.,2.862609056759E-03,-0.39));
#192 = DIRECTION('',(-0.,1.084202172486E-16,-1.));
#193 = DIRECTION('',(0.,1.,1.084202172486E-16));
#194 = DEFINITIONAL_REPRESENTATION('',(#195),#199);
#195 = LINE('',#196,#197);
#196 = CARTESIAN_POINT('',(0.,0.));
#197 = VECTOR('',#198,1.);
#198 = DIRECTION('',(1.,0.));
#199 = ( GEOMETRIC_REPRESENTATION_CONTEXT(2) 
PARAMETRIC_REPRESENTATION_CONTEXT() REPRESENTATION_CONTEXT('2D SPACE',''
  ) );
#200 = ORIENTED_EDGE('',*,*,#201,.T.);
#201 = EDGE_CURVE('',#166,#202,#204,.T.);
#202 = VERTEX_POINT('',#203);
#203 = CARTESIAN_POINT('',(0.548184795385,0.38,-0.39));
#204 = SURFACE_CURVE('',#205,(#209,#216),.PCURVE_S1.);
#205 = LINE('',#206,#207);
#206 = CARTESIAN_POINT('',(-0.75,0.38,-0.39));
#207 = VECTOR('',#208,1.);
#208 = DIRECTION('',(1.,0.,0.));
#209 = PCURVE('',#177,#210);
#210 = DEFINITIONAL_REPRESENTATION('',(#211),#215);
#211 = LINE('',#212,#213);
#212 = CARTESIAN_POINT('',(-1.E-02,0.));
#213 = VECTOR('',#214,1.);
#214 = DIRECTION('',(0.,1.));
#215 = ( GEOMETRIC_REPRESENTATION_CONTEXT(2) 
PARAMETRIC_REPRESENTATION_CONTEXT() REPRESENTATION_CONTEXT('2D SPACE',''
  ) );
#216 = PCURVE('',#95,#217);
#217 = DEFINITIONAL_REPRESENTATION('',(#218),#222);
#218 = LINE('',#219,#220);
#219 = CARTESIAN_POINT('',(0.,0.));
#220 = VECTOR('',#221,1.);
#221 = DIRECTION('',(0.,1.));
#222 = ( GEOMETRIC_REPRESENTATION_CONTEXT(2) 
PARAMETRIC_REPRESENTATION_CONTEXT() REPRESENTATION_CONTEXT('2D SPACE',''
  ) );
#223 = ORIENTED_EDGE('',*,*,#224,.T.);
#224 = EDGE_CURVE('',#202,#225,#227,.T.);
#225 = VERTEX_POINT('',#226);
#226 = CARTESIAN_POINT('',(0.549684095589,-0.38,-0.39));
#227 = SURFACE_CURVE('',#228,(#233,#244),.PCURVE_S1.);
#228 = CIRCLE('',#229,1.5);
#229 = AXIS2_PLACEMENT_3D('',#230,#231,#232);
#230 = CARTESIAN_POINT('',(2.,2.862609056759E-03,-0.39));
#231 = DIRECTION('',(0.,-1.084202172486E-16,1.));
#232 = DIRECTION('',(0.,1.,1.084202172486E-16));
#233 = PCURVE('',#177,#234);
#234 = DEFINITIONAL_REPRESENTATION('',(#235),#243);
#235 = ( BOUNDED_CURVE() B_SPLINE_CURVE(2,(#236,#237,#238,#239,#240,#241
,#242),.UNSPECIFIED.,.T.,.F.) B_SPLINE_CURVE_WITH_KNOTS((1,2,2,2,2,1),(
    -2.094395102393,0.,2.094395102393,4.188790204786,6.28318530718,
8.377580409573),.UNSPECIFIED.) CURVE() GEOMETRIC_REPRESENTATION_ITEM() 
RATIONAL_B_SPLINE_CURVE((1.,0.5,1.,0.5,1.,0.5,1.)) REPRESENTATION_ITEM(
  '') );
#236 = CARTESIAN_POINT('',(1.112862609057,2.75));
#237 = CARTESIAN_POINT('',(1.112862609057,0.151923788647));
#238 = CARTESIAN_POINT('',(-1.137137390943,1.450961894323));
#239 = CARTESIAN_POINT('',(-3.387137390943,2.75));
#240 = CARTESIAN_POINT('',(-1.137137390943,4.049038105677));
#241 = CARTESIAN_POINT('',(1.112862609057,5.348076211353));
#242 = CARTESIAN_POINT('',(1.112862609057,2.75));
#243 = ( GEOMETRIC_REPRESENTATION_CONTEXT(2) 
PARAMETRIC_REPRESENTATION_CONTEXT() REPRESENTATION_CONTEXT('2D SPACE',''
  ) );
#244 = PCURVE('',#245,#250);
#245 = CYLINDRICAL_SURFACE('',#246,1.5);
#246 = AXIS2_PLACEMENT_3D('',#247,#248,#249);
#247 = CARTESIAN_POINT('',(2.,2.862609056759E-03,-0.39));
#248 = DIRECTION('',(-0.,1.084202172486E-16,-1.));
#249 = DIRECTION('',(0.,1.,1.084202172486E-16));
#250 = DEFINITIONAL_REPRESENTATION('',(#251),#255);
#251 = LINE('',#252,#253);
#252 = CARTESIAN_POINT('',(6.28318530718,0.));
#253 = VECTOR('',#254,1.);
#254 = DIRECTION('',(-1.,0.));
#255 = ( GEOMETRIC_REPRESENTATION_CONTEXT(2) 
PARAMETRIC_REPRESENTATION_CONTEXT() REPRESENTATION_CONTEXT('2D SPACE',''
  ) );
#256 = ORIENTED_EDGE('',*,*,#257,.T.);
#257 = EDGE_CURVE('',#225,#168,#258,.T.);
#258 = SURFACE_CURVE('',#259,(#263,#270),.PCURVE_S1.);
#259 = LINE('',#260,#261);
#260 = CARTESIAN_POINT('',(-0.75,-0.38,-0.39));
#261 = VECTOR('',#262,1.);
#262 = DIRECTION('',(-1.,-0.,-0.));
#263 = PCURVE('',#177,#264);
#264 = DEFINITIONAL_REPRESENTATION('',(#265),#269);
#265 = LINE('',#266,#267);
#266 = CARTESIAN_POINT('',(-0.77,0.));
#267 = VECTOR('',#268,1.);
#268 = DIRECTION('',(0.,-1.));
#269 = ( GEOMETRIC_REPRESENTATION_CONTEXT(2) 
PARAMETRIC_REPRESENTATION_CONTEXT() REPRESENTATION_CONTEXT('2D SPACE',''
  ) );
#270 = PCURVE('',#271,#276);
#271 = CYLINDRICAL_SURFACE('',#272,1.E-02);
#272 = AXIS2_PLACEMENT_3D('',#273,#274,#275);
#273 = CARTESIAN_POINT('',(-0.75,-0.38,-0.38));
#274 = DIRECTION('',(1.,0.,0.));
#275 = DIRECTION('',(0.,0.,-1.));
#276 = DEFINITIONAL_REPRESENTATION('',(#277),#281);
#277 = LINE('',#278,#279);
#278 = CARTESIAN_POINT('',(6.28318530718,0.));
#279 = VECTOR('',#280,1.);
#280 = DIRECTION('',(0.,-1.));
#281 = ( GEOMETRIC_REPRESENTATION_CONTEXT(2) 
PARAMETRIC_REPRESENTATION_CONTEXT() REPRESENTATION_CONTEXT('2D SPACE',''
  ) );
#282 = ADVANCED_FACE('',(#283),#297,.T.);
#283 = FACE_BOUND('',#284,.T.);
#284 = EDGE_LOOP('',(#285,#320,#353));
#285 = ORIENTED_EDGE('',*,*,#286,.F.);
#286 = EDGE_CURVE('',#287,#289,#291,.T.);
#287 = VERTEX_POINT('',#288);
#288 = CARTESIAN_POINT('',(0.550819320949,-0.39,0.384274781886));
#289 = VERTEX_POINT('',#290);
#290 = CARTESIAN_POINT('',(0.550819320949,-0.39,0.397320508076));
#291 = SURFACE_CURVE('',#292,(#296,#308),.PCURVE_S1.);
#292 = LINE('',#293,#294);
#293 = CARTESIAN_POINT('',(0.550819320949,-0.39,0.39));
#294 = VECTOR('',#295,1.);
#295 = DIRECTION('',(-0.,-1.084202172486E-16,1.));
#296 = PCURVE('',#297,#302);
#297 = PLANE('',#298);
#298 = AXIS2_PLACEMENT_3D('',#299,#300,#301);
#299 = CARTESIAN_POINT('',(-0.75,-0.39,0.39));
#300 = DIRECTION('',(0.,-1.,0.));
#301 = DIRECTION('',(0.,-0.,-1.));
#302 = DEFINITIONAL_REPRESENTATION('',(#303),#307);
#303 = LINE('',#304,#305);
#304 = CARTESIAN_POINT('',(-1.110223024625E-15,1.300819320949));
#305 = VECTOR('',#306,1.);
#306 = DIRECTION('',(-1.,0.));
#307 = ( GEOMETRIC_REPRESENTATION_CONTEXT(2) 
PARAMETRIC_REPRESENTATION_CONTEXT() REPRESENTATION_CONTEXT('2D SPACE',''
  ) );
#308 = PCURVE('',#309,#314);
#309 = CYLINDRICAL_SURFACE('',#310,1.5);
#310 = AXIS2_PLACEMENT_3D('',#311,#312,#313);
#311 = CARTESIAN_POINT('',(2.,-2.862609056759E-03,0.39));
#312 = DIRECTION('',(-0.,-1.084202172486E-16,1.));
#313 = DIRECTION('',(0.,-1.,-1.084202172486E-16));
#314 = DEFINITIONAL_REPRESENTATION('',(#315),#319);
#315 = LINE('',#316,#317);
#316 = CARTESIAN_POINT('',(4.973435331247,1.33226762955E-15));
#317 = VECTOR('',#318,1.);
#318 = DIRECTION('',(0.,1.));
#319 = ( GEOMETRIC_REPRESENTATION_CONTEXT(2) 
PARAMETRIC_REPRESENTATION_CONTEXT() REPRESENTATION_CONTEXT('2D SPACE',''
  ) );
#320 = ORIENTED_EDGE('',*,*,#321,.T.);
#321 = EDGE_CURVE('',#287,#322,#324,.T.);
#322 = VERTEX_POINT('',#323);
#323 = CARTESIAN_POINT('',(0.554367448913,-0.39,0.397320508076));
#324 = SURFACE_CURVE('',#325,(#330,#341),.PCURVE_S1.);
#325 = CIRCLE('',#326,1.5);
#326 = AXIS2_PLACEMENT_3D('',#327,#328,#329);
#327 = CARTESIAN_POINT('',(2.,-0.39,-2.862609056757E-03));
#328 = DIRECTION('',(0.,1.,-3.383061121595E-15));
#329 = DIRECTION('',(0.,-3.383061121595E-15,-1.));
#330 = PCURVE('',#297,#331);
#331 = DEFINITIONAL_REPRESENTATION('',(#332),#340);
#332 = ( BOUNDED_CURVE() B_SPLINE_CURVE(2,(#333,#334,#335,#336,#337,#338
,#339),.UNSPECIFIED.,.T.,.F.) B_SPLINE_CURVE_WITH_KNOTS((1,2,2,2,2,1),(
    -2.094395102393,0.,2.094395102393,4.188790204786,6.28318530718,
8.377580409573),.UNSPECIFIED.) CURVE() GEOMETRIC_REPRESENTATION_ITEM() 
RATIONAL_B_SPLINE_CURVE((1.,0.5,1.,0.5,1.,0.5,1.)) REPRESENTATION_ITEM(
  '') );
#333 = CARTESIAN_POINT('',(1.892862609057,2.75));
#334 = CARTESIAN_POINT('',(1.892862609057,0.151923788647));
#335 = CARTESIAN_POINT('',(-0.357137390943,1.450961894323));
#336 = CARTESIAN_POINT('',(-2.607137390943,2.75));
#337 = CARTESIAN_POINT('',(-0.357137390943,4.049038105677));
#338 = CARTESIAN_POINT('',(1.892862609057,5.348076211353));
#339 = CARTESIAN_POINT('',(1.892862609057,2.75));
#340 = ( GEOMETRIC_REPRESENTATION_CONTEXT(2) 
PARAMETRIC_REPRESENTATION_CONTEXT() REPRESENTATION_CONTEXT('2D SPACE',''
  ) );
#341 = PCURVE('',#342,#347);
#342 = CYLINDRICAL_SURFACE('',#343,1.5);
#343 = AXIS2_PLACEMENT_3D('',#344,#345,#346);
#344 = CARTESIAN_POINT('',(2.,-0.39,-2.862609056757E-03));
#345 = DIRECTION('',(-0.,-1.,3.383061121595E-15));
#346 = DIRECTION('',(0.,-3.383061121595E-15,-1.));
#347 = DEFINITIONAL_REPRESENTATION('',(#348),#352);
#348 = LINE('',#349,#350);
#349 = CARTESIAN_POINT('',(6.28318530718,-1.133770717403E-14));
#350 = VECTOR('',#351,1.);
#351 = DIRECTION('',(-1.,6.158932838724E-15));
#352 = ( GEOMETRIC_REPRESENTATION_CONTEXT(2) 
PARAMETRIC_REPRESENTATION_CONTEXT() REPRESENTATION_CONTEXT('2D SPACE',''
  ) );
#353 = ORIENTED_EDGE('',*,*,#354,.F.);
#354 = EDGE_CURVE('',#289,#322,#355,.T.);
#355 = SURFACE_CURVE('',#356,(#360,#367),.PCURVE_S1.);
#356 = LINE('',#357,#358);
#357 = CARTESIAN_POINT('',(0.5,-0.39,0.397320508076));
#358 = VECTOR('',#359,1.);
#359 = DIRECTION('',(1.,0.,0.));
#360 = PCURVE('',#297,#361);
#361 = DEFINITIONAL_REPRESENTATION('',(#362),#366);
#362 = LINE('',#363,#364);
#363 = CARTESIAN_POINT('',(-7.32050807569E-03,1.25));
#364 = VECTOR('',#365,1.);
#365 = DIRECTION('',(0.,1.));
#366 = ( GEOMETRIC_REPRESENTATION_CONTEXT(2) 
PARAMETRIC_REPRESENTATION_CONTEXT() REPRESENTATION_CONTEXT('2D SPACE',''
  ) );
#367 = PCURVE('',#368,#373);
#368 = CYLINDRICAL_SURFACE('',#369,2.E-02);
#369 = AXIS2_PLACEMENT_3D('',#370,#371,#372);
#370 = CARTESIAN_POINT('',(0.5,-0.38,0.38));
#371 = DIRECTION('',(1.,0.,0.));
#372 = DIRECTION('',(0.,0.,-1.));
#373 = DEFINITIONAL_REPRESENTATION('',(#374),#378);
#374 = LINE('',#375,#376);
#375 = CARTESIAN_POINT('',(3.665191429188,0.));
#376 = VECTOR('',#377,1.);
#377 = DIRECTION('',(0.,1.));
#378 = ( GEOMETRIC_REPRESENTATION_CONTEXT(2) 
PARAMETRIC_REPRESENTATION_CONTEXT() REPRESENTATION_CONTEXT('2D SPACE',''
  ) );
#379 = ADVANCED_FACE('',(#380),#395,.T.);
#380 = FACE_BOUND('',#381,.T.);
#381 = EDGE_LOOP('',(#382,#417,#445,#474));
#382 = ORIENTED_EDGE('',*,*,#383,.T.);
#383 = EDGE_CURVE('',#384,#386,#388,.T.);
#384 = VERTEX_POINT('',#385);
#385 = CARTESIAN_POINT('',(0.548184795385,-0.39,-0.38));
#386 = VERTEX_POINT('',#387);
#387 = CARTESIAN_POINT('',(0.549684095589,-0.39,0.38));
#388 = SURFACE_CURVE('',#389,(#394,#410),.PCURVE_S1.);
#389 = CIRCLE('',#390,1.5);
#390 = AXIS2_PLACEMENT_3D('',#391,#392,#393);
#391 = CARTESIAN_POINT('',(2.,-0.39,-2.862609056757E-03));
#392 = DIRECTION('',(0.,1.,-3.383061121595E-15));
#393 = DIRECTION('',(0.,-3.383061121595E-15,-1.));
#394 = PCURVE('',#395,#400);
#395 = PLANE('',#396);
#396 = AXIS2_PLACEMENT_3D('',#397,#398,#399);
#397 = CARTESIAN_POINT('',(-0.75,-0.39,0.39));
#398 = DIRECTION('',(0.,-1.,0.));
#399 = DIRECTION('',(0.,-0.,-1.));
#400 = DEFINITIONAL_REPRESENTATION('',(#401),#409);
#401 = ( BOUNDED_CURVE() B_SPLINE_CURVE(2,(#402,#403,#404,#405,#406,#407
,#408),.UNSPECIFIED.,.T.,.F.) B_SPLINE_CURVE_WITH_KNOTS((1,2,2,2,2,1),(
    -2.094395102393,0.,2.094395102393,4.188790204786,6.28318530718,
8.377580409573),.UNSPECIFIED.) CURVE() GEOMETRIC_REPRESENTATION_ITEM() 
RATIONAL_B_SPLINE_CURVE((1.,0.5,1.,0.5,1.,0.5,1.)) REPRESENTATION_ITEM(
  '') );
#402 = CARTESIAN_POINT('',(1.892862609057,2.75));
#403 = CARTESIAN_POINT('',(1.892862609057,0.151923788647));
#404 = CARTESIAN_POINT('',(-0.357137390943,1.450961894323));
#405 = CARTESIAN_POINT('',(-2.607137390943,2.75));
#406 = CARTESIAN_POINT('',(-0.357137390943,4.049038105677));
#407 = CARTESIAN_POINT('',(1.892862609057,5.348076211353));
#408 = CARTESIAN_POINT('',(1.892862609057,2.75));
#409 = ( GEOMETRIC_REPRESENTATION_CONTEXT(2) 
PARAMETRIC_REPRESENTATION_CONTEXT() REPRESENTATION_CONTEXT('2D SPACE',''
  ) );
#410 = PCURVE('',#342,#411);
#411 = DEFINITIONAL_REPRESENTATION('',(#412),#416);
#412 = LINE('',#413,#414);
#413 = CARTESIAN_POINT('',(6.28318530718,0.));
#414 = VECTOR('',#415,1.);
#415 = DIRECTION('',(-1.,0.));
#416 = ( GEOMETRIC_REPRESENTATION_CONTEXT(2) 
PARAMETRIC_REPRESENTATION_CONTEXT() REPRESENTATION_CONTEXT('2D SPACE',''
  ) );
#417 = ORIENTED_EDGE('',*,*,#418,.T.);
#418 = EDGE_CURVE('',#386,#419,#421,.T.);
#419 = VERTEX_POINT('',#420);
#420 = CARTESIAN_POINT('',(-0.549684095589,-0.39,0.38));
#421 = SURFACE_CURVE('',#422,(#426,#433),.PCURVE_S1.);
#422 = LINE('',#423,#424);
#423 = CARTESIAN_POINT('',(-0.75,-0.39,0.38));
#424 = VECTOR('',#425,1.);
#425 = DIRECTION('',(-1.,-0.,-0.));
#426 = PCURVE('',#395,#427);
#427 = DEFINITIONAL_REPRESENTATION('',(#428),#432);
#428 = LINE('',#429,#430);
#429 = CARTESIAN_POINT('',(1.E-02,0.));
#430 = VECTOR('',#431,1.);
#431 = DIRECTION('',(0.,-1.));
#432 = ( GEOMETRIC_REPRESENTATION_CONTEXT(2) 
PARAMETRIC_REPRESENTATION_CONTEXT() REPRESENTATION_CONTEXT('2D SPACE',''
  ) );
#433 = PCURVE('',#434,#439);
#434 = CYLINDRICAL_SURFACE('',#435,1.E-02);
#435 = AXIS2_PLACEMENT_3D('',#436,#437,#438);
#436 = CARTESIAN_POINT('',(-0.75,-0.38,0.38));
#437 = DIRECTION('',(1.,0.,0.));
#438 = DIRECTION('',(0.,0.,-1.));
#439 = DEFINITIONAL_REPRESENTATION('',(#440),#444);
#440 = LINE('',#441,#442);
#441 = CARTESIAN_POINT('',(4.712388980385,0.));
#442 = VECTOR('',#443,1.);
#443 = DIRECTION('',(0.,-1.));
#444 = ( GEOMETRIC_REPRESENTATION_CONTEXT(2) 
PARAMETRIC_REPRESENTATION_CONTEXT() REPRESENTATION_CONTEXT('2D SPACE',''
  ) );
#445 = ORIENTED_EDGE('',*,*,#446,.F.);
#446 = EDGE_CURVE('',#447,#419,#449,.T.);
#447 = VERTEX_POINT('',#448);
#448 = CARTESIAN_POINT('',(-0.548184795385,-0.39,-0.38));
#449 = SURFACE_CURVE('',#450,(#455,#462),.PCURVE_S1.);
#450 = CIRCLE('',#451,1.5);
#451 = AXIS2_PLACEMENT_3D('',#452,#453,#454);
#452 = CARTESIAN_POINT('',(-2.,-0.39,-2.862609056757E-03));
#453 = DIRECTION('',(0.,-1.,3.383061121595E-15));
#454 = DIRECTION('',(0.,-3.383061121595E-15,-1.));
#455 = PCURVE('',#395,#456);
#456 = DEFINITIONAL_REPRESENTATION('',(#457),#461);
#457 = CIRCLE('',#458,1.5);
#458 = AXIS2_PLACEMENT_2D('',#459,#460);
#459 = CARTESIAN_POINT('',(0.392862609057,-1.25));
#460 = DIRECTION('',(1.,0.));
#461 = ( GEOMETRIC_REPRESENTATION_CONTEXT(2) 
PARAMETRIC_REPRESENTATION_CONTEXT() REPRESENTATION_CONTEXT('2D SPACE',''
  ) );
#462 = PCURVE('',#463,#468);
#463 = CYLINDRICAL_SURFACE('',#464,1.5);
#464 = AXIS2_PLACEMENT_3D('',#465,#466,#467);
#465 = CARTESIAN_POINT('',(-2.,-0.39,-2.862609056757E-03));
#466 = DIRECTION('',(-0.,-1.,3.383061121595E-15));
#467 = DIRECTION('',(0.,-3.383061121595E-15,-1.));
#468 = DEFINITIONAL_REPRESENTATION('',(#469),#473);
#469 = LINE('',#470,#471);
#470 = CARTESIAN_POINT('',(0.,0.));
#471 = VECTOR('',#472,1.);
#472 = DIRECTION('',(1.,0.));
#473 = ( GEOMETRIC_REPRESENTATION_CONTEXT(2) 
PARAMETRIC_REPRESENTATION_CONTEXT() REPRESENTATION_CONTEXT('2D SPACE',''
  ) );
#474 = ORIENTED_EDGE('',*,*,#475,.T.);
#475 = EDGE_CURVE('',#447,#384,#476,.T.);
#476 = SURFACE_CURVE('',#477,(#481,#488),.PCURVE_S1.);
#477 = LINE('',#478,#479);
#478 = CARTESIAN_POINT('',(-0.75,-0.39,-0.38));
#479 = VECTOR('',#480,1.);
#480 = DIRECTION('',(1.,0.,0.));
#481 = PCURVE('',#395,#482);
#482 = DEFINITIONAL_REPRESENTATION('',(#483),#487);
#483 = LINE('',#484,#485);
#484 = CARTESIAN_POINT('',(0.77,0.));
#485 = VECTOR('',#486,1.);
#486 = DIRECTION('',(0.,1.));
#487 = ( GEOMETRIC_REPRESENTATION_CONTEXT(2) 
PARAMETRIC_REPRESENTATION_CONTEXT() REPRESENTATION_CONTEXT('2D SPACE',''
  ) );
#488 = PCURVE('',#271,#489);
#489 = DEFINITIONAL_REPRESENTATION('',(#490),#494);
#490 = LINE('',#491,#492);
#491 = CARTESIAN_POINT('',(4.712388980385,0.));
#492 = VECTOR('',#493,1.);
#493 = DIRECTION('',(0.,1.));
#494 = ( GEOMETRIC_REPRESENTATION_CONTEXT(2) 
PARAMETRIC_REPRESENTATION_CONTEXT() REPRESENTATION_CONTEXT('2D SPACE',''
  ) );
#495 = ADVANCED_FACE('',(#496),#510,.T.);
#496 = FACE_BOUND('',#497,.T.);
#497 = EDGE_LOOP('',(#498,#528,#556));
#498 = ORIENTED_EDGE('',*,*,#499,.F.);
#499 = EDGE_CURVE('',#500,#502,#504,.T.);
#500 = VERTEX_POINT('',#501);
#501 = CARTESIAN_POINT('',(0.550819320949,0.384274781886,0.39));
#502 = VERTEX_POINT('',#503);
#503 = CARTESIAN_POINT('',(0.550819320949,0.397320508076,0.39));
#504 = SURFACE_CURVE('',#505,(#509,#521),.PCURVE_S1.);
#505 = LINE('',#506,#507);
#506 = CARTESIAN_POINT('',(0.550819320949,0.39,0.39));
#507 = VECTOR('',#508,1.);
#508 = DIRECTION('',(-0.,1.,-1.036602379928E-14));
#509 = PCURVE('',#510,#515);
#510 = PLANE('',#511);
#511 = AXIS2_PLACEMENT_3D('',#512,#513,#514);
#512 = CARTESIAN_POINT('',(-0.75,0.39,0.39));
#513 = DIRECTION('',(0.,-1.390002785238E-16,1.));
#514 = DIRECTION('',(0.,-1.,-1.390002785238E-16));
#515 = DEFINITIONAL_REPRESENTATION('',(#516),#520);
#516 = LINE('',#517,#518);
#517 = CARTESIAN_POINT('',(0.,1.300819320949));
#518 = VECTOR('',#519,1.);
#519 = DIRECTION('',(-1.,0.));
#520 = ( GEOMETRIC_REPRESENTATION_CONTEXT(2) 
PARAMETRIC_REPRESENTATION_CONTEXT() REPRESENTATION_CONTEXT('2D SPACE',''
  ) );
#521 = PCURVE('',#67,#522);
#522 = DEFINITIONAL_REPRESENTATION('',(#523),#527);
#523 = LINE('',#524,#525);
#524 = CARTESIAN_POINT('',(4.973435331247,-4.052314039882E-15));
#525 = VECTOR('',#526,1.);
#526 = DIRECTION('',(0.,1.));
#527 = ( GEOMETRIC_REPRESENTATION_CONTEXT(2) 
PARAMETRIC_REPRESENTATION_CONTEXT() REPRESENTATION_CONTEXT('2D SPACE',''
  ) );
#528 = ORIENTED_EDGE('',*,*,#529,.T.);
#529 = EDGE_CURVE('',#500,#530,#532,.T.);
#530 = VERTEX_POINT('',#531);
#531 = CARTESIAN_POINT('',(0.554367448913,0.397320508076,0.39));
#532 = SURFACE_CURVE('',#533,(#538,#549),.PCURVE_S1.);
#533 = CIRCLE('',#534,1.5);
#534 = AXIS2_PLACEMENT_3D('',#535,#536,#537);
#535 = CARTESIAN_POINT('',(2.,-2.862609056759E-03,0.39));
#536 = DIRECTION('',(0.,1.084202172486E-16,-1.));
#537 = DIRECTION('',(0.,-1.,-1.084202172486E-16));
#538 = PCURVE('',#510,#539);
#539 = DEFINITIONAL_REPRESENTATION('',(#540),#548);
#540 = ( BOUNDED_CURVE() B_SPLINE_CURVE(2,(#541,#542,#543,#544,#545,#546
,#547),.UNSPECIFIED.,.T.,.F.) B_SPLINE_CURVE_WITH_KNOTS((1,2,2,2,2,1),(
    -2.094395102393,0.,2.094395102393,4.188790204786,6.28318530718,
8.377580409573),.UNSPECIFIED.) CURVE() GEOMETRIC_REPRESENTATION_ITEM() 
RATIONAL_B_SPLINE_CURVE((1.,0.5,1.,0.5,1.,0.5,1.)) REPRESENTATION_ITEM(
  '') );
#541 = CARTESIAN_POINT('',(1.892862609057,2.75));
#542 = CARTESIAN_POINT('',(1.892862609057,0.151923788647));
#543 = CARTESIAN_POINT('',(-0.357137390943,1.450961894323));
#544 = CARTESIAN_POINT('',(-2.607137390943,2.75));
#545 = CARTESIAN_POINT('',(-0.357137390943,4.049038105677));
#546 = CARTESIAN_POINT('',(1.892862609057,5.348076211353));
#547 = CARTESIAN_POINT('',(1.892862609057,2.75));
#548 = ( GEOMETRIC_REPRESENTATION_CONTEXT(2) 
PARAMETRIC_REPRESENTATION_CONTEXT() REPRESENTATION_CONTEXT('2D SPACE',''
  ) );
#549 = PCURVE('',#309,#550);
#550 = DEFINITIONAL_REPRESENTATION('',(#551),#555);
#551 = LINE('',#552,#553);
#552 = CARTESIAN_POINT('',(6.28318530718,0.));
#553 = VECTOR('',#554,1.);
#554 = DIRECTION('',(-1.,0.));
#555 = ( GEOMETRIC_REPRESENTATION_CONTEXT(2) 
PARAMETRIC_REPRESENTATION_CONTEXT() REPRESENTATION_CONTEXT('2D SPACE',''
  ) );
#556 = ORIENTED_EDGE('',*,*,#557,.F.);
#557 = EDGE_CURVE('',#502,#530,#558,.T.);
#558 = SURFACE_CURVE('',#559,(#563,#570),.PCURVE_S1.);
#559 = LINE('',#560,#561);
#560 = CARTESIAN_POINT('',(0.5,0.397320508076,0.39));
#561 = VECTOR('',#562,1.);
#562 = DIRECTION('',(1.,0.,0.));
#563 = PCURVE('',#510,#564);
#564 = DEFINITIONAL_REPRESENTATION('',(#565),#569);
#565 = LINE('',#566,#567);
#566 = CARTESIAN_POINT('',(-7.320508075689E-03,1.25));
#567 = VECTOR('',#568,1.);
#568 = DIRECTION('',(0.,1.));
#569 = ( GEOMETRIC_REPRESENTATION_CONTEXT(2) 
PARAMETRIC_REPRESENTATION_CONTEXT() REPRESENTATION_CONTEXT('2D SPACE',''
  ) );
#570 = PCURVE('',#571,#576);
#571 = CYLINDRICAL_SURFACE('',#572,2.E-02);
#572 = AXIS2_PLACEMENT_3D('',#573,#574,#575);
#573 = CARTESIAN_POINT('',(0.5,0.38,0.38));
#574 = DIRECTION('',(1.,0.,0.));
#575 = DIRECTION('',(0.,0.,-1.));
#576 = DEFINITIONAL_REPRESENTATION('',(#577),#581);
#577 = LINE('',#578,#579);
#578 = CARTESIAN_POINT('',(2.094395102393,0.));
#579 = VECTOR('',#580,1.);
#580 = DIRECTION('',(0.,1.));
#581 = ( GEOMETRIC_REPRESENTATION_CONTEXT(2) 
PARAMETRIC_REPRESENTATION_CONTEXT() REPRESENTATION_CONTEXT('2D SPACE',''
  ) );
#582 = ADVANCED_FACE('',(#583),#598,.T.);
#583 = FACE_BOUND('',#584,.T.);
#584 = EDGE_LOOP('',(#585,#621,#644,#672));
#585 = ORIENTED_EDGE('',*,*,#586,.F.);
#586 = EDGE_CURVE('',#587,#589,#591,.T.);
#587 = VERTEX_POINT('',#588);
#588 = CARTESIAN_POINT('',(-0.548184795385,-0.38,0.39));
#589 = VERTEX_POINT('',#590);
#590 = CARTESIAN_POINT('',(-0.549684095589,0.38,0.39));
#591 = SURFACE_CURVE('',#592,(#597,#609),.PCURVE_S1.);
#592 = CIRCLE('',#593,1.5);
#593 = AXIS2_PLACEMENT_3D('',#594,#595,#596);
#594 = CARTESIAN_POINT('',(-2.,-2.862609056759E-03,0.39));
#595 = DIRECTION('',(0.,-1.084202172486E-16,1.));
#596 = DIRECTION('',(0.,-1.,-1.084202172486E-16));
#597 = PCURVE('',#598,#603);
#598 = PLANE('',#599);
#599 = AXIS2_PLACEMENT_3D('',#600,#601,#602);
#600 = CARTESIAN_POINT('',(-0.75,0.39,0.39));
#601 = DIRECTION('',(0.,-1.390002785238E-16,1.));
#602 = DIRECTION('',(0.,-1.,-1.390002785238E-16));
#603 = DEFINITIONAL_REPRESENTATION('',(#604),#608);
#604 = CIRCLE('',#605,1.5);
#605 = AXIS2_PLACEMENT_2D('',#606,#607);
#606 = CARTESIAN_POINT('',(0.392862609057,-1.25));
#607 = DIRECTION('',(1.,0.));
#608 = ( GEOMETRIC_REPRESENTATION_CONTEXT(2) 
PARAMETRIC_REPRESENTATION_CONTEXT() REPRESENTATION_CONTEXT('2D SPACE',''
  ) );
#609 = PCURVE('',#610,#615);
#610 = CYLINDRICAL_SURFACE('',#611,1.5);
#611 = AXIS2_PLACEMENT_3D('',#612,#613,#614);
#612 = CARTESIAN_POINT('',(-2.,-2.862609056759E-03,0.39));
#613 = DIRECTION('',(-0.,-1.084202172486E-16,1.));
#614 = DIRECTION('',(0.,-1.,-1.084202172486E-16));
#615 = DEFINITIONAL_REPRESENTATION('',(#616),#620);
#616 = LINE('',#617,#618);
#617 = CARTESIAN_POINT('',(0.,0.));
#618 = VECTOR('',#619,1.);
#619 = DIRECTION('',(1.,0.));
#620 = ( GEOMETRIC_REPRESENTATION_CONTEXT(2) 
PARAMETRIC_REPRESENTATION_CONTEXT() REPRESENTATION_CONTEXT('2D SPACE',''
  ) );
#621 = ORIENTED_EDGE('',*,*,#622,.T.);
#622 = EDGE_CURVE('',#587,#623,#625,.T.);
#623 = VERTEX_POINT('',#624);
#624 = CARTESIAN_POINT('',(0.548184795385,-0.38,0.39));
#625 = SURFACE_CURVE('',#626,(#630,#637),.PCURVE_S1.);
#626 = LINE('',#627,#628);
#627 = CARTESIAN_POINT('',(-0.75,-0.38,0.39));
#628 = VECTOR('',#629,1.);
#629 = DIRECTION('',(1.,0.,0.));
#630 = PCURVE('',#598,#631);
#631 = DEFINITIONAL_REPRESENTATION('',(#632),#636);
#632 = LINE('',#633,#634);
#633 = CARTESIAN_POINT('',(0.77,0.));
#634 = VECTOR('',#635,1.);
#635 = DIRECTION('',(0.,1.));
#636 = ( GEOMETRIC_REPRESENTATION_CONTEXT(2) 
PARAMETRIC_REPRESENTATION_CONTEXT() REPRESENTATION_CONTEXT('2D SPACE',''
  ) );
#637 = PCURVE('',#434,#638);
#638 = DEFINITIONAL_REPRESENTATION('',(#639),#643);
#639 = LINE('',#640,#641);
#640 = CARTESIAN_POINT('',(3.14159265359,0.));
#641 = VECTOR('',#642,1.);
#642 = DIRECTION('',(0.,1.));
#643 = ( GEOMETRIC_REPRESENTATION_CONTEXT(2) 
PARAMETRIC_REPRESENTATION_CONTEXT() REPRESENTATION_CONTEXT('2D SPACE',''
  ) );
#644 = ORIENTED_EDGE('',*,*,#645,.T.);
#645 = EDGE_CURVE('',#623,#646,#648,.T.);
#646 = VERTEX_POINT('',#647);
#647 = CARTESIAN_POINT('',(0.549684095589,0.38,0.39));
#648 = SURFACE_CURVE('',#649,(#654,#665),.PCURVE_S1.);
#649 = CIRCLE('',#650,1.5);
#650 = AXIS2_PLACEMENT_3D('',#651,#652,#653);
#651 = CARTESIAN_POINT('',(2.,-2.862609056759E-03,0.39));
#652 = DIRECTION('',(0.,1.084202172486E-16,-1.));
#653 = DIRECTION('',(0.,-1.,-1.084202172486E-16));
#654 = PCURVE('',#598,#655);
#655 = DEFINITIONAL_REPRESENTATION('',(#656),#664);
#656 = ( BOUNDED_CURVE() B_SPLINE_CURVE(2,(#657,#658,#659,#660,#661,#662
,#663),.UNSPECIFIED.,.T.,.F.) B_SPLINE_CURVE_WITH_KNOTS((1,2,2,2,2,1),(
    -2.094395102393,0.,2.094395102393,4.188790204786,6.28318530718,
8.377580409573),.UNSPECIFIED.) CURVE() GEOMETRIC_REPRESENTATION_ITEM() 
RATIONAL_B_SPLINE_CURVE((1.,0.5,1.,0.5,1.,0.5,1.)) REPRESENTATION_ITEM(
  '') );
#657 = CARTESIAN_POINT('',(1.892862609057,2.75));
#658 = CARTESIAN_POINT('',(1.892862609057,0.151923788647));
#659 = CARTESIAN_POINT('',(-0.357137390943,1.450961894323));
#660 = CARTESIAN_POINT('',(-2.607137390943,2.75));
#661 = CARTESIAN_POINT('',(-0.357137390943,4.049038105677));
#662 = CARTESIAN_POINT('',(1.892862609057,5.348076211353));
#663 = CARTESIAN_POINT('',(1.892862609057,2.75));
#664 = ( GEOMETRIC_REPRESENTATION_CONTEXT(2) 
PARAMETRIC_REPRESENTATION_CONTEXT() REPRESENTATION_CONTEXT('2D SPACE',''
  ) );
#665 = PCURVE('',#309,#666);
#666 = DEFINITIONAL_REPRESENTATION('',(#667),#671);
#667 = LINE('',#668,#669);
#668 = CARTESIAN_POINT('',(6.28318530718,0.));
#669 = VECTOR('',#670,1.);
#670 = DIRECTION('',(-1.,0.));
#671 = ( GEOMETRIC_REPRESENTATION_CONTEXT(2) 
PARAMETRIC_REPRESENTATION_CONTEXT() REPRESENTATION_CONTEXT('2D SPACE',''
  ) );
#672 = ORIENTED_EDGE('',*,*,#673,.T.);
#673 = EDGE_CURVE('',#646,#589,#674,.T.);
#674 = SURFACE_CURVE('',#675,(#679,#686),.PCURVE_S1.);
#675 = LINE('',#676,#677);
#676 = CARTESIAN_POINT('',(-0.75,0.38,0.39));
#677 = VECTOR('',#678,1.);
#678 = DIRECTION('',(-1.,-0.,-0.));
#679 = PCURVE('',#598,#680);
#680 = DEFINITIONAL_REPRESENTATION('',(#681),#685);
#681 = LINE('',#682,#683);
#682 = CARTESIAN_POINT('',(1.E-02,0.));
#683 = VECTOR('',#684,1.);
#684 = DIRECTION('',(0.,-1.));
#685 = ( GEOMETRIC_REPRESENTATION_CONTEXT(2) 
PARAMETRIC_REPRESENTATION_CONTEXT() REPRESENTATION_CONTEXT('2D SPACE',''
  ) );
#686 = PCURVE('',#150,#687);
#687 = DEFINITIONAL_REPRESENTATION('',(#688),#692);
#688 = LINE('',#689,#690);
#689 = CARTESIAN_POINT('',(3.14159265359,0.));
#690 = VECTOR('',#691,1.);
#691 = DIRECTION('',(0.,-1.));
#692 = ( GEOMETRIC_REPRESENTATION_CONTEXT(2) 
PARAMETRIC_REPRESENTATION_CONTEXT() REPRESENTATION_CONTEXT('2D SPACE',''
  ) );
#693 = ADVANCED_FACE('',(#694),#708,.T.);
#694 = FACE_BOUND('',#695,.T.);
#695 = EDGE_LOOP('',(#696,#726,#754));
#696 = ORIENTED_EDGE('',*,*,#697,.T.);
#697 = EDGE_CURVE('',#698,#700,#702,.T.);
#698 = VERTEX_POINT('',#699);
#699 = CARTESIAN_POINT('',(0.55081932095,0.390000000001,-0.39732050808)
  );
#700 = VERTEX_POINT('',#701);
#701 = CARTESIAN_POINT('',(0.550819320949,0.39,-0.384274781886));
#702 = SURFACE_CURVE('',#703,(#707,#719),.PCURVE_S1.);
#703 = LINE('',#704,#705);
#704 = CARTESIAN_POINT('',(0.550819320949,0.39,-0.39));
#705 = VECTOR('',#706,1.);
#706 = DIRECTION('',(0.,-1.084202172486E-16,1.));
#707 = PCURVE('',#708,#713);
#708 = PLANE('',#709);
#709 = AXIS2_PLACEMENT_3D('',#710,#711,#712);
#710 = CARTESIAN_POINT('',(-0.75,0.39,0.39));
#711 = DIRECTION('',(-0.,1.,0.));
#712 = DIRECTION('',(0.,0.,1.));
#713 = DEFINITIONAL_REPRESENTATION('',(#714),#718);
#714 = LINE('',#715,#716);
#715 = CARTESIAN_POINT('',(-0.78,1.300819320949));
#716 = VECTOR('',#717,1.);
#717 = DIRECTION('',(1.,0.));
#718 = ( GEOMETRIC_REPRESENTATION_CONTEXT(2) 
PARAMETRIC_REPRESENTATION_CONTEXT() REPRESENTATION_CONTEXT('2D SPACE',''
  ) );
#719 = PCURVE('',#245,#720);
#720 = DEFINITIONAL_REPRESENTATION('',(#721),#725);
#721 = LINE('',#722,#723);
#722 = CARTESIAN_POINT('',(4.973435331247,4.052314039882E-15));
#723 = VECTOR('',#724,1.);
#724 = DIRECTION('',(0.,-1.));
#725 = ( GEOMETRIC_REPRESENTATION_CONTEXT(2) 
PARAMETRIC_REPRESENTATION_CONTEXT() REPRESENTATION_CONTEXT('2D SPACE',''
  ) );
#726 = ORIENTED_EDGE('',*,*,#727,.T.);
#727 = EDGE_CURVE('',#700,#728,#730,.T.);
#728 = VERTEX_POINT('',#729);
#729 = CARTESIAN_POINT('',(0.554367448913,0.39,-0.397320508076));
#730 = SURFACE_CURVE('',#731,(#736,#747),.PCURVE_S1.);
#731 = CIRCLE('',#732,1.5);
#732 = AXIS2_PLACEMENT_3D('',#733,#734,#735);
#733 = CARTESIAN_POINT('',(2.,0.39,2.862609056754E-03));
#734 = DIRECTION('',(0.,-1.,1.036602379928E-14));
#735 = DIRECTION('',(0.,1.036602379928E-14,1.));
#736 = PCURVE('',#708,#737);
#737 = DEFINITIONAL_REPRESENTATION('',(#738),#746);
#738 = ( BOUNDED_CURVE() B_SPLINE_CURVE(2,(#739,#740,#741,#742,#743,#744
,#745),.UNSPECIFIED.,.T.,.F.) B_SPLINE_CURVE_WITH_KNOTS((1,2,2,2,2,1),(
    -2.094395102393,0.,2.094395102393,4.188790204786,6.28318530718,
8.377580409573),.UNSPECIFIED.) CURVE() GEOMETRIC_REPRESENTATION_ITEM() 
RATIONAL_B_SPLINE_CURVE((1.,0.5,1.,0.5,1.,0.5,1.)) REPRESENTATION_ITEM(
  '') );
#739 = CARTESIAN_POINT('',(1.112862609057,2.75));
#740 = CARTESIAN_POINT('',(1.112862609057,0.151923788647));
#741 = CARTESIAN_POINT('',(-1.137137390943,1.450961894323));
#742 = CARTESIAN_POINT('',(-3.387137390943,2.75));
#743 = CARTESIAN_POINT('',(-1.137137390943,4.049038105677));
#744 = CARTESIAN_POINT('',(1.112862609057,5.348076211353));
#745 = CARTESIAN_POINT('',(1.112862609057,2.75));
#746 = ( GEOMETRIC_REPRESENTATION_CONTEXT(2) 
PARAMETRIC_REPRESENTATION_CONTEXT() REPRESENTATION_CONTEXT('2D SPACE',''
  ) );
#747 = PCURVE('',#67,#748);
#748 = DEFINITIONAL_REPRESENTATION('',(#749),#753);
#749 = LINE('',#750,#751);
#750 = CARTESIAN_POINT('',(6.28318530718,1.133770717403E-14));
#751 = VECTOR('',#752,1.);
#752 = DIRECTION('',(-1.,-6.158932838725E-15));
#753 = ( GEOMETRIC_REPRESENTATION_CONTEXT(2) 
PARAMETRIC_REPRESENTATION_CONTEXT() REPRESENTATION_CONTEXT('2D SPACE',''
  ) );
#754 = ORIENTED_EDGE('',*,*,#755,.F.);
#755 = EDGE_CURVE('',#698,#728,#756,.T.);
#756 = SURFACE_CURVE('',#757,(#761,#768),.PCURVE_S1.);
#757 = LINE('',#758,#759);
#758 = CARTESIAN_POINT('',(0.5,0.39,-0.397320508076));
#759 = VECTOR('',#760,1.);
#760 = DIRECTION('',(1.,0.,0.));
#761 = PCURVE('',#708,#762);
#762 = DEFINITIONAL_REPRESENTATION('',(#763),#767);
#763 = LINE('',#764,#765);
#764 = CARTESIAN_POINT('',(-0.787320508076,1.25));
#765 = VECTOR('',#766,1.);
#766 = DIRECTION('',(0.,1.));
#767 = ( GEOMETRIC_REPRESENTATION_CONTEXT(2) 
PARAMETRIC_REPRESENTATION_CONTEXT() REPRESENTATION_CONTEXT('2D SPACE',''
  ) );
#768 = PCURVE('',#769,#774);
#769 = CYLINDRICAL_SURFACE('',#770,2.E-02);
#770 = AXIS2_PLACEMENT_3D('',#771,#772,#773);
#771 = CARTESIAN_POINT('',(0.5,0.38,-0.38));
#772 = DIRECTION('',(1.,0.,0.));
#773 = DIRECTION('',(0.,0.,-1.));
#774 = DEFINITIONAL_REPRESENTATION('',(#775),#779);
#775 = LINE('',#776,#777);
#776 = CARTESIAN_POINT('',(0.523598775598,0.));
#777 = VECTOR('',#778,1.);
#778 = DIRECTION('',(0.,1.));
#779 = ( GEOMETRIC_REPRESENTATION_CONTEXT(2) 
PARAMETRIC_REPRESENTATION_CONTEXT() REPRESENTATION_CONTEXT('2D SPACE',''
  ) );
#780 = ADVANCED_FACE('',(#781),#795,.T.);
#781 = FACE_BOUND('',#782,.T.);
#782 = EDGE_LOOP('',(#783,#813,#841));
#783 = ORIENTED_EDGE('',*,*,#784,.F.);
#784 = EDGE_CURVE('',#785,#787,#789,.T.);
#785 = VERTEX_POINT('',#786);
#786 = CARTESIAN_POINT('',(0.550819320949,-0.384274781886,-0.39));
#787 = VERTEX_POINT('',#788);
#788 = CARTESIAN_POINT('',(0.550819320949,-0.397320508076,-0.39));
#789 = SURFACE_CURVE('',#790,(#794,#806),.PCURVE_S1.);
#790 = LINE('',#791,#792);
#791 = CARTESIAN_POINT('',(0.550819320949,-0.39,-0.39));
#792 = VECTOR('',#793,1.);
#793 = DIRECTION('',(-0.,-1.,3.383061121595E-15));
#794 = PCURVE('',#795,#800);
#795 = PLANE('',#796);
#796 = AXIS2_PLACEMENT_3D('',#797,#798,#799);
#797 = CARTESIAN_POINT('',(-0.75,0.39,-0.39));
#798 = DIRECTION('',(0.,2.085004177857E-16,-1.));
#799 = DIRECTION('',(0.,1.,2.085004177857E-16));
#800 = DEFINITIONAL_REPRESENTATION('',(#801),#805);
#801 = LINE('',#802,#803);
#802 = CARTESIAN_POINT('',(-0.78,1.300819320949));
#803 = VECTOR('',#804,1.);
#804 = DIRECTION('',(-1.,0.));
#805 = ( GEOMETRIC_REPRESENTATION_CONTEXT(2) 
PARAMETRIC_REPRESENTATION_CONTEXT() REPRESENTATION_CONTEXT('2D SPACE',''
  ) );
#806 = PCURVE('',#342,#807);
#807 = DEFINITIONAL_REPRESENTATION('',(#808),#812);
#808 = LINE('',#809,#810);
#809 = CARTESIAN_POINT('',(4.973435331247,-1.387778780781E-15));
#810 = VECTOR('',#811,1.);
#811 = DIRECTION('',(0.,1.));
#812 = ( GEOMETRIC_REPRESENTATION_CONTEXT(2) 
PARAMETRIC_REPRESENTATION_CONTEXT() REPRESENTATION_CONTEXT('2D SPACE',''
  ) );
#813 = ORIENTED_EDGE('',*,*,#814,.T.);
#814 = EDGE_CURVE('',#785,#815,#817,.T.);
#815 = VERTEX_POINT('',#816);
#816 = CARTESIAN_POINT('',(0.554367448913,-0.397320508076,-0.39));
#817 = SURFACE_CURVE('',#818,(#823,#834),.PCURVE_S1.);
#818 = CIRCLE('',#819,1.5);
#819 = AXIS2_PLACEMENT_3D('',#820,#821,#822);
#820 = CARTESIAN_POINT('',(2.,2.862609056759E-03,-0.39));
#821 = DIRECTION('',(0.,-1.084202172486E-16,1.));
#822 = DIRECTION('',(0.,1.,1.084202172486E-16));
#823 = PCURVE('',#795,#824);
#824 = DEFINITIONAL_REPRESENTATION('',(#825),#833);
#825 = ( BOUNDED_CURVE() B_SPLINE_CURVE(2,(#826,#827,#828,#829,#830,#831
,#832),.UNSPECIFIED.,.T.,.F.) B_SPLINE_CURVE_WITH_KNOTS((1,2,2,2,2,1),(
    -2.094395102393,0.,2.094395102393,4.188790204786,6.28318530718,
8.377580409573),.UNSPECIFIED.) CURVE() GEOMETRIC_REPRESENTATION_ITEM() 
RATIONAL_B_SPLINE_CURVE((1.,0.5,1.,0.5,1.,0.5,1.)) REPRESENTATION_ITEM(
  '') );
#826 = CARTESIAN_POINT('',(1.112862609057,2.75));
#827 = CARTESIAN_POINT('',(1.112862609057,0.151923788647));
#828 = CARTESIAN_POINT('',(-1.137137390943,1.450961894323));
#829 = CARTESIAN_POINT('',(-3.387137390943,2.75));
#830 = CARTESIAN_POINT('',(-1.137137390943,4.049038105677));
#831 = CARTESIAN_POINT('',(1.112862609057,5.348076211353));
#832 = CARTESIAN_POINT('',(1.112862609057,2.75));
#833 = ( GEOMETRIC_REPRESENTATION_CONTEXT(2) 
PARAMETRIC_REPRESENTATION_CONTEXT() REPRESENTATION_CONTEXT('2D SPACE',''
  ) );
#834 = PCURVE('',#245,#835);
#835 = DEFINITIONAL_REPRESENTATION('',(#836),#840);
#836 = LINE('',#837,#838);
#837 = CARTESIAN_POINT('',(6.28318530718,0.));
#838 = VECTOR('',#839,1.);
#839 = DIRECTION('',(-1.,0.));
#840 = ( GEOMETRIC_REPRESENTATION_CONTEXT(2) 
PARAMETRIC_REPRESENTATION_CONTEXT() REPRESENTATION_CONTEXT('2D SPACE',''
  ) );
#841 = ORIENTED_EDGE('',*,*,#842,.F.);
#842 = EDGE_CURVE('',#787,#815,#843,.T.);
#843 = SURFACE_CURVE('',#844,(#848,#855),.PCURVE_S1.);
#844 = LINE('',#845,#846);
#845 = CARTESIAN_POINT('',(0.5,-0.397320508076,-0.39));
#846 = VECTOR('',#847,1.);
#847 = DIRECTION('',(1.,0.,0.));
#848 = PCURVE('',#795,#849);
#849 = DEFINITIONAL_REPRESENTATION('',(#850),#854);
#850 = LINE('',#851,#852);
#851 = CARTESIAN_POINT('',(-0.787320508076,1.25));
#852 = VECTOR('',#853,1.);
#853 = DIRECTION('',(0.,1.));
#854 = ( GEOMETRIC_REPRESENTATION_CONTEXT(2) 
PARAMETRIC_REPRESENTATION_CONTEXT() REPRESENTATION_CONTEXT('2D SPACE',''
  ) );
#855 = PCURVE('',#856,#861);
#856 = CYLINDRICAL_SURFACE('',#857,2.E-02);
#857 = AXIS2_PLACEMENT_3D('',#858,#859,#860);
#858 = CARTESIAN_POINT('',(0.5,-0.38,-0.38));
#859 = DIRECTION('',(1.,0.,0.));
#860 = DIRECTION('',(0.,0.,-1.));
#861 = DEFINITIONAL_REPRESENTATION('',(#862),#866);
#862 = LINE('',#863,#864);
#863 = CARTESIAN_POINT('',(5.235987755983,0.));
#864 = VECTOR('',#865,1.);
#865 = DIRECTION('',(0.,1.));
#866 = ( GEOMETRIC_REPRESENTATION_CONTEXT(2) 
PARAMETRIC_REPRESENTATION_CONTEXT() REPRESENTATION_CONTEXT('2D SPACE',''
  ) );
#867 = ADVANCED_FACE('',(#868),#882,.T.);
#868 = FACE_BOUND('',#869,.T.);
#869 = EDGE_LOOP('',(#870,#905,#979,#1007,#1058,#1086,#1157,#1185,#1215)
  );
#870 = ORIENTED_EDGE('',*,*,#871,.T.);
#871 = EDGE_CURVE('',#872,#874,#876,.T.);
#872 = VERTEX_POINT('',#873);
#873 = CARTESIAN_POINT('',(-0.554367448913,-0.397320508076,-0.39));
#874 = VERTEX_POINT('',#875);
#875 = CARTESIAN_POINT('',(-0.550819320949,-0.397320508076,-0.39));
#876 = SURFACE_CURVE('',#877,(#881,#893),.PCURVE_S1.);
#877 = LINE('',#878,#879);
#878 = CARTESIAN_POINT('',(-0.5,-0.397320508076,-0.39));
#879 = VECTOR('',#880,1.);
#880 = DIRECTION('',(1.,-0.,-0.));
#881 = PCURVE('',#882,#887);
#882 = CYLINDRICAL_SURFACE('',#883,2.E-02);
#883 = AXIS2_PLACEMENT_3D('',#884,#885,#886);
#884 = CARTESIAN_POINT('',(-0.5,-0.38,-0.38));
#885 = DIRECTION('',(-1.,0.,0.));
#886 = DIRECTION('',(0.,0.,1.));
#887 = DEFINITIONAL_REPRESENTATION('',(#888),#892);
#888 = LINE('',#889,#890);
#889 = CARTESIAN_POINT('',(4.188790204786,0.));
#890 = VECTOR('',#891,1.);
#891 = DIRECTION('',(0.,-1.));
#892 = ( GEOMETRIC_REPRESENTATION_CONTEXT(2) 
PARAMETRIC_REPRESENTATION_CONTEXT() REPRESENTATION_CONTEXT('2D SPACE',''
  ) );
#893 = PCURVE('',#894,#899);
#894 = PLANE('',#895);
#895 = AXIS2_PLACEMENT_3D('',#896,#897,#898);
#896 = CARTESIAN_POINT('',(-0.75,0.39,-0.39));
#897 = DIRECTION('',(0.,2.085004177857E-16,-1.));
#898 = DIRECTION('',(0.,1.,2.085004177857E-16));
#899 = DEFINITIONAL_REPRESENTATION('',(#900),#904);
#900 = LINE('',#901,#902);
#901 = CARTESIAN_POINT('',(-0.787320508076,0.25));
#902 = VECTOR('',#903,1.);
#903 = DIRECTION('',(0.,1.));
#904 = ( GEOMETRIC_REPRESENTATION_CONTEXT(2) 
PARAMETRIC_REPRESENTATION_CONTEXT() REPRESENTATION_CONTEXT('2D SPACE',''
  ) );
#905 = ORIENTED_EDGE('',*,*,#906,.T.);
#906 = EDGE_CURVE('',#874,#907,#909,.T.);
#907 = VERTEX_POINT('',#908);
#908 = CARTESIAN_POINT('',(-0.548184795385,-0.4,-0.38));
#909 = SURFACE_CURVE('',#910,(#921,#950),.PCURVE_S1.);
#910 = B_SPLINE_CURVE_WITH_KNOTS('',3,(#911,#912,#913,#914,#915,#916,
    #917,#918,#919,#920),.UNSPECIFIED.,.F.,.F.,(4,3,3,4),(
    8.465359080755E-05,8.803951115272E-05,9.505544822642E-05,
    9.539920152331E-05),.UNSPECIFIED.);
#911 = CARTESIAN_POINT('',(-0.550819320949,-0.397320508076,-0.39));
#912 = CARTESIAN_POINT('',(-0.550563942019,-0.397872435346,
    -0.389044033925));
#913 = CARTESIAN_POINT('',(-0.550297061429,-0.39834526714,
    -0.388041171547));
#914 = CARTESIAN_POINT('',(-0.550024210693,-0.398730771164,
    -0.387011291763));
#915 = CARTESIAN_POINT('',(-0.549461031138,-0.399526473558,
    -0.384885560877));
#916 = CARTESIAN_POINT('',(-0.548860761562,-0.399959046465,
    -0.382599858032));
#917 = CARTESIAN_POINT('',(-0.548272332531,-0.399997163641,
    -0.380336819441));
#918 = CARTESIAN_POINT('',(-0.548243143367,-0.399999054452,
    -0.380224560865));
#919 = CARTESIAN_POINT('',(-0.548213962378,-0.4,-0.38011228026));
#920 = CARTESIAN_POINT('',(-0.548184795385,-0.4,-0.38));
#921 = PCURVE('',#882,#922);
#922 = DEFINITIONAL_REPRESENTATION('',(#923),#949);
#923 = B_SPLINE_CURVE_WITH_KNOTS('',3,(#924,#925,#926,#927,#928,#929,
    #930,#931,#932,#933,#934,#935,#936,#937,#938,#939,#940,#941,#942,
    #943,#944,#945,#946,#947,#948),.UNSPECIFIED.,.F.,.F.,(4,1,1,1,1,1,1,
    1,1,1,1,1,1,1,1,1,1,1,1,1,1,1,4),(8.465359080755E-05,
    8.514202765826E-05,8.563046450898E-05,8.61189013597E-05,
    8.660733821041E-05,8.709577506113E-05,8.758421191185E-05,
    8.807264876256E-05,8.856108561328E-05,8.904952246399E-05,
    8.953795931471E-05,9.002639616543E-05,9.051483301614E-05,
    9.100326986686E-05,9.149170671758E-05,9.198014356829E-05,
    9.246858041901E-05,9.295701726973E-05,9.344545412044E-05,
    9.393389097116E-05,9.442232782187E-05,9.491076467259E-05,
    9.539920152331E-05),.QUASI_UNIFORM_KNOTS.);
#924 = CARTESIAN_POINT('',(4.188790204786,5.081932094937E-02));
#925 = CARTESIAN_POINT('',(4.196752030728,5.078248119299E-02));
#926 = CARTESIAN_POINT('',(4.212677966282,5.070832296839E-02));
#927 = CARTESIAN_POINT('',(4.23656801324,5.059574932765E-02));
#928 = CARTESIAN_POINT('',(4.260453720124,5.048193840802E-02));
#929 = CARTESIAN_POINT('',(4.284328820325,5.036699205792E-02));
#930 = CARTESIAN_POINT('',(4.308189125317,5.025100163866E-02));
#931 = CARTESIAN_POINT('',(4.332022470531,5.013409763652E-02));
#932 = CARTESIAN_POINT('',(4.355846455161,5.001626452499E-02));
#933 = CARTESIAN_POINT('',(4.379531274281,4.989821347507E-02));
#934 = CARTESIAN_POINT('',(4.403290249888,4.977896081421E-02));
#935 = CARTESIAN_POINT('',(4.427060335151,4.965889571993E-02));
#936 = CARTESIAN_POINT('',(4.450852109033,4.95380395166E-02));
#937 = CARTESIAN_POINT('',(4.474656070053,4.941651209105E-02));
#938 = CARTESIAN_POINT('',(4.498467816953,4.929440693347E-02));
#939 = CARTESIAN_POINT('',(4.522281390092,4.917182455819E-02));
#940 = CARTESIAN_POINT('',(4.546091088863,4.904886377952E-02));
#941 = CARTESIAN_POINT('',(4.569891228416,4.892562318782E-02));
#942 = CARTESIAN_POINT('',(4.593675665363,4.880220396918E-02));
#943 = CARTESIAN_POINT('',(4.617440308529,4.867869715077E-02));
#944 = CARTESIAN_POINT('',(4.641173918887,4.855523179969E-02));
#945 = CARTESIAN_POINT('',(4.664892764133,4.843179498228E-02));
#946 = CARTESIAN_POINT('',(4.68851156016,4.830890372792E-02));
#947 = CARTESIAN_POINT('',(4.704387455517,4.822636605241E-02));
#948 = CARTESIAN_POINT('',(4.712388980385,4.818479538458E-02));
#949 = ( GEOMETRIC_REPRESENTATION_CONTEXT(2) 
PARAMETRIC_REPRESENTATION_CONTEXT() REPRESENTATION_CONTEXT('2D SPACE',''
  ) );
#950 = PCURVE('',#463,#951);
#951 = DEFINITIONAL_REPRESENTATION('',(#952),#978);
#952 = B_SPLINE_CURVE_WITH_KNOTS('',3,(#953,#954,#955,#956,#957,#958,
    #959,#960,#961,#962,#963,#964,#965,#966,#967,#968,#969,#970,#971,
    #972,#973,#974,#975,#976,#977),.UNSPECIFIED.,.F.,.F.,(4,1,1,1,1,1,1,
    1,1,1,1,1,1,1,1,1,1,1,1,1,1,1,4),(8.465359080755E-05,
    8.514202765826E-05,8.563046450898E-05,8.61189013597E-05,
    8.660733821041E-05,8.709577506113E-05,8.758421191185E-05,
    8.807264876256E-05,8.856108561328E-05,8.904952246399E-05,
    8.953795931471E-05,9.002639616543E-05,9.051483301614E-05,
    9.100326986686E-05,9.149170671758E-05,9.198014356829E-05,
    9.246858041901E-05,9.295701726973E-05,9.344545412044E-05,
    9.393389097116E-05,9.442232782187E-05,9.491076467259E-05,
    9.539920152331E-05),.QUASI_UNIFORM_KNOTS.);
#953 = CARTESIAN_POINT('',(1.309749975933,7.320508075688E-03));
#954 = CARTESIAN_POINT('',(1.309845135319,7.40012649269E-03));
#955 = CARTESIAN_POINT('',(1.310036793618,7.55607147544E-03));
#956 = CARTESIAN_POINT('',(1.310328051403,7.779964792754E-03));
#957 = CARTESIAN_POINT('',(1.310622833357,7.993686663498E-03));
#958 = CARTESIAN_POINT('',(1.310920886031,8.197085201374E-03));
#959 = CARTESIAN_POINT('',(1.311221983035,8.390025592954E-03));
#960 = CARTESIAN_POINT('',(1.311525797036,8.57230932986E-03));
#961 = CARTESIAN_POINT('',(1.311832377425,8.743975610657E-03));
#962 = CARTESIAN_POINT('',(1.312139894651,8.903917952652E-03));
#963 = CARTESIAN_POINT('',(1.312450918437,9.053543470356E-03));
#964 = CARTESIAN_POINT('',(1.3127644367,9.192394714953E-03));
#965 = CARTESIAN_POINT('',(1.313080397097,9.3205138458E-03));
#966 = CARTESIAN_POINT('',(1.31339849013,9.437809152891E-03));
#967 = CARTESIAN_POINT('',(1.313718475174,9.544224795507E-03));
#968 = CARTESIAN_POINT('',(1.314040093277,9.639695325135E-03));
#969 = CARTESIAN_POINT('',(1.314363089917,9.724157855151E-03));
#970 = CARTESIAN_POINT('',(1.314687211183,9.797548859172E-03));
#971 = CARTESIAN_POINT('',(1.315012196292,9.859804807965E-03));
#972 = CARTESIAN_POINT('',(1.315337811348,9.91086282345E-03));
#973 = CARTESIAN_POINT('',(1.315663721787,9.950657425793E-03));
#974 = CARTESIAN_POINT('',(1.315989968836,9.979132891013E-03));
#975 = CARTESIAN_POINT('',(1.316315191243,9.996197073475E-03));
#976 = CARTESIAN_POINT('',(1.316533905007,9.999994863365E-03));
#977 = CARTESIAN_POINT('',(1.316644132831,1.E-02));
#978 = ( GEOMETRIC_REPRESENTATION_CONTEXT(2) 
PARAMETRIC_REPRESENTATION_CONTEXT() REPRESENTATION_CONTEXT('2D SPACE',''
  ) );
#979 = ORIENTED_EDGE('',*,*,#980,.F.);
#980 = EDGE_CURVE('',#981,#907,#983,.T.);
#981 = VERTEX_POINT('',#982);
#982 = CARTESIAN_POINT('',(-0.78,-0.4,-0.38));
#983 = SURFACE_CURVE('',#984,(#988,#995),.PCURVE_S1.);
#984 = LINE('',#985,#986);
#985 = CARTESIAN_POINT('',(-0.5,-0.4,-0.38));
#986 = VECTOR('',#987,1.);
#987 = DIRECTION('',(1.,-0.,-0.));
#988 = PCURVE('',#882,#989);
#989 = DEFINITIONAL_REPRESENTATION('',(#990),#994);
#990 = LINE('',#991,#992);
#991 = CARTESIAN_POINT('',(4.712388980385,0.));
#992 = VECTOR('',#993,1.);
#993 = DIRECTION('',(0.,-1.));
#994 = ( GEOMETRIC_REPRESENTATION_CONTEXT(2) 
PARAMETRIC_REPRESENTATION_CONTEXT() REPRESENTATION_CONTEXT('2D SPACE',''
  ) );
#995 = PCURVE('',#996,#1001);
#996 = PLANE('',#997);
#997 = AXIS2_PLACEMENT_3D('',#998,#999,#1000);
#998 = CARTESIAN_POINT('',(-0.5,-0.4,0.4));
#999 = DIRECTION('',(0.,1.,0.));
#1000 = DIRECTION('',(0.,-0.,1.));
#1001 = DEFINITIONAL_REPRESENTATION('',(#1002),#1006);
#1002 = LINE('',#1003,#1004);
#1003 = CARTESIAN_POINT('',(-0.78,0.));
#1004 = VECTOR('',#1005,1.);
#1005 = DIRECTION('',(0.,1.));
#1006 = ( GEOMETRIC_REPRESENTATION_CONTEXT(2) 
PARAMETRIC_REPRESENTATION_CONTEXT() REPRESENTATION_CONTEXT('2D SPACE',''
  ) );
#1007 = ORIENTED_EDGE('',*,*,#1008,.F.);
#1008 = EDGE_CURVE('',#1009,#981,#1011,.T.);
#1009 = VERTEX_POINT('',#1010);
#1010 = CARTESIAN_POINT('',(-0.78,-0.38,-0.4));
#1011 = SURFACE_CURVE('',#1012,(#1017,#1024),.PCURVE_S1.);
#1012 = CIRCLE('',#1013,2.E-02);
#1013 = AXIS2_PLACEMENT_3D('',#1014,#1015,#1016);
#1014 = CARTESIAN_POINT('',(-0.78,-0.38,-0.38));
#1015 = DIRECTION('',(-1.,0.,-0.));
#1016 = DIRECTION('',(-0.,0.,1.));
#1017 = PCURVE('',#882,#1018);
#1018 = DEFINITIONAL_REPRESENTATION('',(#1019),#1023);
#1019 = LINE('',#1020,#1021);
#1020 = CARTESIAN_POINT('',(0.,0.28));
#1021 = VECTOR('',#1022,1.);
#1022 = DIRECTION('',(1.,0.));
#1023 = ( GEOMETRIC_REPRESENTATION_CONTEXT(2) 
PARAMETRIC_REPRESENTATION_CONTEXT() REPRESENTATION_CONTEXT('2D SPACE',''
  ) );
#1024 = PCURVE('',#1025,#1030);
#1025 = SPHERICAL_SURFACE('',#1026,2.E-02);
#1026 = AXIS2_PLACEMENT_3D('',#1027,#1028,#1029);
#1027 = CARTESIAN_POINT('',(-0.78,-0.38,-0.38));
#1028 = DIRECTION('',(0.,1.,0.));
#1029 = DIRECTION('',(1.,0.,0.));
#1030 = DEFINITIONAL_REPRESENTATION('',(#1031),#1057);
#1031 = B_SPLINE_CURVE_WITH_KNOTS('',3,(#1032,#1033,#1034,#1035,#1036,
    #1037,#1038,#1039,#1040,#1041,#1042,#1043,#1044,#1045,#1046,#1047,
    #1048,#1049,#1050,#1051,#1052,#1053,#1054,#1055,#1056),
  .UNSPECIFIED.,.F.,.F.,(4,1,1,1,1,1,1,1,1,1,1,1,1,1,1,1,1,1,1,1,1,1,4),
  (3.14159265359,3.212992486626,3.284392319662,3.355792152698,
    3.427191985734,3.49859181877,3.569991651807,3.641391484843,
    3.712791317879,3.784191150915,3.855590983951,3.926990816987,
    3.998390650023,4.06979048306,4.141190316096,4.212590149132,
    4.283989982168,4.355389815204,4.42678964824,4.498189481276,
    4.569589314312,4.640989147349,4.712388980385),
  .QUASI_UNIFORM_KNOTS.);
#1032 = CARTESIAN_POINT('',(1.570796326795,2.775557561563E-15));
#1033 = CARTESIAN_POINT('',(1.570796326795,-2.379994434537E-02));
#1034 = CARTESIAN_POINT('',(1.570796326795,-7.139983303613E-02));
#1035 = CARTESIAN_POINT('',(1.570796326795,-0.142799666072));
#1036 = CARTESIAN_POINT('',(1.570796326795,-0.214199499108));
#1037 = CARTESIAN_POINT('',(1.570796326795,-0.285599332145));
#1038 = CARTESIAN_POINT('',(1.570796326795,-0.356999165181));
#1039 = CARTESIAN_POINT('',(1.570796326795,-0.428398998217));
#1040 = CARTESIAN_POINT('',(1.570796326795,-0.499798831253));
#1041 = CARTESIAN_POINT('',(1.570796326795,-0.571198664289));
#1042 = CARTESIAN_POINT('',(1.570796326795,-0.642598497325));
#1043 = CARTESIAN_POINT('',(1.570796326795,-0.713998330361));
#1044 = CARTESIAN_POINT('',(1.570796326795,-0.785398163397));
#1045 = CARTESIAN_POINT('',(1.570796326795,-0.856797996434));
#1046 = CARTESIAN_POINT('',(1.570796326795,-0.92819782947));
#1047 = CARTESIAN_POINT('',(1.570796326795,-0.999597662506));
#1048 = CARTESIAN_POINT('',(1.570796326795,-1.070997495542));
#1049 = CARTESIAN_POINT('',(1.570796326795,-1.142397328578));
#1050 = CARTESIAN_POINT('',(1.570796326795,-1.213797161614));
#1051 = CARTESIAN_POINT('',(1.570796326795,-1.28519699465));
#1052 = CARTESIAN_POINT('',(1.570796326795,-1.356596827687));
#1053 = CARTESIAN_POINT('',(1.570796326795,-1.427996660723));
#1054 = CARTESIAN_POINT('',(1.570796326795,-1.499396493759));
#1055 = CARTESIAN_POINT('',(1.570796326795,-1.54699638245));
#1056 = CARTESIAN_POINT('',(1.570796326795,-1.570796326795));
#1057 = ( GEOMETRIC_REPRESENTATION_CONTEXT(2) 
PARAMETRIC_REPRESENTATION_CONTEXT() REPRESENTATION_CONTEXT('2D SPACE',''
  ) );
#1058 = ORIENTED_EDGE('',*,*,#1059,.F.);
#1059 = EDGE_CURVE('',#1060,#1009,#1062,.T.);
#1060 = VERTEX_POINT('',#1061);
#1061 = CARTESIAN_POINT('',(-0.549684095589,-0.38,-0.4));
#1062 = SURFACE_CURVE('',#1063,(#1067,#1074),.PCURVE_S1.);
#1063 = LINE('',#1064,#1065);
#1064 = CARTESIAN_POINT('',(-0.5,-0.38,-0.4));
#1065 = VECTOR('',#1066,1.);
#1066 = DIRECTION('',(-1.,0.,0.));
#1067 = PCURVE('',#882,#1068);
#1068 = DEFINITIONAL_REPRESENTATION('',(#1069),#1073);
#1069 = LINE('',#1070,#1071);
#1070 = CARTESIAN_POINT('',(3.14159265359,0.));
#1071 = VECTOR('',#1072,1.);
#1072 = DIRECTION('',(0.,1.));
#1073 = ( GEOMETRIC_REPRESENTATION_CONTEXT(2) 
PARAMETRIC_REPRESENTATION_CONTEXT() REPRESENTATION_CONTEXT('2D SPACE',''
  ) );
#1074 = PCURVE('',#1075,#1080);
#1075 = PLANE('',#1076);
#1076 = AXIS2_PLACEMENT_3D('',#1077,#1078,#1079);
#1077 = CARTESIAN_POINT('',(-0.5,0.4,-0.4));
#1078 = DIRECTION('',(0.,-1.355252715607E-16,1.));
#1079 = DIRECTION('',(0.,-1.,-1.355252715607E-16));
#1080 = DEFINITIONAL_REPRESENTATION('',(#1081),#1085);
#1081 = LINE('',#1082,#1083);
#1082 = CARTESIAN_POINT('',(0.78,0.));
#1083 = VECTOR('',#1084,1.);
#1084 = DIRECTION('',(-0.,-1.));
#1085 = ( GEOMETRIC_REPRESENTATION_CONTEXT(2) 
PARAMETRIC_REPRESENTATION_CONTEXT() REPRESENTATION_CONTEXT('2D SPACE',''
  ) );
#1086 = ORIENTED_EDGE('',*,*,#1087,.T.);
#1087 = EDGE_CURVE('',#1060,#1088,#1090,.T.);
#1088 = VERTEX_POINT('',#1089);
#1089 = CARTESIAN_POINT('',(-0.552360897738,-0.390000000008,
    -0.397320508087));
#1090 = SURFACE_CURVE('',#1091,(#1099,#1128),.PCURVE_S1.);
#1091 = B_SPLINE_CURVE_WITH_KNOTS('',3,(#1092,#1093,#1094,#1095,#1096,
    #1097,#1098),.UNSPECIFIED.,.F.,.F.,(4,3,4),(5.421010862428E-20,
    7.143265410873E-06,1.075925527362E-05),.UNSPECIFIED.);
#1092 = CARTESIAN_POINT('',(-0.549684095589,-0.38,-0.4));
#1093 = CARTESIAN_POINT('',(-0.550291848752,-0.382302220319,-0.4));
#1094 = CARTESIAN_POINT('',(-0.550913778947,-0.384634715556,
    -0.399592039699));
#1095 = CARTESIAN_POINT('',(-0.551497710592,-0.386805349055,
    -0.398806574009));
#1096 = CARTESIAN_POINT('',(-0.551794249214,-0.387907664154,
    -0.398407690139));
#1097 = CARTESIAN_POINT('',(-0.552084247519,-0.38898058593,
    -0.397909067064));
#1098 = CARTESIAN_POINT('',(-0.552360897738,-0.390000000008,
    -0.397320508087));
#1099 = PCURVE('',#882,#1100);
#1100 = DEFINITIONAL_REPRESENTATION('',(#1101),#1127);
#1101 = B_SPLINE_CURVE_WITH_KNOTS('',3,(#1102,#1103,#1104,#1105,#1106,
    #1107,#1108,#1109,#1110,#1111,#1112,#1113,#1114,#1115,#1116,#1117,
    #1118,#1119,#1120,#1121,#1122,#1123,#1124,#1125,#1126),
  .UNSPECIFIED.,.F.,.F.,(4,1,1,1,1,1,1,1,1,1,1,1,1,1,1,1,1,1,1,1,1,1,4),
  (5.421010862428E-20,4.890570578917E-07,9.781141157834E-07,
    1.467171173675E-06,1.956228231567E-06,2.445285289458E-06,
    2.93434234735E-06,3.423399405242E-06,3.912456463133E-06,
    4.401513521025E-06,4.890570578917E-06,5.379627636808E-06,
    5.8686846947E-06,6.357741752592E-06,6.846798810483E-06,
    7.335855868375E-06,7.824912926267E-06,8.313969984158E-06,
    8.80302704205E-06,9.292084099942E-06,9.781141157833E-06,
    1.027019821572E-05,1.075925527362E-05),.QUASI_UNIFORM_KNOTS.);
#1102 = CARTESIAN_POINT('',(3.14159265359,4.968409558943E-02));
#1103 = CARTESIAN_POINT('',(3.149473593633,4.972570484747E-02));
#1104 = CARTESIAN_POINT('',(3.16524977684,4.980905626838E-02));
#1105 = CARTESIAN_POINT('',(3.188952134264,4.993438165115E-02));
#1106 = CARTESIAN_POINT('',(3.212687871825,5.005990482217E-02));
#1107 = CARTESIAN_POINT('',(3.236451852066,5.018552531822E-02));
#1108 = CARTESIAN_POINT('',(3.260238725774,5.03111426764E-02));
#1109 = CARTESIAN_POINT('',(3.28404294688,5.043665643263E-02));
#1110 = CARTESIAN_POINT('',(3.307858845858,5.056196612722E-02));
#1111 = CARTESIAN_POINT('',(3.33168068355,5.068697128412E-02));
#1112 = CARTESIAN_POINT('',(3.355502729109,5.081157148831E-02));
#1113 = CARTESIAN_POINT('',(3.379319263487,5.093566609696E-02));
#1114 = CARTESIAN_POINT('',(3.403124857159,5.105915531754E-02));
#1115 = CARTESIAN_POINT('',(3.426913623932,5.11819361841E-02));
#1116 = CARTESIAN_POINT('',(3.450682292882,5.130391757406E-02));
#1117 = CARTESIAN_POINT('',(3.474419026539,5.142496416477E-02));
#1118 = CARTESIAN_POINT('',(3.498145429174,5.154510559049E-02));
#1119 = CARTESIAN_POINT('',(3.521970971575,5.166482673328E-02));
#1120 = CARTESIAN_POINT('',(3.545805276352,5.178359882098E-02));
#1121 = CARTESIAN_POINT('',(3.569665210356,5.190143540653E-02));
#1122 = CARTESIAN_POINT('',(3.593538838244,5.201820472707E-02));
#1123 = CARTESIAN_POINT('',(3.617421963338,5.213381395794E-02));
#1124 = CARTESIAN_POINT('',(3.641308392713,5.224815983744E-02));
#1125 = CARTESIAN_POINT('',(3.657231276594,5.232348122171E-02));
#1126 = CARTESIAN_POINT('',(3.66519142925,5.236089773756E-02));
#1127 = ( GEOMETRIC_REPRESENTATION_CONTEXT(2) 
PARAMETRIC_REPRESENTATION_CONTEXT() REPRESENTATION_CONTEXT('2D SPACE',''
  ) );
#1128 = PCURVE('',#189,#1129);
#1129 = DEFINITIONAL_REPRESENTATION('',(#1130),#1156);
#1130 = B_SPLINE_CURVE_WITH_KNOTS('',3,(#1131,#1132,#1133,#1134,#1135,
    #1136,#1137,#1138,#1139,#1140,#1141,#1142,#1143,#1144,#1145,#1146,
    #1147,#1148,#1149,#1150,#1151,#1152,#1153,#1154,#1155),
  .UNSPECIFIED.,.F.,.F.,(4,1,1,1,1,1,1,1,1,1,1,1,1,1,1,1,1,1,1,1,1,1,4),
  (5.421010862428E-20,4.890570578917E-07,9.781141157834E-07,
    1.467171173675E-06,1.956228231567E-06,2.445285289458E-06,
    2.93434234735E-06,3.423399405242E-06,3.912456463133E-06,
    4.401513521025E-06,4.890570578917E-06,5.379627636808E-06,
    5.8686846947E-06,6.357741752592E-06,6.846798810483E-06,
    7.335855868375E-06,7.824912926267E-06,8.313969984158E-06,
    8.80302704205E-06,9.292084099942E-06,9.781141157833E-06,
    1.027019821572E-05,1.075925527362E-05),.QUASI_UNIFORM_KNOTS.);
#1131 = CARTESIAN_POINT('',(1.828894042495,1.E-02));
#1132 = CARTESIAN_POINT('',(1.829002721841,1.E-02));
#1133 = CARTESIAN_POINT('',(1.829220286093,9.996175511249E-03));
#1134 = CARTESIAN_POINT('',(1.829546993625,9.97902395227E-03));
#1135 = CARTESIAN_POINT('',(1.829873806787,9.950516207796E-03));
#1136 = CARTESIAN_POINT('',(1.830200470047,9.910710918324E-03));
#1137 = CARTESIAN_POINT('',(1.830526727878,9.859666723843E-03));
#1138 = CARTESIAN_POINT('',(1.830852324745,9.797442266229E-03));
#1139 = CARTESIAN_POINT('',(1.831177005123,9.724096180326E-03));
#1140 = CARTESIAN_POINT('',(1.831500513445,9.639687127214E-03));
#1141 = CARTESIAN_POINT('',(1.831822594297,9.544273670059E-03));
#1142 = CARTESIAN_POINT('',(1.832142991687,9.43791473745E-03));
#1143 = CARTESIAN_POINT('',(1.832461451784,9.320667894199E-03));
#1144 = CARTESIAN_POINT('',(1.832777712692,9.192595794797E-03));
#1145 = CARTESIAN_POINT('',(1.833091542602,9.053742098803E-03));
#1146 = CARTESIAN_POINT('',(1.833402597431,8.904221355821E-03));
#1147 = CARTESIAN_POINT('',(1.833710952112,8.743883550209E-03));
#1148 = CARTESIAN_POINT('',(1.834017873096,8.572196995227E-03));
#1149 = CARTESIAN_POINT('',(1.834322015594,8.389889693856E-03));
#1150 = CARTESIAN_POINT('',(1.834623425596,8.196951089328E-03));
#1151 = CARTESIAN_POINT('',(1.834921776431,7.99356852171E-03));
#1152 = CARTESIAN_POINT('',(1.835216841282,7.779876303466E-03));
#1153 = CARTESIAN_POINT('',(1.835508366566,7.556022960645E-03));
#1154 = CARTESIAN_POINT('',(1.835700192791,7.400109781921E-03));
#1155 = CARTESIAN_POINT('',(1.835795433506,7.320508087126E-03));
#1156 = ( GEOMETRIC_REPRESENTATION_CONTEXT(2) 
PARAMETRIC_REPRESENTATION_CONTEXT() REPRESENTATION_CONTEXT('2D SPACE',''
  ) );
#1157 = ORIENTED_EDGE('',*,*,#1158,.T.);
#1158 = EDGE_CURVE('',#1088,#1159,#1161,.T.);
#1159 = VERTEX_POINT('',#1160);
#1160 = CARTESIAN_POINT('',(-0.55279477409,-0.39,-0.397320508076));
#1161 = SURFACE_CURVE('',#1162,(#1166,#1173),.PCURVE_S1.);
#1162 = LINE('',#1163,#1164);
#1163 = CARTESIAN_POINT('',(-0.5,-0.39,-0.397320508076));
#1164 = VECTOR('',#1165,1.);
#1165 = DIRECTION('',(-1.,0.,0.));
#1166 = PCURVE('',#882,#1167);
#1167 = DEFINITIONAL_REPRESENTATION('',(#1168),#1172);
#1168 = LINE('',#1169,#1170);
#1169 = CARTESIAN_POINT('',(3.665191429188,0.));
#1170 = VECTOR('',#1171,1.);
#1171 = DIRECTION('',(0.,1.));
#1172 = ( GEOMETRIC_REPRESENTATION_CONTEXT(2) 
PARAMETRIC_REPRESENTATION_CONTEXT() REPRESENTATION_CONTEXT('2D SPACE',''
  ) );
#1173 = PCURVE('',#1174,#1179);
#1174 = PLANE('',#1175);
#1175 = AXIS2_PLACEMENT_3D('',#1176,#1177,#1178);
#1176 = CARTESIAN_POINT('',(-2.,-0.39,-2.862609056757E-03));
#1177 = DIRECTION('',(0.,-1.,3.383061121595E-15));
#1178 = DIRECTION('',(0.,-3.383061121595E-15,-1.));
#1179 = DEFINITIONAL_REPRESENTATION('',(#1180),#1184);
#1180 = LINE('',#1181,#1182);
#1181 = CARTESIAN_POINT('',(0.394457899019,1.5));
#1182 = VECTOR('',#1183,1.);
#1183 = DIRECTION('',(-0.,-1.));
#1184 = ( GEOMETRIC_REPRESENTATION_CONTEXT(2) 
PARAMETRIC_REPRESENTATION_CONTEXT() REPRESENTATION_CONTEXT('2D SPACE',''
  ) );
#1185 = ORIENTED_EDGE('',*,*,#1186,.T.);
#1186 = EDGE_CURVE('',#1159,#1187,#1189,.T.);
#1187 = VERTEX_POINT('',#1188);
#1188 = CARTESIAN_POINT('',(-0.552629051761,-0.390986776106,
    -0.39671199422));
#1189 = SURFACE_CURVE('',#1190,(#1198,#1204),.PCURVE_S1.);
#1190 = B_SPLINE_CURVE_WITH_KNOTS('',3,(#1191,#1192,#1193,#1194,#1195,
    #1196,#1197),.UNSPECIFIED.,.F.,.F.,(4,3,4),(7.405186365993E-05,
    7.466783827285E-05,7.520914392861E-05),.UNSPECIFIED.);
#1191 = CARTESIAN_POINT('',(-0.55279477409,-0.39,-0.397320508076));
#1192 = CARTESIAN_POINT('',(-0.552766717997,-0.390178286018,
    -0.397217574595));
#1193 = CARTESIAN_POINT('',(-0.552737933246,-0.390354918588,
    -0.397111924508));
#1194 = CARTESIAN_POINT('',(-0.552708445021,-0.390529772755,
    -0.397003643323));
#1195 = CARTESIAN_POINT('',(-0.552682523498,-0.390683477713,
    -0.396908459118));
#1196 = CARTESIAN_POINT('',(-0.552656053172,-0.39083583965,
    -0.396811222656));
#1197 = CARTESIAN_POINT('',(-0.552629051761,-0.390986776106,
    -0.39671199422));
#1198 = PCURVE('',#882,#1199);
#1199 = DEFINITIONAL_REPRESENTATION('',(#1200),#1203);
#1200 = B_SPLINE_CURVE_WITH_KNOTS('',1,(#1201,#1202),.UNSPECIFIED.,.F.,
  .F.,(2,2),(7.405186365993E-05,7.520914392861E-05),
  .PIECEWISE_BEZIER_KNOTS.);
#1201 = CARTESIAN_POINT('',(3.665191429188,5.279477408988E-02));
#1202 = CARTESIAN_POINT('',(3.72316540383,5.262905176079E-02));
#1203 = ( GEOMETRIC_REPRESENTATION_CONTEXT(2) 
PARAMETRIC_REPRESENTATION_CONTEXT() REPRESENTATION_CONTEXT('2D SPACE',''
  ) );
#1204 = PCURVE('',#1205,#1210);
#1205 = CYLINDRICAL_SURFACE('',#1206,1.5);
#1206 = AXIS2_PLACEMENT_3D('',#1207,#1208,#1209);
#1207 = CARTESIAN_POINT('',(-2.,-0.39,-2.862609056757E-03));
#1208 = DIRECTION('',(-0.,-1.,3.383061121595E-15));
#1209 = DIRECTION('',(0.,-3.383061121595E-15,-1.));
#1210 = DEFINITIONAL_REPRESENTATION('',(#1211),#1214);
#1211 = B_SPLINE_CURVE_WITH_KNOTS('',1,(#1212,#1213),.UNSPECIFIED.,.F.,
  .F.,(2,2),(7.405186365993E-05,7.520914392861E-05),
  .PIECEWISE_BEZIER_KNOTS.);
#1212 = CARTESIAN_POINT('',(1.304695060788,0.));
#1213 = CARTESIAN_POINT('',(1.305115511874,9.867761060611E-04));
#1214 = ( GEOMETRIC_REPRESENTATION_CONTEXT(2) 
PARAMETRIC_REPRESENTATION_CONTEXT() REPRESENTATION_CONTEXT('2D SPACE',''
  ) );
#1215 = ORIENTED_EDGE('',*,*,#1216,.T.);
#1216 = EDGE_CURVE('',#1187,#872,#1217,.T.);
#1217 = SURFACE_CURVE('',#1218,(#1226,#1255),.PCURVE_S1.);
#1218 = B_SPLINE_CURVE_WITH_KNOTS('',3,(#1219,#1220,#1221,#1222,#1223,
    #1224,#1225),.UNSPECIFIED.,.F.,.F.,(4,3,4),(1.1949117137E-05,
    1.429275048701E-05,2.137869399028E-05),.UNSPECIFIED.);
#1219 = CARTESIAN_POINT('',(-0.552629051761,-0.390986776106,
    -0.39671199422));
#1220 = CARTESIAN_POINT('',(-0.552803349688,-0.391627309687,
    -0.39629089552));
#1221 = CARTESIAN_POINT('',(-0.552972084981,-0.392245714477,
    -0.395831437976));
#1222 = CARTESIAN_POINT('',(-0.553133449071,-0.392835740455,
    -0.395337658545));
#1223 = CARTESIAN_POINT('',(-0.553617877461,-0.394607047398,
    -0.393855291721));
#1224 = CARTESIAN_POINT('',(-0.554043883134,-0.396151650114,
    -0.392024521377));
#1225 = CARTESIAN_POINT('',(-0.554367448913,-0.397320508076,-0.39));
#1226 = PCURVE('',#882,#1227);
#1227 = DEFINITIONAL_REPRESENTATION('',(#1228),#1254);
#1228 = B_SPLINE_CURVE_WITH_KNOTS('',3,(#1229,#1230,#1231,#1232,#1233,
    #1234,#1235,#1236,#1237,#1238,#1239,#1240,#1241,#1242,#1243,#1244,
    #1245,#1246,#1247,#1248,#1249,#1250,#1251,#1252,#1253),
  .UNSPECIFIED.,.F.,.F.,(4,1,1,1,1,1,1,1,1,1,1,1,1,1,1,1,1,1,1,1,1,1,4),
  (1.1949117137E-05,1.237773426669E-05,1.280635139639E-05,
    1.323496852608E-05,1.366358565578E-05,1.409220278547E-05,
    1.452081991517E-05,1.494943704486E-05,1.537805417456E-05,
    1.580667130425E-05,1.623528843395E-05,1.666390556364E-05,
    1.709252269334E-05,1.752113982303E-05,1.794975695272E-05,
    1.837837408242E-05,1.880699121211E-05,1.923560834181E-05,
    1.96642254715E-05,2.00928426012E-05,2.052145973089E-05,
    2.095007686059E-05,2.137869399028E-05),.QUASI_UNIFORM_KNOTS.);
#1229 = CARTESIAN_POINT('',(3.72316540383,5.262905176079E-02));
#1230 = CARTESIAN_POINT('',(3.730175006378,5.266092836704E-02));
#1231 = CARTESIAN_POINT('',(3.74420295137,5.272430989025E-02));
#1232 = CARTESIAN_POINT('',(3.765265875086,5.28181969505E-02));
#1233 = CARTESIAN_POINT('',(3.786348199503,5.291084374376E-02));
#1234 = CARTESIAN_POINT('',(3.807435691323,5.300214232766E-02));
#1235 = CARTESIAN_POINT('',(3.828561090223,5.309218124522E-02));
#1236 = CARTESIAN_POINT('',(3.84958215536,5.318031599792E-02));
#1237 = CARTESIAN_POINT('',(3.870577185873,5.326680512868E-02));
#1238 = CARTESIAN_POINT('',(3.891641267293,5.335201109919E-02));
#1239 = CARTESIAN_POINT('',(3.912743170169,5.343576267576E-02));
#1240 = CARTESIAN_POINT('',(3.93388527504,5.351803162792E-02));
#1241 = CARTESIAN_POINT('',(3.955060767077,5.359875140762E-02));
#1242 = CARTESIAN_POINT('',(3.976265153247,5.367786573397E-02));
#1243 = CARTESIAN_POINT('',(3.997493224695,5.3755315575E-02));
#1244 = CARTESIAN_POINT('',(4.018739919757,5.38310426359E-02));
#1245 = CARTESIAN_POINT('',(4.040000142238,5.390498842433E-02));
#1246 = CARTESIAN_POINT('',(4.061268859903,5.397709450087E-02));
#1247 = CARTESIAN_POINT('',(4.08254112763,5.404730241194E-02));
#1248 = CARTESIAN_POINT('',(4.103812131369,5.411555370773E-02));
#1249 = CARTESIAN_POINT('',(4.125077222755,5.418178993745E-02));
#1250 = CARTESIAN_POINT('',(4.146331967787,5.424595265055E-02));
#1251 = CARTESIAN_POINT('',(4.167572145039,5.430798339641E-02));
#1252 = CARTESIAN_POINT('',(4.181719999858,5.434787694844E-02));
#1253 = CARTESIAN_POINT('',(4.188790204786,5.436744891305E-02));
#1254 = ( GEOMETRIC_REPRESENTATION_CONTEXT(2) 
PARAMETRIC_REPRESENTATION_CONTEXT() REPRESENTATION_CONTEXT('2D SPACE',''
  ) );
#1255 = PCURVE('',#189,#1256);
#1256 = DEFINITIONAL_REPRESENTATION('',(#1257),#1283);
#1257 = B_SPLINE_CURVE_WITH_KNOTS('',3,(#1258,#1259,#1260,#1261,#1262,
    #1263,#1264,#1265,#1266,#1267,#1268,#1269,#1270,#1271,#1272,#1273,
    #1274,#1275,#1276,#1277,#1278,#1279,#1280,#1281,#1282),
  .UNSPECIFIED.,.F.,.F.,(4,1,1,1,1,1,1,1,1,1,1,1,1,1,1,1,1,1,1,1,1,1,4),
  (1.1949117137E-05,1.237773426669E-05,1.280635139639E-05,
    1.323496852608E-05,1.366358565578E-05,1.409220278547E-05,
    1.452081991517E-05,1.494943704486E-05,1.537805417456E-05,
    1.580667130425E-05,1.623528843395E-05,1.666390556364E-05,
    1.709252269334E-05,1.752113982303E-05,1.794975695272E-05,
    1.837837408242E-05,1.880699121211E-05,1.923560834181E-05,
    1.96642254715E-05,2.00928426012E-05,2.052145973089E-05,
    2.095007686059E-05,2.137869399028E-05),.QUASI_UNIFORM_KNOTS.);
#1258 = CARTESIAN_POINT('',(1.836477141716,6.711994219578E-03));
#1259 = CARTESIAN_POINT('',(1.836558077748,6.634981270403E-03));
#1260 = CARTESIAN_POINT('',(1.8367189335,6.478388091757E-03));
#1261 = CARTESIAN_POINT('',(1.836956999481,6.235956247014E-03));
#1262 = CARTESIAN_POINT('',(1.837191717297,5.986095692055E-03));
#1263 = CARTESIAN_POINT('',(1.837422822733,5.729082184875E-03));
#1264 = CARTESIAN_POINT('',(1.83765054816,5.464588315275E-03));
#1265 = CARTESIAN_POINT('',(1.837873273287,5.194536954396E-03));
#1266 = CARTESIAN_POINT('',(1.838091660179,4.917938399411E-03));
#1267 = CARTESIAN_POINT('',(1.838306635262,4.633740142787E-03));
#1268 = CARTESIAN_POINT('',(1.83851777591,4.342484593805E-03));
#1269 = CARTESIAN_POINT('',(1.838725020975,4.044286805071E-03));
#1270 = CARTESIAN_POINT('',(1.838928212445,3.739376339069E-03));
#1271 = CARTESIAN_POINT('',(1.839127218266,3.427952075454E-03));
#1272 = CARTESIAN_POINT('',(1.839321899423,3.11022111532E-03));
#1273 = CARTESIAN_POINT('',(1.839512118768,2.786388356832E-03));
#1274 = CARTESIAN_POINT('',(1.83969773865,2.456659288429E-03));
#1275 = CARTESIAN_POINT('',(1.839878621552,2.121239240385E-03));
#1276 = CARTESIAN_POINT('',(1.84005462992,1.780333585358E-03));
#1277 = CARTESIAN_POINT('',(1.840225626208,1.434147684644E-03));
#1278 = CARTESIAN_POINT('',(1.840391472869,1.082886902589E-03));
#1279 = CARTESIAN_POINT('',(1.840552032352,7.267566027161E-04));
#1280 = CARTESIAN_POINT('',(1.840707167109,3.659621487736E-04));
#1281 = CARTESIAN_POINT('',(1.840806882095,1.224599858891E-04));
#1282 = CARTESIAN_POINT('',(1.840855789617,0.));
#1283 = ( GEOMETRIC_REPRESENTATION_CONTEXT(2) 
PARAMETRIC_REPRESENTATION_CONTEXT() REPRESENTATION_CONTEXT('2D SPACE',''
  ) );
#1284 = ADVANCED_FACE('',(#1285),#1299,.T.);
#1285 = FACE_BOUND('',#1286,.T.);
#1286 = EDGE_LOOP('',(#1287,#1322,#1396,#1424,#1451,#1522,#1550,#1621,
    #1644));
#1287 = ORIENTED_EDGE('',*,*,#1288,.F.);
#1288 = EDGE_CURVE('',#1289,#1291,#1293,.T.);
#1289 = VERTEX_POINT('',#1290);
#1290 = CARTESIAN_POINT('',(-0.549684095589,0.4,-0.38));
#1291 = VERTEX_POINT('',#1292);
#1292 = CARTESIAN_POINT('',(-0.78,0.4,-0.38));
#1293 = SURFACE_CURVE('',#1294,(#1298,#1310),.PCURVE_S1.);
#1294 = LINE('',#1295,#1296);
#1295 = CARTESIAN_POINT('',(-0.5,0.4,-0.38));
#1296 = VECTOR('',#1297,1.);
#1297 = DIRECTION('',(-1.,0.,0.));
#1298 = PCURVE('',#1299,#1304);
#1299 = CYLINDRICAL_SURFACE('',#1300,2.E-02);
#1300 = AXIS2_PLACEMENT_3D('',#1301,#1302,#1303);
#1301 = CARTESIAN_POINT('',(-0.5,0.38,-0.38));
#1302 = DIRECTION('',(-1.,0.,0.));
#1303 = DIRECTION('',(0.,0.,1.));
#1304 = DEFINITIONAL_REPRESENTATION('',(#1305),#1309);
#1305 = LINE('',#1306,#1307);
#1306 = CARTESIAN_POINT('',(1.570796326795,0.));
#1307 = VECTOR('',#1308,1.);
#1308 = DIRECTION('',(0.,1.));
#1309 = ( GEOMETRIC_REPRESENTATION_CONTEXT(2) 
PARAMETRIC_REPRESENTATION_CONTEXT() REPRESENTATION_CONTEXT('2D SPACE',''
  ) );
#1310 = PCURVE('',#1311,#1316);
#1311 = PLANE('',#1312);
#1312 = AXIS2_PLACEMENT_3D('',#1313,#1314,#1315);
#1313 = CARTESIAN_POINT('',(-0.5,0.4,0.4));
#1314 = DIRECTION('',(0.,-1.,0.));
#1315 = DIRECTION('',(0.,-0.,-1.));
#1316 = DEFINITIONAL_REPRESENTATION('',(#1317),#1321);
#1317 = LINE('',#1318,#1319);
#1318 = CARTESIAN_POINT('',(0.78,0.));
#1319 = VECTOR('',#1320,1.);
#1320 = DIRECTION('',(-0.,-1.));
#1321 = ( GEOMETRIC_REPRESENTATION_CONTEXT(2) 
PARAMETRIC_REPRESENTATION_CONTEXT() REPRESENTATION_CONTEXT('2D SPACE',''
  ) );
#1322 = ORIENTED_EDGE('',*,*,#1323,.T.);
#1323 = EDGE_CURVE('',#1289,#1324,#1326,.T.);
#1324 = VERTEX_POINT('',#1325);
#1325 = CARTESIAN_POINT('',(-0.552360897736,0.397320508076,-0.39));
#1326 = SURFACE_CURVE('',#1327,(#1338,#1367),.PCURVE_S1.);
#1327 = B_SPLINE_CURVE_WITH_KNOTS('',3,(#1328,#1329,#1330,#1331,#1332,
    #1333,#1334,#1335,#1336,#1337),.UNSPECIFIED.,.F.,.F.,(4,3,3,4),(
    3.178412387589E-05,3.363535336026E-05,4.080585567791E-05,
    4.253678576066E-05),.UNSPECIFIED.);
#1328 = CARTESIAN_POINT('',(-0.549684095589,0.4,-0.38));
#1329 = CARTESIAN_POINT('',(-0.549842747574,0.4,-0.38060098712));
#1330 = CARTESIAN_POINT('',(-0.550001924918,0.399972863289,
    -0.381202444921));
#1331 = CARTESIAN_POINT('',(-0.550160717969,0.399918749155,
    -0.381800953398));
#1332 = CARTESIAN_POINT('',(-0.550770881915,0.39971081503,
    -0.384100728434));
#1333 = CARTESIAN_POINT('',(-0.551386225067,0.399090931158,
    -0.38639676988));
#1334 = CARTESIAN_POINT('',(-0.55195383977,0.398105290724,
    -0.388496967094));
#1335 = CARTESIAN_POINT('',(-0.552091976587,0.397865421617,
    -0.389008078866));
#1336 = CARTESIAN_POINT('',(-0.552227913275,0.397603425619,
    -0.389509972441));
#1337 = CARTESIAN_POINT('',(-0.552360897736,0.397320508076,-0.39));
#1338 = PCURVE('',#1299,#1339);
#1339 = DEFINITIONAL_REPRESENTATION('',(#1340),#1366);
#1340 = B_SPLINE_CURVE_WITH_KNOTS('',3,(#1341,#1342,#1343,#1344,#1345,
    #1346,#1347,#1348,#1349,#1350,#1351,#1352,#1353,#1354,#1355,#1356,
    #1357,#1358,#1359,#1360,#1361,#1362,#1363,#1364,#1365),
  .UNSPECIFIED.,.F.,.F.,(4,1,1,1,1,1,1,1,1,1,1,1,1,1,1,1,1,1,1,1,1,1,4),
  (3.178412387589E-05,3.227288123428E-05,3.276163859268E-05,
    3.325039595108E-05,3.373915330948E-05,3.422791066788E-05,
    3.471666802628E-05,3.520542538468E-05,3.569418274308E-05,
    3.618294010147E-05,3.667169745987E-05,3.716045481827E-05,
    3.764921217667E-05,3.813796953507E-05,3.862672689347E-05,
    3.911548425187E-05,3.960424161027E-05,4.009299896866E-05,
    4.058175632706E-05,4.107051368546E-05,4.155927104386E-05,
    4.204802840226E-05,4.253678576066E-05),.QUASI_UNIFORM_KNOTS.);
#1341 = CARTESIAN_POINT('',(1.570796326795,4.968409558943E-02));
#1342 = CARTESIAN_POINT('',(1.578729885127,4.972598252221E-02));
#1343 = CARTESIAN_POINT('',(1.594600438437,4.980983037418E-02));
#1344 = CARTESIAN_POINT('',(1.618409887933,4.993571695538E-02));
#1345 = CARTESIAN_POINT('',(1.642221318119,5.006163803028E-02));
#1346 = CARTESIAN_POINT('',(1.666015409683,5.018741932688E-02));
#1347 = CARTESIAN_POINT('',(1.68960465062,5.03119998777E-02));
#1348 = CARTESIAN_POINT('',(1.71330198885,5.043695762932E-02));
#1349 = CARTESIAN_POINT('',(1.737017349681,5.056174230385E-02));
#1350 = CARTESIAN_POINT('',(1.760768271325,5.068637387894E-02));
#1351 = CARTESIAN_POINT('',(1.784543154941,5.081071953462E-02));
#1352 = CARTESIAN_POINT('',(1.808337980407,5.093468738581E-02));
#1353 = CARTESIAN_POINT('',(1.832146552117,5.105817460546E-02));
#1354 = CARTESIAN_POINT('',(1.855963164752,5.118108119952E-02));
#1355 = CARTESIAN_POINT('',(1.879782063145,5.1303306784E-02));
#1356 = CARTESIAN_POINT('',(1.903597307876,5.142474970156E-02));
#1357 = CARTESIAN_POINT('',(1.927404223975,5.154531377827E-02));
#1358 = CARTESIAN_POINT('',(1.951194109656,5.166488217988E-02));
#1359 = CARTESIAN_POINT('',(1.974974318078,5.178341523E-02));
#1360 = CARTESIAN_POINT('',(1.998693581455,5.190058528114E-02));
#1361 = CARTESIAN_POINT('',(2.02252098556,5.201713941233E-02));
#1362 = CARTESIAN_POINT('',(2.046482051681,5.213313215075E-02));
#1363 = CARTESIAN_POINT('',(2.070429170167,5.224776873631E-02));
#1364 = CARTESIAN_POINT('',(2.086406454814,5.232334732581E-02));
#1365 = CARTESIAN_POINT('',(2.094395102393,5.236089773552E-02));
#1366 = ( GEOMETRIC_REPRESENTATION_CONTEXT(2) 
PARAMETRIC_REPRESENTATION_CONTEXT() REPRESENTATION_CONTEXT('2D SPACE',''
  ) );
#1367 = PCURVE('',#124,#1368);
#1368 = DEFINITIONAL_REPRESENTATION('',(#1369),#1395);
#1369 = B_SPLINE_CURVE_WITH_KNOTS('',3,(#1370,#1371,#1372,#1373,#1374,
    #1375,#1376,#1377,#1378,#1379,#1380,#1381,#1382,#1383,#1384,#1385,
    #1386,#1387,#1388,#1389,#1390,#1391,#1392,#1393,#1394),
  .UNSPECIFIED.,.F.,.F.,(4,1,1,1,1,1,1,1,1,1,1,1,1,1,1,1,1,1,1,1,1,1,4),
  (3.178412387589E-05,3.227288123428E-05,3.276163859268E-05,
    3.325039595108E-05,3.373915330948E-05,3.422791066788E-05,
    3.471666802628E-05,3.520542538468E-05,3.569418274308E-05,
    3.618294010147E-05,3.667169745987E-05,3.716045481827E-05,
    3.764921217667E-05,3.813796953507E-05,3.862672689347E-05,
    3.911548425187E-05,3.960424161027E-05,4.009299896866E-05,
    4.058175632706E-05,4.107051368546E-05,4.155927104386E-05,
    4.204802840226E-05,4.253678576066E-05),.QUASI_UNIFORM_KNOTS.);
#1370 = CARTESIAN_POINT('',(1.828894042495,1.E-02));
#1371 = CARTESIAN_POINT('',(1.829003447101,1.E-02));
#1372 = CARTESIAN_POINT('',(1.829222312983,9.99621640251E-03));
#1373 = CARTESIAN_POINT('',(1.829550504137,9.979211850351E-03));
#1374 = CARTESIAN_POINT('',(1.829878378755,9.950883586572E-03));
#1375 = CARTESIAN_POINT('',(1.830205487129,9.91129372836E-03));
#1376 = CARTESIAN_POINT('',(1.83052905996,9.860702556374E-03));
#1377 = CARTESIAN_POINT('',(1.830853206073,9.798609800667E-03));
#1378 = CARTESIAN_POINT('',(1.831176504519,9.72526079953E-03));
#1379 = CARTESIAN_POINT('',(1.831499016043,9.640701107023E-03));
#1380 = CARTESIAN_POINT('',(1.831820404375,9.545029805889E-03));
#1381 = CARTESIAN_POINT('',(1.832140439602,9.438331648366E-03));
#1382 = CARTESIAN_POINT('',(1.83245886338,9.320695180038E-03));
#1383 = CARTESIAN_POINT('',(1.832775424728,9.192208103611E-03));
#1384 = CARTESIAN_POINT('',(1.833089871633,9.052957699943E-03));
#1385 = CARTESIAN_POINT('',(1.83340194884,8.90303378017E-03));
#1386 = CARTESIAN_POINT('',(1.833711415089,8.742516456173E-03));
#1387 = CARTESIAN_POINT('',(1.834017976376,8.571522106564E-03));
#1388 = CARTESIAN_POINT('',(1.83432153568,8.390031742288E-03));
#1389 = CARTESIAN_POINT('',(1.834621260788,8.198531578229E-03));
#1390 = CARTESIAN_POINT('',(1.834919063278,7.995622381179E-03));
#1391 = CARTESIAN_POINT('',(1.835215106913,7.781273170934E-03));
#1392 = CARTESIAN_POINT('',(1.835507371385,7.556843618374E-03));
#1393 = CARTESIAN_POINT('',(1.835699851969,7.400394624835E-03));
#1394 = CARTESIAN_POINT('',(1.835795433501,7.320508075693E-03));
#1395 = ( GEOMETRIC_REPRESENTATION_CONTEXT(2) 
PARAMETRIC_REPRESENTATION_CONTEXT() REPRESENTATION_CONTEXT('2D SPACE',''
  ) );
#1396 = ORIENTED_EDGE('',*,*,#1397,.T.);
#1397 = EDGE_CURVE('',#1324,#1398,#1400,.T.);
#1398 = VERTEX_POINT('',#1399);
#1399 = CARTESIAN_POINT('',(-0.55279477409,0.397320508076,-0.39));
#1400 = SURFACE_CURVE('',#1401,(#1405,#1412),.PCURVE_S1.);
#1401 = LINE('',#1402,#1403);
#1402 = CARTESIAN_POINT('',(-0.5,0.397320508076,-0.39));
#1403 = VECTOR('',#1404,1.);
#1404 = DIRECTION('',(-1.,0.,0.));
#1405 = PCURVE('',#1299,#1406);
#1406 = DEFINITIONAL_REPRESENTATION('',(#1407),#1411);
#1407 = LINE('',#1408,#1409);
#1408 = CARTESIAN_POINT('',(2.094395102393,0.));
#1409 = VECTOR('',#1410,1.);
#1410 = DIRECTION('',(0.,1.));
#1411 = ( GEOMETRIC_REPRESENTATION_CONTEXT(2) 
PARAMETRIC_REPRESENTATION_CONTEXT() REPRESENTATION_CONTEXT('2D SPACE',''
  ) );
#1412 = PCURVE('',#1413,#1418);
#1413 = PLANE('',#1414);
#1414 = AXIS2_PLACEMENT_3D('',#1415,#1416,#1417);
#1415 = CARTESIAN_POINT('',(-0.75,0.39,-0.39));
#1416 = DIRECTION('',(0.,2.085004177857E-16,-1.));
#1417 = DIRECTION('',(0.,1.,2.085004177857E-16));
#1418 = DEFINITIONAL_REPRESENTATION('',(#1419),#1423);
#1419 = LINE('',#1420,#1421);
#1420 = CARTESIAN_POINT('',(7.320508075689E-03,0.25));
#1421 = VECTOR('',#1422,1.);
#1422 = DIRECTION('',(0.,-1.));
#1423 = ( GEOMETRIC_REPRESENTATION_CONTEXT(2) 
PARAMETRIC_REPRESENTATION_CONTEXT() REPRESENTATION_CONTEXT('2D SPACE',''
  ) );
#1424 = ORIENTED_EDGE('',*,*,#1425,.T.);
#1425 = EDGE_CURVE('',#1398,#1426,#1428,.T.);
#1426 = VERTEX_POINT('',#1427);
#1427 = CARTESIAN_POINT('',(-0.552629051761,0.39671199422,
    -0.390986776106));
#1428 = SURFACE_CURVE('',#1429,(#1434,#1440),.PCURVE_S1.);
#1429 = B_SPLINE_CURVE_WITH_KNOTS('',3,(#1430,#1431,#1432,#1433),
  .UNSPECIFIED.,.F.,.F.,(4,4),(0.,1.159356751937E-06),
  .PIECEWISE_BEZIER_KNOTS.);
#1430 = CARTESIAN_POINT('',(-0.55279477409,0.397320508076,-0.39));
#1431 = CARTESIAN_POINT('',(-0.552742061062,0.3971271121,-0.390334971655
    ));
#1432 = CARTESIAN_POINT('',(-0.552686763658,0.396924081698,
    -0.390664169667));
#1433 = CARTESIAN_POINT('',(-0.552629051761,0.39671199422,
    -0.390986776106));
#1434 = PCURVE('',#1299,#1435);
#1435 = DEFINITIONAL_REPRESENTATION('',(#1436),#1439);
#1436 = B_SPLINE_CURVE_WITH_KNOTS('',1,(#1437,#1438),.UNSPECIFIED.,.F.,
  .F.,(2,2),(0.,1.159356751937E-06),.PIECEWISE_BEZIER_KNOTS.);
#1437 = CARTESIAN_POINT('',(2.094395102393,5.279477408988E-02));
#1438 = CARTESIAN_POINT('',(2.152369077036,5.262905176079E-02));
#1439 = ( GEOMETRIC_REPRESENTATION_CONTEXT(2) 
PARAMETRIC_REPRESENTATION_CONTEXT() REPRESENTATION_CONTEXT('2D SPACE',''
  ) );
#1440 = PCURVE('',#1441,#1446);
#1441 = CYLINDRICAL_SURFACE('',#1442,1.5);
#1442 = AXIS2_PLACEMENT_3D('',#1443,#1444,#1445);
#1443 = CARTESIAN_POINT('',(-2.,2.862609056759E-03,-0.39));
#1444 = DIRECTION('',(-0.,1.084202172486E-16,-1.));
#1445 = DIRECTION('',(0.,1.,1.084202172486E-16));
#1446 = DEFINITIONAL_REPRESENTATION('',(#1447),#1450);
#1447 = B_SPLINE_CURVE_WITH_KNOTS('',1,(#1448,#1449),.UNSPECIFIED.,.F.,
  .F.,(2,2),(0.,1.159356751937E-06),.PIECEWISE_BEZIER_KNOTS.);
#1448 = CARTESIAN_POINT('',(1.304695060788,0.));
#1449 = CARTESIAN_POINT('',(1.305115511874,9.867761060651E-04));
#1450 = ( GEOMETRIC_REPRESENTATION_CONTEXT(2) 
PARAMETRIC_REPRESENTATION_CONTEXT() REPRESENTATION_CONTEXT('2D SPACE',''
  ) );
#1451 = ORIENTED_EDGE('',*,*,#1452,.T.);
#1452 = EDGE_CURVE('',#1426,#1453,#1455,.T.);
#1453 = VERTEX_POINT('',#1454);
#1454 = CARTESIAN_POINT('',(-0.554367448913,0.39,-0.397320508076));
#1455 = SURFACE_CURVE('',#1456,(#1464,#1493),.PCURVE_S1.);
#1456 = B_SPLINE_CURVE_WITH_KNOTS('',3,(#1457,#1458,#1459,#1460,#1461,
    #1462,#1463),.UNSPECIFIED.,.F.,.F.,(4,3,4),(4.372591864568E-05,
    4.796567715325E-05,5.317541984003E-05),.UNSPECIFIED.);
#1457 = CARTESIAN_POINT('',(-0.552629051761,0.39671199422,
    -0.390986776106));
#1458 = CARTESIAN_POINT('',(-0.552942809307,0.395953965156,
    -0.392139814742));
#1459 = CARTESIAN_POINT('',(-0.553239168543,0.395068913583,
    -0.393223398965));
#1460 = CARTESIAN_POINT('',(-0.553507713146,0.394082321259,
    -0.394201698172));
#1461 = CARTESIAN_POINT('',(-0.553837201552,0.392871830602,
    -0.395402013663));
#1462 = CARTESIAN_POINT('',(-0.554129400353,0.391489447985,
    -0.39646057488));
#1463 = CARTESIAN_POINT('',(-0.554367448913,0.39,-0.397320508076));
#1464 = PCURVE('',#1299,#1465);
#1465 = DEFINITIONAL_REPRESENTATION('',(#1466),#1492);
#1466 = B_SPLINE_CURVE_WITH_KNOTS('',3,(#1467,#1468,#1469,#1470,#1471,
    #1472,#1473,#1474,#1475,#1476,#1477,#1478,#1479,#1480,#1481,#1482,
    #1483,#1484,#1485,#1486,#1487,#1488,#1489,#1490,#1491),
  .UNSPECIFIED.,.F.,.F.,(4,1,1,1,1,1,1,1,1,1,1,1,1,1,1,1,1,1,1,1,1,1,4),
  (4.372591864568E-05,4.415544142724E-05,4.45849642088E-05,
    4.501448699036E-05,4.544400977192E-05,4.587353255348E-05,
    4.630305533505E-05,4.673257811661E-05,4.716210089817E-05,
    4.759162367973E-05,4.802114646129E-05,4.845066924285E-05,
    4.888019202441E-05,4.930971480597E-05,4.973923758754E-05,
    5.01687603691E-05,5.059828315066E-05,5.102780593222E-05,
    5.145732871378E-05,5.188685149534E-05,5.23163742769E-05,
    5.274589705847E-05,5.317541984003E-05),.QUASI_UNIFORM_KNOTS.);
#1467 = CARTESIAN_POINT('',(2.152369077036,5.262905176079E-02));
#1468 = CARTESIAN_POINT('',(2.15935880342,5.26608380085E-02));
#1469 = CARTESIAN_POINT('',(2.173350338703,5.272405337322E-02));
#1470 = CARTESIAN_POINT('',(2.194369522946,5.281774004452E-02));
#1471 = CARTESIAN_POINT('',(2.215416251902,5.291022535839E-02));
#1472 = CARTESIAN_POINT('',(2.236486085307,5.30014443261E-02));
#1473 = CARTESIAN_POINT('',(2.25757456882,5.309133198518E-02));
#1474 = CARTESIAN_POINT('',(2.278677223003,5.31798232753E-02));
#1475 = CARTESIAN_POINT('',(2.2997897136,5.326685350126E-02));
#1476 = CARTESIAN_POINT('',(2.320907398057,5.335235660521E-02));
#1477 = CARTESIAN_POINT('',(2.342027185688,5.343627161471E-02));
#1478 = CARTESIAN_POINT('',(2.363140765937,5.351851857838E-02));
#1479 = CARTESIAN_POINT('',(2.384238107858,5.35990032087E-02));
#1480 = CARTESIAN_POINT('',(2.405391846767,5.367796575045E-02));
#1481 = CARTESIAN_POINT('',(2.426576363464,5.37552699455E-02));
#1482 = CARTESIAN_POINT('',(2.447792211854,5.383088041932E-02));
#1483 = CARTESIAN_POINT('',(2.469032827632,5.390473476574E-02));
#1484 = CARTESIAN_POINT('',(2.490293498413,5.397677782168E-02));
#1485 = CARTESIAN_POINT('',(2.51156901028,5.404695248328E-02));
#1486 = CARTESIAN_POINT('',(2.532854329412,5.411520216671E-02));
#1487 = CARTESIAN_POINT('',(2.55414446802,5.418147014881E-02));
#1488 = CARTESIAN_POINT('',(2.575434577882,5.424569974373E-02));
#1489 = CARTESIAN_POINT('',(2.596719947976,5.430783425564E-02));
#1490 = CARTESIAN_POINT('',(2.610904086556,5.434782274614E-02));
#1491 = CARTESIAN_POINT('',(2.617993877992,5.436744891305E-02));
#1492 = ( GEOMETRIC_REPRESENTATION_CONTEXT(2) 
PARAMETRIC_REPRESENTATION_CONTEXT() REPRESENTATION_CONTEXT('2D SPACE',''
  ) );
#1493 = PCURVE('',#124,#1494);
#1494 = DEFINITIONAL_REPRESENTATION('',(#1495),#1521);
#1495 = B_SPLINE_CURVE_WITH_KNOTS('',3,(#1496,#1497,#1498,#1499,#1500,
    #1501,#1502,#1503,#1504,#1505,#1506,#1507,#1508,#1509,#1510,#1511,
    #1512,#1513,#1514,#1515,#1516,#1517,#1518,#1519,#1520),
  .UNSPECIFIED.,.F.,.F.,(4,1,1,1,1,1,1,1,1,1,1,1,1,1,1,1,1,1,1,1,1,1,4),
  (4.372591864568E-05,4.415544142724E-05,4.45849642088E-05,
    4.501448699036E-05,4.544400977192E-05,4.587353255348E-05,
    4.630305533505E-05,4.673257811661E-05,4.716210089817E-05,
    4.759162367973E-05,4.802114646129E-05,4.845066924285E-05,
    4.888019202441E-05,4.930971480597E-05,4.973923758754E-05,
    5.01687603691E-05,5.059828315066E-05,5.102780593222E-05,
    5.145732871378E-05,5.188685149534E-05,5.23163742769E-05,
    5.274589705847E-05,5.317541984003E-05),.QUASI_UNIFORM_KNOTS.);
#1496 = CARTESIAN_POINT('',(1.836477141716,6.711994219582E-03));
#1497 = CARTESIAN_POINT('',(1.836557848324,6.635199573986E-03));
#1498 = CARTESIAN_POINT('',(1.836718281924,6.479002923452E-03));
#1499 = CARTESIAN_POINT('',(1.836955838324,6.237044842053E-03));
#1500 = CARTESIAN_POINT('',(1.837190145573,5.987582618819E-03));
#1501 = CARTESIAN_POINT('',(1.8374210485,5.730775247837E-03));
#1502 = CARTESIAN_POINT('',(1.837648391999,5.466781610562E-03));
#1503 = CARTESIAN_POINT('',(1.837872020714,5.195761008656E-03));
#1504 = CARTESIAN_POINT('',(1.838091780219,4.917871175581E-03));
#1505 = CARTESIAN_POINT('',(1.838307512616,4.633275697395E-03));
#1506 = CARTESIAN_POINT('',(1.838519072954,4.342116317972E-03));
#1507 = CARTESIAN_POINT('',(1.838726267957,4.044616297324E-03));
#1508 = CARTESIAN_POINT('',(1.838928870304,3.741005145602E-03));
#1509 = CARTESIAN_POINT('',(1.83912749562,3.430396227963E-03));
#1510 = CARTESIAN_POINT('',(1.839321810386,3.113303503517E-03));
#1511 = CARTESIAN_POINT('',(1.839511735403,2.789865643355E-03));
#1512 = CARTESIAN_POINT('',(1.839697123326,2.460321876691E-03));
#1513 = CARTESIAN_POINT('',(1.839877845071,2.124884488269E-03));
#1514 = CARTESIAN_POINT('',(1.840053766656,1.783772982584E-03));
#1515 = CARTESIAN_POINT('',(1.840224755413,1.437204929603E-03));
#1516 = CARTESIAN_POINT('',(1.84039067832,1.085398417651E-03));
#1517 = CARTESIAN_POINT('',(1.840551402448,7.285713961525E-04));
#1518 = CARTESIAN_POINT('',(1.840706794843,3.669418517667E-04));
#1519 = CARTESIAN_POINT('',(1.840806746652,1.22799124673E-04));
#1520 = CARTESIAN_POINT('',(1.840855789617,0.));
#1521 = ( GEOMETRIC_REPRESENTATION_CONTEXT(2) 
PARAMETRIC_REPRESENTATION_CONTEXT() REPRESENTATION_CONTEXT('2D SPACE',''
  ) );
#1522 = ORIENTED_EDGE('',*,*,#1523,.T.);
#1523 = EDGE_CURVE('',#1453,#1524,#1526,.T.);
#1524 = VERTEX_POINT('',#1525);
#1525 = CARTESIAN_POINT('',(-0.550819320949,0.39,-0.397320508076));
#1526 = SURFACE_CURVE('',#1527,(#1531,#1538),.PCURVE_S1.);
#1527 = LINE('',#1528,#1529);
#1528 = CARTESIAN_POINT('',(-0.5,0.39,-0.397320508076));
#1529 = VECTOR('',#1530,1.);
#1530 = DIRECTION('',(1.,-0.,-0.));
#1531 = PCURVE('',#1299,#1532);
#1532 = DEFINITIONAL_REPRESENTATION('',(#1533),#1537);
#1533 = LINE('',#1534,#1535);
#1534 = CARTESIAN_POINT('',(2.617993877992,0.));
#1535 = VECTOR('',#1536,1.);
#1536 = DIRECTION('',(0.,-1.));
#1537 = ( GEOMETRIC_REPRESENTATION_CONTEXT(2) 
PARAMETRIC_REPRESENTATION_CONTEXT() REPRESENTATION_CONTEXT('2D SPACE',''
  ) );
#1538 = PCURVE('',#1539,#1544);
#1539 = PLANE('',#1540);
#1540 = AXIS2_PLACEMENT_3D('',#1541,#1542,#1543);
#1541 = CARTESIAN_POINT('',(-0.75,0.39,0.39));
#1542 = DIRECTION('',(-0.,1.,0.));
#1543 = DIRECTION('',(0.,0.,1.));
#1544 = DEFINITIONAL_REPRESENTATION('',(#1545),#1549);
#1545 = LINE('',#1546,#1547);
#1546 = CARTESIAN_POINT('',(-0.787320508076,0.25));
#1547 = VECTOR('',#1548,1.);
#1548 = DIRECTION('',(0.,1.));
#1549 = ( GEOMETRIC_REPRESENTATION_CONTEXT(2) 
PARAMETRIC_REPRESENTATION_CONTEXT() REPRESENTATION_CONTEXT('2D SPACE',''
  ) );
#1550 = ORIENTED_EDGE('',*,*,#1551,.T.);
#1551 = EDGE_CURVE('',#1524,#1552,#1554,.T.);
#1552 = VERTEX_POINT('',#1553);
#1553 = CARTESIAN_POINT('',(-0.548184795385,0.38,-0.4));
#1554 = SURFACE_CURVE('',#1555,(#1563,#1592),.PCURVE_S1.);
#1555 = B_SPLINE_CURVE_WITH_KNOTS('',3,(#1556,#1557,#1558,#1559,#1560,
    #1561,#1562),.UNSPECIFIED.,.F.,.F.,(4,3,4),(1.060930429628E-05,
    1.367445175311E-05,2.136712485662E-05),.UNSPECIFIED.);
#1556 = CARTESIAN_POINT('',(-0.550819320949,0.39,-0.397320508076));
#1557 = CARTESIAN_POINT('',(-0.550587926183,0.389133814421,
    -0.397820600553));
#1558 = CARTESIAN_POINT('',(-0.550347158509,0.388229396254,
    -0.398255695573));
#1559 = CARTESIAN_POINT('',(-0.550101128893,0.387301503506,
    -0.398619560875));
#1560 = CARTESIAN_POINT('',(-0.5494880956,0.384989468246,-0.399526205971
    ));
#1561 = CARTESIAN_POINT('',(-0.548827938294,0.382475820953,-0.4));
#1562 = CARTESIAN_POINT('',(-0.548184795385,0.38,-0.4));
#1563 = PCURVE('',#1299,#1564);
#1564 = DEFINITIONAL_REPRESENTATION('',(#1565),#1591);
#1565 = B_SPLINE_CURVE_WITH_KNOTS('',3,(#1566,#1567,#1568,#1569,#1570,
    #1571,#1572,#1573,#1574,#1575,#1576,#1577,#1578,#1579,#1580,#1581,
    #1582,#1583,#1584,#1585,#1586,#1587,#1588,#1589,#1590),
  .UNSPECIFIED.,.F.,.F.,(4,1,1,1,1,1,1,1,1,1,1,1,1,1,1,1,1,1,1,1,1,1,4),
  (1.060930429628E-05,1.109829613993E-05,1.158728798358E-05,
    1.207627982723E-05,1.256527167088E-05,1.305426351454E-05,
    1.354325535819E-05,1.403224720184E-05,1.452123904549E-05,
    1.501023088915E-05,1.54992227328E-05,1.598821457645E-05,
    1.64772064201E-05,1.696619826375E-05,1.745519010741E-05,
    1.794418195106E-05,1.843317379471E-05,1.892216563836E-05,
    1.941115748202E-05,1.990014932567E-05,2.038914116932E-05,
    2.087813301297E-05,2.136712485662E-05),.QUASI_UNIFORM_KNOTS.);
#1566 = CARTESIAN_POINT('',(2.617993877992,5.081932094936E-02));
#1567 = CARTESIAN_POINT('',(2.625971983781,5.078240587262E-02));
#1568 = CARTESIAN_POINT('',(2.641929761388,5.070809885305E-02));
#1569 = CARTESIAN_POINT('',(2.665865794024,5.059530581473E-02));
#1570 = CARTESIAN_POINT('',(2.689794242479,5.048128659476E-02));
#1571 = CARTESIAN_POINT('',(2.713713821273,5.036611868742E-02));
#1572 = CARTESIAN_POINT('',(2.737601489154,5.024998668115E-02));
#1573 = CARTESIAN_POINT('',(2.761515236408,5.013267562073E-02));
#1574 = CARTESIAN_POINT('',(2.785210744668,5.001546163151E-02));
#1575 = CARTESIAN_POINT('',(2.808929954225,4.989722251705E-02));
#1576 = CARTESIAN_POINT('',(2.832680350199,4.97780000428E-02));
#1577 = CARTESIAN_POINT('',(2.856453974169,4.965790834464E-02));
#1578 = CARTESIAN_POINT('',(2.880246577466,4.953704216686E-02));
#1579 = CARTESIAN_POINT('',(2.904052562733,4.94155014497E-02));
#1580 = CARTESIAN_POINT('',(2.927866414667,4.929338474116E-02));
#1581 = CARTESIAN_POINT('',(2.951682393344,4.917079096229E-02));
#1582 = CARTESIAN_POINT('',(2.975494694021,4.904781893416E-02));
#1583 = CARTESIAN_POINT('',(2.999297482604,4.892456750465E-02));
#1584 = CARTESIAN_POINT('',(3.023084964291,4.880113551446E-02));
#1585 = CARTESIAN_POINT('',(3.046851444169,4.86776218062E-02));
#1586 = CARTESIAN_POINT('',(3.070591385215,4.855412522198E-02));
#1587 = CARTESIAN_POINT('',(3.094299481128,4.843074460402E-02));
#1588 = CARTESIAN_POINT('',(3.117970667041,4.830757879455E-02));
#1589 = CARTESIAN_POINT('',(3.133723793531,4.822567735536E-02));
#1590 = CARTESIAN_POINT('',(3.14159265359,4.818479538458E-02));
#1591 = ( GEOMETRIC_REPRESENTATION_CONTEXT(2) 
PARAMETRIC_REPRESENTATION_CONTEXT() REPRESENTATION_CONTEXT('2D SPACE',''
  ) );
#1592 = PCURVE('',#189,#1593);
#1593 = DEFINITIONAL_REPRESENTATION('',(#1594),#1620);
#1594 = B_SPLINE_CURVE_WITH_KNOTS('',3,(#1595,#1596,#1597,#1598,#1599,
    #1600,#1601,#1602,#1603,#1604,#1605,#1606,#1607,#1608,#1609,#1610,
    #1611,#1612,#1613,#1614,#1615,#1616,#1617,#1618,#1619),
  .UNSPECIFIED.,.F.,.F.,(4,1,1,1,1,1,1,1,1,1,1,1,1,1,1,1,1,1,1,1,1,1,4),
  (1.060930429628E-05,1.109829613993E-05,1.158728798358E-05,
    1.207627982723E-05,1.256527167088E-05,1.305426351454E-05,
    1.354325535819E-05,1.403224720184E-05,1.452123904549E-05,
    1.501023088915E-05,1.54992227328E-05,1.598821457645E-05,
    1.64772064201E-05,1.696619826375E-05,1.745519010741E-05,
    1.794418195106E-05,1.843317379471E-05,1.892216563836E-05,
    1.941115748202E-05,1.990014932567E-05,2.038914116932E-05,
    2.087813301297E-05,2.136712485662E-05),.QUASI_UNIFORM_KNOTS.);
#1595 = CARTESIAN_POINT('',(1.309749975933,7.320508075691E-03));
#1596 = CARTESIAN_POINT('',(1.309845329876,7.400289275747E-03));
#1597 = CARTESIAN_POINT('',(1.310037372699,7.556542865073E-03));
#1598 = CARTESIAN_POINT('',(1.310329198324,7.780848081315E-03));
#1599 = CARTESIAN_POINT('',(1.310624520517,7.994917030056E-03));
#1600 = CARTESIAN_POINT('',(1.310923149377,8.198631886843E-03));
#1601 = CARTESIAN_POINT('',(1.311224616726,8.391714090374E-03));
#1602 = CARTESIAN_POINT('',(1.311529492577,8.574484751448E-03));
#1603 = CARTESIAN_POINT('',(1.311834472475,8.745027029307E-03));
#1604 = CARTESIAN_POINT('',(1.312142497182,8.9049374764E-03));
#1605 = CARTESIAN_POINT('',(1.312453456351,9.054269301731E-03));
#1606 = CARTESIAN_POINT('',(1.312767056686,9.192928245158E-03));
#1607 = CARTESIAN_POINT('',(1.313083053911,9.320859560776E-03));
#1608 = CARTESIAN_POINT('',(1.313401190615,9.437997914876E-03));
#1609 = CARTESIAN_POINT('',(1.313721212905,9.544280810738E-03));
#1610 = CARTESIAN_POINT('',(1.314042865947,9.639644991476E-03));
#1611 = CARTESIAN_POINT('',(1.314365895159,9.724027403888E-03));
#1612 = CARTESIAN_POINT('',(1.314690045894,9.797364940198E-03));
#1613 = CARTESIAN_POINT('',(1.315015063521,9.85959450725E-03));
#1614 = CARTESIAN_POINT('',(1.315340693407,9.910653007971E-03));
#1615 = CARTESIAN_POINT('',(1.315666680923,9.950477346339E-03));
#1616 = CARTESIAN_POINT('',(1.315992771441,9.979004426049E-03));
#1617 = CARTESIAN_POINT('',(1.316318710333,9.996171150874E-03));
#1618 = CARTESIAN_POINT('',(1.316535732095,1.E-02));
#1619 = CARTESIAN_POINT('',(1.316644132831,1.E-02));
#1620 = ( GEOMETRIC_REPRESENTATION_CONTEXT(2) 
PARAMETRIC_REPRESENTATION_CONTEXT() REPRESENTATION_CONTEXT('2D SPACE',''
  ) );
#1621 = ORIENTED_EDGE('',*,*,#1622,.F.);
#1622 = EDGE_CURVE('',#1623,#1552,#1625,.T.);
#1623 = VERTEX_POINT('',#1624);
#1624 = CARTESIAN_POINT('',(-0.78,0.38,-0.4));
#1625 = SURFACE_CURVE('',#1626,(#1630,#1637),.PCURVE_S1.);
#1626 = LINE('',#1627,#1628);
#1627 = CARTESIAN_POINT('',(-0.5,0.38,-0.4));
#1628 = VECTOR('',#1629,1.);
#1629 = DIRECTION('',(1.,-0.,-0.));
#1630 = PCURVE('',#1299,#1631);
#1631 = DEFINITIONAL_REPRESENTATION('',(#1632),#1636);
#1632 = LINE('',#1633,#1634);
#1633 = CARTESIAN_POINT('',(3.14159265359,0.));
#1634 = VECTOR('',#1635,1.);
#1635 = DIRECTION('',(0.,-1.));
#1636 = ( GEOMETRIC_REPRESENTATION_CONTEXT(2) 
PARAMETRIC_REPRESENTATION_CONTEXT() REPRESENTATION_CONTEXT('2D SPACE',''
  ) );
#1637 = PCURVE('',#1075,#1638);
#1638 = DEFINITIONAL_REPRESENTATION('',(#1639),#1643);
#1639 = LINE('',#1640,#1641);
#1640 = CARTESIAN_POINT('',(2.E-02,0.));
#1641 = VECTOR('',#1642,1.);
#1642 = DIRECTION('',(0.,1.));
#1643 = ( GEOMETRIC_REPRESENTATION_CONTEXT(2) 
PARAMETRIC_REPRESENTATION_CONTEXT() REPRESENTATION_CONTEXT('2D SPACE',''
  ) );
#1644 = ORIENTED_EDGE('',*,*,#1645,.F.);
#1645 = EDGE_CURVE('',#1291,#1623,#1646,.T.);
#1646 = SURFACE_CURVE('',#1647,(#1652,#1659),.PCURVE_S1.);
#1647 = CIRCLE('',#1648,2.E-02);
#1648 = AXIS2_PLACEMENT_3D('',#1649,#1650,#1651);
#1649 = CARTESIAN_POINT('',(-0.78,0.38,-0.38));
#1650 = DIRECTION('',(-1.,0.,0.));
#1651 = DIRECTION('',(0.,0.,1.));
#1652 = PCURVE('',#1299,#1653);
#1653 = DEFINITIONAL_REPRESENTATION('',(#1654),#1658);
#1654 = LINE('',#1655,#1656);
#1655 = CARTESIAN_POINT('',(0.,0.28));
#1656 = VECTOR('',#1657,1.);
#1657 = DIRECTION('',(1.,0.));
#1658 = ( GEOMETRIC_REPRESENTATION_CONTEXT(2) 
PARAMETRIC_REPRESENTATION_CONTEXT() REPRESENTATION_CONTEXT('2D SPACE',''
  ) );
#1659 = PCURVE('',#1660,#1665);
#1660 = SPHERICAL_SURFACE('',#1661,2.E-02);
#1661 = AXIS2_PLACEMENT_3D('',#1662,#1663,#1664);
#1662 = CARTESIAN_POINT('',(-0.78,0.38,-0.38));
#1663 = DIRECTION('',(0.,1.,0.));
#1664 = DIRECTION('',(1.,0.,0.));
#1665 = DEFINITIONAL_REPRESENTATION('',(#1666),#1692);
#1666 = B_SPLINE_CURVE_WITH_KNOTS('',3,(#1667,#1668,#1669,#1670,#1671,
    #1672,#1673,#1674,#1675,#1676,#1677,#1678,#1679,#1680,#1681,#1682,
    #1683,#1684,#1685,#1686,#1687,#1688,#1689,#1690,#1691),
  .UNSPECIFIED.,.F.,.F.,(4,1,1,1,1,1,1,1,1,1,1,1,1,1,1,1,1,1,1,1,1,1,4),
  (1.570796326795,1.642196159831,1.713595992867,1.784995825903,
    1.856395658939,1.927795491976,1.999195325012,2.070595158048,
    2.141994991084,2.21339482412,2.284794657156,2.356194490192,
    2.427594323228,2.498994156265,2.570393989301,2.641793822337,
    2.713193655373,2.784593488409,2.855993321445,2.927393154481,
    2.998792987518,3.070192820554,3.14159265359),.QUASI_UNIFORM_KNOTS.);
#1667 = CARTESIAN_POINT('',(1.570796326795,1.570796326795));
#1668 = CARTESIAN_POINT('',(1.570796326795,1.54699638245));
#1669 = CARTESIAN_POINT('',(1.570796326795,1.499396493759));
#1670 = CARTESIAN_POINT('',(1.570796326795,1.427996660723));
#1671 = CARTESIAN_POINT('',(1.570796326795,1.356596827687));
#1672 = CARTESIAN_POINT('',(1.570796326795,1.28519699465));
#1673 = CARTESIAN_POINT('',(1.570796326795,1.213797161614));
#1674 = CARTESIAN_POINT('',(1.570796326795,1.142397328578));
#1675 = CARTESIAN_POINT('',(1.570796326795,1.070997495542));
#1676 = CARTESIAN_POINT('',(1.570796326795,0.999597662506));
#1677 = CARTESIAN_POINT('',(1.570796326795,0.92819782947));
#1678 = CARTESIAN_POINT('',(1.570796326795,0.856797996434));
#1679 = CARTESIAN_POINT('',(1.570796326795,0.785398163397));
#1680 = CARTESIAN_POINT('',(1.570796326795,0.713998330361));
#1681 = CARTESIAN_POINT('',(1.570796326795,0.642598497325));
#1682 = CARTESIAN_POINT('',(1.570796326795,0.571198664289));
#1683 = CARTESIAN_POINT('',(1.570796326795,0.499798831253));
#1684 = CARTESIAN_POINT('',(1.570796326795,0.428398998217));
#1685 = CARTESIAN_POINT('',(1.570796326795,0.356999165181));
#1686 = CARTESIAN_POINT('',(1.570796326795,0.285599332145));
#1687 = CARTESIAN_POINT('',(1.570796326795,0.214199499108));
#1688 = CARTESIAN_POINT('',(1.570796326795,0.142799666072));
#1689 = CARTESIAN_POINT('',(1.570796326795,7.139983303613E-02));
#1690 = CARTESIAN_POINT('',(1.570796326795,2.379994434538E-02));
#1691 = CARTESIAN_POINT('',(1.570796326795,0.));
#1692 = ( GEOMETRIC_REPRESENTATION_CONTEXT(2) 
PARAMETRIC_REPRESENTATION_CONTEXT() REPRESENTATION_CONTEXT('2D SPACE',''
  ) );
#1693 = ADVANCED_FACE('',(#1694),#894,.T.);
#1694 = FACE_BOUND('',#1695,.T.);
#1695 = EDGE_LOOP('',(#1696,#1720,#1741));
#1696 = ORIENTED_EDGE('',*,*,#1697,.F.);
#1697 = EDGE_CURVE('',#1698,#872,#1700,.T.);
#1698 = VERTEX_POINT('',#1699);
#1699 = CARTESIAN_POINT('',(-0.550819320949,-0.384274781886,-0.39));
#1700 = SURFACE_CURVE('',#1701,(#1706,#1713),.PCURVE_S1.);
#1701 = CIRCLE('',#1702,1.5);
#1702 = AXIS2_PLACEMENT_3D('',#1703,#1704,#1705);
#1703 = CARTESIAN_POINT('',(-2.,2.862609056759E-03,-0.39));
#1704 = DIRECTION('',(-0.,1.084202172486E-16,-1.));
#1705 = DIRECTION('',(0.,1.,1.084202172486E-16));
#1706 = PCURVE('',#894,#1707);
#1707 = DEFINITIONAL_REPRESENTATION('',(#1708),#1712);
#1708 = CIRCLE('',#1709,1.5);
#1709 = AXIS2_PLACEMENT_2D('',#1710,#1711);
#1710 = CARTESIAN_POINT('',(-0.387137390943,-1.25));
#1711 = DIRECTION('',(1.,0.));
#1712 = ( GEOMETRIC_REPRESENTATION_CONTEXT(2) 
PARAMETRIC_REPRESENTATION_CONTEXT() REPRESENTATION_CONTEXT('2D SPACE',''
  ) );
#1713 = PCURVE('',#189,#1714);
#1714 = DEFINITIONAL_REPRESENTATION('',(#1715),#1719);
#1715 = LINE('',#1716,#1717);
#1716 = CARTESIAN_POINT('',(0.,0.));
#1717 = VECTOR('',#1718,1.);
#1718 = DIRECTION('',(1.,0.));
#1719 = ( GEOMETRIC_REPRESENTATION_CONTEXT(2) 
PARAMETRIC_REPRESENTATION_CONTEXT() REPRESENTATION_CONTEXT('2D SPACE',''
  ) );
#1720 = ORIENTED_EDGE('',*,*,#1721,.T.);
#1721 = EDGE_CURVE('',#1698,#874,#1722,.T.);
#1722 = SURFACE_CURVE('',#1723,(#1727,#1734),.PCURVE_S1.);
#1723 = LINE('',#1724,#1725);
#1724 = CARTESIAN_POINT('',(-0.550819320949,-0.39,-0.39));
#1725 = VECTOR('',#1726,1.);
#1726 = DIRECTION('',(-0.,-1.,3.383061121595E-15));
#1727 = PCURVE('',#894,#1728);
#1728 = DEFINITIONAL_REPRESENTATION('',(#1729),#1733);
#1729 = LINE('',#1730,#1731);
#1730 = CARTESIAN_POINT('',(-0.78,0.199180679051));
#1731 = VECTOR('',#1732,1.);
#1732 = DIRECTION('',(-1.,0.));
#1733 = ( GEOMETRIC_REPRESENTATION_CONTEXT(2) 
PARAMETRIC_REPRESENTATION_CONTEXT() REPRESENTATION_CONTEXT('2D SPACE',''
  ) );
#1734 = PCURVE('',#463,#1735);
#1735 = DEFINITIONAL_REPRESENTATION('',(#1736),#1740);
#1736 = LINE('',#1737,#1738);
#1737 = CARTESIAN_POINT('',(1.309749975933,-1.387778780781E-15));
#1738 = VECTOR('',#1739,1.);
#1739 = DIRECTION('',(0.,1.));
#1740 = ( GEOMETRIC_REPRESENTATION_CONTEXT(2) 
PARAMETRIC_REPRESENTATION_CONTEXT() REPRESENTATION_CONTEXT('2D SPACE',''
  ) );
#1741 = ORIENTED_EDGE('',*,*,#871,.F.);
#1742 = ADVANCED_FACE('',(#1743),#1413,.T.);
#1743 = FACE_BOUND('',#1744,.T.);
#1744 = EDGE_LOOP('',(#1745,#1746,#1769));
#1745 = ORIENTED_EDGE('',*,*,#1397,.F.);
#1746 = ORIENTED_EDGE('',*,*,#1747,.T.);
#1747 = EDGE_CURVE('',#1324,#1748,#1750,.T.);
#1748 = VERTEX_POINT('',#1749);
#1749 = CARTESIAN_POINT('',(-0.552360897736,0.395725218114,-0.39));
#1750 = SURFACE_CURVE('',#1751,(#1755,#1762),.PCURVE_S1.);
#1751 = LINE('',#1752,#1753);
#1752 = CARTESIAN_POINT('',(-0.552360897736,0.39,-0.39));
#1753 = VECTOR('',#1754,1.);
#1754 = DIRECTION('',(0.,-1.,1.036602379928E-14));
#1755 = PCURVE('',#1413,#1756);
#1756 = DEFINITIONAL_REPRESENTATION('',(#1757),#1761);
#1757 = LINE('',#1758,#1759);
#1758 = CARTESIAN_POINT('',(1.110223024625E-16,0.197639102264));
#1759 = VECTOR('',#1760,1.);
#1760 = DIRECTION('',(-1.,0.));
#1761 = ( GEOMETRIC_REPRESENTATION_CONTEXT(2) 
PARAMETRIC_REPRESENTATION_CONTEXT() REPRESENTATION_CONTEXT('2D SPACE',''
  ) );
#1762 = PCURVE('',#124,#1763);
#1763 = DEFINITIONAL_REPRESENTATION('',(#1764),#1768);
#1764 = LINE('',#1765,#1766);
#1765 = CARTESIAN_POINT('',(1.835795433501,4.163336342344E-15));
#1766 = VECTOR('',#1767,1.);
#1767 = DIRECTION('',(0.,-1.));
#1768 = ( GEOMETRIC_REPRESENTATION_CONTEXT(2) 
PARAMETRIC_REPRESENTATION_CONTEXT() REPRESENTATION_CONTEXT('2D SPACE',''
  ) );
#1769 = ORIENTED_EDGE('',*,*,#1770,.F.);
#1770 = EDGE_CURVE('',#1398,#1748,#1771,.T.);
#1771 = SURFACE_CURVE('',#1772,(#1777,#1784),.PCURVE_S1.);
#1772 = CIRCLE('',#1773,1.5);
#1773 = AXIS2_PLACEMENT_3D('',#1774,#1775,#1776);
#1774 = CARTESIAN_POINT('',(-2.,2.862609056759E-03,-0.39));
#1775 = DIRECTION('',(-0.,1.084202172486E-16,-1.));
#1776 = DIRECTION('',(0.,1.,1.084202172486E-16));
#1777 = PCURVE('',#1413,#1778);
#1778 = DEFINITIONAL_REPRESENTATION('',(#1779),#1783);
#1779 = CIRCLE('',#1780,1.5);
#1780 = AXIS2_PLACEMENT_2D('',#1781,#1782);
#1781 = CARTESIAN_POINT('',(-0.387137390943,-1.25));
#1782 = DIRECTION('',(1.,0.));
#1783 = ( GEOMETRIC_REPRESENTATION_CONTEXT(2) 
PARAMETRIC_REPRESENTATION_CONTEXT() REPRESENTATION_CONTEXT('2D SPACE',''
  ) );
#1784 = PCURVE('',#1441,#1785);
#1785 = DEFINITIONAL_REPRESENTATION('',(#1786),#1790);
#1786 = LINE('',#1787,#1788);
#1787 = CARTESIAN_POINT('',(0.,0.));
#1788 = VECTOR('',#1789,1.);
#1789 = DIRECTION('',(1.,0.));
#1790 = ( GEOMETRIC_REPRESENTATION_CONTEXT(2) 
PARAMETRIC_REPRESENTATION_CONTEXT() REPRESENTATION_CONTEXT('2D SPACE',''
  ) );
#1791 = ADVANCED_FACE('',(#1792),#1311,.F.);
#1792 = FACE_BOUND('',#1793,.T.);
#1793 = EDGE_LOOP('',(#1794,#1822,#1823,#1851));
#1794 = ORIENTED_EDGE('',*,*,#1795,.T.);
#1795 = EDGE_CURVE('',#1796,#1289,#1798,.T.);
#1796 = VERTEX_POINT('',#1797);
#1797 = CARTESIAN_POINT('',(-0.548184795385,0.4,0.38));
#1798 = SURFACE_CURVE('',#1799,(#1804,#1815),.PCURVE_S1.);
#1799 = CIRCLE('',#1800,1.5);
#1800 = AXIS2_PLACEMENT_3D('',#1801,#1802,#1803);
#1801 = CARTESIAN_POINT('',(-2.,0.4,2.862609056754E-03));
#1802 = DIRECTION('',(-0.,1.,-1.036602379928E-14));
#1803 = DIRECTION('',(0.,1.036602379928E-14,1.));
#1804 = PCURVE('',#1311,#1805);
#1805 = DEFINITIONAL_REPRESENTATION('',(#1806),#1814);
#1806 = ( BOUNDED_CURVE() B_SPLINE_CURVE(2,(#1807,#1808,#1809,#1810,
#1811,#1812,#1813),.UNSPECIFIED.,.T.,.F.) B_SPLINE_CURVE_WITH_KNOTS((1,2
    ,2,2,2,1),(-2.094395102393,0.,2.094395102393,4.188790204786,
6.28318530718,8.377580409573),.UNSPECIFIED.) CURVE() 
GEOMETRIC_REPRESENTATION_ITEM() RATIONAL_B_SPLINE_CURVE((1.,0.5,1.,0.5,
1.,0.5,1.)) REPRESENTATION_ITEM('') );
#1807 = CARTESIAN_POINT('',(-1.102862609057,-1.5));
#1808 = CARTESIAN_POINT('',(-1.102862609057,1.098076211353));
#1809 = CARTESIAN_POINT('',(1.147137390943,-0.200961894323));
#1810 = CARTESIAN_POINT('',(3.397137390943,-1.5));
#1811 = CARTESIAN_POINT('',(1.147137390943,-2.799038105677));
#1812 = CARTESIAN_POINT('',(-1.102862609057,-4.098076211353));
#1813 = CARTESIAN_POINT('',(-1.102862609057,-1.5));
#1814 = ( GEOMETRIC_REPRESENTATION_CONTEXT(2) 
PARAMETRIC_REPRESENTATION_CONTEXT() REPRESENTATION_CONTEXT('2D SPACE',''
  ) );
#1815 = PCURVE('',#124,#1816);
#1816 = DEFINITIONAL_REPRESENTATION('',(#1817),#1821);
#1817 = LINE('',#1818,#1819);
#1818 = CARTESIAN_POINT('',(0.,1.E-02));
#1819 = VECTOR('',#1820,1.);
#1820 = DIRECTION('',(1.,1.083673226369E-16));
#1821 = ( GEOMETRIC_REPRESENTATION_CONTEXT(2) 
PARAMETRIC_REPRESENTATION_CONTEXT() REPRESENTATION_CONTEXT('2D SPACE',''
  ) );
#1822 = ORIENTED_EDGE('',*,*,#1288,.T.);
#1823 = ORIENTED_EDGE('',*,*,#1824,.T.);
#1824 = EDGE_CURVE('',#1291,#1825,#1827,.T.);
#1825 = VERTEX_POINT('',#1826);
#1826 = CARTESIAN_POINT('',(-0.78,0.4,0.38));
#1827 = SURFACE_CURVE('',#1828,(#1832,#1839),.PCURVE_S1.);
#1828 = LINE('',#1829,#1830);
#1829 = CARTESIAN_POINT('',(-0.78,0.4,0.4));
#1830 = VECTOR('',#1831,1.);
#1831 = DIRECTION('',(0.,0.,1.));
#1832 = PCURVE('',#1311,#1833);
#1833 = DEFINITIONAL_REPRESENTATION('',(#1834),#1838);
#1834 = LINE('',#1835,#1836);
#1835 = CARTESIAN_POINT('',(-0.,-0.28));
#1836 = VECTOR('',#1837,1.);
#1837 = DIRECTION('',(-1.,0.));
#1838 = ( GEOMETRIC_REPRESENTATION_CONTEXT(2) 
PARAMETRIC_REPRESENTATION_CONTEXT() REPRESENTATION_CONTEXT('2D SPACE',''
  ) );
#1839 = PCURVE('',#1840,#1845);
#1840 = CYLINDRICAL_SURFACE('',#1841,2.E-02);
#1841 = AXIS2_PLACEMENT_3D('',#1842,#1843,#1844);
#1842 = CARTESIAN_POINT('',(-0.78,0.38,0.4));
#1843 = DIRECTION('',(0.,0.,-1.));
#1844 = DIRECTION('',(-1.,0.,0.));
#1845 = DEFINITIONAL_REPRESENTATION('',(#1846),#1850);
#1846 = LINE('',#1847,#1848);
#1847 = CARTESIAN_POINT('',(1.570796326795,0.));
#1848 = VECTOR('',#1849,1.);
#1849 = DIRECTION('',(0.,-1.));
#1850 = ( GEOMETRIC_REPRESENTATION_CONTEXT(2) 
PARAMETRIC_REPRESENTATION_CONTEXT() REPRESENTATION_CONTEXT('2D SPACE',''
  ) );
#1851 = ORIENTED_EDGE('',*,*,#1852,.T.);
#1852 = EDGE_CURVE('',#1825,#1796,#1853,.T.);
#1853 = SURFACE_CURVE('',#1854,(#1858,#1865),.PCURVE_S1.);
#1854 = LINE('',#1855,#1856);
#1855 = CARTESIAN_POINT('',(-0.5,0.4,0.38));
#1856 = VECTOR('',#1857,1.);
#1857 = DIRECTION('',(1.,-0.,-0.));
#1858 = PCURVE('',#1311,#1859);
#1859 = DEFINITIONAL_REPRESENTATION('',(#1860),#1864);
#1860 = LINE('',#1861,#1862);
#1861 = CARTESIAN_POINT('',(2.E-02,0.));
#1862 = VECTOR('',#1863,1.);
#1863 = DIRECTION('',(0.,1.));
#1864 = ( GEOMETRIC_REPRESENTATION_CONTEXT(2) 
PARAMETRIC_REPRESENTATION_CONTEXT() REPRESENTATION_CONTEXT('2D SPACE',''
  ) );
#1865 = PCURVE('',#1866,#1871);
#1866 = CYLINDRICAL_SURFACE('',#1867,2.E-02);
#1867 = AXIS2_PLACEMENT_3D('',#1868,#1869,#1870);
#1868 = CARTESIAN_POINT('',(-0.5,0.38,0.38));
#1869 = DIRECTION('',(-1.,0.,0.));
#1870 = DIRECTION('',(0.,0.,1.));
#1871 = DEFINITIONAL_REPRESENTATION('',(#1872),#1876);
#1872 = LINE('',#1873,#1874);
#1873 = CARTESIAN_POINT('',(1.570796326795,0.));
#1874 = VECTOR('',#1875,1.);
#1875 = DIRECTION('',(0.,-1.));
#1876 = ( GEOMETRIC_REPRESENTATION_CONTEXT(2) 
PARAMETRIC_REPRESENTATION_CONTEXT() REPRESENTATION_CONTEXT('2D SPACE',''
  ) );
#1877 = ADVANCED_FACE('',(#1878),#1893,.F.);
#1878 = FACE_BOUND('',#1879,.T.);
#1879 = EDGE_LOOP('',(#1880,#1915,#1938,#1966));
#1880 = ORIENTED_EDGE('',*,*,#1881,.T.);
#1881 = EDGE_CURVE('',#1882,#1884,#1886,.T.);
#1882 = VERTEX_POINT('',#1883);
#1883 = CARTESIAN_POINT('',(-0.548184795385,-0.38,0.4));
#1884 = VERTEX_POINT('',#1885);
#1885 = CARTESIAN_POINT('',(-0.549684095589,0.38,0.4));
#1886 = SURFACE_CURVE('',#1887,(#1892,#1908),.PCURVE_S1.);
#1887 = CIRCLE('',#1888,1.5);
#1888 = AXIS2_PLACEMENT_3D('',#1889,#1890,#1891);
#1889 = CARTESIAN_POINT('',(-2.,-2.862609056759E-03,0.4));
#1890 = DIRECTION('',(0.,-1.084202172486E-16,1.));
#1891 = DIRECTION('',(0.,-1.,-1.084202172486E-16));
#1892 = PCURVE('',#1893,#1898);
#1893 = PLANE('',#1894);
#1894 = AXIS2_PLACEMENT_3D('',#1895,#1896,#1897);
#1895 = CARTESIAN_POINT('',(-0.5,0.4,0.4));
#1896 = DIRECTION('',(0.,1.355252715607E-16,-1.));
#1897 = DIRECTION('',(0.,1.,1.355252715607E-16));
#1898 = DEFINITIONAL_REPRESENTATION('',(#1899),#1907);
#1899 = ( BOUNDED_CURVE() B_SPLINE_CURVE(2,(#1900,#1901,#1902,#1903,
#1904,#1905,#1906),.UNSPECIFIED.,.T.,.F.) B_SPLINE_CURVE_WITH_KNOTS((1,2
    ,2,2,2,1),(-2.094395102393,0.,2.094395102393,4.188790204786,
6.28318530718,8.377580409573),.UNSPECIFIED.) CURVE() 
GEOMETRIC_REPRESENTATION_ITEM() RATIONAL_B_SPLINE_CURVE((1.,0.5,1.,0.5,
1.,0.5,1.)) REPRESENTATION_ITEM('') );
#1900 = CARTESIAN_POINT('',(-1.902862609057,-1.5));
#1901 = CARTESIAN_POINT('',(-1.902862609057,1.098076211353));
#1902 = CARTESIAN_POINT('',(0.347137390943,-0.200961894323));
#1903 = CARTESIAN_POINT('',(2.597137390943,-1.5));
#1904 = CARTESIAN_POINT('',(0.347137390943,-2.799038105677));
#1905 = CARTESIAN_POINT('',(-1.902862609057,-4.098076211353));
#1906 = CARTESIAN_POINT('',(-1.902862609057,-1.5));
#1907 = ( GEOMETRIC_REPRESENTATION_CONTEXT(2) 
PARAMETRIC_REPRESENTATION_CONTEXT() REPRESENTATION_CONTEXT('2D SPACE',''
  ) );
#1908 = PCURVE('',#610,#1909);
#1909 = DEFINITIONAL_REPRESENTATION('',(#1910),#1914);
#1910 = LINE('',#1911,#1912);
#1911 = CARTESIAN_POINT('',(0.,1.E-02));
#1912 = VECTOR('',#1913,1.);
#1913 = DIRECTION('',(1.,0.));
#1914 = ( GEOMETRIC_REPRESENTATION_CONTEXT(2) 
PARAMETRIC_REPRESENTATION_CONTEXT() REPRESENTATION_CONTEXT('2D SPACE',''
  ) );
#1915 = ORIENTED_EDGE('',*,*,#1916,.T.);
#1916 = EDGE_CURVE('',#1884,#1917,#1919,.T.);
#1917 = VERTEX_POINT('',#1918);
#1918 = CARTESIAN_POINT('',(-0.78,0.38,0.4));
#1919 = SURFACE_CURVE('',#1920,(#1924,#1931),.PCURVE_S1.);
#1920 = LINE('',#1921,#1922);
#1921 = CARTESIAN_POINT('',(-0.5,0.38,0.4));
#1922 = VECTOR('',#1923,1.);
#1923 = DIRECTION('',(-1.,0.,0.));
#1924 = PCURVE('',#1893,#1925);
#1925 = DEFINITIONAL_REPRESENTATION('',(#1926),#1930);
#1926 = LINE('',#1927,#1928);
#1927 = CARTESIAN_POINT('',(-2.E-02,0.));
#1928 = VECTOR('',#1929,1.);
#1929 = DIRECTION('',(0.,-1.));
#1930 = ( GEOMETRIC_REPRESENTATION_CONTEXT(2) 
PARAMETRIC_REPRESENTATION_CONTEXT() REPRESENTATION_CONTEXT('2D SPACE',''
  ) );
#1931 = PCURVE('',#1866,#1932);
#1932 = DEFINITIONAL_REPRESENTATION('',(#1933),#1937);
#1933 = LINE('',#1934,#1935);
#1934 = CARTESIAN_POINT('',(0.,0.));
#1935 = VECTOR('',#1936,1.);
#1936 = DIRECTION('',(0.,1.));
#1937 = ( GEOMETRIC_REPRESENTATION_CONTEXT(2) 
PARAMETRIC_REPRESENTATION_CONTEXT() REPRESENTATION_CONTEXT('2D SPACE',''
  ) );
#1938 = ORIENTED_EDGE('',*,*,#1939,.T.);
#1939 = EDGE_CURVE('',#1917,#1940,#1942,.T.);
#1940 = VERTEX_POINT('',#1941);
#1941 = CARTESIAN_POINT('',(-0.78,-0.38,0.4));
#1942 = SURFACE_CURVE('',#1943,(#1947,#1954),.PCURVE_S1.);
#1943 = LINE('',#1944,#1945);
#1944 = CARTESIAN_POINT('',(-0.78,-0.4,0.4));
#1945 = VECTOR('',#1946,1.);
#1946 = DIRECTION('',(0.,-1.,-1.355252715607E-16));
#1947 = PCURVE('',#1893,#1948);
#1948 = DEFINITIONAL_REPRESENTATION('',(#1949),#1953);
#1949 = LINE('',#1950,#1951);
#1950 = CARTESIAN_POINT('',(-0.8,-0.28));
#1951 = VECTOR('',#1952,1.);
#1952 = DIRECTION('',(-1.,0.));
#1953 = ( GEOMETRIC_REPRESENTATION_CONTEXT(2) 
PARAMETRIC_REPRESENTATION_CONTEXT() REPRESENTATION_CONTEXT('2D SPACE',''
  ) );
#1954 = PCURVE('',#1955,#1960);
#1955 = CYLINDRICAL_SURFACE('',#1956,2.E-02);
#1956 = AXIS2_PLACEMENT_3D('',#1957,#1958,#1959);
#1957 = CARTESIAN_POINT('',(-0.78,0.4,0.38));
#1958 = DIRECTION('',(0.,1.,1.355252715607E-16));
#1959 = DIRECTION('',(0.,-1.355252715607E-16,1.));
#1960 = DEFINITIONAL_REPRESENTATION('',(#1961),#1965);
#1961 = LINE('',#1962,#1963);
#1962 = CARTESIAN_POINT('',(6.28318530718,-0.8));
#1963 = VECTOR('',#1964,1.);
#1964 = DIRECTION('',(0.,-1.));
#1965 = ( GEOMETRIC_REPRESENTATION_CONTEXT(2) 
PARAMETRIC_REPRESENTATION_CONTEXT() REPRESENTATION_CONTEXT('2D SPACE',''
  ) );
#1966 = ORIENTED_EDGE('',*,*,#1967,.T.);
#1967 = EDGE_CURVE('',#1940,#1882,#1968,.T.);
#1968 = SURFACE_CURVE('',#1969,(#1973,#1980),.PCURVE_S1.);
#1969 = LINE('',#1970,#1971);
#1970 = CARTESIAN_POINT('',(-0.5,-0.38,0.4));
#1971 = VECTOR('',#1972,1.);
#1972 = DIRECTION('',(1.,-0.,-0.));
#1973 = PCURVE('',#1893,#1974);
#1974 = DEFINITIONAL_REPRESENTATION('',(#1975),#1979);
#1975 = LINE('',#1976,#1977);
#1976 = CARTESIAN_POINT('',(-0.78,0.));
#1977 = VECTOR('',#1978,1.);
#1978 = DIRECTION('',(0.,1.));
#1979 = ( GEOMETRIC_REPRESENTATION_CONTEXT(2) 
PARAMETRIC_REPRESENTATION_CONTEXT() REPRESENTATION_CONTEXT('2D SPACE',''
  ) );
#1980 = PCURVE('',#1981,#1986);
#1981 = CYLINDRICAL_SURFACE('',#1982,2.E-02);
#1982 = AXIS2_PLACEMENT_3D('',#1983,#1984,#1985);
#1983 = CARTESIAN_POINT('',(-0.5,-0.38,0.38));
#1984 = DIRECTION('',(-1.,0.,0.));
#1985 = DIRECTION('',(0.,0.,1.));
#1986 = DEFINITIONAL_REPRESENTATION('',(#1987),#1991);
#1987 = LINE('',#1988,#1989);
#1988 = CARTESIAN_POINT('',(6.28318530718,0.));
#1989 = VECTOR('',#1990,1.);
#1990 = DIRECTION('',(0.,-1.));
#1991 = ( GEOMETRIC_REPRESENTATION_CONTEXT(2) 
PARAMETRIC_REPRESENTATION_CONTEXT() REPRESENTATION_CONTEXT('2D SPACE',''
  ) );
#1992 = ADVANCED_FACE('',(#1993),#996,.F.);
#1993 = FACE_BOUND('',#1994,.T.);
#1994 = EDGE_LOOP('',(#1995,#2023,#2046,#2072));
#1995 = ORIENTED_EDGE('',*,*,#1996,.T.);
#1996 = EDGE_CURVE('',#907,#1997,#1999,.T.);
#1997 = VERTEX_POINT('',#1998);
#1998 = CARTESIAN_POINT('',(-0.549684095589,-0.4,0.38));
#1999 = SURFACE_CURVE('',#2000,(#2005,#2016),.PCURVE_S1.);
#2000 = CIRCLE('',#2001,1.5);
#2001 = AXIS2_PLACEMENT_3D('',#2002,#2003,#2004);
#2002 = CARTESIAN_POINT('',(-2.,-0.4,-2.862609056757E-03));
#2003 = DIRECTION('',(0.,-1.,3.383061121595E-15));
#2004 = DIRECTION('',(0.,-3.383061121595E-15,-1.));
#2005 = PCURVE('',#996,#2006);
#2006 = DEFINITIONAL_REPRESENTATION('',(#2007),#2015);
#2007 = ( BOUNDED_CURVE() B_SPLINE_CURVE(2,(#2008,#2009,#2010,#2011,
#2012,#2013,#2014),.UNSPECIFIED.,.T.,.F.) B_SPLINE_CURVE_WITH_KNOTS((1,2
    ,2,2,2,1),(-2.094395102393,0.,2.094395102393,4.188790204786,
6.28318530718,8.377580409573),.UNSPECIFIED.) CURVE() 
GEOMETRIC_REPRESENTATION_ITEM() RATIONAL_B_SPLINE_CURVE((1.,0.5,1.,0.5,
1.,0.5,1.)) REPRESENTATION_ITEM('') );
#2008 = CARTESIAN_POINT('',(-1.902862609057,-1.5));
#2009 = CARTESIAN_POINT('',(-1.902862609057,1.098076211353));
#2010 = CARTESIAN_POINT('',(0.347137390943,-0.200961894323));
#2011 = CARTESIAN_POINT('',(2.597137390943,-1.5));
#2012 = CARTESIAN_POINT('',(0.347137390943,-2.799038105677));
#2013 = CARTESIAN_POINT('',(-1.902862609057,-4.098076211353));
#2014 = CARTESIAN_POINT('',(-1.902862609057,-1.5));
#2015 = ( GEOMETRIC_REPRESENTATION_CONTEXT(2) 
PARAMETRIC_REPRESENTATION_CONTEXT() REPRESENTATION_CONTEXT('2D SPACE',''
  ) );
#2016 = PCURVE('',#463,#2017);
#2017 = DEFINITIONAL_REPRESENTATION('',(#2018),#2022);
#2018 = LINE('',#2019,#2020);
#2019 = CARTESIAN_POINT('',(0.,1.E-02));
#2020 = VECTOR('',#2021,1.);
#2021 = DIRECTION('',(1.,0.));
#2022 = ( GEOMETRIC_REPRESENTATION_CONTEXT(2) 
PARAMETRIC_REPRESENTATION_CONTEXT() REPRESENTATION_CONTEXT('2D SPACE',''
  ) );
#2023 = ORIENTED_EDGE('',*,*,#2024,.T.);
#2024 = EDGE_CURVE('',#1997,#2025,#2027,.T.);
#2025 = VERTEX_POINT('',#2026);
#2026 = CARTESIAN_POINT('',(-0.78,-0.4,0.38));
#2027 = SURFACE_CURVE('',#2028,(#2032,#2039),.PCURVE_S1.);
#2028 = LINE('',#2029,#2030);
#2029 = CARTESIAN_POINT('',(-0.5,-0.4,0.38));
#2030 = VECTOR('',#2031,1.);
#2031 = DIRECTION('',(-1.,0.,0.));
#2032 = PCURVE('',#996,#2033);
#2033 = DEFINITIONAL_REPRESENTATION('',(#2034),#2038);
#2034 = LINE('',#2035,#2036);
#2035 = CARTESIAN_POINT('',(-2.E-02,0.));
#2036 = VECTOR('',#2037,1.);
#2037 = DIRECTION('',(0.,-1.));
#2038 = ( GEOMETRIC_REPRESENTATION_CONTEXT(2) 
PARAMETRIC_REPRESENTATION_CONTEXT() REPRESENTATION_CONTEXT('2D SPACE',''
  ) );
#2039 = PCURVE('',#1981,#2040);
#2040 = DEFINITIONAL_REPRESENTATION('',(#2041),#2045);
#2041 = LINE('',#2042,#2043);
#2042 = CARTESIAN_POINT('',(4.712388980385,0.));
#2043 = VECTOR('',#2044,1.);
#2044 = DIRECTION('',(0.,1.));
#2045 = ( GEOMETRIC_REPRESENTATION_CONTEXT(2) 
PARAMETRIC_REPRESENTATION_CONTEXT() REPRESENTATION_CONTEXT('2D SPACE',''
  ) );
#2046 = ORIENTED_EDGE('',*,*,#2047,.T.);
#2047 = EDGE_CURVE('',#2025,#981,#2048,.T.);
#2048 = SURFACE_CURVE('',#2049,(#2053,#2060),.PCURVE_S1.);
#2049 = LINE('',#2050,#2051);
#2050 = CARTESIAN_POINT('',(-0.78,-0.4,-0.4));
#2051 = VECTOR('',#2052,1.);
#2052 = DIRECTION('',(0.,0.,-1.));
#2053 = PCURVE('',#996,#2054);
#2054 = DEFINITIONAL_REPRESENTATION('',(#2055),#2059);
#2055 = LINE('',#2056,#2057);
#2056 = CARTESIAN_POINT('',(-0.8,-0.28));
#2057 = VECTOR('',#2058,1.);
#2058 = DIRECTION('',(-1.,0.));
#2059 = ( GEOMETRIC_REPRESENTATION_CONTEXT(2) 
PARAMETRIC_REPRESENTATION_CONTEXT() REPRESENTATION_CONTEXT('2D SPACE',''
  ) );
#2060 = PCURVE('',#2061,#2066);
#2061 = CYLINDRICAL_SURFACE('',#2062,2.E-02);
#2062 = AXIS2_PLACEMENT_3D('',#2063,#2064,#2065);
#2063 = CARTESIAN_POINT('',(-0.78,-0.38,0.4));
#2064 = DIRECTION('',(0.,-0.,1.));
#2065 = DIRECTION('',(1.,0.,0.));
#2066 = DEFINITIONAL_REPRESENTATION('',(#2067),#2071);
#2067 = LINE('',#2068,#2069);
#2068 = CARTESIAN_POINT('',(4.712388980385,-0.8));
#2069 = VECTOR('',#2070,1.);
#2070 = DIRECTION('',(0.,-1.));
#2071 = ( GEOMETRIC_REPRESENTATION_CONTEXT(2) 
PARAMETRIC_REPRESENTATION_CONTEXT() REPRESENTATION_CONTEXT('2D SPACE',''
  ) );
#2072 = ORIENTED_EDGE('',*,*,#980,.T.);
#2073 = ADVANCED_FACE('',(#2074),#1981,.T.);
#2074 = FACE_BOUND('',#2075,.T.);
#2075 = EDGE_LOOP('',(#2076,#2077,#2148,#2176,#2203,#2277,#2305,#2374,
    #2375));
#2076 = ORIENTED_EDGE('',*,*,#2024,.F.);
#2077 = ORIENTED_EDGE('',*,*,#2078,.T.);
#2078 = EDGE_CURVE('',#1997,#2079,#2081,.T.);
#2079 = VERTEX_POINT('',#2080);
#2080 = CARTESIAN_POINT('',(-0.552360897736,-0.397320508076,0.39));
#2081 = SURFACE_CURVE('',#2082,(#2090,#2119),.PCURVE_S1.);
#2082 = B_SPLINE_CURVE_WITH_KNOTS('',3,(#2083,#2084,#2085,#2086,#2087,
    #2088,#2089),.UNSPECIFIED.,.F.,.F.,(4,3,4),(9.539999827931E-05,
    1.021809499593E-04,1.061694689542E-04),.UNSPECIFIED.);
#2083 = CARTESIAN_POINT('',(-0.549684095589,-0.4,0.38));
#2084 = CARTESIAN_POINT('',(-0.550260772507,-0.4,0.382184500878));
#2085 = CARTESIAN_POINT('',(-0.550849804688,-0.399633646139,
    0.384394817942));
#2086 = CARTESIAN_POINT('',(-0.551406685755,-0.398925647883,
    0.386466827184));
#2087 = CARTESIAN_POINT('',(-0.55173502056,-0.398508215,0.387688475381)
  );
#2088 = CARTESIAN_POINT('',(-0.552056128188,-0.397968889483,
    0.388876970461));
#2089 = CARTESIAN_POINT('',(-0.552360897736,-0.397320508076,0.39));
#2090 = PCURVE('',#1981,#2091);
#2091 = DEFINITIONAL_REPRESENTATION('',(#2092),#2118);
#2092 = B_SPLINE_CURVE_WITH_KNOTS('',3,(#2093,#2094,#2095,#2096,#2097,
    #2098,#2099,#2100,#2101,#2102,#2103,#2104,#2105,#2106,#2107,#2108,
    #2109,#2110,#2111,#2112,#2113,#2114,#2115,#2116,#2117),
  .UNSPECIFIED.,.F.,.F.,(4,1,1,1,1,1,1,1,1,1,1,1,1,1,1,1,1,1,1,1,1,1,4),
  (9.539999827931E-05,9.588951967362E-05,9.637904106794E-05,
    9.686856246225E-05,9.735808385656E-05,9.784760525087E-05,
    9.833712664518E-05,9.882664803949E-05,9.93161694338E-05,
    9.980569082812E-05,1.002952122224E-04,1.007847336167E-04,
    1.012742550111E-04,1.017637764054E-04,1.022532977997E-04,
    1.02742819194E-04,1.032323405883E-04,1.037218619826E-04,
    1.042113833769E-04,1.047009047712E-04,1.051904261655E-04,
    1.056799475599E-04,1.061694689542E-04),.QUASI_UNIFORM_KNOTS.);
#2093 = CARTESIAN_POINT('',(4.712388980385,4.968409558943E-02));
#2094 = CARTESIAN_POINT('',(4.720273981232,4.972572627819E-02));
#2095 = CARTESIAN_POINT('',(4.736057542709,4.980911643441E-02));
#2096 = CARTESIAN_POINT('',(4.759768660564,4.993448753942E-02));
#2097 = CARTESIAN_POINT('',(4.78351076636,5.006004404976E-02));
#2098 = CARTESIAN_POINT('',(4.807278666374,5.018568549977E-02));
#2099 = CARTESIAN_POINT('',(4.831066974859,5.031131142496E-02));
#2100 = CARTESIAN_POINT('',(4.854870131107,5.043682135645E-02));
#2101 = CARTESIAN_POINT('',(4.878682475272,5.056211484178E-02));
#2102 = CARTESIAN_POINT('',(4.902498291492,5.068709136722E-02));
#2103 = CARTESIAN_POINT('',(4.926311926648,5.081165064768E-02));
#2104 = CARTESIAN_POINT('',(4.95011764102,5.093569154477E-02));
#2105 = CARTESIAN_POINT('',(4.973910455505,5.105911610462E-02));
#2106 = CARTESIAN_POINT('',(4.99768327855,5.118181448869E-02));
#2107 = CARTESIAN_POINT('',(5.02143791373,5.130372121249E-02));
#2108 = CARTESIAN_POINT('',(5.045144259284,5.142460526005E-02));
#2109 = CARTESIAN_POINT('',(5.068947412038,5.15451312573E-02));
#2110 = CARTESIAN_POINT('',(5.09276406755,5.166480497947E-02));
#2111 = CARTESIAN_POINT('',(5.116609281383,5.178363071079E-02));
#2112 = CARTESIAN_POINT('',(5.140471638266,5.190147916042E-02));
#2113 = CARTESIAN_POINT('',(5.164346778756,5.201825682889E-02));
#2114 = CARTESIAN_POINT('',(5.188228503494,5.213386062622E-02));
#2115 = CARTESIAN_POINT('',(5.212111211309,5.22481900331E-02));
#2116 = CARTESIAN_POINT('',(5.2280300198,5.232349256977E-02));
#2117 = CARTESIAN_POINT('',(5.235987755983,5.236089773552E-02));
#2118 = ( GEOMETRIC_REPRESENTATION_CONTEXT(2) 
PARAMETRIC_REPRESENTATION_CONTEXT() REPRESENTATION_CONTEXT('2D SPACE',''
  ) );
#2119 = PCURVE('',#463,#2120);
#2120 = DEFINITIONAL_REPRESENTATION('',(#2121),#2147);
#2121 = B_SPLINE_CURVE_WITH_KNOTS('',3,(#2122,#2123,#2124,#2125,#2126,
    #2127,#2128,#2129,#2130,#2131,#2132,#2133,#2134,#2135,#2136,#2137,
    #2138,#2139,#2140,#2141,#2142,#2143,#2144,#2145,#2146),
  .UNSPECIFIED.,.F.,.F.,(4,1,1,1,1,1,1,1,1,1,1,1,1,1,1,1,1,1,1,1,1,1,4),
  (9.539999827931E-05,9.588951967362E-05,9.637904106794E-05,
    9.686856246225E-05,9.735808385656E-05,9.784760525087E-05,
    9.833712664518E-05,9.882664803949E-05,9.93161694338E-05,
    9.980569082812E-05,1.002952122224E-04,1.007847336167E-04,
    1.012742550111E-04,1.017637764054E-04,1.022532977997E-04,
    1.02742819194E-04,1.032323405883E-04,1.037218619826E-04,
    1.042113833769E-04,1.047009047712E-04,1.051904261655E-04,
    1.056799475599E-04,1.061694689542E-04),.QUASI_UNIFORM_KNOTS.);
#2122 = CARTESIAN_POINT('',(1.828894042495,1.E-02));
#2123 = CARTESIAN_POINT('',(1.829002777816,1.E-02));
#2124 = CARTESIAN_POINT('',(1.829220443818,9.996181499749E-03));
#2125 = CARTESIAN_POINT('',(1.829547273034,9.979054025968E-03));
#2126 = CARTESIAN_POINT('',(1.829874176599,9.950582606034E-03));
#2127 = CARTESIAN_POINT('',(1.830200898643,9.910823017536E-03));
#2128 = CARTESIAN_POINT('',(1.830527183301,9.859831036819E-03));
#2129 = CARTESIAN_POINT('',(1.83085277469,9.797662444863E-03));
#2130 = CARTESIAN_POINT('',(1.831177416974,9.724373005347E-03));
#2131 = CARTESIAN_POINT('',(1.831500854152,9.640018546523E-03));
#2132 = CARTESIAN_POINT('',(1.831822830818,9.544654655657E-03));
#2133 = CARTESIAN_POINT('',(1.832143089354,9.438337819378E-03));
#2134 = CARTESIAN_POINT('',(1.832461380392,9.321121167857E-03));
#2135 = CARTESIAN_POINT('',(1.832777423774,9.193070357724E-03));
#2136 = CARTESIAN_POINT('',(1.833091054255,9.054204296235E-03));
#2137 = CARTESIAN_POINT('',(1.833401677721,8.904716361686E-03));
#2138 = CARTESIAN_POINT('',(1.833711015147,8.743803266655E-03));
#2139 = CARTESIAN_POINT('',(1.834017813093,8.572152083527E-03));
#2140 = CARTESIAN_POINT('',(1.834322092686,8.389759257877E-03));
#2141 = CARTESIAN_POINT('',(1.834623533528,8.196806288198E-03));
#2142 = CARTESIAN_POINT('',(1.834921906733,7.993425088117E-03));
#2143 = CARTESIAN_POINT('',(1.83521695889,7.779760857812E-03));
#2144 = CARTESIAN_POINT('',(1.83550844316,7.555955236118E-03));
#2145 = CARTESIAN_POINT('',(1.835700221676,7.400085625835E-03));
#2146 = CARTESIAN_POINT('',(1.835795433501,7.32050807569E-03));
#2147 = ( GEOMETRIC_REPRESENTATION_CONTEXT(2) 
PARAMETRIC_REPRESENTATION_CONTEXT() REPRESENTATION_CONTEXT('2D SPACE',''
  ) );
#2148 = ORIENTED_EDGE('',*,*,#2149,.T.);
#2149 = EDGE_CURVE('',#2079,#2150,#2152,.T.);
#2150 = VERTEX_POINT('',#2151);
#2151 = CARTESIAN_POINT('',(-0.55279477409,-0.397320508076,0.39));
#2152 = SURFACE_CURVE('',#2153,(#2157,#2164),.PCURVE_S1.);
#2153 = LINE('',#2154,#2155);
#2154 = CARTESIAN_POINT('',(-0.5,-0.397320508076,0.39));
#2155 = VECTOR('',#2156,1.);
#2156 = DIRECTION('',(-1.,0.,0.));
#2157 = PCURVE('',#1981,#2158);
#2158 = DEFINITIONAL_REPRESENTATION('',(#2159),#2163);
#2159 = LINE('',#2160,#2161);
#2160 = CARTESIAN_POINT('',(5.235987755983,0.));
#2161 = VECTOR('',#2162,1.);
#2162 = DIRECTION('',(0.,1.));
#2163 = ( GEOMETRIC_REPRESENTATION_CONTEXT(2) 
PARAMETRIC_REPRESENTATION_CONTEXT() REPRESENTATION_CONTEXT('2D SPACE',''
  ) );
#2164 = PCURVE('',#2165,#2170);
#2165 = PLANE('',#2166);
#2166 = AXIS2_PLACEMENT_3D('',#2167,#2168,#2169);
#2167 = CARTESIAN_POINT('',(-2.,-2.862609056759E-03,0.39));
#2168 = DIRECTION('',(0.,-1.084202172486E-16,1.));
#2169 = DIRECTION('',(0.,-1.,-1.084202172486E-16));
#2170 = DEFINITIONAL_REPRESENTATION('',(#2171),#2175);
#2171 = LINE('',#2172,#2173);
#2172 = CARTESIAN_POINT('',(0.394457899019,1.5));
#2173 = VECTOR('',#2174,1.);
#2174 = DIRECTION('',(-0.,-1.));
#2175 = ( GEOMETRIC_REPRESENTATION_CONTEXT(2) 
PARAMETRIC_REPRESENTATION_CONTEXT() REPRESENTATION_CONTEXT('2D SPACE',''
  ) );
#2176 = ORIENTED_EDGE('',*,*,#2177,.T.);
#2177 = EDGE_CURVE('',#2150,#2178,#2180,.T.);
#2178 = VERTEX_POINT('',#2179);
#2179 = CARTESIAN_POINT('',(-0.552629051761,-0.39671199422,
    0.390986776106));
#2180 = SURFACE_CURVE('',#2181,(#2186,#2192),.PCURVE_S1.);
#2181 = B_SPLINE_CURVE_WITH_KNOTS('',3,(#2182,#2183,#2184,#2185),
  .UNSPECIFIED.,.F.,.F.,(4,4),(1.057679494698E-04,1.069371243205E-04),
  .PIECEWISE_BEZIER_KNOTS.);
#2182 = CARTESIAN_POINT('',(-0.55279477409,-0.397320508076,0.39));
#2183 = CARTESIAN_POINT('',(-0.552742061062,-0.3971271121,0.390334971655
    ));
#2184 = CARTESIAN_POINT('',(-0.552686763658,-0.396924081698,
    0.390664169667));
#2185 = CARTESIAN_POINT('',(-0.552629051761,-0.39671199422,
    0.390986776106));
#2186 = PCURVE('',#1981,#2187);
#2187 = DEFINITIONAL_REPRESENTATION('',(#2188),#2191);
#2188 = B_SPLINE_CURVE_WITH_KNOTS('',1,(#2189,#2190),.UNSPECIFIED.,.F.,
  .F.,(2,2),(1.057679494698E-04,1.069371243205E-04),
  .PIECEWISE_BEZIER_KNOTS.);
#2189 = CARTESIAN_POINT('',(5.235987755983,5.279477408988E-02));
#2190 = CARTESIAN_POINT('',(5.293961730625,5.262905176079E-02));
#2191 = ( GEOMETRIC_REPRESENTATION_CONTEXT(2) 
PARAMETRIC_REPRESENTATION_CONTEXT() REPRESENTATION_CONTEXT('2D SPACE',''
  ) );
#2192 = PCURVE('',#2193,#2198);
#2193 = CYLINDRICAL_SURFACE('',#2194,1.5);
#2194 = AXIS2_PLACEMENT_3D('',#2195,#2196,#2197);
#2195 = CARTESIAN_POINT('',(-2.,-2.862609056759E-03,0.39));
#2196 = DIRECTION('',(-0.,-1.084202172486E-16,1.));
#2197 = DIRECTION('',(0.,-1.,-1.084202172486E-16));
#2198 = DEFINITIONAL_REPRESENTATION('',(#2199),#2202);
#2199 = B_SPLINE_CURVE_WITH_KNOTS('',1,(#2200,#2201),.UNSPECIFIED.,.F.,
  .F.,(2,2),(1.057679494698E-04,1.069371243205E-04),
  .PIECEWISE_BEZIER_KNOTS.);
#2200 = CARTESIAN_POINT('',(1.304695060788,0.));
#2201 = CARTESIAN_POINT('',(1.305115511874,9.867761060635E-04));
#2202 = ( GEOMETRIC_REPRESENTATION_CONTEXT(2) 
PARAMETRIC_REPRESENTATION_CONTEXT() REPRESENTATION_CONTEXT('2D SPACE',''
  ) );
#2203 = ORIENTED_EDGE('',*,*,#2204,.T.);
#2204 = EDGE_CURVE('',#2178,#2205,#2207,.T.);
#2205 = VERTEX_POINT('',#2206);
#2206 = CARTESIAN_POINT('',(-0.554367448913,-0.39,0.397320508076));
#2207 = SURFACE_CURVE('',#2208,(#2219,#2248),.PCURVE_S1.);
#2208 = B_SPLINE_CURVE_WITH_KNOTS('',3,(#2209,#2210,#2211,#2212,#2213,
    #2214,#2215,#2216,#2217,#2218),.UNSPECIFIED.,.F.,.F.,(4,3,3,4),(
    1.073592475864E-04,1.093617187202E-04,1.164178848833E-04,
    1.167886013909E-04),.UNSPECIFIED.);
#2209 = CARTESIAN_POINT('',(-0.552629051761,-0.39671199422,
    0.390986776106));
#2210 = CARTESIAN_POINT('',(-0.552778046359,-0.396352027624,
    0.391534321592));
#2211 = CARTESIAN_POINT('',(-0.55292294901,-0.395964128654,
    0.392065598631));
#2212 = CARTESIAN_POINT('',(-0.553062627663,-0.3955507823,0.39257669164)
  );
#2213 = CARTESIAN_POINT('',(-0.553550950393,-0.394105705211,
    0.394363495345));
#2214 = CARTESIAN_POINT('',(-0.553983119803,-0.392312464185,
    0.395931489118));
#2215 = CARTESIAN_POINT('',(-0.5543151705,-0.390320271646,0.397131608105
    ));
#2216 = CARTESIAN_POINT('',(-0.554332860695,-0.390214136425,
    0.397195545145));
#2217 = CARTESIAN_POINT('',(-0.554350288675,-0.390107370036,
    0.397258517957));
#2218 = CARTESIAN_POINT('',(-0.554367448913,-0.39,0.397320508076));
#2219 = PCURVE('',#1981,#2220);
#2220 = DEFINITIONAL_REPRESENTATION('',(#2221),#2247);
#2221 = B_SPLINE_CURVE_WITH_KNOTS('',3,(#2222,#2223,#2224,#2225,#2226,
    #2227,#2228,#2229,#2230,#2231,#2232,#2233,#2234,#2235,#2236,#2237,
    #2238,#2239,#2240,#2241,#2242,#2243,#2244,#2245,#2246),
  .UNSPECIFIED.,.F.,.F.,(4,1,1,1,1,1,1,1,1,1,1,1,1,1,1,1,1,1,1,1,1,1,4),
  (1.073592475864E-04,1.077878545775E-04,1.082164615686E-04,
    1.086450685597E-04,1.090736755508E-04,1.09502282542E-04,
    1.099308895331E-04,1.103594965242E-04,1.107881035153E-04,
    1.112167105064E-04,1.116453174975E-04,1.120739244887E-04,
    1.125025314798E-04,1.129311384709E-04,1.13359745462E-04,
    1.137883524531E-04,1.142169594442E-04,1.146455664353E-04,
    1.150741734265E-04,1.155027804176E-04,1.159313874087E-04,
    1.163599943998E-04,1.167886013909E-04),.QUASI_UNIFORM_KNOTS.);
#2222 = CARTESIAN_POINT('',(5.293961730625,5.262905176079E-02));
#2223 = CARTESIAN_POINT('',(5.300974424769,5.266094242097E-02));
#2224 = CARTESIAN_POINT('',(5.315007659383,5.272434808188E-02));
#2225 = CARTESIAN_POINT('',(5.336078335344,5.281826958937E-02));
#2226 = CARTESIAN_POINT('',(5.357160823777,5.291091771588E-02));
#2227 = CARTESIAN_POINT('',(5.378268151308,5.300229843476E-02));
#2228 = CARTESIAN_POINT('',(5.399331641969,5.309207462915E-02));
#2229 = CARTESIAN_POINT('',(5.420277555351,5.317986505136E-02));
#2230 = CARTESIAN_POINT('',(5.441317505903,5.326652766275E-02));
#2231 = CARTESIAN_POINT('',(5.462389148146,5.335175761226E-02));
#2232 = CARTESIAN_POINT('',(5.483503302866,5.343556162344E-02));
#2233 = CARTESIAN_POINT('',(5.504650990787,5.351786293384E-02));
#2234 = CARTESIAN_POINT('',(5.525828389429,5.359860715038E-02));
#2235 = CARTESIAN_POINT('',(5.547030194808,5.367773388853E-02));
#2236 = CARTESIAN_POINT('',(5.568251444714,5.375518436019E-02));
#2237 = CARTESIAN_POINT('',(5.58948709395,5.383089938294E-02));
#2238 = CARTESIAN_POINT('',(5.610732122192,5.39048197553E-02));
#2239 = CARTESIAN_POINT('',(5.631981760375,5.397688674624E-02));
#2240 = CARTESIAN_POINT('',(5.653230710202,5.404703976205E-02));
#2241 = CARTESIAN_POINT('',(5.674476271367,5.411522518932E-02));
#2242 = CARTESIAN_POINT('',(5.695706842504,5.418136335608E-02));
#2243 = CARTESIAN_POINT('',(5.716945016218,5.42454718443E-02));
#2244 = CARTESIAN_POINT('',(5.738086919816,5.430720527876E-02));
#2245 = CARTESIAN_POINT('',(5.752363622682,5.434745033228E-02));
#2246 = CARTESIAN_POINT('',(5.759586531581,5.436744891305E-02));
#2247 = ( GEOMETRIC_REPRESENTATION_CONTEXT(2) 
PARAMETRIC_REPRESENTATION_CONTEXT() REPRESENTATION_CONTEXT('2D SPACE',''
  ) );
#2248 = PCURVE('',#463,#2249);
#2249 = DEFINITIONAL_REPRESENTATION('',(#2250),#2276);
#2250 = B_SPLINE_CURVE_WITH_KNOTS('',3,(#2251,#2252,#2253,#2254,#2255,
    #2256,#2257,#2258,#2259,#2260,#2261,#2262,#2263,#2264,#2265,#2266,
    #2267,#2268,#2269,#2270,#2271,#2272,#2273,#2274,#2275),
  .UNSPECIFIED.,.F.,.F.,(4,1,1,1,1,1,1,1,1,1,1,1,1,1,1,1,1,1,1,1,1,1,4),
  (1.073592475864E-04,1.077878545775E-04,1.082164615686E-04,
    1.086450685597E-04,1.090736755508E-04,1.09502282542E-04,
    1.099308895331E-04,1.103594965242E-04,1.107881035153E-04,
    1.112167105064E-04,1.116453174975E-04,1.120739244887E-04,
    1.125025314798E-04,1.129311384709E-04,1.13359745462E-04,
    1.137883524531E-04,1.142169594442E-04,1.146455664353E-04,
    1.150741734265E-04,1.155027804176E-04,1.159313874087E-04,
    1.163599943998E-04,1.167886013909E-04),.QUASI_UNIFORM_KNOTS.);
#2251 = CARTESIAN_POINT('',(1.836477141716,6.71199421958E-03));
#2252 = CARTESIAN_POINT('',(1.836558113431,6.634947316524E-03));
#2253 = CARTESIAN_POINT('',(1.83671903051,6.478296431628E-03));
#2254 = CARTESIAN_POINT('',(1.836957183919,6.235774940119E-03));
#2255 = CARTESIAN_POINT('',(1.837191905234,5.985914877847E-03));
#2256 = CARTESIAN_POINT('',(1.837423218127,5.728641013967E-03));
#2257 = CARTESIAN_POINT('',(1.837650278762,5.464924893407E-03));
#2258 = CARTESIAN_POINT('',(1.83787213104,5.195708102683E-03));
#2259 = CARTESIAN_POINT('',(1.838090954938,4.918476518396E-03));
#2260 = CARTESIAN_POINT('',(1.838305989727,4.634158205045E-03));
#2261 = CARTESIAN_POINT('',(1.838517262638,4.342758895939E-03));
#2262 = CARTESIAN_POINT('',(1.838724589766,4.044531461252E-03));
#2263 = CARTESIAN_POINT('',(1.838927843776,3.739662554879E-03));
#2264 = CARTESIAN_POINT('',(1.839126882181,3.428356558978E-03));
#2265 = CARTESIAN_POINT('',(1.83932156653,3.110813158921E-03));
#2266 = CARTESIAN_POINT('',(1.839511757373,2.787233098968E-03));
#2267 = CARTESIAN_POINT('',(1.839697315214,2.457817584614E-03));
#2268 = CARTESIAN_POINT('',(1.839878101733,2.122764917527E-03));
#2269 = CARTESIAN_POINT('',(1.840053973949,1.782284553439E-03));
#2270 = CARTESIAN_POINT('',(1.840224806337,1.436544235665E-03));
#2271 = CARTESIAN_POINT('',(1.840390408212,1.085867403113E-03));
#2272 = CARTESIAN_POINT('',(1.840550832062,7.299964247436E-04));
#2273 = CARTESIAN_POINT('',(1.840705222848,3.708422537113E-04));
#2274 = CARTESIAN_POINT('',(1.840805815916,1.250958021324E-04));
#2275 = CARTESIAN_POINT('',(1.840855789617,-5.551115123126E-17));
#2276 = ( GEOMETRIC_REPRESENTATION_CONTEXT(2) 
PARAMETRIC_REPRESENTATION_CONTEXT() REPRESENTATION_CONTEXT('2D SPACE',''
  ) );
#2277 = ORIENTED_EDGE('',*,*,#2278,.T.);
#2278 = EDGE_CURVE('',#2205,#2279,#2281,.T.);
#2279 = VERTEX_POINT('',#2280);
#2280 = CARTESIAN_POINT('',(-0.550819320949,-0.39,0.397320508076));
#2281 = SURFACE_CURVE('',#2282,(#2286,#2293),.PCURVE_S1.);
#2282 = LINE('',#2283,#2284);
#2283 = CARTESIAN_POINT('',(-0.5,-0.39,0.397320508076));
#2284 = VECTOR('',#2285,1.);
#2285 = DIRECTION('',(1.,-0.,-0.));
#2286 = PCURVE('',#1981,#2287);
#2287 = DEFINITIONAL_REPRESENTATION('',(#2288),#2292);
#2288 = LINE('',#2289,#2290);
#2289 = CARTESIAN_POINT('',(5.759586531581,0.));
#2290 = VECTOR('',#2291,1.);
#2291 = DIRECTION('',(0.,-1.));
#2292 = ( GEOMETRIC_REPRESENTATION_CONTEXT(2) 
PARAMETRIC_REPRESENTATION_CONTEXT() REPRESENTATION_CONTEXT('2D SPACE',''
  ) );
#2293 = PCURVE('',#2294,#2299);
#2294 = PLANE('',#2295);
#2295 = AXIS2_PLACEMENT_3D('',#2296,#2297,#2298);
#2296 = CARTESIAN_POINT('',(-0.75,-0.39,0.39));
#2297 = DIRECTION('',(0.,-1.,0.));
#2298 = DIRECTION('',(0.,-0.,-1.));
#2299 = DEFINITIONAL_REPRESENTATION('',(#2300),#2304);
#2300 = LINE('',#2301,#2302);
#2301 = CARTESIAN_POINT('',(-7.32050807569E-03,0.25));
#2302 = VECTOR('',#2303,1.);
#2303 = DIRECTION('',(0.,1.));
#2304 = ( GEOMETRIC_REPRESENTATION_CONTEXT(2) 
PARAMETRIC_REPRESENTATION_CONTEXT() REPRESENTATION_CONTEXT('2D SPACE',''
  ) );
#2305 = ORIENTED_EDGE('',*,*,#2306,.T.);
#2306 = EDGE_CURVE('',#2279,#1882,#2307,.T.);
#2307 = SURFACE_CURVE('',#2308,(#2316,#2345),.PCURVE_S1.);
#2308 = B_SPLINE_CURVE_WITH_KNOTS('',3,(#2309,#2310,#2311,#2312,#2313,
    #2314,#2315),.UNSPECIFIED.,.F.,.F.,(4,3,4),(1.163637063062E-04,
    1.226508922188E-04,1.270852239692E-04),.UNSPECIFIED.);
#2309 = CARTESIAN_POINT('',(-0.550819320949,-0.39,0.397320508076));
#2310 = CARTESIAN_POINT('',(-0.550346470174,-0.388229966354,
    0.398342437478));
#2311 = CARTESIAN_POINT('',(-0.549831470581,-0.386288541937,
    0.399094055707));
#2312 = CARTESIAN_POINT('',(-0.549309719365,-0.384304229327,
    0.399531349431));
#2313 = CARTESIAN_POINT('',(-0.548938860438,-0.382893786907,
    0.399842176272));
#2314 = CARTESIAN_POINT('',(-0.548559705066,-0.381443239489,0.4));
#2315 = CARTESIAN_POINT('',(-0.548184795385,-0.38,0.4));
#2316 = PCURVE('',#1981,#2317);
#2317 = DEFINITIONAL_REPRESENTATION('',(#2318),#2344);
#2318 = B_SPLINE_CURVE_WITH_KNOTS('',3,(#2319,#2320,#2321,#2322,#2323,
    #2324,#2325,#2326,#2327,#2328,#2329,#2330,#2331,#2332,#2333,#2334,
    #2335,#2336,#2337,#2338,#2339,#2340,#2341,#2342,#2343),
  .UNSPECIFIED.,.F.,.F.,(4,1,1,1,1,1,1,1,1,1,1,1,1,1,1,1,1,1,1,1,1,1,4),
  (1.163637063062E-04,1.168510480182E-04,1.173383897301E-04,
    1.178257314421E-04,1.18313073154E-04,1.18800414866E-04,
    1.192877565779E-04,1.197750982899E-04,1.202624400018E-04,
    1.207497817138E-04,1.212371234257E-04,1.217244651377E-04,
    1.222118068497E-04,1.226991485616E-04,1.231864902736E-04,
    1.236738319855E-04,1.241611736975E-04,1.246485154094E-04,
    1.251358571214E-04,1.256231988333E-04,1.261105405453E-04,
    1.265978822572E-04,1.270852239692E-04),.QUASI_UNIFORM_KNOTS.);
#2319 = CARTESIAN_POINT('',(5.759586531581,5.081932094936E-02));
#2320 = CARTESIAN_POINT('',(5.767507833071,5.078266863631E-02));
#2321 = CARTESIAN_POINT('',(5.783358525703,5.070885752128E-02));
#2322 = CARTESIAN_POINT('',(5.807153864606,5.059672029447E-02));
#2323 = CARTESIAN_POINT('',(5.830963660959,5.048326142679E-02));
#2324 = CARTESIAN_POINT('',(5.854782629502,5.036857982825E-02));
#2325 = CARTESIAN_POINT('',(5.878605267766,5.025277442143E-02));
#2326 = CARTESIAN_POINT('',(5.902425883713,5.013594408205E-02));
#2327 = CARTESIAN_POINT('',(5.926238626795,5.00181878607E-02));
#2328 = CARTESIAN_POINT('',(5.9500377081,4.98996041554E-02));
#2329 = CARTESIAN_POINT('',(5.973816863726,4.978029379952E-02));
#2330 = CARTESIAN_POINT('',(5.997571657173,4.966034853762E-02));
#2331 = CARTESIAN_POINT('',(6.021291181501,4.953989403415E-02));
#2332 = CARTESIAN_POINT('',(6.044989320439,4.941892936279E-02));
#2333 = CARTESIAN_POINT('',(6.068588369079,4.929792604042E-02));
#2334 = CARTESIAN_POINT('',(6.092465131949,4.917501978901E-02));
#2335 = CARTESIAN_POINT('',(6.116290443103,4.905197350902E-02));
#2336 = CARTESIAN_POINT('',(6.140145813759,4.892844149308E-02));
#2337 = CARTESIAN_POINT('',(6.164002497675,4.880464303358E-02));
#2338 = CARTESIAN_POINT('',(6.18786115349,4.868064603166E-02));
#2339 = CARTESIAN_POINT('',(6.211714499167,4.85565589537E-02));
#2340 = CARTESIAN_POINT('',(6.235557403848,4.843247939638E-02));
#2341 = CARTESIAN_POINT('',(6.259384238834,4.830850786993E-02));
#2342 = CARTESIAN_POINT('',(6.275254582035,4.822599869007E-02));
#2343 = CARTESIAN_POINT('',(6.28318530718,4.818479538458E-02));
#2344 = ( GEOMETRIC_REPRESENTATION_CONTEXT(2) 
PARAMETRIC_REPRESENTATION_CONTEXT() REPRESENTATION_CONTEXT('2D SPACE',''
  ) );
#2345 = PCURVE('',#610,#2346);
#2346 = DEFINITIONAL_REPRESENTATION('',(#2347),#2373);
#2347 = B_SPLINE_CURVE_WITH_KNOTS('',3,(#2348,#2349,#2350,#2351,#2352,
    #2353,#2354,#2355,#2356,#2357,#2358,#2359,#2360,#2361,#2362,#2363,
    #2364,#2365,#2366,#2367,#2368,#2369,#2370,#2371,#2372),
  .UNSPECIFIED.,.F.,.F.,(4,1,1,1,1,1,1,1,1,1,1,1,1,1,1,1,1,1,1,1,1,1,4),
  (1.163637063062E-04,1.168510480182E-04,1.173383897301E-04,
    1.178257314421E-04,1.18313073154E-04,1.18800414866E-04,
    1.192877565779E-04,1.197750982899E-04,1.202624400018E-04,
    1.207497817138E-04,1.212371234257E-04,1.217244651377E-04,
    1.222118068497E-04,1.226991485616E-04,1.231864902736E-04,
    1.236738319855E-04,1.241611736975E-04,1.246485154094E-04,
    1.251358571214E-04,1.256231988333E-04,1.261105405453E-04,
    1.265978822572E-04,1.270852239692E-04),.QUASI_UNIFORM_KNOTS.);
#2348 = CARTESIAN_POINT('',(1.309749975933,7.32050807569E-03));
#2349 = CARTESIAN_POINT('',(1.309844651141,7.399721388483E-03));
#2350 = CARTESIAN_POINT('',(1.310035415219,7.554899770715E-03));
#2351 = CARTESIAN_POINT('',(1.310325554049,7.777799624887E-03));
#2352 = CARTESIAN_POINT('',(1.310619437321,7.990708769991E-03));
#2353 = CARTESIAN_POINT('',(1.310916816771,8.19350421887E-03));
#2354 = CARTESIAN_POINT('',(1.311217444103,8.386062974199E-03));
#2355 = CARTESIAN_POINT('',(1.311521071146,8.568262076596E-03));
#2356 = CARTESIAN_POINT('',(1.311827449271,8.739978425074E-03));
#2357 = CARTESIAN_POINT('',(1.31213633156,8.901089447126E-03));
#2358 = CARTESIAN_POINT('',(1.312447464715,9.051470597925E-03));
#2359 = CARTESIAN_POINT('',(1.312760619259,9.191004693445E-03));
#2360 = CARTESIAN_POINT('',(1.313075476819,9.319547078775E-03));
#2361 = CARTESIAN_POINT('',(1.313392050802,9.437055621748E-03));
#2362 = CARTESIAN_POINT('',(1.313709116398,9.543105570102E-03));
#2363 = CARTESIAN_POINT('',(1.314031571069,9.639178465293E-03));
#2364 = CARTESIAN_POINT('',(1.314354793961,9.723822173357E-03));
#2365 = CARTESIAN_POINT('',(1.314679693083,9.797377110034E-03));
#2366 = CARTESIAN_POINT('',(1.31500569499,9.85970337881E-03));
#2367 = CARTESIAN_POINT('',(1.315332623192,9.91078978247E-03));
#2368 = CARTESIAN_POINT('',(1.315660194835,9.950590638865E-03));
#2369 = CARTESIAN_POINT('',(1.315988155567,9.979069506283E-03));
#2370 = CARTESIAN_POINT('',(1.316316243396,9.996187466193E-03));
#2371 = CARTESIAN_POINT('',(1.316534880059,1.E-02));
#2372 = CARTESIAN_POINT('',(1.316644132831,1.E-02));
#2373 = ( GEOMETRIC_REPRESENTATION_CONTEXT(2) 
PARAMETRIC_REPRESENTATION_CONTEXT() REPRESENTATION_CONTEXT('2D SPACE',''
  ) );
#2374 = ORIENTED_EDGE('',*,*,#1967,.F.);
#2375 = ORIENTED_EDGE('',*,*,#2376,.F.);
#2376 = EDGE_CURVE('',#2025,#1940,#2377,.T.);
#2377 = SURFACE_CURVE('',#2378,(#2383,#2390),.PCURVE_S1.);
#2378 = CIRCLE('',#2379,2.E-02);
#2379 = AXIS2_PLACEMENT_3D('',#2380,#2381,#2382);
#2380 = CARTESIAN_POINT('',(-0.78,-0.38,0.38));
#2381 = DIRECTION('',(-1.,0.,0.));
#2382 = DIRECTION('',(0.,0.,1.));
#2383 = PCURVE('',#1981,#2384);
#2384 = DEFINITIONAL_REPRESENTATION('',(#2385),#2389);
#2385 = LINE('',#2386,#2387);
#2386 = CARTESIAN_POINT('',(0.,0.28));
#2387 = VECTOR('',#2388,1.);
#2388 = DIRECTION('',(1.,0.));
#2389 = ( GEOMETRIC_REPRESENTATION_CONTEXT(2) 
PARAMETRIC_REPRESENTATION_CONTEXT() REPRESENTATION_CONTEXT('2D SPACE',''
  ) );
#2390 = PCURVE('',#2391,#2396);
#2391 = SPHERICAL_SURFACE('',#2392,2.E-02);
#2392 = AXIS2_PLACEMENT_3D('',#2393,#2394,#2395);
#2393 = CARTESIAN_POINT('',(-0.78,-0.38,0.38));
#2394 = DIRECTION('',(0.,1.,0.));
#2395 = DIRECTION('',(1.,0.,0.));
#2396 = DEFINITIONAL_REPRESENTATION('',(#2397),#2423);
#2397 = B_SPLINE_CURVE_WITH_KNOTS('',3,(#2398,#2399,#2400,#2401,#2402,
    #2403,#2404,#2405,#2406,#2407,#2408,#2409,#2410,#2411,#2412,#2413,
    #2414,#2415,#2416,#2417,#2418,#2419,#2420,#2421,#2422),
  .UNSPECIFIED.,.F.,.F.,(4,1,1,1,1,1,1,1,1,1,1,1,1,1,1,1,1,1,1,1,1,1,4),
  (4.712388980385,4.783788813421,4.855188646457,4.926588479493,
    4.997988312529,5.069388145565,5.140787978601,5.212187811638,
    5.283587644674,5.35498747771,5.426387310746,5.497787143782,
    5.569186976818,5.640586809854,5.711986642891,5.783386475927,
    5.854786308963,5.926186141999,5.997585975035,6.068985808071,
    6.140385641107,6.211785474143,6.28318530718),.QUASI_UNIFORM_KNOTS.);
#2398 = CARTESIAN_POINT('',(4.712388980385,-1.570796326795));
#2399 = CARTESIAN_POINT('',(4.712388980385,-1.54699638245));
#2400 = CARTESIAN_POINT('',(4.712388980385,-1.499396493759));
#2401 = CARTESIAN_POINT('',(4.712388980385,-1.427996660723));
#2402 = CARTESIAN_POINT('',(4.712388980385,-1.356596827687));
#2403 = CARTESIAN_POINT('',(4.712388980385,-1.28519699465));
#2404 = CARTESIAN_POINT('',(4.712388980385,-1.213797161614));
#2405 = CARTESIAN_POINT('',(4.712388980385,-1.142397328578));
#2406 = CARTESIAN_POINT('',(4.712388980385,-1.070997495542));
#2407 = CARTESIAN_POINT('',(4.712388980385,-0.999597662506));
#2408 = CARTESIAN_POINT('',(4.712388980385,-0.92819782947));
#2409 = CARTESIAN_POINT('',(4.712388980385,-0.856797996434));
#2410 = CARTESIAN_POINT('',(4.712388980385,-0.785398163397));
#2411 = CARTESIAN_POINT('',(4.712388980385,-0.713998330361));
#2412 = CARTESIAN_POINT('',(4.712388980385,-0.642598497325));
#2413 = CARTESIAN_POINT('',(4.712388980385,-0.571198664289));
#2414 = CARTESIAN_POINT('',(4.712388980385,-0.499798831253));
#2415 = CARTESIAN_POINT('',(4.712388980385,-0.428398998217));
#2416 = CARTESIAN_POINT('',(4.712388980385,-0.356999165181));
#2417 = CARTESIAN_POINT('',(4.712388980385,-0.285599332145));
#2418 = CARTESIAN_POINT('',(4.712388980385,-0.214199499108));
#2419 = CARTESIAN_POINT('',(4.712388980385,-0.142799666072));
#2420 = CARTESIAN_POINT('',(4.712388980385,-7.139983303613E-02));
#2421 = CARTESIAN_POINT('',(4.712388980385,-2.379994434538E-02));
#2422 = CARTESIAN_POINT('',(4.712388980385,0.));
#2423 = ( GEOMETRIC_REPRESENTATION_CONTEXT(2) 
PARAMETRIC_REPRESENTATION_CONTEXT() REPRESENTATION_CONTEXT('2D SPACE',''
  ) );
#2424 = ADVANCED_FACE('',(#2425),#1866,.T.);
#2425 = FACE_BOUND('',#2426,.T.);
#2426 = EDGE_LOOP('',(#2427,#2428,#2499,#2527,#2554,#2628,#2656,#2725,
    #2726));
#2427 = ORIENTED_EDGE('',*,*,#1916,.F.);
#2428 = ORIENTED_EDGE('',*,*,#2429,.T.);
#2429 = EDGE_CURVE('',#1884,#2430,#2432,.T.);
#2430 = VERTEX_POINT('',#2431);
#2431 = CARTESIAN_POINT('',(-0.552360897736,0.39,0.397320508076));
#2432 = SURFACE_CURVE('',#2433,(#2441,#2470),.PCURVE_S1.);
#2433 = B_SPLINE_CURVE_WITH_KNOTS('',3,(#2434,#2435,#2436,#2437,#2438,
    #2439,#2440),.UNSPECIFIED.,.F.,.F.,(4,3,4),(0.,7.143265410873E-06,
    1.075925527192E-05),.UNSPECIFIED.);
#2434 = CARTESIAN_POINT('',(-0.549684095589,0.38,0.4));
#2435 = CARTESIAN_POINT('',(-0.550291848752,0.382302220319,0.4));
#2436 = CARTESIAN_POINT('',(-0.550913778947,0.384634715556,
    0.399592039699));
#2437 = CARTESIAN_POINT('',(-0.551497710592,0.386805349055,
    0.398806574009));
#2438 = CARTESIAN_POINT('',(-0.551794249214,0.387907664154,
    0.398407690139));
#2439 = CARTESIAN_POINT('',(-0.552084247519,0.388980585929,
    0.397909067064));
#2440 = CARTESIAN_POINT('',(-0.552360897736,0.39,0.397320508076));
#2441 = PCURVE('',#1866,#2442);
#2442 = DEFINITIONAL_REPRESENTATION('',(#2443),#2469);
#2443 = B_SPLINE_CURVE_WITH_KNOTS('',3,(#2444,#2445,#2446,#2447,#2448,
    #2449,#2450,#2451,#2452,#2453,#2454,#2455,#2456,#2457,#2458,#2459,
    #2460,#2461,#2462,#2463,#2464,#2465,#2466,#2467,#2468),
  .UNSPECIFIED.,.F.,.F.,(4,1,1,1,1,1,1,1,1,1,1,1,1,1,1,1,1,1,1,1,1,1,4),
  (0.,4.890570578144E-07,9.781141156288E-07,1.467171173443E-06,
    1.956228231258E-06,2.445285289072E-06,2.934342346886E-06,
    3.423399404701E-06,3.912456462515E-06,4.40151352033E-06,
    4.890570578144E-06,5.379627635958E-06,5.868684693773E-06,
    6.357741751587E-06,6.846798809402E-06,7.335855867216E-06,
    7.82491292503E-06,8.313969982845E-06,8.803027040659E-06,
    9.292084098474E-06,9.781141156288E-06,1.02701982141E-05,
    1.075925527192E-05),.QUASI_UNIFORM_KNOTS.);
#2444 = CARTESIAN_POINT('',(0.,4.968409558943E-02));
#2445 = CARTESIAN_POINT('',(7.880940041556E-03,4.972570484746E-02));
#2446 = CARTESIAN_POINT('',(2.365712324692E-02,4.980905626837E-02));
#2447 = CARTESIAN_POINT('',(4.735948066663E-02,4.993438165111E-02));
#2448 = CARTESIAN_POINT('',(7.109521822378E-02,5.005990482211E-02));
#2449 = CARTESIAN_POINT('',(9.485919846118E-02,5.018552531814E-02));
#2450 = CARTESIAN_POINT('',(0.118646072165,5.03111426763E-02));
#2451 = CARTESIAN_POINT('',(0.142450293267,5.043665643251E-02));
#2452 = CARTESIAN_POINT('',(0.166266192242,5.056196612708E-02));
#2453 = CARTESIAN_POINT('',(0.19008802993,5.068697128396E-02));
#2454 = CARTESIAN_POINT('',(0.213910075486,5.081157148813E-02));
#2455 = CARTESIAN_POINT('',(0.237726609859,5.093566609677E-02));
#2456 = CARTESIAN_POINT('',(0.261532203528,5.105915531733E-02));
#2457 = CARTESIAN_POINT('',(0.285320970297,5.118193618387E-02));
#2458 = CARTESIAN_POINT('',(0.309089639243,5.130391757381E-02));
#2459 = CARTESIAN_POINT('',(0.332826372897,5.14249641645E-02));
#2460 = CARTESIAN_POINT('',(0.356552775528,5.154510559021E-02));
#2461 = CARTESIAN_POINT('',(0.380378317925,5.166482673298E-02));
#2462 = CARTESIAN_POINT('',(0.404212622697,5.178359882061E-02));
#2463 = CARTESIAN_POINT('',(0.428072556694,5.190143540605E-02));
#2464 = CARTESIAN_POINT('',(0.451946184576,5.201820472639E-02));
#2465 = CARTESIAN_POINT('',(0.475829309667,5.213381395696E-02));
#2466 = CARTESIAN_POINT('',(0.499715739045,5.224815983602E-02));
#2467 = CARTESIAN_POINT('',(0.515638622935,5.232348121989E-02));
#2468 = CARTESIAN_POINT('',(0.523598775599,5.236089773552E-02));
#2469 = ( GEOMETRIC_REPRESENTATION_CONTEXT(2) 
PARAMETRIC_REPRESENTATION_CONTEXT() REPRESENTATION_CONTEXT('2D SPACE',''
  ) );
#2470 = PCURVE('',#610,#2471);
#2471 = DEFINITIONAL_REPRESENTATION('',(#2472),#2498);
#2472 = B_SPLINE_CURVE_WITH_KNOTS('',3,(#2473,#2474,#2475,#2476,#2477,
    #2478,#2479,#2480,#2481,#2482,#2483,#2484,#2485,#2486,#2487,#2488,
    #2489,#2490,#2491,#2492,#2493,#2494,#2495,#2496,#2497),
  .UNSPECIFIED.,.F.,.F.,(4,1,1,1,1,1,1,1,1,1,1,1,1,1,1,1,1,1,1,1,1,1,4),
  (0.,4.890570578144E-07,9.781141156288E-07,1.467171173443E-06,
    1.956228231258E-06,2.445285289072E-06,2.934342346886E-06,
    3.423399404701E-06,3.912456462515E-06,4.40151352033E-06,
    4.890570578144E-06,5.379627635958E-06,5.868684693773E-06,
    6.357741751587E-06,6.846798809402E-06,7.335855867216E-06,
    7.82491292503E-06,8.313969982845E-06,8.803027040659E-06,
    9.292084098474E-06,9.781141156288E-06,1.02701982141E-05,
    1.075925527192E-05),.QUASI_UNIFORM_KNOTS.);
#2473 = CARTESIAN_POINT('',(1.828894042495,1.E-02));
#2474 = CARTESIAN_POINT('',(1.829002721841,1.E-02));
#2475 = CARTESIAN_POINT('',(1.829220286093,9.996175511251E-03));
#2476 = CARTESIAN_POINT('',(1.829546993625,9.979023952276E-03));
#2477 = CARTESIAN_POINT('',(1.829873806786,9.950516207812E-03));
#2478 = CARTESIAN_POINT('',(1.830200470047,9.910710918352E-03));
#2479 = CARTESIAN_POINT('',(1.830526727878,9.859666723888E-03));
#2480 = CARTESIAN_POINT('',(1.830852324745,9.797442266293E-03));
#2481 = CARTESIAN_POINT('',(1.831177005123,9.724096180413E-03));
#2482 = CARTESIAN_POINT('',(1.831500513444,9.639687127328E-03));
#2483 = CARTESIAN_POINT('',(1.831822594296,9.544273670203E-03));
#2484 = CARTESIAN_POINT('',(1.832142991687,9.437914737626E-03));
#2485 = CARTESIAN_POINT('',(1.832461451783,9.320667894412E-03));
#2486 = CARTESIAN_POINT('',(1.832777712691,9.192595795049E-03));
#2487 = CARTESIAN_POINT('',(1.833091542602,9.053742099099E-03));
#2488 = CARTESIAN_POINT('',(1.83340259743,8.904221356161E-03));
#2489 = CARTESIAN_POINT('',(1.833710952111,8.74388355061E-03));
#2490 = CARTESIAN_POINT('',(1.834017873095,8.572196995633E-03));
#2491 = CARTESIAN_POINT('',(1.834322015593,8.389889694015E-03));
#2492 = CARTESIAN_POINT('',(1.834623425595,8.196951088806E-03));
#2493 = CARTESIAN_POINT('',(1.834921776429,7.993568519893E-03));
#2494 = CARTESIAN_POINT('',(1.835216841279,7.779876299557E-03));
#2495 = CARTESIAN_POINT('',(1.835508366562,7.556022953663E-03));
#2496 = CARTESIAN_POINT('',(1.835700192786,7.400109772117E-03));
#2497 = CARTESIAN_POINT('',(1.835795433501,7.320508075687E-03));
#2498 = ( GEOMETRIC_REPRESENTATION_CONTEXT(2) 
PARAMETRIC_REPRESENTATION_CONTEXT() REPRESENTATION_CONTEXT('2D SPACE',''
  ) );
#2499 = ORIENTED_EDGE('',*,*,#2500,.T.);
#2500 = EDGE_CURVE('',#2430,#2501,#2503,.T.);
#2501 = VERTEX_POINT('',#2502);
#2502 = CARTESIAN_POINT('',(-0.55279477409,0.39,0.397320508076));
#2503 = SURFACE_CURVE('',#2504,(#2508,#2515),.PCURVE_S1.);
#2504 = LINE('',#2505,#2506);
#2505 = CARTESIAN_POINT('',(-0.5,0.39,0.397320508076));
#2506 = VECTOR('',#2507,1.);
#2507 = DIRECTION('',(-1.,0.,0.));
#2508 = PCURVE('',#1866,#2509);
#2509 = DEFINITIONAL_REPRESENTATION('',(#2510),#2514);
#2510 = LINE('',#2511,#2512);
#2511 = CARTESIAN_POINT('',(0.523598775599,0.));
#2512 = VECTOR('',#2513,1.);
#2513 = DIRECTION('',(0.,1.));
#2514 = ( GEOMETRIC_REPRESENTATION_CONTEXT(2) 
PARAMETRIC_REPRESENTATION_CONTEXT() REPRESENTATION_CONTEXT('2D SPACE',''
  ) );
#2515 = PCURVE('',#2516,#2521);
#2516 = PLANE('',#2517);
#2517 = AXIS2_PLACEMENT_3D('',#2518,#2519,#2520);
#2518 = CARTESIAN_POINT('',(-2.,0.39,2.862609056754E-03));
#2519 = DIRECTION('',(0.,1.,-1.036602379928E-14));
#2520 = DIRECTION('',(0.,1.036602379928E-14,1.));
#2521 = DEFINITIONAL_REPRESENTATION('',(#2522),#2526);
#2522 = LINE('',#2523,#2524);
#2523 = CARTESIAN_POINT('',(0.394457899019,1.5));
#2524 = VECTOR('',#2525,1.);
#2525 = DIRECTION('',(0.,-1.));
#2526 = ( GEOMETRIC_REPRESENTATION_CONTEXT(2) 
PARAMETRIC_REPRESENTATION_CONTEXT() REPRESENTATION_CONTEXT('2D SPACE',''
  ) );
#2527 = ORIENTED_EDGE('',*,*,#2528,.T.);
#2528 = EDGE_CURVE('',#2501,#2529,#2531,.T.);
#2529 = VERTEX_POINT('',#2530);
#2530 = CARTESIAN_POINT('',(-0.552629051761,0.390986776106,0.39671199422
    ));
#2531 = SURFACE_CURVE('',#2532,(#2537,#2543),.PCURVE_S1.);
#2532 = B_SPLINE_CURVE_WITH_KNOTS('',3,(#2533,#2534,#2535,#2536),
  .UNSPECIFIED.,.F.,.F.,(4,4),(1.045723794678E-05,1.162551472061E-05),
  .PIECEWISE_BEZIER_KNOTS.);
#2533 = CARTESIAN_POINT('',(-0.55279477409,0.39,0.397320508076));
#2534 = CARTESIAN_POINT('',(-0.552742061062,0.390334971655,0.3971271121)
  );
#2535 = CARTESIAN_POINT('',(-0.552686763658,0.390664169667,
    0.396924081698));
#2536 = CARTESIAN_POINT('',(-0.552629051761,0.390986776106,0.39671199422
    ));
#2537 = PCURVE('',#1866,#2538);
#2538 = DEFINITIONAL_REPRESENTATION('',(#2539),#2542);
#2539 = B_SPLINE_CURVE_WITH_KNOTS('',1,(#2540,#2541),.UNSPECIFIED.,.F.,
  .F.,(2,2),(1.045723794678E-05,1.162551472061E-05),
  .PIECEWISE_BEZIER_KNOTS.);
#2540 = CARTESIAN_POINT('',(0.523598775599,5.279477408988E-02));
#2541 = CARTESIAN_POINT('',(0.581572750241,5.262905176079E-02));
#2542 = ( GEOMETRIC_REPRESENTATION_CONTEXT(2) 
PARAMETRIC_REPRESENTATION_CONTEXT() REPRESENTATION_CONTEXT('2D SPACE',''
  ) );
#2543 = PCURVE('',#2544,#2549);
#2544 = CYLINDRICAL_SURFACE('',#2545,1.5);
#2545 = AXIS2_PLACEMENT_3D('',#2546,#2547,#2548);
#2546 = CARTESIAN_POINT('',(-2.,0.39,2.862609056754E-03));
#2547 = DIRECTION('',(-0.,1.,-1.036602379928E-14));
#2548 = DIRECTION('',(0.,1.036602379928E-14,1.));
#2549 = DEFINITIONAL_REPRESENTATION('',(#2550),#2553);
#2550 = B_SPLINE_CURVE_WITH_KNOTS('',1,(#2551,#2552),.UNSPECIFIED.,.F.,
  .F.,(2,2),(1.045723794678E-05,1.162551472061E-05),
  .PIECEWISE_BEZIER_KNOTS.);
#2551 = CARTESIAN_POINT('',(1.304695060788,0.));
#2552 = CARTESIAN_POINT('',(1.305115511874,9.867761060611E-04));
#2553 = ( GEOMETRIC_REPRESENTATION_CONTEXT(2) 
PARAMETRIC_REPRESENTATION_CONTEXT() REPRESENTATION_CONTEXT('2D SPACE',''
  ) );
#2554 = ORIENTED_EDGE('',*,*,#2555,.T.);
#2555 = EDGE_CURVE('',#2529,#2556,#2558,.T.);
#2556 = VERTEX_POINT('',#2557);
#2557 = CARTESIAN_POINT('',(-0.554367448913,0.397320508076,0.39));
#2558 = SURFACE_CURVE('',#2559,(#2570,#2599),.PCURVE_S1.);
#2559 = B_SPLINE_CURVE_WITH_KNOTS('',3,(#2560,#2561,#2562,#2563,#2564,
    #2565,#2566,#2567,#2568,#2569),.UNSPECIFIED.,.F.,.F.,(4,3,3,4),(
    1.1949117137E-05,1.429275048701E-05,2.133539326495E-05,
    2.137738307157E-05),.UNSPECIFIED.);
#2560 = CARTESIAN_POINT('',(-0.552629051761,0.390986776106,0.39671199422
    ));
#2561 = CARTESIAN_POINT('',(-0.552803349688,0.391627309687,0.39629089552
    ));
#2562 = CARTESIAN_POINT('',(-0.552972084981,0.392245714477,
    0.395831437976));
#2563 = CARTESIAN_POINT('',(-0.553133449071,0.392835740455,
    0.395337658545));
#2564 = CARTESIAN_POINT('',(-0.553615007124,0.39459655204,0.393864075049
    ));
#2565 = CARTESIAN_POINT('',(-0.554038812828,0.396133267079,
    0.392046464678));
#2566 = CARTESIAN_POINT('',(-0.554361596231,0.397299365095,
    0.390036531792));
#2567 = CARTESIAN_POINT('',(-0.554363550564,0.397306425384,
    0.390024362397));
#2568 = CARTESIAN_POINT('',(-0.554365501451,0.397313473009,
    0.390012185093));
#2569 = CARTESIAN_POINT('',(-0.554367448913,0.397320508076,0.39));
#2570 = PCURVE('',#1866,#2571);
#2571 = DEFINITIONAL_REPRESENTATION('',(#2572),#2598);
#2572 = B_SPLINE_CURVE_WITH_KNOTS('',3,(#2573,#2574,#2575,#2576,#2577,
    #2578,#2579,#2580,#2581,#2582,#2583,#2584,#2585,#2586,#2587,#2588,
    #2589,#2590,#2591,#2592,#2593,#2594,#2595,#2596,#2597),
  .UNSPECIFIED.,.F.,.F.,(4,1,1,1,1,1,1,1,1,1,1,1,1,1,1,1,1,1,1,1,1,1,4),
  (1.1949117137E-05,1.237767467948E-05,1.280623222196E-05,
    1.323478976444E-05,1.366334730692E-05,1.40919048494E-05,
    1.452046239188E-05,1.494901993436E-05,1.537757747684E-05,
    1.580613501932E-05,1.62346925618E-05,1.666325010428E-05,
    1.709180764676E-05,1.752036518924E-05,1.794892273172E-05,
    1.83774802742E-05,1.880603781668E-05,1.923459535916E-05,
    1.966315290165E-05,2.009171044413E-05,2.052026798661E-05,
    2.094882552909E-05,2.137738307157E-05),.QUASI_UNIFORM_KNOTS.);
#2573 = CARTESIAN_POINT('',(0.581572750241,5.262905176079E-02));
#2574 = CARTESIAN_POINT('',(0.5885813783,5.266092393549E-02));
#2575 = CARTESIAN_POINT('',(0.602607369146,5.272429668744E-02));
#2576 = CARTESIAN_POINT('',(0.623667372829,5.281817099854E-02));
#2577 = CARTESIAN_POINT('',(0.64474671552,5.291080516447E-02));
#2578 = CARTESIAN_POINT('',(0.665831439538,5.300209242035E-02));
#2579 = CARTESIAN_POINT('',(0.686953265665,5.309211705129E-02));
#2580 = CARTESIAN_POINT('',(0.707973763458,5.318025057899E-02));
#2581 = CARTESIAN_POINT('',(0.728969910546,5.326674602923E-02));
#2582 = CARTESIAN_POINT('',(0.750034345335,5.33519555548E-02));
#2583 = CARTESIAN_POINT('',(0.771136488671,5.343571062121E-02));
#2584 = CARTESIAN_POINT('',(0.792278543887,5.351798221177E-02));
#2585 = CARTESIAN_POINT('',(0.813453743122,5.359870392599E-02));
#2586 = CARTESIAN_POINT('',(0.834657582826,5.367781938063E-02));
#2587 = CARTESIAN_POINT('',(0.855884861151,5.375526950733E-02));
#2588 = CARTESIAN_POINT('',(0.877130522622,5.383099596102E-02));
#2589 = CARTESIAN_POINT('',(0.898389474728,5.390494018844E-02));
#2590 = CARTESIAN_POINT('',(0.919656711395,5.397704374591E-02));
#2591 = CARTESIAN_POINT('',(0.94092723775,5.404724795961E-02));
#2592 = CARTESIAN_POINT('',(0.962196482446,5.411549496665E-02));
#2593 = CARTESIAN_POINT('',(0.98345895693,5.418172389063E-02));
#2594 = CARTESIAN_POINT('',(1.004713436839,5.424588509822E-02));
#2595 = CARTESIAN_POINT('',(1.025943804356,5.430788699728E-02));
#2596 = CARTESIAN_POINT('',(1.040108414865,5.434782539102E-02));
#2597 = CARTESIAN_POINT('',(1.047197551197,5.436744891305E-02));
#2598 = ( GEOMETRIC_REPRESENTATION_CONTEXT(2) 
PARAMETRIC_REPRESENTATION_CONTEXT() REPRESENTATION_CONTEXT('2D SPACE',''
  ) );
#2599 = PCURVE('',#610,#2600);
#2600 = DEFINITIONAL_REPRESENTATION('',(#2601),#2627);
#2601 = B_SPLINE_CURVE_WITH_KNOTS('',3,(#2602,#2603,#2604,#2605,#2606,
    #2607,#2608,#2609,#2610,#2611,#2612,#2613,#2614,#2615,#2616,#2617,
    #2618,#2619,#2620,#2621,#2622,#2623,#2624,#2625,#2626),
  .UNSPECIFIED.,.F.,.F.,(4,1,1,1,1,1,1,1,1,1,1,1,1,1,1,1,1,1,1,1,1,1,4),
  (1.1949117137E-05,1.237767467948E-05,1.280623222196E-05,
    1.323478976444E-05,1.366334730692E-05,1.40919048494E-05,
    1.452046239188E-05,1.494901993436E-05,1.537757747684E-05,
    1.580613501932E-05,1.62346925618E-05,1.666325010428E-05,
    1.709180764676E-05,1.752036518924E-05,1.794892273172E-05,
    1.83774802742E-05,1.880603781668E-05,1.923459535916E-05,
    1.966315290165E-05,2.009171044413E-05,2.052026798661E-05,
    2.094882552909E-05,2.137738307157E-05),.QUASI_UNIFORM_KNOTS.);
#2602 = CARTESIAN_POINT('',(1.836477141716,6.711994219578E-03));
#2603 = CARTESIAN_POINT('',(1.836558066496,6.634991976897E-03));
#2604 = CARTESIAN_POINT('',(1.836718899998,6.478420960084E-03));
#2605 = CARTESIAN_POINT('',(1.836956933695,6.236024223927E-03));
#2606 = CARTESIAN_POINT('',(1.837191619591,5.986201538323E-03));
#2607 = CARTESIAN_POINT('',(1.837422696444,5.729225091518E-03));
#2608 = CARTESIAN_POINT('',(1.837650385862,5.464780486659E-03));
#2609 = CARTESIAN_POINT('',(1.837873108038,5.194741740537E-03));
#2610 = CARTESIAN_POINT('',(1.838091511041,4.918135907342E-03));
#2611 = CARTESIAN_POINT('',(1.838306495253,4.633941470617E-03));
#2612 = CARTESIAN_POINT('',(1.838517644867,4.342692203736E-03));
#2613 = CARTESIAN_POINT('',(1.838724896747,4.044505141294E-03));
#2614 = CARTESIAN_POINT('',(1.838928093256,3.739608983166E-03));
#2615 = CARTESIAN_POINT('',(1.839127102079,3.428202506882E-03));
#2616 = CARTESIAN_POINT('',(1.839321784111,3.110492514082E-03));
#2617 = CARTESIAN_POINT('',(1.839512002076,2.786683632297E-03));
#2618 = CARTESIAN_POINT('',(1.839697618169,2.456981161398E-03));
#2619 = CARTESIAN_POINT('',(1.839878494861,2.121589885999E-03));
#2620 = CARTESIAN_POINT('',(1.840054494046,1.780715979401E-03));
#2621 = CARTESIAN_POINT('',(1.840225479644,1.434560575415E-03));
#2622 = CARTESIAN_POINT('',(1.840391308044,1.083343577127E-03));
#2623 = CARTESIAN_POINT('',(1.840551863728,7.272148500075E-04));
#2624 = CARTESIAN_POINT('',(1.840706926329,3.66585640723E-04));
#2625 = CARTESIAN_POINT('',(1.8408067533,1.227896860818E-04));
#2626 = CARTESIAN_POINT('',(1.840855789617,0.));
#2627 = ( GEOMETRIC_REPRESENTATION_CONTEXT(2) 
PARAMETRIC_REPRESENTATION_CONTEXT() REPRESENTATION_CONTEXT('2D SPACE',''
  ) );
#2628 = ORIENTED_EDGE('',*,*,#2629,.T.);
#2629 = EDGE_CURVE('',#2556,#2630,#2632,.T.);
#2630 = VERTEX_POINT('',#2631);
#2631 = CARTESIAN_POINT('',(-0.550819320949,0.397320508076,0.39));
#2632 = SURFACE_CURVE('',#2633,(#2637,#2644),.PCURVE_S1.);
#2633 = LINE('',#2634,#2635);
#2634 = CARTESIAN_POINT('',(-0.5,0.397320508076,0.39));
#2635 = VECTOR('',#2636,1.);
#2636 = DIRECTION('',(1.,-0.,-0.));
#2637 = PCURVE('',#1866,#2638);
#2638 = DEFINITIONAL_REPRESENTATION('',(#2639),#2643);
#2639 = LINE('',#2640,#2641);
#2640 = CARTESIAN_POINT('',(1.047197551197,0.));
#2641 = VECTOR('',#2642,1.);
#2642 = DIRECTION('',(0.,-1.));
#2643 = ( GEOMETRIC_REPRESENTATION_CONTEXT(2) 
PARAMETRIC_REPRESENTATION_CONTEXT() REPRESENTATION_CONTEXT('2D SPACE',''
  ) );
#2644 = PCURVE('',#2645,#2650);
#2645 = PLANE('',#2646);
#2646 = AXIS2_PLACEMENT_3D('',#2647,#2648,#2649);
#2647 = CARTESIAN_POINT('',(-0.75,0.39,0.39));
#2648 = DIRECTION('',(0.,-1.390002785238E-16,1.));
#2649 = DIRECTION('',(0.,-1.,-1.390002785238E-16));
#2650 = DEFINITIONAL_REPRESENTATION('',(#2651),#2655);
#2651 = LINE('',#2652,#2653);
#2652 = CARTESIAN_POINT('',(-7.320508075689E-03,0.25));
#2653 = VECTOR('',#2654,1.);
#2654 = DIRECTION('',(0.,1.));
#2655 = ( GEOMETRIC_REPRESENTATION_CONTEXT(2) 
PARAMETRIC_REPRESENTATION_CONTEXT() REPRESENTATION_CONTEXT('2D SPACE',''
  ) );
#2656 = ORIENTED_EDGE('',*,*,#2657,.T.);
#2657 = EDGE_CURVE('',#2630,#1796,#2658,.T.);
#2658 = SURFACE_CURVE('',#2659,(#2667,#2696),.PCURVE_S1.);
#2659 = B_SPLINE_CURVE_WITH_KNOTS('',3,(#2660,#2661,#2662,#2663,#2664,
    #2665,#2666),.UNSPECIFIED.,.F.,.F.,(4,3,4),(2.105565289438E-05,
    2.657544385802E-05,3.181753414286E-05),.UNSPECIFIED.);
#2660 = CARTESIAN_POINT('',(-0.550819320949,0.397320508076,0.39));
#2661 = CARTESIAN_POINT('',(-0.550404277049,0.398217504733,
    0.388446356216));
#2662 = CARTESIAN_POINT('',(-0.549957326107,0.398906265398,
    0.386762899107));
#2663 = CARTESIAN_POINT('',(-0.549502355228,0.399355558044,
    0.385036106976));
#2664 = CARTESIAN_POINT('',(-0.549070345615,0.399782175991,
    0.383396461816));
#2665 = CARTESIAN_POINT('',(-0.548624398869,0.4,0.381692282543));
#2666 = CARTESIAN_POINT('',(-0.548184795385,0.4,0.38));
#2667 = PCURVE('',#1866,#2668);
#2668 = DEFINITIONAL_REPRESENTATION('',(#2669),#2695);
#2669 = B_SPLINE_CURVE_WITH_KNOTS('',3,(#2670,#2671,#2672,#2673,#2674,
    #2675,#2676,#2677,#2678,#2679,#2680,#2681,#2682,#2683,#2684,#2685,
    #2686,#2687,#2688,#2689,#2690,#2691,#2692,#2693,#2694),
  .UNSPECIFIED.,.F.,.F.,(4,1,1,1,1,1,1,1,1,1,1,1,1,1,1,1,1,1,1,1,1,1,4),
  (2.105565289438E-05,2.154482931477E-05,2.203400573515E-05,
    2.252318215554E-05,2.301235857592E-05,2.350153499631E-05,
    2.399071141669E-05,2.447988783708E-05,2.496906425747E-05,
    2.545824067785E-05,2.594741709824E-05,2.643659351862E-05,
    2.692576993901E-05,2.741494635939E-05,2.790412277978E-05,
    2.839329920016E-05,2.888247562055E-05,2.937165204094E-05,
    2.986082846132E-05,3.035000488171E-05,3.083918130209E-05,
    3.132835772248E-05,3.181753414286E-05),.QUASI_UNIFORM_KNOTS.);
#2670 = CARTESIAN_POINT('',(1.047197551197,5.081932094937E-02));
#2671 = CARTESIAN_POINT('',(1.055146913053,5.078253881564E-02));
#2672 = CARTESIAN_POINT('',(1.071052260171,5.07084733583E-02));
#2673 = CARTESIAN_POINT('',(1.094924931174,5.059597135958E-02));
#2674 = CARTESIAN_POINT('',(1.118807142758,5.048216530526E-02));
#2675 = CARTESIAN_POINT('',(1.142693399646,5.036715495197E-02));
#2676 = CARTESIAN_POINT('',(1.166578031701,5.025104005818E-02));
#2677 = CARTESIAN_POINT('',(1.190455218561,5.013392037544E-02));
#2678 = CARTESIAN_POINT('',(1.214319057295,5.001589568108E-02));
#2679 = CARTESIAN_POINT('',(1.238163647456,4.989706565629E-02));
#2680 = CARTESIAN_POINT('',(1.261983064916,4.977753034103E-02));
#2681 = CARTESIAN_POINT('',(1.285771762619,4.965738843636E-02));
#2682 = CARTESIAN_POINT('',(1.30952337224,4.953674364009E-02));
#2683 = CARTESIAN_POINT('',(1.333235470755,4.941568100199E-02));
#2684 = CARTESIAN_POINT('',(1.356981562817,4.92939021423E-02));
#2685 = CARTESIAN_POINT('',(1.380741899297,4.917158055017E-02));
#2686 = CARTESIAN_POINT('',(1.404515146193,4.904879511478E-02));
#2687 = CARTESIAN_POINT('',(1.428294804438,4.892565007329E-02));
#2688 = CARTESIAN_POINT('',(1.452075604528,4.880224287089E-02));
#2689 = CARTESIAN_POINT('',(1.475851870845,4.86786727727E-02));
#2690 = CARTESIAN_POINT('',(1.49961803546,4.855503855616E-02));
#2691 = CARTESIAN_POINT('',(1.523368585562,4.84314391294E-02));
#2692 = CARTESIAN_POINT('',(1.547098126264,4.830797336552E-02));
#2693 = CARTESIAN_POINT('',(1.562900405937,4.822581788653E-02));
#2694 = CARTESIAN_POINT('',(1.570796326795,4.818479538458E-02));
#2695 = ( GEOMETRIC_REPRESENTATION_CONTEXT(2) 
PARAMETRIC_REPRESENTATION_CONTEXT() REPRESENTATION_CONTEXT('2D SPACE',''
  ) );
#2696 = PCURVE('',#124,#2697);
#2697 = DEFINITIONAL_REPRESENTATION('',(#2698),#2724);
#2698 = B_SPLINE_CURVE_WITH_KNOTS('',3,(#2699,#2700,#2701,#2702,#2703,
    #2704,#2705,#2706,#2707,#2708,#2709,#2710,#2711,#2712,#2713,#2714,
    #2715,#2716,#2717,#2718,#2719,#2720,#2721,#2722,#2723),
  .UNSPECIFIED.,.F.,.F.,(4,1,1,1,1,1,1,1,1,1,1,1,1,1,1,1,1,1,1,1,1,1,4),
  (2.105565289438E-05,2.154482931477E-05,2.203400573515E-05,
    2.252318215554E-05,2.301235857592E-05,2.350153499631E-05,
    2.399071141669E-05,2.447988783708E-05,2.496906425747E-05,
    2.545824067785E-05,2.594741709824E-05,2.643659351862E-05,
    2.692576993901E-05,2.741494635939E-05,2.790412277978E-05,
    2.839329920016E-05,2.888247562055E-05,2.937165204094E-05,
    2.986082846132E-05,3.035000488171E-05,3.083918130209E-05,
    3.132835772248E-05,3.181753414286E-05),.QUASI_UNIFORM_KNOTS.);
#2699 = CARTESIAN_POINT('',(1.309749975933,7.320508075685E-03));
#2700 = CARTESIAN_POINT('',(1.309844986476,7.400001958083E-03));
#2701 = CARTESIAN_POINT('',(1.31003640713,7.555718790551E-03));
#2702 = CARTESIAN_POINT('',(1.310327487072,7.779350811522E-03));
#2703 = CARTESIAN_POINT('',(1.310622266224,7.99290917392E-03));
#2704 = CARTESIAN_POINT('',(1.310920494843,8.196263447224E-03));
#2705 = CARTESIAN_POINT('',(1.311221923178,8.389283199728E-03));
#2706 = CARTESIAN_POINT('',(1.3115263015,8.571838004144E-03));
#2707 = CARTESIAN_POINT('',(1.311833380011,8.743797416697E-03));
#2708 = CARTESIAN_POINT('',(1.312142909174,8.905031055141E-03));
#2709 = CARTESIAN_POINT('',(1.312454638488,9.055408307604E-03));
#2710 = CARTESIAN_POINT('',(1.312768321053,9.194799419186E-03));
#2711 = CARTESIAN_POINT('',(1.313083696552,9.323071436728E-03));
#2712 = CARTESIAN_POINT('',(1.313400554738,9.440103343128E-03));
#2713 = CARTESIAN_POINT('',(1.313719680714,9.546253763646E-03));
#2714 = CARTESIAN_POINT('',(1.314040621629,9.641403606521E-03));
#2715 = CARTESIAN_POINT('',(1.314363172966,9.72552895747E-03));
#2716 = CARTESIAN_POINT('',(1.314687063664,9.798580399479E-03));
#2717 = CARTESIAN_POINT('',(1.315012040495,9.860515348972E-03));
#2718 = CARTESIAN_POINT('',(1.31533784545,9.911289391358E-03));
#2719 = CARTESIAN_POINT('',(1.315664221805,9.950858602666E-03));
#2720 = CARTESIAN_POINT('',(1.315990912492,9.97917892746E-03));
#2721 = CARTESIAN_POINT('',(1.316317660535,9.996206345542E-03));
#2722 = CARTESIAN_POINT('',(1.316535359469,1.E-02));
#2723 = CARTESIAN_POINT('',(1.316644132831,1.E-02));
#2724 = ( GEOMETRIC_REPRESENTATION_CONTEXT(2) 
PARAMETRIC_REPRESENTATION_CONTEXT() REPRESENTATION_CONTEXT('2D SPACE',''
  ) );
#2725 = ORIENTED_EDGE('',*,*,#1852,.F.);
#2726 = ORIENTED_EDGE('',*,*,#2727,.F.);
#2727 = EDGE_CURVE('',#1917,#1825,#2728,.T.);
#2728 = SURFACE_CURVE('',#2729,(#2734,#2741),.PCURVE_S1.);
#2729 = CIRCLE('',#2730,2.E-02);
#2730 = AXIS2_PLACEMENT_3D('',#2731,#2732,#2733);
#2731 = CARTESIAN_POINT('',(-0.78,0.38,0.38));
#2732 = DIRECTION('',(-1.,0.,0.));
#2733 = DIRECTION('',(0.,0.,1.));
#2734 = PCURVE('',#1866,#2735);
#2735 = DEFINITIONAL_REPRESENTATION('',(#2736),#2740);
#2736 = LINE('',#2737,#2738);
#2737 = CARTESIAN_POINT('',(0.,0.28));
#2738 = VECTOR('',#2739,1.);
#2739 = DIRECTION('',(1.,0.));
#2740 = ( GEOMETRIC_REPRESENTATION_CONTEXT(2) 
PARAMETRIC_REPRESENTATION_CONTEXT() REPRESENTATION_CONTEXT('2D SPACE',''
  ) );
#2741 = PCURVE('',#2742,#2747);
#2742 = SPHERICAL_SURFACE('',#2743,2.E-02);
#2743 = AXIS2_PLACEMENT_3D('',#2744,#2745,#2746);
#2744 = CARTESIAN_POINT('',(-0.78,0.38,0.38));
#2745 = DIRECTION('',(0.,1.,0.));
#2746 = DIRECTION('',(1.,0.,0.));
#2747 = DEFINITIONAL_REPRESENTATION('',(#2748),#2774);
#2748 = B_SPLINE_CURVE_WITH_KNOTS('',3,(#2749,#2750,#2751,#2752,#2753,
    #2754,#2755,#2756,#2757,#2758,#2759,#2760,#2761,#2762,#2763,#2764,
    #2765,#2766,#2767,#2768,#2769,#2770,#2771,#2772,#2773),
  .UNSPECIFIED.,.F.,.F.,(4,1,1,1,1,1,1,1,1,1,1,1,1,1,1,1,1,1,1,1,1,1,4),
  (0.,7.139983303613E-02,0.142799666072,0.214199499108,0.285599332145,
    0.356999165181,0.428398998217,0.499798831253,0.571198664289,
    0.642598497325,0.713998330361,0.785398163397,0.856797996434,
    0.92819782947,0.999597662506,1.070997495542,1.142397328578,
    1.213797161614,1.28519699465,1.356596827687,1.427996660723,
    1.499396493759,1.570796326795),.QUASI_UNIFORM_KNOTS.);
#2749 = CARTESIAN_POINT('',(4.712388980385,0.));
#2750 = CARTESIAN_POINT('',(4.712388980385,2.379994434538E-02));
#2751 = CARTESIAN_POINT('',(4.712388980385,7.139983303613E-02));
#2752 = CARTESIAN_POINT('',(4.712388980385,0.142799666072));
#2753 = CARTESIAN_POINT('',(4.712388980385,0.214199499108));
#2754 = CARTESIAN_POINT('',(4.712388980385,0.285599332145));
#2755 = CARTESIAN_POINT('',(4.712388980385,0.356999165181));
#2756 = CARTESIAN_POINT('',(4.712388980385,0.428398998217));
#2757 = CARTESIAN_POINT('',(4.712388980385,0.499798831253));
#2758 = CARTESIAN_POINT('',(4.712388980385,0.571198664289));
#2759 = CARTESIAN_POINT('',(4.712388980385,0.642598497325));
#2760 = CARTESIAN_POINT('',(4.712388980385,0.713998330361));
#2761 = CARTESIAN_POINT('',(4.712388980385,0.785398163397));
#2762 = CARTESIAN_POINT('',(4.712388980385,0.856797996434));
#2763 = CARTESIAN_POINT('',(4.712388980385,0.92819782947));
#2764 = CARTESIAN_POINT('',(4.712388980385,0.999597662506));
#2765 = CARTESIAN_POINT('',(4.712388980385,1.070997495542));
#2766 = CARTESIAN_POINT('',(4.712388980385,1.142397328578));
#2767 = CARTESIAN_POINT('',(4.712388980385,1.213797161614));
#2768 = CARTESIAN_POINT('',(4.712388980385,1.28519699465));
#2769 = CARTESIAN_POINT('',(4.712388980385,1.356596827687));
#2770 = CARTESIAN_POINT('',(4.712388980385,1.427996660723));
#2771 = CARTESIAN_POINT('',(4.712388980385,1.499396493759));
#2772 = CARTESIAN_POINT('',(4.712388980385,1.54699638245));
#2773 = CARTESIAN_POINT('',(4.712388980385,1.570796326795));
#2774 = ( GEOMETRIC_REPRESENTATION_CONTEXT(2) 
PARAMETRIC_REPRESENTATION_CONTEXT() REPRESENTATION_CONTEXT('2D SPACE',''
  ) );
#2775 = ADVANCED_FACE('',(#2776),#189,.T.);
#2776 = FACE_BOUND('',#2777,.T.);
#2777 = EDGE_LOOP('',(#2778,#2779,#2802,#2824,#2899,#2900,#2948,#2968,
    #2969,#2970,#2992,#3013,#3014));
#2778 = ORIENTED_EDGE('',*,*,#1551,.F.);
#2779 = ORIENTED_EDGE('',*,*,#2780,.T.);
#2780 = EDGE_CURVE('',#1524,#2781,#2783,.T.);
#2781 = VERTEX_POINT('',#2782);
#2782 = CARTESIAN_POINT('',(-0.550819320949,0.39,-0.384274781886));
#2783 = SURFACE_CURVE('',#2784,(#2788,#2795),.PCURVE_S1.);
#2784 = LINE('',#2785,#2786);
#2785 = CARTESIAN_POINT('',(-0.550819320949,0.39,-0.39));
#2786 = VECTOR('',#2787,1.);
#2787 = DIRECTION('',(0.,-1.084202172486E-16,1.));
#2788 = PCURVE('',#189,#2789);
#2789 = DEFINITIONAL_REPRESENTATION('',(#2790),#2794);
#2790 = LINE('',#2791,#2792);
#2791 = CARTESIAN_POINT('',(1.309749975933,4.052314039882E-15));
#2792 = VECTOR('',#2793,1.);
#2793 = DIRECTION('',(0.,-1.));
#2794 = ( GEOMETRIC_REPRESENTATION_CONTEXT(2) 
PARAMETRIC_REPRESENTATION_CONTEXT() REPRESENTATION_CONTEXT('2D SPACE',''
  ) );
#2795 = PCURVE('',#1539,#2796);
#2796 = DEFINITIONAL_REPRESENTATION('',(#2797),#2801);
#2797 = LINE('',#2798,#2799);
#2798 = CARTESIAN_POINT('',(-0.78,0.199180679051));
#2799 = VECTOR('',#2800,1.);
#2800 = DIRECTION('',(1.,0.));
#2801 = ( GEOMETRIC_REPRESENTATION_CONTEXT(2) 
PARAMETRIC_REPRESENTATION_CONTEXT() REPRESENTATION_CONTEXT('2D SPACE',''
  ) );
#2802 = ORIENTED_EDGE('',*,*,#2803,.T.);
#2803 = EDGE_CURVE('',#2781,#2804,#2806,.T.);
#2804 = VERTEX_POINT('',#2805);
#2805 = CARTESIAN_POINT('',(-0.550640054647,0.389328323974,
    -0.38360310586));
#2806 = SURFACE_CURVE('',#2807,(#2812,#2818),.PCURVE_S1.);
#2807 = ( BOUNDED_CURVE() B_SPLINE_CURVE(3,(#2808,#2809,#2810,#2811),
.UNSPECIFIED.,.F.,.F.) B_SPLINE_CURVE_WITH_KNOTS((4,4),(1.309749975933,
1.310213433997),.PIECEWISE_BEZIER_KNOTS.) CURVE() 
GEOMETRIC_REPRESENTATION_ITEM() RATIONAL_B_SPLINE_CURVE((1.,
0.999999982101,0.999999982101,1.)) REPRESENTATION_ITEM('') );
#2808 = CARTESIAN_POINT('',(-0.550819320949,0.39,-0.384274781886));
#2809 = CARTESIAN_POINT('',(-0.550759513633,0.38977612184,
    -0.384050903727));
#2810 = CARTESIAN_POINT('',(-0.550699758198,0.389552229828,
    -0.383827011714));
#2811 = CARTESIAN_POINT('',(-0.550640054647,0.389328323974,
    -0.38360310586));
#2812 = PCURVE('',#189,#2813);
#2813 = DEFINITIONAL_REPRESENTATION('',(#2814),#2817);
#2814 = B_SPLINE_CURVE_WITH_KNOTS('',1,(#2815,#2816),.UNSPECIFIED.,.F.,
  .F.,(2,2),(1.309749975933,1.310213433997),.PIECEWISE_BEZIER_KNOTS.);
#2815 = CARTESIAN_POINT('',(1.309749975933,-5.725218113511E-03));
#2816 = CARTESIAN_POINT('',(1.310213433997,-6.396894139736E-03));
#2817 = ( GEOMETRIC_REPRESENTATION_CONTEXT(2) 
PARAMETRIC_REPRESENTATION_CONTEXT() REPRESENTATION_CONTEXT('2D SPACE',''
  ) );
#2818 = PCURVE('',#124,#2819);
#2819 = DEFINITIONAL_REPRESENTATION('',(#2820),#2823);
#2820 = B_SPLINE_CURVE_WITH_KNOTS('',1,(#2821,#2822),.UNSPECIFIED.,.F.,
  .F.,(2,2),(1.309749975933,1.310213433997),.PIECEWISE_BEZIER_KNOTS.);
#2821 = CARTESIAN_POINT('',(1.831842677657,4.107825191113E-15));
#2822 = CARTESIAN_POINT('',(1.831379219592,-6.716760262195E-04));
#2823 = ( GEOMETRIC_REPRESENTATION_CONTEXT(2) 
PARAMETRIC_REPRESENTATION_CONTEXT() REPRESENTATION_CONTEXT('2D SPACE',''
  ) );
#2824 = ORIENTED_EDGE('',*,*,#2825,.T.);
#2825 = EDGE_CURVE('',#2804,#166,#2826,.T.);
#2826 = SURFACE_CURVE('',#2827,(#2841,#2870),.PCURVE_S1.);
#2827 = B_SPLINE_CURVE_WITH_KNOTS('',3,(#2828,#2829,#2830,#2831,#2832,
    #2833,#2834,#2835,#2836,#2837,#2838,#2839,#2840),.UNSPECIFIED.,.F.,
  .F.,(4,3,3,3,4),(3.671536390158E-06,6.54499424115E-06,
    9.864597363712E-06,1.329189263347E-05,1.588834742646E-05),
  .UNSPECIFIED.);
#2828 = CARTESIAN_POINT('',(-0.550640054647,0.389328323974,
    -0.38360310586));
#2829 = CARTESIAN_POINT('',(-0.550548396058,0.388984577343,
    -0.384493054715));
#2830 = CARTESIAN_POINT('',(-0.550421569044,0.388508467104,
    -0.385338646226));
#2831 = CARTESIAN_POINT('',(-0.550268545704,0.387932356539,
    -0.386089147713));
#2832 = CARTESIAN_POINT('',(-0.55009176822,0.387266815085,
    -0.386956151168));
#2833 = CARTESIAN_POINT('',(-0.549875537289,0.386450810279,
    -0.387717292584));
#2834 = CARTESIAN_POINT('',(-0.549638192113,0.385551289609,
    -0.388317642923));
#2835 = CARTESIAN_POINT('',(-0.549393227545,0.384622892008,
    -0.388937266054));
#2836 = CARTESIAN_POINT('',(-0.549119343723,0.383581074423,
    -0.389402290404));
#2837 = CARTESIAN_POINT('',(-0.548838801638,0.382508728974,
    -0.389680200364));
#2838 = CARTESIAN_POINT('',(-0.548625035685,0.381691628944,
    -0.389891960704));
#2839 = CARTESIAN_POINT('',(-0.548403721506,0.380842770513,-0.39));
#2840 = CARTESIAN_POINT('',(-0.548184795385,0.38,-0.39));
#2841 = PCURVE('',#189,#2842);
#2842 = DEFINITIONAL_REPRESENTATION('',(#2843),#2869);
#2843 = B_SPLINE_CURVE_WITH_KNOTS('',3,(#2844,#2845,#2846,#2847,#2848,
    #2849,#2850,#2851,#2852,#2853,#2854,#2855,#2856,#2857,#2858,#2859,
    #2860,#2861,#2862,#2863,#2864,#2865,#2866,#2867,#2868),
  .UNSPECIFIED.,.F.,.F.,(4,1,1,1,1,1,1,1,1,1,1,1,1,1,1,1,1,1,1,1,1,1,4),
  (3.671536390158E-06,4.226845982717E-06,4.782155575276E-06,
    5.337465167835E-06,5.892774760394E-06,6.448084352953E-06,
    7.003393945512E-06,7.558703538071E-06,8.11401313063E-06,
    8.669322723189E-06,9.224632315748E-06,9.779941908307E-06,
    1.033525150087E-05,1.089056109343E-05,1.144587068598E-05,
    1.200118027854E-05,1.25564898711E-05,1.311179946366E-05,
    1.366710905622E-05,1.422241864878E-05,1.477772824134E-05,
    1.53330378339E-05,1.588834742646E-05),.QUASI_UNIFORM_KNOTS.);
#2844 = CARTESIAN_POINT('',(1.310213433997,-6.396894139736E-03));
#2845 = CARTESIAN_POINT('',(1.310259268502,-6.224907230021E-03));
#2846 = CARTESIAN_POINT('',(1.310357757016,-5.884247375522E-03));
#2847 = CARTESIAN_POINT('',(1.310524982649,-5.385390192395E-03));
#2848 = CARTESIAN_POINT('',(1.310710720003,-4.900881497195E-03));
#2849 = CARTESIAN_POINT('',(1.310914042155,-4.432849030069E-03));
#2850 = CARTESIAN_POINT('',(1.311133820816,-3.983747942316E-03));
#2851 = CARTESIAN_POINT('',(1.311369678972,-3.554811889786E-03));
#2852 = CARTESIAN_POINT('',(1.311622241753,-3.144300411331E-03));
#2853 = CARTESIAN_POINT('',(1.31188974758,-2.754543922648E-03));
#2854 = CARTESIAN_POINT('',(1.312171007874,-2.386885754568E-03));
#2855 = CARTESIAN_POINT('',(1.312464740527,-2.042878768696E-03));
#2856 = CARTESIAN_POINT('',(1.312769464572,-1.724224788406E-03));
#2857 = CARTESIAN_POINT('',(1.313084588055,-1.431820259218E-03));
#2858 = CARTESIAN_POINT('',(1.313411253508,-1.164002030378E-03));
#2859 = CARTESIAN_POINT('',(1.313747391718,-9.221900877552E-04));
#2860 = CARTESIAN_POINT('',(1.314091654086,-7.070743654482E-04));
#2861 = CARTESIAN_POINT('',(1.314442742671,-5.194541780209E-04));
#2862 = CARTESIAN_POINT('',(1.314798436313,-3.604213699512E-04));
#2863 = CARTESIAN_POINT('',(1.315160156112,-2.297882855936E-04));
#2864 = CARTESIAN_POINT('',(1.315527788454,-1.274596578611E-04));
#2865 = CARTESIAN_POINT('',(1.315898564544,-5.411101140213E-05));
#2866 = CARTESIAN_POINT('',(1.316271285332,-9.882578988623E-06));
#2867 = CARTESIAN_POINT('',(1.316519981209,4.595398173379E-14));
#2868 = CARTESIAN_POINT('',(1.316644132831,0.));
#2869 = ( GEOMETRIC_REPRESENTATION_CONTEXT(2) 
PARAMETRIC_REPRESENTATION_CONTEXT() REPRESENTATION_CONTEXT('2D SPACE',''
  ) );
#2870 = PCURVE('',#95,#2871);
#2871 = DEFINITIONAL_REPRESENTATION('',(#2872),#2898);
#2872 = B_SPLINE_CURVE_WITH_KNOTS('',3,(#2873,#2874,#2875,#2876,#2877,
    #2878,#2879,#2880,#2881,#2882,#2883,#2884,#2885,#2886,#2887,#2888,
    #2889,#2890,#2891,#2892,#2893,#2894,#2895,#2896,#2897),
  .UNSPECIFIED.,.F.,.F.,(4,1,1,1,1,1,1,1,1,1,1,1,1,1,1,1,1,1,1,1,1,1,4),
  (3.671536390158E-06,4.226845982717E-06,4.782155575276E-06,
    5.337465167835E-06,5.892774760394E-06,6.448084352953E-06,
    7.003393945512E-06,7.558703538071E-06,8.11401313063E-06,
    8.669322723189E-06,9.224632315748E-06,9.779941908307E-06,
    1.033525150087E-05,1.089056109343E-05,1.144587068598E-05,
    1.200118027854E-05,1.25564898711E-05,1.311179946366E-05,
    1.366710905622E-05,1.422241864878E-05,1.477772824134E-05,
    1.53330378339E-05,1.588834742646E-05),.QUASI_UNIFORM_KNOTS.);
#2873 = CARTESIAN_POINT('',(1.202195505316,0.199359945353));
#2874 = CARTESIAN_POINT('',(1.183759138747,0.199377658818));
#2875 = CARTESIAN_POINT('',(1.146836560536,0.199415712482));
#2876 = CARTESIAN_POINT('',(1.091393334103,0.199480286128));
#2877 = CARTESIAN_POINT('',(1.035982145833,0.199551959933));
#2878 = CARTESIAN_POINT('',(0.980690118861,0.199630361675));
#2879 = CARTESIAN_POINT('',(0.925647212743,0.199715041988));
#2880 = CARTESIAN_POINT('',(0.870813825097,0.199805839315));
#2881 = CARTESIAN_POINT('',(0.81582249733,0.199902976045));
#2882 = CARTESIAN_POINT('',(0.760851455717,0.200005760109));
#2883 = CARTESIAN_POINT('',(0.705956808373,0.200113719026));
#2884 = CARTESIAN_POINT('',(0.651221277638,0.200226344284));
#2885 = CARTESIAN_POINT('',(0.596757944155,0.200343051903));
#2886 = CARTESIAN_POINT('',(0.542520217189,0.200463595805));
#2887 = CARTESIAN_POINT('',(0.488109227035,0.2005883996));
#2888 = CARTESIAN_POINT('',(0.433695909108,0.200716663157));
#2889 = CARTESIAN_POINT('',(0.37932998883,0.200847860977));
#2890 = CARTESIAN_POINT('',(0.325060903142,0.200981486409));
#2891 = CARTESIAN_POINT('',(0.271073038014,0.201116682788));
#2892 = CARTESIAN_POINT('',(0.217000329663,0.201253974653));
#2893 = CARTESIAN_POINT('',(0.162691449924,0.201393314028));
#2894 = CARTESIAN_POINT('',(0.108395147405,0.201533648516));
#2895 = CARTESIAN_POINT('',(5.412912125281E-02,0.201674520763));
#2896 = CARTESIAN_POINT('',(1.802419010576E-02,0.201768382396));
#2897 = CARTESIAN_POINT('',(0.,0.201815204615));
#2898 = ( GEOMETRIC_REPRESENTATION_CONTEXT(2) 
PARAMETRIC_REPRESENTATION_CONTEXT() REPRESENTATION_CONTEXT('2D SPACE',''
  ) );
#2899 = ORIENTED_EDGE('',*,*,#165,.T.);
#2900 = ORIENTED_EDGE('',*,*,#2901,.T.);
#2901 = EDGE_CURVE('',#168,#2902,#2904,.T.);
#2902 = VERTEX_POINT('',#2903);
#2903 = CARTESIAN_POINT('',(-0.550640054647,-0.38360310586,
    -0.389328323974));
#2904 = SURFACE_CURVE('',#2905,(#2913,#2942),.PCURVE_S1.);
#2905 = B_SPLINE_CURVE_WITH_KNOTS('',3,(#2906,#2907,#2908,#2909,#2910,
    #2911,#2912),.UNSPECIFIED.,.F.,.F.,(4,3,4),(0.,3.567691985834E-06,
    3.788380556716E-06),.UNSPECIFIED.);
#2906 = CARTESIAN_POINT('',(-0.549684095589,-0.38,-0.39));
#2907 = CARTESIAN_POINT('',(-0.549987636892,-0.381149840095,-0.39));
#2908 = CARTESIAN_POINT('',(-0.550296817988,-0.382315199888,
    -0.389796455431));
#2909 = CARTESIAN_POINT('',(-0.550585920842,-0.383400031044,
    -0.389404243155));
#2910 = CARTESIAN_POINT('',(-0.550604028461,-0.383467978174,
    -0.389379677399));
#2911 = CARTESIAN_POINT('',(-0.550622075138,-0.383535677421,
    -0.389354368503));
#2912 = CARTESIAN_POINT('',(-0.550640054647,-0.38360310586,
    -0.389328323974));
#2913 = PCURVE('',#189,#2914);
#2914 = DEFINITIONAL_REPRESENTATION('',(#2915),#2941);
#2915 = B_SPLINE_CURVE_WITH_KNOTS('',3,(#2916,#2917,#2918,#2919,#2920,
    #2921,#2922,#2923,#2924,#2925,#2926,#2927,#2928,#2929,#2930,#2931,
    #2932,#2933,#2934,#2935,#2936,#2937,#2938,#2939,#2940),
  .UNSPECIFIED.,.F.,.F.,(4,1,1,1,1,1,1,1,1,1,1,1,1,1,1,1,1,1,1,1,1,1,4),
  (0.,1.721991162144E-07,3.443982324287E-07,5.165973486431E-07,
    6.887964648574E-07,8.609955810718E-07,1.033194697286E-06,
    1.205393813501E-06,1.377592929715E-06,1.549792045929E-06,
    1.721991162144E-06,1.894190278358E-06,2.066389394572E-06,
    2.238588510787E-06,2.410787627001E-06,2.582986743215E-06,
    2.75518585943E-06,2.927384975644E-06,3.099584091859E-06,
    3.271783208073E-06,3.443982324287E-06,3.616181440502E-06,
    3.788380556716E-06),.QUASI_UNIFORM_KNOTS.);
#2916 = CARTESIAN_POINT('',(1.828894042495,0.));
#2917 = CARTESIAN_POINT('',(1.828932308965,7.401529229685E-17));
#2918 = CARTESIAN_POINT('',(1.829008892987,-9.483674617647E-07));
#2919 = CARTESIAN_POINT('',(1.829123877545,-5.205984286228E-06));
#2920 = CARTESIAN_POINT('',(1.829238925909,-1.228862998812E-05));
#2921 = CARTESIAN_POINT('',(1.829353993359,-2.218626781324E-05));
#2922 = CARTESIAN_POINT('',(1.829469035174,-3.488886100841E-05));
#2923 = CARTESIAN_POINT('',(1.829584006636,-5.038637281831E-05));
#2924 = CARTESIAN_POINT('',(1.829698863024,-6.866876649153E-05));
#2925 = CARTESIAN_POINT('',(1.829813559619,-8.972600526579E-05));
#2926 = CARTESIAN_POINT('',(1.829928051701,-1.135480524174E-04));
#2927 = CARTESIAN_POINT('',(1.830042294549,-1.401248710796E-04));
#2928 = CARTESIAN_POINT('',(1.830156243445,-1.694464249182E-04));
#2929 = CARTESIAN_POINT('',(1.830269853664,-2.015026756124E-04));
#2930 = CARTESIAN_POINT('',(1.8303830805,-2.362835922581E-04));
#2931 = CARTESIAN_POINT('',(1.830495879189,-2.737791162657E-04));
#2932 = CARTESIAN_POINT('',(1.830608205166,-3.139792923748E-04));
#2933 = CARTESIAN_POINT('',(1.830720013136,-3.56873779692E-04));
#2934 = CARTESIAN_POINT('',(1.830831260527,-4.024536765273E-04));
#2935 = CARTESIAN_POINT('',(1.830941894598,-4.507047100098E-04));
#2936 = CARTESIAN_POINT('',(1.831051900567,-5.016326527899E-04));
#2937 = CARTESIAN_POINT('',(1.831161121984,-5.551684666134E-04));
#2938 = CARTESIAN_POINT('',(1.831269931105,-6.115223113204E-04));
#2939 = CARTESIAN_POINT('',(1.831342684438,-6.512306075811E-04));
#2940 = CARTESIAN_POINT('',(1.831379219592,-6.716760262226E-04));
#2941 = ( GEOMETRIC_REPRESENTATION_CONTEXT(2) 
PARAMETRIC_REPRESENTATION_CONTEXT() REPRESENTATION_CONTEXT('2D SPACE',''
  ) );
#2942 = PCURVE('',#271,#2943);
#2943 = DEFINITIONAL_REPRESENTATION('',(#2944),#2947);
#2944 = B_SPLINE_CURVE_WITH_KNOTS('',1,(#2945,#2946),.UNSPECIFIED.,.F.,
  .F.,(2,2),(0.,3.788380556716E-06),.PIECEWISE_BEZIER_KNOTS.);
#2945 = CARTESIAN_POINT('',(6.28318530718,0.200315904411));
#2946 = CARTESIAN_POINT('',(5.914584485701,0.199359945353));
#2947 = ( GEOMETRIC_REPRESENTATION_CONTEXT(2) 
PARAMETRIC_REPRESENTATION_CONTEXT() REPRESENTATION_CONTEXT('2D SPACE',''
  ) );
#2948 = ORIENTED_EDGE('',*,*,#2949,.F.);
#2949 = EDGE_CURVE('',#1698,#2902,#2950,.T.);
#2950 = SURFACE_CURVE('',#2951,(#2956,#2962),.PCURVE_S1.);
#2951 = ( BOUNDED_CURVE() B_SPLINE_CURVE(3,(#2952,#2953,#2954,#2955),
.UNSPECIFIED.,.F.,.F.) B_SPLINE_CURVE_WITH_KNOTS((4,4),(1.309749975933,
1.310213433997),.PIECEWISE_BEZIER_KNOTS.) CURVE() 
GEOMETRIC_REPRESENTATION_ITEM() RATIONAL_B_SPLINE_CURVE((1.,
0.999999982101,0.999999982101,1.)) REPRESENTATION_ITEM('') );
#2952 = CARTESIAN_POINT('',(-0.550819320949,-0.384274781886,-0.39));
#2953 = CARTESIAN_POINT('',(-0.550759513633,-0.384050903727,
    -0.38977612184));
#2954 = CARTESIAN_POINT('',(-0.550699758198,-0.383827011714,
    -0.389552229828));
#2955 = CARTESIAN_POINT('',(-0.550640054647,-0.38360310586,
    -0.389328323974));
#2956 = PCURVE('',#189,#2957);
#2957 = DEFINITIONAL_REPRESENTATION('',(#2958),#2961);
#2958 = B_SPLINE_CURVE_WITH_KNOTS('',1,(#2959,#2960),.UNSPECIFIED.,.F.,
  .F.,(2,2),(1.309749975933,1.310213433997),.PIECEWISE_BEZIER_KNOTS.);
#2959 = CARTESIAN_POINT('',(1.831842677657,-1.387778780781E-15));
#2960 = CARTESIAN_POINT('',(1.831379219592,-6.716760262226E-04));
#2961 = ( GEOMETRIC_REPRESENTATION_CONTEXT(2) 
PARAMETRIC_REPRESENTATION_CONTEXT() REPRESENTATION_CONTEXT('2D SPACE',''
  ) );
#2962 = PCURVE('',#463,#2963);
#2963 = DEFINITIONAL_REPRESENTATION('',(#2964),#2967);
#2964 = B_SPLINE_CURVE_WITH_KNOTS('',1,(#2965,#2966),.UNSPECIFIED.,.F.,
  .F.,(2,2),(1.309749975933,1.310213433997),.PIECEWISE_BEZIER_KNOTS.);
#2965 = CARTESIAN_POINT('',(1.309749975933,-5.725218113515E-03));
#2966 = CARTESIAN_POINT('',(1.310213433997,-6.39689413974E-03));
#2967 = ( GEOMETRIC_REPRESENTATION_CONTEXT(2) 
PARAMETRIC_REPRESENTATION_CONTEXT() REPRESENTATION_CONTEXT('2D SPACE',''
  ) );
#2968 = ORIENTED_EDGE('',*,*,#1697,.T.);
#2969 = ORIENTED_EDGE('',*,*,#1216,.F.);
#2970 = ORIENTED_EDGE('',*,*,#2971,.T.);
#2971 = EDGE_CURVE('',#1187,#2972,#2974,.T.);
#2972 = VERTEX_POINT('',#2973);
#2973 = CARTESIAN_POINT('',(-0.552360897736,-0.39,-0.395725218114));
#2974 = SURFACE_CURVE('',#2975,(#2980,#2986),.PCURVE_S1.);
#2975 = ( BOUNDED_CURVE() B_SPLINE_CURVE(3,(#2976,#2977,#2978,#2979),
.UNSPECIFIED.,.F.,.F.) B_SPLINE_CURVE_WITH_KNOTS((4,4),(1.305115511874,
1.305797220089),.PIECEWISE_BEZIER_KNOTS.) CURVE() 
GEOMETRIC_REPRESENTATION_ITEM() RATIONAL_B_SPLINE_CURVE((1.,
0.999999961273,0.999999961273,1.)) REPRESENTATION_ITEM('') );
#2976 = CARTESIAN_POINT('',(-0.552629051761,-0.390986776106,
    -0.39671199422));
#2977 = CARTESIAN_POINT('',(-0.552539554972,-0.390657881211,
    -0.396383099324));
#2978 = CARTESIAN_POINT('',(-0.552450170293,-0.390328955829,
    -0.396054173943));
#2979 = CARTESIAN_POINT('',(-0.552360897736,-0.39,-0.395725218114));
#2980 = PCURVE('',#189,#2981);
#2981 = DEFINITIONAL_REPRESENTATION('',(#2982),#2985);
#2982 = B_SPLINE_CURVE_WITH_KNOTS('',1,(#2983,#2984),.UNSPECIFIED.,.F.,
  .F.,(2,2),(1.305115511874,1.305797220089),.PIECEWISE_BEZIER_KNOTS.);
#2983 = CARTESIAN_POINT('',(1.836477141716,6.711994219578E-03));
#2984 = CARTESIAN_POINT('',(1.835795433501,5.725218113518E-03));
#2985 = ( GEOMETRIC_REPRESENTATION_CONTEXT(2) 
PARAMETRIC_REPRESENTATION_CONTEXT() REPRESENTATION_CONTEXT('2D SPACE',''
  ) );
#2986 = PCURVE('',#1205,#2987);
#2987 = DEFINITIONAL_REPRESENTATION('',(#2988),#2991);
#2988 = B_SPLINE_CURVE_WITH_KNOTS('',1,(#2989,#2990),.UNSPECIFIED.,.F.,
  .F.,(2,2),(1.305115511874,1.305797220089),.PIECEWISE_BEZIER_KNOTS.);
#2989 = CARTESIAN_POINT('',(1.305115511874,9.867761060611E-04));
#2990 = CARTESIAN_POINT('',(1.305797220089,-1.387778780781E-15));
#2991 = ( GEOMETRIC_REPRESENTATION_CONTEXT(2) 
PARAMETRIC_REPRESENTATION_CONTEXT() REPRESENTATION_CONTEXT('2D SPACE',''
  ) );
#2992 = ORIENTED_EDGE('',*,*,#2993,.T.);
#2993 = EDGE_CURVE('',#2972,#1088,#2994,.T.);
#2994 = SURFACE_CURVE('',#2995,(#2999,#3006),.PCURVE_S1.);
#2995 = LINE('',#2996,#2997);
#2996 = CARTESIAN_POINT('',(-0.552360897736,-0.39,-0.39));
#2997 = VECTOR('',#2998,1.);
#2998 = DIRECTION('',(-0.,1.084202172486E-16,-1.));
#2999 = PCURVE('',#189,#3000);
#3000 = DEFINITIONAL_REPRESENTATION('',(#3001),#3005);
#3001 = LINE('',#3002,#3003);
#3002 = CARTESIAN_POINT('',(1.835795433501,-1.443289932013E-15));
#3003 = VECTOR('',#3004,1.);
#3004 = DIRECTION('',(0.,1.));
#3005 = ( GEOMETRIC_REPRESENTATION_CONTEXT(2) 
PARAMETRIC_REPRESENTATION_CONTEXT() REPRESENTATION_CONTEXT('2D SPACE',''
  ) );
#3006 = PCURVE('',#1174,#3007);
#3007 = DEFINITIONAL_REPRESENTATION('',(#3008),#3012);
#3008 = LINE('',#3009,#3010);
#3009 = CARTESIAN_POINT('',(0.387137390943,1.447639102264));
#3010 = VECTOR('',#3011,1.);
#3011 = DIRECTION('',(1.,0.));
#3012 = ( GEOMETRIC_REPRESENTATION_CONTEXT(2) 
PARAMETRIC_REPRESENTATION_CONTEXT() REPRESENTATION_CONTEXT('2D SPACE',''
  ) );
#3013 = ORIENTED_EDGE('',*,*,#1087,.F.);
#3014 = ORIENTED_EDGE('',*,*,#3015,.F.);
#3015 = EDGE_CURVE('',#1552,#1060,#3016,.T.);
#3016 = SURFACE_CURVE('',#3017,(#3022,#3029),.PCURVE_S1.);
#3017 = CIRCLE('',#3018,1.5);
#3018 = AXIS2_PLACEMENT_3D('',#3019,#3020,#3021);
#3019 = CARTESIAN_POINT('',(-2.,2.862609056759E-03,-0.4));
#3020 = DIRECTION('',(-0.,1.084202172486E-16,-1.));
#3021 = DIRECTION('',(0.,1.,1.084202172486E-16));
#3022 = PCURVE('',#189,#3023);
#3023 = DEFINITIONAL_REPRESENTATION('',(#3024),#3028);
#3024 = LINE('',#3025,#3026);
#3025 = CARTESIAN_POINT('',(0.,1.E-02));
#3026 = VECTOR('',#3027,1.);
#3027 = DIRECTION('',(1.,0.));
#3028 = ( GEOMETRIC_REPRESENTATION_CONTEXT(2) 
PARAMETRIC_REPRESENTATION_CONTEXT() REPRESENTATION_CONTEXT('2D SPACE',''
  ) );
#3029 = PCURVE('',#1075,#3030);
#3030 = DEFINITIONAL_REPRESENTATION('',(#3031),#3039);
#3031 = ( BOUNDED_CURVE() B_SPLINE_CURVE(2,(#3032,#3033,#3034,#3035,
#3036,#3037,#3038),.UNSPECIFIED.,.T.,.F.) B_SPLINE_CURVE_WITH_KNOTS((1,2
    ,2,2,2,1),(-2.094395102393,0.,2.094395102393,4.188790204786,
6.28318530718,8.377580409573),.UNSPECIFIED.) CURVE() 
GEOMETRIC_REPRESENTATION_ITEM() RATIONAL_B_SPLINE_CURVE((1.,0.5,1.,0.5,
1.,0.5,1.)) REPRESENTATION_ITEM('') );
#3032 = CARTESIAN_POINT('',(-1.102862609057,-1.5));
#3033 = CARTESIAN_POINT('',(-1.102862609057,1.098076211353));
#3034 = CARTESIAN_POINT('',(1.147137390943,-0.200961894323));
#3035 = CARTESIAN_POINT('',(3.397137390943,-1.5));
#3036 = CARTESIAN_POINT('',(1.147137390943,-2.799038105677));
#3037 = CARTESIAN_POINT('',(-1.102862609057,-4.098076211353));
#3038 = CARTESIAN_POINT('',(-1.102862609057,-1.5));
#3039 = ( GEOMETRIC_REPRESENTATION_CONTEXT(2) 
PARAMETRIC_REPRESENTATION_CONTEXT() REPRESENTATION_CONTEXT('2D SPACE',''
  ) );
#3040 = ADVANCED_FACE('',(#3041),#1441,.T.);
#3041 = FACE_BOUND('',#3042,.T.);
#3042 = EDGE_LOOP('',(#3043,#3044,#3064));
#3043 = ORIENTED_EDGE('',*,*,#1770,.T.);
#3044 = ORIENTED_EDGE('',*,*,#3045,.T.);
#3045 = EDGE_CURVE('',#1748,#1426,#3046,.T.);
#3046 = SURFACE_CURVE('',#3047,(#3052,#3058),.PCURVE_S1.);
#3047 = ( BOUNDED_CURVE() B_SPLINE_CURVE(3,(#3048,#3049,#3050,#3051),
.UNSPECIFIED.,.F.,.F.) B_SPLINE_CURVE_WITH_KNOTS((4,4),(4.97738808709,
4.978069795306),.PIECEWISE_BEZIER_KNOTS.) CURVE() 
GEOMETRIC_REPRESENTATION_ITEM() RATIONAL_B_SPLINE_CURVE((1.,
0.999999961273,0.999999961273,1.)) REPRESENTATION_ITEM('') );
#3048 = CARTESIAN_POINT('',(-0.552360897736,0.395725218114,-0.39));
#3049 = CARTESIAN_POINT('',(-0.552450170293,0.396054173943,
    -0.390328955829));
#3050 = CARTESIAN_POINT('',(-0.552539554972,0.396383099324,
    -0.390657881211));
#3051 = CARTESIAN_POINT('',(-0.552629051761,0.39671199422,
    -0.390986776106));
#3052 = PCURVE('',#1441,#3053);
#3053 = DEFINITIONAL_REPRESENTATION('',(#3054),#3057);
#3054 = B_SPLINE_CURVE_WITH_KNOTS('',1,(#3055,#3056),.UNSPECIFIED.,.F.,
  .F.,(2,2),(4.97738808709,4.978069795306),.PIECEWISE_BEZIER_KNOTS.);
#3055 = CARTESIAN_POINT('',(1.305797220089,4.107825191113E-15));
#3056 = CARTESIAN_POINT('',(1.305115511874,9.867761060651E-04));
#3057 = ( GEOMETRIC_REPRESENTATION_CONTEXT(2) 
PARAMETRIC_REPRESENTATION_CONTEXT() REPRESENTATION_CONTEXT('2D SPACE',''
  ) );
#3058 = PCURVE('',#124,#3059);
#3059 = DEFINITIONAL_REPRESENTATION('',(#3060),#3063);
#3060 = B_SPLINE_CURVE_WITH_KNOTS('',1,(#3061,#3062),.UNSPECIFIED.,.F.,
  .F.,(2,2),(4.97738808709,4.978069795306),.PIECEWISE_BEZIER_KNOTS.);
#3061 = CARTESIAN_POINT('',(1.835795433501,5.725218113518E-03));
#3062 = CARTESIAN_POINT('',(1.836477141716,6.711994219582E-03));
#3063 = ( GEOMETRIC_REPRESENTATION_CONTEXT(2) 
PARAMETRIC_REPRESENTATION_CONTEXT() REPRESENTATION_CONTEXT('2D SPACE',''
  ) );
#3064 = ORIENTED_EDGE('',*,*,#1425,.F.);
#3065 = ADVANCED_FACE('',(#3066),#1075,.F.);
#3066 = FACE_BOUND('',#3067,.T.);
#3067 = EDGE_LOOP('',(#3068,#3069,#3070,#3096));
#3068 = ORIENTED_EDGE('',*,*,#3015,.T.);
#3069 = ORIENTED_EDGE('',*,*,#1059,.T.);
#3070 = ORIENTED_EDGE('',*,*,#3071,.T.);
#3071 = EDGE_CURVE('',#1009,#1623,#3072,.T.);
#3072 = SURFACE_CURVE('',#3073,(#3077,#3084),.PCURVE_S1.);
#3073 = LINE('',#3074,#3075);
#3074 = CARTESIAN_POINT('',(-0.78,0.4,-0.4));
#3075 = VECTOR('',#3076,1.);
#3076 = DIRECTION('',(0.,1.,1.355252715607E-16));
#3077 = PCURVE('',#1075,#3078);
#3078 = DEFINITIONAL_REPRESENTATION('',(#3079),#3083);
#3079 = LINE('',#3080,#3081);
#3080 = CARTESIAN_POINT('',(-0.,-0.28));
#3081 = VECTOR('',#3082,1.);
#3082 = DIRECTION('',(-1.,0.));
#3083 = ( GEOMETRIC_REPRESENTATION_CONTEXT(2) 
PARAMETRIC_REPRESENTATION_CONTEXT() REPRESENTATION_CONTEXT('2D SPACE',''
  ) );
#3084 = PCURVE('',#3085,#3090);
#3085 = CYLINDRICAL_SURFACE('',#3086,2.E-02);
#3086 = AXIS2_PLACEMENT_3D('',#3087,#3088,#3089);
#3087 = CARTESIAN_POINT('',(-0.78,0.4,-0.38));
#3088 = DIRECTION('',(0.,-1.,-1.355252715607E-16));
#3089 = DIRECTION('',(0.,1.355252715607E-16,-1.));
#3090 = DEFINITIONAL_REPRESENTATION('',(#3091),#3095);
#3091 = LINE('',#3092,#3093);
#3092 = CARTESIAN_POINT('',(6.28318530718,0.));
#3093 = VECTOR('',#3094,1.);
#3094 = DIRECTION('',(0.,-1.));
#3095 = ( GEOMETRIC_REPRESENTATION_CONTEXT(2) 
PARAMETRIC_REPRESENTATION_CONTEXT() REPRESENTATION_CONTEXT('2D SPACE',''
  ) );
#3096 = ORIENTED_EDGE('',*,*,#1622,.T.);
#3097 = ADVANCED_FACE('',(#3098),#2294,.T.);
#3098 = FACE_BOUND('',#3099,.T.);
#3099 = EDGE_LOOP('',(#3100,#3124,#3145));
#3100 = ORIENTED_EDGE('',*,*,#3101,.F.);
#3101 = EDGE_CURVE('',#3102,#2205,#3104,.T.);
#3102 = VERTEX_POINT('',#3103);
#3103 = CARTESIAN_POINT('',(-0.550819320949,-0.39,0.384274781886));
#3104 = SURFACE_CURVE('',#3105,(#3110,#3117),.PCURVE_S1.);
#3105 = CIRCLE('',#3106,1.5);
#3106 = AXIS2_PLACEMENT_3D('',#3107,#3108,#3109);
#3107 = CARTESIAN_POINT('',(-2.,-0.39,-2.862609056757E-03));
#3108 = DIRECTION('',(0.,-1.,3.383061121595E-15));
#3109 = DIRECTION('',(0.,-3.383061121595E-15,-1.));
#3110 = PCURVE('',#2294,#3111);
#3111 = DEFINITIONAL_REPRESENTATION('',(#3112),#3116);
#3112 = CIRCLE('',#3113,1.5);
#3113 = AXIS2_PLACEMENT_2D('',#3114,#3115);
#3114 = CARTESIAN_POINT('',(0.392862609057,-1.25));
#3115 = DIRECTION('',(1.,0.));
#3116 = ( GEOMETRIC_REPRESENTATION_CONTEXT(2) 
PARAMETRIC_REPRESENTATION_CONTEXT() REPRESENTATION_CONTEXT('2D SPACE',''
  ) );
#3117 = PCURVE('',#463,#3118);
#3118 = DEFINITIONAL_REPRESENTATION('',(#3119),#3123);
#3119 = LINE('',#3120,#3121);
#3120 = CARTESIAN_POINT('',(0.,-1.133770717403E-14));
#3121 = VECTOR('',#3122,1.);
#3122 = DIRECTION('',(1.,6.158932838724E-15));
#3123 = ( GEOMETRIC_REPRESENTATION_CONTEXT(2) 
PARAMETRIC_REPRESENTATION_CONTEXT() REPRESENTATION_CONTEXT('2D SPACE',''
  ) );
#3124 = ORIENTED_EDGE('',*,*,#3125,.T.);
#3125 = EDGE_CURVE('',#3102,#2279,#3126,.T.);
#3126 = SURFACE_CURVE('',#3127,(#3131,#3138),.PCURVE_S1.);
#3127 = LINE('',#3128,#3129);
#3128 = CARTESIAN_POINT('',(-0.550819320949,-0.39,0.39));
#3129 = VECTOR('',#3130,1.);
#3130 = DIRECTION('',(-0.,-1.084202172486E-16,1.));
#3131 = PCURVE('',#2294,#3132);
#3132 = DEFINITIONAL_REPRESENTATION('',(#3133),#3137);
#3133 = LINE('',#3134,#3135);
#3134 = CARTESIAN_POINT('',(-1.110223024625E-15,0.199180679051));
#3135 = VECTOR('',#3136,1.);
#3136 = DIRECTION('',(-1.,0.));
#3137 = ( GEOMETRIC_REPRESENTATION_CONTEXT(2) 
PARAMETRIC_REPRESENTATION_CONTEXT() REPRESENTATION_CONTEXT('2D SPACE',''
  ) );
#3138 = PCURVE('',#610,#3139);
#3139 = DEFINITIONAL_REPRESENTATION('',(#3140),#3144);
#3140 = LINE('',#3141,#3142);
#3141 = CARTESIAN_POINT('',(1.309749975933,1.33226762955E-15));
#3142 = VECTOR('',#3143,1.);
#3143 = DIRECTION('',(0.,1.));
#3144 = ( GEOMETRIC_REPRESENTATION_CONTEXT(2) 
PARAMETRIC_REPRESENTATION_CONTEXT() REPRESENTATION_CONTEXT('2D SPACE',''
  ) );
#3145 = ORIENTED_EDGE('',*,*,#2278,.F.);
#3146 = ADVANCED_FACE('',(#3147),#2645,.T.);
#3147 = FACE_BOUND('',#3148,.T.);
#3148 = EDGE_LOOP('',(#3149,#3173,#3194));
#3149 = ORIENTED_EDGE('',*,*,#3150,.F.);
#3150 = EDGE_CURVE('',#3151,#2556,#3153,.T.);
#3151 = VERTEX_POINT('',#3152);
#3152 = CARTESIAN_POINT('',(-0.550819320949,0.384274781886,0.39));
#3153 = SURFACE_CURVE('',#3154,(#3159,#3166),.PCURVE_S1.);
#3154 = CIRCLE('',#3155,1.5);
#3155 = AXIS2_PLACEMENT_3D('',#3156,#3157,#3158);
#3156 = CARTESIAN_POINT('',(-2.,-2.862609056759E-03,0.39));
#3157 = DIRECTION('',(0.,-1.084202172486E-16,1.));
#3158 = DIRECTION('',(0.,-1.,-1.084202172486E-16));
#3159 = PCURVE('',#2645,#3160);
#3160 = DEFINITIONAL_REPRESENTATION('',(#3161),#3165);
#3161 = CIRCLE('',#3162,1.5);
#3162 = AXIS2_PLACEMENT_2D('',#3163,#3164);
#3163 = CARTESIAN_POINT('',(0.392862609057,-1.25));
#3164 = DIRECTION('',(1.,0.));
#3165 = ( GEOMETRIC_REPRESENTATION_CONTEXT(2) 
PARAMETRIC_REPRESENTATION_CONTEXT() REPRESENTATION_CONTEXT('2D SPACE',''
  ) );
#3166 = PCURVE('',#610,#3167);
#3167 = DEFINITIONAL_REPRESENTATION('',(#3168),#3172);
#3168 = LINE('',#3169,#3170);
#3169 = CARTESIAN_POINT('',(0.,0.));
#3170 = VECTOR('',#3171,1.);
#3171 = DIRECTION('',(1.,0.));
#3172 = ( GEOMETRIC_REPRESENTATION_CONTEXT(2) 
PARAMETRIC_REPRESENTATION_CONTEXT() REPRESENTATION_CONTEXT('2D SPACE',''
  ) );
#3173 = ORIENTED_EDGE('',*,*,#3174,.T.);
#3174 = EDGE_CURVE('',#3151,#2630,#3175,.T.);
#3175 = SURFACE_CURVE('',#3176,(#3180,#3187),.PCURVE_S1.);
#3176 = LINE('',#3177,#3178);
#3177 = CARTESIAN_POINT('',(-0.550819320949,0.39,0.39));
#3178 = VECTOR('',#3179,1.);
#3179 = DIRECTION('',(-0.,1.,-1.036602379928E-14));
#3180 = PCURVE('',#2645,#3181);
#3181 = DEFINITIONAL_REPRESENTATION('',(#3182),#3186);
#3182 = LINE('',#3183,#3184);
#3183 = CARTESIAN_POINT('',(0.,0.199180679051));
#3184 = VECTOR('',#3185,1.);
#3185 = DIRECTION('',(-1.,0.));
#3186 = ( GEOMETRIC_REPRESENTATION_CONTEXT(2) 
PARAMETRIC_REPRESENTATION_CONTEXT() REPRESENTATION_CONTEXT('2D SPACE',''
  ) );
#3187 = PCURVE('',#124,#3188);
#3188 = DEFINITIONAL_REPRESENTATION('',(#3189),#3193);
#3189 = LINE('',#3190,#3191);
#3190 = CARTESIAN_POINT('',(1.309749975933,-4.052314039882E-15));
#3191 = VECTOR('',#3192,1.);
#3192 = DIRECTION('',(0.,1.));
#3193 = ( GEOMETRIC_REPRESENTATION_CONTEXT(2) 
PARAMETRIC_REPRESENTATION_CONTEXT() REPRESENTATION_CONTEXT('2D SPACE',''
  ) );
#3194 = ORIENTED_EDGE('',*,*,#2629,.F.);
#3195 = ADVANCED_FACE('',(#3196),#1539,.T.);
#3196 = FACE_BOUND('',#3197,.T.);
#3197 = EDGE_LOOP('',(#3198,#3220,#3221));
#3198 = ORIENTED_EDGE('',*,*,#3199,.F.);
#3199 = EDGE_CURVE('',#2781,#1453,#3200,.T.);
#3200 = SURFACE_CURVE('',#3201,(#3206,#3213),.PCURVE_S1.);
#3201 = CIRCLE('',#3202,1.5);
#3202 = AXIS2_PLACEMENT_3D('',#3203,#3204,#3205);
#3203 = CARTESIAN_POINT('',(-2.,0.39,2.862609056754E-03));
#3204 = DIRECTION('',(-0.,1.,-1.036602379928E-14));
#3205 = DIRECTION('',(0.,1.036602379928E-14,1.));
#3206 = PCURVE('',#1539,#3207);
#3207 = DEFINITIONAL_REPRESENTATION('',(#3208),#3212);
#3208 = CIRCLE('',#3209,1.5);
#3209 = AXIS2_PLACEMENT_2D('',#3210,#3211);
#3210 = CARTESIAN_POINT('',(-0.387137390943,-1.25));
#3211 = DIRECTION('',(1.,0.));
#3212 = ( GEOMETRIC_REPRESENTATION_CONTEXT(2) 
PARAMETRIC_REPRESENTATION_CONTEXT() REPRESENTATION_CONTEXT('2D SPACE',''
  ) );
#3213 = PCURVE('',#124,#3214);
#3214 = DEFINITIONAL_REPRESENTATION('',(#3215),#3219);
#3215 = LINE('',#3216,#3217);
#3216 = CARTESIAN_POINT('',(0.,1.133770717403E-14));
#3217 = VECTOR('',#3218,1.);
#3218 = DIRECTION('',(1.,-6.158932838725E-15));
#3219 = ( GEOMETRIC_REPRESENTATION_CONTEXT(2) 
PARAMETRIC_REPRESENTATION_CONTEXT() REPRESENTATION_CONTEXT('2D SPACE',''
  ) );
#3220 = ORIENTED_EDGE('',*,*,#2780,.F.);
#3221 = ORIENTED_EDGE('',*,*,#1523,.F.);
#3222 = ADVANCED_FACE('',(#3223),#3238,.T.);
#3223 = FACE_BOUND('',#3224,.T.);
#3224 = EDGE_LOOP('',(#3225,#3260,#3283,#3311));
#3225 = ORIENTED_EDGE('',*,*,#3226,.F.);
#3226 = EDGE_CURVE('',#3227,#3229,#3231,.T.);
#3227 = VERTEX_POINT('',#3228);
#3228 = CARTESIAN_POINT('',(0.548184795385,-0.4,-0.38));
#3229 = VERTEX_POINT('',#3230);
#3230 = CARTESIAN_POINT('',(0.549684095589,-0.4,0.38));
#3231 = SURFACE_CURVE('',#3232,(#3237,#3253),.PCURVE_S1.);
#3232 = CIRCLE('',#3233,1.5);
#3233 = AXIS2_PLACEMENT_3D('',#3234,#3235,#3236);
#3234 = CARTESIAN_POINT('',(2.,-0.4,-2.862609056757E-03));
#3235 = DIRECTION('',(0.,1.,-3.383061121595E-15));
#3236 = DIRECTION('',(0.,-3.383061121595E-15,-1.));
#3237 = PCURVE('',#3238,#3243);
#3238 = PLANE('',#3239);
#3239 = AXIS2_PLACEMENT_3D('',#3240,#3241,#3242);
#3240 = CARTESIAN_POINT('',(0.5,-0.4,0.4));
#3241 = DIRECTION('',(0.,-1.,0.));
#3242 = DIRECTION('',(0.,-0.,-1.));
#3243 = DEFINITIONAL_REPRESENTATION('',(#3244),#3252);
#3244 = ( BOUNDED_CURVE() B_SPLINE_CURVE(2,(#3245,#3246,#3247,#3248,
#3249,#3250,#3251),.UNSPECIFIED.,.T.,.F.) B_SPLINE_CURVE_WITH_KNOTS((1,2
    ,2,2,2,1),(-2.094395102393,0.,2.094395102393,4.188790204786,
6.28318530718,8.377580409573),.UNSPECIFIED.) CURVE() 
GEOMETRIC_REPRESENTATION_ITEM() RATIONAL_B_SPLINE_CURVE((1.,0.5,1.,0.5,
1.,0.5,1.)) REPRESENTATION_ITEM('') );
#3245 = CARTESIAN_POINT('',(1.902862609057,1.5));
#3246 = CARTESIAN_POINT('',(1.902862609057,-1.098076211353));
#3247 = CARTESIAN_POINT('',(-0.347137390943,0.200961894323));
#3248 = CARTESIAN_POINT('',(-2.597137390943,1.5));
#3249 = CARTESIAN_POINT('',(-0.347137390943,2.799038105677));
#3250 = CARTESIAN_POINT('',(1.902862609057,4.098076211353));
#3251 = CARTESIAN_POINT('',(1.902862609057,1.5));
#3252 = ( GEOMETRIC_REPRESENTATION_CONTEXT(2) 
PARAMETRIC_REPRESENTATION_CONTEXT() REPRESENTATION_CONTEXT('2D SPACE',''
  ) );
#3253 = PCURVE('',#342,#3254);
#3254 = DEFINITIONAL_REPRESENTATION('',(#3255),#3259);
#3255 = LINE('',#3256,#3257);
#3256 = CARTESIAN_POINT('',(6.28318530718,1.E-02));
#3257 = VECTOR('',#3258,1.);
#3258 = DIRECTION('',(-1.,0.));
#3259 = ( GEOMETRIC_REPRESENTATION_CONTEXT(2) 
PARAMETRIC_REPRESENTATION_CONTEXT() REPRESENTATION_CONTEXT('2D SPACE',''
  ) );
#3260 = ORIENTED_EDGE('',*,*,#3261,.T.);
#3261 = EDGE_CURVE('',#3227,#3262,#3264,.T.);
#3262 = VERTEX_POINT('',#3263);
#3263 = CARTESIAN_POINT('',(0.78,-0.4,-0.38));
#3264 = SURFACE_CURVE('',#3265,(#3269,#3276),.PCURVE_S1.);
#3265 = LINE('',#3266,#3267);
#3266 = CARTESIAN_POINT('',(0.5,-0.4,-0.38));
#3267 = VECTOR('',#3268,1.);
#3268 = DIRECTION('',(1.,0.,0.));
#3269 = PCURVE('',#3238,#3270);
#3270 = DEFINITIONAL_REPRESENTATION('',(#3271),#3275);
#3271 = LINE('',#3272,#3273);
#3272 = CARTESIAN_POINT('',(0.78,0.));
#3273 = VECTOR('',#3274,1.);
#3274 = DIRECTION('',(0.,1.));
#3275 = ( GEOMETRIC_REPRESENTATION_CONTEXT(2) 
PARAMETRIC_REPRESENTATION_CONTEXT() REPRESENTATION_CONTEXT('2D SPACE',''
  ) );
#3276 = PCURVE('',#856,#3277);
#3277 = DEFINITIONAL_REPRESENTATION('',(#3278),#3282);
#3278 = LINE('',#3279,#3280);
#3279 = CARTESIAN_POINT('',(4.712388980385,0.));
#3280 = VECTOR('',#3281,1.);
#3281 = DIRECTION('',(0.,1.));
#3282 = ( GEOMETRIC_REPRESENTATION_CONTEXT(2) 
PARAMETRIC_REPRESENTATION_CONTEXT() REPRESENTATION_CONTEXT('2D SPACE',''
  ) );
#3283 = ORIENTED_EDGE('',*,*,#3284,.T.);
#3284 = EDGE_CURVE('',#3262,#3285,#3287,.T.);
#3285 = VERTEX_POINT('',#3286);
#3286 = CARTESIAN_POINT('',(0.78,-0.4,0.38));
#3287 = SURFACE_CURVE('',#3288,(#3292,#3299),.PCURVE_S1.);
#3288 = LINE('',#3289,#3290);
#3289 = CARTESIAN_POINT('',(0.78,-0.4,0.4));
#3290 = VECTOR('',#3291,1.);
#3291 = DIRECTION('',(-0.,-0.,1.));
#3292 = PCURVE('',#3238,#3293);
#3293 = DEFINITIONAL_REPRESENTATION('',(#3294),#3298);
#3294 = LINE('',#3295,#3296);
#3295 = CARTESIAN_POINT('',(0.,0.28));
#3296 = VECTOR('',#3297,1.);
#3297 = DIRECTION('',(-1.,0.));
#3298 = ( GEOMETRIC_REPRESENTATION_CONTEXT(2) 
PARAMETRIC_REPRESENTATION_CONTEXT() REPRESENTATION_CONTEXT('2D SPACE',''
  ) );
#3299 = PCURVE('',#3300,#3305);
#3300 = CYLINDRICAL_SURFACE('',#3301,2.E-02);
#3301 = AXIS2_PLACEMENT_3D('',#3302,#3303,#3304);
#3302 = CARTESIAN_POINT('',(0.78,-0.38,0.));
#3303 = DIRECTION('',(0.,0.,-1.));
#3304 = DIRECTION('',(-1.,0.,0.));
#3305 = DEFINITIONAL_REPRESENTATION('',(#3306),#3310);
#3306 = LINE('',#3307,#3308);
#3307 = CARTESIAN_POINT('',(4.712388980385,-0.4));
#3308 = VECTOR('',#3309,1.);
#3309 = DIRECTION('',(0.,-1.));
#3310 = ( GEOMETRIC_REPRESENTATION_CONTEXT(2) 
PARAMETRIC_REPRESENTATION_CONTEXT() REPRESENTATION_CONTEXT('2D SPACE',''
  ) );
#3311 = ORIENTED_EDGE('',*,*,#3312,.T.);
#3312 = EDGE_CURVE('',#3285,#3229,#3313,.T.);
#3313 = SURFACE_CURVE('',#3314,(#3318,#3325),.PCURVE_S1.);
#3314 = LINE('',#3315,#3316);
#3315 = CARTESIAN_POINT('',(0.5,-0.4,0.38));
#3316 = VECTOR('',#3317,1.);
#3317 = DIRECTION('',(-1.,-0.,-0.));
#3318 = PCURVE('',#3238,#3319);
#3319 = DEFINITIONAL_REPRESENTATION('',(#3320),#3324);
#3320 = LINE('',#3321,#3322);
#3321 = CARTESIAN_POINT('',(2.E-02,0.));
#3322 = VECTOR('',#3323,1.);
#3323 = DIRECTION('',(0.,-1.));
#3324 = ( GEOMETRIC_REPRESENTATION_CONTEXT(2) 
PARAMETRIC_REPRESENTATION_CONTEXT() REPRESENTATION_CONTEXT('2D SPACE',''
  ) );
#3325 = PCURVE('',#368,#3326);
#3326 = DEFINITIONAL_REPRESENTATION('',(#3327),#3331);
#3327 = LINE('',#3328,#3329);
#3328 = CARTESIAN_POINT('',(4.712388980385,0.));
#3329 = VECTOR('',#3330,1.);
#3330 = DIRECTION('',(0.,-1.));
#3331 = ( GEOMETRIC_REPRESENTATION_CONTEXT(2) 
PARAMETRIC_REPRESENTATION_CONTEXT() REPRESENTATION_CONTEXT('2D SPACE',''
  ) );
#3332 = ADVANCED_FACE('',(#3333),#3348,.T.);
#3333 = FACE_BOUND('',#3334,.T.);
#3334 = EDGE_LOOP('',(#3335,#3370,#3393,#3421));
#3335 = ORIENTED_EDGE('',*,*,#3336,.F.);
#3336 = EDGE_CURVE('',#3337,#3339,#3341,.T.);
#3337 = VERTEX_POINT('',#3338);
#3338 = CARTESIAN_POINT('',(0.548184795385,-0.38,0.4));
#3339 = VERTEX_POINT('',#3340);
#3340 = CARTESIAN_POINT('',(0.549684095589,0.38,0.4));
#3341 = SURFACE_CURVE('',#3342,(#3347,#3363),.PCURVE_S1.);
#3342 = CIRCLE('',#3343,1.5);
#3343 = AXIS2_PLACEMENT_3D('',#3344,#3345,#3346);
#3344 = CARTESIAN_POINT('',(2.,-2.862609056759E-03,0.4));
#3345 = DIRECTION('',(0.,1.084202172486E-16,-1.));
#3346 = DIRECTION('',(0.,-1.,-1.084202172486E-16));
#3347 = PCURVE('',#3348,#3353);
#3348 = PLANE('',#3349);
#3349 = AXIS2_PLACEMENT_3D('',#3350,#3351,#3352);
#3350 = CARTESIAN_POINT('',(0.5,0.4,0.4));
#3351 = DIRECTION('',(0.,-1.355252715607E-16,1.));
#3352 = DIRECTION('',(0.,-1.,-1.355252715607E-16));
#3353 = DEFINITIONAL_REPRESENTATION('',(#3354),#3362);
#3354 = ( BOUNDED_CURVE() B_SPLINE_CURVE(2,(#3355,#3356,#3357,#3358,
#3359,#3360,#3361),.UNSPECIFIED.,.T.,.F.) B_SPLINE_CURVE_WITH_KNOTS((1,2
    ,2,2,2,1),(-2.094395102393,0.,2.094395102393,4.188790204786,
6.28318530718,8.377580409573),.UNSPECIFIED.) CURVE() 
GEOMETRIC_REPRESENTATION_ITEM() RATIONAL_B_SPLINE_CURVE((1.,0.5,1.,0.5,
1.,0.5,1.)) REPRESENTATION_ITEM('') );
#3355 = CARTESIAN_POINT('',(1.902862609057,1.5));
#3356 = CARTESIAN_POINT('',(1.902862609057,-1.098076211353));
#3357 = CARTESIAN_POINT('',(-0.347137390943,0.200961894323));
#3358 = CARTESIAN_POINT('',(-2.597137390943,1.5));
#3359 = CARTESIAN_POINT('',(-0.347137390943,2.799038105677));
#3360 = CARTESIAN_POINT('',(1.902862609057,4.098076211353));
#3361 = CARTESIAN_POINT('',(1.902862609057,1.5));
#3362 = ( GEOMETRIC_REPRESENTATION_CONTEXT(2) 
PARAMETRIC_REPRESENTATION_CONTEXT() REPRESENTATION_CONTEXT('2D SPACE',''
  ) );
#3363 = PCURVE('',#309,#3364);
#3364 = DEFINITIONAL_REPRESENTATION('',(#3365),#3369);
#3365 = LINE('',#3366,#3367);
#3366 = CARTESIAN_POINT('',(6.28318530718,1.E-02));
#3367 = VECTOR('',#3368,1.);
#3368 = DIRECTION('',(-1.,0.));
#3369 = ( GEOMETRIC_REPRESENTATION_CONTEXT(2) 
PARAMETRIC_REPRESENTATION_CONTEXT() REPRESENTATION_CONTEXT('2D SPACE',''
  ) );
#3370 = ORIENTED_EDGE('',*,*,#3371,.T.);
#3371 = EDGE_CURVE('',#3337,#3372,#3374,.T.);
#3372 = VERTEX_POINT('',#3373);
#3373 = CARTESIAN_POINT('',(0.78,-0.38,0.4));
#3374 = SURFACE_CURVE('',#3375,(#3379,#3386),.PCURVE_S1.);
#3375 = LINE('',#3376,#3377);
#3376 = CARTESIAN_POINT('',(0.5,-0.38,0.4));
#3377 = VECTOR('',#3378,1.);
#3378 = DIRECTION('',(1.,0.,0.));
#3379 = PCURVE('',#3348,#3380);
#3380 = DEFINITIONAL_REPRESENTATION('',(#3381),#3385);
#3381 = LINE('',#3382,#3383);
#3382 = CARTESIAN_POINT('',(0.78,0.));
#3383 = VECTOR('',#3384,1.);
#3384 = DIRECTION('',(0.,1.));
#3385 = ( GEOMETRIC_REPRESENTATION_CONTEXT(2) 
PARAMETRIC_REPRESENTATION_CONTEXT() REPRESENTATION_CONTEXT('2D SPACE',''
  ) );
#3386 = PCURVE('',#368,#3387);
#3387 = DEFINITIONAL_REPRESENTATION('',(#3388),#3392);
#3388 = LINE('',#3389,#3390);
#3389 = CARTESIAN_POINT('',(3.14159265359,0.));
#3390 = VECTOR('',#3391,1.);
#3391 = DIRECTION('',(0.,1.));
#3392 = ( GEOMETRIC_REPRESENTATION_CONTEXT(2) 
PARAMETRIC_REPRESENTATION_CONTEXT() REPRESENTATION_CONTEXT('2D SPACE',''
  ) );
#3393 = ORIENTED_EDGE('',*,*,#3394,.T.);
#3394 = EDGE_CURVE('',#3372,#3395,#3397,.T.);
#3395 = VERTEX_POINT('',#3396);
#3396 = CARTESIAN_POINT('',(0.78,0.38,0.4));
#3397 = SURFACE_CURVE('',#3398,(#3402,#3409),.PCURVE_S1.);
#3398 = LINE('',#3399,#3400);
#3399 = CARTESIAN_POINT('',(0.78,0.4,0.4));
#3400 = VECTOR('',#3401,1.);
#3401 = DIRECTION('',(-0.,1.,1.355252715607E-16));
#3402 = PCURVE('',#3348,#3403);
#3403 = DEFINITIONAL_REPRESENTATION('',(#3404),#3408);
#3404 = LINE('',#3405,#3406);
#3405 = CARTESIAN_POINT('',(0.,0.28));
#3406 = VECTOR('',#3407,1.);
#3407 = DIRECTION('',(-1.,0.));
#3408 = ( GEOMETRIC_REPRESENTATION_CONTEXT(2) 
PARAMETRIC_REPRESENTATION_CONTEXT() REPRESENTATION_CONTEXT('2D SPACE',''
  ) );
#3409 = PCURVE('',#3410,#3415);
#3410 = CYLINDRICAL_SURFACE('',#3411,2.E-02);
#3411 = AXIS2_PLACEMENT_3D('',#3412,#3413,#3414);
#3412 = CARTESIAN_POINT('',(0.78,-5.149960319306E-17,0.38));
#3413 = DIRECTION('',(0.,-1.,-1.355252715607E-16));
#3414 = DIRECTION('',(0.,1.355252715607E-16,-1.));
#3415 = DEFINITIONAL_REPRESENTATION('',(#3416),#3420);
#3416 = LINE('',#3417,#3418);
#3417 = CARTESIAN_POINT('',(3.14159265359,-0.4));
#3418 = VECTOR('',#3419,1.);
#3419 = DIRECTION('',(0.,-1.));
#3420 = ( GEOMETRIC_REPRESENTATION_CONTEXT(2) 
PARAMETRIC_REPRESENTATION_CONTEXT() REPRESENTATION_CONTEXT('2D SPACE',''
  ) );
#3421 = ORIENTED_EDGE('',*,*,#3422,.T.);
#3422 = EDGE_CURVE('',#3395,#3339,#3423,.T.);
#3423 = SURFACE_CURVE('',#3424,(#3428,#3435),.PCURVE_S1.);
#3424 = LINE('',#3425,#3426);
#3425 = CARTESIAN_POINT('',(0.5,0.38,0.4));
#3426 = VECTOR('',#3427,1.);
#3427 = DIRECTION('',(-1.,-0.,-0.));
#3428 = PCURVE('',#3348,#3429);
#3429 = DEFINITIONAL_REPRESENTATION('',(#3430),#3434);
#3430 = LINE('',#3431,#3432);
#3431 = CARTESIAN_POINT('',(2.E-02,0.));
#3432 = VECTOR('',#3433,1.);
#3433 = DIRECTION('',(0.,-1.));
#3434 = ( GEOMETRIC_REPRESENTATION_CONTEXT(2) 
PARAMETRIC_REPRESENTATION_CONTEXT() REPRESENTATION_CONTEXT('2D SPACE',''
  ) );
#3435 = PCURVE('',#571,#3436);
#3436 = DEFINITIONAL_REPRESENTATION('',(#3437),#3441);
#3437 = LINE('',#3438,#3439);
#3438 = CARTESIAN_POINT('',(3.14159265359,0.));
#3439 = VECTOR('',#3440,1.);
#3440 = DIRECTION('',(0.,-1.));
#3441 = ( GEOMETRIC_REPRESENTATION_CONTEXT(2) 
PARAMETRIC_REPRESENTATION_CONTEXT() REPRESENTATION_CONTEXT('2D SPACE',''
  ) );
#3442 = ADVANCED_FACE('',(#3443),#3458,.T.);
#3443 = FACE_BOUND('',#3444,.T.);
#3444 = EDGE_LOOP('',(#3445,#3480,#3503,#3531));
#3445 = ORIENTED_EDGE('',*,*,#3446,.F.);
#3446 = EDGE_CURVE('',#3447,#3449,#3451,.T.);
#3447 = VERTEX_POINT('',#3448);
#3448 = CARTESIAN_POINT('',(0.548184795385,0.4,0.38));
#3449 = VERTEX_POINT('',#3450);
#3450 = CARTESIAN_POINT('',(0.549684095589,0.4,-0.38));
#3451 = SURFACE_CURVE('',#3452,(#3457,#3473),.PCURVE_S1.);
#3452 = CIRCLE('',#3453,1.5);
#3453 = AXIS2_PLACEMENT_3D('',#3454,#3455,#3456);
#3454 = CARTESIAN_POINT('',(2.,0.4,2.862609056754E-03));
#3455 = DIRECTION('',(0.,-1.,1.036602379928E-14));
#3456 = DIRECTION('',(0.,1.036602379928E-14,1.));
#3457 = PCURVE('',#3458,#3463);
#3458 = PLANE('',#3459);
#3459 = AXIS2_PLACEMENT_3D('',#3460,#3461,#3462);
#3460 = CARTESIAN_POINT('',(0.5,0.4,0.4));
#3461 = DIRECTION('',(-0.,1.,0.));
#3462 = DIRECTION('',(0.,0.,1.));
#3463 = DEFINITIONAL_REPRESENTATION('',(#3464),#3472);
#3464 = ( BOUNDED_CURVE() B_SPLINE_CURVE(2,(#3465,#3466,#3467,#3468,
#3469,#3470,#3471),.UNSPECIFIED.,.T.,.F.) B_SPLINE_CURVE_WITH_KNOTS((1,2
    ,2,2,2,1),(-2.094395102393,0.,2.094395102393,4.188790204786,
6.28318530718,8.377580409573),.UNSPECIFIED.) CURVE() 
GEOMETRIC_REPRESENTATION_ITEM() RATIONAL_B_SPLINE_CURVE((1.,0.5,1.,0.5,
1.,0.5,1.)) REPRESENTATION_ITEM('') );
#3465 = CARTESIAN_POINT('',(1.102862609057,1.5));
#3466 = CARTESIAN_POINT('',(1.102862609057,-1.098076211353));
#3467 = CARTESIAN_POINT('',(-1.147137390943,0.200961894323));
#3468 = CARTESIAN_POINT('',(-3.397137390943,1.5));
#3469 = CARTESIAN_POINT('',(-1.147137390943,2.799038105677));
#3470 = CARTESIAN_POINT('',(1.102862609057,4.098076211353));
#3471 = CARTESIAN_POINT('',(1.102862609057,1.5));
#3472 = ( GEOMETRIC_REPRESENTATION_CONTEXT(2) 
PARAMETRIC_REPRESENTATION_CONTEXT() REPRESENTATION_CONTEXT('2D SPACE',''
  ) );
#3473 = PCURVE('',#67,#3474);
#3474 = DEFINITIONAL_REPRESENTATION('',(#3475),#3479);
#3475 = LINE('',#3476,#3477);
#3476 = CARTESIAN_POINT('',(6.28318530718,1.E-02));
#3477 = VECTOR('',#3478,1.);
#3478 = DIRECTION('',(-1.,1.083673226369E-16));
#3479 = ( GEOMETRIC_REPRESENTATION_CONTEXT(2) 
PARAMETRIC_REPRESENTATION_CONTEXT() REPRESENTATION_CONTEXT('2D SPACE',''
  ) );
#3480 = ORIENTED_EDGE('',*,*,#3481,.T.);
#3481 = EDGE_CURVE('',#3447,#3482,#3484,.T.);
#3482 = VERTEX_POINT('',#3483);
#3483 = CARTESIAN_POINT('',(0.78,0.4,0.38));
#3484 = SURFACE_CURVE('',#3485,(#3489,#3496),.PCURVE_S1.);
#3485 = LINE('',#3486,#3487);
#3486 = CARTESIAN_POINT('',(0.5,0.4,0.38));
#3487 = VECTOR('',#3488,1.);
#3488 = DIRECTION('',(1.,0.,0.));
#3489 = PCURVE('',#3458,#3490);
#3490 = DEFINITIONAL_REPRESENTATION('',(#3491),#3495);
#3491 = LINE('',#3492,#3493);
#3492 = CARTESIAN_POINT('',(-2.E-02,0.));
#3493 = VECTOR('',#3494,1.);
#3494 = DIRECTION('',(0.,1.));
#3495 = ( GEOMETRIC_REPRESENTATION_CONTEXT(2) 
PARAMETRIC_REPRESENTATION_CONTEXT() REPRESENTATION_CONTEXT('2D SPACE',''
  ) );
#3496 = PCURVE('',#571,#3497);
#3497 = DEFINITIONAL_REPRESENTATION('',(#3498),#3502);
#3498 = LINE('',#3499,#3500);
#3499 = CARTESIAN_POINT('',(1.570796326795,0.));
#3500 = VECTOR('',#3501,1.);
#3501 = DIRECTION('',(0.,1.));
#3502 = ( GEOMETRIC_REPRESENTATION_CONTEXT(2) 
PARAMETRIC_REPRESENTATION_CONTEXT() REPRESENTATION_CONTEXT('2D SPACE',''
  ) );
#3503 = ORIENTED_EDGE('',*,*,#3504,.T.);
#3504 = EDGE_CURVE('',#3482,#3505,#3507,.T.);
#3505 = VERTEX_POINT('',#3506);
#3506 = CARTESIAN_POINT('',(0.78,0.4,-0.38));
#3507 = SURFACE_CURVE('',#3508,(#3512,#3519),.PCURVE_S1.);
#3508 = LINE('',#3509,#3510);
#3509 = CARTESIAN_POINT('',(0.78,0.4,0.4));
#3510 = VECTOR('',#3511,1.);
#3511 = DIRECTION('',(-0.,-0.,-1.));
#3512 = PCURVE('',#3458,#3513);
#3513 = DEFINITIONAL_REPRESENTATION('',(#3514),#3518);
#3514 = LINE('',#3515,#3516);
#3515 = CARTESIAN_POINT('',(0.,0.28));
#3516 = VECTOR('',#3517,1.);
#3517 = DIRECTION('',(-1.,0.));
#3518 = ( GEOMETRIC_REPRESENTATION_CONTEXT(2) 
PARAMETRIC_REPRESENTATION_CONTEXT() REPRESENTATION_CONTEXT('2D SPACE',''
  ) );
#3519 = PCURVE('',#3520,#3525);
#3520 = CYLINDRICAL_SURFACE('',#3521,2.E-02);
#3521 = AXIS2_PLACEMENT_3D('',#3522,#3523,#3524);
#3522 = CARTESIAN_POINT('',(0.78,0.38,0.));
#3523 = DIRECTION('',(0.,-0.,1.));
#3524 = DIRECTION('',(1.,0.,0.));
#3525 = DEFINITIONAL_REPRESENTATION('',(#3526),#3530);
#3526 = LINE('',#3527,#3528);
#3527 = CARTESIAN_POINT('',(1.570796326795,0.4));
#3528 = VECTOR('',#3529,1.);
#3529 = DIRECTION('',(0.,-1.));
#3530 = ( GEOMETRIC_REPRESENTATION_CONTEXT(2) 
PARAMETRIC_REPRESENTATION_CONTEXT() REPRESENTATION_CONTEXT('2D SPACE',''
  ) );
#3531 = ORIENTED_EDGE('',*,*,#3532,.T.);
#3532 = EDGE_CURVE('',#3505,#3449,#3533,.T.);
#3533 = SURFACE_CURVE('',#3534,(#3538,#3545),.PCURVE_S1.);
#3534 = LINE('',#3535,#3536);
#3535 = CARTESIAN_POINT('',(0.5,0.4,-0.38));
#3536 = VECTOR('',#3537,1.);
#3537 = DIRECTION('',(-1.,-0.,-0.));
#3538 = PCURVE('',#3458,#3539);
#3539 = DEFINITIONAL_REPRESENTATION('',(#3540),#3544);
#3540 = LINE('',#3541,#3542);
#3541 = CARTESIAN_POINT('',(-0.78,0.));
#3542 = VECTOR('',#3543,1.);
#3543 = DIRECTION('',(-0.,-1.));
#3544 = ( GEOMETRIC_REPRESENTATION_CONTEXT(2) 
PARAMETRIC_REPRESENTATION_CONTEXT() REPRESENTATION_CONTEXT('2D SPACE',''
  ) );
#3545 = PCURVE('',#769,#3546);
#3546 = DEFINITIONAL_REPRESENTATION('',(#3547),#3551);
#3547 = LINE('',#3548,#3549);
#3548 = CARTESIAN_POINT('',(1.570796326795,0.));
#3549 = VECTOR('',#3550,1.);
#3550 = DIRECTION('',(0.,-1.));
#3551 = ( GEOMETRIC_REPRESENTATION_CONTEXT(2) 
PARAMETRIC_REPRESENTATION_CONTEXT() REPRESENTATION_CONTEXT('2D SPACE',''
  ) );
#3552 = ADVANCED_FACE('',(#3553),#245,.T.);
#3553 = FACE_BOUND('',#3554,.T.);
#3554 = EDGE_LOOP('',(#3555,#3585,#3612,#3681,#3682,#3704,#3750,#3751,
    #3828,#3848,#3849,#3920,#3953));
#3555 = ORIENTED_EDGE('',*,*,#3556,.F.);
#3556 = EDGE_CURVE('',#3557,#3559,#3561,.T.);
#3557 = VERTEX_POINT('',#3558);
#3558 = CARTESIAN_POINT('',(0.552360897736,-0.39,-0.395725218114));
#3559 = VERTEX_POINT('',#3560);
#3560 = CARTESIAN_POINT('',(0.552360897736,-0.39,-0.397320508076));
#3561 = SURFACE_CURVE('',#3562,(#3566,#3573),.PCURVE_S1.);
#3562 = LINE('',#3563,#3564);
#3563 = CARTESIAN_POINT('',(0.552360897736,-0.39,-0.39));
#3564 = VECTOR('',#3565,1.);
#3565 = DIRECTION('',(-0.,1.084202172486E-16,-1.));
#3566 = PCURVE('',#245,#3567);
#3567 = DEFINITIONAL_REPRESENTATION('',(#3568),#3572);
#3568 = LINE('',#3569,#3570);
#3569 = CARTESIAN_POINT('',(4.447389873679,-1.443289932013E-15));
#3570 = VECTOR('',#3571,1.);
#3571 = DIRECTION('',(0.,1.));
#3572 = ( GEOMETRIC_REPRESENTATION_CONTEXT(2) 
PARAMETRIC_REPRESENTATION_CONTEXT() REPRESENTATION_CONTEXT('2D SPACE',''
  ) );
#3573 = PCURVE('',#3574,#3579);
#3574 = PLANE('',#3575);
#3575 = AXIS2_PLACEMENT_3D('',#3576,#3577,#3578);
#3576 = CARTESIAN_POINT('',(2.,-0.39,-2.862609056757E-03));
#3577 = DIRECTION('',(0.,-1.,3.383061121595E-15));
#3578 = DIRECTION('',(0.,-3.383061121595E-15,-1.));
#3579 = DEFINITIONAL_REPRESENTATION('',(#3580),#3584);
#3580 = LINE('',#3581,#3582);
#3581 = CARTESIAN_POINT('',(0.387137390943,-1.447639102264));
#3582 = VECTOR('',#3583,1.);
#3583 = DIRECTION('',(1.,0.));
#3584 = ( GEOMETRIC_REPRESENTATION_CONTEXT(2) 
PARAMETRIC_REPRESENTATION_CONTEXT() REPRESENTATION_CONTEXT('2D SPACE',''
  ) );
#3585 = ORIENTED_EDGE('',*,*,#3586,.T.);
#3586 = EDGE_CURVE('',#3557,#3587,#3589,.T.);
#3587 = VERTEX_POINT('',#3588);
#3588 = CARTESIAN_POINT('',(0.552629051761,-0.390986776106,
    -0.39671199422));
#3589 = SURFACE_CURVE('',#3590,(#3595,#3601),.PCURVE_S1.);
#3590 = ( BOUNDED_CURVE() B_SPLINE_CURVE(3,(#3591,#3592,#3593,#3594),
.UNSPECIFIED.,.F.,.F.) B_SPLINE_CURVE_WITH_KNOTS((4,4),(4.97738808709,
4.978069795306),.PIECEWISE_BEZIER_KNOTS.) CURVE() 
GEOMETRIC_REPRESENTATION_ITEM() RATIONAL_B_SPLINE_CURVE((1.,
0.999999961273,0.999999961273,1.)) REPRESENTATION_ITEM('') );
#3591 = CARTESIAN_POINT('',(0.552360897736,-0.39,-0.395725218114));
#3592 = CARTESIAN_POINT('',(0.552450170293,-0.390328955829,
    -0.396054173943));
#3593 = CARTESIAN_POINT('',(0.552539554972,-0.390657881211,
    -0.396383099324));
#3594 = CARTESIAN_POINT('',(0.552629051761,-0.390986776106,
    -0.39671199422));
#3595 = PCURVE('',#245,#3596);
#3596 = DEFINITIONAL_REPRESENTATION('',(#3597),#3600);
#3597 = B_SPLINE_CURVE_WITH_KNOTS('',1,(#3598,#3599),.UNSPECIFIED.,.F.,
  .F.,(2,2),(4.97738808709,4.978069795306),.PIECEWISE_BEZIER_KNOTS.);
#3598 = CARTESIAN_POINT('',(4.447389873679,5.725218113518E-03));
#3599 = CARTESIAN_POINT('',(4.446708165463,6.711994219579E-03));
#3600 = ( GEOMETRIC_REPRESENTATION_CONTEXT(2) 
PARAMETRIC_REPRESENTATION_CONTEXT() REPRESENTATION_CONTEXT('2D SPACE',''
  ) );
#3601 = PCURVE('',#3602,#3607);
#3602 = CYLINDRICAL_SURFACE('',#3603,1.5);
#3603 = AXIS2_PLACEMENT_3D('',#3604,#3605,#3606);
#3604 = CARTESIAN_POINT('',(2.,-0.39,-2.862609056757E-03));
#3605 = DIRECTION('',(-0.,-1.,3.383061121595E-15));
#3606 = DIRECTION('',(0.,-3.383061121595E-15,-1.));
#3607 = DEFINITIONAL_REPRESENTATION('',(#3608),#3611);
#3608 = B_SPLINE_CURVE_WITH_KNOTS('',1,(#3609,#3610),.UNSPECIFIED.,.F.,
  .F.,(2,2),(4.97738808709,4.978069795306),.PIECEWISE_BEZIER_KNOTS.);
#3609 = CARTESIAN_POINT('',(4.97738808709,-1.387778780781E-15));
#3610 = CARTESIAN_POINT('',(4.978069795306,9.86776106062E-04));
#3611 = ( GEOMETRIC_REPRESENTATION_CONTEXT(2) 
PARAMETRIC_REPRESENTATION_CONTEXT() REPRESENTATION_CONTEXT('2D SPACE',''
  ) );
#3612 = ORIENTED_EDGE('',*,*,#3613,.T.);
#3613 = EDGE_CURVE('',#3587,#815,#3614,.T.);
#3614 = SURFACE_CURVE('',#3615,(#3623,#3652),.PCURVE_S1.);
#3615 = B_SPLINE_CURVE_WITH_KNOTS('',3,(#3616,#3617,#3618,#3619,#3620,
    #3621,#3622),.UNSPECIFIED.,.F.,.F.,(4,3,4),(1.1949117137E-05,
    1.429275048701E-05,2.137869399028E-05),.UNSPECIFIED.);
#3616 = CARTESIAN_POINT('',(0.552629051761,-0.390986776106,
    -0.39671199422));
#3617 = CARTESIAN_POINT('',(0.552803349688,-0.391627309687,
    -0.39629089552));
#3618 = CARTESIAN_POINT('',(0.552972084981,-0.392245714477,
    -0.395831437976));
#3619 = CARTESIAN_POINT('',(0.553133449071,-0.392835740455,
    -0.395337658545));
#3620 = CARTESIAN_POINT('',(0.553617877461,-0.394607047398,
    -0.393855291721));
#3621 = CARTESIAN_POINT('',(0.554043883134,-0.396151650114,
    -0.392024521377));
#3622 = CARTESIAN_POINT('',(0.554367448913,-0.397320508076,-0.39));
#3623 = PCURVE('',#245,#3624);
#3624 = DEFINITIONAL_REPRESENTATION('',(#3625),#3651);
#3625 = B_SPLINE_CURVE_WITH_KNOTS('',3,(#3626,#3627,#3628,#3629,#3630,
    #3631,#3632,#3633,#3634,#3635,#3636,#3637,#3638,#3639,#3640,#3641,
    #3642,#3643,#3644,#3645,#3646,#3647,#3648,#3649,#3650),
  .UNSPECIFIED.,.F.,.F.,(4,1,1,1,1,1,1,1,1,1,1,1,1,1,1,1,1,1,1,1,1,1,4),
  (1.1949117137E-05,1.237773426669E-05,1.280635139639E-05,
    1.323496852608E-05,1.366358565578E-05,1.409220278547E-05,
    1.452081991517E-05,1.494943704486E-05,1.537805417456E-05,
    1.580667130425E-05,1.623528843395E-05,1.666390556364E-05,
    1.709252269334E-05,1.752113982303E-05,1.794975695272E-05,
    1.837837408242E-05,1.880699121211E-05,1.923560834181E-05,
    1.96642254715E-05,2.00928426012E-05,2.052145973089E-05,
    2.095007686059E-05,2.137869399028E-05),.QUASI_UNIFORM_KNOTS.);
#3626 = CARTESIAN_POINT('',(4.446708165463,6.711994219579E-03));
#3627 = CARTESIAN_POINT('',(4.446627229432,6.634981270403E-03));
#3628 = CARTESIAN_POINT('',(4.446466373679,6.478388091757E-03));
#3629 = CARTESIAN_POINT('',(4.446228307698,6.235956247014E-03));
#3630 = CARTESIAN_POINT('',(4.445993589882,5.986095692055E-03));
#3631 = CARTESIAN_POINT('',(4.445762484447,5.729082184875E-03));
#3632 = CARTESIAN_POINT('',(4.445534759019,5.464588315275E-03));
#3633 = CARTESIAN_POINT('',(4.445312033892,5.194536954396E-03));
#3634 = CARTESIAN_POINT('',(4.445093647001,4.917938399411E-03));
#3635 = CARTESIAN_POINT('',(4.444878671918,4.633740142787E-03));
#3636 = CARTESIAN_POINT('',(4.444667531269,4.342484593805E-03));
#3637 = CARTESIAN_POINT('',(4.444460286205,4.044286805071E-03));
#3638 = CARTESIAN_POINT('',(4.444257094734,3.739376339069E-03));
#3639 = CARTESIAN_POINT('',(4.444058088914,3.427952075454E-03));
#3640 = CARTESIAN_POINT('',(4.443863407756,3.11022111532E-03));
#3641 = CARTESIAN_POINT('',(4.443673188411,2.786388356832E-03));
#3642 = CARTESIAN_POINT('',(4.443487568529,2.456659288428E-03));
#3643 = CARTESIAN_POINT('',(4.443306685627,2.121239240386E-03));
#3644 = CARTESIAN_POINT('',(4.443130677259,1.780333585357E-03));
#3645 = CARTESIAN_POINT('',(4.442959680971,1.434147684645E-03));
#3646 = CARTESIAN_POINT('',(4.442793834311,1.082886902588E-03));
#3647 = CARTESIAN_POINT('',(4.442633274828,7.267566027164E-04));
#3648 = CARTESIAN_POINT('',(4.442478140071,3.659621487735E-04));
#3649 = CARTESIAN_POINT('',(4.442378425084,1.22459985889E-04));
#3650 = CARTESIAN_POINT('',(4.442329517562,0.));
#3651 = ( GEOMETRIC_REPRESENTATION_CONTEXT(2) 
PARAMETRIC_REPRESENTATION_CONTEXT() REPRESENTATION_CONTEXT('2D SPACE',''
  ) );
#3652 = PCURVE('',#856,#3653);
#3653 = DEFINITIONAL_REPRESENTATION('',(#3654),#3680);
#3654 = B_SPLINE_CURVE_WITH_KNOTS('',3,(#3655,#3656,#3657,#3658,#3659,
    #3660,#3661,#3662,#3663,#3664,#3665,#3666,#3667,#3668,#3669,#3670,
    #3671,#3672,#3673,#3674,#3675,#3676,#3677,#3678,#3679),
  .UNSPECIFIED.,.F.,.F.,(4,1,1,1,1,1,1,1,1,1,1,1,1,1,1,1,1,1,1,1,1,1,4),
  (1.1949117137E-05,1.237773426669E-05,1.280635139639E-05,
    1.323496852608E-05,1.366358565578E-05,1.409220278547E-05,
    1.452081991517E-05,1.494943704486E-05,1.537805417456E-05,
    1.580667130425E-05,1.623528843395E-05,1.666390556364E-05,
    1.709252269334E-05,1.752113982303E-05,1.794975695272E-05,
    1.837837408242E-05,1.880699121211E-05,1.923560834181E-05,
    1.96642254715E-05,2.00928426012E-05,2.052145973089E-05,
    2.095007686059E-05,2.137869399028E-05),.QUASI_UNIFORM_KNOTS.);
#3655 = CARTESIAN_POINT('',(5.701612556939,5.262905176079E-02));
#3656 = CARTESIAN_POINT('',(5.694602954391,5.266092836704E-02));
#3657 = CARTESIAN_POINT('',(5.680575009399,5.272430989025E-02));
#3658 = CARTESIAN_POINT('',(5.659512085683,5.28181969505E-02));
#3659 = CARTESIAN_POINT('',(5.638429761267,5.291084374376E-02));
#3660 = CARTESIAN_POINT('',(5.617342269446,5.300214232766E-02));
#3661 = CARTESIAN_POINT('',(5.596216870546,5.309218124522E-02));
#3662 = CARTESIAN_POINT('',(5.575195805409,5.318031599792E-02));
#3663 = CARTESIAN_POINT('',(5.554200774897,5.326680512868E-02));
#3664 = CARTESIAN_POINT('',(5.533136693476,5.335201109919E-02));
#3665 = CARTESIAN_POINT('',(5.512034790601,5.343576267576E-02));
#3666 = CARTESIAN_POINT('',(5.49089268573,5.351803162792E-02));
#3667 = CARTESIAN_POINT('',(5.469717193693,5.359875140762E-02));
#3668 = CARTESIAN_POINT('',(5.448512807523,5.367786573397E-02));
#3669 = CARTESIAN_POINT('',(5.427284736075,5.3755315575E-02));
#3670 = CARTESIAN_POINT('',(5.406038041013,5.38310426359E-02));
#3671 = CARTESIAN_POINT('',(5.384777818532,5.390498842433E-02));
#3672 = CARTESIAN_POINT('',(5.363509100867,5.397709450087E-02));
#3673 = CARTESIAN_POINT('',(5.34223683314,5.404730241194E-02));
#3674 = CARTESIAN_POINT('',(5.3209658294,5.411555370773E-02));
#3675 = CARTESIAN_POINT('',(5.299700738015,5.418178993745E-02));
#3676 = CARTESIAN_POINT('',(5.278445992983,5.424595265055E-02));
#3677 = CARTESIAN_POINT('',(5.257205815731,5.430798339641E-02));
#3678 = CARTESIAN_POINT('',(5.243057960911,5.434787694844E-02));
#3679 = CARTESIAN_POINT('',(5.235987755983,5.436744891305E-02));
#3680 = ( GEOMETRIC_REPRESENTATION_CONTEXT(2) 
PARAMETRIC_REPRESENTATION_CONTEXT() REPRESENTATION_CONTEXT('2D SPACE',''
  ) );
#3681 = ORIENTED_EDGE('',*,*,#814,.F.);
#3682 = ORIENTED_EDGE('',*,*,#3683,.T.);
#3683 = EDGE_CURVE('',#785,#3684,#3686,.T.);
#3684 = VERTEX_POINT('',#3685);
#3685 = CARTESIAN_POINT('',(0.550640054653,-0.383603105882,
    -0.389328323965));
#3686 = SURFACE_CURVE('',#3687,(#3692,#3698),.PCURVE_S1.);
#3687 = ( BOUNDED_CURVE() B_SPLINE_CURVE(3,(#3688,#3689,#3690,#3691),
.UNSPECIFIED.,.F.,.F.) B_SPLINE_CURVE_WITH_KNOTS((4,4),(1.309749975933,
1.310213433992),.PIECEWISE_BEZIER_KNOTS.) CURVE() 
GEOMETRIC_REPRESENTATION_ITEM() RATIONAL_B_SPLINE_CURVE((1.,
0.999999982101,0.999999982101,1.)) REPRESENTATION_ITEM('') );
#3688 = CARTESIAN_POINT('',(0.550819320949,-0.384274781886,-0.39));
#3689 = CARTESIAN_POINT('',(0.550759513634,-0.384050903729,
    -0.389776121843));
#3690 = CARTESIAN_POINT('',(0.5506997582,-0.383827011719,-0.389552229833
    ));
#3691 = CARTESIAN_POINT('',(0.550640054653,-0.383603105882,
    -0.389328323965));
#3692 = PCURVE('',#245,#3693);
#3693 = DEFINITIONAL_REPRESENTATION('',(#3694),#3697);
#3694 = B_SPLINE_CURVE_WITH_KNOTS('',1,(#3695,#3696),.UNSPECIFIED.,.F.,
  .F.,(2,2),(1.309749975933,1.310213433992),.PIECEWISE_BEZIER_KNOTS.);
#3695 = CARTESIAN_POINT('',(4.451342629522,-1.387778780781E-15));
#3696 = CARTESIAN_POINT('',(4.451806087572,-6.716760345617E-04));
#3697 = ( GEOMETRIC_REPRESENTATION_CONTEXT(2) 
PARAMETRIC_REPRESENTATION_CONTEXT() REPRESENTATION_CONTEXT('2D SPACE',''
  ) );
#3698 = PCURVE('',#342,#3699);
#3699 = DEFINITIONAL_REPRESENTATION('',(#3700),#3703);
#3700 = B_SPLINE_CURVE_WITH_KNOTS('',1,(#3701,#3702),.UNSPECIFIED.,.F.,
  .F.,(2,2),(1.309749975933,1.310213433992),.PIECEWISE_BEZIER_KNOTS.);
#3701 = CARTESIAN_POINT('',(4.973435331247,-5.725218113515E-03));
#3702 = CARTESIAN_POINT('',(4.972971873178,-6.39689411815E-03));
#3703 = ( GEOMETRIC_REPRESENTATION_CONTEXT(2) 
PARAMETRIC_REPRESENTATION_CONTEXT() REPRESENTATION_CONTEXT('2D SPACE',''
  ) );
#3704 = ORIENTED_EDGE('',*,*,#3705,.T.);
#3705 = EDGE_CURVE('',#3684,#225,#3706,.T.);
#3706 = SURFACE_CURVE('',#3707,(#3715,#3744),.PCURVE_S1.);
#3707 = B_SPLINE_CURVE_WITH_KNOTS('',3,(#3708,#3709,#3710,#3711,#3712,
    #3713,#3714),.UNSPECIFIED.,.F.,.F.,(4,3,4),(3.348916750293E-06,
    3.569513316914E-06,7.135717563723E-06),.UNSPECIFIED.);
#3708 = CARTESIAN_POINT('',(0.550640054653,-0.383603105882,
    -0.389328323965));
#3709 = CARTESIAN_POINT('',(0.550622075142,-0.383535677435,
    -0.389354368497));
#3710 = CARTESIAN_POINT('',(0.550604028462,-0.383467978181,
    -0.389379677396));
#3711 = CARTESIAN_POINT('',(0.550585920842,-0.383400031044,
    -0.389404243155));
#3712 = CARTESIAN_POINT('',(0.550296817988,-0.382315199888,
    -0.389796455431));
#3713 = CARTESIAN_POINT('',(0.549987636892,-0.381149840095,-0.39));
#3714 = CARTESIAN_POINT('',(0.549684095589,-0.38,-0.39));
#3715 = PCURVE('',#245,#3716);
#3716 = DEFINITIONAL_REPRESENTATION('',(#3717),#3743);
#3717 = B_SPLINE_CURVE_WITH_KNOTS('',3,(#3718,#3719,#3720,#3721,#3722,
    #3723,#3724,#3725,#3726,#3727,#3728,#3729,#3730,#3731,#3732,#3733,
    #3734,#3735,#3736,#3737,#3738,#3739,#3740,#3741,#3742),
  .UNSPECIFIED.,.F.,.F.,(4,1,1,1,1,1,1,1,1,1,1,1,1,1,1,1,1,1,1,1,1,1,4),
  (3.348916750293E-06,3.521044059995E-06,3.693171369696E-06,
    3.865298679397E-06,4.037425989099E-06,4.2095532988E-06,
    4.381680608501E-06,4.553807918203E-06,4.725935227904E-06,
    4.898062537605E-06,5.070189847307E-06,5.242317157008E-06,
    5.414444466709E-06,5.586571776411E-06,5.758699086112E-06,
    5.930826395813E-06,6.102953705515E-06,6.275081015216E-06,
    6.447208324917E-06,6.619335634619E-06,6.79146294432E-06,
    6.963590254021E-06,7.135717563723E-06),.QUASI_UNIFORM_KNOTS.);
#3718 = CARTESIAN_POINT('',(4.451806087572,-6.716760345617E-04));
#3719 = CARTESIAN_POINT('',(4.451842622727,-6.512306157097E-04));
#3720 = CARTESIAN_POINT('',(4.45191537606,-6.115223189517E-04));
#3721 = CARTESIAN_POINT('',(4.452024185182,-5.551684734153E-04));
#3722 = CARTESIAN_POINT('',(4.4521334066,-5.016326589745E-04));
#3723 = CARTESIAN_POINT('',(4.452243412569,-4.507047155608E-04));
#3724 = CARTESIAN_POINT('',(4.452354046641,-4.024536814897E-04));
#3725 = CARTESIAN_POINT('',(4.452465294032,-3.568737840942E-04));
#3726 = CARTESIAN_POINT('',(4.452577102003,-3.139792962506E-04));
#3727 = CARTESIAN_POINT('',(4.452689427981,-2.737791196471E-04));
#3728 = CARTESIAN_POINT('',(4.452802226671,-2.362835951783E-04));
#3729 = CARTESIAN_POINT('',(4.452915453507,-2.015026781041E-04));
#3730 = CARTESIAN_POINT('',(4.453029063727,-1.694464270151E-04));
#3731 = CARTESIAN_POINT('',(4.453143012623,-1.401248728146E-04));
#3732 = CARTESIAN_POINT('',(4.453257255472,-1.13548053824E-04));
#3733 = CARTESIAN_POINT('',(4.453371747555,-8.972600637822E-05));
#3734 = CARTESIAN_POINT('',(4.45348644415,-6.866876734317E-05));
#3735 = CARTESIAN_POINT('',(4.453601300539,-5.038637344388E-05));
#3736 = CARTESIAN_POINT('',(4.453716272002,-3.488886144146E-05));
#3737 = CARTESIAN_POINT('',(4.453831313818,-2.218626808903E-05));
#3738 = CARTESIAN_POINT('',(4.453946381268,-1.228863014087E-05));
#3739 = CARTESIAN_POINT('',(4.454061429633,-5.205984350995E-06));
#3740 = CARTESIAN_POINT('',(4.454176414192,-9.48367473606E-07));
#3741 = CARTESIAN_POINT('',(4.454252998214,4.932899933911E-17));
#3742 = CARTESIAN_POINT('',(4.454291264685,0.));
#3743 = ( GEOMETRIC_REPRESENTATION_CONTEXT(2) 
PARAMETRIC_REPRESENTATION_CONTEXT() REPRESENTATION_CONTEXT('2D SPACE',''
  ) );
#3744 = PCURVE('',#271,#3745);
#3745 = DEFINITIONAL_REPRESENTATION('',(#3746),#3749);
#3746 = B_SPLINE_CURVE_WITH_KNOTS('',1,(#3747,#3748),.UNSPECIFIED.,.F.,
  .F.,(2,2),(3.348916750293E-06,7.135717563723E-06),
  .PIECEWISE_BEZIER_KNOTS.);
#3747 = CARTESIAN_POINT('',(5.914584483387,1.300640054653));
#3748 = CARTESIAN_POINT('',(6.28318530718,1.299684095589));
#3749 = ( GEOMETRIC_REPRESENTATION_CONTEXT(2) 
PARAMETRIC_REPRESENTATION_CONTEXT() REPRESENTATION_CONTEXT('2D SPACE',''
  ) );
#3750 = ORIENTED_EDGE('',*,*,#224,.F.);
#3751 = ORIENTED_EDGE('',*,*,#3752,.T.);
#3752 = EDGE_CURVE('',#202,#3753,#3755,.T.);
#3753 = VERTEX_POINT('',#3754);
#3754 = CARTESIAN_POINT('',(0.550640054653,0.389328323965,
    -0.383603105882));
#3755 = SURFACE_CURVE('',#3756,(#3770,#3799),.PCURVE_S1.);
#3756 = B_SPLINE_CURVE_WITH_KNOTS('',3,(#3757,#3758,#3759,#3760,#3761,
    #3762,#3763,#3764,#3765,#3766,#3767,#3768,#3769),.UNSPECIFIED.,.F.,
  .F.,(4,3,3,3,4),(0.,3.561036610351E-06,7.12526907201E-06,
    1.063550969904E-05,1.222739168448E-05),.UNSPECIFIED.);
#3757 = CARTESIAN_POINT('',(0.548184795385,0.38,-0.39));
#3758 = CARTESIAN_POINT('',(0.548483239842,0.381148881577,-0.39));
#3759 = CARTESIAN_POINT('',(0.548787249101,0.382313274283,
    -0.389796782366));
#3760 = CARTESIAN_POINT('',(0.549071530238,0.383397200959,
    -0.389405265869));
#3761 = CARTESIAN_POINT('',(0.549355951732,0.384481662797,
    -0.389013556071));
#3762 = CARTESIAN_POINT('',(0.549628598696,0.385516045224,
    -0.388421864653));
#3763 = CARTESIAN_POINT('',(0.54986488482,0.38640940897,-0.387675902378)
  );
#3764 = CARTESIAN_POINT('',(0.550097542769,0.387289055107,-0.38694139436
    ));
#3765 = CARTESIAN_POINT('',(0.550301527246,0.388056979002,
    -0.386035593335));
#3766 = CARTESIAN_POINT('',(0.550456808537,0.388640441606,
    -0.385034160268));
#3767 = CARTESIAN_POINT('',(0.550527556955,0.388906275664,
    -0.384577892782));
#3768 = CARTESIAN_POINT('',(0.550589102392,0.389137238052,
    -0.384097821098));
#3769 = CARTESIAN_POINT('',(0.550640054653,0.389328323965,
    -0.383603105882));
#3770 = PCURVE('',#245,#3771);
#3771 = DEFINITIONAL_REPRESENTATION('',(#3772),#3798);
#3772 = B_SPLINE_CURVE_WITH_KNOTS('',3,(#3773,#3774,#3775,#3776,#3777,
    #3778,#3779,#3780,#3781,#3782,#3783,#3784,#3785,#3786,#3787,#3788,
    #3789,#3790,#3791,#3792,#3793,#3794,#3795,#3796,#3797),
  .UNSPECIFIED.,.F.,.F.,(4,1,1,1,1,1,1,1,1,1,1,1,1,1,1,1,1,1,1,1,1,1,4),
  (0.,5.557905311127E-07,1.111581062225E-06,1.667371593338E-06,
    2.223162124451E-06,2.778952655564E-06,3.334743186676E-06,
    3.890533717789E-06,4.446324248902E-06,5.002114780014E-06,
    5.557905311127E-06,6.11369584224E-06,6.669486373352E-06,
    7.225276904465E-06,7.781067435578E-06,8.336857966691E-06,
    8.892648497803E-06,9.448439028916E-06,1.000422956003E-05,
    1.056002009114E-05,1.111581062225E-05,1.167160115337E-05,
    1.222739168448E-05),.QUASI_UNIFORM_KNOTS.);
#3773 = CARTESIAN_POINT('',(4.966541174348,0.));
#3774 = CARTESIAN_POINT('',(4.966664683355,5.859388879425E-17));
#3775 = CARTESIAN_POINT('',(4.966912234373,-9.900573451783E-06));
#3776 = CARTESIAN_POINT('',(4.967283650984,-5.411292485462E-05));
#3777 = CARTESIAN_POINT('',(4.967653647002,-1.273461718515E-04));
#3778 = CARTESIAN_POINT('',(4.96802071785,-2.292610015622E-04));
#3779 = CARTESIAN_POINT('',(4.968383336272,-3.595133366047E-04));
#3780 = CARTESIAN_POINT('',(4.968740059609,-5.177768748554E-04));
#3781 = CARTESIAN_POINT('',(4.969089129482,-7.036589776534E-04));
#3782 = CARTESIAN_POINT('',(4.969432717244,-9.183509359361E-04));
#3783 = CARTESIAN_POINT('',(4.969768926617,-1.160493146699E-03));
#3784 = CARTESIAN_POINT('',(4.970096464942,-1.429144140035E-03));
#3785 = CARTESIAN_POINT('',(4.970413826866,-1.723189804801E-03));
#3786 = CARTESIAN_POINT('',(4.970719754147,-2.041788461701E-03));
#3787 = CARTESIAN_POINT('',(4.97101221276,-2.383181345284E-03));
#3788 = CARTESIAN_POINT('',(4.971292213076,-2.749238536132E-03));
#3789 = CARTESIAN_POINT('',(4.971559413016,-3.139138034268E-03));
#3790 = CARTESIAN_POINT('',(4.971812395811,-3.550840059435E-03));
#3791 = CARTESIAN_POINT('',(4.972049983654,-3.982513953949E-03));
#3792 = CARTESIAN_POINT('',(4.97227111754,-4.432710350119E-03));
#3793 = CARTESIAN_POINT('',(4.972474024264,-4.898245597704E-03));
#3794 = CARTESIAN_POINT('',(4.972659668594,-5.382491886675E-03));
#3795 = CARTESIAN_POINT('',(4.972827073599,-5.882283189765E-03));
#3796 = CARTESIAN_POINT('',(4.972925853841,-6.224199384262E-03));
#3797 = CARTESIAN_POINT('',(4.972971873178,-6.396894118147E-03));
#3798 = ( GEOMETRIC_REPRESENTATION_CONTEXT(2) 
PARAMETRIC_REPRESENTATION_CONTEXT() REPRESENTATION_CONTEXT('2D SPACE',''
  ) );
#3799 = PCURVE('',#95,#3800);
#3800 = DEFINITIONAL_REPRESENTATION('',(#3801),#3827);
#3801 = B_SPLINE_CURVE_WITH_KNOTS('',3,(#3802,#3803,#3804,#3805,#3806,
    #3807,#3808,#3809,#3810,#3811,#3812,#3813,#3814,#3815,#3816,#3817,
    #3818,#3819,#3820,#3821,#3822,#3823,#3824,#3825,#3826),
  .UNSPECIFIED.,.F.,.F.,(4,1,1,1,1,1,1,1,1,1,1,1,1,1,1,1,1,1,1,1,1,1,4),
  (0.,5.557905311127E-07,1.111581062225E-06,1.667371593338E-06,
    2.223162124451E-06,2.778952655564E-06,3.334743186676E-06,
    3.890533717789E-06,4.446324248902E-06,5.002114780014E-06,
    5.557905311127E-06,6.11369584224E-06,6.669486373352E-06,
    7.225276904465E-06,7.781067435578E-06,8.336857966691E-06,
    8.892648497803E-06,9.448439028916E-06,1.000422956003E-05,
    1.056002009114E-05,1.111581062225E-05,1.167160115337E-05,
    1.222739168448E-05),.QUASI_UNIFORM_KNOTS.);
#3802 = CARTESIAN_POINT('',(0.,1.298184795385));
#3803 = CARTESIAN_POINT('',(1.793064364319E-02,1.298231375249));
#3804 = CARTESIAN_POINT('',(5.386979701881E-02,1.298324806073));
#3805 = CARTESIAN_POINT('',(0.107948360115,1.298465188782));
#3806 = CARTESIAN_POINT('',(0.162134643705,1.298605230503));
#3807 = CARTESIAN_POINT('',(0.216360750813,1.298744356063));
#3808 = CARTESIAN_POINT('',(0.27055593838,1.298881981791));
#3809 = CARTESIAN_POINT('',(0.324664766271,1.299017555709));
#3810 = CARTESIAN_POINT('',(0.378594142114,1.299150407571));
#3811 = CARTESIAN_POINT('',(0.432849562329,1.299281350163));
#3812 = CARTESIAN_POINT('',(0.487286815331,1.299409645527));
#3813 = CARTESIAN_POINT('',(0.541853099015,1.299534786281));
#3814 = CARTESIAN_POINT('',(0.59645905275,1.299656183834));
#3815 = CARTESIAN_POINT('',(0.651063558502,1.299773343865));
#3816 = CARTESIAN_POINT('',(0.705486845039,1.299885476177));
#3817 = CARTESIAN_POINT('',(0.760133235045,1.299992951571));
#3818 = CARTESIAN_POINT('',(0.815082358163,1.300095619398));
#3819 = CARTESIAN_POINT('',(0.870207476494,1.30019291916));
#3820 = CARTESIAN_POINT('',(0.925418711545,1.300284381294));
#3821 = CARTESIAN_POINT('',(0.980668705978,1.300369582352));
#3822 = CARTESIAN_POINT('',(1.035714341649,1.300447823489));
#3823 = CARTESIAN_POINT('',(1.091091771536,1.300519461331));
#3824 = CARTESIAN_POINT('',(1.146628868031,1.300584103597));
#3825 = CARTESIAN_POINT('',(1.183683021302,1.300622269748));
#3826 = CARTESIAN_POINT('',(1.202195503002,1.300640054653));
#3827 = ( GEOMETRIC_REPRESENTATION_CONTEXT(2) 
PARAMETRIC_REPRESENTATION_CONTEXT() REPRESENTATION_CONTEXT('2D SPACE',''
  ) );
#3828 = ORIENTED_EDGE('',*,*,#3829,.F.);
#3829 = EDGE_CURVE('',#700,#3753,#3830,.T.);
#3830 = SURFACE_CURVE('',#3831,(#3836,#3842),.PCURVE_S1.);
#3831 = ( BOUNDED_CURVE() B_SPLINE_CURVE(3,(#3832,#3833,#3834,#3835),
.UNSPECIFIED.,.F.,.F.) B_SPLINE_CURVE_WITH_KNOTS((4,4),(1.309749975933,
1.310213433992),.PIECEWISE_BEZIER_KNOTS.) CURVE() 
GEOMETRIC_REPRESENTATION_ITEM() RATIONAL_B_SPLINE_CURVE((1.,
0.999999982101,0.999999982101,1.)) REPRESENTATION_ITEM('') );
#3832 = CARTESIAN_POINT('',(0.550819320949,0.39,-0.384274781886));
#3833 = CARTESIAN_POINT('',(0.550759513634,0.389776121843,
    -0.384050903729));
#3834 = CARTESIAN_POINT('',(0.5506997582,0.389552229833,-0.383827011719)
  );
#3835 = CARTESIAN_POINT('',(0.550640054653,0.389328323965,
    -0.383603105882));
#3836 = PCURVE('',#245,#3837);
#3837 = DEFINITIONAL_REPRESENTATION('',(#3838),#3841);
#3838 = B_SPLINE_CURVE_WITH_KNOTS('',1,(#3839,#3840),.UNSPECIFIED.,.F.,
  .F.,(2,2),(1.309749975933,1.310213433992),.PIECEWISE_BEZIER_KNOTS.);
#3839 = CARTESIAN_POINT('',(4.973435331247,-5.725218113511E-03));
#3840 = CARTESIAN_POINT('',(4.972971873178,-6.396894118147E-03));
#3841 = ( GEOMETRIC_REPRESENTATION_CONTEXT(2) 
PARAMETRIC_REPRESENTATION_CONTEXT() REPRESENTATION_CONTEXT('2D SPACE',''
  ) );
#3842 = PCURVE('',#67,#3843);
#3843 = DEFINITIONAL_REPRESENTATION('',(#3844),#3847);
#3844 = B_SPLINE_CURVE_WITH_KNOTS('',1,(#3845,#3846),.UNSPECIFIED.,.F.,
  .F.,(2,2),(1.309749975933,1.310213433992),.PIECEWISE_BEZIER_KNOTS.);
#3845 = CARTESIAN_POINT('',(4.451342629522,4.107825191113E-15));
#3846 = CARTESIAN_POINT('',(4.451806087572,-6.716760345585E-04));
#3847 = ( GEOMETRIC_REPRESENTATION_CONTEXT(2) 
PARAMETRIC_REPRESENTATION_CONTEXT() REPRESENTATION_CONTEXT('2D SPACE',''
  ) );
#3848 = ORIENTED_EDGE('',*,*,#697,.F.);
#3849 = ORIENTED_EDGE('',*,*,#3850,.T.);
#3850 = EDGE_CURVE('',#698,#3851,#3853,.T.);
#3851 = VERTEX_POINT('',#3852);
#3852 = CARTESIAN_POINT('',(0.548184795385,0.38,-0.4));
#3853 = SURFACE_CURVE('',#3854,(#3862,#3891),.PCURVE_S1.);
#3854 = B_SPLINE_CURVE_WITH_KNOTS('',3,(#3855,#3856,#3857,#3858,#3859,
    #3860,#3861),.UNSPECIFIED.,.F.,.F.,(4,3,4),(1.060930429729E-05,
    1.367445175311E-05,2.136712485662E-05),.UNSPECIFIED.);
#3855 = CARTESIAN_POINT('',(0.55081932095,0.390000000001,-0.39732050808)
  );
#3856 = CARTESIAN_POINT('',(0.550587926182,0.38913381442,-0.397820600553
    ));
#3857 = CARTESIAN_POINT('',(0.550347158509,0.388229396254,
    -0.398255695573));
#3858 = CARTESIAN_POINT('',(0.550101128893,0.387301503506,
    -0.398619560875));
#3859 = CARTESIAN_POINT('',(0.5494880956,0.384989468246,-0.399526205971)
  );
#3860 = CARTESIAN_POINT('',(0.548827938294,0.382475820953,-0.4));
#3861 = CARTESIAN_POINT('',(0.548184795385,0.38,-0.4));
#3862 = PCURVE('',#245,#3863);
#3863 = DEFINITIONAL_REPRESENTATION('',(#3864),#3890);
#3864 = B_SPLINE_CURVE_WITH_KNOTS('',3,(#3865,#3866,#3867,#3868,#3869,
    #3870,#3871,#3872,#3873,#3874,#3875,#3876,#3877,#3878,#3879,#3880,
    #3881,#3882,#3883,#3884,#3885,#3886,#3887,#3888,#3889),
  .UNSPECIFIED.,.F.,.F.,(4,1,1,1,1,1,1,1,1,1,1,1,1,1,1,1,1,1,1,1,1,1,4),
  (1.060930429729E-05,1.109829614089E-05,1.15872879845E-05,
    1.207627982811E-05,1.256527167171E-05,1.305426351532E-05,
    1.354325535892E-05,1.403224720253E-05,1.452123904614E-05,
    1.501023088974E-05,1.549922273335E-05,1.598821457696E-05,
    1.647720642056E-05,1.696619826417E-05,1.745519010777E-05,
    1.794418195138E-05,1.843317379499E-05,1.892216563859E-05,
    1.94111574822E-05,1.990014932581E-05,2.038914116941E-05,
    2.087813301302E-05,2.136712485662E-05),.QUASI_UNIFORM_KNOTS.);
#3865 = CARTESIAN_POINT('',(4.973435331248,7.320508079628E-03));
#3866 = CARTESIAN_POINT('',(4.973339977304,7.40028927912E-03));
#3867 = CARTESIAN_POINT('',(4.973147934481,7.556542867494E-03));
#3868 = CARTESIAN_POINT('',(4.972856108855,7.780848082753E-03));
#3869 = CARTESIAN_POINT('',(4.972560786662,7.99491703087E-03));
#3870 = CARTESIAN_POINT('',(4.972262157802,8.198631887309E-03));
#3871 = CARTESIAN_POINT('',(4.971960690453,8.391714090684E-03));
#3872 = CARTESIAN_POINT('',(4.971655814602,8.574484751712E-03));
#3873 = CARTESIAN_POINT('',(4.971350834704,8.74502702954E-03));
#3874 = CARTESIAN_POINT('',(4.971042809997,8.904937476603E-03));
#3875 = CARTESIAN_POINT('',(4.970731850828,9.054269301907E-03));
#3876 = CARTESIAN_POINT('',(4.970418250493,9.192928245308E-03));
#3877 = CARTESIAN_POINT('',(4.970102253268,9.320859560903E-03));
#3878 = CARTESIAN_POINT('',(4.969784116564,9.43799791498E-03));
#3879 = CARTESIAN_POINT('',(4.969464094274,9.544280810823E-03));
#3880 = CARTESIAN_POINT('',(4.969142441232,9.639644991543E-03));
#3881 = CARTESIAN_POINT('',(4.96881941202,9.72402740394E-03));
#3882 = CARTESIAN_POINT('',(4.968495261286,9.797364940236E-03));
#3883 = CARTESIAN_POINT('',(4.968170243659,9.859594507276E-03));
#3884 = CARTESIAN_POINT('',(4.967844613772,9.910653007987E-03));
#3885 = CARTESIAN_POINT('',(4.967518626256,9.950477346348E-03));
#3886 = CARTESIAN_POINT('',(4.967192535739,9.979004426053E-03));
#3887 = CARTESIAN_POINT('',(4.966866596847,9.996171150875E-03));
#3888 = CARTESIAN_POINT('',(4.966649575084,1.E-02));
#3889 = CARTESIAN_POINT('',(4.966541174348,1.E-02));
#3890 = ( GEOMETRIC_REPRESENTATION_CONTEXT(2) 
PARAMETRIC_REPRESENTATION_CONTEXT() REPRESENTATION_CONTEXT('2D SPACE',''
  ) );
#3891 = PCURVE('',#769,#3892);
#3892 = DEFINITIONAL_REPRESENTATION('',(#3893),#3919);
#3893 = B_SPLINE_CURVE_WITH_KNOTS('',3,(#3894,#3895,#3896,#3897,#3898,
    #3899,#3900,#3901,#3902,#3903,#3904,#3905,#3906,#3907,#3908,#3909,
    #3910,#3911,#3912,#3913,#3914,#3915,#3916,#3917,#3918),
  .UNSPECIFIED.,.F.,.F.,(4,1,1,1,1,1,1,1,1,1,1,1,1,1,1,1,1,1,1,1,1,1,4),
  (1.060930429729E-05,1.109829614089E-05,1.15872879845E-05,
    1.207627982811E-05,1.256527167171E-05,1.305426351532E-05,
    1.354325535892E-05,1.403224720253E-05,1.452123904614E-05,
    1.501023088974E-05,1.549922273335E-05,1.598821457696E-05,
    1.647720642056E-05,1.696619826417E-05,1.745519010777E-05,
    1.794418195138E-05,1.843317379499E-05,1.892216563859E-05,
    1.94111574822E-05,1.990014932581E-05,2.038914116941E-05,
    2.087813301302E-05,2.136712485662E-05),.QUASI_UNIFORM_KNOTS.);
#3894 = CARTESIAN_POINT('',(0.523598775547,5.081932094961E-02));
#3895 = CARTESIAN_POINT('',(0.51562066976,5.078240587279E-02));
#3896 = CARTESIAN_POINT('',(0.499662892157,5.07080988531E-02));
#3897 = CARTESIAN_POINT('',(0.475726859523,5.059530581466E-02));
#3898 = CARTESIAN_POINT('',(0.45179841107,5.048128659462E-02));
#3899 = CARTESIAN_POINT('',(0.427878832277,5.036611868724E-02));
#3900 = CARTESIAN_POINT('',(0.403991164398,5.024998668097E-02));
#3901 = CARTESIAN_POINT('',(0.380077417146,5.013267562055E-02));
#3902 = CARTESIAN_POINT('',(0.356381908889,5.001546163135E-02));
#3903 = CARTESIAN_POINT('',(0.332662699334,4.989722251689E-02));
#3904 = CARTESIAN_POINT('',(0.308912303361,4.977800004265E-02));
#3905 = CARTESIAN_POINT('',(0.285138679393,4.96579083445E-02));
#3906 = CARTESIAN_POINT('',(0.261346076099,4.953704216673E-02));
#3907 = CARTESIAN_POINT('',(0.237540090835,4.941550144959E-02));
#3908 = CARTESIAN_POINT('',(0.213726238903,4.929338474106E-02));
#3909 = CARTESIAN_POINT('',(0.189910260228,4.917079096219E-02));
#3910 = CARTESIAN_POINT('',(0.166097959553,4.904781893408E-02));
#3911 = CARTESIAN_POINT('',(0.142295170973,4.892456750458E-02));
#3912 = CARTESIAN_POINT('',(0.118507689287,4.88011355144E-02));
#3913 = CARTESIAN_POINT('',(9.474120941143E-02,4.867762180616E-02));
#3914 = CARTESIAN_POINT('',(7.100126836795E-02,4.855412522194E-02));
#3915 = CARTESIAN_POINT('',(4.729317245703E-02,4.8430744604E-02));
#3916 = CARTESIAN_POINT('',(2.362198654704E-02,4.830757879454E-02));
#3917 = CARTESIAN_POINT('',(7.868860057808E-03,4.822567735535E-02));
#3918 = CARTESIAN_POINT('',(0.,4.818479538458E-02));
#3919 = ( GEOMETRIC_REPRESENTATION_CONTEXT(2) 
PARAMETRIC_REPRESENTATION_CONTEXT() REPRESENTATION_CONTEXT('2D SPACE',''
  ) );
#3920 = ORIENTED_EDGE('',*,*,#3921,.T.);
#3921 = EDGE_CURVE('',#3851,#3922,#3924,.T.);
#3922 = VERTEX_POINT('',#3923);
#3923 = CARTESIAN_POINT('',(0.549684095589,-0.38,-0.4));
#3924 = SURFACE_CURVE('',#3925,(#3930,#3937),.PCURVE_S1.);
#3925 = CIRCLE('',#3926,1.5);
#3926 = AXIS2_PLACEMENT_3D('',#3927,#3928,#3929);
#3927 = CARTESIAN_POINT('',(2.,2.862609056759E-03,-0.4));
#3928 = DIRECTION('',(0.,-1.084202172486E-16,1.));
#3929 = DIRECTION('',(0.,1.,1.084202172486E-16));
#3930 = PCURVE('',#245,#3931);
#3931 = DEFINITIONAL_REPRESENTATION('',(#3932),#3936);
#3932 = LINE('',#3933,#3934);
#3933 = CARTESIAN_POINT('',(6.28318530718,1.E-02));
#3934 = VECTOR('',#3935,1.);
#3935 = DIRECTION('',(-1.,0.));
#3936 = ( GEOMETRIC_REPRESENTATION_CONTEXT(2) 
PARAMETRIC_REPRESENTATION_CONTEXT() REPRESENTATION_CONTEXT('2D SPACE',''
  ) );
#3937 = PCURVE('',#3938,#3943);
#3938 = PLANE('',#3939);
#3939 = AXIS2_PLACEMENT_3D('',#3940,#3941,#3942);
#3940 = CARTESIAN_POINT('',(0.5,0.4,-0.4));
#3941 = DIRECTION('',(0.,1.355252715607E-16,-1.));
#3942 = DIRECTION('',(0.,1.,1.355252715607E-16));
#3943 = DEFINITIONAL_REPRESENTATION('',(#3944),#3952);
#3944 = ( BOUNDED_CURVE() B_SPLINE_CURVE(2,(#3945,#3946,#3947,#3948,
#3949,#3950,#3951),.UNSPECIFIED.,.T.,.F.) B_SPLINE_CURVE_WITH_KNOTS((1,2
    ,2,2,2,1),(-2.094395102393,0.,2.094395102393,4.188790204786,
6.28318530718,8.377580409573),.UNSPECIFIED.) CURVE() 
GEOMETRIC_REPRESENTATION_ITEM() RATIONAL_B_SPLINE_CURVE((1.,0.5,1.,0.5,
1.,0.5,1.)) REPRESENTATION_ITEM('') );
#3945 = CARTESIAN_POINT('',(1.102862609057,1.5));
#3946 = CARTESIAN_POINT('',(1.102862609057,-1.098076211353));
#3947 = CARTESIAN_POINT('',(-1.147137390943,0.200961894323));
#3948 = CARTESIAN_POINT('',(-3.397137390943,1.5));
#3949 = CARTESIAN_POINT('',(-1.147137390943,2.799038105677));
#3950 = CARTESIAN_POINT('',(1.102862609057,4.098076211353));
#3951 = CARTESIAN_POINT('',(1.102862609057,1.5));
#3952 = ( GEOMETRIC_REPRESENTATION_CONTEXT(2) 
PARAMETRIC_REPRESENTATION_CONTEXT() REPRESENTATION_CONTEXT('2D SPACE',''
  ) );
#3953 = ORIENTED_EDGE('',*,*,#3954,.T.);
#3954 = EDGE_CURVE('',#3922,#3559,#3955,.T.);
#3955 = SURFACE_CURVE('',#3956,(#3964,#3993),.PCURVE_S1.);
#3956 = B_SPLINE_CURVE_WITH_KNOTS('',3,(#3957,#3958,#3959,#3960,#3961,
    #3962,#3963),.UNSPECIFIED.,.F.,.F.,(4,3,4),(0.,7.143265410873E-06,
    1.075925527191E-05),.UNSPECIFIED.);
#3957 = CARTESIAN_POINT('',(0.549684095589,-0.38,-0.4));
#3958 = CARTESIAN_POINT('',(0.550291848752,-0.382302220319,-0.4));
#3959 = CARTESIAN_POINT('',(0.550913778947,-0.384634715556,
    -0.399592039699));
#3960 = CARTESIAN_POINT('',(0.551497710592,-0.386805349055,
    -0.398806574009));
#3961 = CARTESIAN_POINT('',(0.551794249214,-0.387907664154,
    -0.398407690139));
#3962 = CARTESIAN_POINT('',(0.552084247519,-0.388980585929,
    -0.397909067064));
#3963 = CARTESIAN_POINT('',(0.552360897736,-0.39,-0.397320508076));
#3964 = PCURVE('',#245,#3965);
#3965 = DEFINITIONAL_REPRESENTATION('',(#3966),#3992);
#3966 = B_SPLINE_CURVE_WITH_KNOTS('',3,(#3967,#3968,#3969,#3970,#3971,
    #3972,#3973,#3974,#3975,#3976,#3977,#3978,#3979,#3980,#3981,#3982,
    #3983,#3984,#3985,#3986,#3987,#3988,#3989,#3990,#3991),
  .UNSPECIFIED.,.F.,.F.,(4,1,1,1,1,1,1,1,1,1,1,1,1,1,1,1,1,1,1,1,1,1,4),
  (0.,4.890570578143E-07,9.781141156285E-07,1.467171173443E-06,
    1.956228231257E-06,2.445285289071E-06,2.934342346886E-06,
    3.4233994047E-06,3.912456462514E-06,4.401513520328E-06,
    4.890570578143E-06,5.379627635957E-06,5.868684693771E-06,
    6.357741751586E-06,6.8467988094E-06,7.335855867214E-06,
    7.824912925028E-06,8.313969982843E-06,8.803027040657E-06,
    9.292084098471E-06,9.781141156285E-06,1.02701982141E-05,
    1.075925527191E-05),.QUASI_UNIFORM_KNOTS.);
#3967 = CARTESIAN_POINT('',(4.454291264685,1.E-02));
#3968 = CARTESIAN_POINT('',(4.454182585339,1.E-02));
#3969 = CARTESIAN_POINT('',(4.453965021087,9.996175511251E-03));
#3970 = CARTESIAN_POINT('',(4.453638313554,9.979023952276E-03));
#3971 = CARTESIAN_POINT('',(4.453311500393,9.950516207812E-03));
#3972 = CARTESIAN_POINT('',(4.452984837132,9.910710918352E-03));
#3973 = CARTESIAN_POINT('',(4.452658579301,9.859666723888E-03));
#3974 = CARTESIAN_POINT('',(4.452332982435,9.797442266293E-03));
#3975 = CARTESIAN_POINT('',(4.452008302057,9.724096180413E-03));
#3976 = CARTESIAN_POINT('',(4.451684793735,9.639687127328E-03));
#3977 = CARTESIAN_POINT('',(4.451362712883,9.544273670203E-03));
#3978 = CARTESIAN_POINT('',(4.451042315493,9.437914737626E-03));
#3979 = CARTESIAN_POINT('',(4.450723855396,9.320667894412E-03));
#3980 = CARTESIAN_POINT('',(4.450407594488,9.19259579505E-03));
#3981 = CARTESIAN_POINT('',(4.450093764578,9.0537420991E-03));
#3982 = CARTESIAN_POINT('',(4.44978270975,8.904221356161E-03));
#3983 = CARTESIAN_POINT('',(4.449474355068,8.74388355061E-03));
#3984 = CARTESIAN_POINT('',(4.449167434084,8.572196995634E-03));
#3985 = CARTESIAN_POINT('',(4.448863291586,8.389889694016E-03));
#3986 = CARTESIAN_POINT('',(4.448561881585,8.196951088807E-03));
#3987 = CARTESIAN_POINT('',(4.448263530751,7.993568519894E-03));
#3988 = CARTESIAN_POINT('',(4.447968465901,7.779876299558E-03));
#3989 = CARTESIAN_POINT('',(4.447676940618,7.556022953664E-03));
#3990 = CARTESIAN_POINT('',(4.447485114394,7.400109772118E-03));
#3991 = CARTESIAN_POINT('',(4.447389873679,7.320508075688E-03));
#3992 = ( GEOMETRIC_REPRESENTATION_CONTEXT(2) 
PARAMETRIC_REPRESENTATION_CONTEXT() REPRESENTATION_CONTEXT('2D SPACE',''
  ) );
#3993 = PCURVE('',#856,#3994);
#3994 = DEFINITIONAL_REPRESENTATION('',(#3995),#4021);
#3995 = B_SPLINE_CURVE_WITH_KNOTS('',3,(#3996,#3997,#3998,#3999,#4000,
    #4001,#4002,#4003,#4004,#4005,#4006,#4007,#4008,#4009,#4010,#4011,
    #4012,#4013,#4014,#4015,#4016,#4017,#4018,#4019,#4020),
  .UNSPECIFIED.,.F.,.F.,(4,1,1,1,1,1,1,1,1,1,1,1,1,1,1,1,1,1,1,1,1,1,4),
  (0.,4.890570578143E-07,9.781141156285E-07,1.467171173443E-06,
    1.956228231257E-06,2.445285289071E-06,2.934342346886E-06,
    3.4233994047E-06,3.912456462514E-06,4.401513520328E-06,
    4.890570578143E-06,5.379627635957E-06,5.868684693771E-06,
    6.357741751586E-06,6.8467988094E-06,7.335855867214E-06,
    7.824912925028E-06,8.313969982843E-06,8.803027040657E-06,
    9.292084098471E-06,9.781141156285E-06,1.02701982141E-05,
    1.075925527191E-05),.QUASI_UNIFORM_KNOTS.);
#3996 = CARTESIAN_POINT('',(6.28318530718,4.968409558943E-02));
#3997 = CARTESIAN_POINT('',(6.275304367138,4.972570484746E-02));
#3998 = CARTESIAN_POINT('',(6.259528183933,4.980905626837E-02));
#3999 = CARTESIAN_POINT('',(6.235825826513,4.993438165111E-02));
#4000 = CARTESIAN_POINT('',(6.212090088956,5.005990482211E-02));
#4001 = CARTESIAN_POINT('',(6.188326108718,5.018552531814E-02));
#4002 = CARTESIAN_POINT('',(6.164539235015,5.03111426763E-02));
#4003 = CARTESIAN_POINT('',(6.140735013912,5.043665643251E-02));
#4004 = CARTESIAN_POINT('',(6.116919114938,5.056196612708E-02));
#4005 = CARTESIAN_POINT('',(6.093097277249,5.068697128396E-02));
#4006 = CARTESIAN_POINT('',(6.069275231694,5.081157148813E-02));
#4007 = CARTESIAN_POINT('',(6.04545869732,5.093566609677E-02));
#4008 = CARTESIAN_POINT('',(6.021653103652,5.105915531733E-02));
#4009 = CARTESIAN_POINT('',(5.997864336882,5.118193618387E-02));
#4010 = CARTESIAN_POINT('',(5.974095667936,5.130391757381E-02));
#4011 = CARTESIAN_POINT('',(5.950358934283,5.14249641645E-02));
#4012 = CARTESIAN_POINT('',(5.926632531652,5.154510559021E-02));
#4013 = CARTESIAN_POINT('',(5.902806989255,5.166482673298E-02));
#4014 = CARTESIAN_POINT('',(5.878972684483,5.178359882061E-02));
#4015 = CARTESIAN_POINT('',(5.855112750486,5.190143540605E-02));
#4016 = CARTESIAN_POINT('',(5.831239122604,5.201820472639E-02));
#4017 = CARTESIAN_POINT('',(5.807355997513,5.213381395695E-02));
#4018 = CARTESIAN_POINT('',(5.783469568135,5.224815983602E-02));
#4019 = CARTESIAN_POINT('',(5.767546684245,5.232348121989E-02));
#4020 = CARTESIAN_POINT('',(5.759586531581,5.236089773552E-02));
#4021 = ( GEOMETRIC_REPRESENTATION_CONTEXT(2) 
PARAMETRIC_REPRESENTATION_CONTEXT() REPRESENTATION_CONTEXT('2D SPACE',''
  ) );
#4022 = ADVANCED_FACE('',(#4023),#3938,.T.);
#4023 = FACE_BOUND('',#4024,.T.);
#4024 = EDGE_LOOP('',(#4025,#4026,#4049,#4077));
#4025 = ORIENTED_EDGE('',*,*,#3921,.F.);
#4026 = ORIENTED_EDGE('',*,*,#4027,.T.);
#4027 = EDGE_CURVE('',#3851,#4028,#4030,.T.);
#4028 = VERTEX_POINT('',#4029);
#4029 = CARTESIAN_POINT('',(0.78,0.38,-0.4));
#4030 = SURFACE_CURVE('',#4031,(#4035,#4042),.PCURVE_S1.);
#4031 = LINE('',#4032,#4033);
#4032 = CARTESIAN_POINT('',(0.5,0.38,-0.4));
#4033 = VECTOR('',#4034,1.);
#4034 = DIRECTION('',(1.,0.,0.));
#4035 = PCURVE('',#3938,#4036);
#4036 = DEFINITIONAL_REPRESENTATION('',(#4037),#4041);
#4037 = LINE('',#4038,#4039);
#4038 = CARTESIAN_POINT('',(-2.E-02,0.));
#4039 = VECTOR('',#4040,1.);
#4040 = DIRECTION('',(0.,1.));
#4041 = ( GEOMETRIC_REPRESENTATION_CONTEXT(2) 
PARAMETRIC_REPRESENTATION_CONTEXT() REPRESENTATION_CONTEXT('2D SPACE',''
  ) );
#4042 = PCURVE('',#769,#4043);
#4043 = DEFINITIONAL_REPRESENTATION('',(#4044),#4048);
#4044 = LINE('',#4045,#4046);
#4045 = CARTESIAN_POINT('',(0.,0.));
#4046 = VECTOR('',#4047,1.);
#4047 = DIRECTION('',(0.,1.));
#4048 = ( GEOMETRIC_REPRESENTATION_CONTEXT(2) 
PARAMETRIC_REPRESENTATION_CONTEXT() REPRESENTATION_CONTEXT('2D SPACE',''
  ) );
#4049 = ORIENTED_EDGE('',*,*,#4050,.T.);
#4050 = EDGE_CURVE('',#4028,#4051,#4053,.T.);
#4051 = VERTEX_POINT('',#4052);
#4052 = CARTESIAN_POINT('',(0.78,-0.38,-0.4));
#4053 = SURFACE_CURVE('',#4054,(#4058,#4065),.PCURVE_S1.);
#4054 = LINE('',#4055,#4056);
#4055 = CARTESIAN_POINT('',(0.78,0.4,-0.4));
#4056 = VECTOR('',#4057,1.);
#4057 = DIRECTION('',(-0.,-1.,-1.355252715607E-16));
#4058 = PCURVE('',#3938,#4059);
#4059 = DEFINITIONAL_REPRESENTATION('',(#4060),#4064);
#4060 = LINE('',#4061,#4062);
#4061 = CARTESIAN_POINT('',(0.,0.28));
#4062 = VECTOR('',#4063,1.);
#4063 = DIRECTION('',(-1.,0.));
#4064 = ( GEOMETRIC_REPRESENTATION_CONTEXT(2) 
PARAMETRIC_REPRESENTATION_CONTEXT() REPRESENTATION_CONTEXT('2D SPACE',''
  ) );
#4065 = PCURVE('',#4066,#4071);
#4066 = CYLINDRICAL_SURFACE('',#4067,2.E-02);
#4067 = AXIS2_PLACEMENT_3D('',#4068,#4069,#4070);
#4068 = CARTESIAN_POINT('',(0.78,5.149960319306E-17,-0.38));
#4069 = DIRECTION('',(-0.,1.,1.355252715607E-16));
#4070 = DIRECTION('',(0.,-1.355252715607E-16,1.));
#4071 = DEFINITIONAL_REPRESENTATION('',(#4072),#4076);
#4072 = LINE('',#4073,#4074);
#4073 = CARTESIAN_POINT('',(3.14159265359,0.4));
#4074 = VECTOR('',#4075,1.);
#4075 = DIRECTION('',(0.,-1.));
#4076 = ( GEOMETRIC_REPRESENTATION_CONTEXT(2) 
PARAMETRIC_REPRESENTATION_CONTEXT() REPRESENTATION_CONTEXT('2D SPACE',''
  ) );
#4077 = ORIENTED_EDGE('',*,*,#4078,.T.);
#4078 = EDGE_CURVE('',#4051,#3922,#4079,.T.);
#4079 = SURFACE_CURVE('',#4080,(#4084,#4091),.PCURVE_S1.);
#4080 = LINE('',#4081,#4082);
#4081 = CARTESIAN_POINT('',(0.5,-0.38,-0.4));
#4082 = VECTOR('',#4083,1.);
#4083 = DIRECTION('',(-1.,-0.,-0.));
#4084 = PCURVE('',#3938,#4085);
#4085 = DEFINITIONAL_REPRESENTATION('',(#4086),#4090);
#4086 = LINE('',#4087,#4088);
#4087 = CARTESIAN_POINT('',(-0.78,0.));
#4088 = VECTOR('',#4089,1.);
#4089 = DIRECTION('',(0.,-1.));
#4090 = ( GEOMETRIC_REPRESENTATION_CONTEXT(2) 
PARAMETRIC_REPRESENTATION_CONTEXT() REPRESENTATION_CONTEXT('2D SPACE',''
  ) );
#4091 = PCURVE('',#856,#4092);
#4092 = DEFINITIONAL_REPRESENTATION('',(#4093),#4097);
#4093 = LINE('',#4094,#4095);
#4094 = CARTESIAN_POINT('',(6.28318530718,0.));
#4095 = VECTOR('',#4096,1.);
#4096 = DIRECTION('',(0.,-1.));
#4097 = ( GEOMETRIC_REPRESENTATION_CONTEXT(2) 
PARAMETRIC_REPRESENTATION_CONTEXT() REPRESENTATION_CONTEXT('2D SPACE',''
  ) );
#4098 = ADVANCED_FACE('',(#4099),#4113,.T.);
#4099 = FACE_BOUND('',#4100,.T.);
#4100 = EDGE_LOOP('',(#4101,#4131,#4154,#4177));
#4101 = ORIENTED_EDGE('',*,*,#4102,.T.);
#4102 = EDGE_CURVE('',#4103,#4105,#4107,.T.);
#4103 = VERTEX_POINT('',#4104);
#4104 = CARTESIAN_POINT('',(0.8,0.38,0.38));
#4105 = VERTEX_POINT('',#4106);
#4106 = CARTESIAN_POINT('',(0.8,-0.38,0.38));
#4107 = SURFACE_CURVE('',#4108,(#4112,#4124),.PCURVE_S1.);
#4108 = LINE('',#4109,#4110);
#4109 = CARTESIAN_POINT('',(0.8,-5.149960319306E-17,0.38));
#4110 = VECTOR('',#4111,1.);
#4111 = DIRECTION('',(0.,-1.,-1.355252715607E-16));
#4112 = PCURVE('',#4113,#4118);
#4113 = PLANE('',#4114);
#4114 = AXIS2_PLACEMENT_3D('',#4115,#4116,#4117);
#4115 = CARTESIAN_POINT('',(0.8,0.,0.));
#4116 = DIRECTION('',(1.,0.,0.));
#4117 = DIRECTION('',(0.,0.,-1.));
#4118 = DEFINITIONAL_REPRESENTATION('',(#4119),#4123);
#4119 = LINE('',#4120,#4121);
#4120 = CARTESIAN_POINT('',(-0.38,-5.149960319306E-17));
#4121 = VECTOR('',#4122,1.);
#4122 = DIRECTION('',(1.355252715607E-16,-1.));
#4123 = ( GEOMETRIC_REPRESENTATION_CONTEXT(2) 
PARAMETRIC_REPRESENTATION_CONTEXT() REPRESENTATION_CONTEXT('2D SPACE',''
  ) );
#4124 = PCURVE('',#3410,#4125);
#4125 = DEFINITIONAL_REPRESENTATION('',(#4126),#4130);
#4126 = LINE('',#4127,#4128);
#4127 = CARTESIAN_POINT('',(1.570796326795,0.));
#4128 = VECTOR('',#4129,1.);
#4129 = DIRECTION('',(0.,1.));
#4130 = ( GEOMETRIC_REPRESENTATION_CONTEXT(2) 
PARAMETRIC_REPRESENTATION_CONTEXT() REPRESENTATION_CONTEXT('2D SPACE',''
  ) );
#4131 = ORIENTED_EDGE('',*,*,#4132,.T.);
#4132 = EDGE_CURVE('',#4105,#4133,#4135,.T.);
#4133 = VERTEX_POINT('',#4134);
#4134 = CARTESIAN_POINT('',(0.8,-0.38,-0.38));
#4135 = SURFACE_CURVE('',#4136,(#4140,#4147),.PCURVE_S1.);
#4136 = LINE('',#4137,#4138);
#4137 = CARTESIAN_POINT('',(0.8,-0.38,0.));
#4138 = VECTOR('',#4139,1.);
#4139 = DIRECTION('',(0.,0.,-1.));
#4140 = PCURVE('',#4113,#4141);
#4141 = DEFINITIONAL_REPRESENTATION('',(#4142),#4146);
#4142 = LINE('',#4143,#4144);
#4143 = CARTESIAN_POINT('',(0.,-0.38));
#4144 = VECTOR('',#4145,1.);
#4145 = DIRECTION('',(1.,0.));
#4146 = ( GEOMETRIC_REPRESENTATION_CONTEXT(2) 
PARAMETRIC_REPRESENTATION_CONTEXT() REPRESENTATION_CONTEXT('2D SPACE',''
  ) );
#4147 = PCURVE('',#3300,#4148);
#4148 = DEFINITIONAL_REPRESENTATION('',(#4149),#4153);
#4149 = LINE('',#4150,#4151);
#4150 = CARTESIAN_POINT('',(3.14159265359,0.));
#4151 = VECTOR('',#4152,1.);
#4152 = DIRECTION('',(0.,1.));
#4153 = ( GEOMETRIC_REPRESENTATION_CONTEXT(2) 
PARAMETRIC_REPRESENTATION_CONTEXT() REPRESENTATION_CONTEXT('2D SPACE',''
  ) );
#4154 = ORIENTED_EDGE('',*,*,#4155,.T.);
#4155 = EDGE_CURVE('',#4133,#4156,#4158,.T.);
#4156 = VERTEX_POINT('',#4157);
#4157 = CARTESIAN_POINT('',(0.8,0.38,-0.38));
#4158 = SURFACE_CURVE('',#4159,(#4163,#4170),.PCURVE_S1.);
#4159 = LINE('',#4160,#4161);
#4160 = CARTESIAN_POINT('',(0.8,5.149960319306E-17,-0.38));
#4161 = VECTOR('',#4162,1.);
#4162 = DIRECTION('',(-0.,1.,1.355252715607E-16));
#4163 = PCURVE('',#4113,#4164);
#4164 = DEFINITIONAL_REPRESENTATION('',(#4165),#4169);
#4165 = LINE('',#4166,#4167);
#4166 = CARTESIAN_POINT('',(0.38,5.149960319306E-17));
#4167 = VECTOR('',#4168,1.);
#4168 = DIRECTION('',(-1.355252715607E-16,1.));
#4169 = ( GEOMETRIC_REPRESENTATION_CONTEXT(2) 
PARAMETRIC_REPRESENTATION_CONTEXT() REPRESENTATION_CONTEXT('2D SPACE',''
  ) );
#4170 = PCURVE('',#4066,#4171);
#4171 = DEFINITIONAL_REPRESENTATION('',(#4172),#4176);
#4172 = LINE('',#4173,#4174);
#4173 = CARTESIAN_POINT('',(1.570796326795,0.));
#4174 = VECTOR('',#4175,1.);
#4175 = DIRECTION('',(0.,1.));
#4176 = ( GEOMETRIC_REPRESENTATION_CONTEXT(2) 
PARAMETRIC_REPRESENTATION_CONTEXT() REPRESENTATION_CONTEXT('2D SPACE',''
  ) );
#4177 = ORIENTED_EDGE('',*,*,#4178,.T.);
#4178 = EDGE_CURVE('',#4156,#4103,#4179,.T.);
#4179 = SURFACE_CURVE('',#4180,(#4184,#4191),.PCURVE_S1.);
#4180 = LINE('',#4181,#4182);
#4181 = CARTESIAN_POINT('',(0.8,0.38,0.));
#4182 = VECTOR('',#4183,1.);
#4183 = DIRECTION('',(0.,-0.,1.));
#4184 = PCURVE('',#4113,#4185);
#4185 = DEFINITIONAL_REPRESENTATION('',(#4186),#4190);
#4186 = LINE('',#4187,#4188);
#4187 = CARTESIAN_POINT('',(0.,0.38));
#4188 = VECTOR('',#4189,1.);
#4189 = DIRECTION('',(-1.,0.));
#4190 = ( GEOMETRIC_REPRESENTATION_CONTEXT(2) 
PARAMETRIC_REPRESENTATION_CONTEXT() REPRESENTATION_CONTEXT('2D SPACE',''
  ) );
#4191 = PCURVE('',#3520,#4192);
#4192 = DEFINITIONAL_REPRESENTATION('',(#4193),#4197);
#4193 = LINE('',#4194,#4195);
#4194 = CARTESIAN_POINT('',(0.,0.));
#4195 = VECTOR('',#4196,1.);
#4196 = DIRECTION('',(0.,1.));
#4197 = ( GEOMETRIC_REPRESENTATION_CONTEXT(2) 
PARAMETRIC_REPRESENTATION_CONTEXT() REPRESENTATION_CONTEXT('2D SPACE',''
  ) );
#4198 = ADVANCED_FACE('',(#4199),#4213,.T.);
#4199 = FACE_BOUND('',#4200,.T.);
#4200 = EDGE_LOOP('',(#4201,#4231,#4254));
#4201 = ORIENTED_EDGE('',*,*,#4202,.F.);
#4202 = EDGE_CURVE('',#4203,#4205,#4207,.T.);
#4203 = VERTEX_POINT('',#4204);
#4204 = CARTESIAN_POINT('',(0.552360897736,0.397320508076,-0.39));
#4205 = VERTEX_POINT('',#4206);
#4206 = CARTESIAN_POINT('',(0.552360897736,0.395725218114,-0.39));
#4207 = SURFACE_CURVE('',#4208,(#4212,#4224),.PCURVE_S1.);
#4208 = LINE('',#4209,#4210);
#4209 = CARTESIAN_POINT('',(0.552360897736,0.39,-0.39));
#4210 = VECTOR('',#4211,1.);
#4211 = DIRECTION('',(0.,-1.,1.036602379928E-14));
#4212 = PCURVE('',#4213,#4218);
#4213 = PLANE('',#4214);
#4214 = AXIS2_PLACEMENT_3D('',#4215,#4216,#4217);
#4215 = CARTESIAN_POINT('',(-0.75,0.39,-0.39));
#4216 = DIRECTION('',(0.,2.085004177857E-16,-1.));
#4217 = DIRECTION('',(0.,1.,2.085004177857E-16));
#4218 = DEFINITIONAL_REPRESENTATION('',(#4219),#4223);
#4219 = LINE('',#4220,#4221);
#4220 = CARTESIAN_POINT('',(1.665334536938E-16,1.302360897736));
#4221 = VECTOR('',#4222,1.);
#4222 = DIRECTION('',(-1.,0.));
#4223 = ( GEOMETRIC_REPRESENTATION_CONTEXT(2) 
PARAMETRIC_REPRESENTATION_CONTEXT() REPRESENTATION_CONTEXT('2D SPACE',''
  ) );
#4224 = PCURVE('',#67,#4225);
#4225 = DEFINITIONAL_REPRESENTATION('',(#4226),#4230);
#4226 = LINE('',#4227,#4228);
#4227 = CARTESIAN_POINT('',(4.447389873679,4.218847493576E-15));
#4228 = VECTOR('',#4229,1.);
#4229 = DIRECTION('',(0.,-1.));
#4230 = ( GEOMETRIC_REPRESENTATION_CONTEXT(2) 
PARAMETRIC_REPRESENTATION_CONTEXT() REPRESENTATION_CONTEXT('2D SPACE',''
  ) );
#4231 = ORIENTED_EDGE('',*,*,#4232,.F.);
#4232 = EDGE_CURVE('',#4233,#4203,#4235,.T.);
#4233 = VERTEX_POINT('',#4234);
#4234 = CARTESIAN_POINT('',(0.55279477409,0.397320508076,-0.39));
#4235 = SURFACE_CURVE('',#4236,(#4240,#4247),.PCURVE_S1.);
#4236 = LINE('',#4237,#4238);
#4237 = CARTESIAN_POINT('',(0.5,0.397320508076,-0.39));
#4238 = VECTOR('',#4239,1.);
#4239 = DIRECTION('',(-1.,-0.,-0.));
#4240 = PCURVE('',#4213,#4241);
#4241 = DEFINITIONAL_REPRESENTATION('',(#4242),#4246);
#4242 = LINE('',#4243,#4244);
#4243 = CARTESIAN_POINT('',(7.320508075689E-03,1.25));
#4244 = VECTOR('',#4245,1.);
#4245 = DIRECTION('',(0.,-1.));
#4246 = ( GEOMETRIC_REPRESENTATION_CONTEXT(2) 
PARAMETRIC_REPRESENTATION_CONTEXT() REPRESENTATION_CONTEXT('2D SPACE',''
  ) );
#4247 = PCURVE('',#769,#4248);
#4248 = DEFINITIONAL_REPRESENTATION('',(#4249),#4253);
#4249 = LINE('',#4250,#4251);
#4250 = CARTESIAN_POINT('',(1.047197551197,0.));
#4251 = VECTOR('',#4252,1.);
#4252 = DIRECTION('',(0.,-1.));
#4253 = ( GEOMETRIC_REPRESENTATION_CONTEXT(2) 
PARAMETRIC_REPRESENTATION_CONTEXT() REPRESENTATION_CONTEXT('2D SPACE',''
  ) );
#4254 = ORIENTED_EDGE('',*,*,#4255,.T.);
#4255 = EDGE_CURVE('',#4233,#4205,#4256,.T.);
#4256 = SURFACE_CURVE('',#4257,(#4262,#4273),.PCURVE_S1.);
#4257 = CIRCLE('',#4258,1.5);
#4258 = AXIS2_PLACEMENT_3D('',#4259,#4260,#4261);
#4259 = CARTESIAN_POINT('',(2.,2.862609056759E-03,-0.39));
#4260 = DIRECTION('',(0.,-1.084202172486E-16,1.));
#4261 = DIRECTION('',(0.,1.,1.084202172486E-16));
#4262 = PCURVE('',#4213,#4263);
#4263 = DEFINITIONAL_REPRESENTATION('',(#4264),#4272);
#4264 = ( BOUNDED_CURVE() B_SPLINE_CURVE(2,(#4265,#4266,#4267,#4268,
#4269,#4270,#4271),.UNSPECIFIED.,.T.,.F.) B_SPLINE_CURVE_WITH_KNOTS((1,2
    ,2,2,2,1),(-2.094395102393,0.,2.094395102393,4.188790204786,
6.28318530718,8.377580409573),.UNSPECIFIED.) CURVE() 
GEOMETRIC_REPRESENTATION_ITEM() RATIONAL_B_SPLINE_CURVE((1.,0.5,1.,0.5,
1.,0.5,1.)) REPRESENTATION_ITEM('') );
#4265 = CARTESIAN_POINT('',(1.112862609057,2.75));
#4266 = CARTESIAN_POINT('',(1.112862609057,0.151923788647));
#4267 = CARTESIAN_POINT('',(-1.137137390943,1.450961894323));
#4268 = CARTESIAN_POINT('',(-3.387137390943,2.75));
#4269 = CARTESIAN_POINT('',(-1.137137390943,4.049038105677));
#4270 = CARTESIAN_POINT('',(1.112862609057,5.348076211353));
#4271 = CARTESIAN_POINT('',(1.112862609057,2.75));
#4272 = ( GEOMETRIC_REPRESENTATION_CONTEXT(2) 
PARAMETRIC_REPRESENTATION_CONTEXT() REPRESENTATION_CONTEXT('2D SPACE',''
  ) );
#4273 = PCURVE('',#4274,#4279);
#4274 = CYLINDRICAL_SURFACE('',#4275,1.5);
#4275 = AXIS2_PLACEMENT_3D('',#4276,#4277,#4278);
#4276 = CARTESIAN_POINT('',(2.,2.862609056759E-03,-0.39));
#4277 = DIRECTION('',(-0.,1.084202172486E-16,-1.));
#4278 = DIRECTION('',(0.,1.,1.084202172486E-16));
#4279 = DEFINITIONAL_REPRESENTATION('',(#4280),#4284);
#4280 = LINE('',#4281,#4282);
#4281 = CARTESIAN_POINT('',(6.28318530718,0.));
#4282 = VECTOR('',#4283,1.);
#4283 = DIRECTION('',(-1.,0.));
#4284 = ( GEOMETRIC_REPRESENTATION_CONTEXT(2) 
PARAMETRIC_REPRESENTATION_CONTEXT() REPRESENTATION_CONTEXT('2D SPACE',''
  ) );
#4285 = ADVANCED_FACE('',(#4286),#571,.T.);
#4286 = FACE_BOUND('',#4287,.T.);
#4287 = EDGE_LOOP('',(#4288,#4359,#4360,#4409,#4410,#4479,#4480,#4554,
    #4581));
#4288 = ORIENTED_EDGE('',*,*,#4289,.F.);
#4289 = EDGE_CURVE('',#3339,#4290,#4292,.T.);
#4290 = VERTEX_POINT('',#4291);
#4291 = CARTESIAN_POINT('',(0.552360897736,0.39,0.397320508076));
#4292 = SURFACE_CURVE('',#4293,(#4301,#4330),.PCURVE_S1.);
#4293 = B_SPLINE_CURVE_WITH_KNOTS('',3,(#4294,#4295,#4296,#4297,#4298,
    #4299,#4300),.UNSPECIFIED.,.F.,.F.,(4,3,4),(0.,7.143265410873E-06,
    1.075925527192E-05),.UNSPECIFIED.);
#4294 = CARTESIAN_POINT('',(0.549684095589,0.38,0.4));
#4295 = CARTESIAN_POINT('',(0.550291848752,0.382302220319,0.4));
#4296 = CARTESIAN_POINT('',(0.550913778947,0.384634715556,0.399592039699
    ));
#4297 = CARTESIAN_POINT('',(0.551497710592,0.386805349055,0.398806574009
    ));
#4298 = CARTESIAN_POINT('',(0.551794249214,0.387907664154,0.398407690139
    ));
#4299 = CARTESIAN_POINT('',(0.552084247519,0.388980585929,0.397909067064
    ));
#4300 = CARTESIAN_POINT('',(0.552360897736,0.39,0.397320508076));
#4301 = PCURVE('',#571,#4302);
#4302 = DEFINITIONAL_REPRESENTATION('',(#4303),#4329);
#4303 = B_SPLINE_CURVE_WITH_KNOTS('',3,(#4304,#4305,#4306,#4307,#4308,
    #4309,#4310,#4311,#4312,#4313,#4314,#4315,#4316,#4317,#4318,#4319,
    #4320,#4321,#4322,#4323,#4324,#4325,#4326,#4327,#4328),
  .UNSPECIFIED.,.F.,.F.,(4,1,1,1,1,1,1,1,1,1,1,1,1,1,1,1,1,1,1,1,1,1,4),
  (0.,4.890570578144E-07,9.781141156288E-07,1.467171173443E-06,
    1.956228231258E-06,2.445285289072E-06,2.934342346886E-06,
    3.423399404701E-06,3.912456462515E-06,4.40151352033E-06,
    4.890570578144E-06,5.379627635958E-06,5.868684693773E-06,
    6.357741751587E-06,6.846798809402E-06,7.335855867216E-06,
    7.82491292503E-06,8.313969982845E-06,8.803027040659E-06,
    9.292084098474E-06,9.781141156288E-06,1.02701982141E-05,
    1.075925527192E-05),.QUASI_UNIFORM_KNOTS.);
#4304 = CARTESIAN_POINT('',(3.14159265359,4.968409558943E-02));
#4305 = CARTESIAN_POINT('',(3.133711713548,4.972570484746E-02));
#4306 = CARTESIAN_POINT('',(3.117935530343,4.980905626837E-02));
#4307 = CARTESIAN_POINT('',(3.094233172923,4.993438165111E-02));
#4308 = CARTESIAN_POINT('',(3.070497435366,5.005990482211E-02));
#4309 = CARTESIAN_POINT('',(3.046733455129,5.018552531814E-02));
#4310 = CARTESIAN_POINT('',(3.022946581425,5.03111426763E-02));
#4311 = CARTESIAN_POINT('',(2.999142360323,5.043665643251E-02));
#4312 = CARTESIAN_POINT('',(2.975326461348,5.056196612708E-02));
#4313 = CARTESIAN_POINT('',(2.95150462366,5.068697128396E-02));
#4314 = CARTESIAN_POINT('',(2.927682578104,5.081157148813E-02));
#4315 = CARTESIAN_POINT('',(2.903866043731,5.093566609677E-02));
#4316 = CARTESIAN_POINT('',(2.880060450062,5.105915531733E-02));
#4317 = CARTESIAN_POINT('',(2.856271683293,5.118193618387E-02));
#4318 = CARTESIAN_POINT('',(2.832503014346,5.130391757381E-02));
#4319 = CARTESIAN_POINT('',(2.808766280693,5.14249641645E-02));
#4320 = CARTESIAN_POINT('',(2.785039878062,5.154510559021E-02));
#4321 = CARTESIAN_POINT('',(2.761214335665,5.166482673298E-02));
#4322 = CARTESIAN_POINT('',(2.737380030893,5.178359882061E-02));
#4323 = CARTESIAN_POINT('',(2.713520096896,5.190143540605E-02));
#4324 = CARTESIAN_POINT('',(2.689646469014,5.201820472639E-02));
#4325 = CARTESIAN_POINT('',(2.665763343923,5.213381395696E-02));
#4326 = CARTESIAN_POINT('',(2.641876914545,5.224815983602E-02));
#4327 = CARTESIAN_POINT('',(2.625954030655,5.232348121989E-02));
#4328 = CARTESIAN_POINT('',(2.617993877991,5.236089773552E-02));
#4329 = ( GEOMETRIC_REPRESENTATION_CONTEXT(2) 
PARAMETRIC_REPRESENTATION_CONTEXT() REPRESENTATION_CONTEXT('2D SPACE',''
  ) );
#4330 = PCURVE('',#309,#4331);
#4331 = DEFINITIONAL_REPRESENTATION('',(#4332),#4358);
#4332 = B_SPLINE_CURVE_WITH_KNOTS('',3,(#4333,#4334,#4335,#4336,#4337,
    #4338,#4339,#4340,#4341,#4342,#4343,#4344,#4345,#4346,#4347,#4348,
    #4349,#4350,#4351,#4352,#4353,#4354,#4355,#4356,#4357),
  .UNSPECIFIED.,.F.,.F.,(4,1,1,1,1,1,1,1,1,1,1,1,1,1,1,1,1,1,1,1,1,1,4),
  (0.,4.890570578144E-07,9.781141156288E-07,1.467171173443E-06,
    1.956228231258E-06,2.445285289072E-06,2.934342346886E-06,
    3.423399404701E-06,3.912456462515E-06,4.40151352033E-06,
    4.890570578144E-06,5.379627635958E-06,5.868684693773E-06,
    6.357741751587E-06,6.846798809402E-06,7.335855867216E-06,
    7.82491292503E-06,8.313969982845E-06,8.803027040659E-06,
    9.292084098474E-06,9.781141156288E-06,1.02701982141E-05,
    1.075925527192E-05),.QUASI_UNIFORM_KNOTS.);
#4333 = CARTESIAN_POINT('',(4.454291264685,1.E-02));
#4334 = CARTESIAN_POINT('',(4.454182585339,1.E-02));
#4335 = CARTESIAN_POINT('',(4.453965021087,9.996175511251E-03));
#4336 = CARTESIAN_POINT('',(4.453638313554,9.979023952276E-03));
#4337 = CARTESIAN_POINT('',(4.453311500393,9.950516207812E-03));
#4338 = CARTESIAN_POINT('',(4.452984837132,9.910710918352E-03));
#4339 = CARTESIAN_POINT('',(4.452658579301,9.859666723888E-03));
#4340 = CARTESIAN_POINT('',(4.452332982435,9.797442266293E-03));
#4341 = CARTESIAN_POINT('',(4.452008302057,9.724096180413E-03));
#4342 = CARTESIAN_POINT('',(4.451684793735,9.639687127328E-03));
#4343 = CARTESIAN_POINT('',(4.451362712883,9.544273670203E-03));
#4344 = CARTESIAN_POINT('',(4.451042315493,9.437914737626E-03));
#4345 = CARTESIAN_POINT('',(4.450723855396,9.320667894412E-03));
#4346 = CARTESIAN_POINT('',(4.450407594488,9.192595795049E-03));
#4347 = CARTESIAN_POINT('',(4.450093764578,9.053742099099E-03));
#4348 = CARTESIAN_POINT('',(4.44978270975,8.904221356161E-03));
#4349 = CARTESIAN_POINT('',(4.449474355068,8.74388355061E-03));
#4350 = CARTESIAN_POINT('',(4.449167434084,8.572196995634E-03));
#4351 = CARTESIAN_POINT('',(4.448863291586,8.389889694015E-03));
#4352 = CARTESIAN_POINT('',(4.448561881585,8.196951088806E-03));
#4353 = CARTESIAN_POINT('',(4.448263530751,7.993568519893E-03));
#4354 = CARTESIAN_POINT('',(4.447968465901,7.779876299557E-03));
#4355 = CARTESIAN_POINT('',(4.447676940618,7.556022953663E-03));
#4356 = CARTESIAN_POINT('',(4.447485114394,7.400109772117E-03));
#4357 = CARTESIAN_POINT('',(4.447389873679,7.320508075687E-03));
#4358 = ( GEOMETRIC_REPRESENTATION_CONTEXT(2) 
PARAMETRIC_REPRESENTATION_CONTEXT() REPRESENTATION_CONTEXT('2D SPACE',''
  ) );
#4359 = ORIENTED_EDGE('',*,*,#3422,.F.);
#4360 = ORIENTED_EDGE('',*,*,#4361,.F.);
#4361 = EDGE_CURVE('',#3482,#3395,#4362,.T.);
#4362 = SURFACE_CURVE('',#4363,(#4368,#4375),.PCURVE_S1.);
#4363 = CIRCLE('',#4364,2.E-02);
#4364 = AXIS2_PLACEMENT_3D('',#4365,#4366,#4367);
#4365 = CARTESIAN_POINT('',(0.78,0.38,0.38));
#4366 = DIRECTION('',(1.,0.,0.));
#4367 = DIRECTION('',(0.,0.,-1.));
#4368 = PCURVE('',#571,#4369);
#4369 = DEFINITIONAL_REPRESENTATION('',(#4370),#4374);
#4370 = LINE('',#4371,#4372);
#4371 = CARTESIAN_POINT('',(0.,0.28));
#4372 = VECTOR('',#4373,1.);
#4373 = DIRECTION('',(1.,0.));
#4374 = ( GEOMETRIC_REPRESENTATION_CONTEXT(2) 
PARAMETRIC_REPRESENTATION_CONTEXT() REPRESENTATION_CONTEXT('2D SPACE',''
  ) );
#4375 = PCURVE('',#4376,#4381);
#4376 = SPHERICAL_SURFACE('',#4377,2.E-02);
#4377 = AXIS2_PLACEMENT_3D('',#4378,#4379,#4380);
#4378 = CARTESIAN_POINT('',(0.78,0.38,0.38));
#4379 = DIRECTION('',(0.,1.,0.));
#4380 = DIRECTION('',(1.,0.,0.));
#4381 = DEFINITIONAL_REPRESENTATION('',(#4382),#4408);
#4382 = B_SPLINE_CURVE_WITH_KNOTS('',3,(#4383,#4384,#4385,#4386,#4387,
    #4388,#4389,#4390,#4391,#4392,#4393,#4394,#4395,#4396,#4397,#4398,
    #4399,#4400,#4401,#4402,#4403,#4404,#4405,#4406,#4407),
  .UNSPECIFIED.,.F.,.F.,(4,1,1,1,1,1,1,1,1,1,1,1,1,1,1,1,1,1,1,1,1,1,4),
  (1.570796326795,1.642196159831,1.713595992867,1.784995825903,
    1.856395658939,1.927795491976,1.999195325012,2.070595158048,
    2.141994991084,2.21339482412,2.284794657156,2.356194490192,
    2.427594323228,2.498994156265,2.570393989301,2.641793822337,
    2.713193655373,2.784593488409,2.855993321445,2.927393154481,
    2.998792987518,3.070192820554,3.14159265359),.QUASI_UNIFORM_KNOTS.);
#4383 = CARTESIAN_POINT('',(4.712388980385,1.570796326795));
#4384 = CARTESIAN_POINT('',(4.712388980385,1.54699638245));
#4385 = CARTESIAN_POINT('',(4.712388980385,1.499396493759));
#4386 = CARTESIAN_POINT('',(4.712388980385,1.427996660723));
#4387 = CARTESIAN_POINT('',(4.712388980385,1.356596827687));
#4388 = CARTESIAN_POINT('',(4.712388980385,1.28519699465));
#4389 = CARTESIAN_POINT('',(4.712388980385,1.213797161614));
#4390 = CARTESIAN_POINT('',(4.712388980385,1.142397328578));
#4391 = CARTESIAN_POINT('',(4.712388980385,1.070997495542));
#4392 = CARTESIAN_POINT('',(4.712388980385,0.999597662506));
#4393 = CARTESIAN_POINT('',(4.712388980385,0.92819782947));
#4394 = CARTESIAN_POINT('',(4.712388980385,0.856797996434));
#4395 = CARTESIAN_POINT('',(4.712388980385,0.785398163397));
#4396 = CARTESIAN_POINT('',(4.712388980385,0.713998330361));
#4397 = CARTESIAN_POINT('',(4.712388980385,0.642598497325));
#4398 = CARTESIAN_POINT('',(4.712388980385,0.571198664289));
#4399 = CARTESIAN_POINT('',(4.712388980385,0.499798831253));
#4400 = CARTESIAN_POINT('',(4.712388980385,0.428398998217));
#4401 = CARTESIAN_POINT('',(4.712388980385,0.356999165181));
#4402 = CARTESIAN_POINT('',(4.712388980385,0.285599332145));
#4403 = CARTESIAN_POINT('',(4.712388980385,0.214199499108));
#4404 = CARTESIAN_POINT('',(4.712388980385,0.142799666072));
#4405 = CARTESIAN_POINT('',(4.712388980385,7.139983303613E-02));
#4406 = CARTESIAN_POINT('',(4.712388980385,2.379994434538E-02));
#4407 = CARTESIAN_POINT('',(4.712388980385,0.));
#4408 = ( GEOMETRIC_REPRESENTATION_CONTEXT(2) 
PARAMETRIC_REPRESENTATION_CONTEXT() REPRESENTATION_CONTEXT('2D SPACE',''
  ) );
#4409 = ORIENTED_EDGE('',*,*,#3481,.F.);
#4410 = ORIENTED_EDGE('',*,*,#4411,.F.);
#4411 = EDGE_CURVE('',#502,#3447,#4412,.T.);
#4412 = SURFACE_CURVE('',#4413,(#4421,#4450),.PCURVE_S1.);
#4413 = B_SPLINE_CURVE_WITH_KNOTS('',3,(#4414,#4415,#4416,#4417,#4418,
    #4419,#4420),.UNSPECIFIED.,.F.,.F.,(4,3,4),(2.105565289438E-05,
    2.657544385806E-05,3.178943704871E-05),.UNSPECIFIED.);
#4414 = CARTESIAN_POINT('',(0.550819320949,0.397320508076,0.39));
#4415 = CARTESIAN_POINT('',(0.550404277049,0.398217504733,0.388446356216
    ));
#4416 = CARTESIAN_POINT('',(0.549957326107,0.398906265398,0.386762899107
    ));
#4417 = CARTESIAN_POINT('',(0.549502355228,0.399355558044,0.385036106976
    ));
#4418 = CARTESIAN_POINT('',(0.549070345615,0.399782175991,0.383396461816
    ));
#4419 = CARTESIAN_POINT('',(0.548624398869,0.4,0.381692282543));
#4420 = CARTESIAN_POINT('',(0.548184795385,0.4,0.38));
#4421 = PCURVE('',#571,#4422);
#4422 = DEFINITIONAL_REPRESENTATION('',(#4423),#4449);
#4423 = B_SPLINE_CURVE_WITH_KNOTS('',3,(#4424,#4425,#4426,#4427,#4428,
    #4429,#4430,#4431,#4432,#4433,#4434,#4435,#4436,#4437,#4438,#4439,
    #4440,#4441,#4442,#4443,#4444,#4445,#4446,#4447,#4448),
  .UNSPECIFIED.,.F.,.F.,(4,1,1,1,1,1,1,1,1,1,1,1,1,1,1,1,1,1,1,1,1,1,4),
  (2.105565289438E-05,2.154355217412E-05,2.203145145387E-05,
    2.251935073361E-05,2.300725001335E-05,2.349514929309E-05,
    2.398304857283E-05,2.447094785258E-05,2.495884713232E-05,
    2.544674641206E-05,2.59346456918E-05,2.642254497154E-05,
    2.691044425129E-05,2.739834353103E-05,2.788624281077E-05,
    2.837414209051E-05,2.886204137025E-05,2.934994065E-05,
    2.983783992974E-05,3.032573920948E-05,3.081363848922E-05,
    3.130153776896E-05,3.178943704871E-05),.QUASI_UNIFORM_KNOTS.);
#4424 = CARTESIAN_POINT('',(2.094395102393,5.081932094937E-02));
#4425 = CARTESIAN_POINT('',(2.086466494522,5.078263484635E-02));
#4426 = CARTESIAN_POINT('',(2.070602690431,5.070876406425E-02));
#4427 = CARTESIAN_POINT('',(2.046792396798,5.05965611385E-02));
#4428 = CARTESIAN_POINT('',(2.022972585711,5.048306044414E-02));
#4429 = CARTESIAN_POINT('',(1.999148703492,5.03683609359E-02));
#4430 = CARTESIAN_POINT('',(1.97532639089,5.025256167712E-02));
#4431 = CARTESIAN_POINT('',(1.951511359938,5.0135761326E-02));
#4432 = CARTESIAN_POINT('',(1.927709696411,5.001806005264E-02));
#4433 = CARTESIAN_POINT('',(1.903926397811,4.989955238471E-02));
#4434 = CARTESIAN_POINT('',(1.880170542213,4.978035390768E-02));
#4435 = CARTESIAN_POINT('',(1.856435698682,4.966050161827E-02));
#4436 = CARTESIAN_POINT('',(1.832772743098,4.95403258104E-02));
#4437 = CARTESIAN_POINT('',(1.809017815195,4.941906217795E-02));
#4438 = CARTESIAN_POINT('',(1.785200721927,4.929693240667E-02));
#4439 = CARTESIAN_POINT('',(1.761376637675,4.917429279689E-02));
#4440 = CARTESIAN_POINT('',(1.737537452803,4.905117429615E-02));
#4441 = CARTESIAN_POINT('',(1.713692249627,4.892769503E-02));
#4442 = CARTESIAN_POINT('',(1.689845661569,4.880394976472E-02));
#4443 = CARTESIAN_POINT('',(1.666003592977,4.868003952567E-02));
#4444 = CARTESIAN_POINT('',(1.642171609925,4.85560636611E-02));
#4445 = CARTESIAN_POINT('',(1.618355285138,4.843212196867E-02));
#4446 = CARTESIAN_POINT('',(1.59456005606,4.830831412555E-02));
#4447 = CARTESIAN_POINT('',(1.578714071191,4.822593126942E-02));
#4448 = CARTESIAN_POINT('',(1.570796326795,4.818479538458E-02));
#4449 = ( GEOMETRIC_REPRESENTATION_CONTEXT(2) 
PARAMETRIC_REPRESENTATION_CONTEXT() REPRESENTATION_CONTEXT('2D SPACE',''
  ) );
#4450 = PCURVE('',#67,#4451);
#4451 = DEFINITIONAL_REPRESENTATION('',(#4452),#4478);
#4452 = B_SPLINE_CURVE_WITH_KNOTS('',3,(#4453,#4454,#4455,#4456,#4457,
    #4458,#4459,#4460,#4461,#4462,#4463,#4464,#4465,#4466,#4467,#4468,
    #4469,#4470,#4471,#4472,#4473,#4474,#4475,#4476,#4477),
  .UNSPECIFIED.,.F.,.F.,(4,1,1,1,1,1,1,1,1,1,1,1,1,1,1,1,1,1,1,1,1,1,4),
  (2.105565289438E-05,2.154355217412E-05,2.203145145387E-05,
    2.251935073361E-05,2.300725001335E-05,2.349514929309E-05,
    2.398304857283E-05,2.447094785258E-05,2.495884713232E-05,
    2.544674641206E-05,2.59346456918E-05,2.642254497154E-05,
    2.691044425129E-05,2.739834353103E-05,2.788624281077E-05,
    2.837414209051E-05,2.886204137025E-05,2.934994065E-05,
    2.983783992974E-05,3.032573920948E-05,3.081363848922E-05,
    3.130153776896E-05,3.178943704871E-05),.QUASI_UNIFORM_KNOTS.);
#4453 = CARTESIAN_POINT('',(4.973435331247,7.320508075685E-03));
#4454 = CARTESIAN_POINT('',(4.973340568757,7.399794415642E-03));
#4455 = CARTESIAN_POINT('',(4.973149651508,7.555113220196E-03));
#4456 = CARTESIAN_POINT('',(4.972859346616,7.778200391115E-03));
#4457 = CARTESIAN_POINT('',(4.972565360519,7.991267108206E-03));
#4458 = CARTESIAN_POINT('',(4.972267940951,8.194183981852E-03));
#4459 = CARTESIAN_POINT('',(4.971967335932,8.386821517329E-03));
#4460 = CARTESIAN_POINT('',(4.971663792418,8.569050612041E-03));
#4461 = CARTESIAN_POINT('',(4.971357561323,8.74074069998E-03));
#4462 = CARTESIAN_POINT('',(4.971048878786,8.901766676665E-03));
#4463 = CARTESIAN_POINT('',(4.97073803608,9.051983054911E-03));
#4464 = CARTESIAN_POINT('',(4.970425118711,9.191320416833E-03));
#4465 = CARTESIAN_POINT('',(4.970110980094,9.319425450041E-03));
#4466 = CARTESIAN_POINT('',(4.969793607773,9.437004350871E-03));
#4467 = CARTESIAN_POINT('',(4.969473572492,9.543762073313E-03));
#4468 = CARTESIAN_POINT('',(4.969151806404,9.63942745475E-03));
#4469 = CARTESIAN_POINT('',(4.968828388309,9.724016863983E-03));
#4470 = CARTESIAN_POINT('',(4.968503625661,9.797469626006E-03));
#4471 = CARTESIAN_POINT('',(4.968177764649,9.859745709635E-03));
#4472 = CARTESIAN_POINT('',(4.967851067874,9.910799552194E-03));
#4473 = CARTESIAN_POINT('',(4.967523793541,9.950587073165E-03));
#4474 = CARTESIAN_POINT('',(4.967196201031,9.979063794878E-03));
#4475 = CARTESIAN_POINT('',(4.966868549409,9.996185346118E-03));
#4476 = CARTESIAN_POINT('',(4.966650248351,1.000000000004E-02));
#4477 = CARTESIAN_POINT('',(4.966541174348,1.E-02));
#4478 = ( GEOMETRIC_REPRESENTATION_CONTEXT(2) 
PARAMETRIC_REPRESENTATION_CONTEXT() REPRESENTATION_CONTEXT('2D SPACE',''
  ) );
#4479 = ORIENTED_EDGE('',*,*,#557,.T.);
#4480 = ORIENTED_EDGE('',*,*,#4481,.F.);
#4481 = EDGE_CURVE('',#4482,#530,#4484,.T.);
#4482 = VERTEX_POINT('',#4483);
#4483 = CARTESIAN_POINT('',(0.552629051761,0.390986776106,0.39671199422)
  );
#4484 = SURFACE_CURVE('',#4485,(#4496,#4525),.PCURVE_S1.);
#4485 = B_SPLINE_CURVE_WITH_KNOTS('',3,(#4486,#4487,#4488,#4489,#4490,
    #4491,#4492,#4493,#4494,#4495),.UNSPECIFIED.,.F.,.F.,(4,3,3,4),(
    1.1949117137E-05,1.429275048701E-05,2.133539326495E-05,
    2.137738307157E-05),.UNSPECIFIED.);
#4486 = CARTESIAN_POINT('',(0.552629051761,0.390986776106,0.39671199422)
  );
#4487 = CARTESIAN_POINT('',(0.552803349688,0.391627309687,0.39629089552)
  );
#4488 = CARTESIAN_POINT('',(0.552972084981,0.392245714477,0.395831437976
    ));
#4489 = CARTESIAN_POINT('',(0.553133449071,0.392835740455,0.395337658545
    ));
#4490 = CARTESIAN_POINT('',(0.553615007124,0.39459655204,0.393864075049)
  );
#4491 = CARTESIAN_POINT('',(0.554038812828,0.396133267079,0.392046464678
    ));
#4492 = CARTESIAN_POINT('',(0.554361596231,0.397299365095,0.390036531792
    ));
#4493 = CARTESIAN_POINT('',(0.554363550564,0.397306425384,0.390024362397
    ));
#4494 = CARTESIAN_POINT('',(0.554365501451,0.397313473009,0.390012185093
    ));
#4495 = CARTESIAN_POINT('',(0.554367448913,0.397320508076,0.39));
#4496 = PCURVE('',#571,#4497);
#4497 = DEFINITIONAL_REPRESENTATION('',(#4498),#4524);
#4498 = B_SPLINE_CURVE_WITH_KNOTS('',3,(#4499,#4500,#4501,#4502,#4503,
    #4504,#4505,#4506,#4507,#4508,#4509,#4510,#4511,#4512,#4513,#4514,
    #4515,#4516,#4517,#4518,#4519,#4520,#4521,#4522,#4523),
  .UNSPECIFIED.,.F.,.F.,(4,1,1,1,1,1,1,1,1,1,1,1,1,1,1,1,1,1,1,1,1,1,4),
  (1.1949117137E-05,1.237767467948E-05,1.280623222196E-05,
    1.323478976444E-05,1.366334730692E-05,1.40919048494E-05,
    1.452046239188E-05,1.494901993436E-05,1.537757747684E-05,
    1.580613501932E-05,1.62346925618E-05,1.666325010428E-05,
    1.709180764676E-05,1.752036518924E-05,1.794892273172E-05,
    1.83774802742E-05,1.880603781668E-05,1.923459535916E-05,
    1.966315290164E-05,2.009171044413E-05,2.052026798661E-05,
    2.094882552909E-05,2.137738307157E-05),.QUASI_UNIFORM_KNOTS.);
#4499 = CARTESIAN_POINT('',(2.560019903349,5.262905176079E-02));
#4500 = CARTESIAN_POINT('',(2.55301127529,5.266092393549E-02));
#4501 = CARTESIAN_POINT('',(2.538985284444,5.272429668744E-02));
#4502 = CARTESIAN_POINT('',(2.517925280761,5.281817099854E-02));
#4503 = CARTESIAN_POINT('',(2.496845938069,5.291080516447E-02));
#4504 = CARTESIAN_POINT('',(2.475761214052,5.300209242035E-02));
#4505 = CARTESIAN_POINT('',(2.454639387925,5.309211705129E-02));
#4506 = CARTESIAN_POINT('',(2.433618890132,5.318025057899E-02));
#4507 = CARTESIAN_POINT('',(2.412622743044,5.326674602923E-02));
#4508 = CARTESIAN_POINT('',(2.391558308255,5.33519555548E-02));
#4509 = CARTESIAN_POINT('',(2.370456164919,5.343571062121E-02));
#4510 = CARTESIAN_POINT('',(2.349314109702,5.351798221177E-02));
#4511 = CARTESIAN_POINT('',(2.328138910468,5.359870392599E-02));
#4512 = CARTESIAN_POINT('',(2.306935070764,5.367781938063E-02));
#4513 = CARTESIAN_POINT('',(2.285707792439,5.375526950733E-02));
#4514 = CARTESIAN_POINT('',(2.264462130968,5.383099596102E-02));
#4515 = CARTESIAN_POINT('',(2.243203178862,5.390494018844E-02));
#4516 = CARTESIAN_POINT('',(2.221935942195,5.397704374591E-02));
#4517 = CARTESIAN_POINT('',(2.20066541584,5.404724795961E-02));
#4518 = CARTESIAN_POINT('',(2.179396171144,5.411549496665E-02));
#4519 = CARTESIAN_POINT('',(2.15813369666,5.418172389063E-02));
#4520 = CARTESIAN_POINT('',(2.136879216751,5.424588509822E-02));
#4521 = CARTESIAN_POINT('',(2.115648849234,5.430788699729E-02));
#4522 = CARTESIAN_POINT('',(2.101484238725,5.434782539102E-02));
#4523 = CARTESIAN_POINT('',(2.094395102393,5.436744891305E-02));
#4524 = ( GEOMETRIC_REPRESENTATION_CONTEXT(2) 
PARAMETRIC_REPRESENTATION_CONTEXT() REPRESENTATION_CONTEXT('2D SPACE',''
  ) );
#4525 = PCURVE('',#309,#4526);
#4526 = DEFINITIONAL_REPRESENTATION('',(#4527),#4553);
#4527 = B_SPLINE_CURVE_WITH_KNOTS('',3,(#4528,#4529,#4530,#4531,#4532,
    #4533,#4534,#4535,#4536,#4537,#4538,#4539,#4540,#4541,#4542,#4543,
    #4544,#4545,#4546,#4547,#4548,#4549,#4550,#4551,#4552),
  .UNSPECIFIED.,.F.,.F.,(4,1,1,1,1,1,1,1,1,1,1,1,1,1,1,1,1,1,1,1,1,1,4),
  (1.1949117137E-05,1.237767467948E-05,1.280623222196E-05,
    1.323478976444E-05,1.366334730692E-05,1.40919048494E-05,
    1.452046239188E-05,1.494901993436E-05,1.537757747684E-05,
    1.580613501932E-05,1.62346925618E-05,1.666325010428E-05,
    1.709180764676E-05,1.752036518924E-05,1.794892273172E-05,
    1.83774802742E-05,1.880603781668E-05,1.923459535916E-05,
    1.966315290164E-05,2.009171044413E-05,2.052026798661E-05,
    2.094882552909E-05,2.137738307157E-05),.QUASI_UNIFORM_KNOTS.);
#4528 = CARTESIAN_POINT('',(4.446708165463,6.711994219579E-03));
#4529 = CARTESIAN_POINT('',(4.446627240684,6.634991976898E-03));
#4530 = CARTESIAN_POINT('',(4.446466407182,6.478420960085E-03));
#4531 = CARTESIAN_POINT('',(4.446228373485,6.236024223928E-03));
#4532 = CARTESIAN_POINT('',(4.445993687588,5.986201538323E-03));
#4533 = CARTESIAN_POINT('',(4.445762610735,5.729225091518E-03));
#4534 = CARTESIAN_POINT('',(4.445534921318,5.46478048666E-03));
#4535 = CARTESIAN_POINT('',(4.445312199142,5.194741740538E-03));
#4536 = CARTESIAN_POINT('',(4.445093796139,4.918135907342E-03));
#4537 = CARTESIAN_POINT('',(4.444878811927,4.633941470618E-03));
#4538 = CARTESIAN_POINT('',(4.444667662313,4.342692203737E-03));
#4539 = CARTESIAN_POINT('',(4.444460410433,4.044505141294E-03));
#4540 = CARTESIAN_POINT('',(4.444257213924,3.739608983167E-03));
#4541 = CARTESIAN_POINT('',(4.444058205101,3.428202506882E-03));
#4542 = CARTESIAN_POINT('',(4.443863523069,3.110492514083E-03));
#4543 = CARTESIAN_POINT('',(4.443673305104,2.786683632298E-03));
#4544 = CARTESIAN_POINT('',(4.443487689011,2.456981161399E-03));
#4545 = CARTESIAN_POINT('',(4.443306812319,2.121589885999E-03));
#4546 = CARTESIAN_POINT('',(4.443130813134,1.780715979402E-03));
#4547 = CARTESIAN_POINT('',(4.442959827536,1.434560575415E-03));
#4548 = CARTESIAN_POINT('',(4.442793999136,1.083343577128E-03));
#4549 = CARTESIAN_POINT('',(4.442633443451,7.272148500075E-04));
#4550 = CARTESIAN_POINT('',(4.442478380851,3.66585640723E-04));
#4551 = CARTESIAN_POINT('',(4.44237855388,1.227896860818E-04));
#4552 = CARTESIAN_POINT('',(4.442329517562,0.));
#4553 = ( GEOMETRIC_REPRESENTATION_CONTEXT(2) 
PARAMETRIC_REPRESENTATION_CONTEXT() REPRESENTATION_CONTEXT('2D SPACE',''
  ) );
#4554 = ORIENTED_EDGE('',*,*,#4555,.F.);
#4555 = EDGE_CURVE('',#4556,#4482,#4558,.T.);
#4556 = VERTEX_POINT('',#4557);
#4557 = CARTESIAN_POINT('',(0.55279477409,0.39,0.397320508076));
#4558 = SURFACE_CURVE('',#4559,(#4564,#4570),.PCURVE_S1.);
#4559 = B_SPLINE_CURVE_WITH_KNOTS('',3,(#4560,#4561,#4562,#4563),
  .UNSPECIFIED.,.F.,.F.,(4,4),(1.045723794678E-05,1.162551472061E-05),
  .PIECEWISE_BEZIER_KNOTS.);
#4560 = CARTESIAN_POINT('',(0.55279477409,0.39,0.397320508076));
#4561 = CARTESIAN_POINT('',(0.552742061062,0.390334971655,0.3971271121)
  );
#4562 = CARTESIAN_POINT('',(0.552686763658,0.390664169667,0.396924081698
    ));
#4563 = CARTESIAN_POINT('',(0.552629051761,0.390986776106,0.39671199422)
  );
#4564 = PCURVE('',#571,#4565);
#4565 = DEFINITIONAL_REPRESENTATION('',(#4566),#4569);
#4566 = B_SPLINE_CURVE_WITH_KNOTS('',1,(#4567,#4568),.UNSPECIFIED.,.F.,
  .F.,(2,2),(1.045723794678E-05,1.162551472061E-05),
  .PIECEWISE_BEZIER_KNOTS.);
#4567 = CARTESIAN_POINT('',(2.617993877991,5.279477408988E-02));
#4568 = CARTESIAN_POINT('',(2.560019903349,5.262905176079E-02));
#4569 = ( GEOMETRIC_REPRESENTATION_CONTEXT(2) 
PARAMETRIC_REPRESENTATION_CONTEXT() REPRESENTATION_CONTEXT('2D SPACE',''
  ) );
#4570 = PCURVE('',#4571,#4576);
#4571 = CYLINDRICAL_SURFACE('',#4572,1.5);
#4572 = AXIS2_PLACEMENT_3D('',#4573,#4574,#4575);
#4573 = CARTESIAN_POINT('',(2.,0.39,2.862609056754E-03));
#4574 = DIRECTION('',(-0.,1.,-1.036602379928E-14));
#4575 = DIRECTION('',(0.,1.036602379928E-14,1.));
#4576 = DEFINITIONAL_REPRESENTATION('',(#4577),#4580);
#4577 = B_SPLINE_CURVE_WITH_KNOTS('',1,(#4578,#4579),.UNSPECIFIED.,.F.,
  .F.,(2,2),(1.045723794678E-05,1.162551472061E-05),
  .PIECEWISE_BEZIER_KNOTS.);
#4578 = CARTESIAN_POINT('',(4.978490246391,0.));
#4579 = CARTESIAN_POINT('',(4.978069795306,9.8677610606E-04));
#4580 = ( GEOMETRIC_REPRESENTATION_CONTEXT(2) 
PARAMETRIC_REPRESENTATION_CONTEXT() REPRESENTATION_CONTEXT('2D SPACE',''
  ) );
#4581 = ORIENTED_EDGE('',*,*,#4582,.T.);
#4582 = EDGE_CURVE('',#4556,#4290,#4583,.T.);
#4583 = SURFACE_CURVE('',#4584,(#4588,#4595),.PCURVE_S1.);
#4584 = LINE('',#4585,#4586);
#4585 = CARTESIAN_POINT('',(0.5,0.39,0.397320508076));
#4586 = VECTOR('',#4587,1.);
#4587 = DIRECTION('',(-1.,-0.,-0.));
#4588 = PCURVE('',#571,#4589);
#4589 = DEFINITIONAL_REPRESENTATION('',(#4590),#4594);
#4590 = LINE('',#4591,#4592);
#4591 = CARTESIAN_POINT('',(2.617993877991,0.));
#4592 = VECTOR('',#4593,1.);
#4593 = DIRECTION('',(0.,-1.));
#4594 = ( GEOMETRIC_REPRESENTATION_CONTEXT(2) 
PARAMETRIC_REPRESENTATION_CONTEXT() REPRESENTATION_CONTEXT('2D SPACE',''
  ) );
#4595 = PCURVE('',#4596,#4601);
#4596 = PLANE('',#4597);
#4597 = AXIS2_PLACEMENT_3D('',#4598,#4599,#4600);
#4598 = CARTESIAN_POINT('',(2.,0.39,2.862609056754E-03));
#4599 = DIRECTION('',(0.,1.,-1.036602379928E-14));
#4600 = DIRECTION('',(0.,1.036602379928E-14,1.));
#4601 = DEFINITIONAL_REPRESENTATION('',(#4602),#4606);
#4602 = LINE('',#4603,#4604);
#4603 = CARTESIAN_POINT('',(0.394457899019,-1.5));
#4604 = VECTOR('',#4605,1.);
#4605 = DIRECTION('',(0.,-1.));
#4606 = ( GEOMETRIC_REPRESENTATION_CONTEXT(2) 
PARAMETRIC_REPRESENTATION_CONTEXT() REPRESENTATION_CONTEXT('2D SPACE',''
  ) );
#4607 = ADVANCED_FACE('',(#4608),#3520,.T.);
#4608 = FACE_BOUND('',#4609,.T.);
#4609 = EDGE_LOOP('',(#4610,#4637,#4638,#4660));
#4610 = ORIENTED_EDGE('',*,*,#4611,.F.);
#4611 = EDGE_CURVE('',#3505,#4156,#4612,.T.);
#4612 = SURFACE_CURVE('',#4613,(#4618,#4625),.PCURVE_S1.);
#4613 = CIRCLE('',#4614,2.E-02);
#4614 = AXIS2_PLACEMENT_3D('',#4615,#4616,#4617);
#4615 = CARTESIAN_POINT('',(0.78,0.38,-0.38));
#4616 = DIRECTION('',(0.,0.,-1.));
#4617 = DIRECTION('',(-1.,0.,0.));
#4618 = PCURVE('',#3520,#4619);
#4619 = DEFINITIONAL_REPRESENTATION('',(#4620),#4624);
#4620 = LINE('',#4621,#4622);
#4621 = CARTESIAN_POINT('',(3.14159265359,-0.38));
#4622 = VECTOR('',#4623,1.);
#4623 = DIRECTION('',(-1.,0.));
#4624 = ( GEOMETRIC_REPRESENTATION_CONTEXT(2) 
PARAMETRIC_REPRESENTATION_CONTEXT() REPRESENTATION_CONTEXT('2D SPACE',''
  ) );
#4625 = PCURVE('',#4626,#4631);
#4626 = SPHERICAL_SURFACE('',#4627,2.E-02);
#4627 = AXIS2_PLACEMENT_3D('',#4628,#4629,#4630);
#4628 = CARTESIAN_POINT('',(0.78,0.38,-0.38));
#4629 = DIRECTION('',(0.,1.,0.));
#4630 = DIRECTION('',(1.,0.,0.));
#4631 = DEFINITIONAL_REPRESENTATION('',(#4632),#4636);
#4632 = LINE('',#4633,#4634);
#4633 = CARTESIAN_POINT('',(0.,3.14159265359));
#4634 = VECTOR('',#4635,1.);
#4635 = DIRECTION('',(0.,-1.));
#4636 = ( GEOMETRIC_REPRESENTATION_CONTEXT(2) 
PARAMETRIC_REPRESENTATION_CONTEXT() REPRESENTATION_CONTEXT('2D SPACE',''
  ) );
#4637 = ORIENTED_EDGE('',*,*,#3504,.F.);
#4638 = ORIENTED_EDGE('',*,*,#4639,.F.);
#4639 = EDGE_CURVE('',#4103,#3482,#4640,.T.);
#4640 = SURFACE_CURVE('',#4641,(#4646,#4653),.PCURVE_S1.);
#4641 = CIRCLE('',#4642,2.E-02);
#4642 = AXIS2_PLACEMENT_3D('',#4643,#4644,#4645);
#4643 = CARTESIAN_POINT('',(0.78,0.38,0.38));
#4644 = DIRECTION('',(0.,0.,1.));
#4645 = DIRECTION('',(1.,0.,-0.));
#4646 = PCURVE('',#3520,#4647);
#4647 = DEFINITIONAL_REPRESENTATION('',(#4648),#4652);
#4648 = LINE('',#4649,#4650);
#4649 = CARTESIAN_POINT('',(0.,0.38));
#4650 = VECTOR('',#4651,1.);
#4651 = DIRECTION('',(1.,0.));
#4652 = ( GEOMETRIC_REPRESENTATION_CONTEXT(2) 
PARAMETRIC_REPRESENTATION_CONTEXT() REPRESENTATION_CONTEXT('2D SPACE',''
  ) );
#4653 = PCURVE('',#4376,#4654);
#4654 = DEFINITIONAL_REPRESENTATION('',(#4655),#4659);
#4655 = LINE('',#4656,#4657);
#4656 = CARTESIAN_POINT('',(6.28318530718,0.));
#4657 = VECTOR('',#4658,1.);
#4658 = DIRECTION('',(0.,1.));
#4659 = ( GEOMETRIC_REPRESENTATION_CONTEXT(2) 
PARAMETRIC_REPRESENTATION_CONTEXT() REPRESENTATION_CONTEXT('2D SPACE',''
  ) );
#4660 = ORIENTED_EDGE('',*,*,#4178,.F.);
#4661 = ADVANCED_FACE('',(#4662),#769,.T.);
#4662 = FACE_BOUND('',#4663,.T.);
#4663 = EDGE_LOOP('',(#4664,#4733,#4734,#4778,#4779,#4780,#4781,#4855,
    #4875));
#4664 = ORIENTED_EDGE('',*,*,#4665,.F.);
#4665 = EDGE_CURVE('',#3449,#4203,#4666,.T.);
#4666 = SURFACE_CURVE('',#4667,(#4675,#4704),.PCURVE_S1.);
#4667 = B_SPLINE_CURVE_WITH_KNOTS('',3,(#4668,#4669,#4670,#4671,#4672,
    #4673,#4674),.UNSPECIFIED.,.F.,.F.,(4,3,4),(9.539999827931E-05,
    1.021809499593E-04,1.061694689542E-04),.UNSPECIFIED.);
#4668 = CARTESIAN_POINT('',(0.549684095589,0.4,-0.38));
#4669 = CARTESIAN_POINT('',(0.550260772507,0.4,-0.382184500878));
#4670 = CARTESIAN_POINT('',(0.550849804688,0.399633646139,
    -0.384394817942));
#4671 = CARTESIAN_POINT('',(0.551406685755,0.398925647883,
    -0.386466827184));
#4672 = CARTESIAN_POINT('',(0.55173502056,0.398508215,-0.387688475381));
#4673 = CARTESIAN_POINT('',(0.552056128188,0.397968889483,
    -0.388876970461));
#4674 = CARTESIAN_POINT('',(0.552360897736,0.397320508076,-0.39));
#4675 = PCURVE('',#769,#4676);
#4676 = DEFINITIONAL_REPRESENTATION('',(#4677),#4703);
#4677 = B_SPLINE_CURVE_WITH_KNOTS('',3,(#4678,#4679,#4680,#4681,#4682,
    #4683,#4684,#4685,#4686,#4687,#4688,#4689,#4690,#4691,#4692,#4693,
    #4694,#4695,#4696,#4697,#4698,#4699,#4700,#4701,#4702),
  .UNSPECIFIED.,.F.,.F.,(4,1,1,1,1,1,1,1,1,1,1,1,1,1,1,1,1,1,1,1,1,1,4),
  (9.539999827931E-05,9.588951967363E-05,9.637904106794E-05,
    9.686856246225E-05,9.735808385656E-05,9.784760525087E-05,
    9.833712664518E-05,9.882664803949E-05,9.931616943381E-05,
    9.980569082812E-05,1.002952122224E-04,1.007847336167E-04,
    1.012742550111E-04,1.017637764054E-04,1.022532977997E-04,
    1.02742819194E-04,1.032323405883E-04,1.037218619826E-04,
    1.042113833769E-04,1.047009047712E-04,1.051904261655E-04,
    1.056799475599E-04,1.061694689542E-04),.QUASI_UNIFORM_KNOTS.);
#4678 = CARTESIAN_POINT('',(1.570796326795,4.968409558943E-02));
#4679 = CARTESIAN_POINT('',(1.562911325948,4.972572627819E-02));
#4680 = CARTESIAN_POINT('',(1.547127764471,4.980911643441E-02));
#4681 = CARTESIAN_POINT('',(1.523416646616,4.993448753942E-02));
#4682 = CARTESIAN_POINT('',(1.49967454082,5.006004404976E-02));
#4683 = CARTESIAN_POINT('',(1.475906640806,5.018568549976E-02));
#4684 = CARTESIAN_POINT('',(1.45211833232,5.031131142496E-02));
#4685 = CARTESIAN_POINT('',(1.428315176072,5.043682135645E-02));
#4686 = CARTESIAN_POINT('',(1.404502831908,5.056211484178E-02));
#4687 = CARTESIAN_POINT('',(1.380687015688,5.068709136722E-02));
#4688 = CARTESIAN_POINT('',(1.356873380531,5.081165064768E-02));
#4689 = CARTESIAN_POINT('',(1.33306766616,5.093569154477E-02));
#4690 = CARTESIAN_POINT('',(1.309274851675,5.105911610462E-02));
#4691 = CARTESIAN_POINT('',(1.285502028629,5.118181448869E-02));
#4692 = CARTESIAN_POINT('',(1.261747393449,5.130372121249E-02));
#4693 = CARTESIAN_POINT('',(1.238041047895,5.142460526005E-02));
#4694 = CARTESIAN_POINT('',(1.214237895142,5.15451312573E-02));
#4695 = CARTESIAN_POINT('',(1.19042123963,5.166480497946E-02));
#4696 = CARTESIAN_POINT('',(1.166576025797,5.178363071079E-02));
#4697 = CARTESIAN_POINT('',(1.142713668914,5.190147916042E-02));
#4698 = CARTESIAN_POINT('',(1.118838528423,5.201825682889E-02));
#4699 = CARTESIAN_POINT('',(1.094956803686,5.213386062622E-02));
#4700 = CARTESIAN_POINT('',(1.071074095871,5.22481900331E-02));
#4701 = CARTESIAN_POINT('',(1.055155287379,5.232349256977E-02));
#4702 = CARTESIAN_POINT('',(1.047197551197,5.236089773552E-02));
#4703 = ( GEOMETRIC_REPRESENTATION_CONTEXT(2) 
PARAMETRIC_REPRESENTATION_CONTEXT() REPRESENTATION_CONTEXT('2D SPACE',''
  ) );
#4704 = PCURVE('',#67,#4705);
#4705 = DEFINITIONAL_REPRESENTATION('',(#4706),#4732);
#4706 = B_SPLINE_CURVE_WITH_KNOTS('',3,(#4707,#4708,#4709,#4710,#4711,
    #4712,#4713,#4714,#4715,#4716,#4717,#4718,#4719,#4720,#4721,#4722,
    #4723,#4724,#4725,#4726,#4727,#4728,#4729,#4730,#4731),
  .UNSPECIFIED.,.F.,.F.,(4,1,1,1,1,1,1,1,1,1,1,1,1,1,1,1,1,1,1,1,1,1,4),
  (9.539999827931E-05,9.588951967363E-05,9.637904106794E-05,
    9.686856246225E-05,9.735808385656E-05,9.784760525087E-05,
    9.833712664518E-05,9.882664803949E-05,9.931616943381E-05,
    9.980569082812E-05,1.002952122224E-04,1.007847336167E-04,
    1.012742550111E-04,1.017637764054E-04,1.022532977997E-04,
    1.02742819194E-04,1.032323405883E-04,1.037218619826E-04,
    1.042113833769E-04,1.047009047712E-04,1.051904261655E-04,
    1.056799475599E-04,1.061694689542E-04),.QUASI_UNIFORM_KNOTS.);
#4707 = CARTESIAN_POINT('',(4.454291264685,1.E-02));
#4708 = CARTESIAN_POINT('',(4.454182529364,1.E-02));
#4709 = CARTESIAN_POINT('',(4.453964863362,9.99618149975E-03));
#4710 = CARTESIAN_POINT('',(4.453638034146,9.979054025969E-03));
#4711 = CARTESIAN_POINT('',(4.453311130581,9.950582606035E-03));
#4712 = CARTESIAN_POINT('',(4.452984408536,9.910823017538E-03));
#4713 = CARTESIAN_POINT('',(4.452658123879,9.859831036821E-03));
#4714 = CARTESIAN_POINT('',(4.452332532489,9.797662444865E-03));
#4715 = CARTESIAN_POINT('',(4.452007890206,9.72437300535E-03));
#4716 = CARTESIAN_POINT('',(4.451684453028,9.640018546526E-03));
#4717 = CARTESIAN_POINT('',(4.451362476362,9.54465465566E-03));
#4718 = CARTESIAN_POINT('',(4.451042217826,9.43833781938E-03));
#4719 = CARTESIAN_POINT('',(4.450723926787,9.321121167859E-03));
#4720 = CARTESIAN_POINT('',(4.450407883406,9.193070357727E-03));
#4721 = CARTESIAN_POINT('',(4.450094252924,9.054204296238E-03));
#4722 = CARTESIAN_POINT('',(4.449783629459,8.904716361689E-03));
#4723 = CARTESIAN_POINT('',(4.449474292033,8.743803266658E-03));
#4724 = CARTESIAN_POINT('',(4.449167494087,8.57215208353E-03));
#4725 = CARTESIAN_POINT('',(4.448863214494,8.389759257879E-03));
#4726 = CARTESIAN_POINT('',(4.448561773651,8.196806288201E-03));
#4727 = CARTESIAN_POINT('',(4.448263400447,7.99342508812E-03));
#4728 = CARTESIAN_POINT('',(4.44796834829,7.779760857815E-03));
#4729 = CARTESIAN_POINT('',(4.447676864019,7.555955236121E-03));
#4730 = CARTESIAN_POINT('',(4.447485085503,7.400085625838E-03));
#4731 = CARTESIAN_POINT('',(4.447389873679,7.320508075693E-03));
#4732 = ( GEOMETRIC_REPRESENTATION_CONTEXT(2) 
PARAMETRIC_REPRESENTATION_CONTEXT() REPRESENTATION_CONTEXT('2D SPACE',''
  ) );
#4733 = ORIENTED_EDGE('',*,*,#3532,.F.);
#4734 = ORIENTED_EDGE('',*,*,#4735,.F.);
#4735 = EDGE_CURVE('',#4028,#3505,#4736,.T.);
#4736 = SURFACE_CURVE('',#4737,(#4742,#4749),.PCURVE_S1.);
#4737 = CIRCLE('',#4738,2.E-02);
#4738 = AXIS2_PLACEMENT_3D('',#4739,#4740,#4741);
#4739 = CARTESIAN_POINT('',(0.78,0.38,-0.38));
#4740 = DIRECTION('',(1.,-0.,0.));
#4741 = DIRECTION('',(0.,0.,-1.));
#4742 = PCURVE('',#769,#4743);
#4743 = DEFINITIONAL_REPRESENTATION('',(#4744),#4748);
#4744 = LINE('',#4745,#4746);
#4745 = CARTESIAN_POINT('',(0.,0.28));
#4746 = VECTOR('',#4747,1.);
#4747 = DIRECTION('',(1.,0.));
#4748 = ( GEOMETRIC_REPRESENTATION_CONTEXT(2) 
PARAMETRIC_REPRESENTATION_CONTEXT() REPRESENTATION_CONTEXT('2D SPACE',''
  ) );
#4749 = PCURVE('',#4626,#4750);
#4750 = DEFINITIONAL_REPRESENTATION('',(#4751),#4777);
#4751 = B_SPLINE_CURVE_WITH_KNOTS('',3,(#4752,#4753,#4754,#4755,#4756,
    #4757,#4758,#4759,#4760,#4761,#4762,#4763,#4764,#4765,#4766,#4767,
    #4768,#4769,#4770,#4771,#4772,#4773,#4774,#4775,#4776),
  .UNSPECIFIED.,.F.,.F.,(4,1,1,1,1,1,1,1,1,1,1,1,1,1,1,1,1,1,1,1,1,1,4),
  (0.,7.139983303613E-02,0.142799666072,0.214199499108,0.285599332145,
    0.356999165181,0.428398998217,0.499798831253,0.571198664289,
    0.642598497325,0.713998330361,0.785398163397,0.856797996434,
    0.92819782947,0.999597662506,1.070997495542,1.142397328578,
    1.213797161614,1.28519699465,1.356596827687,1.427996660723,
    1.499396493759,1.570796326795),.QUASI_UNIFORM_KNOTS.);
#4752 = CARTESIAN_POINT('',(1.570796326795,0.));
#4753 = CARTESIAN_POINT('',(1.570796326795,2.379994434538E-02));
#4754 = CARTESIAN_POINT('',(1.570796326795,7.139983303613E-02));
#4755 = CARTESIAN_POINT('',(1.570796326795,0.142799666072));
#4756 = CARTESIAN_POINT('',(1.570796326795,0.214199499108));
#4757 = CARTESIAN_POINT('',(1.570796326795,0.285599332145));
#4758 = CARTESIAN_POINT('',(1.570796326795,0.356999165181));
#4759 = CARTESIAN_POINT('',(1.570796326795,0.428398998217));
#4760 = CARTESIAN_POINT('',(1.570796326795,0.499798831253));
#4761 = CARTESIAN_POINT('',(1.570796326795,0.571198664289));
#4762 = CARTESIAN_POINT('',(1.570796326795,0.642598497325));
#4763 = CARTESIAN_POINT('',(1.570796326795,0.713998330361));
#4764 = CARTESIAN_POINT('',(1.570796326795,0.785398163397));
#4765 = CARTESIAN_POINT('',(1.570796326795,0.856797996434));
#4766 = CARTESIAN_POINT('',(1.570796326795,0.92819782947));
#4767 = CARTESIAN_POINT('',(1.570796326795,0.999597662506));
#4768 = CARTESIAN_POINT('',(1.570796326795,1.070997495542));
#4769 = CARTESIAN_POINT('',(1.570796326795,1.142397328578));
#4770 = CARTESIAN_POINT('',(1.570796326795,1.213797161614));
#4771 = CARTESIAN_POINT('',(1.570796326795,1.28519699465));
#4772 = CARTESIAN_POINT('',(1.570796326795,1.356596827687));
#4773 = CARTESIAN_POINT('',(1.570796326795,1.427996660723));
#4774 = CARTESIAN_POINT('',(1.570796326795,1.499396493759));
#4775 = CARTESIAN_POINT('',(1.570796326795,1.54699638245));
#4776 = CARTESIAN_POINT('',(1.570796326795,1.570796326795));
#4777 = ( GEOMETRIC_REPRESENTATION_CONTEXT(2) 
PARAMETRIC_REPRESENTATION_CONTEXT() REPRESENTATION_CONTEXT('2D SPACE',''
  ) );
#4778 = ORIENTED_EDGE('',*,*,#4027,.F.);
#4779 = ORIENTED_EDGE('',*,*,#3850,.F.);
#4780 = ORIENTED_EDGE('',*,*,#755,.T.);
#4781 = ORIENTED_EDGE('',*,*,#4782,.F.);
#4782 = EDGE_CURVE('',#4783,#728,#4785,.T.);
#4783 = VERTEX_POINT('',#4784);
#4784 = CARTESIAN_POINT('',(0.552629051761,0.39671199422,-0.390986776106
    ));
#4785 = SURFACE_CURVE('',#4786,(#4797,#4826),.PCURVE_S1.);
#4786 = B_SPLINE_CURVE_WITH_KNOTS('',3,(#4787,#4788,#4789,#4790,#4791,
    #4792,#4793,#4794,#4795,#4796),.UNSPECIFIED.,.F.,.F.,(4,3,3,4),(
    1.073592475864E-04,1.093617187202E-04,1.164178848833E-04,
    1.167886013909E-04),.UNSPECIFIED.);
#4787 = CARTESIAN_POINT('',(0.552629051761,0.39671199422,-0.390986776106
    ));
#4788 = CARTESIAN_POINT('',(0.552778046359,0.396352027624,
    -0.391534321592));
#4789 = CARTESIAN_POINT('',(0.55292294901,0.395964128654,-0.392065598631
    ));
#4790 = CARTESIAN_POINT('',(0.553062627663,0.3955507823,-0.39257669164)
  );
#4791 = CARTESIAN_POINT('',(0.553550950393,0.394105705211,
    -0.394363495345));
#4792 = CARTESIAN_POINT('',(0.553983119803,0.392312464185,
    -0.395931489118));
#4793 = CARTESIAN_POINT('',(0.5543151705,0.390320271646,-0.397131608105)
  );
#4794 = CARTESIAN_POINT('',(0.554332860695,0.390214136425,
    -0.397195545145));
#4795 = CARTESIAN_POINT('',(0.554350288675,0.390107370036,
    -0.397258517957));
#4796 = CARTESIAN_POINT('',(0.554367448913,0.39,-0.397320508076));
#4797 = PCURVE('',#769,#4798);
#4798 = DEFINITIONAL_REPRESENTATION('',(#4799),#4825);
#4799 = B_SPLINE_CURVE_WITH_KNOTS('',3,(#4800,#4801,#4802,#4803,#4804,
    #4805,#4806,#4807,#4808,#4809,#4810,#4811,#4812,#4813,#4814,#4815,
    #4816,#4817,#4818,#4819,#4820,#4821,#4822,#4823,#4824),
  .UNSPECIFIED.,.F.,.F.,(4,1,1,1,1,1,1,1,1,1,1,1,1,1,1,1,1,1,1,1,1,1,4),
  (1.073592475864E-04,1.077878545775E-04,1.082164615686E-04,
    1.086450685597E-04,1.090736755508E-04,1.09502282542E-04,
    1.099308895331E-04,1.103594965242E-04,1.107881035153E-04,
    1.112167105064E-04,1.116453174975E-04,1.120739244887E-04,
    1.125025314798E-04,1.129311384709E-04,1.13359745462E-04,
    1.137883524531E-04,1.142169594442E-04,1.146455664354E-04,
    1.150741734265E-04,1.155027804176E-04,1.159313874087E-04,
    1.163599943998E-04,1.167886013909E-04),.QUASI_UNIFORM_KNOTS.);
#4800 = CARTESIAN_POINT('',(0.989223576554,5.262905176079E-02));
#4801 = CARTESIAN_POINT('',(0.98221088241,5.266094242097E-02));
#4802 = CARTESIAN_POINT('',(0.968177647796,5.272434808188E-02));
#4803 = CARTESIAN_POINT('',(0.947106971836,5.281826958937E-02));
#4804 = CARTESIAN_POINT('',(0.926024483403,5.291091771588E-02));
#4805 = CARTESIAN_POINT('',(0.904917155872,5.300229843476E-02));
#4806 = CARTESIAN_POINT('',(0.88385366521,5.309207462915E-02));
#4807 = CARTESIAN_POINT('',(0.862907751828,5.317986505136E-02));
#4808 = CARTESIAN_POINT('',(0.841867801276,5.326652766275E-02));
#4809 = CARTESIAN_POINT('',(0.820796159033,5.335175761226E-02));
#4810 = CARTESIAN_POINT('',(0.799682004313,5.343556162344E-02));
#4811 = CARTESIAN_POINT('',(0.778534316393,5.351786293384E-02));
#4812 = CARTESIAN_POINT('',(0.757356917751,5.359860715038E-02));
#4813 = CARTESIAN_POINT('',(0.736155112371,5.367773388853E-02));
#4814 = CARTESIAN_POINT('',(0.714933862466,5.375518436019E-02));
#4815 = CARTESIAN_POINT('',(0.69369821323,5.383089938294E-02));
#4816 = CARTESIAN_POINT('',(0.672453184987,5.39048197553E-02));
#4817 = CARTESIAN_POINT('',(0.651203546804,5.397688674624E-02));
#4818 = CARTESIAN_POINT('',(0.629954596978,5.404703976205E-02));
#4819 = CARTESIAN_POINT('',(0.608709035812,5.411522518932E-02));
#4820 = CARTESIAN_POINT('',(0.587478464675,5.418136335608E-02));
#4821 = CARTESIAN_POINT('',(0.566240290962,5.42454718443E-02));
#4822 = CARTESIAN_POINT('',(0.545098387363,5.430720527876E-02));
#4823 = CARTESIAN_POINT('',(0.530821684497,5.434745033228E-02));
#4824 = CARTESIAN_POINT('',(0.523598775598,5.436744891305E-02));
#4825 = ( GEOMETRIC_REPRESENTATION_CONTEXT(2) 
PARAMETRIC_REPRESENTATION_CONTEXT() REPRESENTATION_CONTEXT('2D SPACE',''
  ) );
#4826 = PCURVE('',#67,#4827);
#4827 = DEFINITIONAL_REPRESENTATION('',(#4828),#4854);
#4828 = B_SPLINE_CURVE_WITH_KNOTS('',3,(#4829,#4830,#4831,#4832,#4833,
    #4834,#4835,#4836,#4837,#4838,#4839,#4840,#4841,#4842,#4843,#4844,
    #4845,#4846,#4847,#4848,#4849,#4850,#4851,#4852,#4853),
  .UNSPECIFIED.,.F.,.F.,(4,1,1,1,1,1,1,1,1,1,1,1,1,1,1,1,1,1,1,1,1,1,4),
  (1.073592475864E-04,1.077878545775E-04,1.082164615686E-04,
    1.086450685597E-04,1.090736755508E-04,1.09502282542E-04,
    1.099308895331E-04,1.103594965242E-04,1.107881035153E-04,
    1.112167105064E-04,1.116453174975E-04,1.120739244887E-04,
    1.125025314798E-04,1.129311384709E-04,1.13359745462E-04,
    1.137883524531E-04,1.142169594442E-04,1.146455664354E-04,
    1.150741734265E-04,1.155027804176E-04,1.159313874087E-04,
    1.163599943998E-04,1.167886013909E-04),.QUASI_UNIFORM_KNOTS.);
#4829 = CARTESIAN_POINT('',(4.446708165463,6.711994219582E-03));
#4830 = CARTESIAN_POINT('',(4.446627193748,6.634947316526E-03));
#4831 = CARTESIAN_POINT('',(4.44646627667,6.47829643163E-03));
#4832 = CARTESIAN_POINT('',(4.44622812326,6.235774940121E-03));
#4833 = CARTESIAN_POINT('',(4.445993401945,5.985914877849E-03));
#4834 = CARTESIAN_POINT('',(4.445762089052,5.728641013969E-03));
#4835 = CARTESIAN_POINT('',(4.445535028418,5.464924893409E-03));
#4836 = CARTESIAN_POINT('',(4.445313176139,5.195708102684E-03));
#4837 = CARTESIAN_POINT('',(4.445094352242,4.918476518397E-03));
#4838 = CARTESIAN_POINT('',(4.444879317452,4.634158205046E-03));
#4839 = CARTESIAN_POINT('',(4.444668044542,4.34275889594E-03));
#4840 = CARTESIAN_POINT('',(4.444460717414,4.044531461254E-03));
#4841 = CARTESIAN_POINT('',(4.444257463404,3.73966255488E-03));
#4842 = CARTESIAN_POINT('',(4.444058424999,3.428356558979E-03));
#4843 = CARTESIAN_POINT('',(4.443863740649,3.110813158922E-03));
#4844 = CARTESIAN_POINT('',(4.443673549806,2.787233098969E-03));
#4845 = CARTESIAN_POINT('',(4.443487991965,2.457817584614E-03));
#4846 = CARTESIAN_POINT('',(4.443307205447,2.122764917528E-03));
#4847 = CARTESIAN_POINT('',(4.443131333231,1.782284553439E-03));
#4848 = CARTESIAN_POINT('',(4.442960500843,1.436544235665E-03));
#4849 = CARTESIAN_POINT('',(4.442794898967,1.085867403113E-03));
#4850 = CARTESIAN_POINT('',(4.442634475118,7.299964247439E-04));
#4851 = CARTESIAN_POINT('',(4.442480084332,3.708422537115E-04));
#4852 = CARTESIAN_POINT('',(4.442379491264,1.250958021325E-04));
#4853 = CARTESIAN_POINT('',(4.442329517562,-5.551115123126E-17));
#4854 = ( GEOMETRIC_REPRESENTATION_CONTEXT(2) 
PARAMETRIC_REPRESENTATION_CONTEXT() REPRESENTATION_CONTEXT('2D SPACE',''
  ) );
#4855 = ORIENTED_EDGE('',*,*,#4856,.F.);
#4856 = EDGE_CURVE('',#4233,#4783,#4857,.T.);
#4857 = SURFACE_CURVE('',#4858,(#4863,#4869),.PCURVE_S1.);
#4858 = B_SPLINE_CURVE_WITH_KNOTS('',3,(#4859,#4860,#4861,#4862),
  .UNSPECIFIED.,.F.,.F.,(4,4),(0.,1.159356751937E-06),
  .PIECEWISE_BEZIER_KNOTS.);
#4859 = CARTESIAN_POINT('',(0.55279477409,0.397320508076,-0.39));
#4860 = CARTESIAN_POINT('',(0.552742061062,0.3971271121,-0.390334971655)
  );
#4861 = CARTESIAN_POINT('',(0.552686763658,0.396924081698,
    -0.390664169667));
#4862 = CARTESIAN_POINT('',(0.552629051761,0.39671199422,-0.390986776106
    ));
#4863 = PCURVE('',#769,#4864);
#4864 = DEFINITIONAL_REPRESENTATION('',(#4865),#4868);
#4865 = B_SPLINE_CURVE_WITH_KNOTS('',1,(#4866,#4867),.UNSPECIFIED.,.F.,
  .F.,(2,2),(0.,1.159356751937E-06),.PIECEWISE_BEZIER_KNOTS.);
#4866 = CARTESIAN_POINT('',(1.047197551197,5.279477408988E-02));
#4867 = CARTESIAN_POINT('',(0.989223576554,5.262905176079E-02));
#4868 = ( GEOMETRIC_REPRESENTATION_CONTEXT(2) 
PARAMETRIC_REPRESENTATION_CONTEXT() REPRESENTATION_CONTEXT('2D SPACE',''
  ) );
#4869 = PCURVE('',#4274,#4870);
#4870 = DEFINITIONAL_REPRESENTATION('',(#4871),#4874);
#4871 = B_SPLINE_CURVE_WITH_KNOTS('',1,(#4872,#4873),.UNSPECIFIED.,.F.,
  .F.,(2,2),(0.,1.159356751937E-06),.PIECEWISE_BEZIER_KNOTS.);
#4872 = CARTESIAN_POINT('',(4.978490246391,0.));
#4873 = CARTESIAN_POINT('',(4.978069795306,9.86776106065E-04));
#4874 = ( GEOMETRIC_REPRESENTATION_CONTEXT(2) 
PARAMETRIC_REPRESENTATION_CONTEXT() REPRESENTATION_CONTEXT('2D SPACE',''
  ) );
#4875 = ORIENTED_EDGE('',*,*,#4232,.T.);
#4876 = ADVANCED_FACE('',(#4877),#4376,.T.);
#4877 = FACE_BOUND('',#4878,.T.);
#4878 = EDGE_LOOP('',(#4879,#4880,#4881));
#4879 = ORIENTED_EDGE('',*,*,#4639,.T.);
#4880 = ORIENTED_EDGE('',*,*,#4361,.T.);
#4881 = ORIENTED_EDGE('',*,*,#4882,.F.);
#4882 = EDGE_CURVE('',#4103,#3395,#4883,.T.);
#4883 = SURFACE_CURVE('',#4884,(#4889,#4918),.PCURVE_S1.);
#4884 = CIRCLE('',#4885,2.E-02);
#4885 = AXIS2_PLACEMENT_3D('',#4886,#4887,#4888);
#4886 = CARTESIAN_POINT('',(0.78,0.38,0.38));
#4887 = DIRECTION('',(0.,-1.,0.));
#4888 = DIRECTION('',(0.,0.,1.));
#4889 = PCURVE('',#4376,#4890);
#4890 = DEFINITIONAL_REPRESENTATION('',(#4891),#4917);
#4891 = B_SPLINE_CURVE_WITH_KNOTS('',3,(#4892,#4893,#4894,#4895,#4896,
    #4897,#4898,#4899,#4900,#4901,#4902,#4903,#4904,#4905,#4906,#4907,
    #4908,#4909,#4910,#4911,#4912,#4913,#4914,#4915,#4916),
  .UNSPECIFIED.,.F.,.F.,(4,1,1,1,1,1,1,1,1,1,1,1,1,1,1,1,1,1,1,1,1,1,4),
  (4.712388980385,4.783788813421,4.855188646457,4.926588479493,
    4.997988312529,5.069388145565,5.140787978601,5.212187811638,
    5.283587644674,5.35498747771,5.426387310746,5.497787143782,
    5.569186976818,5.640586809854,5.711986642891,5.783386475927,
    5.854786308963,5.926186141999,5.997585975035,6.068985808071,
    6.140385641107,6.211785474143,6.28318530718),.QUASI_UNIFORM_KNOTS.);
#4892 = CARTESIAN_POINT('',(6.28318530718,0.));
#4893 = CARTESIAN_POINT('',(6.259385362834,0.));
#4894 = CARTESIAN_POINT('',(6.211785474143,0.));
#4895 = CARTESIAN_POINT('',(6.140385641107,0.));
#4896 = CARTESIAN_POINT('',(6.068985808071,0.));
#4897 = CARTESIAN_POINT('',(5.997585975035,0.));
#4898 = CARTESIAN_POINT('',(5.926186141999,0.));
#4899 = CARTESIAN_POINT('',(5.854786308963,0.));
#4900 = CARTESIAN_POINT('',(5.783386475927,0.));
#4901 = CARTESIAN_POINT('',(5.711986642891,0.));
#4902 = CARTESIAN_POINT('',(5.640586809854,0.));
#4903 = CARTESIAN_POINT('',(5.569186976818,0.));
#4904 = CARTESIAN_POINT('',(5.497787143782,0.));
#4905 = CARTESIAN_POINT('',(5.426387310746,0.));
#4906 = CARTESIAN_POINT('',(5.35498747771,0.));
#4907 = CARTESIAN_POINT('',(5.283587644674,0.));
#4908 = CARTESIAN_POINT('',(5.212187811638,0.));
#4909 = CARTESIAN_POINT('',(5.140787978601,0.));
#4910 = CARTESIAN_POINT('',(5.069388145565,0.));
#4911 = CARTESIAN_POINT('',(4.997988312529,0.));
#4912 = CARTESIAN_POINT('',(4.926588479493,0.));
#4913 = CARTESIAN_POINT('',(4.855188646457,0.));
#4914 = CARTESIAN_POINT('',(4.783788813421,0.));
#4915 = CARTESIAN_POINT('',(4.73618892473,0.));
#4916 = CARTESIAN_POINT('',(4.712388980385,0.));
#4917 = ( GEOMETRIC_REPRESENTATION_CONTEXT(2) 
PARAMETRIC_REPRESENTATION_CONTEXT() REPRESENTATION_CONTEXT('2D SPACE',''
  ) );
#4918 = PCURVE('',#3410,#4919);
#4919 = DEFINITIONAL_REPRESENTATION('',(#4920),#4924);
#4920 = LINE('',#4921,#4922);
#4921 = CARTESIAN_POINT('',(-3.14159265359,-0.38));
#4922 = VECTOR('',#4923,1.);
#4923 = DIRECTION('',(1.,0.));
#4924 = ( GEOMETRIC_REPRESENTATION_CONTEXT(2) 
PARAMETRIC_REPRESENTATION_CONTEXT() REPRESENTATION_CONTEXT('2D SPACE',''
  ) );
#4925 = ADVANCED_FACE('',(#4926),#4626,.T.);
#4926 = FACE_BOUND('',#4927,.T.);
#4927 = EDGE_LOOP('',(#4928,#4929,#4930));
#4928 = ORIENTED_EDGE('',*,*,#4735,.T.);
#4929 = ORIENTED_EDGE('',*,*,#4611,.T.);
#4930 = ORIENTED_EDGE('',*,*,#4931,.F.);
#4931 = EDGE_CURVE('',#4028,#4156,#4932,.T.);
#4932 = SURFACE_CURVE('',#4933,(#4938,#4945),.PCURVE_S1.);
#4933 = CIRCLE('',#4934,2.E-02);
#4934 = AXIS2_PLACEMENT_3D('',#4935,#4936,#4937);
#4935 = CARTESIAN_POINT('',(0.78,0.38,-0.38));
#4936 = DIRECTION('',(0.,-1.,0.));
#4937 = DIRECTION('',(0.,0.,1.));
#4938 = PCURVE('',#4626,#4939);
#4939 = DEFINITIONAL_REPRESENTATION('',(#4940),#4944);
#4940 = LINE('',#4941,#4942);
#4941 = CARTESIAN_POINT('',(4.712388980385,0.));
#4942 = VECTOR('',#4943,1.);
#4943 = DIRECTION('',(-1.,0.));
#4944 = ( GEOMETRIC_REPRESENTATION_CONTEXT(2) 
PARAMETRIC_REPRESENTATION_CONTEXT() REPRESENTATION_CONTEXT('2D SPACE',''
  ) );
#4945 = PCURVE('',#4066,#4946);
#4946 = DEFINITIONAL_REPRESENTATION('',(#4947),#4951);
#4947 = LINE('',#4948,#4949);
#4948 = CARTESIAN_POINT('',(6.28318530718,0.38));
#4949 = VECTOR('',#4950,1.);
#4950 = DIRECTION('',(-1.,0.));
#4951 = ( GEOMETRIC_REPRESENTATION_CONTEXT(2) 
PARAMETRIC_REPRESENTATION_CONTEXT() REPRESENTATION_CONTEXT('2D SPACE',''
  ) );
#4952 = ADVANCED_FACE('',(#4953),#368,.T.);
#4953 = FACE_BOUND('',#4954,.T.);
#4954 = EDGE_LOOP('',(#4955,#5026,#5027,#5076,#5077,#5146,#5147,#5221,
    #5248));
#4955 = ORIENTED_EDGE('',*,*,#4956,.F.);
#4956 = EDGE_CURVE('',#3229,#4957,#4959,.T.);
#4957 = VERTEX_POINT('',#4958);
#4958 = CARTESIAN_POINT('',(0.552360897736,-0.397320508076,0.39));
#4959 = SURFACE_CURVE('',#4960,(#4968,#4997),.PCURVE_S1.);
#4960 = B_SPLINE_CURVE_WITH_KNOTS('',3,(#4961,#4962,#4963,#4964,#4965,
    #4966,#4967),.UNSPECIFIED.,.F.,.F.,(4,3,4),(2.484219262025E-19,
    7.143265410874E-06,1.075925527191E-05),.UNSPECIFIED.);
#4961 = CARTESIAN_POINT('',(0.549684095589,-0.4,0.38));
#4962 = CARTESIAN_POINT('',(0.550291848752,-0.4,0.382302220319));
#4963 = CARTESIAN_POINT('',(0.550913778947,-0.399592039699,
    0.384634715556));
#4964 = CARTESIAN_POINT('',(0.551497710592,-0.398806574009,
    0.386805349055));
#4965 = CARTESIAN_POINT('',(0.551794249214,-0.398407690139,
    0.387907664154));
#4966 = CARTESIAN_POINT('',(0.552084247519,-0.397909067064,
    0.388980585929));
#4967 = CARTESIAN_POINT('',(0.552360897736,-0.397320508076,0.39));
#4968 = PCURVE('',#368,#4969);
#4969 = DEFINITIONAL_REPRESENTATION('',(#4970),#4996);
#4970 = B_SPLINE_CURVE_WITH_KNOTS('',3,(#4971,#4972,#4973,#4974,#4975,
    #4976,#4977,#4978,#4979,#4980,#4981,#4982,#4983,#4984,#4985,#4986,
    #4987,#4988,#4989,#4990,#4991,#4992,#4993,#4994,#4995),
  .UNSPECIFIED.,.F.,.F.,(4,1,1,1,1,1,1,1,1,1,1,1,1,1,1,1,1,1,1,1,1,1,4),
  (2.484219262025E-19,4.890570578144E-07,9.781141156286E-07,
    1.467171173443E-06,1.956228231257E-06,2.445285289071E-06,
    2.934342346885E-06,3.423399404699E-06,3.912456462514E-06,
    4.401513520328E-06,4.890570578142E-06,5.379627635956E-06,
    5.86868469377E-06,6.357741751585E-06,6.846798809399E-06,
    7.335855867213E-06,7.824912925027E-06,8.313969982841E-06,
    8.803027040655E-06,9.29208409847E-06,9.781141156284E-06,
    1.02701982141E-05,1.075925527191E-05),.QUASI_UNIFORM_KNOTS.);
#4971 = CARTESIAN_POINT('',(4.712388980385,4.968409558943E-02));
#4972 = CARTESIAN_POINT('',(4.704508040343,4.972570484746E-02));
#4973 = CARTESIAN_POINT('',(4.688731857138,4.980905626836E-02));
#4974 = CARTESIAN_POINT('',(4.665029499718,4.993438165111E-02));
#4975 = CARTESIAN_POINT('',(4.641293762161,5.005990482211E-02));
#4976 = CARTESIAN_POINT('',(4.617529781924,5.018552531814E-02));
#4977 = CARTESIAN_POINT('',(4.59374290822,5.03111426763E-02));
#4978 = CARTESIAN_POINT('',(4.569938687118,5.043665643251E-02));
#4979 = CARTESIAN_POINT('',(4.546122788143,5.056196612708E-02));
#4980 = CARTESIAN_POINT('',(4.522300950455,5.068697128396E-02));
#4981 = CARTESIAN_POINT('',(4.498478904899,5.081157148813E-02));
#4982 = CARTESIAN_POINT('',(4.474662370526,5.093566609677E-02));
#4983 = CARTESIAN_POINT('',(4.450856776857,5.105915531733E-02));
#4984 = CARTESIAN_POINT('',(4.427068010088,5.118193618387E-02));
#4985 = CARTESIAN_POINT('',(4.403299341141,5.130391757381E-02));
#4986 = CARTESIAN_POINT('',(4.379562607488,5.14249641645E-02));
#4987 = CARTESIAN_POINT('',(4.355836204857,5.154510559021E-02));
#4988 = CARTESIAN_POINT('',(4.33201066246,5.166482673298E-02));
#4989 = CARTESIAN_POINT('',(4.308176357688,5.178359882061E-02));
#4990 = CARTESIAN_POINT('',(4.284316423691,5.190143540605E-02));
#4991 = CARTESIAN_POINT('',(4.260442795809,5.201820472639E-02));
#4992 = CARTESIAN_POINT('',(4.236559670718,5.213381395695E-02));
#4993 = CARTESIAN_POINT('',(4.21267324134,5.224815983602E-02));
#4994 = CARTESIAN_POINT('',(4.19675035745,5.232348121989E-02));
#4995 = CARTESIAN_POINT('',(4.188790204786,5.236089773552E-02));
#4996 = ( GEOMETRIC_REPRESENTATION_CONTEXT(2) 
PARAMETRIC_REPRESENTATION_CONTEXT() REPRESENTATION_CONTEXT('2D SPACE',''
  ) );
#4997 = PCURVE('',#342,#4998);
#4998 = DEFINITIONAL_REPRESENTATION('',(#4999),#5025);
#4999 = B_SPLINE_CURVE_WITH_KNOTS('',3,(#5000,#5001,#5002,#5003,#5004,
    #5005,#5006,#5007,#5008,#5009,#5010,#5011,#5012,#5013,#5014,#5015,
    #5016,#5017,#5018,#5019,#5020,#5021,#5022,#5023,#5024),
  .UNSPECIFIED.,.F.,.F.,(4,1,1,1,1,1,1,1,1,1,1,1,1,1,1,1,1,1,1,1,1,1,4),
  (2.484219262025E-19,4.890570578144E-07,9.781141156286E-07,
    1.467171173443E-06,1.956228231257E-06,2.445285289071E-06,
    2.934342346885E-06,3.423399404699E-06,3.912456462514E-06,
    4.401513520328E-06,4.890570578142E-06,5.379627635956E-06,
    5.86868469377E-06,6.357741751585E-06,6.846798809399E-06,
    7.335855867213E-06,7.824912925027E-06,8.313969982841E-06,
    8.803027040655E-06,9.29208409847E-06,9.781141156284E-06,
    1.02701982141E-05,1.075925527191E-05),.QUASI_UNIFORM_KNOTS.);
#5000 = CARTESIAN_POINT('',(4.454291264685,1.E-02));
#5001 = CARTESIAN_POINT('',(4.454182585339,1.E-02));
#5002 = CARTESIAN_POINT('',(4.453965021087,9.996175511251E-03));
#5003 = CARTESIAN_POINT('',(4.453638313554,9.979023952277E-03));
#5004 = CARTESIAN_POINT('',(4.453311500393,9.950516207812E-03));
#5005 = CARTESIAN_POINT('',(4.452984837132,9.910710918353E-03));
#5006 = CARTESIAN_POINT('',(4.452658579301,9.859666723889E-03));
#5007 = CARTESIAN_POINT('',(4.452332982435,9.797442266294E-03));
#5008 = CARTESIAN_POINT('',(4.452008302057,9.724096180414E-03));
#5009 = CARTESIAN_POINT('',(4.451684793735,9.639687127329E-03));
#5010 = CARTESIAN_POINT('',(4.451362712883,9.544273670204E-03));
#5011 = CARTESIAN_POINT('',(4.451042315493,9.437914737627E-03));
#5012 = CARTESIAN_POINT('',(4.450723855396,9.320667894413E-03));
#5013 = CARTESIAN_POINT('',(4.450407594488,9.192595795051E-03));
#5014 = CARTESIAN_POINT('',(4.450093764578,9.053742099101E-03));
#5015 = CARTESIAN_POINT('',(4.44978270975,8.904221356163E-03));
#5016 = CARTESIAN_POINT('',(4.449474355068,8.743883550612E-03));
#5017 = CARTESIAN_POINT('',(4.449167434084,8.572196995636E-03));
#5018 = CARTESIAN_POINT('',(4.448863291586,8.389889694018E-03));
#5019 = CARTESIAN_POINT('',(4.448561881585,8.196951088809E-03));
#5020 = CARTESIAN_POINT('',(4.448263530751,7.993568519896E-03));
#5021 = CARTESIAN_POINT('',(4.447968465901,7.77987629956E-03));
#5022 = CARTESIAN_POINT('',(4.447676940618,7.556022953666E-03));
#5023 = CARTESIAN_POINT('',(4.447485114394,7.40010977212E-03));
#5024 = CARTESIAN_POINT('',(4.447389873679,7.32050807569E-03));
#5025 = ( GEOMETRIC_REPRESENTATION_CONTEXT(2) 
PARAMETRIC_REPRESENTATION_CONTEXT() REPRESENTATION_CONTEXT('2D SPACE',''
  ) );
#5026 = ORIENTED_EDGE('',*,*,#3312,.F.);
#5027 = ORIENTED_EDGE('',*,*,#5028,.F.);
#5028 = EDGE_CURVE('',#3372,#3285,#5029,.T.);
#5029 = SURFACE_CURVE('',#5030,(#5035,#5042),.PCURVE_S1.);
#5030 = CIRCLE('',#5031,2.E-02);
#5031 = AXIS2_PLACEMENT_3D('',#5032,#5033,#5034);
#5032 = CARTESIAN_POINT('',(0.78,-0.38,0.38));
#5033 = DIRECTION('',(1.,0.,0.));
#5034 = DIRECTION('',(0.,-0.,-1.));
#5035 = PCURVE('',#368,#5036);
#5036 = DEFINITIONAL_REPRESENTATION('',(#5037),#5041);
#5037 = LINE('',#5038,#5039);
#5038 = CARTESIAN_POINT('',(0.,0.28));
#5039 = VECTOR('',#5040,1.);
#5040 = DIRECTION('',(1.,0.));
#5041 = ( GEOMETRIC_REPRESENTATION_CONTEXT(2) 
PARAMETRIC_REPRESENTATION_CONTEXT() REPRESENTATION_CONTEXT('2D SPACE',''
  ) );
#5042 = PCURVE('',#5043,#5048);
#5043 = SPHERICAL_SURFACE('',#5044,2.E-02);
#5044 = AXIS2_PLACEMENT_3D('',#5045,#5046,#5047);
#5045 = CARTESIAN_POINT('',(0.78,-0.38,0.38));
#5046 = DIRECTION('',(0.,1.,0.));
#5047 = DIRECTION('',(1.,0.,0.));
#5048 = DEFINITIONAL_REPRESENTATION('',(#5049),#5075);
#5049 = B_SPLINE_CURVE_WITH_KNOTS('',3,(#5050,#5051,#5052,#5053,#5054,
    #5055,#5056,#5057,#5058,#5059,#5060,#5061,#5062,#5063,#5064,#5065,
    #5066,#5067,#5068,#5069,#5070,#5071,#5072,#5073,#5074),
  .UNSPECIFIED.,.F.,.F.,(4,1,1,1,1,1,1,1,1,1,1,1,1,1,1,1,1,1,1,1,1,1,4),
  (3.14159265359,3.212992486626,3.284392319662,3.355792152698,
    3.427191985734,3.49859181877,3.569991651807,3.641391484843,
    3.712791317879,3.784191150915,3.855590983951,3.926990816987,
    3.998390650023,4.06979048306,4.141190316096,4.212590149132,
    4.283989982168,4.355389815204,4.42678964824,4.498189481276,
    4.569589314312,4.640989147349,4.712388980385),
  .QUASI_UNIFORM_KNOTS.);
#5050 = CARTESIAN_POINT('',(4.712388980385,2.775557561563E-15));
#5051 = CARTESIAN_POINT('',(4.712388980385,-2.379994434537E-02));
#5052 = CARTESIAN_POINT('',(4.712388980385,-7.139983303613E-02));
#5053 = CARTESIAN_POINT('',(4.712388980385,-0.142799666072));
#5054 = CARTESIAN_POINT('',(4.712388980385,-0.214199499108));
#5055 = CARTESIAN_POINT('',(4.712388980385,-0.285599332145));
#5056 = CARTESIAN_POINT('',(4.712388980385,-0.356999165181));
#5057 = CARTESIAN_POINT('',(4.712388980385,-0.428398998217));
#5058 = CARTESIAN_POINT('',(4.712388980385,-0.499798831253));
#5059 = CARTESIAN_POINT('',(4.712388980385,-0.571198664289));
#5060 = CARTESIAN_POINT('',(4.712388980385,-0.642598497325));
#5061 = CARTESIAN_POINT('',(4.712388980385,-0.713998330361));
#5062 = CARTESIAN_POINT('',(4.712388980385,-0.785398163397));
#5063 = CARTESIAN_POINT('',(4.712388980385,-0.856797996434));
#5064 = CARTESIAN_POINT('',(4.712388980385,-0.92819782947));
#5065 = CARTESIAN_POINT('',(4.712388980385,-0.999597662506));
#5066 = CARTESIAN_POINT('',(4.712388980385,-1.070997495542));
#5067 = CARTESIAN_POINT('',(4.712388980385,-1.142397328578));
#5068 = CARTESIAN_POINT('',(4.712388980385,-1.213797161614));
#5069 = CARTESIAN_POINT('',(4.712388980385,-1.28519699465));
#5070 = CARTESIAN_POINT('',(4.712388980385,-1.356596827687));
#5071 = CARTESIAN_POINT('',(4.712388980385,-1.427996660723));
#5072 = CARTESIAN_POINT('',(4.712388980385,-1.499396493759));
#5073 = CARTESIAN_POINT('',(4.712388980385,-1.54699638245));
#5074 = CARTESIAN_POINT('',(4.712388980385,-1.570796326795));
#5075 = ( GEOMETRIC_REPRESENTATION_CONTEXT(2) 
PARAMETRIC_REPRESENTATION_CONTEXT() REPRESENTATION_CONTEXT('2D SPACE',''
  ) );
#5076 = ORIENTED_EDGE('',*,*,#3371,.F.);
#5077 = ORIENTED_EDGE('',*,*,#5078,.F.);
#5078 = EDGE_CURVE('',#289,#3337,#5079,.T.);
#5079 = SURFACE_CURVE('',#5080,(#5088,#5117),.PCURVE_S1.);
#5080 = B_SPLINE_CURVE_WITH_KNOTS('',3,(#5081,#5082,#5083,#5084,#5085,
    #5086,#5087),.UNSPECIFIED.,.F.,.F.,(4,3,4),(2.105565289438E-05,
    2.657544385805E-05,3.178943704871E-05),.UNSPECIFIED.);
#5081 = CARTESIAN_POINT('',(0.550819320949,-0.39,0.397320508076));
#5082 = CARTESIAN_POINT('',(0.550404277049,-0.388446356216,
    0.398217504733));
#5083 = CARTESIAN_POINT('',(0.549957326107,-0.386762899107,
    0.398906265398));
#5084 = CARTESIAN_POINT('',(0.549502355228,-0.385036106976,
    0.399355558044));
#5085 = CARTESIAN_POINT('',(0.549070345615,-0.383396461816,
    0.399782175991));
#5086 = CARTESIAN_POINT('',(0.548624398869,-0.381692282543,0.4));
#5087 = CARTESIAN_POINT('',(0.548184795385,-0.38,0.4));
#5088 = PCURVE('',#368,#5089);
#5089 = DEFINITIONAL_REPRESENTATION('',(#5090),#5116);
#5090 = B_SPLINE_CURVE_WITH_KNOTS('',3,(#5091,#5092,#5093,#5094,#5095,
    #5096,#5097,#5098,#5099,#5100,#5101,#5102,#5103,#5104,#5105,#5106,
    #5107,#5108,#5109,#5110,#5111,#5112,#5113,#5114,#5115),
  .UNSPECIFIED.,.F.,.F.,(4,1,1,1,1,1,1,1,1,1,1,1,1,1,1,1,1,1,1,1,1,1,4),
  (2.105565289438E-05,2.154355217412E-05,2.203145145387E-05,
    2.251935073361E-05,2.300725001335E-05,2.349514929309E-05,
    2.398304857283E-05,2.447094785258E-05,2.495884713232E-05,
    2.544674641206E-05,2.59346456918E-05,2.642254497154E-05,
    2.691044425129E-05,2.739834353103E-05,2.788624281077E-05,
    2.837414209051E-05,2.886204137025E-05,2.934994065E-05,
    2.983783992974E-05,3.032573920948E-05,3.081363848922E-05,
    3.130153776896E-05,3.178943704871E-05),.QUASI_UNIFORM_KNOTS.);
#5091 = CARTESIAN_POINT('',(3.665191429188,5.081932094936E-02));
#5092 = CARTESIAN_POINT('',(3.657262821317,5.078263484635E-02));
#5093 = CARTESIAN_POINT('',(3.641399017226,5.070876406424E-02));
#5094 = CARTESIAN_POINT('',(3.617588723593,5.05965611385E-02));
#5095 = CARTESIAN_POINT('',(3.593768912505,5.048306044414E-02));
#5096 = CARTESIAN_POINT('',(3.569945030287,5.03683609359E-02));
#5097 = CARTESIAN_POINT('',(3.546122717685,5.025256167712E-02));
#5098 = CARTESIAN_POINT('',(3.522307686733,5.0135761326E-02));
#5099 = CARTESIAN_POINT('',(3.498506023206,5.001806005264E-02));
#5100 = CARTESIAN_POINT('',(3.474722724605,4.989955238471E-02));
#5101 = CARTESIAN_POINT('',(3.450966869008,4.978035390768E-02));
#5102 = CARTESIAN_POINT('',(3.427232025477,4.966050161827E-02));
#5103 = CARTESIAN_POINT('',(3.403569069893,4.95403258104E-02));
#5104 = CARTESIAN_POINT('',(3.37981414199,4.941906217795E-02));
#5105 = CARTESIAN_POINT('',(3.355997048721,4.929693240667E-02));
#5106 = CARTESIAN_POINT('',(3.33217296447,4.917429279689E-02));
#5107 = CARTESIAN_POINT('',(3.308333779598,4.905117429615E-02));
#5108 = CARTESIAN_POINT('',(3.284488576422,4.892769503E-02));
#5109 = CARTESIAN_POINT('',(3.260641988364,4.880394976472E-02));
#5110 = CARTESIAN_POINT('',(3.236799919772,4.868003952567E-02));
#5111 = CARTESIAN_POINT('',(3.212967936719,4.85560636611E-02));
#5112 = CARTESIAN_POINT('',(3.189151611933,4.843212196867E-02));
#5113 = CARTESIAN_POINT('',(3.165356382855,4.830831412555E-02));
#5114 = CARTESIAN_POINT('',(3.149510397986,4.822593126942E-02));
#5115 = CARTESIAN_POINT('',(3.14159265359,4.818479538458E-02));
#5116 = ( GEOMETRIC_REPRESENTATION_CONTEXT(2) 
PARAMETRIC_REPRESENTATION_CONTEXT() REPRESENTATION_CONTEXT('2D SPACE',''
  ) );
#5117 = PCURVE('',#309,#5118);
#5118 = DEFINITIONAL_REPRESENTATION('',(#5119),#5145);
#5119 = B_SPLINE_CURVE_WITH_KNOTS('',3,(#5120,#5121,#5122,#5123,#5124,
    #5125,#5126,#5127,#5128,#5129,#5130,#5131,#5132,#5133,#5134,#5135,
    #5136,#5137,#5138,#5139,#5140,#5141,#5142,#5143,#5144),
  .UNSPECIFIED.,.F.,.F.,(4,1,1,1,1,1,1,1,1,1,1,1,1,1,1,1,1,1,1,1,1,1,4),
  (2.105565289438E-05,2.154355217412E-05,2.203145145387E-05,
    2.251935073361E-05,2.300725001335E-05,2.349514929309E-05,
    2.398304857283E-05,2.447094785258E-05,2.495884713232E-05,
    2.544674641206E-05,2.59346456918E-05,2.642254497154E-05,
    2.691044425129E-05,2.739834353103E-05,2.788624281077E-05,
    2.837414209051E-05,2.886204137025E-05,2.934994065E-05,
    2.983783992974E-05,3.032573920948E-05,3.081363848922E-05,
    3.130153776896E-05,3.178943704871E-05),.QUASI_UNIFORM_KNOTS.);
#5120 = CARTESIAN_POINT('',(4.973435331247,7.32050807569E-03));
#5121 = CARTESIAN_POINT('',(4.973340568757,7.399794415647E-03));
#5122 = CARTESIAN_POINT('',(4.973149651508,7.5551132202E-03));
#5123 = CARTESIAN_POINT('',(4.972859346616,7.778200391119E-03));
#5124 = CARTESIAN_POINT('',(4.972565360519,7.99126710821E-03));
#5125 = CARTESIAN_POINT('',(4.972267940951,8.194183981857E-03));
#5126 = CARTESIAN_POINT('',(4.971967335932,8.386821517333E-03));
#5127 = CARTESIAN_POINT('',(4.971663792418,8.569050612046E-03));
#5128 = CARTESIAN_POINT('',(4.971357561323,8.740740699984E-03));
#5129 = CARTESIAN_POINT('',(4.971048878786,8.901766676669E-03));
#5130 = CARTESIAN_POINT('',(4.97073803608,9.051983054915E-03));
#5131 = CARTESIAN_POINT('',(4.970425118711,9.191320416837E-03));
#5132 = CARTESIAN_POINT('',(4.970110980094,9.319425450045E-03));
#5133 = CARTESIAN_POINT('',(4.969793607773,9.437004350875E-03));
#5134 = CARTESIAN_POINT('',(4.969473572492,9.543762073317E-03));
#5135 = CARTESIAN_POINT('',(4.969151806404,9.639427454754E-03));
#5136 = CARTESIAN_POINT('',(4.968828388309,9.724016863987E-03));
#5137 = CARTESIAN_POINT('',(4.968503625661,9.797469626009E-03));
#5138 = CARTESIAN_POINT('',(4.968177764649,9.859745709639E-03));
#5139 = CARTESIAN_POINT('',(4.967851067874,9.910799552197E-03));
#5140 = CARTESIAN_POINT('',(4.967523793541,9.950587073167E-03));
#5141 = CARTESIAN_POINT('',(4.967196201031,9.97906379488E-03));
#5142 = CARTESIAN_POINT('',(4.966868549409,9.996185346119E-03));
#5143 = CARTESIAN_POINT('',(4.966650248351,1.000000000004E-02));
#5144 = CARTESIAN_POINT('',(4.966541174348,1.E-02));
#5145 = ( GEOMETRIC_REPRESENTATION_CONTEXT(2) 
PARAMETRIC_REPRESENTATION_CONTEXT() REPRESENTATION_CONTEXT('2D SPACE',''
  ) );
#5146 = ORIENTED_EDGE('',*,*,#354,.T.);
#5147 = ORIENTED_EDGE('',*,*,#5148,.F.);
#5148 = EDGE_CURVE('',#5149,#322,#5151,.T.);
#5149 = VERTEX_POINT('',#5150);
#5150 = CARTESIAN_POINT('',(0.552629051761,-0.39671199422,0.390986776106
    ));
#5151 = SURFACE_CURVE('',#5152,(#5163,#5192),.PCURVE_S1.);
#5152 = B_SPLINE_CURVE_WITH_KNOTS('',3,(#5153,#5154,#5155,#5156,#5157,
    #5158,#5159,#5160,#5161,#5162),.UNSPECIFIED.,.F.,.F.,(4,3,3,4),(
    1.1949117137E-05,1.429275048701E-05,2.133539326495E-05,
    2.137738307157E-05),.UNSPECIFIED.);
#5153 = CARTESIAN_POINT('',(0.552629051761,-0.39671199422,0.390986776106
    ));
#5154 = CARTESIAN_POINT('',(0.552803349688,-0.39629089552,0.391627309687
    ));
#5155 = CARTESIAN_POINT('',(0.552972084981,-0.395831437976,
    0.392245714477));
#5156 = CARTESIAN_POINT('',(0.553133449071,-0.395337658545,
    0.392835740455));
#5157 = CARTESIAN_POINT('',(0.553615007124,-0.393864075049,0.39459655204
    ));
#5158 = CARTESIAN_POINT('',(0.554038812828,-0.392046464678,
    0.396133267079));
#5159 = CARTESIAN_POINT('',(0.554361596231,-0.390036531792,
    0.397299365095));
#5160 = CARTESIAN_POINT('',(0.554363550564,-0.390024362397,
    0.397306425384));
#5161 = CARTESIAN_POINT('',(0.554365501451,-0.390012185093,
    0.397313473009));
#5162 = CARTESIAN_POINT('',(0.554367448913,-0.39,0.397320508076));
#5163 = PCURVE('',#368,#5164);
#5164 = DEFINITIONAL_REPRESENTATION('',(#5165),#5191);
#5165 = B_SPLINE_CURVE_WITH_KNOTS('',3,(#5166,#5167,#5168,#5169,#5170,
    #5171,#5172,#5173,#5174,#5175,#5176,#5177,#5178,#5179,#5180,#5181,
    #5182,#5183,#5184,#5185,#5186,#5187,#5188,#5189,#5190),
  .UNSPECIFIED.,.F.,.F.,(4,1,1,1,1,1,1,1,1,1,1,1,1,1,1,1,1,1,1,1,1,1,4),
  (1.1949117137E-05,1.237767467948E-05,1.280623222196E-05,
    1.323478976444E-05,1.366334730692E-05,1.40919048494E-05,
    1.452046239188E-05,1.494901993436E-05,1.537757747684E-05,
    1.580613501932E-05,1.62346925618E-05,1.666325010428E-05,
    1.709180764676E-05,1.752036518924E-05,1.794892273172E-05,
    1.83774802742E-05,1.880603781668E-05,1.923459535917E-05,
    1.966315290165E-05,2.009171044413E-05,2.052026798661E-05,
    2.094882552909E-05,2.137738307157E-05),.QUASI_UNIFORM_KNOTS.);
#5166 = CARTESIAN_POINT('',(4.130816230144,5.262905176079E-02));
#5167 = CARTESIAN_POINT('',(4.123807602085,5.266092393549E-02));
#5168 = CARTESIAN_POINT('',(4.109781611239,5.272429668744E-02));
#5169 = CARTESIAN_POINT('',(4.088721607556,5.281817099854E-02));
#5170 = CARTESIAN_POINT('',(4.067642264864,5.291080516447E-02));
#5171 = CARTESIAN_POINT('',(4.046557540847,5.300209242035E-02));
#5172 = CARTESIAN_POINT('',(4.02543571472,5.309211705129E-02));
#5173 = CARTESIAN_POINT('',(4.004415216927,5.318025057899E-02));
#5174 = CARTESIAN_POINT('',(3.983419069839,5.326674602923E-02));
#5175 = CARTESIAN_POINT('',(3.96235463505,5.335195555479E-02));
#5176 = CARTESIAN_POINT('',(3.941252491714,5.343571062121E-02));
#5177 = CARTESIAN_POINT('',(3.920110436497,5.351798221177E-02));
#5178 = CARTESIAN_POINT('',(3.898935237263,5.359870392599E-02));
#5179 = CARTESIAN_POINT('',(3.877731397559,5.367781938063E-02));
#5180 = CARTESIAN_POINT('',(3.856504119234,5.375526950732E-02));
#5181 = CARTESIAN_POINT('',(3.835258457763,5.383099596102E-02));
#5182 = CARTESIAN_POINT('',(3.813999505657,5.390494018844E-02));
#5183 = CARTESIAN_POINT('',(3.79273226899,5.397704374591E-02));
#5184 = CARTESIAN_POINT('',(3.771461742635,5.404724795961E-02));
#5185 = CARTESIAN_POINT('',(3.750192497939,5.411549496665E-02));
#5186 = CARTESIAN_POINT('',(3.728930023455,5.418172389063E-02));
#5187 = CARTESIAN_POINT('',(3.707675543546,5.424588509822E-02));
#5188 = CARTESIAN_POINT('',(3.686445176028,5.430788699728E-02));
#5189 = CARTESIAN_POINT('',(3.67228056552,5.434782539102E-02));
#5190 = CARTESIAN_POINT('',(3.665191429188,5.436744891305E-02));
#5191 = ( GEOMETRIC_REPRESENTATION_CONTEXT(2) 
PARAMETRIC_REPRESENTATION_CONTEXT() REPRESENTATION_CONTEXT('2D SPACE',''
  ) );
#5192 = PCURVE('',#342,#5193);
#5193 = DEFINITIONAL_REPRESENTATION('',(#5194),#5220);
#5194 = B_SPLINE_CURVE_WITH_KNOTS('',3,(#5195,#5196,#5197,#5198,#5199,
    #5200,#5201,#5202,#5203,#5204,#5205,#5206,#5207,#5208,#5209,#5210,
    #5211,#5212,#5213,#5214,#5215,#5216,#5217,#5218,#5219),
  .UNSPECIFIED.,.F.,.F.,(4,1,1,1,1,1,1,1,1,1,1,1,1,1,1,1,1,1,1,1,1,1,4),
  (1.1949117137E-05,1.237767467948E-05,1.280623222196E-05,
    1.323478976444E-05,1.366334730692E-05,1.40919048494E-05,
    1.452046239188E-05,1.494901993436E-05,1.537757747684E-05,
    1.580613501932E-05,1.62346925618E-05,1.666325010428E-05,
    1.709180764676E-05,1.752036518924E-05,1.794892273172E-05,
    1.83774802742E-05,1.880603781668E-05,1.923459535917E-05,
    1.966315290165E-05,2.009171044413E-05,2.052026798661E-05,
    2.094882552909E-05,2.137738307157E-05),.QUASI_UNIFORM_KNOTS.);
#5195 = CARTESIAN_POINT('',(4.446708165463,6.711994219581E-03));
#5196 = CARTESIAN_POINT('',(4.446627240684,6.6349919769E-03));
#5197 = CARTESIAN_POINT('',(4.446466407182,6.478420960087E-03));
#5198 = CARTESIAN_POINT('',(4.446228373485,6.23602422393E-03));
#5199 = CARTESIAN_POINT('',(4.445993687588,5.986201538325E-03));
#5200 = CARTESIAN_POINT('',(4.445762610735,5.72922509152E-03));
#5201 = CARTESIAN_POINT('',(4.445534921318,5.464780486662E-03));
#5202 = CARTESIAN_POINT('',(4.445312199142,5.194741740539E-03));
#5203 = CARTESIAN_POINT('',(4.445093796139,4.918135907344E-03));
#5204 = CARTESIAN_POINT('',(4.444878811927,4.633941470619E-03));
#5205 = CARTESIAN_POINT('',(4.444667662313,4.342692203738E-03));
#5206 = CARTESIAN_POINT('',(4.444460410433,4.044505141296E-03));
#5207 = CARTESIAN_POINT('',(4.444257213924,3.739608983168E-03));
#5208 = CARTESIAN_POINT('',(4.444058205101,3.428202506883E-03));
#5209 = CARTESIAN_POINT('',(4.443863523069,3.110492514084E-03));
#5210 = CARTESIAN_POINT('',(4.443673305104,2.786683632299E-03));
#5211 = CARTESIAN_POINT('',(4.443487689011,2.4569811614E-03));
#5212 = CARTESIAN_POINT('',(4.443306812319,2.121589886E-03));
#5213 = CARTESIAN_POINT('',(4.443130813134,1.780715979402E-03));
#5214 = CARTESIAN_POINT('',(4.442959827536,1.434560575416E-03));
#5215 = CARTESIAN_POINT('',(4.442793999136,1.083343577128E-03));
#5216 = CARTESIAN_POINT('',(4.442633443451,7.272148500078E-04));
#5217 = CARTESIAN_POINT('',(4.442478380851,3.665856407231E-04));
#5218 = CARTESIAN_POINT('',(4.44237855388,1.227896860818E-04));
#5219 = CARTESIAN_POINT('',(4.442329517562,-5.551115123126E-17));
#5220 = ( GEOMETRIC_REPRESENTATION_CONTEXT(2) 
PARAMETRIC_REPRESENTATION_CONTEXT() REPRESENTATION_CONTEXT('2D SPACE',''
  ) );
#5221 = ORIENTED_EDGE('',*,*,#5222,.F.);
#5222 = EDGE_CURVE('',#5223,#5149,#5225,.T.);
#5223 = VERTEX_POINT('',#5224);
#5224 = CARTESIAN_POINT('',(0.55279477409,-0.397320508076,0.39));
#5225 = SURFACE_CURVE('',#5226,(#5231,#5237),.PCURVE_S1.);
#5226 = B_SPLINE_CURVE_WITH_KNOTS('',3,(#5227,#5228,#5229,#5230),
  .UNSPECIFIED.,.F.,.F.,(4,4),(1.045723794678E-05,1.162551472061E-05),
  .PIECEWISE_BEZIER_KNOTS.);
#5227 = CARTESIAN_POINT('',(0.55279477409,-0.397320508076,0.39));
#5228 = CARTESIAN_POINT('',(0.552742061062,-0.3971271121,0.390334971655)
  );
#5229 = CARTESIAN_POINT('',(0.552686763658,-0.396924081698,
    0.390664169667));
#5230 = CARTESIAN_POINT('',(0.552629051761,-0.39671199422,0.390986776106
    ));
#5231 = PCURVE('',#368,#5232);
#5232 = DEFINITIONAL_REPRESENTATION('',(#5233),#5236);
#5233 = B_SPLINE_CURVE_WITH_KNOTS('',1,(#5234,#5235),.UNSPECIFIED.,.F.,
  .F.,(2,2),(1.045723794678E-05,1.162551472061E-05),
  .PIECEWISE_BEZIER_KNOTS.);
#5234 = CARTESIAN_POINT('',(4.188790204786,5.279477408988E-02));
#5235 = CARTESIAN_POINT('',(4.130816230144,5.262905176079E-02));
#5236 = ( GEOMETRIC_REPRESENTATION_CONTEXT(2) 
PARAMETRIC_REPRESENTATION_CONTEXT() REPRESENTATION_CONTEXT('2D SPACE',''
  ) );
#5237 = PCURVE('',#5238,#5243);
#5238 = CYLINDRICAL_SURFACE('',#5239,1.5);
#5239 = AXIS2_PLACEMENT_3D('',#5240,#5241,#5242);
#5240 = CARTESIAN_POINT('',(2.,-2.862609056759E-03,0.39));
#5241 = DIRECTION('',(-0.,-1.084202172486E-16,1.));
#5242 = DIRECTION('',(0.,-1.,-1.084202172486E-16));
#5243 = DEFINITIONAL_REPRESENTATION('',(#5244),#5247);
#5244 = B_SPLINE_CURVE_WITH_KNOTS('',1,(#5245,#5246),.UNSPECIFIED.,.F.,
  .F.,(2,2),(1.045723794678E-05,1.162551472061E-05),
  .PIECEWISE_BEZIER_KNOTS.);
#5245 = CARTESIAN_POINT('',(4.978490246391,0.));
#5246 = CARTESIAN_POINT('',(4.978069795306,9.867761060623E-04));
#5247 = ( GEOMETRIC_REPRESENTATION_CONTEXT(2) 
PARAMETRIC_REPRESENTATION_CONTEXT() REPRESENTATION_CONTEXT('2D SPACE',''
  ) );
#5248 = ORIENTED_EDGE('',*,*,#5249,.T.);
#5249 = EDGE_CURVE('',#5223,#4957,#5250,.T.);
#5250 = SURFACE_CURVE('',#5251,(#5255,#5262),.PCURVE_S1.);
#5251 = LINE('',#5252,#5253);
#5252 = CARTESIAN_POINT('',(0.5,-0.397320508076,0.39));
#5253 = VECTOR('',#5254,1.);
#5254 = DIRECTION('',(-1.,-0.,-0.));
#5255 = PCURVE('',#368,#5256);
#5256 = DEFINITIONAL_REPRESENTATION('',(#5257),#5261);
#5257 = LINE('',#5258,#5259);
#5258 = CARTESIAN_POINT('',(4.188790204786,0.));
#5259 = VECTOR('',#5260,1.);
#5260 = DIRECTION('',(0.,-1.));
#5261 = ( GEOMETRIC_REPRESENTATION_CONTEXT(2) 
PARAMETRIC_REPRESENTATION_CONTEXT() REPRESENTATION_CONTEXT('2D SPACE',''
  ) );
#5262 = PCURVE('',#5263,#5268);
#5263 = PLANE('',#5264);
#5264 = AXIS2_PLACEMENT_3D('',#5265,#5266,#5267);
#5265 = CARTESIAN_POINT('',(2.,-2.862609056759E-03,0.39));
#5266 = DIRECTION('',(0.,-1.084202172486E-16,1.));
#5267 = DIRECTION('',(0.,-1.,-1.084202172486E-16));
#5268 = DEFINITIONAL_REPRESENTATION('',(#5269),#5273);
#5269 = LINE('',#5270,#5271);
#5270 = CARTESIAN_POINT('',(0.394457899019,-1.5));
#5271 = VECTOR('',#5272,1.);
#5272 = DIRECTION('',(0.,-1.));
#5273 = ( GEOMETRIC_REPRESENTATION_CONTEXT(2) 
PARAMETRIC_REPRESENTATION_CONTEXT() REPRESENTATION_CONTEXT('2D SPACE',''
  ) );
#5274 = ADVANCED_FACE('',(#5275),#3410,.T.);
#5275 = FACE_BOUND('',#5276,.T.);
#5276 = EDGE_LOOP('',(#5277,#5278,#5279,#5323));
#5277 = ORIENTED_EDGE('',*,*,#4882,.T.);
#5278 = ORIENTED_EDGE('',*,*,#3394,.F.);
#5279 = ORIENTED_EDGE('',*,*,#5280,.F.);
#5280 = EDGE_CURVE('',#4105,#3372,#5281,.T.);
#5281 = SURFACE_CURVE('',#5282,(#5287,#5294),.PCURVE_S1.);
#5282 = CIRCLE('',#5283,2.E-02);
#5283 = AXIS2_PLACEMENT_3D('',#5284,#5285,#5286);
#5284 = CARTESIAN_POINT('',(0.78,-0.38,0.38));
#5285 = DIRECTION('',(0.,-1.,2.710505431214E-15));
#5286 = DIRECTION('',(0.,-2.710505431214E-15,-1.));
#5287 = PCURVE('',#3410,#5288);
#5288 = DEFINITIONAL_REPRESENTATION('',(#5289),#5293);
#5289 = LINE('',#5290,#5291);
#5290 = CARTESIAN_POINT('',(0.,0.38));
#5291 = VECTOR('',#5292,1.);
#5292 = DIRECTION('',(1.,-3.533949646071E-17));
#5293 = ( GEOMETRIC_REPRESENTATION_CONTEXT(2) 
PARAMETRIC_REPRESENTATION_CONTEXT() REPRESENTATION_CONTEXT('2D SPACE',''
  ) );
#5294 = PCURVE('',#5043,#5295);
#5295 = DEFINITIONAL_REPRESENTATION('',(#5296),#5322);
#5296 = B_SPLINE_CURVE_WITH_KNOTS('',3,(#5297,#5298,#5299,#5300,#5301,
    #5302,#5303,#5304,#5305,#5306,#5307,#5308,#5309,#5310,#5311,#5312,
    #5313,#5314,#5315,#5316,#5317,#5318,#5319,#5320,#5321),
  .UNSPECIFIED.,.F.,.F.,(4,1,1,1,1,1,1,1,1,1,1,1,1,1,1,1,1,1,1,1,1,1,4),
  (1.570796326795,1.642196159831,1.713595992867,1.784995825903,
    1.856395658939,1.927795491976,1.999195325012,2.070595158048,
    2.141994991084,2.21339482412,2.284794657156,2.356194490192,
    2.427594323228,2.498994156265,2.570393989301,2.641793822337,
    2.713193655373,2.784593488409,2.855993321445,2.927393154481,
    2.998792987518,3.070192820554,3.14159265359),.QUASI_UNIFORM_KNOTS.);
#5297 = CARTESIAN_POINT('',(6.28318530718,0.));
#5298 = CARTESIAN_POINT('',(6.259385362834,0.));
#5299 = CARTESIAN_POINT('',(6.211785474143,-4.029847628674E-19));
#5300 = CARTESIAN_POINT('',(6.140385641107,1.410446670036E-18));
#5301 = CARTESIAN_POINT('',(6.068985808071,-5.238801917276E-18));
#5302 = CARTESIAN_POINT('',(5.997585975035,1.954476099907E-17));
#5303 = CARTESIAN_POINT('',(5.926186141999,-7.2940242079E-17));
#5304 = CARTESIAN_POINT('',(5.854786308963,2.722162073169E-16));
#5305 = CARTESIAN_POINT('',(5.783386475927,-1.015924587189E-15));
#5306 = CARTESIAN_POINT('',(5.711986642891,3.791482141438E-15));
#5307 = CARTESIAN_POINT('',(5.640586809854,2.503341390814E-15));
#5308 = CARTESIAN_POINT('',(5.569186976818,2.848497664682E-15));
#5309 = CARTESIAN_POINT('',(5.497787143782,2.756013319836E-15));
#5310 = CARTESIAN_POINT('',(5.426387310746,2.78079442535E-15));
#5311 = CARTESIAN_POINT('',(5.35498747771,2.77415434814E-15));
#5312 = CARTESIAN_POINT('',(5.283587644674,2.775933551467E-15));
#5313 = CARTESIAN_POINT('',(5.212187811638,2.775456815371E-15));
#5314 = CARTESIAN_POINT('',(5.140787978601,2.775584556427E-15));
#5315 = CARTESIAN_POINT('',(5.069388145565,2.775550328298E-15));
#5316 = CARTESIAN_POINT('',(4.997988312529,2.775559499758E-15));
#5317 = CARTESIAN_POINT('',(4.926588479493,2.775557042047E-15));
#5318 = CARTESIAN_POINT('',(4.855188646457,2.775557701433E-15));
#5319 = CARTESIAN_POINT('',(4.783788813421,2.7755575216E-15));
#5320 = CARTESIAN_POINT('',(4.73618892473,2.775557561563E-15));
#5321 = CARTESIAN_POINT('',(4.712388980385,2.775557561563E-15));
#5322 = ( GEOMETRIC_REPRESENTATION_CONTEXT(2) 
PARAMETRIC_REPRESENTATION_CONTEXT() REPRESENTATION_CONTEXT('2D SPACE',''
  ) );
#5323 = ORIENTED_EDGE('',*,*,#4102,.F.);
#5324 = ADVANCED_FACE('',(#5325),#4066,.T.);
#5325 = FACE_BOUND('',#5326,.T.);
#5326 = EDGE_LOOP('',(#5327,#5328,#5329,#5356));
#5327 = ORIENTED_EDGE('',*,*,#4931,.T.);
#5328 = ORIENTED_EDGE('',*,*,#4155,.F.);
#5329 = ORIENTED_EDGE('',*,*,#5330,.F.);
#5330 = EDGE_CURVE('',#4051,#4133,#5331,.T.);
#5331 = SURFACE_CURVE('',#5332,(#5337,#5344),.PCURVE_S1.);
#5332 = CIRCLE('',#5333,2.E-02);
#5333 = AXIS2_PLACEMENT_3D('',#5334,#5335,#5336);
#5334 = CARTESIAN_POINT('',(0.78,-0.38,-0.38));
#5335 = DIRECTION('',(0.,-1.,0.));
#5336 = DIRECTION('',(0.,0.,-1.));
#5337 = PCURVE('',#4066,#5338);
#5338 = DEFINITIONAL_REPRESENTATION('',(#5339),#5343);
#5339 = LINE('',#5340,#5341);
#5340 = CARTESIAN_POINT('',(3.14159265359,-0.38));
#5341 = VECTOR('',#5342,1.);
#5342 = DIRECTION('',(-1.,0.));
#5343 = ( GEOMETRIC_REPRESENTATION_CONTEXT(2) 
PARAMETRIC_REPRESENTATION_CONTEXT() REPRESENTATION_CONTEXT('2D SPACE',''
  ) );
#5344 = PCURVE('',#5345,#5350);
#5345 = SPHERICAL_SURFACE('',#5346,2.E-02);
#5346 = AXIS2_PLACEMENT_3D('',#5347,#5348,#5349);
#5347 = CARTESIAN_POINT('',(0.78,-0.38,-0.38));
#5348 = DIRECTION('',(0.,1.,0.));
#5349 = DIRECTION('',(1.,0.,0.));
#5350 = DEFINITIONAL_REPRESENTATION('',(#5351),#5355);
#5351 = LINE('',#5352,#5353);
#5352 = CARTESIAN_POINT('',(1.570796326795,0.));
#5353 = VECTOR('',#5354,1.);
#5354 = DIRECTION('',(-1.,0.));
#5355 = ( GEOMETRIC_REPRESENTATION_CONTEXT(2) 
PARAMETRIC_REPRESENTATION_CONTEXT() REPRESENTATION_CONTEXT('2D SPACE',''
  ) );
#5356 = ORIENTED_EDGE('',*,*,#4050,.F.);
#5357 = ADVANCED_FACE('',(#5358),#856,.T.);
#5358 = FACE_BOUND('',#5359,.T.);
#5359 = EDGE_LOOP('',(#5360,#5429,#5430,#5431,#5453,#5474,#5475,#5476,
    #5520));
#5360 = ORIENTED_EDGE('',*,*,#5361,.F.);
#5361 = EDGE_CURVE('',#787,#3227,#5362,.T.);
#5362 = SURFACE_CURVE('',#5363,(#5371,#5400),.PCURVE_S1.);
#5363 = B_SPLINE_CURVE_WITH_KNOTS('',3,(#5364,#5365,#5366,#5367,#5368,
    #5369,#5370),.UNSPECIFIED.,.F.,.F.,(4,3,4),(2.105565289438E-05,
    2.657544385802E-05,3.181753414286E-05),.UNSPECIFIED.);
#5364 = CARTESIAN_POINT('',(0.550819320949,-0.397320508076,-0.39));
#5365 = CARTESIAN_POINT('',(0.550404277049,-0.398217504733,
    -0.388446356216));
#5366 = CARTESIAN_POINT('',(0.549957326107,-0.398906265398,
    -0.386762899107));
#5367 = CARTESIAN_POINT('',(0.549502355228,-0.399355558044,
    -0.385036106976));
#5368 = CARTESIAN_POINT('',(0.549070345615,-0.399782175991,
    -0.383396461816));
#5369 = CARTESIAN_POINT('',(0.548624398869,-0.4,-0.381692282543));
#5370 = CARTESIAN_POINT('',(0.548184795385,-0.4,-0.38));
#5371 = PCURVE('',#856,#5372);
#5372 = DEFINITIONAL_REPRESENTATION('',(#5373),#5399);
#5373 = B_SPLINE_CURVE_WITH_KNOTS('',3,(#5374,#5375,#5376,#5377,#5378,
    #5379,#5380,#5381,#5382,#5383,#5384,#5385,#5386,#5387,#5388,#5389,
    #5390,#5391,#5392,#5393,#5394,#5395,#5396,#5397,#5398),
  .UNSPECIFIED.,.F.,.F.,(4,1,1,1,1,1,1,1,1,1,1,1,1,1,1,1,1,1,1,1,1,1,4),
  (2.105565289438E-05,2.154482931477E-05,2.203400573515E-05,
    2.252318215554E-05,2.301235857592E-05,2.350153499631E-05,
    2.399071141669E-05,2.447988783708E-05,2.496906425747E-05,
    2.545824067785E-05,2.594741709824E-05,2.643659351862E-05,
    2.692576993901E-05,2.741494635939E-05,2.790412277978E-05,
    2.839329920016E-05,2.888247562055E-05,2.937165204094E-05,
    2.986082846132E-05,3.035000488171E-05,3.083918130209E-05,
    3.132835772248E-05,3.181753414286E-05),.QUASI_UNIFORM_KNOTS.);
#5374 = CARTESIAN_POINT('',(5.235987755983,5.081932094937E-02));
#5375 = CARTESIAN_POINT('',(5.228038394127,5.078253881564E-02));
#5376 = CARTESIAN_POINT('',(5.212133047008,5.07084733583E-02));
#5377 = CARTESIAN_POINT('',(5.188260376005,5.059597135958E-02));
#5378 = CARTESIAN_POINT('',(5.164378164422,5.048216530526E-02));
#5379 = CARTESIAN_POINT('',(5.140491907533,5.036715495197E-02));
#5380 = CARTESIAN_POINT('',(5.116607275479,5.025104005818E-02));
#5381 = CARTESIAN_POINT('',(5.092730088619,5.013392037543E-02));
#5382 = CARTESIAN_POINT('',(5.068866249885,5.001589568107E-02));
#5383 = CARTESIAN_POINT('',(5.045021659723,4.989706565629E-02));
#5384 = CARTESIAN_POINT('',(5.021202242263,4.977753034103E-02));
#5385 = CARTESIAN_POINT('',(4.997413544561,4.965738843636E-02));
#5386 = CARTESIAN_POINT('',(4.973661934939,4.953674364009E-02));
#5387 = CARTESIAN_POINT('',(4.949949836425,4.941568100199E-02));
#5388 = CARTESIAN_POINT('',(4.926203744363,4.92939021423E-02));
#5389 = CARTESIAN_POINT('',(4.902443407883,4.917158055017E-02));
#5390 = CARTESIAN_POINT('',(4.878670160987,4.904879511478E-02));
#5391 = CARTESIAN_POINT('',(4.854890502741,4.892565007328E-02));
#5392 = CARTESIAN_POINT('',(4.831109702651,4.880224287089E-02));
#5393 = CARTESIAN_POINT('',(4.807333436335,4.86786727727E-02));
#5394 = CARTESIAN_POINT('',(4.78356727172,4.855503855616E-02));
#5395 = CARTESIAN_POINT('',(4.759816721618,4.84314391294E-02));
#5396 = CARTESIAN_POINT('',(4.736087180916,4.830797336552E-02));
#5397 = CARTESIAN_POINT('',(4.720284901243,4.822581788653E-02));
#5398 = CARTESIAN_POINT('',(4.712388980385,4.818479538458E-02));
#5399 = ( GEOMETRIC_REPRESENTATION_CONTEXT(2) 
PARAMETRIC_REPRESENTATION_CONTEXT() REPRESENTATION_CONTEXT('2D SPACE',''
  ) );
#5400 = PCURVE('',#342,#5401);
#5401 = DEFINITIONAL_REPRESENTATION('',(#5402),#5428);
#5402 = B_SPLINE_CURVE_WITH_KNOTS('',3,(#5403,#5404,#5405,#5406,#5407,
    #5408,#5409,#5410,#5411,#5412,#5413,#5414,#5415,#5416,#5417,#5418,
    #5419,#5420,#5421,#5422,#5423,#5424,#5425,#5426,#5427),
  .UNSPECIFIED.,.F.,.F.,(4,1,1,1,1,1,1,1,1,1,1,1,1,1,1,1,1,1,1,1,1,1,4),
  (2.105565289438E-05,2.154482931477E-05,2.203400573515E-05,
    2.252318215554E-05,2.301235857592E-05,2.350153499631E-05,
    2.399071141669E-05,2.447988783708E-05,2.496906425747E-05,
    2.545824067785E-05,2.594741709824E-05,2.643659351862E-05,
    2.692576993901E-05,2.741494635939E-05,2.790412277978E-05,
    2.839329920016E-05,2.888247562055E-05,2.937165204094E-05,
    2.986082846132E-05,3.035000488171E-05,3.083918130209E-05,
    3.132835772248E-05,3.181753414286E-05),.QUASI_UNIFORM_KNOTS.);
#5403 = CARTESIAN_POINT('',(4.973435331247,7.320508075688E-03));
#5404 = CARTESIAN_POINT('',(4.973340320704,7.400001958086E-03));
#5405 = CARTESIAN_POINT('',(4.973148900049,7.555718790554E-03));
#5406 = CARTESIAN_POINT('',(4.972857820108,7.779350811524E-03));
#5407 = CARTESIAN_POINT('',(4.972563040956,7.992909173922E-03));
#5408 = CARTESIAN_POINT('',(4.972264812337,8.196263447226E-03));
#5409 = CARTESIAN_POINT('',(4.971963384002,8.38928319973E-03));
#5410 = CARTESIAN_POINT('',(4.97165900568,8.571838004146E-03));
#5411 = CARTESIAN_POINT('',(4.971351927169,8.7437974167E-03));
#5412 = CARTESIAN_POINT('',(4.971042398006,8.905031055143E-03));
#5413 = CARTESIAN_POINT('',(4.970730668691,9.055408307607E-03));
#5414 = CARTESIAN_POINT('',(4.970416986127,9.194799419188E-03));
#5415 = CARTESIAN_POINT('',(4.970101610627,9.32307143673E-03));
#5416 = CARTESIAN_POINT('',(4.969784752442,9.440103343131E-03));
#5417 = CARTESIAN_POINT('',(4.969465626466,9.546253763648E-03));
#5418 = CARTESIAN_POINT('',(4.96914468555,9.641403606524E-03));
#5419 = CARTESIAN_POINT('',(4.968822134214,9.725528957472E-03));
#5420 = CARTESIAN_POINT('',(4.968498243515,9.798580399481E-03));
#5421 = CARTESIAN_POINT('',(4.968173266685,9.860515348974E-03));
#5422 = CARTESIAN_POINT('',(4.967847461729,9.91128939136E-03));
#5423 = CARTESIAN_POINT('',(4.967521085374,9.950858602667E-03));
#5424 = CARTESIAN_POINT('',(4.967194394688,9.979178927461E-03));
#5425 = CARTESIAN_POINT('',(4.966867646645,9.996206345543E-03));
#5426 = CARTESIAN_POINT('',(4.96664994771,1.E-02));
#5427 = CARTESIAN_POINT('',(4.966541174348,1.E-02));
#5428 = ( GEOMETRIC_REPRESENTATION_CONTEXT(2) 
PARAMETRIC_REPRESENTATION_CONTEXT() REPRESENTATION_CONTEXT('2D SPACE',''
  ) );
#5429 = ORIENTED_EDGE('',*,*,#842,.T.);
#5430 = ORIENTED_EDGE('',*,*,#3613,.F.);
#5431 = ORIENTED_EDGE('',*,*,#5432,.F.);
#5432 = EDGE_CURVE('',#5433,#3587,#5435,.T.);
#5433 = VERTEX_POINT('',#5434);
#5434 = CARTESIAN_POINT('',(0.55279477409,-0.39,-0.397320508076));
#5435 = SURFACE_CURVE('',#5436,(#5441,#5447),.PCURVE_S1.);
#5436 = B_SPLINE_CURVE_WITH_KNOTS('',3,(#5437,#5438,#5439,#5440),
  .UNSPECIFIED.,.F.,.F.,(4,4),(1.045723794678E-05,1.162551472061E-05),
  .PIECEWISE_BEZIER_KNOTS.);
#5437 = CARTESIAN_POINT('',(0.55279477409,-0.39,-0.397320508076));
#5438 = CARTESIAN_POINT('',(0.552742061062,-0.390334971655,-0.3971271121
    ));
#5439 = CARTESIAN_POINT('',(0.552686763658,-0.390664169667,
    -0.396924081698));
#5440 = CARTESIAN_POINT('',(0.552629051761,-0.390986776106,
    -0.39671199422));
#5441 = PCURVE('',#856,#5442);
#5442 = DEFINITIONAL_REPRESENTATION('',(#5443),#5446);
#5443 = B_SPLINE_CURVE_WITH_KNOTS('',1,(#5444,#5445),.UNSPECIFIED.,.F.,
  .F.,(2,2),(1.045723794678E-05,1.162551472061E-05),
  .PIECEWISE_BEZIER_KNOTS.);
#5444 = CARTESIAN_POINT('',(5.759586531581,5.279477408988E-02));
#5445 = CARTESIAN_POINT('',(5.701612556939,5.262905176079E-02));
#5446 = ( GEOMETRIC_REPRESENTATION_CONTEXT(2) 
PARAMETRIC_REPRESENTATION_CONTEXT() REPRESENTATION_CONTEXT('2D SPACE',''
  ) );
#5447 = PCURVE('',#3602,#5448);
#5448 = DEFINITIONAL_REPRESENTATION('',(#5449),#5452);
#5449 = B_SPLINE_CURVE_WITH_KNOTS('',1,(#5450,#5451),.UNSPECIFIED.,.F.,
  .F.,(2,2),(1.045723794678E-05,1.162551472061E-05),
  .PIECEWISE_BEZIER_KNOTS.);
#5450 = CARTESIAN_POINT('',(4.978490246391,0.));
#5451 = CARTESIAN_POINT('',(4.978069795306,9.86776106062E-04));
#5452 = ( GEOMETRIC_REPRESENTATION_CONTEXT(2) 
PARAMETRIC_REPRESENTATION_CONTEXT() REPRESENTATION_CONTEXT('2D SPACE',''
  ) );
#5453 = ORIENTED_EDGE('',*,*,#5454,.T.);
#5454 = EDGE_CURVE('',#5433,#3559,#5455,.T.);
#5455 = SURFACE_CURVE('',#5456,(#5460,#5467),.PCURVE_S1.);
#5456 = LINE('',#5457,#5458);
#5457 = CARTESIAN_POINT('',(0.5,-0.39,-0.397320508076));
#5458 = VECTOR('',#5459,1.);
#5459 = DIRECTION('',(-1.,-0.,-0.));
#5460 = PCURVE('',#856,#5461);
#5461 = DEFINITIONAL_REPRESENTATION('',(#5462),#5466);
#5462 = LINE('',#5463,#5464);
#5463 = CARTESIAN_POINT('',(5.759586531581,0.));
#5464 = VECTOR('',#5465,1.);
#5465 = DIRECTION('',(0.,-1.));
#5466 = ( GEOMETRIC_REPRESENTATION_CONTEXT(2) 
PARAMETRIC_REPRESENTATION_CONTEXT() REPRESENTATION_CONTEXT('2D SPACE',''
  ) );
#5467 = PCURVE('',#3574,#5468);
#5468 = DEFINITIONAL_REPRESENTATION('',(#5469),#5473);
#5469 = LINE('',#5470,#5471);
#5470 = CARTESIAN_POINT('',(0.394457899019,-1.5));
#5471 = VECTOR('',#5472,1.);
#5472 = DIRECTION('',(0.,-1.));
#5473 = ( GEOMETRIC_REPRESENTATION_CONTEXT(2) 
PARAMETRIC_REPRESENTATION_CONTEXT() REPRESENTATION_CONTEXT('2D SPACE',''
  ) );
#5474 = ORIENTED_EDGE('',*,*,#3954,.F.);
#5475 = ORIENTED_EDGE('',*,*,#4078,.F.);
#5476 = ORIENTED_EDGE('',*,*,#5477,.F.);
#5477 = EDGE_CURVE('',#3262,#4051,#5478,.T.);
#5478 = SURFACE_CURVE('',#5479,(#5484,#5491),.PCURVE_S1.);
#5479 = CIRCLE('',#5480,2.E-02);
#5480 = AXIS2_PLACEMENT_3D('',#5481,#5482,#5483);
#5481 = CARTESIAN_POINT('',(0.78,-0.38,-0.38));
#5482 = DIRECTION('',(1.,0.,0.));
#5483 = DIRECTION('',(0.,0.,-1.));
#5484 = PCURVE('',#856,#5485);
#5485 = DEFINITIONAL_REPRESENTATION('',(#5486),#5490);
#5486 = LINE('',#5487,#5488);
#5487 = CARTESIAN_POINT('',(0.,0.28));
#5488 = VECTOR('',#5489,1.);
#5489 = DIRECTION('',(1.,0.));
#5490 = ( GEOMETRIC_REPRESENTATION_CONTEXT(2) 
PARAMETRIC_REPRESENTATION_CONTEXT() REPRESENTATION_CONTEXT('2D SPACE',''
  ) );
#5491 = PCURVE('',#5345,#5492);
#5492 = DEFINITIONAL_REPRESENTATION('',(#5493),#5519);
#5493 = B_SPLINE_CURVE_WITH_KNOTS('',3,(#5494,#5495,#5496,#5497,#5498,
    #5499,#5500,#5501,#5502,#5503,#5504,#5505,#5506,#5507,#5508,#5509,
    #5510,#5511,#5512,#5513,#5514,#5515,#5516,#5517,#5518),
  .UNSPECIFIED.,.F.,.F.,(4,1,1,1,1,1,1,1,1,1,1,1,1,1,1,1,1,1,1,1,1,1,4),
  (4.712388980385,4.783788813421,4.855188646457,4.926588479493,
    4.997988312529,5.069388145565,5.140787978601,5.212187811638,
    5.283587644674,5.35498747771,5.426387310746,5.497787143782,
    5.569186976818,5.640586809854,5.711986642891,5.783386475927,
    5.854786308963,5.926186141999,5.997585975035,6.068985808071,
    6.140385641107,6.211785474143,6.28318530718),.QUASI_UNIFORM_KNOTS.);
#5494 = CARTESIAN_POINT('',(1.570796326795,-1.570796326795));
#5495 = CARTESIAN_POINT('',(1.570796326795,-1.54699638245));
#5496 = CARTESIAN_POINT('',(1.570796326795,-1.499396493759));
#5497 = CARTESIAN_POINT('',(1.570796326795,-1.427996660723));
#5498 = CARTESIAN_POINT('',(1.570796326795,-1.356596827687));
#5499 = CARTESIAN_POINT('',(1.570796326795,-1.28519699465));
#5500 = CARTESIAN_POINT('',(1.570796326795,-1.213797161614));
#5501 = CARTESIAN_POINT('',(1.570796326795,-1.142397328578));
#5502 = CARTESIAN_POINT('',(1.570796326795,-1.070997495542));
#5503 = CARTESIAN_POINT('',(1.570796326795,-0.999597662506));
#5504 = CARTESIAN_POINT('',(1.570796326795,-0.92819782947));
#5505 = CARTESIAN_POINT('',(1.570796326795,-0.856797996434));
#5506 = CARTESIAN_POINT('',(1.570796326795,-0.785398163397));
#5507 = CARTESIAN_POINT('',(1.570796326795,-0.713998330361));
#5508 = CARTESIAN_POINT('',(1.570796326795,-0.642598497325));
#5509 = CARTESIAN_POINT('',(1.570796326795,-0.571198664289));
#5510 = CARTESIAN_POINT('',(1.570796326795,-0.499798831253));
#5511 = CARTESIAN_POINT('',(1.570796326795,-0.428398998217));
#5512 = CARTESIAN_POINT('',(1.570796326795,-0.356999165181));
#5513 = CARTESIAN_POINT('',(1.570796326795,-0.285599332145));
#5514 = CARTESIAN_POINT('',(1.570796326795,-0.214199499108));
#5515 = CARTESIAN_POINT('',(1.570796326795,-0.142799666072));
#5516 = CARTESIAN_POINT('',(1.570796326795,-7.139983303613E-02));
#5517 = CARTESIAN_POINT('',(1.570796326795,-2.379994434538E-02));
#5518 = CARTESIAN_POINT('',(1.570796326795,0.));
#5519 = ( GEOMETRIC_REPRESENTATION_CONTEXT(2) 
PARAMETRIC_REPRESENTATION_CONTEXT() REPRESENTATION_CONTEXT('2D SPACE',''
  ) );
#5520 = ORIENTED_EDGE('',*,*,#3261,.F.);
#5521 = ADVANCED_FACE('',(#5522),#5043,.T.);
#5522 = FACE_BOUND('',#5523,.T.);
#5523 = EDGE_LOOP('',(#5524,#5525,#5526));
#5524 = ORIENTED_EDGE('',*,*,#5280,.T.);
#5525 = ORIENTED_EDGE('',*,*,#5028,.T.);
#5526 = ORIENTED_EDGE('',*,*,#5527,.F.);
#5527 = EDGE_CURVE('',#4105,#3285,#5528,.T.);
#5528 = SURFACE_CURVE('',#5529,(#5534,#5541),.PCURVE_S1.);
#5529 = CIRCLE('',#5530,2.E-02);
#5530 = AXIS2_PLACEMENT_3D('',#5531,#5532,#5533);
#5531 = CARTESIAN_POINT('',(0.78,-0.38,0.38));
#5532 = DIRECTION('',(0.,0.,-1.));
#5533 = DIRECTION('',(1.,0.,0.));
#5534 = PCURVE('',#5043,#5535);
#5535 = DEFINITIONAL_REPRESENTATION('',(#5536),#5540);
#5536 = LINE('',#5537,#5538);
#5537 = CARTESIAN_POINT('',(6.28318530718,0.));
#5538 = VECTOR('',#5539,1.);
#5539 = DIRECTION('',(0.,-1.));
#5540 = ( GEOMETRIC_REPRESENTATION_CONTEXT(2) 
PARAMETRIC_REPRESENTATION_CONTEXT() REPRESENTATION_CONTEXT('2D SPACE',''
  ) );
#5541 = PCURVE('',#3300,#5542);
#5542 = DEFINITIONAL_REPRESENTATION('',(#5543),#5547);
#5543 = LINE('',#5544,#5545);
#5544 = CARTESIAN_POINT('',(3.14159265359,-0.38));
#5545 = VECTOR('',#5546,1.);
#5546 = DIRECTION('',(1.,0.));
#5547 = ( GEOMETRIC_REPRESENTATION_CONTEXT(2) 
PARAMETRIC_REPRESENTATION_CONTEXT() REPRESENTATION_CONTEXT('2D SPACE',''
  ) );
#5548 = ADVANCED_FACE('',(#5549),#5345,.T.);
#5549 = FACE_BOUND('',#5550,.T.);
#5550 = EDGE_LOOP('',(#5551,#5552,#5553));
#5551 = ORIENTED_EDGE('',*,*,#5477,.T.);
#5552 = ORIENTED_EDGE('',*,*,#5330,.T.);
#5553 = ORIENTED_EDGE('',*,*,#5554,.F.);
#5554 = EDGE_CURVE('',#3262,#4133,#5555,.T.);
#5555 = SURFACE_CURVE('',#5556,(#5561,#5568),.PCURVE_S1.);
#5556 = CIRCLE('',#5557,2.E-02);
#5557 = AXIS2_PLACEMENT_3D('',#5558,#5559,#5560);
#5558 = CARTESIAN_POINT('',(0.78,-0.38,-0.38));
#5559 = DIRECTION('',(0.,-0.,1.));
#5560 = DIRECTION('',(-1.,0.,0.));
#5561 = PCURVE('',#5345,#5562);
#5562 = DEFINITIONAL_REPRESENTATION('',(#5563),#5567);
#5563 = LINE('',#5564,#5565);
#5564 = CARTESIAN_POINT('',(0.,-3.14159265359));
#5565 = VECTOR('',#5566,1.);
#5566 = DIRECTION('',(0.,1.));
#5567 = ( GEOMETRIC_REPRESENTATION_CONTEXT(2) 
PARAMETRIC_REPRESENTATION_CONTEXT() REPRESENTATION_CONTEXT('2D SPACE',''
  ) );
#5568 = PCURVE('',#3300,#5569);
#5569 = DEFINITIONAL_REPRESENTATION('',(#5570),#5574);
#5570 = LINE('',#5571,#5572);
#5571 = CARTESIAN_POINT('',(6.28318530718,0.38));
#5572 = VECTOR('',#5573,1.);
#5573 = DIRECTION('',(-1.,0.));
#5574 = ( GEOMETRIC_REPRESENTATION_CONTEXT(2) 
PARAMETRIC_REPRESENTATION_CONTEXT() REPRESENTATION_CONTEXT('2D SPACE',''
  ) );
#5575 = ADVANCED_FACE('',(#5576),#3300,.T.);
#5576 = FACE_BOUND('',#5577,.T.);
#5577 = EDGE_LOOP('',(#5578,#5579,#5580,#5581));
#5578 = ORIENTED_EDGE('',*,*,#5527,.T.);
#5579 = ORIENTED_EDGE('',*,*,#3284,.F.);
#5580 = ORIENTED_EDGE('',*,*,#5554,.T.);
#5581 = ORIENTED_EDGE('',*,*,#4132,.F.);
#5582 = ADVANCED_FACE('',(#5583),#4274,.T.);
#5583 = FACE_BOUND('',#5584,.T.);
#5584 = EDGE_LOOP('',(#5585,#5586,#5606));
#5585 = ORIENTED_EDGE('',*,*,#4856,.T.);
#5586 = ORIENTED_EDGE('',*,*,#5587,.T.);
#5587 = EDGE_CURVE('',#4783,#4205,#5588,.T.);
#5588 = SURFACE_CURVE('',#5589,(#5594,#5600),.PCURVE_S1.);
#5589 = ( BOUNDED_CURVE() B_SPLINE_CURVE(3,(#5590,#5591,#5592,#5593),
.UNSPECIFIED.,.F.,.F.) B_SPLINE_CURVE_WITH_KNOTS((4,4),(1.305115511874,
1.305797220089),.PIECEWISE_BEZIER_KNOTS.) CURVE() 
GEOMETRIC_REPRESENTATION_ITEM() RATIONAL_B_SPLINE_CURVE((1.,
0.999999961273,0.999999961273,1.)) REPRESENTATION_ITEM('') );
#5590 = CARTESIAN_POINT('',(0.552629051761,0.39671199422,-0.390986776106
    ));
#5591 = CARTESIAN_POINT('',(0.552539554972,0.396383099324,
    -0.390657881211));
#5592 = CARTESIAN_POINT('',(0.552450170293,0.396054173943,
    -0.390328955829));
#5593 = CARTESIAN_POINT('',(0.552360897736,0.395725218114,-0.39));
#5594 = PCURVE('',#4274,#5595);
#5595 = DEFINITIONAL_REPRESENTATION('',(#5596),#5599);
#5596 = B_SPLINE_CURVE_WITH_KNOTS('',1,(#5597,#5598),.UNSPECIFIED.,.F.,
  .F.,(2,2),(1.305115511874,1.305797220089),.PIECEWISE_BEZIER_KNOTS.);
#5597 = CARTESIAN_POINT('',(4.978069795306,9.86776106065E-04));
#5598 = CARTESIAN_POINT('',(4.97738808709,0.));
#5599 = ( GEOMETRIC_REPRESENTATION_CONTEXT(2) 
PARAMETRIC_REPRESENTATION_CONTEXT() REPRESENTATION_CONTEXT('2D SPACE',''
  ) );
#5600 = PCURVE('',#67,#5601);
#5601 = DEFINITIONAL_REPRESENTATION('',(#5602),#5605);
#5602 = B_SPLINE_CURVE_WITH_KNOTS('',1,(#5603,#5604),.UNSPECIFIED.,.F.,
  .F.,(2,2),(1.305115511874,1.305797220089),.PIECEWISE_BEZIER_KNOTS.);
#5603 = CARTESIAN_POINT('',(4.446708165463,6.711994219582E-03));
#5604 = CARTESIAN_POINT('',(4.447389873679,5.725218113517E-03));
#5605 = ( GEOMETRIC_REPRESENTATION_CONTEXT(2) 
PARAMETRIC_REPRESENTATION_CONTEXT() REPRESENTATION_CONTEXT('2D SPACE',''
  ) );
#5606 = ORIENTED_EDGE('',*,*,#4255,.F.);
#5607 = ADVANCED_FACE('',(#5608),#4571,.T.);
#5608 = FACE_BOUND('',#5609,.T.);
#5609 = EDGE_LOOP('',(#5610,#5611,#5633));
#5610 = ORIENTED_EDGE('',*,*,#4555,.T.);
#5611 = ORIENTED_EDGE('',*,*,#5612,.F.);
#5612 = EDGE_CURVE('',#5613,#4482,#5615,.T.);
#5613 = VERTEX_POINT('',#5614);
#5614 = CARTESIAN_POINT('',(0.552360897736,0.39,0.395725218114));
#5615 = SURFACE_CURVE('',#5616,(#5621,#5627),.PCURVE_S1.);
#5616 = ( BOUNDED_CURVE() B_SPLINE_CURVE(3,(#5617,#5618,#5619,#5620),
.UNSPECIFIED.,.F.,.F.) B_SPLINE_CURVE_WITH_KNOTS((4,4),(4.97738808709,
4.978069795306),.PIECEWISE_BEZIER_KNOTS.) CURVE() 
GEOMETRIC_REPRESENTATION_ITEM() RATIONAL_B_SPLINE_CURVE((1.,
0.999999961273,0.999999961273,1.)) REPRESENTATION_ITEM('') );
#5617 = CARTESIAN_POINT('',(0.552360897736,0.39,0.395725218114));
#5618 = CARTESIAN_POINT('',(0.552450170293,0.390328955829,0.396054173943
    ));
#5619 = CARTESIAN_POINT('',(0.552539554972,0.390657881211,0.396383099324
    ));
#5620 = CARTESIAN_POINT('',(0.552629051761,0.390986776106,0.39671199422)
  );
#5621 = PCURVE('',#4571,#5622);
#5622 = DEFINITIONAL_REPRESENTATION('',(#5623),#5626);
#5623 = B_SPLINE_CURVE_WITH_KNOTS('',1,(#5624,#5625),.UNSPECIFIED.,.F.,
  .F.,(2,2),(4.97738808709,4.978069795306),.PIECEWISE_BEZIER_KNOTS.);
#5624 = CARTESIAN_POINT('',(4.97738808709,-4.107825191113E-15));
#5625 = CARTESIAN_POINT('',(4.978069795306,9.8677610606E-04));
#5626 = ( GEOMETRIC_REPRESENTATION_CONTEXT(2) 
PARAMETRIC_REPRESENTATION_CONTEXT() REPRESENTATION_CONTEXT('2D SPACE',''
  ) );
#5627 = PCURVE('',#309,#5628);
#5628 = DEFINITIONAL_REPRESENTATION('',(#5629),#5632);
#5629 = B_SPLINE_CURVE_WITH_KNOTS('',1,(#5630,#5631),.UNSPECIFIED.,.F.,
  .F.,(2,2),(4.97738808709,4.978069795306),.PIECEWISE_BEZIER_KNOTS.);
#5630 = CARTESIAN_POINT('',(4.447389873679,5.725218113518E-03));
#5631 = CARTESIAN_POINT('',(4.446708165463,6.711994219579E-03));
#5632 = ( GEOMETRIC_REPRESENTATION_CONTEXT(2) 
PARAMETRIC_REPRESENTATION_CONTEXT() REPRESENTATION_CONTEXT('2D SPACE',''
  ) );
#5633 = ORIENTED_EDGE('',*,*,#5634,.F.);
#5634 = EDGE_CURVE('',#4556,#5613,#5635,.T.);
#5635 = SURFACE_CURVE('',#5636,(#5641,#5648),.PCURVE_S1.);
#5636 = CIRCLE('',#5637,1.5);
#5637 = AXIS2_PLACEMENT_3D('',#5638,#5639,#5640);
#5638 = CARTESIAN_POINT('',(2.,0.39,2.862609056754E-03));
#5639 = DIRECTION('',(0.,-1.,1.036602379928E-14));
#5640 = DIRECTION('',(0.,1.036602379928E-14,1.));
#5641 = PCURVE('',#4571,#5642);
#5642 = DEFINITIONAL_REPRESENTATION('',(#5643),#5647);
#5643 = LINE('',#5644,#5645);
#5644 = CARTESIAN_POINT('',(6.28318530718,6.576754094751E-14));
#5645 = VECTOR('',#5646,1.);
#5646 = DIRECTION('',(-1.,-5.036581479551E-14));
#5647 = ( GEOMETRIC_REPRESENTATION_CONTEXT(2) 
PARAMETRIC_REPRESENTATION_CONTEXT() REPRESENTATION_CONTEXT('2D SPACE',''
  ) );
#5648 = PCURVE('',#4596,#5649);
#5649 = DEFINITIONAL_REPRESENTATION('',(#5650),#5658);
#5650 = ( BOUNDED_CURVE() B_SPLINE_CURVE(2,(#5651,#5652,#5653,#5654,
#5655,#5656,#5657),.UNSPECIFIED.,.T.,.F.) B_SPLINE_CURVE_WITH_KNOTS((1,2
    ,2,2,2,1),(-2.094395102393,0.,2.094395102393,4.188790204786,
6.28318530718,8.377580409573),.UNSPECIFIED.) CURVE() 
GEOMETRIC_REPRESENTATION_ITEM() RATIONAL_B_SPLINE_CURVE((1.,0.5,1.,0.5,
1.,0.5,1.)) REPRESENTATION_ITEM('') );
#5651 = CARTESIAN_POINT('',(1.5,0.));
#5652 = CARTESIAN_POINT('',(1.5,-2.598076211353));
#5653 = CARTESIAN_POINT('',(-0.75,-1.299038105677));
#5654 = CARTESIAN_POINT('',(-3.,-3.673940397442E-16));
#5655 = CARTESIAN_POINT('',(-0.75,1.299038105677));
#5656 = CARTESIAN_POINT('',(1.5,2.598076211353));
#5657 = CARTESIAN_POINT('',(1.5,0.));
#5658 = ( GEOMETRIC_REPRESENTATION_CONTEXT(2) 
PARAMETRIC_REPRESENTATION_CONTEXT() REPRESENTATION_CONTEXT('2D SPACE',''
  ) );
#5659 = ADVANCED_FACE('',(#5660),#4596,.T.);
#5660 = FACE_BOUND('',#5661,.T.);
#5661 = EDGE_LOOP('',(#5662,#5663,#5684));
#5662 = ORIENTED_EDGE('',*,*,#5634,.T.);
#5663 = ORIENTED_EDGE('',*,*,#5664,.T.);
#5664 = EDGE_CURVE('',#5613,#4290,#5665,.T.);
#5665 = SURFACE_CURVE('',#5666,(#5670,#5677),.PCURVE_S1.);
#5666 = LINE('',#5667,#5668);
#5667 = CARTESIAN_POINT('',(0.552360897736,0.39,0.39));
#5668 = VECTOR('',#5669,1.);
#5669 = DIRECTION('',(-0.,-1.084202172486E-16,1.));
#5670 = PCURVE('',#4596,#5671);
#5671 = DEFINITIONAL_REPRESENTATION('',(#5672),#5676);
#5672 = LINE('',#5673,#5674);
#5673 = CARTESIAN_POINT('',(0.387137390943,-1.447639102264));
#5674 = VECTOR('',#5675,1.);
#5675 = DIRECTION('',(1.,0.));
#5676 = ( GEOMETRIC_REPRESENTATION_CONTEXT(2) 
PARAMETRIC_REPRESENTATION_CONTEXT() REPRESENTATION_CONTEXT('2D SPACE',''
  ) );
#5677 = PCURVE('',#309,#5678);
#5678 = DEFINITIONAL_REPRESENTATION('',(#5679),#5683);
#5679 = LINE('',#5680,#5681);
#5680 = CARTESIAN_POINT('',(4.447389873679,-4.163336342344E-15));
#5681 = VECTOR('',#5682,1.);
#5682 = DIRECTION('',(0.,1.));
#5683 = ( GEOMETRIC_REPRESENTATION_CONTEXT(2) 
PARAMETRIC_REPRESENTATION_CONTEXT() REPRESENTATION_CONTEXT('2D SPACE',''
  ) );
#5684 = ORIENTED_EDGE('',*,*,#4582,.F.);
#5685 = ADVANCED_FACE('',(#5686),#5263,.T.);
#5686 = FACE_BOUND('',#5687,.T.);
#5687 = EDGE_LOOP('',(#5688,#5716,#5737));
#5688 = ORIENTED_EDGE('',*,*,#5689,.T.);
#5689 = EDGE_CURVE('',#5223,#5690,#5692,.T.);
#5690 = VERTEX_POINT('',#5691);
#5691 = CARTESIAN_POINT('',(0.552360897736,-0.395725218114,0.39));
#5692 = SURFACE_CURVE('',#5693,(#5698,#5709),.PCURVE_S1.);
#5693 = CIRCLE('',#5694,1.5);
#5694 = AXIS2_PLACEMENT_3D('',#5695,#5696,#5697);
#5695 = CARTESIAN_POINT('',(2.,-2.862609056759E-03,0.39));
#5696 = DIRECTION('',(0.,1.084202172486E-16,-1.));
#5697 = DIRECTION('',(0.,-1.,-1.084202172486E-16));
#5698 = PCURVE('',#5263,#5699);
#5699 = DEFINITIONAL_REPRESENTATION('',(#5700),#5708);
#5700 = ( BOUNDED_CURVE() B_SPLINE_CURVE(2,(#5701,#5702,#5703,#5704,
#5705,#5706,#5707),.UNSPECIFIED.,.T.,.F.) B_SPLINE_CURVE_WITH_KNOTS((1,2
    ,2,2,2,1),(-2.094395102393,0.,2.094395102393,4.188790204786,
6.28318530718,8.377580409573),.UNSPECIFIED.) CURVE() 
GEOMETRIC_REPRESENTATION_ITEM() RATIONAL_B_SPLINE_CURVE((1.,0.5,1.,0.5,
1.,0.5,1.)) REPRESENTATION_ITEM('') );
#5701 = CARTESIAN_POINT('',(1.5,0.));
#5702 = CARTESIAN_POINT('',(1.5,-2.598076211353));
#5703 = CARTESIAN_POINT('',(-0.75,-1.299038105677));
#5704 = CARTESIAN_POINT('',(-3.,-3.673940397442E-16));
#5705 = CARTESIAN_POINT('',(-0.75,1.299038105677));
#5706 = CARTESIAN_POINT('',(1.5,2.598076211353));
#5707 = CARTESIAN_POINT('',(1.5,0.));
#5708 = ( GEOMETRIC_REPRESENTATION_CONTEXT(2) 
PARAMETRIC_REPRESENTATION_CONTEXT() REPRESENTATION_CONTEXT('2D SPACE',''
  ) );
#5709 = PCURVE('',#5238,#5710);
#5710 = DEFINITIONAL_REPRESENTATION('',(#5711),#5715);
#5711 = LINE('',#5712,#5713);
#5712 = CARTESIAN_POINT('',(6.28318530718,0.));
#5713 = VECTOR('',#5714,1.);
#5714 = DIRECTION('',(-1.,0.));
#5715 = ( GEOMETRIC_REPRESENTATION_CONTEXT(2) 
PARAMETRIC_REPRESENTATION_CONTEXT() REPRESENTATION_CONTEXT('2D SPACE',''
  ) );
#5716 = ORIENTED_EDGE('',*,*,#5717,.T.);
#5717 = EDGE_CURVE('',#5690,#4957,#5718,.T.);
#5718 = SURFACE_CURVE('',#5719,(#5723,#5730),.PCURVE_S1.);
#5719 = LINE('',#5720,#5721);
#5720 = CARTESIAN_POINT('',(0.552360897736,-0.39,0.39));
#5721 = VECTOR('',#5722,1.);
#5722 = DIRECTION('',(-0.,-1.,3.383061121595E-15));
#5723 = PCURVE('',#5263,#5724);
#5724 = DEFINITIONAL_REPRESENTATION('',(#5725),#5729);
#5725 = LINE('',#5726,#5727);
#5726 = CARTESIAN_POINT('',(0.387137390943,-1.447639102264));
#5727 = VECTOR('',#5728,1.);
#5728 = DIRECTION('',(1.,-0.));
#5729 = ( GEOMETRIC_REPRESENTATION_CONTEXT(2) 
PARAMETRIC_REPRESENTATION_CONTEXT() REPRESENTATION_CONTEXT('2D SPACE',''
  ) );
#5730 = PCURVE('',#342,#5731);
#5731 = DEFINITIONAL_REPRESENTATION('',(#5732),#5736);
#5732 = LINE('',#5733,#5734);
#5733 = CARTESIAN_POINT('',(4.447389873679,1.387778780781E-15));
#5734 = VECTOR('',#5735,1.);
#5735 = DIRECTION('',(0.,1.));
#5736 = ( GEOMETRIC_REPRESENTATION_CONTEXT(2) 
PARAMETRIC_REPRESENTATION_CONTEXT() REPRESENTATION_CONTEXT('2D SPACE',''
  ) );
#5737 = ORIENTED_EDGE('',*,*,#5249,.F.);
#5738 = ADVANCED_FACE('',(#5739),#5238,.T.);
#5739 = FACE_BOUND('',#5740,.T.);
#5740 = EDGE_LOOP('',(#5741,#5742,#5762));
#5741 = ORIENTED_EDGE('',*,*,#5222,.T.);
#5742 = ORIENTED_EDGE('',*,*,#5743,.F.);
#5743 = EDGE_CURVE('',#5690,#5149,#5744,.T.);
#5744 = SURFACE_CURVE('',#5745,(#5750,#5756),.PCURVE_S1.);
#5745 = ( BOUNDED_CURVE() B_SPLINE_CURVE(3,(#5746,#5747,#5748,#5749),
.UNSPECIFIED.,.F.,.F.) B_SPLINE_CURVE_WITH_KNOTS((4,4),(4.97738808709,
4.978069795306),.PIECEWISE_BEZIER_KNOTS.) CURVE() 
GEOMETRIC_REPRESENTATION_ITEM() RATIONAL_B_SPLINE_CURVE((1.,
0.999999961273,0.999999961273,1.)) REPRESENTATION_ITEM('') );
#5746 = CARTESIAN_POINT('',(0.552360897736,-0.395725218114,0.39));
#5747 = CARTESIAN_POINT('',(0.552450170293,-0.396054173943,
    0.390328955829));
#5748 = CARTESIAN_POINT('',(0.552539554972,-0.396383099324,
    0.390657881211));
#5749 = CARTESIAN_POINT('',(0.552629051761,-0.39671199422,0.390986776106
    ));
#5750 = PCURVE('',#5238,#5751);
#5751 = DEFINITIONAL_REPRESENTATION('',(#5752),#5755);
#5752 = B_SPLINE_CURVE_WITH_KNOTS('',1,(#5753,#5754),.UNSPECIFIED.,.F.,
  .F.,(2,2),(4.97738808709,4.978069795306),.PIECEWISE_BEZIER_KNOTS.);
#5753 = CARTESIAN_POINT('',(4.97738808709,0.));
#5754 = CARTESIAN_POINT('',(4.978069795306,9.867761060623E-04));
#5755 = ( GEOMETRIC_REPRESENTATION_CONTEXT(2) 
PARAMETRIC_REPRESENTATION_CONTEXT() REPRESENTATION_CONTEXT('2D SPACE',''
  ) );
#5756 = PCURVE('',#342,#5757);
#5757 = DEFINITIONAL_REPRESENTATION('',(#5758),#5761);
#5758 = B_SPLINE_CURVE_WITH_KNOTS('',1,(#5759,#5760),.UNSPECIFIED.,.F.,
  .F.,(2,2),(4.97738808709,4.978069795306),.PIECEWISE_BEZIER_KNOTS.);
#5759 = CARTESIAN_POINT('',(4.447389873679,5.725218113517E-03));
#5760 = CARTESIAN_POINT('',(4.446708165463,6.711994219581E-03));
#5761 = ( GEOMETRIC_REPRESENTATION_CONTEXT(2) 
PARAMETRIC_REPRESENTATION_CONTEXT() REPRESENTATION_CONTEXT('2D SPACE',''
  ) );
#5762 = ORIENTED_EDGE('',*,*,#5689,.F.);
#5763 = ADVANCED_FACE('',(#5764),#342,.T.);
#5764 = FACE_BOUND('',#5765,.T.);
#5765 = EDGE_LOOP('',(#5766,#5767,#5768,#5769,#5770,#5771,#5772,#5794,
    #5840,#5841,#5916,#5917,#5918));
#5766 = ORIENTED_EDGE('',*,*,#3226,.T.);
#5767 = ORIENTED_EDGE('',*,*,#4956,.T.);
#5768 = ORIENTED_EDGE('',*,*,#5717,.F.);
#5769 = ORIENTED_EDGE('',*,*,#5743,.T.);
#5770 = ORIENTED_EDGE('',*,*,#5148,.T.);
#5771 = ORIENTED_EDGE('',*,*,#321,.F.);
#5772 = ORIENTED_EDGE('',*,*,#5773,.T.);
#5773 = EDGE_CURVE('',#287,#5774,#5776,.T.);
#5774 = VERTEX_POINT('',#5775);
#5775 = CARTESIAN_POINT('',(0.550640054653,-0.389328323965,
    0.383603105882));
#5776 = SURFACE_CURVE('',#5777,(#5782,#5788),.PCURVE_S1.);
#5777 = ( BOUNDED_CURVE() B_SPLINE_CURVE(3,(#5778,#5779,#5780,#5781),
.UNSPECIFIED.,.F.,.F.) B_SPLINE_CURVE_WITH_KNOTS((4,4),(1.309749975933,
1.310213433992),.PIECEWISE_BEZIER_KNOTS.) CURVE() 
GEOMETRIC_REPRESENTATION_ITEM() RATIONAL_B_SPLINE_CURVE((1.,
0.999999982101,0.999999982101,1.)) REPRESENTATION_ITEM('') );
#5778 = CARTESIAN_POINT('',(0.550819320949,-0.39,0.384274781886));
#5779 = CARTESIAN_POINT('',(0.550759513634,-0.389776121843,
    0.384050903729));
#5780 = CARTESIAN_POINT('',(0.5506997582,-0.389552229833,0.383827011719)
  );
#5781 = CARTESIAN_POINT('',(0.550640054653,-0.389328323965,
    0.383603105882));
#5782 = PCURVE('',#342,#5783);
#5783 = DEFINITIONAL_REPRESENTATION('',(#5784),#5787);
#5784 = B_SPLINE_CURVE_WITH_KNOTS('',1,(#5785,#5786),.UNSPECIFIED.,.F.,
  .F.,(2,2),(1.309749975933,1.310213433992),.PIECEWISE_BEZIER_KNOTS.);
#5785 = CARTESIAN_POINT('',(4.451342629522,1.33226762955E-15));
#5786 = CARTESIAN_POINT('',(4.451806087572,-6.716760345604E-04));
#5787 = ( GEOMETRIC_REPRESENTATION_CONTEXT(2) 
PARAMETRIC_REPRESENTATION_CONTEXT() REPRESENTATION_CONTEXT('2D SPACE',''
  ) );
#5788 = PCURVE('',#309,#5789);
#5789 = DEFINITIONAL_REPRESENTATION('',(#5790),#5793);
#5790 = B_SPLINE_CURVE_WITH_KNOTS('',1,(#5791,#5792),.UNSPECIFIED.,.F.,
  .F.,(2,2),(1.309749975933,1.310213433992),.PIECEWISE_BEZIER_KNOTS.);
#5791 = CARTESIAN_POINT('',(4.973435331247,-5.725218113514E-03));
#5792 = CARTESIAN_POINT('',(4.972971873178,-6.396894118149E-03));
#5793 = ( GEOMETRIC_REPRESENTATION_CONTEXT(2) 
PARAMETRIC_REPRESENTATION_CONTEXT() REPRESENTATION_CONTEXT('2D SPACE',''
  ) );
#5794 = ORIENTED_EDGE('',*,*,#5795,.T.);
#5795 = EDGE_CURVE('',#5774,#386,#5796,.T.);
#5796 = SURFACE_CURVE('',#5797,(#5805,#5834),.PCURVE_S1.);
#5797 = B_SPLINE_CURVE_WITH_KNOTS('',3,(#5798,#5799,#5800,#5801,#5802,
    #5803,#5804),.UNSPECIFIED.,.F.,.F.,(4,3,4),(3.348916750293E-06,
    3.569513316914E-06,7.135717563723E-06),.UNSPECIFIED.);
#5798 = CARTESIAN_POINT('',(0.550640054653,-0.389328323965,
    0.383603105882));
#5799 = CARTESIAN_POINT('',(0.550622075142,-0.389354368497,
    0.383535677435));
#5800 = CARTESIAN_POINT('',(0.550604028462,-0.389379677396,
    0.383467978181));
#5801 = CARTESIAN_POINT('',(0.550585920842,-0.389404243155,
    0.383400031044));
#5802 = CARTESIAN_POINT('',(0.550296817988,-0.389796455431,
    0.382315199888));
#5803 = CARTESIAN_POINT('',(0.549987636892,-0.39,0.381149840095));
#5804 = CARTESIAN_POINT('',(0.549684095589,-0.39,0.38));
#5805 = PCURVE('',#342,#5806);
#5806 = DEFINITIONAL_REPRESENTATION('',(#5807),#5833);
#5807 = B_SPLINE_CURVE_WITH_KNOTS('',3,(#5808,#5809,#5810,#5811,#5812,
    #5813,#5814,#5815,#5816,#5817,#5818,#5819,#5820,#5821,#5822,#5823,
    #5824,#5825,#5826,#5827,#5828,#5829,#5830,#5831,#5832),
  .UNSPECIFIED.,.F.,.F.,(4,1,1,1,1,1,1,1,1,1,1,1,1,1,1,1,1,1,1,1,1,1,4),
  (3.348916750293E-06,3.521044059994E-06,3.693171369696E-06,
    3.865298679397E-06,4.037425989098E-06,4.2095532988E-06,
    4.381680608501E-06,4.553807918202E-06,4.725935227904E-06,
    4.898062537605E-06,5.070189847306E-06,5.242317157008E-06,
    5.414444466709E-06,5.58657177641E-06,5.758699086112E-06,
    5.930826395813E-06,6.102953705515E-06,6.275081015216E-06,
    6.447208324917E-06,6.619335634619E-06,6.79146294432E-06,
    6.963590254021E-06,7.135717563723E-06),.QUASI_UNIFORM_KNOTS.);
#5808 = CARTESIAN_POINT('',(4.451806087572,-6.716760345604E-04));
#5809 = CARTESIAN_POINT('',(4.451842622727,-6.512306157083E-04));
#5810 = CARTESIAN_POINT('',(4.45191537606,-6.115223189503E-04));
#5811 = CARTESIAN_POINT('',(4.452024185182,-5.551684734139E-04));
#5812 = CARTESIAN_POINT('',(4.4521334066,-5.016326589729E-04));
#5813 = CARTESIAN_POINT('',(4.452243412569,-4.507047155595E-04));
#5814 = CARTESIAN_POINT('',(4.452354046641,-4.024536814882E-04));
#5815 = CARTESIAN_POINT('',(4.452465294032,-3.568737840928E-04));
#5816 = CARTESIAN_POINT('',(4.452577102003,-3.13979296249E-04));
#5817 = CARTESIAN_POINT('',(4.452689427981,-2.737791196459E-04));
#5818 = CARTESIAN_POINT('',(4.452802226671,-2.362835951768E-04));
#5819 = CARTESIAN_POINT('',(4.452915453507,-2.015026781028E-04));
#5820 = CARTESIAN_POINT('',(4.453029063727,-1.694464270139E-04));
#5821 = CARTESIAN_POINT('',(4.453143012623,-1.401248728132E-04));
#5822 = CARTESIAN_POINT('',(4.453257255472,-1.135480538228E-04));
#5823 = CARTESIAN_POINT('',(4.453371747555,-8.97260063771E-05));
#5824 = CARTESIAN_POINT('',(4.45348644415,-6.866876734219E-05));
#5825 = CARTESIAN_POINT('',(4.453601300539,-5.038637344258E-05));
#5826 = CARTESIAN_POINT('',(4.453716272002,-3.488886144097E-05));
#5827 = CARTESIAN_POINT('',(4.453831313818,-2.218626808828E-05));
#5828 = CARTESIAN_POINT('',(4.453946381268,-1.228863014035E-05));
#5829 = CARTESIAN_POINT('',(4.454061429633,-5.205984350476E-06));
#5830 = CARTESIAN_POINT('',(4.454176414192,-9.483674735335E-07));
#5831 = CARTESIAN_POINT('',(4.454252998214,-2.158325910773E-17));
#5832 = CARTESIAN_POINT('',(4.454291264685,-5.551115123126E-17));
#5833 = ( GEOMETRIC_REPRESENTATION_CONTEXT(2) 
PARAMETRIC_REPRESENTATION_CONTEXT() REPRESENTATION_CONTEXT('2D SPACE',''
  ) );
#5834 = PCURVE('',#434,#5835);
#5835 = DEFINITIONAL_REPRESENTATION('',(#5836),#5839);
#5836 = B_SPLINE_CURVE_WITH_KNOTS('',1,(#5837,#5838),.UNSPECIFIED.,.F.,
  .F.,(2,2),(3.348916750293E-06,7.135717563723E-06),
  .PIECEWISE_BEZIER_KNOTS.);
#5837 = CARTESIAN_POINT('',(4.343788156592,1.300640054653));
#5838 = CARTESIAN_POINT('',(4.712388980385,1.299684095589));
#5839 = ( GEOMETRIC_REPRESENTATION_CONTEXT(2) 
PARAMETRIC_REPRESENTATION_CONTEXT() REPRESENTATION_CONTEXT('2D SPACE',''
  ) );
#5840 = ORIENTED_EDGE('',*,*,#383,.F.);
#5841 = ORIENTED_EDGE('',*,*,#5842,.T.);
#5842 = EDGE_CURVE('',#384,#3684,#5843,.T.);
#5843 = SURFACE_CURVE('',#5844,(#5858,#5887),.PCURVE_S1.);
#5844 = B_SPLINE_CURVE_WITH_KNOTS('',3,(#5845,#5846,#5847,#5848,#5849,
    #5850,#5851,#5852,#5853,#5854,#5855,#5856,#5857),.UNSPECIFIED.,.F.,
  .F.,(4,3,3,3,4),(1.714274154578E-19,3.561036610351E-06,
    7.12526907201E-06,1.063550969904E-05,1.222739168448E-05),
  .UNSPECIFIED.);
#5845 = CARTESIAN_POINT('',(0.548184795385,-0.39,-0.38));
#5846 = CARTESIAN_POINT('',(0.548483239842,-0.39,-0.381148881577));
#5847 = CARTESIAN_POINT('',(0.548787249101,-0.389796782366,
    -0.382313274283));
#5848 = CARTESIAN_POINT('',(0.549071530238,-0.389405265869,
    -0.383397200959));
#5849 = CARTESIAN_POINT('',(0.549355951732,-0.389013556071,
    -0.384481662797));
#5850 = CARTESIAN_POINT('',(0.549628598696,-0.388421864653,
    -0.385516045224));
#5851 = CARTESIAN_POINT('',(0.54986488482,-0.387675902378,-0.38640940897
    ));
#5852 = CARTESIAN_POINT('',(0.550097542769,-0.38694139436,
    -0.387289055107));
#5853 = CARTESIAN_POINT('',(0.550301527246,-0.386035593335,
    -0.388056979002));
#5854 = CARTESIAN_POINT('',(0.550456808537,-0.385034160268,
    -0.388640441606));
#5855 = CARTESIAN_POINT('',(0.550527556955,-0.384577892782,
    -0.388906275664));
#5856 = CARTESIAN_POINT('',(0.550589102392,-0.384097821098,
    -0.389137238052));
#5857 = CARTESIAN_POINT('',(0.550640054653,-0.383603105882,
    -0.389328323965));
#5858 = PCURVE('',#342,#5859);
#5859 = DEFINITIONAL_REPRESENTATION('',(#5860),#5886);
#5860 = B_SPLINE_CURVE_WITH_KNOTS('',3,(#5861,#5862,#5863,#5864,#5865,
    #5866,#5867,#5868,#5869,#5870,#5871,#5872,#5873,#5874,#5875,#5876,
    #5877,#5878,#5879,#5880,#5881,#5882,#5883,#5884,#5885),
  .UNSPECIFIED.,.F.,.F.,(4,1,1,1,1,1,1,1,1,1,1,1,1,1,1,1,1,1,1,1,1,1,4),
  (1.714274154578E-19,5.55790531113E-07,1.111581062226E-06,
    1.667371593339E-06,2.223162124451E-06,2.778952655564E-06,
    3.334743186677E-06,3.89053371779E-06,4.446324248903E-06,
    5.002114780015E-06,5.557905311128E-06,6.113695842241E-06,
    6.669486373354E-06,7.225276904467E-06,7.781067435579E-06,
    8.336857966692E-06,8.892648497805E-06,9.448439028918E-06,
    1.000422956003E-05,1.056002009114E-05,1.111581062226E-05,
    1.167160115337E-05,1.222739168448E-05),.QUASI_UNIFORM_KNOTS.);
#5861 = CARTESIAN_POINT('',(4.966541174348,0.));
#5862 = CARTESIAN_POINT('',(4.966664683355,-1.634538012567E-16));
#5863 = CARTESIAN_POINT('',(4.966912234373,-9.900573452319E-06));
#5864 = CARTESIAN_POINT('',(4.967283650984,-5.411292485541E-05));
#5865 = CARTESIAN_POINT('',(4.967653647002,-1.273461718525E-04));
#5866 = CARTESIAN_POINT('',(4.96802071785,-2.292610015635E-04));
#5867 = CARTESIAN_POINT('',(4.968383336272,-3.595133366057E-04));
#5868 = CARTESIAN_POINT('',(4.968740059609,-5.177768748568E-04));
#5869 = CARTESIAN_POINT('',(4.969089129482,-7.036589776547E-04));
#5870 = CARTESIAN_POINT('',(4.969432717244,-9.183509359375E-04));
#5871 = CARTESIAN_POINT('',(4.969768926617,-1.160493146701E-03));
#5872 = CARTESIAN_POINT('',(4.970096464942,-1.429144140037E-03));
#5873 = CARTESIAN_POINT('',(4.970413826866,-1.723189804803E-03));
#5874 = CARTESIAN_POINT('',(4.970719754147,-2.041788461703E-03));
#5875 = CARTESIAN_POINT('',(4.97101221276,-2.383181345286E-03));
#5876 = CARTESIAN_POINT('',(4.971292213076,-2.749238536134E-03));
#5877 = CARTESIAN_POINT('',(4.971559413016,-3.13913803427E-03));
#5878 = CARTESIAN_POINT('',(4.971812395811,-3.550840059437E-03));
#5879 = CARTESIAN_POINT('',(4.972049983654,-3.982513953951E-03));
#5880 = CARTESIAN_POINT('',(4.97227111754,-4.432710350122E-03));
#5881 = CARTESIAN_POINT('',(4.972474024264,-4.898245597707E-03));
#5882 = CARTESIAN_POINT('',(4.972659668594,-5.382491886678E-03));
#5883 = CARTESIAN_POINT('',(4.972827073599,-5.882283189769E-03));
#5884 = CARTESIAN_POINT('',(4.972925853841,-6.224199384266E-03));
#5885 = CARTESIAN_POINT('',(4.972971873178,-6.39689411815E-03));
#5886 = ( GEOMETRIC_REPRESENTATION_CONTEXT(2) 
PARAMETRIC_REPRESENTATION_CONTEXT() REPRESENTATION_CONTEXT('2D SPACE',''
  ) );
#5887 = PCURVE('',#271,#5888);
#5888 = DEFINITIONAL_REPRESENTATION('',(#5889),#5915);
#5889 = B_SPLINE_CURVE_WITH_KNOTS('',3,(#5890,#5891,#5892,#5893,#5894,
    #5895,#5896,#5897,#5898,#5899,#5900,#5901,#5902,#5903,#5904,#5905,
    #5906,#5907,#5908,#5909,#5910,#5911,#5912,#5913,#5914),
  .UNSPECIFIED.,.F.,.F.,(4,1,1,1,1,1,1,1,1,1,1,1,1,1,1,1,1,1,1,1,1,1,4),
  (1.714274154578E-19,5.55790531113E-07,1.111581062226E-06,
    1.667371593339E-06,2.223162124451E-06,2.778952655564E-06,
    3.334743186677E-06,3.89053371779E-06,4.446324248903E-06,
    5.002114780015E-06,5.557905311128E-06,6.113695842241E-06,
    6.669486373354E-06,7.225276904467E-06,7.781067435579E-06,
    8.336857966692E-06,8.892648497805E-06,9.448439028918E-06,
    1.000422956003E-05,1.056002009114E-05,1.111581062226E-05,
    1.167160115337E-05,1.222739168448E-05),.QUASI_UNIFORM_KNOTS.);
#5890 = CARTESIAN_POINT('',(4.712388980385,1.298184795385));
#5891 = CARTESIAN_POINT('',(4.730319624028,1.298231375249));
#5892 = CARTESIAN_POINT('',(4.766258777403,1.298324806073));
#5893 = CARTESIAN_POINT('',(4.8203373405,1.298465188782));
#5894 = CARTESIAN_POINT('',(4.87452362409,1.298605230503));
#5895 = CARTESIAN_POINT('',(4.928749731198,1.298744356063));
#5896 = CARTESIAN_POINT('',(4.982944918765,1.298881981791));
#5897 = CARTESIAN_POINT('',(5.037053746656,1.299017555709));
#5898 = CARTESIAN_POINT('',(5.090983122498,1.299150407571));
#5899 = CARTESIAN_POINT('',(5.145238542714,1.299281350163));
#5900 = CARTESIAN_POINT('',(5.199675795716,1.299409645527));
#5901 = CARTESIAN_POINT('',(5.2542420794,1.299534786281));
#5902 = CARTESIAN_POINT('',(5.308848033134,1.299656183834));
#5903 = CARTESIAN_POINT('',(5.363452538887,1.299773343865));
#5904 = CARTESIAN_POINT('',(5.417875825424,1.299885476177));
#5905 = CARTESIAN_POINT('',(5.47252221543,1.299992951571));
#5906 = CARTESIAN_POINT('',(5.527471338548,1.300095619398));
#5907 = CARTESIAN_POINT('',(5.582596456879,1.30019291916));
#5908 = CARTESIAN_POINT('',(5.637807691929,1.300284381294));
#5909 = CARTESIAN_POINT('',(5.693057686362,1.300369582352));
#5910 = CARTESIAN_POINT('',(5.748103322033,1.300447823489));
#5911 = CARTESIAN_POINT('',(5.803480751921,1.300519461331));
#5912 = CARTESIAN_POINT('',(5.859017848416,1.300584103597));
#5913 = CARTESIAN_POINT('',(5.896072001687,1.300622269748));
#5914 = CARTESIAN_POINT('',(5.914584483387,1.300640054653));
#5915 = ( GEOMETRIC_REPRESENTATION_CONTEXT(2) 
PARAMETRIC_REPRESENTATION_CONTEXT() REPRESENTATION_CONTEXT('2D SPACE',''
  ) );
#5916 = ORIENTED_EDGE('',*,*,#3683,.F.);
#5917 = ORIENTED_EDGE('',*,*,#784,.T.);
#5918 = ORIENTED_EDGE('',*,*,#5361,.T.);
#5919 = ADVANCED_FACE('',(#5920),#309,.T.);
#5920 = FACE_BOUND('',#5921,.T.);
#5921 = EDGE_LOOP('',(#5922,#5923,#5924,#5925,#5926,#5927,#5928,#5950,
    #5996,#5997,#6072,#6073,#6074));
#5922 = ORIENTED_EDGE('',*,*,#3336,.T.);
#5923 = ORIENTED_EDGE('',*,*,#4289,.T.);
#5924 = ORIENTED_EDGE('',*,*,#5664,.F.);
#5925 = ORIENTED_EDGE('',*,*,#5612,.T.);
#5926 = ORIENTED_EDGE('',*,*,#4481,.T.);
#5927 = ORIENTED_EDGE('',*,*,#529,.F.);
#5928 = ORIENTED_EDGE('',*,*,#5929,.T.);
#5929 = EDGE_CURVE('',#500,#5930,#5932,.T.);
#5930 = VERTEX_POINT('',#5931);
#5931 = CARTESIAN_POINT('',(0.550640054653,0.383603105882,0.389328323965
    ));
#5932 = SURFACE_CURVE('',#5933,(#5938,#5944),.PCURVE_S1.);
#5933 = ( BOUNDED_CURVE() B_SPLINE_CURVE(3,(#5934,#5935,#5936,#5937),
.UNSPECIFIED.,.F.,.F.) B_SPLINE_CURVE_WITH_KNOTS((4,4),(1.309749975933,
1.310213433992),.PIECEWISE_BEZIER_KNOTS.) CURVE() 
GEOMETRIC_REPRESENTATION_ITEM() RATIONAL_B_SPLINE_CURVE((1.,
0.999999982101,0.999999982101,1.)) REPRESENTATION_ITEM('') );
#5934 = CARTESIAN_POINT('',(0.550819320949,0.384274781886,0.39));
#5935 = CARTESIAN_POINT('',(0.550759513634,0.384050903729,0.389776121843
    ));
#5936 = CARTESIAN_POINT('',(0.5506997582,0.383827011719,0.389552229833)
  );
#5937 = CARTESIAN_POINT('',(0.550640054653,0.383603105882,0.389328323965
    ));
#5938 = PCURVE('',#309,#5939);
#5939 = DEFINITIONAL_REPRESENTATION('',(#5940),#5943);
#5940 = B_SPLINE_CURVE_WITH_KNOTS('',1,(#5941,#5942),.UNSPECIFIED.,.F.,
  .F.,(2,2),(1.309749975933,1.310213433992),.PIECEWISE_BEZIER_KNOTS.);
#5941 = CARTESIAN_POINT('',(4.451342629522,-4.107825191113E-15));
#5942 = CARTESIAN_POINT('',(4.451806087572,-6.716760345623E-04));
#5943 = ( GEOMETRIC_REPRESENTATION_CONTEXT(2) 
PARAMETRIC_REPRESENTATION_CONTEXT() REPRESENTATION_CONTEXT('2D SPACE',''
  ) );
#5944 = PCURVE('',#67,#5945);
#5945 = DEFINITIONAL_REPRESENTATION('',(#5946),#5949);
#5946 = B_SPLINE_CURVE_WITH_KNOTS('',1,(#5947,#5948),.UNSPECIFIED.,.F.,
  .F.,(2,2),(1.309749975933,1.310213433992),.PIECEWISE_BEZIER_KNOTS.);
#5947 = CARTESIAN_POINT('',(4.973435331247,-5.725218113515E-03));
#5948 = CARTESIAN_POINT('',(4.972971873178,-6.396894118151E-03));
#5949 = ( GEOMETRIC_REPRESENTATION_CONTEXT(2) 
PARAMETRIC_REPRESENTATION_CONTEXT() REPRESENTATION_CONTEXT('2D SPACE',''
  ) );
#5950 = ORIENTED_EDGE('',*,*,#5951,.T.);
#5951 = EDGE_CURVE('',#5930,#646,#5952,.T.);
#5952 = SURFACE_CURVE('',#5953,(#5961,#5990),.PCURVE_S1.);
#5953 = B_SPLINE_CURVE_WITH_KNOTS('',3,(#5954,#5955,#5956,#5957,#5958,
    #5959,#5960),.UNSPECIFIED.,.F.,.F.,(4,3,4),(3.348916750291E-06,
    3.569513316914E-06,7.135717563723E-06),.UNSPECIFIED.);
#5954 = CARTESIAN_POINT('',(0.550640054653,0.383603105882,0.389328323965
    ));
#5955 = CARTESIAN_POINT('',(0.550622075142,0.383535677435,0.389354368497
    ));
#5956 = CARTESIAN_POINT('',(0.550604028462,0.383467978181,0.389379677396
    ));
#5957 = CARTESIAN_POINT('',(0.550585920842,0.383400031044,0.389404243155
    ));
#5958 = CARTESIAN_POINT('',(0.550296817988,0.382315199888,0.389796455431
    ));
#5959 = CARTESIAN_POINT('',(0.549987636892,0.381149840095,0.39));
#5960 = CARTESIAN_POINT('',(0.549684095589,0.38,0.39));
#5961 = PCURVE('',#309,#5962);
#5962 = DEFINITIONAL_REPRESENTATION('',(#5963),#5989);
#5963 = B_SPLINE_CURVE_WITH_KNOTS('',3,(#5964,#5965,#5966,#5967,#5968,
    #5969,#5970,#5971,#5972,#5973,#5974,#5975,#5976,#5977,#5978,#5979,
    #5980,#5981,#5982,#5983,#5984,#5985,#5986,#5987,#5988),
  .UNSPECIFIED.,.F.,.F.,(4,1,1,1,1,1,1,1,1,1,1,1,1,1,1,1,1,1,1,1,1,1,4),
  (3.348916750291E-06,3.521044059993E-06,3.693171369694E-06,
    3.865298679395E-06,4.037425989097E-06,4.209553298798E-06,
    4.3816806085E-06,4.553807918201E-06,4.725935227903E-06,
    4.898062537604E-06,5.070189847305E-06,5.242317157007E-06,
    5.414444466708E-06,5.58657177641E-06,5.758699086111E-06,
    5.930826395813E-06,6.102953705514E-06,6.275081015216E-06,
    6.447208324917E-06,6.619335634618E-06,6.79146294432E-06,
    6.963590254021E-06,7.135717563723E-06),.QUASI_UNIFORM_KNOTS.);
#5964 = CARTESIAN_POINT('',(4.451806087572,-6.716760345623E-04));
#5965 = CARTESIAN_POINT('',(4.451842622727,-6.512306157103E-04));
#5966 = CARTESIAN_POINT('',(4.45191537606,-6.115223189522E-04));
#5967 = CARTESIAN_POINT('',(4.452024185182,-5.551684734158E-04));
#5968 = CARTESIAN_POINT('',(4.4521334066,-5.016326589749E-04));
#5969 = CARTESIAN_POINT('',(4.452243412569,-4.507047155612E-04));
#5970 = CARTESIAN_POINT('',(4.452354046641,-4.024536814899E-04));
#5971 = CARTESIAN_POINT('',(4.452465294032,-3.568737840944E-04));
#5972 = CARTESIAN_POINT('',(4.452577102003,-3.139792962507E-04));
#5973 = CARTESIAN_POINT('',(4.452689427981,-2.737791196473E-04));
#5974 = CARTESIAN_POINT('',(4.452802226671,-2.362835951785E-04));
#5975 = CARTESIAN_POINT('',(4.452915453507,-2.015026781041E-04));
#5976 = CARTESIAN_POINT('',(4.453029063727,-1.694464270152E-04));
#5977 = CARTESIAN_POINT('',(4.453143012623,-1.401248728144E-04));
#5978 = CARTESIAN_POINT('',(4.453257255472,-1.13548053824E-04));
#5979 = CARTESIAN_POINT('',(4.453371747555,-8.97260063781E-05));
#5980 = CARTESIAN_POINT('',(4.45348644415,-6.866876734325E-05));
#5981 = CARTESIAN_POINT('',(4.453601300539,-5.038637344368E-05));
#5982 = CARTESIAN_POINT('',(4.453716272002,-3.488886144152E-05));
#5983 = CARTESIAN_POINT('',(4.453831313818,-2.218626808901E-05));
#5984 = CARTESIAN_POINT('',(4.453946381268,-1.22886301409E-05));
#5985 = CARTESIAN_POINT('',(4.454061429633,-5.20598435088E-06));
#5986 = CARTESIAN_POINT('',(4.454176414192,-9.483674736983E-07));
#5987 = CARTESIAN_POINT('',(4.454252998214,-3.392809596322E-17));
#5988 = CARTESIAN_POINT('',(4.454291264685,0.));
#5989 = ( GEOMETRIC_REPRESENTATION_CONTEXT(2) 
PARAMETRIC_REPRESENTATION_CONTEXT() REPRESENTATION_CONTEXT('2D SPACE',''
  ) );
#5990 = PCURVE('',#150,#5991);
#5991 = DEFINITIONAL_REPRESENTATION('',(#5992),#5995);
#5992 = B_SPLINE_CURVE_WITH_KNOTS('',1,(#5993,#5994),.UNSPECIFIED.,.F.,
  .F.,(2,2),(3.348916750291E-06,7.135717563723E-06),
  .PIECEWISE_BEZIER_KNOTS.);
#5993 = CARTESIAN_POINT('',(2.772991829797,1.300640054653));
#5994 = CARTESIAN_POINT('',(3.14159265359,1.299684095589));
#5995 = ( GEOMETRIC_REPRESENTATION_CONTEXT(2) 
PARAMETRIC_REPRESENTATION_CONTEXT() REPRESENTATION_CONTEXT('2D SPACE',''
  ) );
#5996 = ORIENTED_EDGE('',*,*,#645,.F.);
#5997 = ORIENTED_EDGE('',*,*,#5998,.T.);
#5998 = EDGE_CURVE('',#623,#5774,#5999,.T.);
#5999 = SURFACE_CURVE('',#6000,(#6014,#6043),.PCURVE_S1.);
#6000 = B_SPLINE_CURVE_WITH_KNOTS('',3,(#6001,#6002,#6003,#6004,#6005,
    #6006,#6007,#6008,#6009,#6010,#6011,#6012,#6013),.UNSPECIFIED.,.F.,
  .F.,(4,3,3,3,4),(5.421010862428E-20,3.561036610351E-06,
    7.12526907201E-06,1.063550969904E-05,1.222739168448E-05),
  .UNSPECIFIED.);
#6001 = CARTESIAN_POINT('',(0.548184795385,-0.38,0.39));
#6002 = CARTESIAN_POINT('',(0.548483239842,-0.381148881577,0.39));
#6003 = CARTESIAN_POINT('',(0.548787249101,-0.382313274283,
    0.389796782366));
#6004 = CARTESIAN_POINT('',(0.549071530238,-0.383397200959,
    0.389405265869));
#6005 = CARTESIAN_POINT('',(0.549355951732,-0.384481662797,
    0.389013556071));
#6006 = CARTESIAN_POINT('',(0.549628598696,-0.385516045224,
    0.388421864653));
#6007 = CARTESIAN_POINT('',(0.54986488482,-0.38640940897,0.387675902378)
  );
#6008 = CARTESIAN_POINT('',(0.550097542769,-0.387289055107,0.38694139436
    ));
#6009 = CARTESIAN_POINT('',(0.550301527246,-0.388056979002,
    0.386035593335));
#6010 = CARTESIAN_POINT('',(0.550456808537,-0.388640441606,
    0.385034160268));
#6011 = CARTESIAN_POINT('',(0.550527556955,-0.388906275664,
    0.384577892782));
#6012 = CARTESIAN_POINT('',(0.550589102392,-0.389137238052,
    0.384097821098));
#6013 = CARTESIAN_POINT('',(0.550640054653,-0.389328323965,
    0.383603105882));
#6014 = PCURVE('',#309,#6015);
#6015 = DEFINITIONAL_REPRESENTATION('',(#6016),#6042);
#6016 = B_SPLINE_CURVE_WITH_KNOTS('',3,(#6017,#6018,#6019,#6020,#6021,
    #6022,#6023,#6024,#6025,#6026,#6027,#6028,#6029,#6030,#6031,#6032,
    #6033,#6034,#6035,#6036,#6037,#6038,#6039,#6040,#6041),
  .UNSPECIFIED.,.F.,.F.,(4,1,1,1,1,1,1,1,1,1,1,1,1,1,1,1,1,1,1,1,1,1,4),
  (5.421010862428E-20,5.557905311128E-07,1.111581062226E-06,
    1.667371593338E-06,2.223162124451E-06,2.778952655564E-06,
    3.334743186677E-06,3.89053371779E-06,4.446324248902E-06,
    5.002114780015E-06,5.557905311128E-06,6.113695842241E-06,
    6.669486373354E-06,7.225276904466E-06,7.781067435579E-06,
    8.336857966692E-06,8.892648497805E-06,9.448439028917E-06,
    1.000422956003E-05,1.056002009114E-05,1.111581062226E-05,
    1.167160115337E-05,1.222739168448E-05),.QUASI_UNIFORM_KNOTS.);
#6017 = CARTESIAN_POINT('',(4.966541174348,0.));
#6018 = CARTESIAN_POINT('',(4.966664683355,9.868742345275E-17));
#6019 = CARTESIAN_POINT('',(4.966912234373,-9.900573451664E-06));
#6020 = CARTESIAN_POINT('',(4.967283650984,-5.411292485443E-05));
#6021 = CARTESIAN_POINT('',(4.967653647002,-1.273461718514E-04));
#6022 = CARTESIAN_POINT('',(4.96802071785,-2.292610015622E-04));
#6023 = CARTESIAN_POINT('',(4.968383336272,-3.595133366044E-04));
#6024 = CARTESIAN_POINT('',(4.968740059609,-5.177768748558E-04));
#6025 = CARTESIAN_POINT('',(4.969089129482,-7.036589776533E-04));
#6026 = CARTESIAN_POINT('',(4.969432717244,-9.183509359361E-04));
#6027 = CARTESIAN_POINT('',(4.969768926617,-1.160493146699E-03));
#6028 = CARTESIAN_POINT('',(4.970096464942,-1.429144140035E-03));
#6029 = CARTESIAN_POINT('',(4.970413826866,-1.723189804801E-03));
#6030 = CARTESIAN_POINT('',(4.970719754147,-2.041788461701E-03));
#6031 = CARTESIAN_POINT('',(4.97101221276,-2.383181345284E-03));
#6032 = CARTESIAN_POINT('',(4.971292213076,-2.749238536133E-03));
#6033 = CARTESIAN_POINT('',(4.971559413016,-3.139138034268E-03));
#6034 = CARTESIAN_POINT('',(4.971812395811,-3.550840059436E-03));
#6035 = CARTESIAN_POINT('',(4.972049983654,-3.982513953949E-03));
#6036 = CARTESIAN_POINT('',(4.97227111754,-4.43271035012E-03));
#6037 = CARTESIAN_POINT('',(4.972474024264,-4.898245597705E-03));
#6038 = CARTESIAN_POINT('',(4.972659668594,-5.382491886677E-03));
#6039 = CARTESIAN_POINT('',(4.972827073599,-5.882283189767E-03));
#6040 = CARTESIAN_POINT('',(4.972925853841,-6.224199384264E-03));
#6041 = CARTESIAN_POINT('',(4.972971873178,-6.396894118149E-03));
#6042 = ( GEOMETRIC_REPRESENTATION_CONTEXT(2) 
PARAMETRIC_REPRESENTATION_CONTEXT() REPRESENTATION_CONTEXT('2D SPACE',''
  ) );
#6043 = PCURVE('',#434,#6044);
#6044 = DEFINITIONAL_REPRESENTATION('',(#6045),#6071);
#6045 = B_SPLINE_CURVE_WITH_KNOTS('',3,(#6046,#6047,#6048,#6049,#6050,
    #6051,#6052,#6053,#6054,#6055,#6056,#6057,#6058,#6059,#6060,#6061,
    #6062,#6063,#6064,#6065,#6066,#6067,#6068,#6069,#6070),
  .UNSPECIFIED.,.F.,.F.,(4,1,1,1,1,1,1,1,1,1,1,1,1,1,1,1,1,1,1,1,1,1,4),
  (5.421010862428E-20,5.557905311128E-07,1.111581062226E-06,
    1.667371593338E-06,2.223162124451E-06,2.778952655564E-06,
    3.334743186677E-06,3.89053371779E-06,4.446324248902E-06,
    5.002114780015E-06,5.557905311128E-06,6.113695842241E-06,
    6.669486373354E-06,7.225276904466E-06,7.781067435579E-06,
    8.336857966692E-06,8.892648497805E-06,9.448439028917E-06,
    1.000422956003E-05,1.056002009114E-05,1.111581062226E-05,
    1.167160115337E-05,1.222739168448E-05),.QUASI_UNIFORM_KNOTS.);
#6046 = CARTESIAN_POINT('',(3.14159265359,1.298184795385));
#6047 = CARTESIAN_POINT('',(3.159523297233,1.298231375249));
#6048 = CARTESIAN_POINT('',(3.195462450609,1.298324806073));
#6049 = CARTESIAN_POINT('',(3.249541013705,1.298465188782));
#6050 = CARTESIAN_POINT('',(3.303727297295,1.298605230503));
#6051 = CARTESIAN_POINT('',(3.357953404403,1.298744356063));
#6052 = CARTESIAN_POINT('',(3.41214859197,1.298881981791));
#6053 = CARTESIAN_POINT('',(3.466257419861,1.299017555709));
#6054 = CARTESIAN_POINT('',(3.520186795704,1.299150407571));
#6055 = CARTESIAN_POINT('',(3.574442215919,1.299281350163));
#6056 = CARTESIAN_POINT('',(3.628879468921,1.299409645527));
#6057 = CARTESIAN_POINT('',(3.683445752605,1.299534786281));
#6058 = CARTESIAN_POINT('',(3.738051706339,1.299656183834));
#6059 = CARTESIAN_POINT('',(3.792656212092,1.299773343865));
#6060 = CARTESIAN_POINT('',(3.847079498629,1.299885476177));
#6061 = CARTESIAN_POINT('',(3.901725888635,1.299992951571));
#6062 = CARTESIAN_POINT('',(3.956675011753,1.300095619398));
#6063 = CARTESIAN_POINT('',(4.011800130084,1.30019291916));
#6064 = CARTESIAN_POINT('',(4.067011365135,1.300284381294));
#6065 = CARTESIAN_POINT('',(4.122261359567,1.300369582352));
#6066 = CARTESIAN_POINT('',(4.177306995239,1.300447823489));
#6067 = CARTESIAN_POINT('',(4.232684425126,1.300519461331));
#6068 = CARTESIAN_POINT('',(4.288221521621,1.300584103597));
#6069 = CARTESIAN_POINT('',(4.325275674892,1.300622269748));
#6070 = CARTESIAN_POINT('',(4.343788156592,1.300640054653));
#6071 = ( GEOMETRIC_REPRESENTATION_CONTEXT(2) 
PARAMETRIC_REPRESENTATION_CONTEXT() REPRESENTATION_CONTEXT('2D SPACE',''
  ) );
#6072 = ORIENTED_EDGE('',*,*,#5773,.F.);
#6073 = ORIENTED_EDGE('',*,*,#286,.T.);
#6074 = ORIENTED_EDGE('',*,*,#5078,.T.);
#6075 = ADVANCED_FACE('',(#6076),#67,.T.);
#6076 = FACE_BOUND('',#6077,.T.);
#6077 = EDGE_LOOP('',(#6078,#6079,#6080,#6081,#6082,#6083,#6084,#6085,
    #6131,#6132,#6207,#6208,#6209));
#6078 = ORIENTED_EDGE('',*,*,#3446,.T.);
#6079 = ORIENTED_EDGE('',*,*,#4665,.T.);
#6080 = ORIENTED_EDGE('',*,*,#4202,.T.);
#6081 = ORIENTED_EDGE('',*,*,#5587,.F.);
#6082 = ORIENTED_EDGE('',*,*,#4782,.T.);
#6083 = ORIENTED_EDGE('',*,*,#727,.F.);
#6084 = ORIENTED_EDGE('',*,*,#3829,.T.);
#6085 = ORIENTED_EDGE('',*,*,#6086,.T.);
#6086 = EDGE_CURVE('',#3753,#42,#6087,.T.);
#6087 = SURFACE_CURVE('',#6088,(#6096,#6125),.PCURVE_S1.);
#6088 = B_SPLINE_CURVE_WITH_KNOTS('',3,(#6089,#6090,#6091,#6092,#6093,
    #6094,#6095),.UNSPECIFIED.,.F.,.F.,(4,3,4),(3.348916750291E-06,
    3.569513316914E-06,7.135717563723E-06),.UNSPECIFIED.);
#6089 = CARTESIAN_POINT('',(0.550640054653,0.389328323965,
    -0.383603105882));
#6090 = CARTESIAN_POINT('',(0.550622075142,0.389354368497,
    -0.383535677435));
#6091 = CARTESIAN_POINT('',(0.550604028462,0.389379677396,
    -0.383467978181));
#6092 = CARTESIAN_POINT('',(0.550585920842,0.389404243155,
    -0.383400031044));
#6093 = CARTESIAN_POINT('',(0.550296817988,0.389796455431,
    -0.382315199888));
#6094 = CARTESIAN_POINT('',(0.549987636892,0.39,-0.381149840095));
#6095 = CARTESIAN_POINT('',(0.549684095589,0.39,-0.38));
#6096 = PCURVE('',#67,#6097);
#6097 = DEFINITIONAL_REPRESENTATION('',(#6098),#6124);
#6098 = B_SPLINE_CURVE_WITH_KNOTS('',3,(#6099,#6100,#6101,#6102,#6103,
    #6104,#6105,#6106,#6107,#6108,#6109,#6110,#6111,#6112,#6113,#6114,
    #6115,#6116,#6117,#6118,#6119,#6120,#6121,#6122,#6123),
  .UNSPECIFIED.,.F.,.F.,(4,1,1,1,1,1,1,1,1,1,1,1,1,1,1,1,1,1,1,1,1,1,4),
  (3.348916750291E-06,3.521044059992E-06,3.693171369694E-06,
    3.865298679395E-06,4.037425989097E-06,4.209553298798E-06,
    4.3816806085E-06,4.553807918201E-06,4.725935227903E-06,
    4.898062537604E-06,5.070189847305E-06,5.242317157007E-06,
    5.414444466708E-06,5.58657177641E-06,5.758699086111E-06,
    5.930826395813E-06,6.102953705514E-06,6.275081015215E-06,
    6.447208324917E-06,6.619335634618E-06,6.79146294432E-06,
    6.963590254021E-06,7.135717563723E-06),.QUASI_UNIFORM_KNOTS.);
#6099 = CARTESIAN_POINT('',(4.451806087572,-6.716760345585E-04));
#6100 = CARTESIAN_POINT('',(4.451842622727,-6.512306157064E-04));
#6101 = CARTESIAN_POINT('',(4.45191537606,-6.115223189483E-04));
#6102 = CARTESIAN_POINT('',(4.452024185182,-5.551684734121E-04));
#6103 = CARTESIAN_POINT('',(4.4521334066,-5.01632658971E-04));
#6104 = CARTESIAN_POINT('',(4.452243412569,-4.507047155576E-04));
#6105 = CARTESIAN_POINT('',(4.452354046641,-4.024536814861E-04));
#6106 = CARTESIAN_POINT('',(4.452465294032,-3.568737840909E-04));
#6107 = CARTESIAN_POINT('',(4.452577102003,-3.13979296247E-04));
#6108 = CARTESIAN_POINT('',(4.452689427981,-2.737791196436E-04));
#6109 = CARTESIAN_POINT('',(4.452802226671,-2.362835951749E-04));
#6110 = CARTESIAN_POINT('',(4.452915453507,-2.015026781008E-04));
#6111 = CARTESIAN_POINT('',(4.453029063727,-1.694464270118E-04));
#6112 = CARTESIAN_POINT('',(4.453143012623,-1.401248728113E-04));
#6113 = CARTESIAN_POINT('',(4.453257255472,-1.13548053821E-04));
#6114 = CARTESIAN_POINT('',(4.453371747555,-8.972600637528E-05));
#6115 = CARTESIAN_POINT('',(4.45348644415,-6.866876734056E-05));
#6116 = CARTESIAN_POINT('',(4.453601300539,-5.038637344127E-05));
#6117 = CARTESIAN_POINT('',(4.453716272002,-3.488886143952E-05));
#6118 = CARTESIAN_POINT('',(4.453831313818,-2.218626808741E-05));
#6119 = CARTESIAN_POINT('',(4.453946381268,-1.228863013932E-05));
#6120 = CARTESIAN_POINT('',(4.454061429633,-5.205984349816E-06));
#6121 = CARTESIAN_POINT('',(4.454176414192,-9.483674732051E-07));
#6122 = CARTESIAN_POINT('',(4.454252998214,1.048355640979E-16));
#6123 = CARTESIAN_POINT('',(4.454291264685,0.));
#6124 = ( GEOMETRIC_REPRESENTATION_CONTEXT(2) 
PARAMETRIC_REPRESENTATION_CONTEXT() REPRESENTATION_CONTEXT('2D SPACE',''
  ) );
#6125 = PCURVE('',#95,#6126);
#6126 = DEFINITIONAL_REPRESENTATION('',(#6127),#6130);
#6127 = B_SPLINE_CURVE_WITH_KNOTS('',1,(#6128,#6129),.UNSPECIFIED.,.F.,
  .F.,(2,2),(3.348916750291E-06,7.135717563723E-06),
  .PIECEWISE_BEZIER_KNOTS.);
#6128 = CARTESIAN_POINT('',(1.202195503002,1.300640054653));
#6129 = CARTESIAN_POINT('',(1.570796326795,1.299684095589));
#6130 = ( GEOMETRIC_REPRESENTATION_CONTEXT(2) 
PARAMETRIC_REPRESENTATION_CONTEXT() REPRESENTATION_CONTEXT('2D SPACE',''
  ) );
#6131 = ORIENTED_EDGE('',*,*,#39,.F.);
#6132 = ORIENTED_EDGE('',*,*,#6133,.T.);
#6133 = EDGE_CURVE('',#40,#5930,#6134,.T.);
#6134 = SURFACE_CURVE('',#6135,(#6149,#6178),.PCURVE_S1.);
#6135 = B_SPLINE_CURVE_WITH_KNOTS('',3,(#6136,#6137,#6138,#6139,#6140,
    #6141,#6142,#6143,#6144,#6145,#6146,#6147,#6148),.UNSPECIFIED.,.F.,
  .F.,(4,3,3,3,4),(6.942281208919E-19,3.561036610351E-06,
    7.12526907201E-06,1.063550969904E-05,1.222739168448E-05),
  .UNSPECIFIED.);
#6136 = CARTESIAN_POINT('',(0.548184795385,0.39,0.38));
#6137 = CARTESIAN_POINT('',(0.548483239842,0.39,0.381148881577));
#6138 = CARTESIAN_POINT('',(0.548787249101,0.389796782366,0.382313274283
    ));
#6139 = CARTESIAN_POINT('',(0.549071530238,0.389405265869,0.383397200959
    ));
#6140 = CARTESIAN_POINT('',(0.549355951732,0.389013556071,0.384481662797
    ));
#6141 = CARTESIAN_POINT('',(0.549628598696,0.388421864653,0.385516045224
    ));
#6142 = CARTESIAN_POINT('',(0.54986488482,0.387675902378,0.38640940897)
  );
#6143 = CARTESIAN_POINT('',(0.550097542769,0.38694139436,0.387289055107)
  );
#6144 = CARTESIAN_POINT('',(0.550301527246,0.386035593335,0.388056979002
    ));
#6145 = CARTESIAN_POINT('',(0.550456808537,0.385034160268,0.388640441606
    ));
#6146 = CARTESIAN_POINT('',(0.550527556955,0.384577892782,0.388906275664
    ));
#6147 = CARTESIAN_POINT('',(0.550589102392,0.384097821098,0.389137238052
    ));
#6148 = CARTESIAN_POINT('',(0.550640054653,0.383603105882,0.389328323965
    ));
#6149 = PCURVE('',#67,#6150);
#6150 = DEFINITIONAL_REPRESENTATION('',(#6151),#6177);
#6151 = B_SPLINE_CURVE_WITH_KNOTS('',3,(#6152,#6153,#6154,#6155,#6156,
    #6157,#6158,#6159,#6160,#6161,#6162,#6163,#6164,#6165,#6166,#6167,
    #6168,#6169,#6170,#6171,#6172,#6173,#6174,#6175,#6176),
  .UNSPECIFIED.,.F.,.F.,(4,1,1,1,1,1,1,1,1,1,1,1,1,1,1,1,1,1,1,1,1,1,4),
  (6.942281208919E-19,5.557905311134E-07,1.111581062226E-06,
    1.667371593339E-06,2.223162124451E-06,2.778952655564E-06,
    3.334743186677E-06,3.890533717789E-06,4.446324248902E-06,
    5.002114780015E-06,5.557905311127E-06,6.11369584224E-06,
    6.669486373353E-06,7.225276904465E-06,7.781067435578E-06,
    8.336857966691E-06,8.892648497803E-06,9.448439028916E-06,
    1.000422956003E-05,1.056002009114E-05,1.111581062225E-05,
    1.167160115337E-05,1.222739168448E-05),.QUASI_UNIFORM_KNOTS.);
#6152 = CARTESIAN_POINT('',(4.966541174348,0.));
#6153 = CARTESIAN_POINT('',(4.966664683355,-5.335247282282E-16));
#6154 = CARTESIAN_POINT('',(4.966912234373,-9.9005734534E-06));
#6155 = CARTESIAN_POINT('',(4.967283650984,-5.41129248574E-05));
#6156 = CARTESIAN_POINT('',(4.967653647002,-1.273461718548E-04));
#6157 = CARTESIAN_POINT('',(4.96802071785,-2.292610015664E-04));
#6158 = CARTESIAN_POINT('',(4.968383336272,-3.595133366084E-04));
#6159 = CARTESIAN_POINT('',(4.968740059609,-5.177768748599E-04));
#6160 = CARTESIAN_POINT('',(4.969089129482,-7.036589776574E-04));
#6161 = CARTESIAN_POINT('',(4.969432717244,-9.183509359403E-04));
#6162 = CARTESIAN_POINT('',(4.969768926617,-1.160493146703E-03));
#6163 = CARTESIAN_POINT('',(4.970096464942,-1.429144140039E-03));
#6164 = CARTESIAN_POINT('',(4.970413826866,-1.723189804805E-03));
#6165 = CARTESIAN_POINT('',(4.970719754147,-2.041788461705E-03));
#6166 = CARTESIAN_POINT('',(4.97101221276,-2.383181345288E-03));
#6167 = CARTESIAN_POINT('',(4.971292213076,-2.749238536136E-03));
#6168 = CARTESIAN_POINT('',(4.971559413016,-3.139138034272E-03));
#6169 = CARTESIAN_POINT('',(4.971812395811,-3.550840059439E-03));
#6170 = CARTESIAN_POINT('',(4.972049983654,-3.982513953953E-03));
#6171 = CARTESIAN_POINT('',(4.97227111754,-4.432710350123E-03));
#6172 = CARTESIAN_POINT('',(4.972474024264,-4.898245597708E-03));
#6173 = CARTESIAN_POINT('',(4.972659668594,-5.38249188668E-03));
#6174 = CARTESIAN_POINT('',(4.972827073599,-5.88228318977E-03));
#6175 = CARTESIAN_POINT('',(4.972925853841,-6.224199384266E-03));
#6176 = CARTESIAN_POINT('',(4.972971873178,-6.396894118151E-03));
#6177 = ( GEOMETRIC_REPRESENTATION_CONTEXT(2) 
PARAMETRIC_REPRESENTATION_CONTEXT() REPRESENTATION_CONTEXT('2D SPACE',''
  ) );
#6178 = PCURVE('',#150,#6179);
#6179 = DEFINITIONAL_REPRESENTATION('',(#6180),#6206);
#6180 = B_SPLINE_CURVE_WITH_KNOTS('',3,(#6181,#6182,#6183,#6184,#6185,
    #6186,#6187,#6188,#6189,#6190,#6191,#6192,#6193,#6194,#6195,#6196,
    #6197,#6198,#6199,#6200,#6201,#6202,#6203,#6204,#6205),
  .UNSPECIFIED.,.F.,.F.,(4,1,1,1,1,1,1,1,1,1,1,1,1,1,1,1,1,1,1,1,1,1,4),
  (6.942281208919E-19,5.557905311134E-07,1.111581062226E-06,
    1.667371593339E-06,2.223162124451E-06,2.778952655564E-06,
    3.334743186677E-06,3.890533717789E-06,4.446324248902E-06,
    5.002114780015E-06,5.557905311127E-06,6.11369584224E-06,
    6.669486373353E-06,7.225276904465E-06,7.781067435578E-06,
    8.336857966691E-06,8.892648497803E-06,9.448439028916E-06,
    1.000422956003E-05,1.056002009114E-05,1.111581062225E-05,
    1.167160115337E-05,1.222739168448E-05),.QUASI_UNIFORM_KNOTS.);
#6181 = CARTESIAN_POINT('',(1.570796326795,1.298184795385));
#6182 = CARTESIAN_POINT('',(1.588726970438,1.298231375249));
#6183 = CARTESIAN_POINT('',(1.624666123814,1.298324806073));
#6184 = CARTESIAN_POINT('',(1.67874468691,1.298465188782));
#6185 = CARTESIAN_POINT('',(1.7329309705,1.298605230503));
#6186 = CARTESIAN_POINT('',(1.787157077608,1.298744356063));
#6187 = CARTESIAN_POINT('',(1.841352265175,1.298881981791));
#6188 = CARTESIAN_POINT('',(1.895461093066,1.299017555709));
#6189 = CARTESIAN_POINT('',(1.949390468909,1.299150407571));
#6190 = CARTESIAN_POINT('',(2.003645889124,1.299281350163));
#6191 = CARTESIAN_POINT('',(2.058083142126,1.299409645527));
#6192 = CARTESIAN_POINT('',(2.11264942581,1.299534786281));
#6193 = CARTESIAN_POINT('',(2.167255379544,1.299656183834));
#6194 = CARTESIAN_POINT('',(2.221859885297,1.299773343865));
#6195 = CARTESIAN_POINT('',(2.276283171834,1.299885476177));
#6196 = CARTESIAN_POINT('',(2.33092956184,1.299992951571));
#6197 = CARTESIAN_POINT('',(2.385878684958,1.300095619398));
#6198 = CARTESIAN_POINT('',(2.441003803289,1.30019291916));
#6199 = CARTESIAN_POINT('',(2.496215038339,1.300284381294));
#6200 = CARTESIAN_POINT('',(2.551465032772,1.300369582352));
#6201 = CARTESIAN_POINT('',(2.606510668443,1.300447823489));
#6202 = CARTESIAN_POINT('',(2.661888098331,1.300519461331));
#6203 = CARTESIAN_POINT('',(2.717425194826,1.300584103597));
#6204 = CARTESIAN_POINT('',(2.754479348097,1.300622269748));
#6205 = CARTESIAN_POINT('',(2.772991829797,1.300640054653));
#6206 = ( GEOMETRIC_REPRESENTATION_CONTEXT(2) 
PARAMETRIC_REPRESENTATION_CONTEXT() REPRESENTATION_CONTEXT('2D SPACE',''
  ) );
#6207 = ORIENTED_EDGE('',*,*,#5929,.F.);
#6208 = ORIENTED_EDGE('',*,*,#499,.T.);
#6209 = ORIENTED_EDGE('',*,*,#4411,.T.);
#6210 = ADVANCED_FACE('',(#6211),#3602,.T.);
#6211 = FACE_BOUND('',#6212,.T.);
#6212 = EDGE_LOOP('',(#6213,#6214,#6215));
#6213 = ORIENTED_EDGE('',*,*,#5432,.T.);
#6214 = ORIENTED_EDGE('',*,*,#3586,.F.);
#6215 = ORIENTED_EDGE('',*,*,#6216,.F.);
#6216 = EDGE_CURVE('',#5433,#3557,#6217,.T.);
#6217 = SURFACE_CURVE('',#6218,(#6223,#6230),.PCURVE_S1.);
#6218 = CIRCLE('',#6219,1.5);
#6219 = AXIS2_PLACEMENT_3D('',#6220,#6221,#6222);
#6220 = CARTESIAN_POINT('',(2.,-0.39,-2.862609056757E-03));
#6221 = DIRECTION('',(0.,1.,-3.383061121595E-15));
#6222 = DIRECTION('',(0.,-3.383061121595E-15,-1.));
#6223 = PCURVE('',#3602,#6224);
#6224 = DEFINITIONAL_REPRESENTATION('',(#6225),#6229);
#6225 = LINE('',#6226,#6227);
#6226 = CARTESIAN_POINT('',(6.28318530718,0.));
#6227 = VECTOR('',#6228,1.);
#6228 = DIRECTION('',(-1.,0.));
#6229 = ( GEOMETRIC_REPRESENTATION_CONTEXT(2) 
PARAMETRIC_REPRESENTATION_CONTEXT() REPRESENTATION_CONTEXT('2D SPACE',''
  ) );
#6230 = PCURVE('',#3574,#6231);
#6231 = DEFINITIONAL_REPRESENTATION('',(#6232),#6240);
#6232 = ( BOUNDED_CURVE() B_SPLINE_CURVE(2,(#6233,#6234,#6235,#6236,
#6237,#6238,#6239),.UNSPECIFIED.,.T.,.F.) B_SPLINE_CURVE_WITH_KNOTS((1,2
    ,2,2,2,1),(-2.094395102393,0.,2.094395102393,4.188790204786,
6.28318530718,8.377580409573),.UNSPECIFIED.) CURVE() 
GEOMETRIC_REPRESENTATION_ITEM() RATIONAL_B_SPLINE_CURVE((1.,0.5,1.,0.5,
1.,0.5,1.)) REPRESENTATION_ITEM('') );
#6233 = CARTESIAN_POINT('',(1.5,0.));
#6234 = CARTESIAN_POINT('',(1.5,-2.598076211353));
#6235 = CARTESIAN_POINT('',(-0.75,-1.299038105677));
#6236 = CARTESIAN_POINT('',(-3.,-3.673940397442E-16));
#6237 = CARTESIAN_POINT('',(-0.75,1.299038105677));
#6238 = CARTESIAN_POINT('',(1.5,2.598076211353));
#6239 = CARTESIAN_POINT('',(1.5,0.));
#6240 = ( GEOMETRIC_REPRESENTATION_CONTEXT(2) 
PARAMETRIC_REPRESENTATION_CONTEXT() REPRESENTATION_CONTEXT('2D SPACE',''
  ) );
#6241 = ADVANCED_FACE('',(#6242),#3574,.T.);
#6242 = FACE_BOUND('',#6243,.T.);
#6243 = EDGE_LOOP('',(#6244,#6245,#6246));
#6244 = ORIENTED_EDGE('',*,*,#6216,.T.);
#6245 = ORIENTED_EDGE('',*,*,#3556,.T.);
#6246 = ORIENTED_EDGE('',*,*,#5454,.F.);
#6247 = ADVANCED_FACE('',(#6248),#6262,.T.);
#6248 = FACE_BOUND('',#6249,.T.);
#6249 = EDGE_LOOP('',(#6250,#6280,#6303,#6326));
#6250 = ORIENTED_EDGE('',*,*,#6251,.T.);
#6251 = EDGE_CURVE('',#6252,#6254,#6256,.T.);
#6252 = VERTEX_POINT('',#6253);
#6253 = CARTESIAN_POINT('',(-0.8,-0.38,0.38));
#6254 = VERTEX_POINT('',#6255);
#6255 = CARTESIAN_POINT('',(-0.8,0.38,0.38));
#6256 = SURFACE_CURVE('',#6257,(#6261,#6273),.PCURVE_S1.);
#6257 = LINE('',#6258,#6259);
#6258 = CARTESIAN_POINT('',(-0.8,0.4,0.38));
#6259 = VECTOR('',#6260,1.);
#6260 = DIRECTION('',(-0.,1.,1.355252715607E-16));
#6261 = PCURVE('',#6262,#6267);
#6262 = PLANE('',#6263);
#6263 = AXIS2_PLACEMENT_3D('',#6264,#6265,#6266);
#6264 = CARTESIAN_POINT('',(-0.8,0.,0.));
#6265 = DIRECTION('',(-1.,0.,0.));
#6266 = DIRECTION('',(0.,0.,-1.));
#6267 = DEFINITIONAL_REPRESENTATION('',(#6268),#6272);
#6268 = LINE('',#6269,#6270);
#6269 = CARTESIAN_POINT('',(-0.38,-0.4));
#6270 = VECTOR('',#6271,1.);
#6271 = DIRECTION('',(-1.355252715607E-16,-1.));
#6272 = ( GEOMETRIC_REPRESENTATION_CONTEXT(2) 
PARAMETRIC_REPRESENTATION_CONTEXT() REPRESENTATION_CONTEXT('2D SPACE',''
  ) );
#6273 = PCURVE('',#1955,#6274);
#6274 = DEFINITIONAL_REPRESENTATION('',(#6275),#6279);
#6275 = LINE('',#6276,#6277);
#6276 = CARTESIAN_POINT('',(4.712388980385,0.));
#6277 = VECTOR('',#6278,1.);
#6278 = DIRECTION('',(0.,1.));
#6279 = ( GEOMETRIC_REPRESENTATION_CONTEXT(2) 
PARAMETRIC_REPRESENTATION_CONTEXT() REPRESENTATION_CONTEXT('2D SPACE',''
  ) );
#6280 = ORIENTED_EDGE('',*,*,#6281,.T.);
#6281 = EDGE_CURVE('',#6254,#6282,#6284,.T.);
#6282 = VERTEX_POINT('',#6283);
#6283 = CARTESIAN_POINT('',(-0.8,0.38,-0.38));
#6284 = SURFACE_CURVE('',#6285,(#6289,#6296),.PCURVE_S1.);
#6285 = LINE('',#6286,#6287);
#6286 = CARTESIAN_POINT('',(-0.8,0.38,-0.4));
#6287 = VECTOR('',#6288,1.);
#6288 = DIRECTION('',(-0.,0.,-1.));
#6289 = PCURVE('',#6262,#6290);
#6290 = DEFINITIONAL_REPRESENTATION('',(#6291),#6295);
#6291 = LINE('',#6292,#6293);
#6292 = CARTESIAN_POINT('',(0.4,-0.38));
#6293 = VECTOR('',#6294,1.);
#6294 = DIRECTION('',(1.,0.));
#6295 = ( GEOMETRIC_REPRESENTATION_CONTEXT(2) 
PARAMETRIC_REPRESENTATION_CONTEXT() REPRESENTATION_CONTEXT('2D SPACE',''
  ) );
#6296 = PCURVE('',#1840,#6297);
#6297 = DEFINITIONAL_REPRESENTATION('',(#6298),#6302);
#6298 = LINE('',#6299,#6300);
#6299 = CARTESIAN_POINT('',(0.,0.8));
#6300 = VECTOR('',#6301,1.);
#6301 = DIRECTION('',(0.,1.));
#6302 = ( GEOMETRIC_REPRESENTATION_CONTEXT(2) 
PARAMETRIC_REPRESENTATION_CONTEXT() REPRESENTATION_CONTEXT('2D SPACE',''
  ) );
#6303 = ORIENTED_EDGE('',*,*,#6304,.T.);
#6304 = EDGE_CURVE('',#6282,#6305,#6307,.T.);
#6305 = VERTEX_POINT('',#6306);
#6306 = CARTESIAN_POINT('',(-0.8,-0.38,-0.38));
#6307 = SURFACE_CURVE('',#6308,(#6312,#6319),.PCURVE_S1.);
#6308 = LINE('',#6309,#6310);
#6309 = CARTESIAN_POINT('',(-0.8,-0.4,-0.38));
#6310 = VECTOR('',#6311,1.);
#6311 = DIRECTION('',(-0.,-1.,-1.355252715607E-16));
#6312 = PCURVE('',#6262,#6313);
#6313 = DEFINITIONAL_REPRESENTATION('',(#6314),#6318);
#6314 = LINE('',#6315,#6316);
#6315 = CARTESIAN_POINT('',(0.38,0.4));
#6316 = VECTOR('',#6317,1.);
#6317 = DIRECTION('',(1.355252715607E-16,1.));
#6318 = ( GEOMETRIC_REPRESENTATION_CONTEXT(2) 
PARAMETRIC_REPRESENTATION_CONTEXT() REPRESENTATION_CONTEXT('2D SPACE',''
  ) );
#6319 = PCURVE('',#3085,#6320);
#6320 = DEFINITIONAL_REPRESENTATION('',(#6321),#6325);
#6321 = LINE('',#6322,#6323);
#6322 = CARTESIAN_POINT('',(4.712388980385,0.8));
#6323 = VECTOR('',#6324,1.);
#6324 = DIRECTION('',(0.,1.));
#6325 = ( GEOMETRIC_REPRESENTATION_CONTEXT(2) 
PARAMETRIC_REPRESENTATION_CONTEXT() REPRESENTATION_CONTEXT('2D SPACE',''
  ) );
#6326 = ORIENTED_EDGE('',*,*,#6327,.T.);
#6327 = EDGE_CURVE('',#6305,#6252,#6328,.T.);
#6328 = SURFACE_CURVE('',#6329,(#6333,#6340),.PCURVE_S1.);
#6329 = LINE('',#6330,#6331);
#6330 = CARTESIAN_POINT('',(-0.8,-0.38,0.4));
#6331 = VECTOR('',#6332,1.);
#6332 = DIRECTION('',(-0.,-0.,1.));
#6333 = PCURVE('',#6262,#6334);
#6334 = DEFINITIONAL_REPRESENTATION('',(#6335),#6339);
#6335 = LINE('',#6336,#6337);
#6336 = CARTESIAN_POINT('',(-0.4,0.38));
#6337 = VECTOR('',#6338,1.);
#6338 = DIRECTION('',(-1.,0.));
#6339 = ( GEOMETRIC_REPRESENTATION_CONTEXT(2) 
PARAMETRIC_REPRESENTATION_CONTEXT() REPRESENTATION_CONTEXT('2D SPACE',''
  ) );
#6340 = PCURVE('',#2061,#6341);
#6341 = DEFINITIONAL_REPRESENTATION('',(#6342),#6346);
#6342 = LINE('',#6343,#6344);
#6343 = CARTESIAN_POINT('',(3.14159265359,0.));
#6344 = VECTOR('',#6345,1.);
#6345 = DIRECTION('',(0.,1.));
#6346 = ( GEOMETRIC_REPRESENTATION_CONTEXT(2) 
PARAMETRIC_REPRESENTATION_CONTEXT() REPRESENTATION_CONTEXT('2D SPACE',''
  ) );
#6347 = ADVANCED_FACE('',(#6348),#2061,.T.);
#6348 = FACE_BOUND('',#6349,.T.);
#6349 = EDGE_LOOP('',(#6350,#6394,#6395,#6439));
#6350 = ORIENTED_EDGE('',*,*,#6351,.F.);
#6351 = EDGE_CURVE('',#981,#6305,#6352,.T.);
#6352 = SURFACE_CURVE('',#6353,(#6358,#6365),.PCURVE_S1.);
#6353 = CIRCLE('',#6354,2.E-02);
#6354 = AXIS2_PLACEMENT_3D('',#6355,#6356,#6357);
#6355 = CARTESIAN_POINT('',(-0.78,-0.38,-0.38));
#6356 = DIRECTION('',(-0.,0.,-1.));
#6357 = DIRECTION('',(-1.,0.,0.));
#6358 = PCURVE('',#2061,#6359);
#6359 = DEFINITIONAL_REPRESENTATION('',(#6360),#6364);
#6360 = LINE('',#6361,#6362);
#6361 = CARTESIAN_POINT('',(9.424777960769,-0.78));
#6362 = VECTOR('',#6363,1.);
#6363 = DIRECTION('',(-1.,0.));
#6364 = ( GEOMETRIC_REPRESENTATION_CONTEXT(2) 
PARAMETRIC_REPRESENTATION_CONTEXT() REPRESENTATION_CONTEXT('2D SPACE',''
  ) );
#6365 = PCURVE('',#1025,#6366);
#6366 = DEFINITIONAL_REPRESENTATION('',(#6367),#6393);
#6367 = B_SPLINE_CURVE_WITH_KNOTS('',3,(#6368,#6369,#6370,#6371,#6372,
    #6373,#6374,#6375,#6376,#6377,#6378,#6379,#6380,#6381,#6382,#6383,
    #6384,#6385,#6386,#6387,#6388,#6389,#6390,#6391,#6392),
  .UNSPECIFIED.,.F.,.F.,(4,1,1,1,1,1,1,1,1,1,1,1,1,1,1,1,1,1,1,1,1,1,4),
  (4.712388980385,4.783788813421,4.855188646457,4.926588479493,
    4.997988312529,5.069388145565,5.140787978601,5.212187811638,
    5.283587644674,5.35498747771,5.426387310746,5.497787143782,
    5.569186976818,5.640586809854,5.711986642891,5.783386475927,
    5.854786308963,5.926186141999,5.997585975035,6.068985808071,
    6.140385641107,6.211785474143,6.28318530718),.QUASI_UNIFORM_KNOTS.);
#6368 = CARTESIAN_POINT('',(3.14159265359,-1.570796326795));
#6369 = CARTESIAN_POINT('',(3.14159265359,-1.54699638245));
#6370 = CARTESIAN_POINT('',(3.14159265359,-1.499396493759));
#6371 = CARTESIAN_POINT('',(3.14159265359,-1.427996660723));
#6372 = CARTESIAN_POINT('',(3.14159265359,-1.356596827686));
#6373 = CARTESIAN_POINT('',(3.14159265359,-1.28519699465));
#6374 = CARTESIAN_POINT('',(3.14159265359,-1.213797161614));
#6375 = CARTESIAN_POINT('',(3.14159265359,-1.142397328578));
#6376 = CARTESIAN_POINT('',(3.14159265359,-1.070997495542));
#6377 = CARTESIAN_POINT('',(3.14159265359,-0.999597662506));
#6378 = CARTESIAN_POINT('',(3.14159265359,-0.92819782947));
#6379 = CARTESIAN_POINT('',(3.14159265359,-0.856797996434));
#6380 = CARTESIAN_POINT('',(3.14159265359,-0.785398163397));
#6381 = CARTESIAN_POINT('',(3.14159265359,-0.713998330361));
#6382 = CARTESIAN_POINT('',(3.14159265359,-0.642598497325));
#6383 = CARTESIAN_POINT('',(3.14159265359,-0.571198664289));
#6384 = CARTESIAN_POINT('',(3.14159265359,-0.499798831253));
#6385 = CARTESIAN_POINT('',(3.14159265359,-0.428398998217));
#6386 = CARTESIAN_POINT('',(3.14159265359,-0.356999165181));
#6387 = CARTESIAN_POINT('',(3.14159265359,-0.285599332145));
#6388 = CARTESIAN_POINT('',(3.14159265359,-0.214199499108));
#6389 = CARTESIAN_POINT('',(3.14159265359,-0.142799666072));
#6390 = CARTESIAN_POINT('',(3.14159265359,-7.139983303613E-02));
#6391 = CARTESIAN_POINT('',(3.14159265359,-2.379994434538E-02));
#6392 = CARTESIAN_POINT('',(3.14159265359,0.));
#6393 = ( GEOMETRIC_REPRESENTATION_CONTEXT(2) 
PARAMETRIC_REPRESENTATION_CONTEXT() REPRESENTATION_CONTEXT('2D SPACE',''
  ) );
#6394 = ORIENTED_EDGE('',*,*,#2047,.F.);
#6395 = ORIENTED_EDGE('',*,*,#6396,.F.);
#6396 = EDGE_CURVE('',#6252,#2025,#6397,.T.);
#6397 = SURFACE_CURVE('',#6398,(#6403,#6410),.PCURVE_S1.);
#6398 = CIRCLE('',#6399,2.E-02);
#6399 = AXIS2_PLACEMENT_3D('',#6400,#6401,#6402);
#6400 = CARTESIAN_POINT('',(-0.78,-0.38,0.38));
#6401 = DIRECTION('',(0.,0.,1.));
#6402 = DIRECTION('',(1.,0.,-0.));
#6403 = PCURVE('',#2061,#6404);
#6404 = DEFINITIONAL_REPRESENTATION('',(#6405),#6409);
#6405 = LINE('',#6406,#6407);
#6406 = CARTESIAN_POINT('',(0.,-2.E-02));
#6407 = VECTOR('',#6408,1.);
#6408 = DIRECTION('',(1.,0.));
#6409 = ( GEOMETRIC_REPRESENTATION_CONTEXT(2) 
PARAMETRIC_REPRESENTATION_CONTEXT() REPRESENTATION_CONTEXT('2D SPACE',''
  ) );
#6410 = PCURVE('',#2391,#6411);
#6411 = DEFINITIONAL_REPRESENTATION('',(#6412),#6438);
#6412 = B_SPLINE_CURVE_WITH_KNOTS('',3,(#6413,#6414,#6415,#6416,#6417,
    #6418,#6419,#6420,#6421,#6422,#6423,#6424,#6425,#6426,#6427,#6428,
    #6429,#6430,#6431,#6432,#6433,#6434,#6435,#6436,#6437),
  .UNSPECIFIED.,.F.,.F.,(4,1,1,1,1,1,1,1,1,1,1,1,1,1,1,1,1,1,1,1,1,1,4),
  (3.14159265359,3.212992486626,3.284392319662,3.355792152698,
    3.427191985734,3.49859181877,3.569991651807,3.641391484843,
    3.712791317879,3.784191150915,3.855590983951,3.926990816987,
    3.998390650023,4.06979048306,4.141190316096,4.212590149132,
    4.283989982168,4.355389815204,4.42678964824,4.498189481276,
    4.569589314312,4.640989147349,4.712388980385),
  .QUASI_UNIFORM_KNOTS.);
#6413 = CARTESIAN_POINT('',(3.14159265359,0.));
#6414 = CARTESIAN_POINT('',(3.14159265359,-2.379994434538E-02));
#6415 = CARTESIAN_POINT('',(3.14159265359,-7.139983303613E-02));
#6416 = CARTESIAN_POINT('',(3.14159265359,-0.142799666072));
#6417 = CARTESIAN_POINT('',(3.14159265359,-0.214199499108));
#6418 = CARTESIAN_POINT('',(3.14159265359,-0.285599332145));
#6419 = CARTESIAN_POINT('',(3.14159265359,-0.356999165181));
#6420 = CARTESIAN_POINT('',(3.14159265359,-0.428398998217));
#6421 = CARTESIAN_POINT('',(3.14159265359,-0.499798831253));
#6422 = CARTESIAN_POINT('',(3.14159265359,-0.571198664289));
#6423 = CARTESIAN_POINT('',(3.14159265359,-0.642598497325));
#6424 = CARTESIAN_POINT('',(3.14159265359,-0.713998330361));
#6425 = CARTESIAN_POINT('',(3.14159265359,-0.785398163397));
#6426 = CARTESIAN_POINT('',(3.14159265359,-0.856797996434));
#6427 = CARTESIAN_POINT('',(3.14159265359,-0.92819782947));
#6428 = CARTESIAN_POINT('',(3.14159265359,-0.999597662506));
#6429 = CARTESIAN_POINT('',(3.14159265359,-1.070997495542));
#6430 = CARTESIAN_POINT('',(3.14159265359,-1.142397328578));
#6431 = CARTESIAN_POINT('',(3.14159265359,-1.213797161614));
#6432 = CARTESIAN_POINT('',(3.14159265359,-1.28519699465));
#6433 = CARTESIAN_POINT('',(3.14159265359,-1.356596827686));
#6434 = CARTESIAN_POINT('',(3.14159265359,-1.427996660723));
#6435 = CARTESIAN_POINT('',(3.14159265359,-1.499396493759));
#6436 = CARTESIAN_POINT('',(3.14159265359,-1.54699638245));
#6437 = CARTESIAN_POINT('',(3.14159265359,-1.570796326795));
#6438 = ( GEOMETRIC_REPRESENTATION_CONTEXT(2) 
PARAMETRIC_REPRESENTATION_CONTEXT() REPRESENTATION_CONTEXT('2D SPACE',''
  ) );
#6439 = ORIENTED_EDGE('',*,*,#6327,.F.);
#6440 = ADVANCED_FACE('',(#6441),#1025,.T.);
#6441 = FACE_BOUND('',#6442,.T.);
#6442 = EDGE_LOOP('',(#6443,#6444,#6445));
#6443 = ORIENTED_EDGE('',*,*,#1008,.T.);
#6444 = ORIENTED_EDGE('',*,*,#6351,.T.);
#6445 = ORIENTED_EDGE('',*,*,#6446,.F.);
#6446 = EDGE_CURVE('',#1009,#6305,#6447,.T.);
#6447 = SURFACE_CURVE('',#6448,(#6453,#6460),.PCURVE_S1.);
#6448 = CIRCLE('',#6449,2.E-02);
#6449 = AXIS2_PLACEMENT_3D('',#6450,#6451,#6452);
#6450 = CARTESIAN_POINT('',(-0.78,-0.38,-0.38));
#6451 = DIRECTION('',(0.,1.,2.710505431214E-15));
#6452 = DIRECTION('',(0.,2.710505431214E-15,-1.));
#6453 = PCURVE('',#1025,#6454);
#6454 = DEFINITIONAL_REPRESENTATION('',(#6455),#6459);
#6455 = LINE('',#6456,#6457);
#6456 = CARTESIAN_POINT('',(1.570796326795,2.775557561563E-15));
#6457 = VECTOR('',#6458,1.);
#6458 = DIRECTION('',(1.,-1.766974823035E-15));
#6459 = ( GEOMETRIC_REPRESENTATION_CONTEXT(2) 
PARAMETRIC_REPRESENTATION_CONTEXT() REPRESENTATION_CONTEXT('2D SPACE',''
  ) );
#6460 = PCURVE('',#3085,#6461);
#6461 = DEFINITIONAL_REPRESENTATION('',(#6462),#6466);
#6462 = LINE('',#6463,#6464);
#6463 = CARTESIAN_POINT('',(6.28318530718,0.78));
#6464 = VECTOR('',#6465,1.);
#6465 = DIRECTION('',(-1.,7.067899292141E-17));
#6466 = ( GEOMETRIC_REPRESENTATION_CONTEXT(2) 
PARAMETRIC_REPRESENTATION_CONTEXT() REPRESENTATION_CONTEXT('2D SPACE',''
  ) );
#6467 = ADVANCED_FACE('',(#6468),#2391,.T.);
#6468 = FACE_BOUND('',#6469,.T.);
#6469 = EDGE_LOOP('',(#6470,#6471,#6472));
#6470 = ORIENTED_EDGE('',*,*,#6396,.T.);
#6471 = ORIENTED_EDGE('',*,*,#2376,.T.);
#6472 = ORIENTED_EDGE('',*,*,#6473,.F.);
#6473 = EDGE_CURVE('',#6252,#1940,#6474,.T.);
#6474 = SURFACE_CURVE('',#6475,(#6480,#6487),.PCURVE_S1.);
#6475 = CIRCLE('',#6476,2.E-02);
#6476 = AXIS2_PLACEMENT_3D('',#6477,#6478,#6479);
#6477 = CARTESIAN_POINT('',(-0.78,-0.38,0.38));
#6478 = DIRECTION('',(-0.,1.,0.));
#6479 = DIRECTION('',(0.,0.,-1.));
#6480 = PCURVE('',#2391,#6481);
#6481 = DEFINITIONAL_REPRESENTATION('',(#6482),#6486);
#6482 = LINE('',#6483,#6484);
#6483 = CARTESIAN_POINT('',(1.570796326795,0.));
#6484 = VECTOR('',#6485,1.);
#6485 = DIRECTION('',(1.,0.));
#6486 = ( GEOMETRIC_REPRESENTATION_CONTEXT(2) 
PARAMETRIC_REPRESENTATION_CONTEXT() REPRESENTATION_CONTEXT('2D SPACE',''
  ) );
#6487 = PCURVE('',#1955,#6488);
#6488 = DEFINITIONAL_REPRESENTATION('',(#6489),#6493);
#6489 = LINE('',#6490,#6491);
#6490 = CARTESIAN_POINT('',(3.14159265359,-0.78));
#6491 = VECTOR('',#6492,1.);
#6492 = DIRECTION('',(1.,0.));
#6493 = ( GEOMETRIC_REPRESENTATION_CONTEXT(2) 
PARAMETRIC_REPRESENTATION_CONTEXT() REPRESENTATION_CONTEXT('2D SPACE',''
  ) );
#6494 = ADVANCED_FACE('',(#6495),#3085,.T.);
#6495 = FACE_BOUND('',#6496,.T.);
#6496 = EDGE_LOOP('',(#6497,#6498,#6499,#6521));
#6497 = ORIENTED_EDGE('',*,*,#6446,.T.);
#6498 = ORIENTED_EDGE('',*,*,#6304,.F.);
#6499 = ORIENTED_EDGE('',*,*,#6500,.F.);
#6500 = EDGE_CURVE('',#1623,#6282,#6501,.T.);
#6501 = SURFACE_CURVE('',#6502,(#6507,#6514),.PCURVE_S1.);
#6502 = CIRCLE('',#6503,2.E-02);
#6503 = AXIS2_PLACEMENT_3D('',#6504,#6505,#6506);
#6504 = CARTESIAN_POINT('',(-0.78,0.38,-0.38));
#6505 = DIRECTION('',(0.,1.,0.));
#6506 = DIRECTION('',(0.,-0.,1.));
#6507 = PCURVE('',#3085,#6508);
#6508 = DEFINITIONAL_REPRESENTATION('',(#6509),#6513);
#6509 = LINE('',#6510,#6511);
#6510 = CARTESIAN_POINT('',(9.424777960769,2.E-02));
#6511 = VECTOR('',#6512,1.);
#6512 = DIRECTION('',(-1.,0.));
#6513 = ( GEOMETRIC_REPRESENTATION_CONTEXT(2) 
PARAMETRIC_REPRESENTATION_CONTEXT() REPRESENTATION_CONTEXT('2D SPACE',''
  ) );
#6514 = PCURVE('',#1660,#6515);
#6515 = DEFINITIONAL_REPRESENTATION('',(#6516),#6520);
#6516 = LINE('',#6517,#6518);
#6517 = CARTESIAN_POINT('',(-1.570796326795,0.));
#6518 = VECTOR('',#6519,1.);
#6519 = DIRECTION('',(1.,0.));
#6520 = ( GEOMETRIC_REPRESENTATION_CONTEXT(2) 
PARAMETRIC_REPRESENTATION_CONTEXT() REPRESENTATION_CONTEXT('2D SPACE',''
  ) );
#6521 = ORIENTED_EDGE('',*,*,#3071,.F.);
#6522 = ADVANCED_FACE('',(#6523),#1955,.T.);
#6523 = FACE_BOUND('',#6524,.T.);
#6524 = EDGE_LOOP('',(#6525,#6526,#6527,#6549));
#6525 = ORIENTED_EDGE('',*,*,#6473,.T.);
#6526 = ORIENTED_EDGE('',*,*,#1939,.F.);
#6527 = ORIENTED_EDGE('',*,*,#6528,.F.);
#6528 = EDGE_CURVE('',#6254,#1917,#6529,.T.);
#6529 = SURFACE_CURVE('',#6530,(#6535,#6542),.PCURVE_S1.);
#6530 = CIRCLE('',#6531,2.E-02);
#6531 = AXIS2_PLACEMENT_3D('',#6532,#6533,#6534);
#6532 = CARTESIAN_POINT('',(-0.78,0.38,0.38));
#6533 = DIRECTION('',(0.,1.,-0.));
#6534 = DIRECTION('',(0.,0.,1.));
#6535 = PCURVE('',#1955,#6536);
#6536 = DEFINITIONAL_REPRESENTATION('',(#6537),#6541);
#6537 = LINE('',#6538,#6539);
#6538 = CARTESIAN_POINT('',(0.,-2.E-02));
#6539 = VECTOR('',#6540,1.);
#6540 = DIRECTION('',(1.,0.));
#6541 = ( GEOMETRIC_REPRESENTATION_CONTEXT(2) 
PARAMETRIC_REPRESENTATION_CONTEXT() REPRESENTATION_CONTEXT('2D SPACE',''
  ) );
#6542 = PCURVE('',#2742,#6543);
#6543 = DEFINITIONAL_REPRESENTATION('',(#6544),#6548);
#6544 = LINE('',#6545,#6546);
#6545 = CARTESIAN_POINT('',(-1.570796326795,0.));
#6546 = VECTOR('',#6547,1.);
#6547 = DIRECTION('',(1.,0.));
#6548 = ( GEOMETRIC_REPRESENTATION_CONTEXT(2) 
PARAMETRIC_REPRESENTATION_CONTEXT() REPRESENTATION_CONTEXT('2D SPACE',''
  ) );
#6549 = ORIENTED_EDGE('',*,*,#6251,.F.);
#6550 = ADVANCED_FACE('',(#6551),#1660,.T.);
#6551 = FACE_BOUND('',#6552,.T.);
#6552 = EDGE_LOOP('',(#6553,#6554,#6555));
#6553 = ORIENTED_EDGE('',*,*,#1645,.T.);
#6554 = ORIENTED_EDGE('',*,*,#6500,.T.);
#6555 = ORIENTED_EDGE('',*,*,#6556,.F.);
#6556 = EDGE_CURVE('',#1291,#6282,#6557,.T.);
#6557 = SURFACE_CURVE('',#6558,(#6563,#6592),.PCURVE_S1.);
#6558 = CIRCLE('',#6559,2.E-02);
#6559 = AXIS2_PLACEMENT_3D('',#6560,#6561,#6562);
#6560 = CARTESIAN_POINT('',(-0.78,0.38,-0.38));
#6561 = DIRECTION('',(0.,-0.,1.));
#6562 = DIRECTION('',(-1.,0.,0.));
#6563 = PCURVE('',#1660,#6564);
#6564 = DEFINITIONAL_REPRESENTATION('',(#6565),#6591);
#6565 = B_SPLINE_CURVE_WITH_KNOTS('',3,(#6566,#6567,#6568,#6569,#6570,
    #6571,#6572,#6573,#6574,#6575,#6576,#6577,#6578,#6579,#6580,#6581,
    #6582,#6583,#6584,#6585,#6586,#6587,#6588,#6589,#6590),
  .UNSPECIFIED.,.F.,.F.,(4,1,1,1,1,1,1,1,1,1,1,1,1,1,1,1,1,1,1,1,1,1,4),
  (4.712388980385,4.783788813421,4.855188646457,4.926588479493,
    4.997988312529,5.069388145565,5.140787978601,5.212187811638,
    5.283587644674,5.35498747771,5.426387310746,5.497787143782,
    5.569186976818,5.640586809854,5.711986642891,5.783386475927,
    5.854786308963,5.926186141999,5.997585975035,6.068985808071,
    6.140385641107,6.211785474143,6.28318530718),.QUASI_UNIFORM_KNOTS.);
#6566 = CARTESIAN_POINT('',(3.14159265359,1.570796326795));
#6567 = CARTESIAN_POINT('',(3.14159265359,1.54699638245));
#6568 = CARTESIAN_POINT('',(3.14159265359,1.499396493759));
#6569 = CARTESIAN_POINT('',(3.14159265359,1.427996660723));
#6570 = CARTESIAN_POINT('',(3.14159265359,1.356596827686));
#6571 = CARTESIAN_POINT('',(3.14159265359,1.28519699465));
#6572 = CARTESIAN_POINT('',(3.14159265359,1.213797161614));
#6573 = CARTESIAN_POINT('',(3.14159265359,1.142397328578));
#6574 = CARTESIAN_POINT('',(3.14159265359,1.070997495542));
#6575 = CARTESIAN_POINT('',(3.14159265359,0.999597662506));
#6576 = CARTESIAN_POINT('',(3.14159265359,0.92819782947));
#6577 = CARTESIAN_POINT('',(3.14159265359,0.856797996434));
#6578 = CARTESIAN_POINT('',(3.14159265359,0.785398163397));
#6579 = CARTESIAN_POINT('',(3.14159265359,0.713998330361));
#6580 = CARTESIAN_POINT('',(3.14159265359,0.642598497325));
#6581 = CARTESIAN_POINT('',(3.14159265359,0.571198664289));
#6582 = CARTESIAN_POINT('',(3.14159265359,0.499798831253));
#6583 = CARTESIAN_POINT('',(3.14159265359,0.428398998217));
#6584 = CARTESIAN_POINT('',(3.14159265359,0.356999165181));
#6585 = CARTESIAN_POINT('',(3.14159265359,0.285599332145));
#6586 = CARTESIAN_POINT('',(3.14159265359,0.214199499108));
#6587 = CARTESIAN_POINT('',(3.14159265359,0.142799666072));
#6588 = CARTESIAN_POINT('',(3.14159265359,7.139983303613E-02));
#6589 = CARTESIAN_POINT('',(3.14159265359,2.379994434538E-02));
#6590 = CARTESIAN_POINT('',(3.14159265359,0.));
#6591 = ( GEOMETRIC_REPRESENTATION_CONTEXT(2) 
PARAMETRIC_REPRESENTATION_CONTEXT() REPRESENTATION_CONTEXT('2D SPACE',''
  ) );
#6592 = PCURVE('',#1840,#6593);
#6593 = DEFINITIONAL_REPRESENTATION('',(#6594),#6598);
#6594 = LINE('',#6595,#6596);
#6595 = CARTESIAN_POINT('',(6.28318530718,0.78));
#6596 = VECTOR('',#6597,1.);
#6597 = DIRECTION('',(-1.,0.));
#6598 = ( GEOMETRIC_REPRESENTATION_CONTEXT(2) 
PARAMETRIC_REPRESENTATION_CONTEXT() REPRESENTATION_CONTEXT('2D SPACE',''
  ) );
#6599 = ADVANCED_FACE('',(#6600),#2742,.T.);
#6600 = FACE_BOUND('',#6601,.T.);
#6601 = EDGE_LOOP('',(#6602,#6603,#6604));
#6602 = ORIENTED_EDGE('',*,*,#6528,.T.);
#6603 = ORIENTED_EDGE('',*,*,#2727,.T.);
#6604 = ORIENTED_EDGE('',*,*,#6605,.F.);
#6605 = EDGE_CURVE('',#6254,#1825,#6606,.T.);
#6606 = SURFACE_CURVE('',#6607,(#6612,#6641),.PCURVE_S1.);
#6607 = CIRCLE('',#6608,2.E-02);
#6608 = AXIS2_PLACEMENT_3D('',#6609,#6610,#6611);
#6609 = CARTESIAN_POINT('',(-0.78,0.38,0.38));
#6610 = DIRECTION('',(0.,0.,-1.));
#6611 = DIRECTION('',(1.,0.,0.));
#6612 = PCURVE('',#2742,#6613);
#6613 = DEFINITIONAL_REPRESENTATION('',(#6614),#6640);
#6614 = B_SPLINE_CURVE_WITH_KNOTS('',3,(#6615,#6616,#6617,#6618,#6619,
    #6620,#6621,#6622,#6623,#6624,#6625,#6626,#6627,#6628,#6629,#6630,
    #6631,#6632,#6633,#6634,#6635,#6636,#6637,#6638,#6639),
  .UNSPECIFIED.,.F.,.F.,(4,1,1,1,1,1,1,1,1,1,1,1,1,1,1,1,1,1,1,1,1,1,4),
  (3.14159265359,3.212992486626,3.284392319662,3.355792152698,
    3.427191985734,3.49859181877,3.569991651807,3.641391484843,
    3.712791317879,3.784191150915,3.855590983951,3.926990816987,
    3.998390650023,4.06979048306,4.141190316096,4.212590149132,
    4.283989982168,4.355389815204,4.42678964824,4.498189481276,
    4.569589314312,4.640989147349,4.712388980385),
  .QUASI_UNIFORM_KNOTS.);
#6615 = CARTESIAN_POINT('',(3.14159265359,0.));
#6616 = CARTESIAN_POINT('',(3.14159265359,2.379994434538E-02));
#6617 = CARTESIAN_POINT('',(3.14159265359,7.139983303613E-02));
#6618 = CARTESIAN_POINT('',(3.14159265359,0.142799666072));
#6619 = CARTESIAN_POINT('',(3.14159265359,0.214199499108));
#6620 = CARTESIAN_POINT('',(3.14159265359,0.285599332145));
#6621 = CARTESIAN_POINT('',(3.14159265359,0.356999165181));
#6622 = CARTESIAN_POINT('',(3.14159265359,0.428398998217));
#6623 = CARTESIAN_POINT('',(3.14159265359,0.499798831253));
#6624 = CARTESIAN_POINT('',(3.14159265359,0.571198664289));
#6625 = CARTESIAN_POINT('',(3.14159265359,0.642598497325));
#6626 = CARTESIAN_POINT('',(3.14159265359,0.713998330361));
#6627 = CARTESIAN_POINT('',(3.14159265359,0.785398163397));
#6628 = CARTESIAN_POINT('',(3.14159265359,0.856797996434));
#6629 = CARTESIAN_POINT('',(3.14159265359,0.92819782947));
#6630 = CARTESIAN_POINT('',(3.14159265359,0.999597662506));
#6631 = CARTESIAN_POINT('',(3.14159265359,1.070997495542));
#6632 = CARTESIAN_POINT('',(3.14159265359,1.142397328578));
#6633 = CARTESIAN_POINT('',(3.14159265359,1.213797161614));
#6634 = CARTESIAN_POINT('',(3.14159265359,1.28519699465));
#6635 = CARTESIAN_POINT('',(3.14159265359,1.356596827686));
#6636 = CARTESIAN_POINT('',(3.14159265359,1.427996660723));
#6637 = CARTESIAN_POINT('',(3.14159265359,1.499396493759));
#6638 = CARTESIAN_POINT('',(3.14159265359,1.54699638245));
#6639 = CARTESIAN_POINT('',(3.14159265359,1.570796326795));
#6640 = ( GEOMETRIC_REPRESENTATION_CONTEXT(2) 
PARAMETRIC_REPRESENTATION_CONTEXT() REPRESENTATION_CONTEXT('2D SPACE',''
  ) );
#6641 = PCURVE('',#1840,#6642);
#6642 = DEFINITIONAL_REPRESENTATION('',(#6643),#6647);
#6643 = LINE('',#6644,#6645);
#6644 = CARTESIAN_POINT('',(-3.14159265359,2.E-02));
#6645 = VECTOR('',#6646,1.);
#6646 = DIRECTION('',(1.,0.));
#6647 = ( GEOMETRIC_REPRESENTATION_CONTEXT(2) 
PARAMETRIC_REPRESENTATION_CONTEXT() REPRESENTATION_CONTEXT('2D SPACE',''
  ) );
#6648 = ADVANCED_FACE('',(#6649),#1840,.T.);
#6649 = FACE_BOUND('',#6650,.T.);
#6650 = EDGE_LOOP('',(#6651,#6652,#6653,#6654));
#6651 = ORIENTED_EDGE('',*,*,#6556,.T.);
#6652 = ORIENTED_EDGE('',*,*,#6281,.F.);
#6653 = ORIENTED_EDGE('',*,*,#6605,.T.);
#6654 = ORIENTED_EDGE('',*,*,#1824,.F.);
#6655 = ADVANCED_FACE('',(#6656),#1174,.T.);
#6656 = FACE_BOUND('',#6657,.T.);
#6657 = EDGE_LOOP('',(#6658,#6659,#6681));
#6658 = ORIENTED_EDGE('',*,*,#2993,.F.);
#6659 = ORIENTED_EDGE('',*,*,#6660,.F.);
#6660 = EDGE_CURVE('',#1159,#2972,#6661,.T.);
#6661 = SURFACE_CURVE('',#6662,(#6667,#6674),.PCURVE_S1.);
#6662 = CIRCLE('',#6663,1.5);
#6663 = AXIS2_PLACEMENT_3D('',#6664,#6665,#6666);
#6664 = CARTESIAN_POINT('',(-2.,-0.39,-2.862609056757E-03));
#6665 = DIRECTION('',(0.,-1.,3.383061121595E-15));
#6666 = DIRECTION('',(0.,-3.383061121595E-15,-1.));
#6667 = PCURVE('',#1174,#6668);
#6668 = DEFINITIONAL_REPRESENTATION('',(#6669),#6673);
#6669 = CIRCLE('',#6670,1.5);
#6670 = AXIS2_PLACEMENT_2D('',#6671,#6672);
#6671 = CARTESIAN_POINT('',(0.,0.));
#6672 = DIRECTION('',(1.,0.));
#6673 = ( GEOMETRIC_REPRESENTATION_CONTEXT(2) 
PARAMETRIC_REPRESENTATION_CONTEXT() REPRESENTATION_CONTEXT('2D SPACE',''
  ) );
#6674 = PCURVE('',#1205,#6675);
#6675 = DEFINITIONAL_REPRESENTATION('',(#6676),#6680);
#6676 = LINE('',#6677,#6678);
#6677 = CARTESIAN_POINT('',(0.,0.));
#6678 = VECTOR('',#6679,1.);
#6679 = DIRECTION('',(1.,0.));
#6680 = ( GEOMETRIC_REPRESENTATION_CONTEXT(2) 
PARAMETRIC_REPRESENTATION_CONTEXT() REPRESENTATION_CONTEXT('2D SPACE',''
  ) );
#6681 = ORIENTED_EDGE('',*,*,#1158,.F.);
#6682 = ADVANCED_FACE('',(#6683),#1205,.T.);
#6683 = FACE_BOUND('',#6684,.T.);
#6684 = EDGE_LOOP('',(#6685,#6686,#6687));
#6685 = ORIENTED_EDGE('',*,*,#6660,.T.);
#6686 = ORIENTED_EDGE('',*,*,#2971,.F.);
#6687 = ORIENTED_EDGE('',*,*,#1186,.F.);
#6688 = ADVANCED_FACE('',(#6689),#463,.T.);
#6689 = FACE_BOUND('',#6690,.T.);
#6690 = EDGE_LOOP('',(#6691,#6692,#6693,#6768,#6769,#6817,#6837,#6838,
    #6839,#6861,#6882,#6883,#6884));
#6691 = ORIENTED_EDGE('',*,*,#1721,.F.);
#6692 = ORIENTED_EDGE('',*,*,#2949,.T.);
#6693 = ORIENTED_EDGE('',*,*,#6694,.T.);
#6694 = EDGE_CURVE('',#2902,#447,#6695,.T.);
#6695 = SURFACE_CURVE('',#6696,(#6710,#6739),.PCURVE_S1.);
#6696 = B_SPLINE_CURVE_WITH_KNOTS('',3,(#6697,#6698,#6699,#6700,#6701,
    #6702,#6703,#6704,#6705,#6706,#6707,#6708,#6709),.UNSPECIFIED.,.F.,
  .F.,(4,3,3,3,4),(3.671536390156E-06,6.54499424115E-06,
    9.864597363713E-06,1.329189263347E-05,1.588834742646E-05),
  .UNSPECIFIED.);
#6697 = CARTESIAN_POINT('',(-0.550640054647,-0.38360310586,
    -0.389328323974));
#6698 = CARTESIAN_POINT('',(-0.550548396058,-0.384493054715,
    -0.388984577343));
#6699 = CARTESIAN_POINT('',(-0.550421569044,-0.385338646226,
    -0.388508467104));
#6700 = CARTESIAN_POINT('',(-0.550268545704,-0.386089147713,
    -0.387932356539));
#6701 = CARTESIAN_POINT('',(-0.55009176822,-0.386956151168,
    -0.387266815085));
#6702 = CARTESIAN_POINT('',(-0.549875537289,-0.387717292584,
    -0.386450810279));
#6703 = CARTESIAN_POINT('',(-0.549638192113,-0.388317642923,
    -0.385551289609));
#6704 = CARTESIAN_POINT('',(-0.549393227545,-0.388937266054,
    -0.384622892008));
#6705 = CARTESIAN_POINT('',(-0.549119343723,-0.389402290404,
    -0.383581074423));
#6706 = CARTESIAN_POINT('',(-0.548838801638,-0.389680200364,
    -0.382508728974));
#6707 = CARTESIAN_POINT('',(-0.548625035685,-0.389891960704,
    -0.381691628944));
#6708 = CARTESIAN_POINT('',(-0.548403721506,-0.39,-0.380842770513));
#6709 = CARTESIAN_POINT('',(-0.548184795385,-0.39,-0.38));
#6710 = PCURVE('',#463,#6711);
#6711 = DEFINITIONAL_REPRESENTATION('',(#6712),#6738);
#6712 = B_SPLINE_CURVE_WITH_KNOTS('',3,(#6713,#6714,#6715,#6716,#6717,
    #6718,#6719,#6720,#6721,#6722,#6723,#6724,#6725,#6726,#6727,#6728,
    #6729,#6730,#6731,#6732,#6733,#6734,#6735,#6736,#6737),
  .UNSPECIFIED.,.F.,.F.,(4,1,1,1,1,1,1,1,1,1,1,1,1,1,1,1,1,1,1,1,1,1,4),
  (3.671536390156E-06,4.226845982715E-06,4.782155575274E-06,
    5.337465167833E-06,5.892774760392E-06,6.448084352951E-06,
    7.003393945511E-06,7.55870353807E-06,8.114013130629E-06,
    8.669322723188E-06,9.224632315747E-06,9.779941908306E-06,
    1.033525150087E-05,1.089056109342E-05,1.144587068598E-05,
    1.200118027854E-05,1.25564898711E-05,1.311179946366E-05,
    1.366710905622E-05,1.422241864878E-05,1.477772824134E-05,
    1.53330378339E-05,1.588834742646E-05),.QUASI_UNIFORM_KNOTS.);
#6713 = CARTESIAN_POINT('',(1.310213433997,-6.39689413974E-03));
#6714 = CARTESIAN_POINT('',(1.310259268502,-6.224907230025E-03));
#6715 = CARTESIAN_POINT('',(1.310357757016,-5.884247375525E-03));
#6716 = CARTESIAN_POINT('',(1.310524982649,-5.385390192398E-03));
#6717 = CARTESIAN_POINT('',(1.310710720003,-4.900881497198E-03));
#6718 = CARTESIAN_POINT('',(1.310914042155,-4.432849030072E-03));
#6719 = CARTESIAN_POINT('',(1.311133820816,-3.983747942319E-03));
#6720 = CARTESIAN_POINT('',(1.311369678972,-3.554811889789E-03));
#6721 = CARTESIAN_POINT('',(1.311622241753,-3.144300411333E-03));
#6722 = CARTESIAN_POINT('',(1.31188974758,-2.75454392265E-03));
#6723 = CARTESIAN_POINT('',(1.312171007874,-2.38688575457E-03));
#6724 = CARTESIAN_POINT('',(1.312464740527,-2.042878768697E-03));
#6725 = CARTESIAN_POINT('',(1.312769464572,-1.724224788408E-03));
#6726 = CARTESIAN_POINT('',(1.313084588055,-1.43182025922E-03));
#6727 = CARTESIAN_POINT('',(1.313411253508,-1.16400203038E-03));
#6728 = CARTESIAN_POINT('',(1.313747391718,-9.221900877567E-04));
#6729 = CARTESIAN_POINT('',(1.314091654086,-7.070743654497E-04));
#6730 = CARTESIAN_POINT('',(1.314442742671,-5.194541780222E-04));
#6731 = CARTESIAN_POINT('',(1.314798436313,-3.604213699525E-04));
#6732 = CARTESIAN_POINT('',(1.315160156112,-2.297882855947E-04));
#6733 = CARTESIAN_POINT('',(1.315527788454,-1.274596578622E-04));
#6734 = CARTESIAN_POINT('',(1.315898564544,-5.4111011403E-05));
#6735 = CARTESIAN_POINT('',(1.316271285332,-9.882578989297E-06));
#6736 = CARTESIAN_POINT('',(1.316519981209,4.566412184099E-14));
#6737 = CARTESIAN_POINT('',(1.316644132831,0.));
#6738 = ( GEOMETRIC_REPRESENTATION_CONTEXT(2) 
PARAMETRIC_REPRESENTATION_CONTEXT() REPRESENTATION_CONTEXT('2D SPACE',''
  ) );
#6739 = PCURVE('',#271,#6740);
#6740 = DEFINITIONAL_REPRESENTATION('',(#6741),#6767);
#6741 = B_SPLINE_CURVE_WITH_KNOTS('',3,(#6742,#6743,#6744,#6745,#6746,
    #6747,#6748,#6749,#6750,#6751,#6752,#6753,#6754,#6755,#6756,#6757,
    #6758,#6759,#6760,#6761,#6762,#6763,#6764,#6765,#6766),
  .UNSPECIFIED.,.F.,.F.,(4,1,1,1,1,1,1,1,1,1,1,1,1,1,1,1,1,1,1,1,1,1,4),
  (3.671536390156E-06,4.226845982715E-06,4.782155575274E-06,
    5.337465167833E-06,5.892774760392E-06,6.448084352951E-06,
    7.003393945511E-06,7.55870353807E-06,8.114013130629E-06,
    8.669322723188E-06,9.224632315747E-06,9.779941908306E-06,
    1.033525150087E-05,1.089056109342E-05,1.144587068598E-05,
    1.200118027854E-05,1.25564898711E-05,1.311179946366E-05,
    1.366710905622E-05,1.422241864878E-05,1.477772824134E-05,
    1.53330378339E-05,1.588834742646E-05),.QUASI_UNIFORM_KNOTS.);
#6742 = CARTESIAN_POINT('',(5.914584485701,0.199359945353));
#6743 = CARTESIAN_POINT('',(5.896148119132,0.199377658818));
#6744 = CARTESIAN_POINT('',(5.859225540921,0.199415712482));
#6745 = CARTESIAN_POINT('',(5.803782314488,0.199480286128));
#6746 = CARTESIAN_POINT('',(5.748371126218,0.199551959933));
#6747 = CARTESIAN_POINT('',(5.693079099246,0.199630361675));
#6748 = CARTESIAN_POINT('',(5.638036193128,0.199715041988));
#6749 = CARTESIAN_POINT('',(5.583202805481,0.199805839315));
#6750 = CARTESIAN_POINT('',(5.528211477715,0.199902976045));
#6751 = CARTESIAN_POINT('',(5.473240436101,0.200005760109));
#6752 = CARTESIAN_POINT('',(5.418345788758,0.200113719026));
#6753 = CARTESIAN_POINT('',(5.363610258023,0.200226344284));
#6754 = CARTESIAN_POINT('',(5.309146924539,0.200343051903));
#6755 = CARTESIAN_POINT('',(5.254909197574,0.200463595805));
#6756 = CARTESIAN_POINT('',(5.20049820742,0.2005883996));
#6757 = CARTESIAN_POINT('',(5.146084889493,0.200716663157));
#6758 = CARTESIAN_POINT('',(5.091718969215,0.200847860977));
#6759 = CARTESIAN_POINT('',(5.037449883527,0.200981486409));
#6760 = CARTESIAN_POINT('',(4.983462018399,0.201116682788));
#6761 = CARTESIAN_POINT('',(4.929389310047,0.201253974653));
#6762 = CARTESIAN_POINT('',(4.875080430309,0.201393314028));
#6763 = CARTESIAN_POINT('',(4.82078412779,0.201533648516));
#6764 = CARTESIAN_POINT('',(4.766518101637,0.201674520763));
#6765 = CARTESIAN_POINT('',(4.73041317049,0.201768382396));
#6766 = CARTESIAN_POINT('',(4.712388980385,0.201815204615));
#6767 = ( GEOMETRIC_REPRESENTATION_CONTEXT(2) 
PARAMETRIC_REPRESENTATION_CONTEXT() REPRESENTATION_CONTEXT('2D SPACE',''
  ) );
#6768 = ORIENTED_EDGE('',*,*,#446,.T.);
#6769 = ORIENTED_EDGE('',*,*,#6770,.T.);
#6770 = EDGE_CURVE('',#419,#6771,#6773,.T.);
#6771 = VERTEX_POINT('',#6772);
#6772 = CARTESIAN_POINT('',(-0.550640054647,-0.389328323974,
    0.38360310586));
#6773 = SURFACE_CURVE('',#6774,(#6782,#6811),.PCURVE_S1.);
#6774 = B_SPLINE_CURVE_WITH_KNOTS('',3,(#6775,#6776,#6777,#6778,#6779,
    #6780,#6781),.UNSPECIFIED.,.F.,.F.,(4,3,4),(2.484219262025E-19,
    3.567691985834E-06,3.788380556716E-06),.UNSPECIFIED.);
#6775 = CARTESIAN_POINT('',(-0.549684095589,-0.39,0.38));
#6776 = CARTESIAN_POINT('',(-0.549987636892,-0.39,0.381149840095));
#6777 = CARTESIAN_POINT('',(-0.550296817988,-0.389796455431,
    0.382315199888));
#6778 = CARTESIAN_POINT('',(-0.550585920842,-0.389404243155,
    0.383400031044));
#6779 = CARTESIAN_POINT('',(-0.550604028461,-0.389379677399,
    0.383467978174));
#6780 = CARTESIAN_POINT('',(-0.550622075138,-0.389354368503,
    0.383535677421));
#6781 = CARTESIAN_POINT('',(-0.550640054647,-0.389328323974,
    0.38360310586));
#6782 = PCURVE('',#463,#6783);
#6783 = DEFINITIONAL_REPRESENTATION('',(#6784),#6810);
#6784 = B_SPLINE_CURVE_WITH_KNOTS('',3,(#6785,#6786,#6787,#6788,#6789,
    #6790,#6791,#6792,#6793,#6794,#6795,#6796,#6797,#6798,#6799,#6800,
    #6801,#6802,#6803,#6804,#6805,#6806,#6807,#6808,#6809),
  .UNSPECIFIED.,.F.,.F.,(4,1,1,1,1,1,1,1,1,1,1,1,1,1,1,1,1,1,1,1,1,1,4),
  (2.484219262025E-19,1.721991162146E-07,3.44398232429E-07,
    5.165973486434E-07,6.887964648577E-07,8.609955810721E-07,
    1.033194697286E-06,1.205393813501E-06,1.377592929715E-06,
    1.54979204593E-06,1.721991162144E-06,1.894190278358E-06,
    2.066389394573E-06,2.238588510787E-06,2.410787627001E-06,
    2.582986743216E-06,2.75518585943E-06,2.927384975645E-06,
    3.099584091859E-06,3.271783208073E-06,3.443982324288E-06,
    3.616181440502E-06,3.788380556716E-06),.QUASI_UNIFORM_KNOTS.);
#6785 = CARTESIAN_POINT('',(1.828894042495,-5.551115123126E-17));
#6786 = CARTESIAN_POINT('',(1.828932308965,-2.467192193191E-17));
#6787 = CARTESIAN_POINT('',(1.829008892987,-9.483674617528E-07));
#6788 = CARTESIAN_POINT('',(1.829123877545,-5.205984285788E-06));
#6789 = CARTESIAN_POINT('',(1.829238925909,-1.228862998756E-05));
#6790 = CARTESIAN_POINT('',(1.829353993359,-2.218626781259E-05));
#6791 = CARTESIAN_POINT('',(1.829469035174,-3.488886100756E-05));
#6792 = CARTESIAN_POINT('',(1.829584006636,-5.038637281735E-05));
#6793 = CARTESIAN_POINT('',(1.829698863024,-6.866876649055E-05));
#6794 = CARTESIAN_POINT('',(1.829813559619,-8.972600526467E-05));
#6795 = CARTESIAN_POINT('',(1.829928051701,-1.135480524161E-04));
#6796 = CARTESIAN_POINT('',(1.830042294549,-1.401248710782E-04));
#6797 = CARTESIAN_POINT('',(1.830156243445,-1.694464249172E-04));
#6798 = CARTESIAN_POINT('',(1.830269853664,-2.01502675611E-04));
#6799 = CARTESIAN_POINT('',(1.8303830805,-2.362835922569E-04));
#6800 = CARTESIAN_POINT('',(1.830495879189,-2.737791162642E-04));
#6801 = CARTESIAN_POINT('',(1.830608205166,-3.139792923734E-04));
#6802 = CARTESIAN_POINT('',(1.830720013136,-3.568737796905E-04));
#6803 = CARTESIAN_POINT('',(1.830831260527,-4.024536765259E-04));
#6804 = CARTESIAN_POINT('',(1.830941894598,-4.507047100087E-04));
#6805 = CARTESIAN_POINT('',(1.831051900567,-5.016326527883E-04));
#6806 = CARTESIAN_POINT('',(1.831161121984,-5.551684666122E-04));
#6807 = CARTESIAN_POINT('',(1.831269931105,-6.11522311319E-04));
#6808 = CARTESIAN_POINT('',(1.831342684438,-6.512306075797E-04));
#6809 = CARTESIAN_POINT('',(1.831379219592,-6.716760262213E-04));
#6810 = ( GEOMETRIC_REPRESENTATION_CONTEXT(2) 
PARAMETRIC_REPRESENTATION_CONTEXT() REPRESENTATION_CONTEXT('2D SPACE',''
  ) );
#6811 = PCURVE('',#434,#6812);
#6812 = DEFINITIONAL_REPRESENTATION('',(#6813),#6816);
#6813 = B_SPLINE_CURVE_WITH_KNOTS('',1,(#6814,#6815),.UNSPECIFIED.,.F.,
  .F.,(2,2),(2.484219262025E-19,3.788380556716E-06),
  .PIECEWISE_BEZIER_KNOTS.);
#6814 = CARTESIAN_POINT('',(4.712388980385,0.200315904411));
#6815 = CARTESIAN_POINT('',(4.343788158906,0.199359945353));
#6816 = ( GEOMETRIC_REPRESENTATION_CONTEXT(2) 
PARAMETRIC_REPRESENTATION_CONTEXT() REPRESENTATION_CONTEXT('2D SPACE',''
  ) );
#6817 = ORIENTED_EDGE('',*,*,#6818,.F.);
#6818 = EDGE_CURVE('',#3102,#6771,#6819,.T.);
#6819 = SURFACE_CURVE('',#6820,(#6825,#6831),.PCURVE_S1.);
#6820 = ( BOUNDED_CURVE() B_SPLINE_CURVE(3,(#6821,#6822,#6823,#6824),
.UNSPECIFIED.,.F.,.F.) B_SPLINE_CURVE_WITH_KNOTS((4,4),(1.309749975933,
1.310213433997),.PIECEWISE_BEZIER_KNOTS.) CURVE() 
GEOMETRIC_REPRESENTATION_ITEM() RATIONAL_B_SPLINE_CURVE((1.,
0.999999982101,0.999999982101,1.)) REPRESENTATION_ITEM('') );
#6821 = CARTESIAN_POINT('',(-0.550819320949,-0.39,0.384274781886));
#6822 = CARTESIAN_POINT('',(-0.550759513633,-0.38977612184,
    0.384050903727));
#6823 = CARTESIAN_POINT('',(-0.550699758198,-0.389552229828,
    0.383827011714));
#6824 = CARTESIAN_POINT('',(-0.550640054647,-0.389328323974,
    0.38360310586));
#6825 = PCURVE('',#463,#6826);
#6826 = DEFINITIONAL_REPRESENTATION('',(#6827),#6830);
#6827 = B_SPLINE_CURVE_WITH_KNOTS('',1,(#6828,#6829),.UNSPECIFIED.,.F.,
  .F.,(2,2),(1.309749975933,1.310213433997),.PIECEWISE_BEZIER_KNOTS.);
#6828 = CARTESIAN_POINT('',(1.831842677657,1.33226762955E-15));
#6829 = CARTESIAN_POINT('',(1.831379219592,-6.716760262213E-04));
#6830 = ( GEOMETRIC_REPRESENTATION_CONTEXT(2) 
PARAMETRIC_REPRESENTATION_CONTEXT() REPRESENTATION_CONTEXT('2D SPACE',''
  ) );
#6831 = PCURVE('',#610,#6832);
#6832 = DEFINITIONAL_REPRESENTATION('',(#6833),#6836);
#6833 = B_SPLINE_CURVE_WITH_KNOTS('',1,(#6834,#6835),.UNSPECIFIED.,.F.,
  .F.,(2,2),(1.309749975933,1.310213433997),.PIECEWISE_BEZIER_KNOTS.);
#6834 = CARTESIAN_POINT('',(1.309749975933,-5.725218113514E-03));
#6835 = CARTESIAN_POINT('',(1.310213433997,-6.396894139738E-03));
#6836 = ( GEOMETRIC_REPRESENTATION_CONTEXT(2) 
PARAMETRIC_REPRESENTATION_CONTEXT() REPRESENTATION_CONTEXT('2D SPACE',''
  ) );
#6837 = ORIENTED_EDGE('',*,*,#3101,.T.);
#6838 = ORIENTED_EDGE('',*,*,#2204,.F.);
#6839 = ORIENTED_EDGE('',*,*,#6840,.T.);
#6840 = EDGE_CURVE('',#2178,#6841,#6843,.T.);
#6841 = VERTEX_POINT('',#6842);
#6842 = CARTESIAN_POINT('',(-0.552360897736,-0.395725218114,0.39));
#6843 = SURFACE_CURVE('',#6844,(#6849,#6855),.PCURVE_S1.);
#6844 = ( BOUNDED_CURVE() B_SPLINE_CURVE(3,(#6845,#6846,#6847,#6848),
.UNSPECIFIED.,.F.,.F.) B_SPLINE_CURVE_WITH_KNOTS((4,4),(1.305115511874,
1.305797220089),.PIECEWISE_BEZIER_KNOTS.) CURVE() 
GEOMETRIC_REPRESENTATION_ITEM() RATIONAL_B_SPLINE_CURVE((1.,
0.999999961273,0.999999961273,1.)) REPRESENTATION_ITEM('') );
#6845 = CARTESIAN_POINT('',(-0.552629051761,-0.39671199422,
    0.390986776106));
#6846 = CARTESIAN_POINT('',(-0.552539554972,-0.396383099324,
    0.390657881211));
#6847 = CARTESIAN_POINT('',(-0.552450170293,-0.396054173943,
    0.390328955829));
#6848 = CARTESIAN_POINT('',(-0.552360897736,-0.395725218114,0.39));
#6849 = PCURVE('',#463,#6850);
#6850 = DEFINITIONAL_REPRESENTATION('',(#6851),#6854);
#6851 = B_SPLINE_CURVE_WITH_KNOTS('',1,(#6852,#6853),.UNSPECIFIED.,.F.,
  .F.,(2,2),(1.305115511874,1.305797220089),.PIECEWISE_BEZIER_KNOTS.);
#6852 = CARTESIAN_POINT('',(1.836477141716,6.71199421958E-03));
#6853 = CARTESIAN_POINT('',(1.835795433501,5.725218113519E-03));
#6854 = ( GEOMETRIC_REPRESENTATION_CONTEXT(2) 
PARAMETRIC_REPRESENTATION_CONTEXT() REPRESENTATION_CONTEXT('2D SPACE',''
  ) );
#6855 = PCURVE('',#2193,#6856);
#6856 = DEFINITIONAL_REPRESENTATION('',(#6857),#6860);
#6857 = B_SPLINE_CURVE_WITH_KNOTS('',1,(#6858,#6859),.UNSPECIFIED.,.F.,
  .F.,(2,2),(1.305115511874,1.305797220089),.PIECEWISE_BEZIER_KNOTS.);
#6858 = CARTESIAN_POINT('',(1.305115511874,9.867761060635E-04));
#6859 = CARTESIAN_POINT('',(1.305797220089,1.387778780781E-15));
#6860 = ( GEOMETRIC_REPRESENTATION_CONTEXT(2) 
PARAMETRIC_REPRESENTATION_CONTEXT() REPRESENTATION_CONTEXT('2D SPACE',''
  ) );
#6861 = ORIENTED_EDGE('',*,*,#6862,.T.);
#6862 = EDGE_CURVE('',#6841,#2079,#6863,.T.);
#6863 = SURFACE_CURVE('',#6864,(#6868,#6875),.PCURVE_S1.);
#6864 = LINE('',#6865,#6866);
#6865 = CARTESIAN_POINT('',(-0.552360897736,-0.39,0.39));
#6866 = VECTOR('',#6867,1.);
#6867 = DIRECTION('',(-0.,-1.,3.383061121595E-15));
#6868 = PCURVE('',#463,#6869);
#6869 = DEFINITIONAL_REPRESENTATION('',(#6870),#6874);
#6870 = LINE('',#6871,#6872);
#6871 = CARTESIAN_POINT('',(1.835795433501,1.387778780781E-15));
#6872 = VECTOR('',#6873,1.);
#6873 = DIRECTION('',(0.,1.));
#6874 = ( GEOMETRIC_REPRESENTATION_CONTEXT(2) 
PARAMETRIC_REPRESENTATION_CONTEXT() REPRESENTATION_CONTEXT('2D SPACE',''
  ) );
#6875 = PCURVE('',#2165,#6876);
#6876 = DEFINITIONAL_REPRESENTATION('',(#6877),#6881);
#6877 = LINE('',#6878,#6879);
#6878 = CARTESIAN_POINT('',(0.387137390943,1.447639102264));
#6879 = VECTOR('',#6880,1.);
#6880 = DIRECTION('',(1.,-0.));
#6881 = ( GEOMETRIC_REPRESENTATION_CONTEXT(2) 
PARAMETRIC_REPRESENTATION_CONTEXT() REPRESENTATION_CONTEXT('2D SPACE',''
  ) );
#6882 = ORIENTED_EDGE('',*,*,#2078,.F.);
#6883 = ORIENTED_EDGE('',*,*,#1996,.F.);
#6884 = ORIENTED_EDGE('',*,*,#906,.F.);
#6885 = ADVANCED_FACE('',(#6886),#610,.T.);
#6886 = FACE_BOUND('',#6887,.T.);
#6887 = EDGE_LOOP('',(#6888,#6889,#6890,#6965,#6966,#7014,#7034,#7035,
    #7036,#7058,#7079,#7080,#7081));
#6888 = ORIENTED_EDGE('',*,*,#3125,.F.);
#6889 = ORIENTED_EDGE('',*,*,#6818,.T.);
#6890 = ORIENTED_EDGE('',*,*,#6891,.T.);
#6891 = EDGE_CURVE('',#6771,#587,#6892,.T.);
#6892 = SURFACE_CURVE('',#6893,(#6907,#6936),.PCURVE_S1.);
#6893 = B_SPLINE_CURVE_WITH_KNOTS('',3,(#6894,#6895,#6896,#6897,#6898,
    #6899,#6900,#6901,#6902,#6903,#6904,#6905,#6906),.UNSPECIFIED.,.F.,
  .F.,(4,3,3,3,4),(3.671536390156E-06,6.54499424115E-06,
    9.864597363713E-06,1.329189263347E-05,1.588834742646E-05),
  .UNSPECIFIED.);
#6894 = CARTESIAN_POINT('',(-0.550640054647,-0.389328323974,
    0.38360310586));
#6895 = CARTESIAN_POINT('',(-0.550548396058,-0.388984577343,
    0.384493054715));
#6896 = CARTESIAN_POINT('',(-0.550421569044,-0.388508467104,
    0.385338646226));
#6897 = CARTESIAN_POINT('',(-0.550268545704,-0.387932356539,
    0.386089147713));
#6898 = CARTESIAN_POINT('',(-0.55009176822,-0.387266815085,
    0.386956151168));
#6899 = CARTESIAN_POINT('',(-0.549875537289,-0.386450810279,
    0.387717292584));
#6900 = CARTESIAN_POINT('',(-0.549638192113,-0.385551289609,
    0.388317642923));
#6901 = CARTESIAN_POINT('',(-0.549393227545,-0.384622892008,
    0.388937266054));
#6902 = CARTESIAN_POINT('',(-0.549119343723,-0.383581074423,
    0.389402290404));
#6903 = CARTESIAN_POINT('',(-0.548838801638,-0.382508728974,
    0.389680200364));
#6904 = CARTESIAN_POINT('',(-0.548625035685,-0.381691628944,
    0.389891960704));
#6905 = CARTESIAN_POINT('',(-0.548403721506,-0.380842770513,0.39));
#6906 = CARTESIAN_POINT('',(-0.548184795385,-0.38,0.39));
#6907 = PCURVE('',#610,#6908);
#6908 = DEFINITIONAL_REPRESENTATION('',(#6909),#6935);
#6909 = B_SPLINE_CURVE_WITH_KNOTS('',3,(#6910,#6911,#6912,#6913,#6914,
    #6915,#6916,#6917,#6918,#6919,#6920,#6921,#6922,#6923,#6924,#6925,
    #6926,#6927,#6928,#6929,#6930,#6931,#6932,#6933,#6934),
  .UNSPECIFIED.,.F.,.F.,(4,1,1,1,1,1,1,1,1,1,1,1,1,1,1,1,1,1,1,1,1,1,4),
  (3.671536390156E-06,4.226845982715E-06,4.782155575274E-06,
    5.337465167833E-06,5.892774760392E-06,6.448084352952E-06,
    7.003393945511E-06,7.55870353807E-06,8.114013130629E-06,
    8.669322723188E-06,9.224632315747E-06,9.779941908306E-06,
    1.033525150087E-05,1.089056109342E-05,1.144587068598E-05,
    1.200118027854E-05,1.25564898711E-05,1.311179946366E-05,
    1.366710905622E-05,1.422241864878E-05,1.477772824134E-05,
    1.53330378339E-05,1.588834742646E-05),.QUASI_UNIFORM_KNOTS.);
#6910 = CARTESIAN_POINT('',(1.310213433997,-6.396894139738E-03));
#6911 = CARTESIAN_POINT('',(1.310259268502,-6.224907230023E-03));
#6912 = CARTESIAN_POINT('',(1.310357757016,-5.884247375523E-03));
#6913 = CARTESIAN_POINT('',(1.310524982649,-5.385390192397E-03));
#6914 = CARTESIAN_POINT('',(1.310710720003,-4.900881497196E-03));
#6915 = CARTESIAN_POINT('',(1.310914042155,-4.432849030071E-03));
#6916 = CARTESIAN_POINT('',(1.311133820816,-3.983747942317E-03));
#6917 = CARTESIAN_POINT('',(1.311369678972,-3.554811889787E-03));
#6918 = CARTESIAN_POINT('',(1.311622241753,-3.144300411331E-03));
#6919 = CARTESIAN_POINT('',(1.31188974758,-2.754543922648E-03));
#6920 = CARTESIAN_POINT('',(1.312171007874,-2.386885754569E-03));
#6921 = CARTESIAN_POINT('',(1.312464740527,-2.042878768696E-03));
#6922 = CARTESIAN_POINT('',(1.312769464572,-1.724224788406E-03));
#6923 = CARTESIAN_POINT('',(1.313084588055,-1.431820259218E-03));
#6924 = CARTESIAN_POINT('',(1.313411253508,-1.164002030379E-03));
#6925 = CARTESIAN_POINT('',(1.313747391718,-9.221900877553E-04));
#6926 = CARTESIAN_POINT('',(1.314091654086,-7.070743654483E-04));
#6927 = CARTESIAN_POINT('',(1.314442742671,-5.194541780207E-04));
#6928 = CARTESIAN_POINT('',(1.314798436313,-3.604213699513E-04));
#6929 = CARTESIAN_POINT('',(1.315160156112,-2.297882855934E-04));
#6930 = CARTESIAN_POINT('',(1.315527788454,-1.274596578611E-04));
#6931 = CARTESIAN_POINT('',(1.315898564544,-5.411101140176E-05));
#6932 = CARTESIAN_POINT('',(1.316271285332,-9.882578988682E-06));
#6933 = CARTESIAN_POINT('',(1.316519981209,4.584915468863E-14));
#6934 = CARTESIAN_POINT('',(1.316644132831,0.));
#6935 = ( GEOMETRIC_REPRESENTATION_CONTEXT(2) 
PARAMETRIC_REPRESENTATION_CONTEXT() REPRESENTATION_CONTEXT('2D SPACE',''
  ) );
#6936 = PCURVE('',#434,#6937);
#6937 = DEFINITIONAL_REPRESENTATION('',(#6938),#6964);
#6938 = B_SPLINE_CURVE_WITH_KNOTS('',3,(#6939,#6940,#6941,#6942,#6943,
    #6944,#6945,#6946,#6947,#6948,#6949,#6950,#6951,#6952,#6953,#6954,
    #6955,#6956,#6957,#6958,#6959,#6960,#6961,#6962,#6963),
  .UNSPECIFIED.,.F.,.F.,(4,1,1,1,1,1,1,1,1,1,1,1,1,1,1,1,1,1,1,1,1,1,4),
  (3.671536390156E-06,4.226845982715E-06,4.782155575274E-06,
    5.337465167833E-06,5.892774760392E-06,6.448084352952E-06,
    7.003393945511E-06,7.55870353807E-06,8.114013130629E-06,
    8.669322723188E-06,9.224632315747E-06,9.779941908306E-06,
    1.033525150087E-05,1.089056109342E-05,1.144587068598E-05,
    1.200118027854E-05,1.25564898711E-05,1.311179946366E-05,
    1.366710905622E-05,1.422241864878E-05,1.477772824134E-05,
    1.53330378339E-05,1.588834742646E-05),.QUASI_UNIFORM_KNOTS.);
#6939 = CARTESIAN_POINT('',(4.343788158906,0.199359945353));
#6940 = CARTESIAN_POINT('',(4.325351792337,0.199377658818));
#6941 = CARTESIAN_POINT('',(4.288429214126,0.199415712482));
#6942 = CARTESIAN_POINT('',(4.232985987693,0.199480286128));
#6943 = CARTESIAN_POINT('',(4.177574799423,0.199551959933));
#6944 = CARTESIAN_POINT('',(4.122282772451,0.199630361675));
#6945 = CARTESIAN_POINT('',(4.067239866333,0.199715041988));
#6946 = CARTESIAN_POINT('',(4.012406478686,0.199805839315));
#6947 = CARTESIAN_POINT('',(3.95741515092,0.199902976045));
#6948 = CARTESIAN_POINT('',(3.902444109307,0.200005760109));
#6949 = CARTESIAN_POINT('',(3.847549461963,0.200113719026));
#6950 = CARTESIAN_POINT('',(3.792813931228,0.200226344284));
#6951 = CARTESIAN_POINT('',(3.738350597744,0.200343051903));
#6952 = CARTESIAN_POINT('',(3.684112870779,0.200463595805));
#6953 = CARTESIAN_POINT('',(3.629701880625,0.2005883996));
#6954 = CARTESIAN_POINT('',(3.575288562698,0.200716663157));
#6955 = CARTESIAN_POINT('',(3.52092264242,0.200847860977));
#6956 = CARTESIAN_POINT('',(3.466653556732,0.200981486409));
#6957 = CARTESIAN_POINT('',(3.412665691604,0.201116682788));
#6958 = CARTESIAN_POINT('',(3.358592983252,0.201253974653));
#6959 = CARTESIAN_POINT('',(3.304284103514,0.201393314028));
#6960 = CARTESIAN_POINT('',(3.249987800995,0.201533648516));
#6961 = CARTESIAN_POINT('',(3.195721774843,0.201674520763));
#6962 = CARTESIAN_POINT('',(3.159616843696,0.201768382396));
#6963 = CARTESIAN_POINT('',(3.14159265359,0.201815204615));
#6964 = ( GEOMETRIC_REPRESENTATION_CONTEXT(2) 
PARAMETRIC_REPRESENTATION_CONTEXT() REPRESENTATION_CONTEXT('2D SPACE',''
  ) );
#6965 = ORIENTED_EDGE('',*,*,#586,.T.);
#6966 = ORIENTED_EDGE('',*,*,#6967,.T.);
#6967 = EDGE_CURVE('',#589,#6968,#6970,.T.);
#6968 = VERTEX_POINT('',#6969);
#6969 = CARTESIAN_POINT('',(-0.550640054647,0.38360310586,0.389328323974
    ));
#6970 = SURFACE_CURVE('',#6971,(#6979,#7008),.PCURVE_S1.);
#6971 = B_SPLINE_CURVE_WITH_KNOTS('',3,(#6972,#6973,#6974,#6975,#6976,
    #6977,#6978),.UNSPECIFIED.,.F.,.F.,(4,3,4),(5.421010862428E-20,
    3.567691985834E-06,3.788380556718E-06),.UNSPECIFIED.);
#6972 = CARTESIAN_POINT('',(-0.549684095589,0.38,0.39));
#6973 = CARTESIAN_POINT('',(-0.549987636892,0.381149840095,0.39));
#6974 = CARTESIAN_POINT('',(-0.550296817988,0.382315199888,
    0.389796455431));
#6975 = CARTESIAN_POINT('',(-0.550585920842,0.383400031044,
    0.389404243155));
#6976 = CARTESIAN_POINT('',(-0.550604028461,0.383467978174,
    0.389379677399));
#6977 = CARTESIAN_POINT('',(-0.550622075138,0.383535677421,
    0.389354368503));
#6978 = CARTESIAN_POINT('',(-0.550640054647,0.38360310586,0.389328323974
    ));
#6979 = PCURVE('',#610,#6980);
#6980 = DEFINITIONAL_REPRESENTATION('',(#6981),#7007);
#6981 = B_SPLINE_CURVE_WITH_KNOTS('',3,(#6982,#6983,#6984,#6985,#6986,
    #6987,#6988,#6989,#6990,#6991,#6992,#6993,#6994,#6995,#6996,#6997,
    #6998,#6999,#7000,#7001,#7002,#7003,#7004,#7005,#7006),
  .UNSPECIFIED.,.F.,.F.,(4,1,1,1,1,1,1,1,1,1,1,1,1,1,1,1,1,1,1,1,1,1,4),
  (5.421010862428E-20,1.721991162145E-07,3.44398232429E-07,
    5.165973486435E-07,6.887964648579E-07,8.609955810724E-07,
    1.033194697287E-06,1.205393813501E-06,1.377592929716E-06,
    1.54979204593E-06,1.721991162145E-06,1.894190278359E-06,
    2.066389394574E-06,2.238588510788E-06,2.410787627003E-06,
    2.582986743217E-06,2.755185859432E-06,2.927384975646E-06,
    3.09958409186E-06,3.271783208075E-06,3.443982324289E-06,
    3.616181440504E-06,3.788380556718E-06),.QUASI_UNIFORM_KNOTS.);
#6982 = CARTESIAN_POINT('',(1.828894042495,0.));
#6983 = CARTESIAN_POINT('',(1.828932308965,-1.850372111187E-17));
#6984 = CARTESIAN_POINT('',(1.829008892987,-9.483674618594E-07));
#6985 = CARTESIAN_POINT('',(1.829123877545,-5.20598428609E-06));
#6986 = CARTESIAN_POINT('',(1.829238925909,-1.228862998791E-05));
#6987 = CARTESIAN_POINT('',(1.829353993359,-2.218626781322E-05));
#6988 = CARTESIAN_POINT('',(1.829469035174,-3.488886100835E-05));
#6989 = CARTESIAN_POINT('',(1.829584006636,-5.038637281823E-05));
#6990 = CARTESIAN_POINT('',(1.829698863024,-6.866876649159E-05));
#6991 = CARTESIAN_POINT('',(1.829813559619,-8.972600526562E-05));
#6992 = CARTESIAN_POINT('',(1.829928051701,-1.135480524173E-04));
#6993 = CARTESIAN_POINT('',(1.830042294549,-1.401248710795E-04));
#6994 = CARTESIAN_POINT('',(1.830156243445,-1.694464249184E-04));
#6995 = CARTESIAN_POINT('',(1.830269853664,-2.015026756123E-04));
#6996 = CARTESIAN_POINT('',(1.8303830805,-2.362835922583E-04));
#6997 = CARTESIAN_POINT('',(1.830495879189,-2.737791162657E-04));
#6998 = CARTESIAN_POINT('',(1.830608205166,-3.139792923749E-04));
#6999 = CARTESIAN_POINT('',(1.830720013136,-3.568737796923E-04));
#7000 = CARTESIAN_POINT('',(1.830831260527,-4.024536765276E-04));
#7001 = CARTESIAN_POINT('',(1.830941894598,-4.507047100103E-04));
#7002 = CARTESIAN_POINT('',(1.831051900567,-5.0163265279E-04));
#7003 = CARTESIAN_POINT('',(1.831161121984,-5.551684666141E-04));
#7004 = CARTESIAN_POINT('',(1.831269931105,-6.115223113209E-04));
#7005 = CARTESIAN_POINT('',(1.831342684438,-6.512306075816E-04));
#7006 = CARTESIAN_POINT('',(1.831379219592,-6.716760262233E-04));
#7007 = ( GEOMETRIC_REPRESENTATION_CONTEXT(2) 
PARAMETRIC_REPRESENTATION_CONTEXT() REPRESENTATION_CONTEXT('2D SPACE',''
  ) );
#7008 = PCURVE('',#150,#7009);
#7009 = DEFINITIONAL_REPRESENTATION('',(#7010),#7013);
#7010 = B_SPLINE_CURVE_WITH_KNOTS('',1,(#7011,#7012),.UNSPECIFIED.,.F.,
  .F.,(2,2),(5.421010862428E-20,3.788380556718E-06),
  .PIECEWISE_BEZIER_KNOTS.);
#7011 = CARTESIAN_POINT('',(3.14159265359,0.200315904411));
#7012 = CARTESIAN_POINT('',(2.772991832111,0.199359945353));
#7013 = ( GEOMETRIC_REPRESENTATION_CONTEXT(2) 
PARAMETRIC_REPRESENTATION_CONTEXT() REPRESENTATION_CONTEXT('2D SPACE',''
  ) );
#7014 = ORIENTED_EDGE('',*,*,#7015,.F.);
#7015 = EDGE_CURVE('',#3151,#6968,#7016,.T.);
#7016 = SURFACE_CURVE('',#7017,(#7022,#7028),.PCURVE_S1.);
#7017 = ( BOUNDED_CURVE() B_SPLINE_CURVE(3,(#7018,#7019,#7020,#7021),
.UNSPECIFIED.,.F.,.F.) B_SPLINE_CURVE_WITH_KNOTS((4,4),(1.309749975933,
1.310213433997),.PIECEWISE_BEZIER_KNOTS.) CURVE() 
GEOMETRIC_REPRESENTATION_ITEM() RATIONAL_B_SPLINE_CURVE((1.,
0.999999982101,0.999999982101,1.)) REPRESENTATION_ITEM('') );
#7018 = CARTESIAN_POINT('',(-0.550819320949,0.384274781886,0.39));
#7019 = CARTESIAN_POINT('',(-0.550759513633,0.384050903727,0.38977612184
    ));
#7020 = CARTESIAN_POINT('',(-0.550699758198,0.383827011714,
    0.389552229828));
#7021 = CARTESIAN_POINT('',(-0.550640054647,0.38360310586,0.389328323974
    ));
#7022 = PCURVE('',#610,#7023);
#7023 = DEFINITIONAL_REPRESENTATION('',(#7024),#7027);
#7024 = B_SPLINE_CURVE_WITH_KNOTS('',1,(#7025,#7026),.UNSPECIFIED.,.F.,
  .F.,(2,2),(1.309749975933,1.310213433997),.PIECEWISE_BEZIER_KNOTS.);
#7025 = CARTESIAN_POINT('',(1.831842677657,-4.107825191113E-15));
#7026 = CARTESIAN_POINT('',(1.831379219592,-6.716760262233E-04));
#7027 = ( GEOMETRIC_REPRESENTATION_CONTEXT(2) 
PARAMETRIC_REPRESENTATION_CONTEXT() REPRESENTATION_CONTEXT('2D SPACE',''
  ) );
#7028 = PCURVE('',#124,#7029);
#7029 = DEFINITIONAL_REPRESENTATION('',(#7030),#7033);
#7030 = B_SPLINE_CURVE_WITH_KNOTS('',1,(#7031,#7032),.UNSPECIFIED.,.F.,
  .F.,(2,2),(1.309749975933,1.310213433997),.PIECEWISE_BEZIER_KNOTS.);
#7031 = CARTESIAN_POINT('',(1.309749975933,-5.725218113515E-03));
#7032 = CARTESIAN_POINT('',(1.310213433997,-6.396894139741E-03));
#7033 = ( GEOMETRIC_REPRESENTATION_CONTEXT(2) 
PARAMETRIC_REPRESENTATION_CONTEXT() REPRESENTATION_CONTEXT('2D SPACE',''
  ) );
#7034 = ORIENTED_EDGE('',*,*,#3150,.T.);
#7035 = ORIENTED_EDGE('',*,*,#2555,.F.);
#7036 = ORIENTED_EDGE('',*,*,#7037,.T.);
#7037 = EDGE_CURVE('',#2529,#7038,#7040,.T.);
#7038 = VERTEX_POINT('',#7039);
#7039 = CARTESIAN_POINT('',(-0.552360897736,0.39,0.395725218114));
#7040 = SURFACE_CURVE('',#7041,(#7046,#7052),.PCURVE_S1.);
#7041 = ( BOUNDED_CURVE() B_SPLINE_CURVE(3,(#7042,#7043,#7044,#7045),
.UNSPECIFIED.,.F.,.F.) B_SPLINE_CURVE_WITH_KNOTS((4,4),(1.305115511874,
1.305797220089),.PIECEWISE_BEZIER_KNOTS.) CURVE() 
GEOMETRIC_REPRESENTATION_ITEM() RATIONAL_B_SPLINE_CURVE((1.,
0.999999961273,0.999999961273,1.)) REPRESENTATION_ITEM('') );
#7042 = CARTESIAN_POINT('',(-0.552629051761,0.390986776106,0.39671199422
    ));
#7043 = CARTESIAN_POINT('',(-0.552539554972,0.390657881211,
    0.396383099324));
#7044 = CARTESIAN_POINT('',(-0.552450170293,0.390328955829,
    0.396054173943));
#7045 = CARTESIAN_POINT('',(-0.552360897736,0.39,0.395725218114));
#7046 = PCURVE('',#610,#7047);
#7047 = DEFINITIONAL_REPRESENTATION('',(#7048),#7051);
#7048 = B_SPLINE_CURVE_WITH_KNOTS('',1,(#7049,#7050),.UNSPECIFIED.,.F.,
  .F.,(2,2),(1.305115511874,1.305797220089),.PIECEWISE_BEZIER_KNOTS.);
#7049 = CARTESIAN_POINT('',(1.836477141716,6.711994219578E-03));
#7050 = CARTESIAN_POINT('',(1.835795433501,5.725218113518E-03));
#7051 = ( GEOMETRIC_REPRESENTATION_CONTEXT(2) 
PARAMETRIC_REPRESENTATION_CONTEXT() REPRESENTATION_CONTEXT('2D SPACE',''
  ) );
#7052 = PCURVE('',#2544,#7053);
#7053 = DEFINITIONAL_REPRESENTATION('',(#7054),#7057);
#7054 = B_SPLINE_CURVE_WITH_KNOTS('',1,(#7055,#7056),.UNSPECIFIED.,.F.,
  .F.,(2,2),(1.305115511874,1.305797220089),.PIECEWISE_BEZIER_KNOTS.);
#7055 = CARTESIAN_POINT('',(1.305115511874,9.867761060611E-04));
#7056 = CARTESIAN_POINT('',(1.305797220089,-4.107825191113E-15));
#7057 = ( GEOMETRIC_REPRESENTATION_CONTEXT(2) 
PARAMETRIC_REPRESENTATION_CONTEXT() REPRESENTATION_CONTEXT('2D SPACE',''
  ) );
#7058 = ORIENTED_EDGE('',*,*,#7059,.T.);
#7059 = EDGE_CURVE('',#7038,#2430,#7060,.T.);
#7060 = SURFACE_CURVE('',#7061,(#7065,#7072),.PCURVE_S1.);
#7061 = LINE('',#7062,#7063);
#7062 = CARTESIAN_POINT('',(-0.552360897736,0.39,0.39));
#7063 = VECTOR('',#7064,1.);
#7064 = DIRECTION('',(-0.,-1.084202172486E-16,1.));
#7065 = PCURVE('',#610,#7066);
#7066 = DEFINITIONAL_REPRESENTATION('',(#7067),#7071);
#7067 = LINE('',#7068,#7069);
#7068 = CARTESIAN_POINT('',(1.835795433501,-4.163336342344E-15));
#7069 = VECTOR('',#7070,1.);
#7070 = DIRECTION('',(0.,1.));
#7071 = ( GEOMETRIC_REPRESENTATION_CONTEXT(2) 
PARAMETRIC_REPRESENTATION_CONTEXT() REPRESENTATION_CONTEXT('2D SPACE',''
  ) );
#7072 = PCURVE('',#2516,#7073);
#7073 = DEFINITIONAL_REPRESENTATION('',(#7074),#7078);
#7074 = LINE('',#7075,#7076);
#7075 = CARTESIAN_POINT('',(0.387137390943,1.447639102264));
#7076 = VECTOR('',#7077,1.);
#7077 = DIRECTION('',(1.,0.));
#7078 = ( GEOMETRIC_REPRESENTATION_CONTEXT(2) 
PARAMETRIC_REPRESENTATION_CONTEXT() REPRESENTATION_CONTEXT('2D SPACE',''
  ) );
#7079 = ORIENTED_EDGE('',*,*,#2429,.F.);
#7080 = ORIENTED_EDGE('',*,*,#1881,.F.);
#7081 = ORIENTED_EDGE('',*,*,#2306,.F.);
#7082 = ADVANCED_FACE('',(#7083),#124,.T.);
#7083 = FACE_BOUND('',#7084,.T.);
#7084 = EDGE_LOOP('',(#7085,#7086,#7087,#7162,#7163,#7209,#7210,#7211,
    #7212,#7213,#7214,#7215,#7216));
#7085 = ORIENTED_EDGE('',*,*,#3174,.F.);
#7086 = ORIENTED_EDGE('',*,*,#7015,.T.);
#7087 = ORIENTED_EDGE('',*,*,#7088,.T.);
#7088 = EDGE_CURVE('',#6968,#108,#7089,.T.);
#7089 = SURFACE_CURVE('',#7090,(#7104,#7133),.PCURVE_S1.);
#7090 = B_SPLINE_CURVE_WITH_KNOTS('',3,(#7091,#7092,#7093,#7094,#7095,
    #7096,#7097,#7098,#7099,#7100,#7101,#7102,#7103),.UNSPECIFIED.,.F.,
  .F.,(4,3,3,3,4),(3.671536390158E-06,6.54499424115E-06,
    9.864597363713E-06,1.329189263347E-05,1.588834742646E-05),
  .UNSPECIFIED.);
#7091 = CARTESIAN_POINT('',(-0.550640054647,0.38360310586,0.389328323974
    ));
#7092 = CARTESIAN_POINT('',(-0.550548396058,0.384493054715,
    0.388984577343));
#7093 = CARTESIAN_POINT('',(-0.550421569044,0.385338646226,
    0.388508467104));
#7094 = CARTESIAN_POINT('',(-0.550268545704,0.386089147713,
    0.387932356539));
#7095 = CARTESIAN_POINT('',(-0.55009176822,0.386956151168,0.387266815085
    ));
#7096 = CARTESIAN_POINT('',(-0.549875537289,0.387717292584,
    0.386450810279));
#7097 = CARTESIAN_POINT('',(-0.549638192113,0.388317642923,
    0.385551289609));
#7098 = CARTESIAN_POINT('',(-0.549393227545,0.388937266054,
    0.384622892008));
#7099 = CARTESIAN_POINT('',(-0.549119343723,0.389402290404,
    0.383581074423));
#7100 = CARTESIAN_POINT('',(-0.548838801638,0.389680200364,
    0.382508728974));
#7101 = CARTESIAN_POINT('',(-0.548625035685,0.389891960704,
    0.381691628944));
#7102 = CARTESIAN_POINT('',(-0.548403721506,0.39,0.380842770513));
#7103 = CARTESIAN_POINT('',(-0.548184795385,0.39,0.38));
#7104 = PCURVE('',#124,#7105);
#7105 = DEFINITIONAL_REPRESENTATION('',(#7106),#7132);
#7106 = B_SPLINE_CURVE_WITH_KNOTS('',3,(#7107,#7108,#7109,#7110,#7111,
    #7112,#7113,#7114,#7115,#7116,#7117,#7118,#7119,#7120,#7121,#7122,
    #7123,#7124,#7125,#7126,#7127,#7128,#7129,#7130,#7131),
  .UNSPECIFIED.,.F.,.F.,(4,1,1,1,1,1,1,1,1,1,1,1,1,1,1,1,1,1,1,1,1,1,4),
  (3.671536390158E-06,4.226845982717E-06,4.782155575276E-06,
    5.337465167835E-06,5.892774760394E-06,6.448084352953E-06,
    7.003393945512E-06,7.558703538071E-06,8.114013130631E-06,
    8.66932272319E-06,9.224632315749E-06,9.779941908308E-06,
    1.033525150087E-05,1.089056109343E-05,1.144587068598E-05,
    1.200118027854E-05,1.25564898711E-05,1.311179946366E-05,
    1.366710905622E-05,1.422241864878E-05,1.477772824134E-05,
    1.53330378339E-05,1.588834742646E-05),.QUASI_UNIFORM_KNOTS.);
#7107 = CARTESIAN_POINT('',(1.310213433997,-6.396894139741E-03));
#7108 = CARTESIAN_POINT('',(1.310259268502,-6.224907230025E-03));
#7109 = CARTESIAN_POINT('',(1.310357757016,-5.884247375526E-03));
#7110 = CARTESIAN_POINT('',(1.310524982649,-5.385390192399E-03));
#7111 = CARTESIAN_POINT('',(1.310710720003,-4.900881497199E-03));
#7112 = CARTESIAN_POINT('',(1.310914042155,-4.432849030074E-03));
#7113 = CARTESIAN_POINT('',(1.311133820816,-3.98374794232E-03));
#7114 = CARTESIAN_POINT('',(1.311369678972,-3.55481188979E-03));
#7115 = CARTESIAN_POINT('',(1.311622241753,-3.144300411335E-03));
#7116 = CARTESIAN_POINT('',(1.31188974758,-2.754543922652E-03));
#7117 = CARTESIAN_POINT('',(1.312171007874,-2.386885754572E-03));
#7118 = CARTESIAN_POINT('',(1.312464740527,-2.0428787687E-03));
#7119 = CARTESIAN_POINT('',(1.312769464572,-1.72422478841E-03));
#7120 = CARTESIAN_POINT('',(1.313084588055,-1.431820259222E-03));
#7121 = CARTESIAN_POINT('',(1.313411253508,-1.164002030382E-03));
#7122 = CARTESIAN_POINT('',(1.313747391718,-9.221900877592E-04));
#7123 = CARTESIAN_POINT('',(1.314091654086,-7.070743654522E-04));
#7124 = CARTESIAN_POINT('',(1.314442742671,-5.194541780249E-04));
#7125 = CARTESIAN_POINT('',(1.314798436313,-3.604213699553E-04));
#7126 = CARTESIAN_POINT('',(1.315160156112,-2.297882855975E-04));
#7127 = CARTESIAN_POINT('',(1.315527788454,-1.27459657865E-04));
#7128 = CARTESIAN_POINT('',(1.315898564544,-5.41110114053E-05));
#7129 = CARTESIAN_POINT('',(1.316271285332,-9.882578990924E-06));
#7130 = CARTESIAN_POINT('',(1.316519981209,4.500100811763E-14));
#7131 = CARTESIAN_POINT('',(1.316644132831,0.));
#7132 = ( GEOMETRIC_REPRESENTATION_CONTEXT(2) 
PARAMETRIC_REPRESENTATION_CONTEXT() REPRESENTATION_CONTEXT('2D SPACE',''
  ) );
#7133 = PCURVE('',#150,#7134);
#7134 = DEFINITIONAL_REPRESENTATION('',(#7135),#7161);
#7135 = B_SPLINE_CURVE_WITH_KNOTS('',3,(#7136,#7137,#7138,#7139,#7140,
    #7141,#7142,#7143,#7144,#7145,#7146,#7147,#7148,#7149,#7150,#7151,
    #7152,#7153,#7154,#7155,#7156,#7157,#7158,#7159,#7160),
  .UNSPECIFIED.,.F.,.F.,(4,1,1,1,1,1,1,1,1,1,1,1,1,1,1,1,1,1,1,1,1,1,4),
  (3.671536390158E-06,4.226845982717E-06,4.782155575276E-06,
    5.337465167835E-06,5.892774760394E-06,6.448084352953E-06,
    7.003393945512E-06,7.558703538071E-06,8.114013130631E-06,
    8.66932272319E-06,9.224632315749E-06,9.779941908308E-06,
    1.033525150087E-05,1.089056109343E-05,1.144587068598E-05,
    1.200118027854E-05,1.25564898711E-05,1.311179946366E-05,
    1.366710905622E-05,1.422241864878E-05,1.477772824134E-05,
    1.53330378339E-05,1.588834742646E-05),.QUASI_UNIFORM_KNOTS.);
#7136 = CARTESIAN_POINT('',(2.772991832111,0.199359945353));
#7137 = CARTESIAN_POINT('',(2.754555465542,0.199377658818));
#7138 = CARTESIAN_POINT('',(2.717632887331,0.199415712482));
#7139 = CARTESIAN_POINT('',(2.662189660898,0.199480286128));
#7140 = CARTESIAN_POINT('',(2.606778472628,0.199551959933));
#7141 = CARTESIAN_POINT('',(2.551486445656,0.199630361675));
#7142 = CARTESIAN_POINT('',(2.496443539538,0.199715041988));
#7143 = CARTESIAN_POINT('',(2.441610151891,0.199805839315));
#7144 = CARTESIAN_POINT('',(2.386618824125,0.199902976045));
#7145 = CARTESIAN_POINT('',(2.331647782511,0.200005760109));
#7146 = CARTESIAN_POINT('',(2.276753135168,0.200113719026));
#7147 = CARTESIAN_POINT('',(2.222017604433,0.200226344284));
#7148 = CARTESIAN_POINT('',(2.167554270949,0.200343051903));
#7149 = CARTESIAN_POINT('',(2.113316543984,0.200463595805));
#7150 = CARTESIAN_POINT('',(2.05890555383,0.2005883996));
#7151 = CARTESIAN_POINT('',(2.004492235903,0.200716663157));
#7152 = CARTESIAN_POINT('',(1.950126315625,0.200847860977));
#7153 = CARTESIAN_POINT('',(1.895857229937,0.200981486409));
#7154 = CARTESIAN_POINT('',(1.841869364809,0.201116682787));
#7155 = CARTESIAN_POINT('',(1.787796656457,0.201253974653));
#7156 = CARTESIAN_POINT('',(1.733487776719,0.201393314028));
#7157 = CARTESIAN_POINT('',(1.6791914742,0.201533648516));
#7158 = CARTESIAN_POINT('',(1.624925448048,0.201674520763));
#7159 = CARTESIAN_POINT('',(1.588820516901,0.201768382396));
#7160 = CARTESIAN_POINT('',(1.570796326795,0.201815204615));
#7161 = ( GEOMETRIC_REPRESENTATION_CONTEXT(2) 
PARAMETRIC_REPRESENTATION_CONTEXT() REPRESENTATION_CONTEXT('2D SPACE',''
  ) );
#7162 = ORIENTED_EDGE('',*,*,#107,.T.);
#7163 = ORIENTED_EDGE('',*,*,#7164,.T.);
#7164 = EDGE_CURVE('',#80,#2804,#7165,.T.);
#7165 = SURFACE_CURVE('',#7166,(#7174,#7203),.PCURVE_S1.);
#7166 = B_SPLINE_CURVE_WITH_KNOTS('',3,(#7167,#7168,#7169,#7170,#7171,
    #7172,#7173),.UNSPECIFIED.,.F.,.F.,(4,3,4),(6.437093743801E-19,
    3.567691985834E-06,3.788380556718E-06),.UNSPECIFIED.);
#7167 = CARTESIAN_POINT('',(-0.549684095589,0.39,-0.38));
#7168 = CARTESIAN_POINT('',(-0.549987636892,0.39,-0.381149840095));
#7169 = CARTESIAN_POINT('',(-0.550296817988,0.389796455431,
    -0.382315199888));
#7170 = CARTESIAN_POINT('',(-0.550585920842,0.389404243155,
    -0.383400031044));
#7171 = CARTESIAN_POINT('',(-0.550604028461,0.389379677399,
    -0.383467978174));
#7172 = CARTESIAN_POINT('',(-0.550622075138,0.389354368503,
    -0.383535677421));
#7173 = CARTESIAN_POINT('',(-0.550640054647,0.389328323974,
    -0.38360310586));
#7174 = PCURVE('',#124,#7175);
#7175 = DEFINITIONAL_REPRESENTATION('',(#7176),#7202);
#7176 = B_SPLINE_CURVE_WITH_KNOTS('',3,(#7177,#7178,#7179,#7180,#7181,
    #7182,#7183,#7184,#7185,#7186,#7187,#7188,#7189,#7190,#7191,#7192,
    #7193,#7194,#7195,#7196,#7197,#7198,#7199,#7200,#7201),
  .UNSPECIFIED.,.F.,.F.,(4,1,1,1,1,1,1,1,1,1,1,1,1,1,1,1,1,1,1,1,1,1,4),
  (6.437093743801E-19,1.721991162151E-07,3.443982324295E-07,
    5.16597348644E-07,6.887964648584E-07,8.609955810729E-07,
    1.033194697287E-06,1.205393813502E-06,1.377592929716E-06,
    1.549792045931E-06,1.721991162145E-06,1.89419027836E-06,
    2.066389394574E-06,2.238588510788E-06,2.410787627003E-06,
    2.582986743217E-06,2.755185859432E-06,2.927384975646E-06,
    3.099584091861E-06,3.271783208075E-06,3.443982324289E-06,
    3.616181440504E-06,3.788380556718E-06),.QUASI_UNIFORM_KNOTS.);
#7177 = CARTESIAN_POINT('',(1.828894042495,0.));
#7178 = CARTESIAN_POINT('',(1.828932308965,2.189610057108E-16));
#7179 = CARTESIAN_POINT('',(1.829008892987,-9.483674612695E-07));
#7180 = CARTESIAN_POINT('',(1.829123877545,-5.205984285181E-06));
#7181 = CARTESIAN_POINT('',(1.829238925909,-1.228862998647E-05));
#7182 = CARTESIAN_POINT('',(1.829353993359,-2.218626781154E-05));
#7183 = CARTESIAN_POINT('',(1.829469035174,-3.48888610062E-05));
#7184 = CARTESIAN_POINT('',(1.829584006636,-5.038637281587E-05));
#7185 = CARTESIAN_POINT('',(1.829698863024,-6.866876648886E-05));
#7186 = CARTESIAN_POINT('',(1.829813559619,-8.972600526291E-05));
#7187 = CARTESIAN_POINT('',(1.829928051701,-1.135480524142E-04));
#7188 = CARTESIAN_POINT('',(1.830042294549,-1.401248710763E-04));
#7189 = CARTESIAN_POINT('',(1.830156243445,-1.694464249152E-04));
#7190 = CARTESIAN_POINT('',(1.830269853664,-2.015026756089E-04));
#7191 = CARTESIAN_POINT('',(1.8303830805,-2.362835922546E-04));
#7192 = CARTESIAN_POINT('',(1.830495879189,-2.73779116262E-04));
#7193 = CARTESIAN_POINT('',(1.830608205166,-3.139792923713E-04));
#7194 = CARTESIAN_POINT('',(1.830720013136,-3.568737796884E-04));
#7195 = CARTESIAN_POINT('',(1.830831260527,-4.024536765241E-04));
#7196 = CARTESIAN_POINT('',(1.830941894598,-4.507047100066E-04));
#7197 = CARTESIAN_POINT('',(1.831051900567,-5.016326527863E-04));
#7198 = CARTESIAN_POINT('',(1.831161121984,-5.551684666103E-04));
#7199 = CARTESIAN_POINT('',(1.831269931105,-6.115223113172E-04));
#7200 = CARTESIAN_POINT('',(1.831342684438,-6.512306075779E-04));
#7201 = CARTESIAN_POINT('',(1.831379219592,-6.716760262195E-04));
#7202 = ( GEOMETRIC_REPRESENTATION_CONTEXT(2) 
PARAMETRIC_REPRESENTATION_CONTEXT() REPRESENTATION_CONTEXT('2D SPACE',''
  ) );
#7203 = PCURVE('',#95,#7204);
#7204 = DEFINITIONAL_REPRESENTATION('',(#7205),#7208);
#7205 = B_SPLINE_CURVE_WITH_KNOTS('',1,(#7206,#7207),.UNSPECIFIED.,.F.,
  .F.,(2,2),(6.437093743801E-19,3.788380556718E-06),
  .PIECEWISE_BEZIER_KNOTS.);
#7206 = CARTESIAN_POINT('',(1.570796326795,0.200315904411));
#7207 = CARTESIAN_POINT('',(1.202195505316,0.199359945353));
#7208 = ( GEOMETRIC_REPRESENTATION_CONTEXT(2) 
PARAMETRIC_REPRESENTATION_CONTEXT() REPRESENTATION_CONTEXT('2D SPACE',''
  ) );
#7209 = ORIENTED_EDGE('',*,*,#2803,.F.);
#7210 = ORIENTED_EDGE('',*,*,#3199,.T.);
#7211 = ORIENTED_EDGE('',*,*,#1452,.F.);
#7212 = ORIENTED_EDGE('',*,*,#3045,.F.);
#7213 = ORIENTED_EDGE('',*,*,#1747,.F.);
#7214 = ORIENTED_EDGE('',*,*,#1323,.F.);
#7215 = ORIENTED_EDGE('',*,*,#1795,.F.);
#7216 = ORIENTED_EDGE('',*,*,#2657,.F.);
#7217 = ADVANCED_FACE('',(#7218),#2544,.T.);
#7218 = FACE_BOUND('',#7219,.T.);
#7219 = EDGE_LOOP('',(#7220,#7242,#7243));
#7220 = ORIENTED_EDGE('',*,*,#7221,.T.);
#7221 = EDGE_CURVE('',#2501,#7038,#7222,.T.);
#7222 = SURFACE_CURVE('',#7223,(#7228,#7235),.PCURVE_S1.);
#7223 = CIRCLE('',#7224,1.5);
#7224 = AXIS2_PLACEMENT_3D('',#7225,#7226,#7227);
#7225 = CARTESIAN_POINT('',(-2.,0.39,2.862609056754E-03));
#7226 = DIRECTION('',(-0.,1.,-1.036602379928E-14));
#7227 = DIRECTION('',(0.,1.036602379928E-14,1.));
#7228 = PCURVE('',#2544,#7229);
#7229 = DEFINITIONAL_REPRESENTATION('',(#7230),#7234);
#7230 = LINE('',#7231,#7232);
#7231 = CARTESIAN_POINT('',(0.,6.576754094751E-14));
#7232 = VECTOR('',#7233,1.);
#7233 = DIRECTION('',(1.,-5.036581479551E-14));
#7234 = ( GEOMETRIC_REPRESENTATION_CONTEXT(2) 
PARAMETRIC_REPRESENTATION_CONTEXT() REPRESENTATION_CONTEXT('2D SPACE',''
  ) );
#7235 = PCURVE('',#2516,#7236);
#7236 = DEFINITIONAL_REPRESENTATION('',(#7237),#7241);
#7237 = CIRCLE('',#7238,1.5);
#7238 = AXIS2_PLACEMENT_2D('',#7239,#7240);
#7239 = CARTESIAN_POINT('',(0.,0.));
#7240 = DIRECTION('',(1.,0.));
#7241 = ( GEOMETRIC_REPRESENTATION_CONTEXT(2) 
PARAMETRIC_REPRESENTATION_CONTEXT() REPRESENTATION_CONTEXT('2D SPACE',''
  ) );
#7242 = ORIENTED_EDGE('',*,*,#7037,.F.);
#7243 = ORIENTED_EDGE('',*,*,#2528,.F.);
#7244 = ADVANCED_FACE('',(#7245),#2516,.T.);
#7245 = FACE_BOUND('',#7246,.T.);
#7246 = EDGE_LOOP('',(#7247,#7248,#7249));
#7247 = ORIENTED_EDGE('',*,*,#7059,.F.);
#7248 = ORIENTED_EDGE('',*,*,#7221,.F.);
#7249 = ORIENTED_EDGE('',*,*,#2500,.F.);
#7250 = ADVANCED_FACE('',(#7251),#2193,.T.);
#7251 = FACE_BOUND('',#7252,.T.);
#7252 = EDGE_LOOP('',(#7253,#7275,#7276));
#7253 = ORIENTED_EDGE('',*,*,#7254,.T.);
#7254 = EDGE_CURVE('',#2150,#6841,#7255,.T.);
#7255 = SURFACE_CURVE('',#7256,(#7261,#7268),.PCURVE_S1.);
#7256 = CIRCLE('',#7257,1.5);
#7257 = AXIS2_PLACEMENT_3D('',#7258,#7259,#7260);
#7258 = CARTESIAN_POINT('',(-2.,-2.862609056759E-03,0.39));
#7259 = DIRECTION('',(0.,-1.084202172486E-16,1.));
#7260 = DIRECTION('',(0.,-1.,-1.084202172486E-16));
#7261 = PCURVE('',#2193,#7262);
#7262 = DEFINITIONAL_REPRESENTATION('',(#7263),#7267);
#7263 = LINE('',#7264,#7265);
#7264 = CARTESIAN_POINT('',(0.,0.));
#7265 = VECTOR('',#7266,1.);
#7266 = DIRECTION('',(1.,0.));
#7267 = ( GEOMETRIC_REPRESENTATION_CONTEXT(2) 
PARAMETRIC_REPRESENTATION_CONTEXT() REPRESENTATION_CONTEXT('2D SPACE',''
  ) );
#7268 = PCURVE('',#2165,#7269);
#7269 = DEFINITIONAL_REPRESENTATION('',(#7270),#7274);
#7270 = CIRCLE('',#7271,1.5);
#7271 = AXIS2_PLACEMENT_2D('',#7272,#7273);
#7272 = CARTESIAN_POINT('',(0.,0.));
#7273 = DIRECTION('',(1.,0.));
#7274 = ( GEOMETRIC_REPRESENTATION_CONTEXT(2) 
PARAMETRIC_REPRESENTATION_CONTEXT() REPRESENTATION_CONTEXT('2D SPACE',''
  ) );
#7275 = ORIENTED_EDGE('',*,*,#6840,.F.);
#7276 = ORIENTED_EDGE('',*,*,#2177,.F.);
#7277 = ADVANCED_FACE('',(#7278),#2165,.T.);
#7278 = FACE_BOUND('',#7279,.T.);
#7279 = EDGE_LOOP('',(#7280,#7281,#7282));
#7280 = ORIENTED_EDGE('',*,*,#6862,.F.);
#7281 = ORIENTED_EDGE('',*,*,#7254,.F.);
#7282 = ORIENTED_EDGE('',*,*,#2149,.F.);
#7283 = ADVANCED_FACE('',(#7284),#95,.T.);
#7284 = FACE_BOUND('',#7285,.T.);
#7285 = EDGE_LOOP('',(#7286,#7287,#7288,#7289,#7290,#7291));
#7286 = ORIENTED_EDGE('',*,*,#79,.F.);
#7287 = ORIENTED_EDGE('',*,*,#6086,.F.);
#7288 = ORIENTED_EDGE('',*,*,#3752,.F.);
#7289 = ORIENTED_EDGE('',*,*,#201,.F.);
#7290 = ORIENTED_EDGE('',*,*,#2825,.F.);
#7291 = ORIENTED_EDGE('',*,*,#7164,.F.);
#7292 = ADVANCED_FACE('',(#7293),#434,.T.);
#7293 = FACE_BOUND('',#7294,.T.);
#7294 = EDGE_LOOP('',(#7295,#7296,#7297,#7298,#7299,#7300));
#7295 = ORIENTED_EDGE('',*,*,#418,.F.);
#7296 = ORIENTED_EDGE('',*,*,#5795,.F.);
#7297 = ORIENTED_EDGE('',*,*,#5998,.F.);
#7298 = ORIENTED_EDGE('',*,*,#622,.F.);
#7299 = ORIENTED_EDGE('',*,*,#6891,.F.);
#7300 = ORIENTED_EDGE('',*,*,#6770,.F.);
#7301 = ADVANCED_FACE('',(#7302),#271,.T.);
#7302 = FACE_BOUND('',#7303,.T.);
#7303 = EDGE_LOOP('',(#7304,#7305,#7306,#7307,#7308,#7309));
#7304 = ORIENTED_EDGE('',*,*,#257,.F.);
#7305 = ORIENTED_EDGE('',*,*,#3705,.F.);
#7306 = ORIENTED_EDGE('',*,*,#5842,.F.);
#7307 = ORIENTED_EDGE('',*,*,#475,.F.);
#7308 = ORIENTED_EDGE('',*,*,#6694,.F.);
#7309 = ORIENTED_EDGE('',*,*,#2901,.F.);
#7310 = ADVANCED_FACE('',(#7311),#150,.T.);
#7311 = FACE_BOUND('',#7312,.T.);
#7312 = EDGE_LOOP('',(#7313,#7314,#7315,#7316,#7317,#7318));
#7313 = ORIENTED_EDGE('',*,*,#673,.F.);
#7314 = ORIENTED_EDGE('',*,*,#5951,.F.);
#7315 = ORIENTED_EDGE('',*,*,#6133,.F.);
#7316 = ORIENTED_EDGE('',*,*,#136,.F.);
#7317 = ORIENTED_EDGE('',*,*,#7088,.F.);
#7318 = ORIENTED_EDGE('',*,*,#6967,.F.);
#7319 = ( GEOMETRIC_REPRESENTATION_CONTEXT(3) 
GLOBAL_UNCERTAINTY_ASSIGNED_CONTEXT((#7323)) 
GLOBAL_UNIT_ASSIGNED_CONTEXT((#7320,#7321,#7322)) REPRESENTATION_CONTEXT
('Context #1','3D Context with UNIT and UNCERTAINTY') );
#7320 = ( LENGTH_UNIT() NAMED_UNIT(*) SI_UNIT(.MILLI.,.METRE.) );
#7321 = ( NAMED_UNIT(*) PLANE_ANGLE_UNIT() SI_UNIT($,.RADIAN.) );
#7322 = ( NAMED_UNIT(*) SI_UNIT($,.STERADIAN.) SOLID_ANGLE_UNIT() );
#7323 = UNCERTAINTY_MEASURE_WITH_UNIT(LENGTH_MEASURE(2.E-06),#7320,
  'distance_accuracy_value','confusion accuracy');
#7324 = CONTEXT_DEPENDENT_SHAPE_REPRESENTATION(#7325,#7327);
#7325 = ( REPRESENTATION_RELATIONSHIP('','',#32,#10) 
REPRESENTATION_RELATIONSHIP_WITH_TRANSFORMATION(#7326) 
SHAPE_REPRESENTATION_RELATIONSHIP() );
#7326 = ITEM_DEFINED_TRANSFORMATION('','',#11,#15);
#7327 = PRODUCT_DEFINITION_SHAPE('Placement','Placement of an item',
  #7328);
#7328 = NEXT_ASSEMBLY_USAGE_OCCURRENCE('1','=>[0:1:1:1]','',#5,#27,$);
#7329 = PRODUCT_RELATED_PRODUCT_CATEGORY('part',$,(#29));
#7330 = MECHANICAL_DESIGN_GEOMETRIC_PRESENTATION_REPRESENTATION('',(
    #7331,#7339,#7347,#7354,#7361,#7368,#7375,#7382,#7389,#7396,#7404,
    #7411,#7418,#7425,#7432,#7439,#7446,#7453,#7460,#7467,#7474,#7481,
    #7488,#7495,#7502,#7509,#7516,#7523,#7530,#7537,#7544,#7551,#7558,
    #7565,#7572,#7579,#7586,#7593,#7600,#7607,#7614,#7621,#7628,#7635,
    #7642,#7649,#7656,#7663,#7670,#7677,#7684,#7691,#7698,#7705,#7712,
    #7719,#7726,#7733,#7740,#7747,#7754,#7761,#7768,#7775,#7782,#7789,
    #7796,#7803,#7810,#7817,#7824,#7831,#7838,#7845,#7852),#7319);
#7331 = STYLED_ITEM('color',(#7332),#33);
#7332 = PRESENTATION_STYLE_ASSIGNMENT((#7333));
#7333 = SURFACE_STYLE_USAGE(.BOTH.,#7334);
#7334 = SURFACE_SIDE_STYLE('',(#7335));
#7335 = SURFACE_STYLE_FILL_AREA(#7336);
#7336 = FILL_AREA_STYLE('',(#7337));
#7337 = FILL_AREA_STYLE_COLOUR('',#7338);
#7338 = DRAUGHTING_PRE_DEFINED_COLOUR('white');
#7339 = OVER_RIDING_STYLED_ITEM('overriding color',(#7340),#35,#7331);
#7340 = PRESENTATION_STYLE_ASSIGNMENT((#7341));
#7341 = SURFACE_STYLE_USAGE(.BOTH.,#7342);
#7342 = SURFACE_SIDE_STYLE('',(#7343));
#7343 = SURFACE_STYLE_FILL_AREA(#7344);
#7344 = FILL_AREA_STYLE('',(#7345));
#7345 = FILL_AREA_STYLE_COLOUR('',#7346);
#7346 = COLOUR_RGB('',0.592156864646,0.462745104622,0.);
#7347 = OVER_RIDING_STYLED_ITEM('overriding color',(#7348),#161,#7331);
#7348 = PRESENTATION_STYLE_ASSIGNMENT((#7349));
#7349 = SURFACE_STYLE_USAGE(.BOTH.,#7350);
#7350 = SURFACE_SIDE_STYLE('',(#7351));
#7351 = SURFACE_STYLE_FILL_AREA(#7352);
#7352 = FILL_AREA_STYLE('',(#7353));
#7353 = FILL_AREA_STYLE_COLOUR('',#7346);
#7354 = OVER_RIDING_STYLED_ITEM('overriding color',(#7355),#282,#7331);
#7355 = PRESENTATION_STYLE_ASSIGNMENT((#7356));
#7356 = SURFACE_STYLE_USAGE(.BOTH.,#7357);
#7357 = SURFACE_SIDE_STYLE('',(#7358));
#7358 = SURFACE_STYLE_FILL_AREA(#7359);
#7359 = FILL_AREA_STYLE('',(#7360));
#7360 = FILL_AREA_STYLE_COLOUR('',#7346);
#7361 = OVER_RIDING_STYLED_ITEM('overriding color',(#7362),#379,#7331);
#7362 = PRESENTATION_STYLE_ASSIGNMENT((#7363));
#7363 = SURFACE_STYLE_USAGE(.BOTH.,#7364);
#7364 = SURFACE_SIDE_STYLE('',(#7365));
#7365 = SURFACE_STYLE_FILL_AREA(#7366);
#7366 = FILL_AREA_STYLE('',(#7367));
#7367 = FILL_AREA_STYLE_COLOUR('',#7346);
#7368 = OVER_RIDING_STYLED_ITEM('overriding color',(#7369),#495,#7331);
#7369 = PRESENTATION_STYLE_ASSIGNMENT((#7370));
#7370 = SURFACE_STYLE_USAGE(.BOTH.,#7371);
#7371 = SURFACE_SIDE_STYLE('',(#7372));
#7372 = SURFACE_STYLE_FILL_AREA(#7373);
#7373 = FILL_AREA_STYLE('',(#7374));
#7374 = FILL_AREA_STYLE_COLOUR('',#7346);
#7375 = OVER_RIDING_STYLED_ITEM('overriding color',(#7376),#582,#7331);
#7376 = PRESENTATION_STYLE_ASSIGNMENT((#7377));
#7377 = SURFACE_STYLE_USAGE(.BOTH.,#7378);
#7378 = SURFACE_SIDE_STYLE('',(#7379));
#7379 = SURFACE_STYLE_FILL_AREA(#7380);
#7380 = FILL_AREA_STYLE('',(#7381));
#7381 = FILL_AREA_STYLE_COLOUR('',#7346);
#7382 = OVER_RIDING_STYLED_ITEM('overriding color',(#7383),#693,#7331);
#7383 = PRESENTATION_STYLE_ASSIGNMENT((#7384));
#7384 = SURFACE_STYLE_USAGE(.BOTH.,#7385);
#7385 = SURFACE_SIDE_STYLE('',(#7386));
#7386 = SURFACE_STYLE_FILL_AREA(#7387);
#7387 = FILL_AREA_STYLE('',(#7388));
#7388 = FILL_AREA_STYLE_COLOUR('',#7346);
#7389 = OVER_RIDING_STYLED_ITEM('overriding color',(#7390),#780,#7331);
#7390 = PRESENTATION_STYLE_ASSIGNMENT((#7391));
#7391 = SURFACE_STYLE_USAGE(.BOTH.,#7392);
#7392 = SURFACE_SIDE_STYLE('',(#7393));
#7393 = SURFACE_STYLE_FILL_AREA(#7394);
#7394 = FILL_AREA_STYLE('',(#7395));
#7395 = FILL_AREA_STYLE_COLOUR('',#7346);
#7396 = OVER_RIDING_STYLED_ITEM('overriding color',(#7397),#867,#7331);
#7397 = PRESENTATION_STYLE_ASSIGNMENT((#7398));
#7398 = SURFACE_STYLE_USAGE(.BOTH.,#7399);
#7399 = SURFACE_SIDE_STYLE('',(#7400));
#7400 = SURFACE_STYLE_FILL_AREA(#7401);
#7401 = FILL_AREA_STYLE('',(#7402));
#7402 = FILL_AREA_STYLE_COLOUR('',#7403);
#7403 = COLOUR_RGB('',0.854901964685,0.854901964685,0.854901964685);
#7404 = OVER_RIDING_STYLED_ITEM('overriding color',(#7405),#1284,#7331);
#7405 = PRESENTATION_STYLE_ASSIGNMENT((#7406));
#7406 = SURFACE_STYLE_USAGE(.BOTH.,#7407);
#7407 = SURFACE_SIDE_STYLE('',(#7408));
#7408 = SURFACE_STYLE_FILL_AREA(#7409);
#7409 = FILL_AREA_STYLE('',(#7410));
#7410 = FILL_AREA_STYLE_COLOUR('',#7403);
#7411 = OVER_RIDING_STYLED_ITEM('overriding color',(#7412),#1693,#7331);
#7412 = PRESENTATION_STYLE_ASSIGNMENT((#7413));
#7413 = SURFACE_STYLE_USAGE(.BOTH.,#7414);
#7414 = SURFACE_SIDE_STYLE('',(#7415));
#7415 = SURFACE_STYLE_FILL_AREA(#7416);
#7416 = FILL_AREA_STYLE('',(#7417));
#7417 = FILL_AREA_STYLE_COLOUR('',#7346);
#7418 = OVER_RIDING_STYLED_ITEM('overriding color',(#7419),#1742,#7331);
#7419 = PRESENTATION_STYLE_ASSIGNMENT((#7420));
#7420 = SURFACE_STYLE_USAGE(.BOTH.,#7421);
#7421 = SURFACE_SIDE_STYLE('',(#7422));
#7422 = SURFACE_STYLE_FILL_AREA(#7423);
#7423 = FILL_AREA_STYLE('',(#7424));
#7424 = FILL_AREA_STYLE_COLOUR('',#7346);
#7425 = OVER_RIDING_STYLED_ITEM('overriding color',(#7426),#1791,#7331);
#7426 = PRESENTATION_STYLE_ASSIGNMENT((#7427));
#7427 = SURFACE_STYLE_USAGE(.BOTH.,#7428);
#7428 = SURFACE_SIDE_STYLE('',(#7429));
#7429 = SURFACE_STYLE_FILL_AREA(#7430);
#7430 = FILL_AREA_STYLE('',(#7431));
#7431 = FILL_AREA_STYLE_COLOUR('',#7403);
#7432 = OVER_RIDING_STYLED_ITEM('overriding color',(#7433),#1877,#7331);
#7433 = PRESENTATION_STYLE_ASSIGNMENT((#7434));
#7434 = SURFACE_STYLE_USAGE(.BOTH.,#7435);
#7435 = SURFACE_SIDE_STYLE('',(#7436));
#7436 = SURFACE_STYLE_FILL_AREA(#7437);
#7437 = FILL_AREA_STYLE('',(#7438));
#7438 = FILL_AREA_STYLE_COLOUR('',#7403);
#7439 = OVER_RIDING_STYLED_ITEM('overriding color',(#7440),#1992,#7331);
#7440 = PRESENTATION_STYLE_ASSIGNMENT((#7441));
#7441 = SURFACE_STYLE_USAGE(.BOTH.,#7442);
#7442 = SURFACE_SIDE_STYLE('',(#7443));
#7443 = SURFACE_STYLE_FILL_AREA(#7444);
#7444 = FILL_AREA_STYLE('',(#7445));
#7445 = FILL_AREA_STYLE_COLOUR('',#7403);
#7446 = OVER_RIDING_STYLED_ITEM('overriding color',(#7447),#2073,#7331);
#7447 = PRESENTATION_STYLE_ASSIGNMENT((#7448));
#7448 = SURFACE_STYLE_USAGE(.BOTH.,#7449);
#7449 = SURFACE_SIDE_STYLE('',(#7450));
#7450 = SURFACE_STYLE_FILL_AREA(#7451);
#7451 = FILL_AREA_STYLE('',(#7452));
#7452 = FILL_AREA_STYLE_COLOUR('',#7403);
#7453 = OVER_RIDING_STYLED_ITEM('overriding color',(#7454),#2424,#7331);
#7454 = PRESENTATION_STYLE_ASSIGNMENT((#7455));
#7455 = SURFACE_STYLE_USAGE(.BOTH.,#7456);
#7456 = SURFACE_SIDE_STYLE('',(#7457));
#7457 = SURFACE_STYLE_FILL_AREA(#7458);
#7458 = FILL_AREA_STYLE('',(#7459));
#7459 = FILL_AREA_STYLE_COLOUR('',#7403);
#7460 = OVER_RIDING_STYLED_ITEM('overriding color',(#7461),#2775,#7331);
#7461 = PRESENTATION_STYLE_ASSIGNMENT((#7462));
#7462 = SURFACE_STYLE_USAGE(.BOTH.,#7463);
#7463 = SURFACE_SIDE_STYLE('',(#7464));
#7464 = SURFACE_STYLE_FILL_AREA(#7465);
#7465 = FILL_AREA_STYLE('',(#7466));
#7466 = FILL_AREA_STYLE_COLOUR('',#7403);
#7467 = OVER_RIDING_STYLED_ITEM('overriding color',(#7468),#3040,#7331);
#7468 = PRESENTATION_STYLE_ASSIGNMENT((#7469));
#7469 = SURFACE_STYLE_USAGE(.BOTH.,#7470);
#7470 = SURFACE_SIDE_STYLE('',(#7471));
#7471 = SURFACE_STYLE_FILL_AREA(#7472);
#7472 = FILL_AREA_STYLE('',(#7473));
#7473 = FILL_AREA_STYLE_COLOUR('',#7403);
#7474 = OVER_RIDING_STYLED_ITEM('overriding color',(#7475),#3065,#7331);
#7475 = PRESENTATION_STYLE_ASSIGNMENT((#7476));
#7476 = SURFACE_STYLE_USAGE(.BOTH.,#7477);
#7477 = SURFACE_SIDE_STYLE('',(#7478));
#7478 = SURFACE_STYLE_FILL_AREA(#7479);
#7479 = FILL_AREA_STYLE('',(#7480));
#7480 = FILL_AREA_STYLE_COLOUR('',#7403);
#7481 = OVER_RIDING_STYLED_ITEM('overriding color',(#7482),#3097,#7331);
#7482 = PRESENTATION_STYLE_ASSIGNMENT((#7483));
#7483 = SURFACE_STYLE_USAGE(.BOTH.,#7484);
#7484 = SURFACE_SIDE_STYLE('',(#7485));
#7485 = SURFACE_STYLE_FILL_AREA(#7486);
#7486 = FILL_AREA_STYLE('',(#7487));
#7487 = FILL_AREA_STYLE_COLOUR('',#7346);
#7488 = OVER_RIDING_STYLED_ITEM('overriding color',(#7489),#3146,#7331);
#7489 = PRESENTATION_STYLE_ASSIGNMENT((#7490));
#7490 = SURFACE_STYLE_USAGE(.BOTH.,#7491);
#7491 = SURFACE_SIDE_STYLE('',(#7492));
#7492 = SURFACE_STYLE_FILL_AREA(#7493);
#7493 = FILL_AREA_STYLE('',(#7494));
#7494 = FILL_AREA_STYLE_COLOUR('',#7346);
#7495 = OVER_RIDING_STYLED_ITEM('overriding color',(#7496),#3195,#7331);
#7496 = PRESENTATION_STYLE_ASSIGNMENT((#7497));
#7497 = SURFACE_STYLE_USAGE(.BOTH.,#7498);
#7498 = SURFACE_SIDE_STYLE('',(#7499));
#7499 = SURFACE_STYLE_FILL_AREA(#7500);
#7500 = FILL_AREA_STYLE('',(#7501));
#7501 = FILL_AREA_STYLE_COLOUR('',#7346);
#7502 = OVER_RIDING_STYLED_ITEM('overriding color',(#7503),#3222,#7331);
#7503 = PRESENTATION_STYLE_ASSIGNMENT((#7504));
#7504 = SURFACE_STYLE_USAGE(.BOTH.,#7505);
#7505 = SURFACE_SIDE_STYLE('',(#7506));
#7506 = SURFACE_STYLE_FILL_AREA(#7507);
#7507 = FILL_AREA_STYLE('',(#7508));
#7508 = FILL_AREA_STYLE_COLOUR('',#7403);
#7509 = OVER_RIDING_STYLED_ITEM('overriding color',(#7510),#3332,#7331);
#7510 = PRESENTATION_STYLE_ASSIGNMENT((#7511));
#7511 = SURFACE_STYLE_USAGE(.BOTH.,#7512);
#7512 = SURFACE_SIDE_STYLE('',(#7513));
#7513 = SURFACE_STYLE_FILL_AREA(#7514);
#7514 = FILL_AREA_STYLE('',(#7515));
#7515 = FILL_AREA_STYLE_COLOUR('',#7403);
#7516 = OVER_RIDING_STYLED_ITEM('overriding color',(#7517),#3442,#7331);
#7517 = PRESENTATION_STYLE_ASSIGNMENT((#7518));
#7518 = SURFACE_STYLE_USAGE(.BOTH.,#7519);
#7519 = SURFACE_SIDE_STYLE('',(#7520));
#7520 = SURFACE_STYLE_FILL_AREA(#7521);
#7521 = FILL_AREA_STYLE('',(#7522));
#7522 = FILL_AREA_STYLE_COLOUR('',#7403);
#7523 = OVER_RIDING_STYLED_ITEM('overriding color',(#7524),#3552,#7331);
#7524 = PRESENTATION_STYLE_ASSIGNMENT((#7525));
#7525 = SURFACE_STYLE_USAGE(.BOTH.,#7526);
#7526 = SURFACE_SIDE_STYLE('',(#7527));
#7527 = SURFACE_STYLE_FILL_AREA(#7528);
#7528 = FILL_AREA_STYLE('',(#7529));
#7529 = FILL_AREA_STYLE_COLOUR('',#7403);
#7530 = OVER_RIDING_STYLED_ITEM('overriding color',(#7531),#4022,#7331);
#7531 = PRESENTATION_STYLE_ASSIGNMENT((#7532));
#7532 = SURFACE_STYLE_USAGE(.BOTH.,#7533);
#7533 = SURFACE_SIDE_STYLE('',(#7534));
#7534 = SURFACE_STYLE_FILL_AREA(#7535);
#7535 = FILL_AREA_STYLE('',(#7536));
#7536 = FILL_AREA_STYLE_COLOUR('',#7403);
#7537 = OVER_RIDING_STYLED_ITEM('overriding color',(#7538),#4098,#7331);
#7538 = PRESENTATION_STYLE_ASSIGNMENT((#7539));
#7539 = SURFACE_STYLE_USAGE(.BOTH.,#7540);
#7540 = SURFACE_SIDE_STYLE('',(#7541));
#7541 = SURFACE_STYLE_FILL_AREA(#7542);
#7542 = FILL_AREA_STYLE('',(#7543));
#7543 = FILL_AREA_STYLE_COLOUR('',#7403);
#7544 = OVER_RIDING_STYLED_ITEM('overriding color',(#7545),#4198,#7331);
#7545 = PRESENTATION_STYLE_ASSIGNMENT((#7546));
#7546 = SURFACE_STYLE_USAGE(.BOTH.,#7547);
#7547 = SURFACE_SIDE_STYLE('',(#7548));
#7548 = SURFACE_STYLE_FILL_AREA(#7549);
#7549 = FILL_AREA_STYLE('',(#7550));
#7550 = FILL_AREA_STYLE_COLOUR('',#7346);
#7551 = OVER_RIDING_STYLED_ITEM('overriding color',(#7552),#4285,#7331);
#7552 = PRESENTATION_STYLE_ASSIGNMENT((#7553));
#7553 = SURFACE_STYLE_USAGE(.BOTH.,#7554);
#7554 = SURFACE_SIDE_STYLE('',(#7555));
#7555 = SURFACE_STYLE_FILL_AREA(#7556);
#7556 = FILL_AREA_STYLE('',(#7557));
#7557 = FILL_AREA_STYLE_COLOUR('',#7403);
#7558 = OVER_RIDING_STYLED_ITEM('overriding color',(#7559),#4607,#7331);
#7559 = PRESENTATION_STYLE_ASSIGNMENT((#7560));
#7560 = SURFACE_STYLE_USAGE(.BOTH.,#7561);
#7561 = SURFACE_SIDE_STYLE('',(#7562));
#7562 = SURFACE_STYLE_FILL_AREA(#7563);
#7563 = FILL_AREA_STYLE('',(#7564));
#7564 = FILL_AREA_STYLE_COLOUR('',#7403);
#7565 = OVER_RIDING_STYLED_ITEM('overriding color',(#7566),#4661,#7331);
#7566 = PRESENTATION_STYLE_ASSIGNMENT((#7567));
#7567 = SURFACE_STYLE_USAGE(.BOTH.,#7568);
#7568 = SURFACE_SIDE_STYLE('',(#7569));
#7569 = SURFACE_STYLE_FILL_AREA(#7570);
#7570 = FILL_AREA_STYLE('',(#7571));
#7571 = FILL_AREA_STYLE_COLOUR('',#7403);
#7572 = OVER_RIDING_STYLED_ITEM('overriding color',(#7573),#4876,#7331);
#7573 = PRESENTATION_STYLE_ASSIGNMENT((#7574));
#7574 = SURFACE_STYLE_USAGE(.BOTH.,#7575);
#7575 = SURFACE_SIDE_STYLE('',(#7576));
#7576 = SURFACE_STYLE_FILL_AREA(#7577);
#7577 = FILL_AREA_STYLE('',(#7578));
#7578 = FILL_AREA_STYLE_COLOUR('',#7403);
#7579 = OVER_RIDING_STYLED_ITEM('overriding color',(#7580),#4925,#7331);
#7580 = PRESENTATION_STYLE_ASSIGNMENT((#7581));
#7581 = SURFACE_STYLE_USAGE(.BOTH.,#7582);
#7582 = SURFACE_SIDE_STYLE('',(#7583));
#7583 = SURFACE_STYLE_FILL_AREA(#7584);
#7584 = FILL_AREA_STYLE('',(#7585));
#7585 = FILL_AREA_STYLE_COLOUR('',#7403);
#7586 = OVER_RIDING_STYLED_ITEM('overriding color',(#7587),#4952,#7331);
#7587 = PRESENTATION_STYLE_ASSIGNMENT((#7588));
#7588 = SURFACE_STYLE_USAGE(.BOTH.,#7589);
#7589 = SURFACE_SIDE_STYLE('',(#7590));
#7590 = SURFACE_STYLE_FILL_AREA(#7591);
#7591 = FILL_AREA_STYLE('',(#7592));
#7592 = FILL_AREA_STYLE_COLOUR('',#7403);
#7593 = OVER_RIDING_STYLED_ITEM('overriding color',(#7594),#5274,#7331);
#7594 = PRESENTATION_STYLE_ASSIGNMENT((#7595));
#7595 = SURFACE_STYLE_USAGE(.BOTH.,#7596);
#7596 = SURFACE_SIDE_STYLE('',(#7597));
#7597 = SURFACE_STYLE_FILL_AREA(#7598);
#7598 = FILL_AREA_STYLE('',(#7599));
#7599 = FILL_AREA_STYLE_COLOUR('',#7403);
#7600 = OVER_RIDING_STYLED_ITEM('overriding color',(#7601),#5324,#7331);
#7601 = PRESENTATION_STYLE_ASSIGNMENT((#7602));
#7602 = SURFACE_STYLE_USAGE(.BOTH.,#7603);
#7603 = SURFACE_SIDE_STYLE('',(#7604));
#7604 = SURFACE_STYLE_FILL_AREA(#7605);
#7605 = FILL_AREA_STYLE('',(#7606));
#7606 = FILL_AREA_STYLE_COLOUR('',#7403);
#7607 = OVER_RIDING_STYLED_ITEM('overriding color',(#7608),#5357,#7331);
#7608 = PRESENTATION_STYLE_ASSIGNMENT((#7609));
#7609 = SURFACE_STYLE_USAGE(.BOTH.,#7610);
#7610 = SURFACE_SIDE_STYLE('',(#7611));
#7611 = SURFACE_STYLE_FILL_AREA(#7612);
#7612 = FILL_AREA_STYLE('',(#7613));
#7613 = FILL_AREA_STYLE_COLOUR('',#7403);
#7614 = OVER_RIDING_STYLED_ITEM('overriding color',(#7615),#5521,#7331);
#7615 = PRESENTATION_STYLE_ASSIGNMENT((#7616));
#7616 = SURFACE_STYLE_USAGE(.BOTH.,#7617);
#7617 = SURFACE_SIDE_STYLE('',(#7618));
#7618 = SURFACE_STYLE_FILL_AREA(#7619);
#7619 = FILL_AREA_STYLE('',(#7620));
#7620 = FILL_AREA_STYLE_COLOUR('',#7403);
#7621 = OVER_RIDING_STYLED_ITEM('overriding color',(#7622),#5548,#7331);
#7622 = PRESENTATION_STYLE_ASSIGNMENT((#7623));
#7623 = SURFACE_STYLE_USAGE(.BOTH.,#7624);
#7624 = SURFACE_SIDE_STYLE('',(#7625));
#7625 = SURFACE_STYLE_FILL_AREA(#7626);
#7626 = FILL_AREA_STYLE('',(#7627));
#7627 = FILL_AREA_STYLE_COLOUR('',#7403);
#7628 = OVER_RIDING_STYLED_ITEM('overriding color',(#7629),#5575,#7331);
#7629 = PRESENTATION_STYLE_ASSIGNMENT((#7630));
#7630 = SURFACE_STYLE_USAGE(.BOTH.,#7631);
#7631 = SURFACE_SIDE_STYLE('',(#7632));
#7632 = SURFACE_STYLE_FILL_AREA(#7633);
#7633 = FILL_AREA_STYLE('',(#7634));
#7634 = FILL_AREA_STYLE_COLOUR('',#7403);
#7635 = OVER_RIDING_STYLED_ITEM('overriding color',(#7636),#5582,#7331);
#7636 = PRESENTATION_STYLE_ASSIGNMENT((#7637));
#7637 = SURFACE_STYLE_USAGE(.BOTH.,#7638);
#7638 = SURFACE_SIDE_STYLE('',(#7639));
#7639 = SURFACE_STYLE_FILL_AREA(#7640);
#7640 = FILL_AREA_STYLE('',(#7641));
#7641 = FILL_AREA_STYLE_COLOUR('',#7403);
#7642 = OVER_RIDING_STYLED_ITEM('overriding color',(#7643),#5607,#7331);
#7643 = PRESENTATION_STYLE_ASSIGNMENT((#7644));
#7644 = SURFACE_STYLE_USAGE(.BOTH.,#7645);
#7645 = SURFACE_SIDE_STYLE('',(#7646));
#7646 = SURFACE_STYLE_FILL_AREA(#7647);
#7647 = FILL_AREA_STYLE('',(#7648));
#7648 = FILL_AREA_STYLE_COLOUR('',#7403);
#7649 = OVER_RIDING_STYLED_ITEM('overriding color',(#7650),#5659,#7331);
#7650 = PRESENTATION_STYLE_ASSIGNMENT((#7651));
#7651 = SURFACE_STYLE_USAGE(.BOTH.,#7652);
#7652 = SURFACE_SIDE_STYLE('',(#7653));
#7653 = SURFACE_STYLE_FILL_AREA(#7654);
#7654 = FILL_AREA_STYLE('',(#7655));
#7655 = FILL_AREA_STYLE_COLOUR('',#7403);
#7656 = OVER_RIDING_STYLED_ITEM('overriding color',(#7657),#5685,#7331);
#7657 = PRESENTATION_STYLE_ASSIGNMENT((#7658));
#7658 = SURFACE_STYLE_USAGE(.BOTH.,#7659);
#7659 = SURFACE_SIDE_STYLE('',(#7660));
#7660 = SURFACE_STYLE_FILL_AREA(#7661);
#7661 = FILL_AREA_STYLE('',(#7662));
#7662 = FILL_AREA_STYLE_COLOUR('',#7403);
#7663 = OVER_RIDING_STYLED_ITEM('overriding color',(#7664),#5738,#7331);
#7664 = PRESENTATION_STYLE_ASSIGNMENT((#7665));
#7665 = SURFACE_STYLE_USAGE(.BOTH.,#7666);
#7666 = SURFACE_SIDE_STYLE('',(#7667));
#7667 = SURFACE_STYLE_FILL_AREA(#7668);
#7668 = FILL_AREA_STYLE('',(#7669));
#7669 = FILL_AREA_STYLE_COLOUR('',#7403);
#7670 = OVER_RIDING_STYLED_ITEM('overriding color',(#7671),#5763,#7331);
#7671 = PRESENTATION_STYLE_ASSIGNMENT((#7672));
#7672 = SURFACE_STYLE_USAGE(.BOTH.,#7673);
#7673 = SURFACE_SIDE_STYLE('',(#7674));
#7674 = SURFACE_STYLE_FILL_AREA(#7675);
#7675 = FILL_AREA_STYLE('',(#7676));
#7676 = FILL_AREA_STYLE_COLOUR('',#7403);
#7677 = OVER_RIDING_STYLED_ITEM('overriding color',(#7678),#5919,#7331);
#7678 = PRESENTATION_STYLE_ASSIGNMENT((#7679));
#7679 = SURFACE_STYLE_USAGE(.BOTH.,#7680);
#7680 = SURFACE_SIDE_STYLE('',(#7681));
#7681 = SURFACE_STYLE_FILL_AREA(#7682);
#7682 = FILL_AREA_STYLE('',(#7683));
#7683 = FILL_AREA_STYLE_COLOUR('',#7403);
#7684 = OVER_RIDING_STYLED_ITEM('overriding color',(#7685),#6075,#7331);
#7685 = PRESENTATION_STYLE_ASSIGNMENT((#7686));
#7686 = SURFACE_STYLE_USAGE(.BOTH.,#7687);
#7687 = SURFACE_SIDE_STYLE('',(#7688));
#7688 = SURFACE_STYLE_FILL_AREA(#7689);
#7689 = FILL_AREA_STYLE('',(#7690));
#7690 = FILL_AREA_STYLE_COLOUR('',#7403);
#7691 = OVER_RIDING_STYLED_ITEM('overriding color',(#7692),#6210,#7331);
#7692 = PRESENTATION_STYLE_ASSIGNMENT((#7693));
#7693 = SURFACE_STYLE_USAGE(.BOTH.,#7694);
#7694 = SURFACE_SIDE_STYLE('',(#7695));
#7695 = SURFACE_STYLE_FILL_AREA(#7696);
#7696 = FILL_AREA_STYLE('',(#7697));
#7697 = FILL_AREA_STYLE_COLOUR('',#7403);
#7698 = OVER_RIDING_STYLED_ITEM('overriding color',(#7699),#6241,#7331);
#7699 = PRESENTATION_STYLE_ASSIGNMENT((#7700));
#7700 = SURFACE_STYLE_USAGE(.BOTH.,#7701);
#7701 = SURFACE_SIDE_STYLE('',(#7702));
#7702 = SURFACE_STYLE_FILL_AREA(#7703);
#7703 = FILL_AREA_STYLE('',(#7704));
#7704 = FILL_AREA_STYLE_COLOUR('',#7403);
#7705 = OVER_RIDING_STYLED_ITEM('overriding color',(#7706),#6247,#7331);
#7706 = PRESENTATION_STYLE_ASSIGNMENT((#7707));
#7707 = SURFACE_STYLE_USAGE(.BOTH.,#7708);
#7708 = SURFACE_SIDE_STYLE('',(#7709));
#7709 = SURFACE_STYLE_FILL_AREA(#7710);
#7710 = FILL_AREA_STYLE('',(#7711));
#7711 = FILL_AREA_STYLE_COLOUR('',#7403);
#7712 = OVER_RIDING_STYLED_ITEM('overriding color',(#7713),#6347,#7331);
#7713 = PRESENTATION_STYLE_ASSIGNMENT((#7714));
#7714 = SURFACE_STYLE_USAGE(.BOTH.,#7715);
#7715 = SURFACE_SIDE_STYLE('',(#7716));
#7716 = SURFACE_STYLE_FILL_AREA(#7717);
#7717 = FILL_AREA_STYLE('',(#7718));
#7718 = FILL_AREA_STYLE_COLOUR('',#7403);
#7719 = OVER_RIDING_STYLED_ITEM('overriding color',(#7720),#6440,#7331);
#7720 = PRESENTATION_STYLE_ASSIGNMENT((#7721));
#7721 = SURFACE_STYLE_USAGE(.BOTH.,#7722);
#7722 = SURFACE_SIDE_STYLE('',(#7723));
#7723 = SURFACE_STYLE_FILL_AREA(#7724);
#7724 = FILL_AREA_STYLE('',(#7725));
#7725 = FILL_AREA_STYLE_COLOUR('',#7403);
#7726 = OVER_RIDING_STYLED_ITEM('overriding color',(#7727),#6467,#7331);
#7727 = PRESENTATION_STYLE_ASSIGNMENT((#7728));
#7728 = SURFACE_STYLE_USAGE(.BOTH.,#7729);
#7729 = SURFACE_SIDE_STYLE('',(#7730));
#7730 = SURFACE_STYLE_FILL_AREA(#7731);
#7731 = FILL_AREA_STYLE('',(#7732));
#7732 = FILL_AREA_STYLE_COLOUR('',#7403);
#7733 = OVER_RIDING_STYLED_ITEM('overriding color',(#7734),#6494,#7331);
#7734 = PRESENTATION_STYLE_ASSIGNMENT((#7735));
#7735 = SURFACE_STYLE_USAGE(.BOTH.,#7736);
#7736 = SURFACE_SIDE_STYLE('',(#7737));
#7737 = SURFACE_STYLE_FILL_AREA(#7738);
#7738 = FILL_AREA_STYLE('',(#7739));
#7739 = FILL_AREA_STYLE_COLOUR('',#7403);
#7740 = OVER_RIDING_STYLED_ITEM('overriding color',(#7741),#6522,#7331);
#7741 = PRESENTATION_STYLE_ASSIGNMENT((#7742));
#7742 = SURFACE_STYLE_USAGE(.BOTH.,#7743);
#7743 = SURFACE_SIDE_STYLE('',(#7744));
#7744 = SURFACE_STYLE_FILL_AREA(#7745);
#7745 = FILL_AREA_STYLE('',(#7746));
#7746 = FILL_AREA_STYLE_COLOUR('',#7403);
#7747 = OVER_RIDING_STYLED_ITEM('overriding color',(#7748),#6550,#7331);
#7748 = PRESENTATION_STYLE_ASSIGNMENT((#7749));
#7749 = SURFACE_STYLE_USAGE(.BOTH.,#7750);
#7750 = SURFACE_SIDE_STYLE('',(#7751));
#7751 = SURFACE_STYLE_FILL_AREA(#7752);
#7752 = FILL_AREA_STYLE('',(#7753));
#7753 = FILL_AREA_STYLE_COLOUR('',#7403);
#7754 = OVER_RIDING_STYLED_ITEM('overriding color',(#7755),#6599,#7331);
#7755 = PRESENTATION_STYLE_ASSIGNMENT((#7756));
#7756 = SURFACE_STYLE_USAGE(.BOTH.,#7757);
#7757 = SURFACE_SIDE_STYLE('',(#7758));
#7758 = SURFACE_STYLE_FILL_AREA(#7759);
#7759 = FILL_AREA_STYLE('',(#7760));
#7760 = FILL_AREA_STYLE_COLOUR('',#7403);
#7761 = OVER_RIDING_STYLED_ITEM('overriding color',(#7762),#6648,#7331);
#7762 = PRESENTATION_STYLE_ASSIGNMENT((#7763));
#7763 = SURFACE_STYLE_USAGE(.BOTH.,#7764);
#7764 = SURFACE_SIDE_STYLE('',(#7765));
#7765 = SURFACE_STYLE_FILL_AREA(#7766);
#7766 = FILL_AREA_STYLE('',(#7767));
#7767 = FILL_AREA_STYLE_COLOUR('',#7403);
#7768 = OVER_RIDING_STYLED_ITEM('overriding color',(#7769),#6655,#7331);
#7769 = PRESENTATION_STYLE_ASSIGNMENT((#7770));
#7770 = SURFACE_STYLE_USAGE(.BOTH.,#7771);
#7771 = SURFACE_SIDE_STYLE('',(#7772));
#7772 = SURFACE_STYLE_FILL_AREA(#7773);
#7773 = FILL_AREA_STYLE('',(#7774));
#7774 = FILL_AREA_STYLE_COLOUR('',#7403);
#7775 = OVER_RIDING_STYLED_ITEM('overriding color',(#7776),#6682,#7331);
#7776 = PRESENTATION_STYLE_ASSIGNMENT((#7777));
#7777 = SURFACE_STYLE_USAGE(.BOTH.,#7778);
#7778 = SURFACE_SIDE_STYLE('',(#7779));
#7779 = SURFACE_STYLE_FILL_AREA(#7780);
#7780 = FILL_AREA_STYLE('',(#7781));
#7781 = FILL_AREA_STYLE_COLOUR('',#7403);
#7782 = OVER_RIDING_STYLED_ITEM('overriding color',(#7783),#6688,#7331);
#7783 = PRESENTATION_STYLE_ASSIGNMENT((#7784));
#7784 = SURFACE_STYLE_USAGE(.BOTH.,#7785);
#7785 = SURFACE_SIDE_STYLE('',(#7786));
#7786 = SURFACE_STYLE_FILL_AREA(#7787);
#7787 = FILL_AREA_STYLE('',(#7788));
#7788 = FILL_AREA_STYLE_COLOUR('',#7403);
#7789 = OVER_RIDING_STYLED_ITEM('overriding color',(#7790),#6885,#7331);
#7790 = PRESENTATION_STYLE_ASSIGNMENT((#7791));
#7791 = SURFACE_STYLE_USAGE(.BOTH.,#7792);
#7792 = SURFACE_SIDE_STYLE('',(#7793));
#7793 = SURFACE_STYLE_FILL_AREA(#7794);
#7794 = FILL_AREA_STYLE('',(#7795));
#7795 = FILL_AREA_STYLE_COLOUR('',#7403);
#7796 = OVER_RIDING_STYLED_ITEM('overriding color',(#7797),#7082,#7331);
#7797 = PRESENTATION_STYLE_ASSIGNMENT((#7798));
#7798 = SURFACE_STYLE_USAGE(.BOTH.,#7799);
#7799 = SURFACE_SIDE_STYLE('',(#7800));
#7800 = SURFACE_STYLE_FILL_AREA(#7801);
#7801 = FILL_AREA_STYLE('',(#7802));
#7802 = FILL_AREA_STYLE_COLOUR('',#7403);
#7803 = OVER_RIDING_STYLED_ITEM('overriding color',(#7804),#7217,#7331);
#7804 = PRESENTATION_STYLE_ASSIGNMENT((#7805));
#7805 = SURFACE_STYLE_USAGE(.BOTH.,#7806);
#7806 = SURFACE_SIDE_STYLE('',(#7807));
#7807 = SURFACE_STYLE_FILL_AREA(#7808);
#7808 = FILL_AREA_STYLE('',(#7809));
#7809 = FILL_AREA_STYLE_COLOUR('',#7403);
#7810 = OVER_RIDING_STYLED_ITEM('overriding color',(#7811),#7244,#7331);
#7811 = PRESENTATION_STYLE_ASSIGNMENT((#7812));
#7812 = SURFACE_STYLE_USAGE(.BOTH.,#7813);
#7813 = SURFACE_SIDE_STYLE('',(#7814));
#7814 = SURFACE_STYLE_FILL_AREA(#7815);
#7815 = FILL_AREA_STYLE('',(#7816));
#7816 = FILL_AREA_STYLE_COLOUR('',#7403);
#7817 = OVER_RIDING_STYLED_ITEM('overriding color',(#7818),#7250,#7331);
#7818 = PRESENTATION_STYLE_ASSIGNMENT((#7819));
#7819 = SURFACE_STYLE_USAGE(.BOTH.,#7820);
#7820 = SURFACE_SIDE_STYLE('',(#7821));
#7821 = SURFACE_STYLE_FILL_AREA(#7822);
#7822 = FILL_AREA_STYLE('',(#7823));
#7823 = FILL_AREA_STYLE_COLOUR('',#7403);
#7824 = OVER_RIDING_STYLED_ITEM('overriding color',(#7825),#7277,#7331);
#7825 = PRESENTATION_STYLE_ASSIGNMENT((#7826));
#7826 = SURFACE_STYLE_USAGE(.BOTH.,#7827);
#7827 = SURFACE_SIDE_STYLE('',(#7828));
#7828 = SURFACE_STYLE_FILL_AREA(#7829);
#7829 = FILL_AREA_STYLE('',(#7830));
#7830 = FILL_AREA_STYLE_COLOUR('',#7403);
#7831 = OVER_RIDING_STYLED_ITEM('overriding color',(#7832),#7283,#7331);
#7832 = PRESENTATION_STYLE_ASSIGNMENT((#7833));
#7833 = SURFACE_STYLE_USAGE(.BOTH.,#7834);
#7834 = SURFACE_SIDE_STYLE('',(#7835));
#7835 = SURFACE_STYLE_FILL_AREA(#7836);
#7836 = FILL_AREA_STYLE('',(#7837));
#7837 = FILL_AREA_STYLE_COLOUR('',#7346);
#7838 = OVER_RIDING_STYLED_ITEM('overriding color',(#7839),#7292,#7331);
#7839 = PRESENTATION_STYLE_ASSIGNMENT((#7840));
#7840 = SURFACE_STYLE_USAGE(.BOTH.,#7841);
#7841 = SURFACE_SIDE_STYLE('',(#7842));
#7842 = SURFACE_STYLE_FILL_AREA(#7843);
#7843 = FILL_AREA_STYLE('',(#7844));
#7844 = FILL_AREA_STYLE_COLOUR('',#7346);
#7845 = OVER_RIDING_STYLED_ITEM('overriding color',(#7846),#7301,#7331);
#7846 = PRESENTATION_STYLE_ASSIGNMENT((#7847));
#7847 = SURFACE_STYLE_USAGE(.BOTH.,#7848);
#7848 = SURFACE_SIDE_STYLE('',(#7849));
#7849 = SURFACE_STYLE_FILL_AREA(#7850);
#7850 = FILL_AREA_STYLE('',(#7851));
#7851 = FILL_AREA_STYLE_COLOUR('',#7346);
#7852 = OVER_RIDING_STYLED_ITEM('overriding color',(#7853),#7310,#7331);
#7853 = PRESENTATION_STYLE_ASSIGNMENT((#7854));
#7854 = SURFACE_STYLE_USAGE(.BOTH.,#7855);
#7855 = SURFACE_SIDE_STYLE('',(#7856));
#7856 = SURFACE_STYLE_FILL_AREA(#7857);
#7857 = FILL_AREA_STYLE('',(#7858));
#7858 = FILL_AREA_STYLE_COLOUR('',#7346);
ENDSEC;
END-ISO-10303-21;
