ISO-10303-21;
HEADER;
FILE_DESCRIPTION(('Open CASCADE Model'),'2;1');
FILE_NAME('Open CASCADE Shape Model','2026-07-14T13:43:30',('Author'),(
    'Open CASCADE'),'Open CASCADE STEP processor 7.9','Open CASCADE 7.9'
  ,'Unknown');
FILE_SCHEMA(('AUTOMOTIVE_DESIGN { 1 0 10303 214 1 1 1 1 }'));
ENDSEC;
DATA;
#1 = APPLICATION_PROTOCOL_DEFINITION('international standard',
  'automotive_design',2000,#2);
#2 = APPLICATION_CONTEXT(
  'core data for automotive mechanical design processes');
#3 = SHAPE_DEFINITION_REPRESENTATION(#4,#10);
#4 = PRODUCT_DEFINITION_SHAPE('','',#5);
#5 = PRODUCT_DEFINITION('design','',#6,#9);
#6 = PRODUCT_DEFINITION_FORMATION('','',#7);
#7 = PRODUCT('Open CASCADE STEP translator 7.9 1',
  'Open CASCADE STEP translator 7.9 1','',(#8));
#8 = PRODUCT_CONTEXT('',#2,'mechanical');
#9 = PRODUCT_DEFINITION_CONTEXT('part definition',#2,'design');
#10 = SHAPE_REPRESENTATION('',(#11,#15),#19);
#11 = AXIS2_PLACEMENT_3D('',#12,#13,#14);
#12 = CARTESIAN_POINT('',(0.,0.,0.));
#13 = DIRECTION('',(0.,0.,1.));
#14 = DIRECTION('',(1.,0.,-0.));
#15 = AXIS2_PLACEMENT_3D('',#16,#17,#18);
#16 = CARTESIAN_POINT('',(0.,-4.440892098501E-16,1.E-07));
#17 = DIRECTION('',(0.,0.,1.));
#18 = DIRECTION('',(1.,0.,0.));
#19 = ( GEOMETRIC_REPRESENTATION_CONTEXT(3) 
GLOBAL_UNCERTAINTY_ASSIGNED_CONTEXT((#23)) GLOBAL_UNIT_ASSIGNED_CONTEXT(
(#20,#21,#22)) REPRESENTATION_CONTEXT('Context #1',
  '3D Context with UNIT and UNCERTAINTY') );
#20 = ( LENGTH_UNIT() NAMED_UNIT(*) SI_UNIT(.MILLI.,.METRE.) );
#21 = ( NAMED_UNIT(*) PLANE_ANGLE_UNIT() SI_UNIT($,.RADIAN.) );
#22 = ( NAMED_UNIT(*) SI_UNIT($,.STERADIAN.) SOLID_ANGLE_UNIT() );
#23 = UNCERTAINTY_MEASURE_WITH_UNIT(LENGTH_MEASURE(1.E-07),#20,
  'distance_accuracy_value','confusion accuracy');
#24 = PRODUCT_RELATED_PRODUCT_CATEGORY('part',$,(#7));
#25 = SHAPE_DEFINITION_REPRESENTATION(#26,#32);
#26 = PRODUCT_DEFINITION_SHAPE('','',#27);
#27 = PRODUCT_DEFINITION('design','',#28,#31);
#28 = PRODUCT_DEFINITION_FORMATION('','',#29);
#29 = PRODUCT('WSON-6_L2.0-W2.0-H0.8-P0.65',
  'WSON-6_L2.0-W2.0-H0.8-P0.65','',(#30));
#30 = PRODUCT_CONTEXT('',#2,'mechanical');
#31 = PRODUCT_DEFINITION_CONTEXT('part definition',#2,'design');
#32 = ADVANCED_BREP_SHAPE_REPRESENTATION('',(#11,#33),#12723);
#33 = MANIFOLD_SOLID_BREP('',#34);
#34 = CLOSED_SHELL('',(#35,#161,#282,#403,#524,#672,#1531,#1821,#5279,
    #5545,#5552,#5559,#5587,#5592,#5666,#5721,#5801,#5849,#5912,#5991,
    #6070,#6149,#6228,#6271,#6662,#6766,#6845,#6924,#6983,#7059,#7108,
    #7156,#7208,#7256,#7320,#7369,#7418,#7467,#7516,#7564,#7628,#7676,
    #7740,#7789,#7816,#7835,#7939,#8018,#8097,#8156,#8541,#8645,#8724,
    #8803,#8862,#8936,#8999,#9078,#9157,#9236,#9315,#9379,#9427,#9490,
    #9569,#9648,#9727,#9806,#9849,#9866,#9942,#9991,#10040,#10088,#10144
    ,#10192,#10248,#10297,#10346,#10395,#10444,#10492,#10543,#10599,
    #10648,#10697,#10745,#10800,#10856,#10883,#10906,#10913,#10920,
    #10996,#11074,#11147,#11174,#11202,#11209,#11285,#11363,#11436,
    #11463,#11491,#11498,#11574,#11652,#11725,#11752,#11780,#11787,
    #11863,#11934,#11985,#12017,#12046,#12054,#12130,#12201,#12252,
    #12284,#12313,#12321,#12397,#12468,#12519,#12551,#12580,#12588,
    #12635,#12662,#12689,#12716));
#35 = ADVANCED_FACE('',(#36),#51,.T.);
#36 = FACE_BOUND('',#37,.T.);
#37 = EDGE_LOOP('',(#38,#74,#102,#135));
#38 = ORIENTED_EDGE('',*,*,#39,.T.);
#39 = EDGE_CURVE('',#40,#42,#44,.T.);
#40 = VERTEX_POINT('',#41);
#41 = CARTESIAN_POINT('',(0.76,-0.75,1.E-02));
#42 = VERTEX_POINT('',#43);
#43 = CARTESIAN_POINT('',(0.66,-0.65,1.E-02));
#44 = SURFACE_CURVE('',#45,(#50,#62),.PCURVE_S1.);
#45 = CIRCLE('',#46,0.1);
#46 = AXIS2_PLACEMENT_3D('',#47,#48,#49);
#47 = CARTESIAN_POINT('',(0.76,-0.65,1.E-02));
#48 = DIRECTION('',(0.,0.,-1.));
#49 = DIRECTION('',(-1.,0.,0.));
#50 = PCURVE('',#51,#56);
#51 = CYLINDRICAL_SURFACE('',#52,0.1);
#52 = AXIS2_PLACEMENT_3D('',#53,#54,#55);
#53 = CARTESIAN_POINT('',(0.76,-0.65,0.2));
#54 = DIRECTION('',(-0.,-0.,-1.));
#55 = DIRECTION('',(-1.,0.,0.));
#56 = DEFINITIONAL_REPRESENTATION('',(#57),#61);
#57 = LINE('',#58,#59);
#58 = CARTESIAN_POINT('',(0.,0.19));
#59 = VECTOR('',#60,1.);
#60 = DIRECTION('',(1.,0.));
#61 = ( GEOMETRIC_REPRESENTATION_CONTEXT(2) 
PARAMETRIC_REPRESENTATION_CONTEXT() REPRESENTATION_CONTEXT('2D SPACE',''
  ) );
#62 = PCURVE('',#63,#68);
#63 = PLANE('',#64);
#64 = AXIS2_PLACEMENT_3D('',#65,#66,#67);
#65 = CARTESIAN_POINT('',(0.,0.,1.E-02));
#66 = DIRECTION('',(0.,0.,-1.));
#67 = DIRECTION('',(-1.,0.,-0.));
#68 = DEFINITIONAL_REPRESENTATION('',(#69),#73);
#69 = CIRCLE('',#70,0.1);
#70 = AXIS2_PLACEMENT_2D('',#71,#72);
#71 = CARTESIAN_POINT('',(-0.76,-0.65));
#72 = DIRECTION('',(1.,0.));
#73 = ( GEOMETRIC_REPRESENTATION_CONTEXT(2) 
PARAMETRIC_REPRESENTATION_CONTEXT() REPRESENTATION_CONTEXT('2D SPACE',''
  ) );
#74 = ORIENTED_EDGE('',*,*,#75,.T.);
#75 = EDGE_CURVE('',#42,#76,#78,.T.);
#76 = VERTEX_POINT('',#77);
#77 = CARTESIAN_POINT('',(0.66,-0.65,0.));
#78 = SURFACE_CURVE('',#79,(#83,#90),.PCURVE_S1.);
#79 = LINE('',#80,#81);
#80 = CARTESIAN_POINT('',(0.66,-0.65,0.2));
#81 = VECTOR('',#82,1.);
#82 = DIRECTION('',(-0.,-0.,-1.));
#83 = PCURVE('',#51,#84);
#84 = DEFINITIONAL_REPRESENTATION('',(#85),#89);
#85 = LINE('',#86,#87);
#86 = CARTESIAN_POINT('',(6.28318530718,0.));
#87 = VECTOR('',#88,1.);
#88 = DIRECTION('',(0.,1.));
#89 = ( GEOMETRIC_REPRESENTATION_CONTEXT(2) 
PARAMETRIC_REPRESENTATION_CONTEXT() REPRESENTATION_CONTEXT('2D SPACE',''
  ) );
#90 = PCURVE('',#91,#96);
#91 = CYLINDRICAL_SURFACE('',#92,0.1);
#92 = AXIS2_PLACEMENT_3D('',#93,#94,#95);
#93 = CARTESIAN_POINT('',(0.76,-0.65,0.2));
#94 = DIRECTION('',(-0.,-0.,-1.));
#95 = DIRECTION('',(-1.,0.,0.));
#96 = DEFINITIONAL_REPRESENTATION('',(#97),#101);
#97 = LINE('',#98,#99);
#98 = CARTESIAN_POINT('',(0.,0.));
#99 = VECTOR('',#100,1.);
#100 = DIRECTION('',(0.,1.));
#101 = ( GEOMETRIC_REPRESENTATION_CONTEXT(2) 
PARAMETRIC_REPRESENTATION_CONTEXT() REPRESENTATION_CONTEXT('2D SPACE',''
  ) );
#102 = ORIENTED_EDGE('',*,*,#103,.F.);
#103 = EDGE_CURVE('',#104,#76,#106,.T.);
#104 = VERTEX_POINT('',#105);
#105 = CARTESIAN_POINT('',(0.76,-0.75,0.));
#106 = SURFACE_CURVE('',#107,(#112,#119),.PCURVE_S1.);
#107 = CIRCLE('',#108,0.1);
#108 = AXIS2_PLACEMENT_3D('',#109,#110,#111);
#109 = CARTESIAN_POINT('',(0.76,-0.65,0.));
#110 = DIRECTION('',(-0.,0.,-1.));
#111 = DIRECTION('',(-1.,0.,0.));
#112 = PCURVE('',#51,#113);
#113 = DEFINITIONAL_REPRESENTATION('',(#114),#118);
#114 = LINE('',#115,#116);
#115 = CARTESIAN_POINT('',(0.,0.2));
#116 = VECTOR('',#117,1.);
#117 = DIRECTION('',(1.,0.));
#118 = ( GEOMETRIC_REPRESENTATION_CONTEXT(2) 
PARAMETRIC_REPRESENTATION_CONTEXT() REPRESENTATION_CONTEXT('2D SPACE',''
  ) );
#119 = PCURVE('',#120,#125);
#120 = PLANE('',#121);
#121 = AXIS2_PLACEMENT_3D('',#122,#123,#124);
#122 = CARTESIAN_POINT('',(0.76,-0.65,0.));
#123 = DIRECTION('',(0.,0.,1.));
#124 = DIRECTION('',(-1.,0.,0.));
#125 = DEFINITIONAL_REPRESENTATION('',(#126),#134);
#126 = ( BOUNDED_CURVE() B_SPLINE_CURVE(2,(#127,#128,#129,#130,#131,#132
,#133),.UNSPECIFIED.,.T.,.F.) B_SPLINE_CURVE_WITH_KNOTS((1,2,2,2,2,1),(
    -2.094395102393,0.,2.094395102393,4.188790204786,6.28318530718,
8.377580409573),.UNSPECIFIED.) CURVE() GEOMETRIC_REPRESENTATION_ITEM() 
RATIONAL_B_SPLINE_CURVE((1.,0.5,1.,0.5,1.,0.5,1.)) REPRESENTATION_ITEM(
  '') );
#127 = CARTESIAN_POINT('',(0.1,0.));
#128 = CARTESIAN_POINT('',(0.1,-0.173205080757));
#129 = CARTESIAN_POINT('',(-5.E-02,-8.660254037844E-02));
#130 = CARTESIAN_POINT('',(-0.2,-2.449293598295E-17));
#131 = CARTESIAN_POINT('',(-5.E-02,8.660254037844E-02));
#132 = CARTESIAN_POINT('',(1.E-01,0.173205080757));
#133 = CARTESIAN_POINT('',(0.1,0.));
#134 = ( GEOMETRIC_REPRESENTATION_CONTEXT(2) 
PARAMETRIC_REPRESENTATION_CONTEXT() REPRESENTATION_CONTEXT('2D SPACE',''
  ) );
#135 = ORIENTED_EDGE('',*,*,#136,.F.);
#136 = EDGE_CURVE('',#40,#104,#137,.T.);
#137 = SURFACE_CURVE('',#138,(#142,#149),.PCURVE_S1.);
#138 = LINE('',#139,#140);
#139 = CARTESIAN_POINT('',(0.76,-0.75,0.2));
#140 = VECTOR('',#141,1.);
#141 = DIRECTION('',(-0.,-0.,-1.));
#142 = PCURVE('',#51,#143);
#143 = DEFINITIONAL_REPRESENTATION('',(#144),#148);
#144 = LINE('',#145,#146);
#145 = CARTESIAN_POINT('',(4.712388980385,0.));
#146 = VECTOR('',#147,1.);
#147 = DIRECTION('',(0.,1.));
#148 = ( GEOMETRIC_REPRESENTATION_CONTEXT(2) 
PARAMETRIC_REPRESENTATION_CONTEXT() REPRESENTATION_CONTEXT('2D SPACE',''
  ) );
#149 = PCURVE('',#150,#155);
#150 = PLANE('',#151);
#151 = AXIS2_PLACEMENT_3D('',#152,#153,#154);
#152 = CARTESIAN_POINT('',(1.01,-0.75,0.2));
#153 = DIRECTION('',(0.,-1.,0.));
#154 = DIRECTION('',(0.,-0.,-1.));
#155 = DEFINITIONAL_REPRESENTATION('',(#156),#160);
#156 = LINE('',#157,#158);
#157 = CARTESIAN_POINT('',(-0.,-0.25));
#158 = VECTOR('',#159,1.);
#159 = DIRECTION('',(1.,0.));
#160 = ( GEOMETRIC_REPRESENTATION_CONTEXT(2) 
PARAMETRIC_REPRESENTATION_CONTEXT() REPRESENTATION_CONTEXT('2D SPACE',''
  ) );
#161 = ADVANCED_FACE('',(#162),#177,.T.);
#162 = FACE_BOUND('',#163,.T.);
#163 = EDGE_LOOP('',(#164,#195,#223,#256));
#164 = ORIENTED_EDGE('',*,*,#165,.T.);
#165 = EDGE_CURVE('',#166,#168,#170,.T.);
#166 = VERTEX_POINT('',#167);
#167 = CARTESIAN_POINT('',(0.76,-1.E-01,1.E-02));
#168 = VERTEX_POINT('',#169);
#169 = CARTESIAN_POINT('',(0.66,4.336808689942E-16,1.E-02));
#170 = SURFACE_CURVE('',#171,(#176,#188),.PCURVE_S1.);
#171 = CIRCLE('',#172,0.1);
#172 = AXIS2_PLACEMENT_3D('',#173,#174,#175);
#173 = CARTESIAN_POINT('',(0.76,4.336808689942E-16,1.E-02));
#174 = DIRECTION('',(0.,0.,-1.));
#175 = DIRECTION('',(-1.,0.,0.));
#176 = PCURVE('',#177,#182);
#177 = CYLINDRICAL_SURFACE('',#178,0.1);
#178 = AXIS2_PLACEMENT_3D('',#179,#180,#181);
#179 = CARTESIAN_POINT('',(0.76,4.336808689942E-16,0.2));
#180 = DIRECTION('',(-0.,-0.,-1.));
#181 = DIRECTION('',(-1.,0.,0.));
#182 = DEFINITIONAL_REPRESENTATION('',(#183),#187);
#183 = LINE('',#184,#185);
#184 = CARTESIAN_POINT('',(0.,0.19));
#185 = VECTOR('',#186,1.);
#186 = DIRECTION('',(1.,0.));
#187 = ( GEOMETRIC_REPRESENTATION_CONTEXT(2) 
PARAMETRIC_REPRESENTATION_CONTEXT() REPRESENTATION_CONTEXT('2D SPACE',''
  ) );
#188 = PCURVE('',#63,#189);
#189 = DEFINITIONAL_REPRESENTATION('',(#190),#194);
#190 = CIRCLE('',#191,0.1);
#191 = AXIS2_PLACEMENT_2D('',#192,#193);
#192 = CARTESIAN_POINT('',(-0.76,4.336808689942E-16));
#193 = DIRECTION('',(1.,0.));
#194 = ( GEOMETRIC_REPRESENTATION_CONTEXT(2) 
PARAMETRIC_REPRESENTATION_CONTEXT() REPRESENTATION_CONTEXT('2D SPACE',''
  ) );
#195 = ORIENTED_EDGE('',*,*,#196,.T.);
#196 = EDGE_CURVE('',#168,#197,#199,.T.);
#197 = VERTEX_POINT('',#198);
#198 = CARTESIAN_POINT('',(0.66,4.336808689942E-16,0.));
#199 = SURFACE_CURVE('',#200,(#204,#211),.PCURVE_S1.);
#200 = LINE('',#201,#202);
#201 = CARTESIAN_POINT('',(0.66,4.336808689942E-16,0.2));
#202 = VECTOR('',#203,1.);
#203 = DIRECTION('',(-0.,-0.,-1.));
#204 = PCURVE('',#177,#205);
#205 = DEFINITIONAL_REPRESENTATION('',(#206),#210);
#206 = LINE('',#207,#208);
#207 = CARTESIAN_POINT('',(6.28318530718,0.));
#208 = VECTOR('',#209,1.);
#209 = DIRECTION('',(0.,1.));
#210 = ( GEOMETRIC_REPRESENTATION_CONTEXT(2) 
PARAMETRIC_REPRESENTATION_CONTEXT() REPRESENTATION_CONTEXT('2D SPACE',''
  ) );
#211 = PCURVE('',#212,#217);
#212 = CYLINDRICAL_SURFACE('',#213,0.1);
#213 = AXIS2_PLACEMENT_3D('',#214,#215,#216);
#214 = CARTESIAN_POINT('',(0.76,4.336808689942E-16,0.2));
#215 = DIRECTION('',(-0.,-0.,-1.));
#216 = DIRECTION('',(-1.,0.,0.));
#217 = DEFINITIONAL_REPRESENTATION('',(#218),#222);
#218 = LINE('',#219,#220);
#219 = CARTESIAN_POINT('',(0.,0.));
#220 = VECTOR('',#221,1.);
#221 = DIRECTION('',(0.,1.));
#222 = ( GEOMETRIC_REPRESENTATION_CONTEXT(2) 
PARAMETRIC_REPRESENTATION_CONTEXT() REPRESENTATION_CONTEXT('2D SPACE',''
  ) );
#223 = ORIENTED_EDGE('',*,*,#224,.F.);
#224 = EDGE_CURVE('',#225,#197,#227,.T.);
#225 = VERTEX_POINT('',#226);
#226 = CARTESIAN_POINT('',(0.76,-1.E-01,0.));
#227 = SURFACE_CURVE('',#228,(#233,#240),.PCURVE_S1.);
#228 = CIRCLE('',#229,0.1);
#229 = AXIS2_PLACEMENT_3D('',#230,#231,#232);
#230 = CARTESIAN_POINT('',(0.76,4.336808689942E-16,0.));
#231 = DIRECTION('',(-0.,0.,-1.));
#232 = DIRECTION('',(-1.,0.,0.));
#233 = PCURVE('',#177,#234);
#234 = DEFINITIONAL_REPRESENTATION('',(#235),#239);
#235 = LINE('',#236,#237);
#236 = CARTESIAN_POINT('',(0.,0.2));
#237 = VECTOR('',#238,1.);
#238 = DIRECTION('',(1.,0.));
#239 = ( GEOMETRIC_REPRESENTATION_CONTEXT(2) 
PARAMETRIC_REPRESENTATION_CONTEXT() REPRESENTATION_CONTEXT('2D SPACE',''
  ) );
#240 = PCURVE('',#241,#246);
#241 = PLANE('',#242);
#242 = AXIS2_PLACEMENT_3D('',#243,#244,#245);
#243 = CARTESIAN_POINT('',(0.76,4.336808689942E-16,0.));
#244 = DIRECTION('',(0.,0.,1.));
#245 = DIRECTION('',(-1.,0.,0.));
#246 = DEFINITIONAL_REPRESENTATION('',(#247),#255);
#247 = ( BOUNDED_CURVE() B_SPLINE_CURVE(2,(#248,#249,#250,#251,#252,#253
,#254),.UNSPECIFIED.,.T.,.F.) B_SPLINE_CURVE_WITH_KNOTS((1,2,2,2,2,1),(
    -2.094395102393,0.,2.094395102393,4.188790204786,6.28318530718,
8.377580409573),.UNSPECIFIED.) CURVE() GEOMETRIC_REPRESENTATION_ITEM() 
RATIONAL_B_SPLINE_CURVE((1.,0.5,1.,0.5,1.,0.5,1.)) REPRESENTATION_ITEM(
  '') );
#248 = CARTESIAN_POINT('',(0.1,0.));
#249 = CARTESIAN_POINT('',(0.1,-0.173205080757));
#250 = CARTESIAN_POINT('',(-5.E-02,-8.660254037844E-02));
#251 = CARTESIAN_POINT('',(-0.2,-2.449293598295E-17));
#252 = CARTESIAN_POINT('',(-5.E-02,8.660254037844E-02));
#253 = CARTESIAN_POINT('',(1.E-01,0.173205080757));
#254 = CARTESIAN_POINT('',(0.1,0.));
#255 = ( GEOMETRIC_REPRESENTATION_CONTEXT(2) 
PARAMETRIC_REPRESENTATION_CONTEXT() REPRESENTATION_CONTEXT('2D SPACE',''
  ) );
#256 = ORIENTED_EDGE('',*,*,#257,.F.);
#257 = EDGE_CURVE('',#166,#225,#258,.T.);
#258 = SURFACE_CURVE('',#259,(#263,#270),.PCURVE_S1.);
#259 = LINE('',#260,#261);
#260 = CARTESIAN_POINT('',(0.76,-1.E-01,0.2));
#261 = VECTOR('',#262,1.);
#262 = DIRECTION('',(-0.,-0.,-1.));
#263 = PCURVE('',#177,#264);
#264 = DEFINITIONAL_REPRESENTATION('',(#265),#269);
#265 = LINE('',#266,#267);
#266 = CARTESIAN_POINT('',(4.712388980385,0.));
#267 = VECTOR('',#268,1.);
#268 = DIRECTION('',(0.,1.));
#269 = ( GEOMETRIC_REPRESENTATION_CONTEXT(2) 
PARAMETRIC_REPRESENTATION_CONTEXT() REPRESENTATION_CONTEXT('2D SPACE',''
  ) );
#270 = PCURVE('',#271,#276);
#271 = PLANE('',#272);
#272 = AXIS2_PLACEMENT_3D('',#273,#274,#275);
#273 = CARTESIAN_POINT('',(1.01,-1.E-01,0.2));
#274 = DIRECTION('',(0.,-1.,0.));
#275 = DIRECTION('',(0.,-0.,-1.));
#276 = DEFINITIONAL_REPRESENTATION('',(#277),#281);
#277 = LINE('',#278,#279);
#278 = CARTESIAN_POINT('',(-0.,-0.25));
#279 = VECTOR('',#280,1.);
#280 = DIRECTION('',(1.,0.));
#281 = ( GEOMETRIC_REPRESENTATION_CONTEXT(2) 
PARAMETRIC_REPRESENTATION_CONTEXT() REPRESENTATION_CONTEXT('2D SPACE',''
  ) );
#282 = ADVANCED_FACE('',(#283),#298,.T.);
#283 = FACE_BOUND('',#284,.T.);
#284 = EDGE_LOOP('',(#285,#316,#344,#377));
#285 = ORIENTED_EDGE('',*,*,#286,.T.);
#286 = EDGE_CURVE('',#287,#289,#291,.T.);
#287 = VERTEX_POINT('',#288);
#288 = CARTESIAN_POINT('',(0.76,0.55,1.E-02));
#289 = VERTEX_POINT('',#290);
#290 = CARTESIAN_POINT('',(0.66,0.65,1.E-02));
#291 = SURFACE_CURVE('',#292,(#297,#309),.PCURVE_S1.);
#292 = CIRCLE('',#293,0.1);
#293 = AXIS2_PLACEMENT_3D('',#294,#295,#296);
#294 = CARTESIAN_POINT('',(0.76,0.65,1.E-02));
#295 = DIRECTION('',(0.,0.,-1.));
#296 = DIRECTION('',(-1.,0.,0.));
#297 = PCURVE('',#298,#303);
#298 = CYLINDRICAL_SURFACE('',#299,0.1);
#299 = AXIS2_PLACEMENT_3D('',#300,#301,#302);
#300 = CARTESIAN_POINT('',(0.76,0.65,0.2));
#301 = DIRECTION('',(-0.,-0.,-1.));
#302 = DIRECTION('',(-1.,0.,0.));
#303 = DEFINITIONAL_REPRESENTATION('',(#304),#308);
#304 = LINE('',#305,#306);
#305 = CARTESIAN_POINT('',(0.,0.19));
#306 = VECTOR('',#307,1.);
#307 = DIRECTION('',(1.,0.));
#308 = ( GEOMETRIC_REPRESENTATION_CONTEXT(2) 
PARAMETRIC_REPRESENTATION_CONTEXT() REPRESENTATION_CONTEXT('2D SPACE',''
  ) );
#309 = PCURVE('',#63,#310);
#310 = DEFINITIONAL_REPRESENTATION('',(#311),#315);
#311 = CIRCLE('',#312,0.1);
#312 = AXIS2_PLACEMENT_2D('',#313,#314);
#313 = CARTESIAN_POINT('',(-0.76,0.65));
#314 = DIRECTION('',(1.,0.));
#315 = ( GEOMETRIC_REPRESENTATION_CONTEXT(2) 
PARAMETRIC_REPRESENTATION_CONTEXT() REPRESENTATION_CONTEXT('2D SPACE',''
  ) );
#316 = ORIENTED_EDGE('',*,*,#317,.T.);
#317 = EDGE_CURVE('',#289,#318,#320,.T.);
#318 = VERTEX_POINT('',#319);
#319 = CARTESIAN_POINT('',(0.66,0.65,0.));
#320 = SURFACE_CURVE('',#321,(#325,#332),.PCURVE_S1.);
#321 = LINE('',#322,#323);
#322 = CARTESIAN_POINT('',(0.66,0.65,0.2));
#323 = VECTOR('',#324,1.);
#324 = DIRECTION('',(-0.,-0.,-1.));
#325 = PCURVE('',#298,#326);
#326 = DEFINITIONAL_REPRESENTATION('',(#327),#331);
#327 = LINE('',#328,#329);
#328 = CARTESIAN_POINT('',(6.28318530718,0.));
#329 = VECTOR('',#330,1.);
#330 = DIRECTION('',(0.,1.));
#331 = ( GEOMETRIC_REPRESENTATION_CONTEXT(2) 
PARAMETRIC_REPRESENTATION_CONTEXT() REPRESENTATION_CONTEXT('2D SPACE',''
  ) );
#332 = PCURVE('',#333,#338);
#333 = CYLINDRICAL_SURFACE('',#334,0.1);
#334 = AXIS2_PLACEMENT_3D('',#335,#336,#337);
#335 = CARTESIAN_POINT('',(0.76,0.65,0.2));
#336 = DIRECTION('',(-0.,-0.,-1.));
#337 = DIRECTION('',(-1.,0.,0.));
#338 = DEFINITIONAL_REPRESENTATION('',(#339),#343);
#339 = LINE('',#340,#341);
#340 = CARTESIAN_POINT('',(0.,0.));
#341 = VECTOR('',#342,1.);
#342 = DIRECTION('',(0.,1.));
#343 = ( GEOMETRIC_REPRESENTATION_CONTEXT(2) 
PARAMETRIC_REPRESENTATION_CONTEXT() REPRESENTATION_CONTEXT('2D SPACE',''
  ) );
#344 = ORIENTED_EDGE('',*,*,#345,.F.);
#345 = EDGE_CURVE('',#346,#318,#348,.T.);
#346 = VERTEX_POINT('',#347);
#347 = CARTESIAN_POINT('',(0.76,0.55,0.));
#348 = SURFACE_CURVE('',#349,(#354,#361),.PCURVE_S1.);
#349 = CIRCLE('',#350,0.1);
#350 = AXIS2_PLACEMENT_3D('',#351,#352,#353);
#351 = CARTESIAN_POINT('',(0.76,0.65,0.));
#352 = DIRECTION('',(-0.,0.,-1.));
#353 = DIRECTION('',(-1.,0.,0.));
#354 = PCURVE('',#298,#355);
#355 = DEFINITIONAL_REPRESENTATION('',(#356),#360);
#356 = LINE('',#357,#358);
#357 = CARTESIAN_POINT('',(0.,0.2));
#358 = VECTOR('',#359,1.);
#359 = DIRECTION('',(1.,0.));
#360 = ( GEOMETRIC_REPRESENTATION_CONTEXT(2) 
PARAMETRIC_REPRESENTATION_CONTEXT() REPRESENTATION_CONTEXT('2D SPACE',''
  ) );
#361 = PCURVE('',#362,#367);
#362 = PLANE('',#363);
#363 = AXIS2_PLACEMENT_3D('',#364,#365,#366);
#364 = CARTESIAN_POINT('',(0.76,0.65,0.));
#365 = DIRECTION('',(0.,0.,1.));
#366 = DIRECTION('',(-1.,0.,0.));
#367 = DEFINITIONAL_REPRESENTATION('',(#368),#376);
#368 = ( BOUNDED_CURVE() B_SPLINE_CURVE(2,(#369,#370,#371,#372,#373,#374
,#375),.UNSPECIFIED.,.T.,.F.) B_SPLINE_CURVE_WITH_KNOTS((1,2,2,2,2,1),(
    -2.094395102393,0.,2.094395102393,4.188790204786,6.28318530718,
8.377580409573),.UNSPECIFIED.) CURVE() GEOMETRIC_REPRESENTATION_ITEM() 
RATIONAL_B_SPLINE_CURVE((1.,0.5,1.,0.5,1.,0.5,1.)) REPRESENTATION_ITEM(
  '') );
#369 = CARTESIAN_POINT('',(0.1,0.));
#370 = CARTESIAN_POINT('',(0.1,-0.173205080757));
#371 = CARTESIAN_POINT('',(-5.E-02,-8.660254037844E-02));
#372 = CARTESIAN_POINT('',(-0.2,-2.449293598295E-17));
#373 = CARTESIAN_POINT('',(-5.E-02,8.660254037844E-02));
#374 = CARTESIAN_POINT('',(1.E-01,0.173205080757));
#375 = CARTESIAN_POINT('',(0.1,0.));
#376 = ( GEOMETRIC_REPRESENTATION_CONTEXT(2) 
PARAMETRIC_REPRESENTATION_CONTEXT() REPRESENTATION_CONTEXT('2D SPACE',''
  ) );
#377 = ORIENTED_EDGE('',*,*,#378,.F.);
#378 = EDGE_CURVE('',#287,#346,#379,.T.);
#379 = SURFACE_CURVE('',#380,(#384,#391),.PCURVE_S1.);
#380 = LINE('',#381,#382);
#381 = CARTESIAN_POINT('',(0.76,0.55,0.2));
#382 = VECTOR('',#383,1.);
#383 = DIRECTION('',(-0.,-0.,-1.));
#384 = PCURVE('',#298,#385);
#385 = DEFINITIONAL_REPRESENTATION('',(#386),#390);
#386 = LINE('',#387,#388);
#387 = CARTESIAN_POINT('',(4.712388980385,0.));
#388 = VECTOR('',#389,1.);
#389 = DIRECTION('',(0.,1.));
#390 = ( GEOMETRIC_REPRESENTATION_CONTEXT(2) 
PARAMETRIC_REPRESENTATION_CONTEXT() REPRESENTATION_CONTEXT('2D SPACE',''
  ) );
#391 = PCURVE('',#392,#397);
#392 = PLANE('',#393);
#393 = AXIS2_PLACEMENT_3D('',#394,#395,#396);
#394 = CARTESIAN_POINT('',(1.01,0.55,0.2));
#395 = DIRECTION('',(0.,-1.,0.));
#396 = DIRECTION('',(0.,-0.,-1.));
#397 = DEFINITIONAL_REPRESENTATION('',(#398),#402);
#398 = LINE('',#399,#400);
#399 = CARTESIAN_POINT('',(-0.,-0.25));
#400 = VECTOR('',#401,1.);
#401 = DIRECTION('',(1.,0.));
#402 = ( GEOMETRIC_REPRESENTATION_CONTEXT(2) 
PARAMETRIC_REPRESENTATION_CONTEXT() REPRESENTATION_CONTEXT('2D SPACE',''
  ) );
#403 = ADVANCED_FACE('',(#404),#418,.F.);
#404 = FACE_BOUND('',#405,.F.);
#405 = EDGE_LOOP('',(#406,#441,#474,#497));
#406 = ORIENTED_EDGE('',*,*,#407,.T.);
#407 = EDGE_CURVE('',#408,#410,#412,.T.);
#408 = VERTEX_POINT('',#409);
#409 = CARTESIAN_POINT('',(-0.7,0.8,0.79));
#410 = VERTEX_POINT('',#411);
#411 = CARTESIAN_POINT('',(-0.7,0.8,0.81));
#412 = SURFACE_CURVE('',#413,(#417,#429),.PCURVE_S1.);
#413 = LINE('',#414,#415);
#414 = CARTESIAN_POINT('',(-0.7,0.8,0.79));
#415 = VECTOR('',#416,1.);
#416 = DIRECTION('',(-0.,-0.,1.));
#417 = PCURVE('',#418,#423);
#418 = CYLINDRICAL_SURFACE('',#419,0.1);
#419 = AXIS2_PLACEMENT_3D('',#420,#421,#422);
#420 = CARTESIAN_POINT('',(-0.8,0.8,0.79));
#421 = DIRECTION('',(-0.,-0.,1.));
#422 = DIRECTION('',(1.,0.,0.));
#423 = DEFINITIONAL_REPRESENTATION('',(#424),#428);
#424 = LINE('',#425,#426);
#425 = CARTESIAN_POINT('',(6.28318530718,0.));
#426 = VECTOR('',#427,1.);
#427 = DIRECTION('',(0.,1.));
#428 = ( GEOMETRIC_REPRESENTATION_CONTEXT(2) 
PARAMETRIC_REPRESENTATION_CONTEXT() REPRESENTATION_CONTEXT('2D SPACE',''
  ) );
#429 = PCURVE('',#430,#435);
#430 = CYLINDRICAL_SURFACE('',#431,0.1);
#431 = AXIS2_PLACEMENT_3D('',#432,#433,#434);
#432 = CARTESIAN_POINT('',(-0.8,0.8,0.79));
#433 = DIRECTION('',(-0.,-0.,1.));
#434 = DIRECTION('',(1.,0.,0.));
#435 = DEFINITIONAL_REPRESENTATION('',(#436),#440);
#436 = LINE('',#437,#438);
#437 = CARTESIAN_POINT('',(0.,0.));
#438 = VECTOR('',#439,1.);
#439 = DIRECTION('',(0.,1.));
#440 = ( GEOMETRIC_REPRESENTATION_CONTEXT(2) 
PARAMETRIC_REPRESENTATION_CONTEXT() REPRESENTATION_CONTEXT('2D SPACE',''
  ) );
#441 = ORIENTED_EDGE('',*,*,#442,.F.);
#442 = EDGE_CURVE('',#443,#410,#445,.T.);
#443 = VERTEX_POINT('',#444);
#444 = CARTESIAN_POINT('',(-0.9,0.8,0.81));
#445 = SURFACE_CURVE('',#446,(#451,#458),.PCURVE_S1.);
#446 = CIRCLE('',#447,0.1);
#447 = AXIS2_PLACEMENT_3D('',#448,#449,#450);
#448 = CARTESIAN_POINT('',(-0.8,0.8,0.81));
#449 = DIRECTION('',(0.,0.,1.));
#450 = DIRECTION('',(1.,0.,-0.));
#451 = PCURVE('',#418,#452);
#452 = DEFINITIONAL_REPRESENTATION('',(#453),#457);
#453 = LINE('',#454,#455);
#454 = CARTESIAN_POINT('',(0.,2.E-02));
#455 = VECTOR('',#456,1.);
#456 = DIRECTION('',(1.,0.));
#457 = ( GEOMETRIC_REPRESENTATION_CONTEXT(2) 
PARAMETRIC_REPRESENTATION_CONTEXT() REPRESENTATION_CONTEXT('2D SPACE',''
  ) );
#458 = PCURVE('',#459,#464);
#459 = PLANE('',#460);
#460 = AXIS2_PLACEMENT_3D('',#461,#462,#463);
#461 = CARTESIAN_POINT('',(0.,0.,0.81));
#462 = DIRECTION('',(0.,0.,-1.));
#463 = DIRECTION('',(-1.,0.,-0.));
#464 = DEFINITIONAL_REPRESENTATION('',(#465),#473);
#465 = ( BOUNDED_CURVE() B_SPLINE_CURVE(2,(#466,#467,#468,#469,#470,#471
,#472),.UNSPECIFIED.,.T.,.F.) B_SPLINE_CURVE_WITH_KNOTS((1,2,2,2,2,1),(
    -2.094395102393,0.,2.094395102393,4.188790204786,6.28318530718,
8.377580409573),.UNSPECIFIED.) CURVE() GEOMETRIC_REPRESENTATION_ITEM() 
RATIONAL_B_SPLINE_CURVE((1.,0.5,1.,0.5,1.,0.5,1.)) REPRESENTATION_ITEM(
  '') );
#466 = CARTESIAN_POINT('',(0.7,0.8));
#467 = CARTESIAN_POINT('',(0.7,0.973205080757));
#468 = CARTESIAN_POINT('',(0.85,0.886602540378));
#469 = CARTESIAN_POINT('',(1.,0.8));
#470 = CARTESIAN_POINT('',(0.85,0.713397459622));
#471 = CARTESIAN_POINT('',(0.7,0.626794919243));
#472 = CARTESIAN_POINT('',(0.7,0.8));
#473 = ( GEOMETRIC_REPRESENTATION_CONTEXT(2) 
PARAMETRIC_REPRESENTATION_CONTEXT() REPRESENTATION_CONTEXT('2D SPACE',''
  ) );
#474 = ORIENTED_EDGE('',*,*,#475,.F.);
#475 = EDGE_CURVE('',#476,#443,#478,.T.);
#476 = VERTEX_POINT('',#477);
#477 = CARTESIAN_POINT('',(-0.9,0.8,0.79));
#478 = SURFACE_CURVE('',#479,(#483,#490),.PCURVE_S1.);
#479 = LINE('',#480,#481);
#480 = CARTESIAN_POINT('',(-0.9,0.8,0.79));
#481 = VECTOR('',#482,1.);
#482 = DIRECTION('',(-0.,-0.,1.));
#483 = PCURVE('',#418,#484);
#484 = DEFINITIONAL_REPRESENTATION('',(#485),#489);
#485 = LINE('',#486,#487);
#486 = CARTESIAN_POINT('',(3.14159265359,0.));
#487 = VECTOR('',#488,1.);
#488 = DIRECTION('',(0.,1.));
#489 = ( GEOMETRIC_REPRESENTATION_CONTEXT(2) 
PARAMETRIC_REPRESENTATION_CONTEXT() REPRESENTATION_CONTEXT('2D SPACE',''
  ) );
#490 = PCURVE('',#430,#491);
#491 = DEFINITIONAL_REPRESENTATION('',(#492),#496);
#492 = LINE('',#493,#494);
#493 = CARTESIAN_POINT('',(3.14159265359,0.));
#494 = VECTOR('',#495,1.);
#495 = DIRECTION('',(0.,1.));
#496 = ( GEOMETRIC_REPRESENTATION_CONTEXT(2) 
PARAMETRIC_REPRESENTATION_CONTEXT() REPRESENTATION_CONTEXT('2D SPACE',''
  ) );
#497 = ORIENTED_EDGE('',*,*,#498,.T.);
#498 = EDGE_CURVE('',#476,#408,#499,.T.);
#499 = SURFACE_CURVE('',#500,(#505,#512),.PCURVE_S1.);
#500 = CIRCLE('',#501,0.1);
#501 = AXIS2_PLACEMENT_3D('',#502,#503,#504);
#502 = CARTESIAN_POINT('',(-0.8,0.8,0.79));
#503 = DIRECTION('',(0.,0.,1.));
#504 = DIRECTION('',(1.,0.,-0.));
#505 = PCURVE('',#418,#506);
#506 = DEFINITIONAL_REPRESENTATION('',(#507),#511);
#507 = LINE('',#508,#509);
#508 = CARTESIAN_POINT('',(0.,0.));
#509 = VECTOR('',#510,1.);
#510 = DIRECTION('',(1.,0.));
#511 = ( GEOMETRIC_REPRESENTATION_CONTEXT(2) 
PARAMETRIC_REPRESENTATION_CONTEXT() REPRESENTATION_CONTEXT('2D SPACE',''
  ) );
#512 = PCURVE('',#513,#518);
#513 = PLANE('',#514);
#514 = AXIS2_PLACEMENT_3D('',#515,#516,#517);
#515 = CARTESIAN_POINT('',(-0.8,0.8,0.79));
#516 = DIRECTION('',(0.,0.,1.));
#517 = DIRECTION('',(1.,0.,-0.));
#518 = DEFINITIONAL_REPRESENTATION('',(#519),#523);
#519 = CIRCLE('',#520,0.1);
#520 = AXIS2_PLACEMENT_2D('',#521,#522);
#521 = CARTESIAN_POINT('',(0.,0.));
#522 = DIRECTION('',(1.,0.));
#523 = ( GEOMETRIC_REPRESENTATION_CONTEXT(2) 
PARAMETRIC_REPRESENTATION_CONTEXT() REPRESENTATION_CONTEXT('2D SPACE',''
  ) );
#524 = ADVANCED_FACE('',(#525),#539,.F.);
#525 = FACE_BOUND('',#526,.T.);
#526 = EDGE_LOOP('',(#527,#562,#590,#618,#646));
#527 = ORIENTED_EDGE('',*,*,#528,.F.);
#528 = EDGE_CURVE('',#529,#531,#533,.T.);
#529 = VERTEX_POINT('',#530);
#530 = CARTESIAN_POINT('',(-0.492488408909,0.58447406944,0.));
#531 = VERTEX_POINT('',#532);
#532 = CARTESIAN_POINT('',(-0.492488408909,-0.78447406944,0.));
#533 = SURFACE_CURVE('',#534,(#538,#550),.PCURVE_S1.);
#534 = LINE('',#535,#536);
#535 = CARTESIAN_POINT('',(-0.492488408909,-0.78447406944,0.));
#536 = VECTOR('',#537,1.);
#537 = DIRECTION('',(-0.,-1.,-0.));
#538 = PCURVE('',#539,#544);
#539 = PLANE('',#540);
#540 = AXIS2_PLACEMENT_3D('',#541,#542,#543);
#541 = CARTESIAN_POINT('',(0.,0.,0.));
#542 = DIRECTION('',(0.,-0.,1.));
#543 = DIRECTION('',(1.,0.,0.));
#544 = DEFINITIONAL_REPRESENTATION('',(#545),#549);
#545 = LINE('',#546,#547);
#546 = CARTESIAN_POINT('',(-0.492488408909,-0.78447406944));
#547 = VECTOR('',#548,1.);
#548 = DIRECTION('',(-0.,-1.));
#549 = ( GEOMETRIC_REPRESENTATION_CONTEXT(2) 
PARAMETRIC_REPRESENTATION_CONTEXT() REPRESENTATION_CONTEXT('2D SPACE',''
  ) );
#550 = PCURVE('',#551,#556);
#551 = PLANE('',#552);
#552 = AXIS2_PLACEMENT_3D('',#553,#554,#555);
#553 = CARTESIAN_POINT('',(-0.492488408909,-0.78447406944,0.2));
#554 = DIRECTION('',(1.,0.,0.));
#555 = DIRECTION('',(0.,0.,-1.));
#556 = DEFINITIONAL_REPRESENTATION('',(#557),#561);
#557 = LINE('',#558,#559);
#558 = CARTESIAN_POINT('',(0.2,0.));
#559 = VECTOR('',#560,1.);
#560 = DIRECTION('',(0.,-1.));
#561 = ( GEOMETRIC_REPRESENTATION_CONTEXT(2) 
PARAMETRIC_REPRESENTATION_CONTEXT() REPRESENTATION_CONTEXT('2D SPACE',''
  ) );
#562 = ORIENTED_EDGE('',*,*,#563,.T.);
#563 = EDGE_CURVE('',#529,#564,#566,.T.);
#564 = VERTEX_POINT('',#565);
#565 = CARTESIAN_POINT('',(-0.292488408909,0.78447406944,0.));
#566 = SURFACE_CURVE('',#567,(#571,#578),.PCURVE_S1.);
#567 = LINE('',#568,#569);
#568 = CARTESIAN_POINT('',(-0.492488408909,0.58447406944,0.));
#569 = VECTOR('',#570,1.);
#570 = DIRECTION('',(0.707106781187,0.707106781187,-0.));
#571 = PCURVE('',#539,#572);
#572 = DEFINITIONAL_REPRESENTATION('',(#573),#577);
#573 = LINE('',#574,#575);
#574 = CARTESIAN_POINT('',(-0.492488408909,0.58447406944));
#575 = VECTOR('',#576,1.);
#576 = DIRECTION('',(0.707106781187,0.707106781187));
#577 = ( GEOMETRIC_REPRESENTATION_CONTEXT(2) 
PARAMETRIC_REPRESENTATION_CONTEXT() REPRESENTATION_CONTEXT('2D SPACE',''
  ) );
#578 = PCURVE('',#579,#584);
#579 = PLANE('',#580);
#580 = AXIS2_PLACEMENT_3D('',#581,#582,#583);
#581 = CARTESIAN_POINT('',(-0.492488408909,0.58447406944,0.2));
#582 = DIRECTION('',(0.707106781187,-0.707106781187,0.));
#583 = DIRECTION('',(0.,0.,-1.));
#584 = DEFINITIONAL_REPRESENTATION('',(#585),#589);
#585 = LINE('',#586,#587);
#586 = CARTESIAN_POINT('',(0.2,0.));
#587 = VECTOR('',#588,1.);
#588 = DIRECTION('',(0.,1.));
#589 = ( GEOMETRIC_REPRESENTATION_CONTEXT(2) 
PARAMETRIC_REPRESENTATION_CONTEXT() REPRESENTATION_CONTEXT('2D SPACE',''
  ) );
#590 = ORIENTED_EDGE('',*,*,#591,.F.);
#591 = EDGE_CURVE('',#592,#564,#594,.T.);
#592 = VERTEX_POINT('',#593);
#593 = CARTESIAN_POINT('',(0.492488408909,0.78447406944,0.));
#594 = SURFACE_CURVE('',#595,(#599,#606),.PCURVE_S1.);
#595 = LINE('',#596,#597);
#596 = CARTESIAN_POINT('',(0.492488408909,0.78447406944,0.));
#597 = VECTOR('',#598,1.);
#598 = DIRECTION('',(-1.,0.,0.));
#599 = PCURVE('',#539,#600);
#600 = DEFINITIONAL_REPRESENTATION('',(#601),#605);
#601 = LINE('',#602,#603);
#602 = CARTESIAN_POINT('',(0.492488408909,0.78447406944));
#603 = VECTOR('',#604,1.);
#604 = DIRECTION('',(-1.,0.));
#605 = ( GEOMETRIC_REPRESENTATION_CONTEXT(2) 
PARAMETRIC_REPRESENTATION_CONTEXT() REPRESENTATION_CONTEXT('2D SPACE',''
  ) );
#606 = PCURVE('',#607,#612);
#607 = PLANE('',#608);
#608 = AXIS2_PLACEMENT_3D('',#609,#610,#611);
#609 = CARTESIAN_POINT('',(0.492488408909,0.78447406944,0.2));
#610 = DIRECTION('',(0.,-1.,0.));
#611 = DIRECTION('',(0.,-0.,-1.));
#612 = DEFINITIONAL_REPRESENTATION('',(#613),#617);
#613 = LINE('',#614,#615);
#614 = CARTESIAN_POINT('',(0.2,0.));
#615 = VECTOR('',#616,1.);
#616 = DIRECTION('',(-0.,-1.));
#617 = ( GEOMETRIC_REPRESENTATION_CONTEXT(2) 
PARAMETRIC_REPRESENTATION_CONTEXT() REPRESENTATION_CONTEXT('2D SPACE',''
  ) );
#618 = ORIENTED_EDGE('',*,*,#619,.F.);
#619 = EDGE_CURVE('',#620,#592,#622,.T.);
#620 = VERTEX_POINT('',#621);
#621 = CARTESIAN_POINT('',(0.492488408909,-0.78447406944,0.));
#622 = SURFACE_CURVE('',#623,(#627,#634),.PCURVE_S1.);
#623 = LINE('',#624,#625);
#624 = CARTESIAN_POINT('',(0.492488408909,-0.78447406944,0.));
#625 = VECTOR('',#626,1.);
#626 = DIRECTION('',(0.,1.,0.));
#627 = PCURVE('',#539,#628);
#628 = DEFINITIONAL_REPRESENTATION('',(#629),#633);
#629 = LINE('',#630,#631);
#630 = CARTESIAN_POINT('',(0.492488408909,-0.78447406944));
#631 = VECTOR('',#632,1.);
#632 = DIRECTION('',(0.,1.));
#633 = ( GEOMETRIC_REPRESENTATION_CONTEXT(2) 
PARAMETRIC_REPRESENTATION_CONTEXT() REPRESENTATION_CONTEXT('2D SPACE',''
  ) );
#634 = PCURVE('',#635,#640);
#635 = PLANE('',#636);
#636 = AXIS2_PLACEMENT_3D('',#637,#638,#639);
#637 = CARTESIAN_POINT('',(0.492488408909,-0.78447406944,0.2));
#638 = DIRECTION('',(-1.,0.,0.));
#639 = DIRECTION('',(0.,0.,1.));
#640 = DEFINITIONAL_REPRESENTATION('',(#641),#645);
#641 = LINE('',#642,#643);
#642 = CARTESIAN_POINT('',(-0.2,0.));
#643 = VECTOR('',#644,1.);
#644 = DIRECTION('',(0.,1.));
#645 = ( GEOMETRIC_REPRESENTATION_CONTEXT(2) 
PARAMETRIC_REPRESENTATION_CONTEXT() REPRESENTATION_CONTEXT('2D SPACE',''
  ) );
#646 = ORIENTED_EDGE('',*,*,#647,.F.);
#647 = EDGE_CURVE('',#531,#620,#648,.T.);
#648 = SURFACE_CURVE('',#649,(#653,#660),.PCURVE_S1.);
#649 = LINE('',#650,#651);
#650 = CARTESIAN_POINT('',(0.492488408909,-0.78447406944,0.));
#651 = VECTOR('',#652,1.);
#652 = DIRECTION('',(1.,-0.,-0.));
#653 = PCURVE('',#539,#654);
#654 = DEFINITIONAL_REPRESENTATION('',(#655),#659);
#655 = LINE('',#656,#657);
#656 = CARTESIAN_POINT('',(0.492488408909,-0.78447406944));
#657 = VECTOR('',#658,1.);
#658 = DIRECTION('',(1.,0.));
#659 = ( GEOMETRIC_REPRESENTATION_CONTEXT(2) 
PARAMETRIC_REPRESENTATION_CONTEXT() REPRESENTATION_CONTEXT('2D SPACE',''
  ) );
#660 = PCURVE('',#661,#666);
#661 = PLANE('',#662);
#662 = AXIS2_PLACEMENT_3D('',#663,#664,#665);
#663 = CARTESIAN_POINT('',(0.492488408909,-0.78447406944,0.2));
#664 = DIRECTION('',(0.,1.,-0.));
#665 = DIRECTION('',(0.,0.,1.));
#666 = DEFINITIONAL_REPRESENTATION('',(#667),#671);
#667 = LINE('',#668,#669);
#668 = CARTESIAN_POINT('',(-0.2,0.));
#669 = VECTOR('',#670,1.);
#670 = DIRECTION('',(0.,1.));
#671 = ( GEOMETRIC_REPRESENTATION_CONTEXT(2) 
PARAMETRIC_REPRESENTATION_CONTEXT() REPRESENTATION_CONTEXT('2D SPACE',''
  ) );
#672 = ADVANCED_FACE('',(#673,#1414),#63,.T.);
#673 = FACE_BOUND('',#674,.T.);
#674 = EDGE_LOOP('',(#675,#705,#727,#728,#751,#779,#807,#835,#863,#896,
    #924,#947,#975,#1008,#1036,#1059,#1087,#1120,#1148,#1171,#1199,#1222
    ,#1250,#1272,#1273,#1296,#1319,#1347,#1369,#1370,#1393));
#675 = ORIENTED_EDGE('',*,*,#676,.F.);
#676 = EDGE_CURVE('',#677,#679,#681,.T.);
#677 = VERTEX_POINT('',#678);
#678 = CARTESIAN_POINT('',(0.76,-0.55,1.E-02));
#679 = VERTEX_POINT('',#680);
#680 = CARTESIAN_POINT('',(1.,-0.55,1.E-02));
#681 = SURFACE_CURVE('',#682,(#686,#693),.PCURVE_S1.);
#682 = LINE('',#683,#684);
#683 = CARTESIAN_POINT('',(0.,-0.55,1.E-02));
#684 = VECTOR('',#685,1.);
#685 = DIRECTION('',(1.,0.,0.));
#686 = PCURVE('',#63,#687);
#687 = DEFINITIONAL_REPRESENTATION('',(#688),#692);
#688 = LINE('',#689,#690);
#689 = CARTESIAN_POINT('',(-0.,-0.55));
#690 = VECTOR('',#691,1.);
#691 = DIRECTION('',(-1.,0.));
#692 = ( GEOMETRIC_REPRESENTATION_CONTEXT(2) 
PARAMETRIC_REPRESENTATION_CONTEXT() REPRESENTATION_CONTEXT('2D SPACE',''
  ) );
#693 = PCURVE('',#694,#699);
#694 = PLANE('',#695);
#695 = AXIS2_PLACEMENT_3D('',#696,#697,#698);
#696 = CARTESIAN_POINT('',(1.01,-0.55,0.2));
#697 = DIRECTION('',(0.,1.,-0.));
#698 = DIRECTION('',(0.,0.,1.));
#699 = DEFINITIONAL_REPRESENTATION('',(#700),#704);
#700 = LINE('',#701,#702);
#701 = CARTESIAN_POINT('',(-0.19,-1.01));
#702 = VECTOR('',#703,1.);
#703 = DIRECTION('',(0.,1.));
#704 = ( GEOMETRIC_REPRESENTATION_CONTEXT(2) 
PARAMETRIC_REPRESENTATION_CONTEXT() REPRESENTATION_CONTEXT('2D SPACE',''
  ) );
#705 = ORIENTED_EDGE('',*,*,#706,.F.);
#706 = EDGE_CURVE('',#42,#677,#707,.T.);
#707 = SURFACE_CURVE('',#708,(#713,#720),.PCURVE_S1.);
#708 = CIRCLE('',#709,0.1);
#709 = AXIS2_PLACEMENT_3D('',#710,#711,#712);
#710 = CARTESIAN_POINT('',(0.76,-0.65,1.E-02));
#711 = DIRECTION('',(0.,0.,-1.));
#712 = DIRECTION('',(-1.,0.,0.));
#713 = PCURVE('',#63,#714);
#714 = DEFINITIONAL_REPRESENTATION('',(#715),#719);
#715 = CIRCLE('',#716,0.1);
#716 = AXIS2_PLACEMENT_2D('',#717,#718);
#717 = CARTESIAN_POINT('',(-0.76,-0.65));
#718 = DIRECTION('',(1.,0.));
#719 = ( GEOMETRIC_REPRESENTATION_CONTEXT(2) 
PARAMETRIC_REPRESENTATION_CONTEXT() REPRESENTATION_CONTEXT('2D SPACE',''
  ) );
#720 = PCURVE('',#91,#721);
#721 = DEFINITIONAL_REPRESENTATION('',(#722),#726);
#722 = LINE('',#723,#724);
#723 = CARTESIAN_POINT('',(0.,0.19));
#724 = VECTOR('',#725,1.);
#725 = DIRECTION('',(1.,0.));
#726 = ( GEOMETRIC_REPRESENTATION_CONTEXT(2) 
PARAMETRIC_REPRESENTATION_CONTEXT() REPRESENTATION_CONTEXT('2D SPACE',''
  ) );
#727 = ORIENTED_EDGE('',*,*,#39,.F.);
#728 = ORIENTED_EDGE('',*,*,#729,.F.);
#729 = EDGE_CURVE('',#730,#40,#732,.T.);
#730 = VERTEX_POINT('',#731);
#731 = CARTESIAN_POINT('',(1.,-0.75,1.E-02));
#732 = SURFACE_CURVE('',#733,(#737,#744),.PCURVE_S1.);
#733 = LINE('',#734,#735);
#734 = CARTESIAN_POINT('',(-0.,-0.75,1.E-02));
#735 = VECTOR('',#736,1.);
#736 = DIRECTION('',(-1.,0.,0.));
#737 = PCURVE('',#63,#738);
#738 = DEFINITIONAL_REPRESENTATION('',(#739),#743);
#739 = LINE('',#740,#741);
#740 = CARTESIAN_POINT('',(-0.,-0.75));
#741 = VECTOR('',#742,1.);
#742 = DIRECTION('',(1.,0.));
#743 = ( GEOMETRIC_REPRESENTATION_CONTEXT(2) 
PARAMETRIC_REPRESENTATION_CONTEXT() REPRESENTATION_CONTEXT('2D SPACE',''
  ) );
#744 = PCURVE('',#150,#745);
#745 = DEFINITIONAL_REPRESENTATION('',(#746),#750);
#746 = LINE('',#747,#748);
#747 = CARTESIAN_POINT('',(0.19,-1.01));
#748 = VECTOR('',#749,1.);
#749 = DIRECTION('',(-0.,-1.));
#750 = ( GEOMETRIC_REPRESENTATION_CONTEXT(2) 
PARAMETRIC_REPRESENTATION_CONTEXT() REPRESENTATION_CONTEXT('2D SPACE',''
  ) );
#751 = ORIENTED_EDGE('',*,*,#752,.F.);
#752 = EDGE_CURVE('',#753,#730,#755,.T.);
#753 = VERTEX_POINT('',#754);
#754 = CARTESIAN_POINT('',(1.,-1.,1.E-02));
#755 = SURFACE_CURVE('',#756,(#760,#767),.PCURVE_S1.);
#756 = LINE('',#757,#758);
#757 = CARTESIAN_POINT('',(1.,-1.,1.E-02));
#758 = VECTOR('',#759,1.);
#759 = DIRECTION('',(0.,1.,0.));
#760 = PCURVE('',#63,#761);
#761 = DEFINITIONAL_REPRESENTATION('',(#762),#766);
#762 = LINE('',#763,#764);
#763 = CARTESIAN_POINT('',(-1.,-1.));
#764 = VECTOR('',#765,1.);
#765 = DIRECTION('',(0.,1.));
#766 = ( GEOMETRIC_REPRESENTATION_CONTEXT(2) 
PARAMETRIC_REPRESENTATION_CONTEXT() REPRESENTATION_CONTEXT('2D SPACE',''
  ) );
#767 = PCURVE('',#768,#773);
#768 = PLANE('',#769);
#769 = AXIS2_PLACEMENT_3D('',#770,#771,#772);
#770 = CARTESIAN_POINT('',(1.,-1.,0.81));
#771 = DIRECTION('',(-1.,0.,0.));
#772 = DIRECTION('',(0.,0.,1.));
#773 = DEFINITIONAL_REPRESENTATION('',(#774),#778);
#774 = LINE('',#775,#776);
#775 = CARTESIAN_POINT('',(-0.8,0.));
#776 = VECTOR('',#777,1.);
#777 = DIRECTION('',(0.,1.));
#778 = ( GEOMETRIC_REPRESENTATION_CONTEXT(2) 
PARAMETRIC_REPRESENTATION_CONTEXT() REPRESENTATION_CONTEXT('2D SPACE',''
  ) );
#779 = ORIENTED_EDGE('',*,*,#780,.F.);
#780 = EDGE_CURVE('',#781,#753,#783,.T.);
#781 = VERTEX_POINT('',#782);
#782 = CARTESIAN_POINT('',(-1.,-1.,1.E-02));
#783 = SURFACE_CURVE('',#784,(#788,#795),.PCURVE_S1.);
#784 = LINE('',#785,#786);
#785 = CARTESIAN_POINT('',(-1.,-1.,1.E-02));
#786 = VECTOR('',#787,1.);
#787 = DIRECTION('',(1.,0.,0.));
#788 = PCURVE('',#63,#789);
#789 = DEFINITIONAL_REPRESENTATION('',(#790),#794);
#790 = LINE('',#791,#792);
#791 = CARTESIAN_POINT('',(1.,-1.));
#792 = VECTOR('',#793,1.);
#793 = DIRECTION('',(-1.,0.));
#794 = ( GEOMETRIC_REPRESENTATION_CONTEXT(2) 
PARAMETRIC_REPRESENTATION_CONTEXT() REPRESENTATION_CONTEXT('2D SPACE',''
  ) );
#795 = PCURVE('',#796,#801);
#796 = PLANE('',#797);
#797 = AXIS2_PLACEMENT_3D('',#798,#799,#800);
#798 = CARTESIAN_POINT('',(-1.,-1.,0.81));
#799 = DIRECTION('',(0.,1.,0.));
#800 = DIRECTION('',(0.,-0.,1.));
#801 = DEFINITIONAL_REPRESENTATION('',(#802),#806);
#802 = LINE('',#803,#804);
#803 = CARTESIAN_POINT('',(-0.8,0.));
#804 = VECTOR('',#805,1.);
#805 = DIRECTION('',(0.,1.));
#806 = ( GEOMETRIC_REPRESENTATION_CONTEXT(2) 
PARAMETRIC_REPRESENTATION_CONTEXT() REPRESENTATION_CONTEXT('2D SPACE',''
  ) );
#807 = ORIENTED_EDGE('',*,*,#808,.F.);
#808 = EDGE_CURVE('',#809,#781,#811,.T.);
#809 = VERTEX_POINT('',#810);
#810 = CARTESIAN_POINT('',(-1.,-0.75,1.E-02));
#811 = SURFACE_CURVE('',#812,(#816,#823),.PCURVE_S1.);
#812 = LINE('',#813,#814);
#813 = CARTESIAN_POINT('',(-1.,-1.,1.E-02));
#814 = VECTOR('',#815,1.);
#815 = DIRECTION('',(-0.,-1.,-0.));
#816 = PCURVE('',#63,#817);
#817 = DEFINITIONAL_REPRESENTATION('',(#818),#822);
#818 = LINE('',#819,#820);
#819 = CARTESIAN_POINT('',(1.,-1.));
#820 = VECTOR('',#821,1.);
#821 = DIRECTION('',(0.,-1.));
#822 = ( GEOMETRIC_REPRESENTATION_CONTEXT(2) 
PARAMETRIC_REPRESENTATION_CONTEXT() REPRESENTATION_CONTEXT('2D SPACE',''
  ) );
#823 = PCURVE('',#824,#829);
#824 = PLANE('',#825);
#825 = AXIS2_PLACEMENT_3D('',#826,#827,#828);
#826 = CARTESIAN_POINT('',(-1.,-1.,0.81));
#827 = DIRECTION('',(1.,0.,0.));
#828 = DIRECTION('',(0.,0.,-1.));
#829 = DEFINITIONAL_REPRESENTATION('',(#830),#834);
#830 = LINE('',#831,#832);
#831 = CARTESIAN_POINT('',(0.8,0.));
#832 = VECTOR('',#833,1.);
#833 = DIRECTION('',(0.,-1.));
#834 = ( GEOMETRIC_REPRESENTATION_CONTEXT(2) 
PARAMETRIC_REPRESENTATION_CONTEXT() REPRESENTATION_CONTEXT('2D SPACE',''
  ) );
#835 = ORIENTED_EDGE('',*,*,#836,.T.);
#836 = EDGE_CURVE('',#809,#837,#839,.T.);
#837 = VERTEX_POINT('',#838);
#838 = CARTESIAN_POINT('',(-0.76,-0.75,1.E-02));
#839 = SURFACE_CURVE('',#840,(#844,#851),.PCURVE_S1.);
#840 = LINE('',#841,#842);
#841 = CARTESIAN_POINT('',(-0.,-0.75,1.E-02));
#842 = VECTOR('',#843,1.);
#843 = DIRECTION('',(1.,-0.,0.));
#844 = PCURVE('',#63,#845);
#845 = DEFINITIONAL_REPRESENTATION('',(#846),#850);
#846 = LINE('',#847,#848);
#847 = CARTESIAN_POINT('',(-0.,-0.75));
#848 = VECTOR('',#849,1.);
#849 = DIRECTION('',(-1.,0.));
#850 = ( GEOMETRIC_REPRESENTATION_CONTEXT(2) 
PARAMETRIC_REPRESENTATION_CONTEXT() REPRESENTATION_CONTEXT('2D SPACE',''
  ) );
#851 = PCURVE('',#852,#857);
#852 = PLANE('',#853);
#853 = AXIS2_PLACEMENT_3D('',#854,#855,#856);
#854 = CARTESIAN_POINT('',(-1.01,-0.75,0.2));
#855 = DIRECTION('',(0.,1.,0.));
#856 = DIRECTION('',(0.,-0.,1.));
#857 = DEFINITIONAL_REPRESENTATION('',(#858),#862);
#858 = LINE('',#859,#860);
#859 = CARTESIAN_POINT('',(-0.19,1.01));
#860 = VECTOR('',#861,1.);
#861 = DIRECTION('',(0.,1.));
#862 = ( GEOMETRIC_REPRESENTATION_CONTEXT(2) 
PARAMETRIC_REPRESENTATION_CONTEXT() REPRESENTATION_CONTEXT('2D SPACE',''
  ) );
#863 = ORIENTED_EDGE('',*,*,#864,.T.);
#864 = EDGE_CURVE('',#837,#865,#867,.T.);
#865 = VERTEX_POINT('',#866);
#866 = CARTESIAN_POINT('',(-0.76,-0.55,1.E-02));
#867 = SURFACE_CURVE('',#868,(#873,#884),.PCURVE_S1.);
#868 = CIRCLE('',#869,0.1);
#869 = AXIS2_PLACEMENT_3D('',#870,#871,#872);
#870 = CARTESIAN_POINT('',(-0.76,-0.65,1.E-02));
#871 = DIRECTION('',(0.,-0.,1.));
#872 = DIRECTION('',(-1.,0.,0.));
#873 = PCURVE('',#63,#874);
#874 = DEFINITIONAL_REPRESENTATION('',(#875),#883);
#875 = ( BOUNDED_CURVE() B_SPLINE_CURVE(2,(#876,#877,#878,#879,#880,#881
,#882),.UNSPECIFIED.,.T.,.F.) B_SPLINE_CURVE_WITH_KNOTS((1,2,2,2,2,1),(
    -2.094395102393,0.,2.094395102393,4.188790204786,6.28318530718,
8.377580409573),.UNSPECIFIED.) CURVE() GEOMETRIC_REPRESENTATION_ITEM() 
RATIONAL_B_SPLINE_CURVE((1.,0.5,1.,0.5,1.,0.5,1.)) REPRESENTATION_ITEM(
  '') );
#876 = CARTESIAN_POINT('',(0.86,-0.65));
#877 = CARTESIAN_POINT('',(0.86,-0.823205080757));
#878 = CARTESIAN_POINT('',(0.71,-0.736602540378));
#879 = CARTESIAN_POINT('',(0.56,-0.65));
#880 = CARTESIAN_POINT('',(0.71,-0.563397459622));
#881 = CARTESIAN_POINT('',(0.86,-0.476794919243));
#882 = CARTESIAN_POINT('',(0.86,-0.65));
#883 = ( GEOMETRIC_REPRESENTATION_CONTEXT(2) 
PARAMETRIC_REPRESENTATION_CONTEXT() REPRESENTATION_CONTEXT('2D SPACE',''
  ) );
#884 = PCURVE('',#885,#890);
#885 = CYLINDRICAL_SURFACE('',#886,0.1);
#886 = AXIS2_PLACEMENT_3D('',#887,#888,#889);
#887 = CARTESIAN_POINT('',(-0.76,-0.65,0.2));
#888 = DIRECTION('',(-0.,-0.,-1.));
#889 = DIRECTION('',(-1.,0.,0.));
#890 = DEFINITIONAL_REPRESENTATION('',(#891),#895);
#891 = LINE('',#892,#893);
#892 = CARTESIAN_POINT('',(6.28318530718,0.19));
#893 = VECTOR('',#894,1.);
#894 = DIRECTION('',(-1.,0.));
#895 = ( GEOMETRIC_REPRESENTATION_CONTEXT(2) 
PARAMETRIC_REPRESENTATION_CONTEXT() REPRESENTATION_CONTEXT('2D SPACE',''
  ) );
#896 = ORIENTED_EDGE('',*,*,#897,.T.);
#897 = EDGE_CURVE('',#865,#898,#900,.T.);
#898 = VERTEX_POINT('',#899);
#899 = CARTESIAN_POINT('',(-1.,-0.55,1.E-02));
#900 = SURFACE_CURVE('',#901,(#905,#912),.PCURVE_S1.);
#901 = LINE('',#902,#903);
#902 = CARTESIAN_POINT('',(-0.,-0.55,1.E-02));
#903 = VECTOR('',#904,1.);
#904 = DIRECTION('',(-1.,0.,0.));
#905 = PCURVE('',#63,#906);
#906 = DEFINITIONAL_REPRESENTATION('',(#907),#911);
#907 = LINE('',#908,#909);
#908 = CARTESIAN_POINT('',(-0.,-0.55));
#909 = VECTOR('',#910,1.);
#910 = DIRECTION('',(1.,0.));
#911 = ( GEOMETRIC_REPRESENTATION_CONTEXT(2) 
PARAMETRIC_REPRESENTATION_CONTEXT() REPRESENTATION_CONTEXT('2D SPACE',''
  ) );
#912 = PCURVE('',#913,#918);
#913 = PLANE('',#914);
#914 = AXIS2_PLACEMENT_3D('',#915,#916,#917);
#915 = CARTESIAN_POINT('',(-1.01,-0.55,0.2));
#916 = DIRECTION('',(0.,-1.,0.));
#917 = DIRECTION('',(0.,-0.,-1.));
#918 = DEFINITIONAL_REPRESENTATION('',(#919),#923);
#919 = LINE('',#920,#921);
#920 = CARTESIAN_POINT('',(0.19,1.01));
#921 = VECTOR('',#922,1.);
#922 = DIRECTION('',(-0.,-1.));
#923 = ( GEOMETRIC_REPRESENTATION_CONTEXT(2) 
PARAMETRIC_REPRESENTATION_CONTEXT() REPRESENTATION_CONTEXT('2D SPACE',''
  ) );
#924 = ORIENTED_EDGE('',*,*,#925,.F.);
#925 = EDGE_CURVE('',#926,#898,#928,.T.);
#926 = VERTEX_POINT('',#927);
#927 = CARTESIAN_POINT('',(-1.,-1.E-01,1.E-02));
#928 = SURFACE_CURVE('',#929,(#933,#940),.PCURVE_S1.);
#929 = LINE('',#930,#931);
#930 = CARTESIAN_POINT('',(-1.,-1.,1.E-02));
#931 = VECTOR('',#932,1.);
#932 = DIRECTION('',(-0.,-1.,-0.));
#933 = PCURVE('',#63,#934);
#934 = DEFINITIONAL_REPRESENTATION('',(#935),#939);
#935 = LINE('',#936,#937);
#936 = CARTESIAN_POINT('',(1.,-1.));
#937 = VECTOR('',#938,1.);
#938 = DIRECTION('',(0.,-1.));
#939 = ( GEOMETRIC_REPRESENTATION_CONTEXT(2) 
PARAMETRIC_REPRESENTATION_CONTEXT() REPRESENTATION_CONTEXT('2D SPACE',''
  ) );
#940 = PCURVE('',#824,#941);
#941 = DEFINITIONAL_REPRESENTATION('',(#942),#946);
#942 = LINE('',#943,#944);
#943 = CARTESIAN_POINT('',(0.8,0.));
#944 = VECTOR('',#945,1.);
#945 = DIRECTION('',(0.,-1.));
#946 = ( GEOMETRIC_REPRESENTATION_CONTEXT(2) 
PARAMETRIC_REPRESENTATION_CONTEXT() REPRESENTATION_CONTEXT('2D SPACE',''
  ) );
#947 = ORIENTED_EDGE('',*,*,#948,.T.);
#948 = EDGE_CURVE('',#926,#949,#951,.T.);
#949 = VERTEX_POINT('',#950);
#950 = CARTESIAN_POINT('',(-0.76,-1.E-01,1.E-02));
#951 = SURFACE_CURVE('',#952,(#956,#963),.PCURVE_S1.);
#952 = LINE('',#953,#954);
#953 = CARTESIAN_POINT('',(-0.,-1.E-01,1.E-02));
#954 = VECTOR('',#955,1.);
#955 = DIRECTION('',(1.,-0.,0.));
#956 = PCURVE('',#63,#957);
#957 = DEFINITIONAL_REPRESENTATION('',(#958),#962);
#958 = LINE('',#959,#960);
#959 = CARTESIAN_POINT('',(-0.,-1.E-01));
#960 = VECTOR('',#961,1.);
#961 = DIRECTION('',(-1.,0.));
#962 = ( GEOMETRIC_REPRESENTATION_CONTEXT(2) 
PARAMETRIC_REPRESENTATION_CONTEXT() REPRESENTATION_CONTEXT('2D SPACE',''
  ) );
#963 = PCURVE('',#964,#969);
#964 = PLANE('',#965);
#965 = AXIS2_PLACEMENT_3D('',#966,#967,#968);
#966 = CARTESIAN_POINT('',(-1.01,-1.E-01,0.2));
#967 = DIRECTION('',(0.,1.,0.));
#968 = DIRECTION('',(0.,-0.,1.));
#969 = DEFINITIONAL_REPRESENTATION('',(#970),#974);
#970 = LINE('',#971,#972);
#971 = CARTESIAN_POINT('',(-0.19,1.01));
#972 = VECTOR('',#973,1.);
#973 = DIRECTION('',(0.,1.));
#974 = ( GEOMETRIC_REPRESENTATION_CONTEXT(2) 
PARAMETRIC_REPRESENTATION_CONTEXT() REPRESENTATION_CONTEXT('2D SPACE',''
  ) );
#975 = ORIENTED_EDGE('',*,*,#976,.T.);
#976 = EDGE_CURVE('',#949,#977,#979,.T.);
#977 = VERTEX_POINT('',#978);
#978 = CARTESIAN_POINT('',(-0.76,0.1,1.E-02));
#979 = SURFACE_CURVE('',#980,(#985,#996),.PCURVE_S1.);
#980 = CIRCLE('',#981,0.1);
#981 = AXIS2_PLACEMENT_3D('',#982,#983,#984);
#982 = CARTESIAN_POINT('',(-0.76,4.336808689942E-16,1.E-02));
#983 = DIRECTION('',(0.,-0.,1.));
#984 = DIRECTION('',(-1.,0.,0.));
#985 = PCURVE('',#63,#986);
#986 = DEFINITIONAL_REPRESENTATION('',(#987),#995);
#987 = ( BOUNDED_CURVE() B_SPLINE_CURVE(2,(#988,#989,#990,#991,#992,#993
,#994),.UNSPECIFIED.,.T.,.F.) B_SPLINE_CURVE_WITH_KNOTS((1,2,2,2,2,1),(
    -2.094395102393,0.,2.094395102393,4.188790204786,6.28318530718,
8.377580409573),.UNSPECIFIED.) CURVE() GEOMETRIC_REPRESENTATION_ITEM() 
RATIONAL_B_SPLINE_CURVE((1.,0.5,1.,0.5,1.,0.5,1.)) REPRESENTATION_ITEM(
  '') );
#988 = CARTESIAN_POINT('',(0.86,4.336808689942E-16));
#989 = CARTESIAN_POINT('',(0.86,-0.173205080757));
#990 = CARTESIAN_POINT('',(0.71,-8.660254037844E-02));
#991 = CARTESIAN_POINT('',(0.56,4.091879330113E-16));
#992 = CARTESIAN_POINT('',(0.71,8.660254037844E-02));
#993 = CARTESIAN_POINT('',(0.86,0.173205080757));
#994 = CARTESIAN_POINT('',(0.86,4.336808689942E-16));
#995 = ( GEOMETRIC_REPRESENTATION_CONTEXT(2) 
PARAMETRIC_REPRESENTATION_CONTEXT() REPRESENTATION_CONTEXT('2D SPACE',''
  ) );
#996 = PCURVE('',#997,#1002);
#997 = CYLINDRICAL_SURFACE('',#998,0.1);
#998 = AXIS2_PLACEMENT_3D('',#999,#1000,#1001);
#999 = CARTESIAN_POINT('',(-0.76,4.336808689942E-16,0.2));
#1000 = DIRECTION('',(-0.,-0.,-1.));
#1001 = DIRECTION('',(-1.,0.,0.));
#1002 = DEFINITIONAL_REPRESENTATION('',(#1003),#1007);
#1003 = LINE('',#1004,#1005);
#1004 = CARTESIAN_POINT('',(6.28318530718,0.19));
#1005 = VECTOR('',#1006,1.);
#1006 = DIRECTION('',(-1.,0.));
#1007 = ( GEOMETRIC_REPRESENTATION_CONTEXT(2) 
PARAMETRIC_REPRESENTATION_CONTEXT() REPRESENTATION_CONTEXT('2D SPACE',''
  ) );
#1008 = ORIENTED_EDGE('',*,*,#1009,.T.);
#1009 = EDGE_CURVE('',#977,#1010,#1012,.T.);
#1010 = VERTEX_POINT('',#1011);
#1011 = CARTESIAN_POINT('',(-1.,0.1,1.E-02));
#1012 = SURFACE_CURVE('',#1013,(#1017,#1024),.PCURVE_S1.);
#1013 = LINE('',#1014,#1015);
#1014 = CARTESIAN_POINT('',(0.,0.1,1.E-02));
#1015 = VECTOR('',#1016,1.);
#1016 = DIRECTION('',(-1.,0.,0.));
#1017 = PCURVE('',#63,#1018);
#1018 = DEFINITIONAL_REPRESENTATION('',(#1019),#1023);
#1019 = LINE('',#1020,#1021);
#1020 = CARTESIAN_POINT('',(0.,0.1));
#1021 = VECTOR('',#1022,1.);
#1022 = DIRECTION('',(1.,0.));
#1023 = ( GEOMETRIC_REPRESENTATION_CONTEXT(2) 
PARAMETRIC_REPRESENTATION_CONTEXT() REPRESENTATION_CONTEXT('2D SPACE',''
  ) );
#1024 = PCURVE('',#1025,#1030);
#1025 = PLANE('',#1026);
#1026 = AXIS2_PLACEMENT_3D('',#1027,#1028,#1029);
#1027 = CARTESIAN_POINT('',(-1.01,0.1,0.2));
#1028 = DIRECTION('',(0.,-1.,0.));
#1029 = DIRECTION('',(0.,-0.,-1.));
#1030 = DEFINITIONAL_REPRESENTATION('',(#1031),#1035);
#1031 = LINE('',#1032,#1033);
#1032 = CARTESIAN_POINT('',(0.19,1.01));
#1033 = VECTOR('',#1034,1.);
#1034 = DIRECTION('',(-0.,-1.));
#1035 = ( GEOMETRIC_REPRESENTATION_CONTEXT(2) 
PARAMETRIC_REPRESENTATION_CONTEXT() REPRESENTATION_CONTEXT('2D SPACE',''
  ) );
#1036 = ORIENTED_EDGE('',*,*,#1037,.F.);
#1037 = EDGE_CURVE('',#1038,#1010,#1040,.T.);
#1038 = VERTEX_POINT('',#1039);
#1039 = CARTESIAN_POINT('',(-1.,0.55,1.E-02));
#1040 = SURFACE_CURVE('',#1041,(#1045,#1052),.PCURVE_S1.);
#1041 = LINE('',#1042,#1043);
#1042 = CARTESIAN_POINT('',(-1.,-1.,1.E-02));
#1043 = VECTOR('',#1044,1.);
#1044 = DIRECTION('',(-0.,-1.,-0.));
#1045 = PCURVE('',#63,#1046);
#1046 = DEFINITIONAL_REPRESENTATION('',(#1047),#1051);
#1047 = LINE('',#1048,#1049);
#1048 = CARTESIAN_POINT('',(1.,-1.));
#1049 = VECTOR('',#1050,1.);
#1050 = DIRECTION('',(0.,-1.));
#1051 = ( GEOMETRIC_REPRESENTATION_CONTEXT(2) 
PARAMETRIC_REPRESENTATION_CONTEXT() REPRESENTATION_CONTEXT('2D SPACE',''
  ) );
#1052 = PCURVE('',#824,#1053);
#1053 = DEFINITIONAL_REPRESENTATION('',(#1054),#1058);
#1054 = LINE('',#1055,#1056);
#1055 = CARTESIAN_POINT('',(0.8,0.));
#1056 = VECTOR('',#1057,1.);
#1057 = DIRECTION('',(0.,-1.));
#1058 = ( GEOMETRIC_REPRESENTATION_CONTEXT(2) 
PARAMETRIC_REPRESENTATION_CONTEXT() REPRESENTATION_CONTEXT('2D SPACE',''
  ) );
#1059 = ORIENTED_EDGE('',*,*,#1060,.T.);
#1060 = EDGE_CURVE('',#1038,#1061,#1063,.T.);
#1061 = VERTEX_POINT('',#1062);
#1062 = CARTESIAN_POINT('',(-0.76,0.55,1.E-02));
#1063 = SURFACE_CURVE('',#1064,(#1068,#1075),.PCURVE_S1.);
#1064 = LINE('',#1065,#1066);
#1065 = CARTESIAN_POINT('',(0.,0.55,1.E-02));
#1066 = VECTOR('',#1067,1.);
#1067 = DIRECTION('',(1.,-0.,0.));
#1068 = PCURVE('',#63,#1069);
#1069 = DEFINITIONAL_REPRESENTATION('',(#1070),#1074);
#1070 = LINE('',#1071,#1072);
#1071 = CARTESIAN_POINT('',(0.,0.55));
#1072 = VECTOR('',#1073,1.);
#1073 = DIRECTION('',(-1.,0.));
#1074 = ( GEOMETRIC_REPRESENTATION_CONTEXT(2) 
PARAMETRIC_REPRESENTATION_CONTEXT() REPRESENTATION_CONTEXT('2D SPACE',''
  ) );
#1075 = PCURVE('',#1076,#1081);
#1076 = PLANE('',#1077);
#1077 = AXIS2_PLACEMENT_3D('',#1078,#1079,#1080);
#1078 = CARTESIAN_POINT('',(-1.01,0.55,0.2));
#1079 = DIRECTION('',(0.,1.,0.));
#1080 = DIRECTION('',(0.,-0.,1.));
#1081 = DEFINITIONAL_REPRESENTATION('',(#1082),#1086);
#1082 = LINE('',#1083,#1084);
#1083 = CARTESIAN_POINT('',(-0.19,1.01));
#1084 = VECTOR('',#1085,1.);
#1085 = DIRECTION('',(0.,1.));
#1086 = ( GEOMETRIC_REPRESENTATION_CONTEXT(2) 
PARAMETRIC_REPRESENTATION_CONTEXT() REPRESENTATION_CONTEXT('2D SPACE',''
  ) );
#1087 = ORIENTED_EDGE('',*,*,#1088,.T.);
#1088 = EDGE_CURVE('',#1061,#1089,#1091,.T.);
#1089 = VERTEX_POINT('',#1090);
#1090 = CARTESIAN_POINT('',(-0.76,0.75,1.E-02));
#1091 = SURFACE_CURVE('',#1092,(#1097,#1108),.PCURVE_S1.);
#1092 = CIRCLE('',#1093,0.1);
#1093 = AXIS2_PLACEMENT_3D('',#1094,#1095,#1096);
#1094 = CARTESIAN_POINT('',(-0.76,0.65,1.E-02));
#1095 = DIRECTION('',(0.,-0.,1.));
#1096 = DIRECTION('',(-1.,0.,0.));
#1097 = PCURVE('',#63,#1098);
#1098 = DEFINITIONAL_REPRESENTATION('',(#1099),#1107);
#1099 = ( BOUNDED_CURVE() B_SPLINE_CURVE(2,(#1100,#1101,#1102,#1103,
#1104,#1105,#1106),.UNSPECIFIED.,.T.,.F.) B_SPLINE_CURVE_WITH_KNOTS((1,2
    ,2,2,2,1),(-2.094395102393,0.,2.094395102393,4.188790204786,
6.28318530718,8.377580409573),.UNSPECIFIED.) CURVE() 
GEOMETRIC_REPRESENTATION_ITEM() RATIONAL_B_SPLINE_CURVE((1.,0.5,1.,0.5,
1.,0.5,1.)) REPRESENTATION_ITEM('') );
#1100 = CARTESIAN_POINT('',(0.86,0.65));
#1101 = CARTESIAN_POINT('',(0.86,0.476794919243));
#1102 = CARTESIAN_POINT('',(0.71,0.563397459622));
#1103 = CARTESIAN_POINT('',(0.56,0.65));
#1104 = CARTESIAN_POINT('',(0.71,0.736602540378));
#1105 = CARTESIAN_POINT('',(0.86,0.823205080757));
#1106 = CARTESIAN_POINT('',(0.86,0.65));
#1107 = ( GEOMETRIC_REPRESENTATION_CONTEXT(2) 
PARAMETRIC_REPRESENTATION_CONTEXT() REPRESENTATION_CONTEXT('2D SPACE',''
  ) );
#1108 = PCURVE('',#1109,#1114);
#1109 = CYLINDRICAL_SURFACE('',#1110,0.1);
#1110 = AXIS2_PLACEMENT_3D('',#1111,#1112,#1113);
#1111 = CARTESIAN_POINT('',(-0.76,0.65,0.2));
#1112 = DIRECTION('',(-0.,-0.,-1.));
#1113 = DIRECTION('',(-1.,0.,0.));
#1114 = DEFINITIONAL_REPRESENTATION('',(#1115),#1119);
#1115 = LINE('',#1116,#1117);
#1116 = CARTESIAN_POINT('',(6.28318530718,0.19));
#1117 = VECTOR('',#1118,1.);
#1118 = DIRECTION('',(-1.,0.));
#1119 = ( GEOMETRIC_REPRESENTATION_CONTEXT(2) 
PARAMETRIC_REPRESENTATION_CONTEXT() REPRESENTATION_CONTEXT('2D SPACE',''
  ) );
#1120 = ORIENTED_EDGE('',*,*,#1121,.T.);
#1121 = EDGE_CURVE('',#1089,#1122,#1124,.T.);
#1122 = VERTEX_POINT('',#1123);
#1123 = CARTESIAN_POINT('',(-1.,0.75,1.E-02));
#1124 = SURFACE_CURVE('',#1125,(#1129,#1136),.PCURVE_S1.);
#1125 = LINE('',#1126,#1127);
#1126 = CARTESIAN_POINT('',(0.,0.75,1.E-02));
#1127 = VECTOR('',#1128,1.);
#1128 = DIRECTION('',(-1.,0.,0.));
#1129 = PCURVE('',#63,#1130);
#1130 = DEFINITIONAL_REPRESENTATION('',(#1131),#1135);
#1131 = LINE('',#1132,#1133);
#1132 = CARTESIAN_POINT('',(0.,0.75));
#1133 = VECTOR('',#1134,1.);
#1134 = DIRECTION('',(1.,0.));
#1135 = ( GEOMETRIC_REPRESENTATION_CONTEXT(2) 
PARAMETRIC_REPRESENTATION_CONTEXT() REPRESENTATION_CONTEXT('2D SPACE',''
  ) );
#1136 = PCURVE('',#1137,#1142);
#1137 = PLANE('',#1138);
#1138 = AXIS2_PLACEMENT_3D('',#1139,#1140,#1141);
#1139 = CARTESIAN_POINT('',(-1.01,0.75,0.2));
#1140 = DIRECTION('',(0.,-1.,0.));
#1141 = DIRECTION('',(0.,-0.,-1.));
#1142 = DEFINITIONAL_REPRESENTATION('',(#1143),#1147);
#1143 = LINE('',#1144,#1145);
#1144 = CARTESIAN_POINT('',(0.19,1.01));
#1145 = VECTOR('',#1146,1.);
#1146 = DIRECTION('',(-0.,-1.));
#1147 = ( GEOMETRIC_REPRESENTATION_CONTEXT(2) 
PARAMETRIC_REPRESENTATION_CONTEXT() REPRESENTATION_CONTEXT('2D SPACE',''
  ) );
#1148 = ORIENTED_EDGE('',*,*,#1149,.F.);
#1149 = EDGE_CURVE('',#1150,#1122,#1152,.T.);
#1150 = VERTEX_POINT('',#1151);
#1151 = CARTESIAN_POINT('',(-1.,1.,1.E-02));
#1152 = SURFACE_CURVE('',#1153,(#1157,#1164),.PCURVE_S1.);
#1153 = LINE('',#1154,#1155);
#1154 = CARTESIAN_POINT('',(-1.,-1.,1.E-02));
#1155 = VECTOR('',#1156,1.);
#1156 = DIRECTION('',(-0.,-1.,-0.));
#1157 = PCURVE('',#63,#1158);
#1158 = DEFINITIONAL_REPRESENTATION('',(#1159),#1163);
#1159 = LINE('',#1160,#1161);
#1160 = CARTESIAN_POINT('',(1.,-1.));
#1161 = VECTOR('',#1162,1.);
#1162 = DIRECTION('',(0.,-1.));
#1163 = ( GEOMETRIC_REPRESENTATION_CONTEXT(2) 
PARAMETRIC_REPRESENTATION_CONTEXT() REPRESENTATION_CONTEXT('2D SPACE',''
  ) );
#1164 = PCURVE('',#824,#1165);
#1165 = DEFINITIONAL_REPRESENTATION('',(#1166),#1170);
#1166 = LINE('',#1167,#1168);
#1167 = CARTESIAN_POINT('',(0.8,0.));
#1168 = VECTOR('',#1169,1.);
#1169 = DIRECTION('',(0.,-1.));
#1170 = ( GEOMETRIC_REPRESENTATION_CONTEXT(2) 
PARAMETRIC_REPRESENTATION_CONTEXT() REPRESENTATION_CONTEXT('2D SPACE',''
  ) );
#1171 = ORIENTED_EDGE('',*,*,#1172,.F.);
#1172 = EDGE_CURVE('',#1173,#1150,#1175,.T.);
#1173 = VERTEX_POINT('',#1174);
#1174 = CARTESIAN_POINT('',(1.,1.,1.E-02));
#1175 = SURFACE_CURVE('',#1176,(#1180,#1187),.PCURVE_S1.);
#1176 = LINE('',#1177,#1178);
#1177 = CARTESIAN_POINT('',(-1.,1.,1.E-02));
#1178 = VECTOR('',#1179,1.);
#1179 = DIRECTION('',(-1.,-0.,-0.));
#1180 = PCURVE('',#63,#1181);
#1181 = DEFINITIONAL_REPRESENTATION('',(#1182),#1186);
#1182 = LINE('',#1183,#1184);
#1183 = CARTESIAN_POINT('',(1.,1.));
#1184 = VECTOR('',#1185,1.);
#1185 = DIRECTION('',(1.,0.));
#1186 = ( GEOMETRIC_REPRESENTATION_CONTEXT(2) 
PARAMETRIC_REPRESENTATION_CONTEXT() REPRESENTATION_CONTEXT('2D SPACE',''
  ) );
#1187 = PCURVE('',#1188,#1193);
#1188 = PLANE('',#1189);
#1189 = AXIS2_PLACEMENT_3D('',#1190,#1191,#1192);
#1190 = CARTESIAN_POINT('',(-1.,1.,0.81));
#1191 = DIRECTION('',(0.,-1.,0.));
#1192 = DIRECTION('',(0.,-0.,-1.));
#1193 = DEFINITIONAL_REPRESENTATION('',(#1194),#1198);
#1194 = LINE('',#1195,#1196);
#1195 = CARTESIAN_POINT('',(0.8,0.));
#1196 = VECTOR('',#1197,1.);
#1197 = DIRECTION('',(0.,-1.));
#1198 = ( GEOMETRIC_REPRESENTATION_CONTEXT(2) 
PARAMETRIC_REPRESENTATION_CONTEXT() REPRESENTATION_CONTEXT('2D SPACE',''
  ) );
#1199 = ORIENTED_EDGE('',*,*,#1200,.F.);
#1200 = EDGE_CURVE('',#1201,#1173,#1203,.T.);
#1201 = VERTEX_POINT('',#1202);
#1202 = CARTESIAN_POINT('',(1.,0.75,1.E-02));
#1203 = SURFACE_CURVE('',#1204,(#1208,#1215),.PCURVE_S1.);
#1204 = LINE('',#1205,#1206);
#1205 = CARTESIAN_POINT('',(1.,-1.,1.E-02));
#1206 = VECTOR('',#1207,1.);
#1207 = DIRECTION('',(0.,1.,0.));
#1208 = PCURVE('',#63,#1209);
#1209 = DEFINITIONAL_REPRESENTATION('',(#1210),#1214);
#1210 = LINE('',#1211,#1212);
#1211 = CARTESIAN_POINT('',(-1.,-1.));
#1212 = VECTOR('',#1213,1.);
#1213 = DIRECTION('',(0.,1.));
#1214 = ( GEOMETRIC_REPRESENTATION_CONTEXT(2) 
PARAMETRIC_REPRESENTATION_CONTEXT() REPRESENTATION_CONTEXT('2D SPACE',''
  ) );
#1215 = PCURVE('',#768,#1216);
#1216 = DEFINITIONAL_REPRESENTATION('',(#1217),#1221);
#1217 = LINE('',#1218,#1219);
#1218 = CARTESIAN_POINT('',(-0.8,0.));
#1219 = VECTOR('',#1220,1.);
#1220 = DIRECTION('',(0.,1.));
#1221 = ( GEOMETRIC_REPRESENTATION_CONTEXT(2) 
PARAMETRIC_REPRESENTATION_CONTEXT() REPRESENTATION_CONTEXT('2D SPACE',''
  ) );
#1222 = ORIENTED_EDGE('',*,*,#1223,.F.);
#1223 = EDGE_CURVE('',#1224,#1201,#1226,.T.);
#1224 = VERTEX_POINT('',#1225);
#1225 = CARTESIAN_POINT('',(0.76,0.75,1.E-02));
#1226 = SURFACE_CURVE('',#1227,(#1231,#1238),.PCURVE_S1.);
#1227 = LINE('',#1228,#1229);
#1228 = CARTESIAN_POINT('',(-0.,0.75,1.E-02));
#1229 = VECTOR('',#1230,1.);
#1230 = DIRECTION('',(1.,0.,0.));
#1231 = PCURVE('',#63,#1232);
#1232 = DEFINITIONAL_REPRESENTATION('',(#1233),#1237);
#1233 = LINE('',#1234,#1235);
#1234 = CARTESIAN_POINT('',(0.,0.75));
#1235 = VECTOR('',#1236,1.);
#1236 = DIRECTION('',(-1.,0.));
#1237 = ( GEOMETRIC_REPRESENTATION_CONTEXT(2) 
PARAMETRIC_REPRESENTATION_CONTEXT() REPRESENTATION_CONTEXT('2D SPACE',''
  ) );
#1238 = PCURVE('',#1239,#1244);
#1239 = PLANE('',#1240);
#1240 = AXIS2_PLACEMENT_3D('',#1241,#1242,#1243);
#1241 = CARTESIAN_POINT('',(1.01,0.75,0.2));
#1242 = DIRECTION('',(0.,1.,-0.));
#1243 = DIRECTION('',(0.,0.,1.));
#1244 = DEFINITIONAL_REPRESENTATION('',(#1245),#1249);
#1245 = LINE('',#1246,#1247);
#1246 = CARTESIAN_POINT('',(-0.19,-1.01));
#1247 = VECTOR('',#1248,1.);
#1248 = DIRECTION('',(0.,1.));
#1249 = ( GEOMETRIC_REPRESENTATION_CONTEXT(2) 
PARAMETRIC_REPRESENTATION_CONTEXT() REPRESENTATION_CONTEXT('2D SPACE',''
  ) );
#1250 = ORIENTED_EDGE('',*,*,#1251,.F.);
#1251 = EDGE_CURVE('',#289,#1224,#1252,.T.);
#1252 = SURFACE_CURVE('',#1253,(#1258,#1265),.PCURVE_S1.);
#1253 = CIRCLE('',#1254,0.1);
#1254 = AXIS2_PLACEMENT_3D('',#1255,#1256,#1257);
#1255 = CARTESIAN_POINT('',(0.76,0.65,1.E-02));
#1256 = DIRECTION('',(0.,0.,-1.));
#1257 = DIRECTION('',(-1.,0.,0.));
#1258 = PCURVE('',#63,#1259);
#1259 = DEFINITIONAL_REPRESENTATION('',(#1260),#1264);
#1260 = CIRCLE('',#1261,0.1);
#1261 = AXIS2_PLACEMENT_2D('',#1262,#1263);
#1262 = CARTESIAN_POINT('',(-0.76,0.65));
#1263 = DIRECTION('',(1.,0.));
#1264 = ( GEOMETRIC_REPRESENTATION_CONTEXT(2) 
PARAMETRIC_REPRESENTATION_CONTEXT() REPRESENTATION_CONTEXT('2D SPACE',''
  ) );
#1265 = PCURVE('',#333,#1266);
#1266 = DEFINITIONAL_REPRESENTATION('',(#1267),#1271);
#1267 = LINE('',#1268,#1269);
#1268 = CARTESIAN_POINT('',(0.,0.19));
#1269 = VECTOR('',#1270,1.);
#1270 = DIRECTION('',(1.,0.));
#1271 = ( GEOMETRIC_REPRESENTATION_CONTEXT(2) 
PARAMETRIC_REPRESENTATION_CONTEXT() REPRESENTATION_CONTEXT('2D SPACE',''
  ) );
#1272 = ORIENTED_EDGE('',*,*,#286,.F.);
#1273 = ORIENTED_EDGE('',*,*,#1274,.F.);
#1274 = EDGE_CURVE('',#1275,#287,#1277,.T.);
#1275 = VERTEX_POINT('',#1276);
#1276 = CARTESIAN_POINT('',(1.,0.55,1.E-02));
#1277 = SURFACE_CURVE('',#1278,(#1282,#1289),.PCURVE_S1.);
#1278 = LINE('',#1279,#1280);
#1279 = CARTESIAN_POINT('',(0.,0.55,1.E-02));
#1280 = VECTOR('',#1281,1.);
#1281 = DIRECTION('',(-1.,0.,0.));
#1282 = PCURVE('',#63,#1283);
#1283 = DEFINITIONAL_REPRESENTATION('',(#1284),#1288);
#1284 = LINE('',#1285,#1286);
#1285 = CARTESIAN_POINT('',(0.,0.55));
#1286 = VECTOR('',#1287,1.);
#1287 = DIRECTION('',(1.,0.));
#1288 = ( GEOMETRIC_REPRESENTATION_CONTEXT(2) 
PARAMETRIC_REPRESENTATION_CONTEXT() REPRESENTATION_CONTEXT('2D SPACE',''
  ) );
#1289 = PCURVE('',#392,#1290);
#1290 = DEFINITIONAL_REPRESENTATION('',(#1291),#1295);
#1291 = LINE('',#1292,#1293);
#1292 = CARTESIAN_POINT('',(0.19,-1.01));
#1293 = VECTOR('',#1294,1.);
#1294 = DIRECTION('',(-0.,-1.));
#1295 = ( GEOMETRIC_REPRESENTATION_CONTEXT(2) 
PARAMETRIC_REPRESENTATION_CONTEXT() REPRESENTATION_CONTEXT('2D SPACE',''
  ) );
#1296 = ORIENTED_EDGE('',*,*,#1297,.F.);
#1297 = EDGE_CURVE('',#1298,#1275,#1300,.T.);
#1298 = VERTEX_POINT('',#1299);
#1299 = CARTESIAN_POINT('',(1.,0.1,1.E-02));
#1300 = SURFACE_CURVE('',#1301,(#1305,#1312),.PCURVE_S1.);
#1301 = LINE('',#1302,#1303);
#1302 = CARTESIAN_POINT('',(1.,-1.,1.E-02));
#1303 = VECTOR('',#1304,1.);
#1304 = DIRECTION('',(0.,1.,0.));
#1305 = PCURVE('',#63,#1306);
#1306 = DEFINITIONAL_REPRESENTATION('',(#1307),#1311);
#1307 = LINE('',#1308,#1309);
#1308 = CARTESIAN_POINT('',(-1.,-1.));
#1309 = VECTOR('',#1310,1.);
#1310 = DIRECTION('',(0.,1.));
#1311 = ( GEOMETRIC_REPRESENTATION_CONTEXT(2) 
PARAMETRIC_REPRESENTATION_CONTEXT() REPRESENTATION_CONTEXT('2D SPACE',''
  ) );
#1312 = PCURVE('',#768,#1313);
#1313 = DEFINITIONAL_REPRESENTATION('',(#1314),#1318);
#1314 = LINE('',#1315,#1316);
#1315 = CARTESIAN_POINT('',(-0.8,0.));
#1316 = VECTOR('',#1317,1.);
#1317 = DIRECTION('',(0.,1.));
#1318 = ( GEOMETRIC_REPRESENTATION_CONTEXT(2) 
PARAMETRIC_REPRESENTATION_CONTEXT() REPRESENTATION_CONTEXT('2D SPACE',''
  ) );
#1319 = ORIENTED_EDGE('',*,*,#1320,.F.);
#1320 = EDGE_CURVE('',#1321,#1298,#1323,.T.);
#1321 = VERTEX_POINT('',#1322);
#1322 = CARTESIAN_POINT('',(0.76,0.1,1.E-02));
#1323 = SURFACE_CURVE('',#1324,(#1328,#1335),.PCURVE_S1.);
#1324 = LINE('',#1325,#1326);
#1325 = CARTESIAN_POINT('',(-0.,0.1,1.E-02));
#1326 = VECTOR('',#1327,1.);
#1327 = DIRECTION('',(1.,0.,0.));
#1328 = PCURVE('',#63,#1329);
#1329 = DEFINITIONAL_REPRESENTATION('',(#1330),#1334);
#1330 = LINE('',#1331,#1332);
#1331 = CARTESIAN_POINT('',(0.,0.1));
#1332 = VECTOR('',#1333,1.);
#1333 = DIRECTION('',(-1.,0.));
#1334 = ( GEOMETRIC_REPRESENTATION_CONTEXT(2) 
PARAMETRIC_REPRESENTATION_CONTEXT() REPRESENTATION_CONTEXT('2D SPACE',''
  ) );
#1335 = PCURVE('',#1336,#1341);
#1336 = PLANE('',#1337);
#1337 = AXIS2_PLACEMENT_3D('',#1338,#1339,#1340);
#1338 = CARTESIAN_POINT('',(1.01,0.1,0.2));
#1339 = DIRECTION('',(0.,1.,-0.));
#1340 = DIRECTION('',(0.,0.,1.));
#1341 = DEFINITIONAL_REPRESENTATION('',(#1342),#1346);
#1342 = LINE('',#1343,#1344);
#1343 = CARTESIAN_POINT('',(-0.19,-1.01));
#1344 = VECTOR('',#1345,1.);
#1345 = DIRECTION('',(0.,1.));
#1346 = ( GEOMETRIC_REPRESENTATION_CONTEXT(2) 
PARAMETRIC_REPRESENTATION_CONTEXT() REPRESENTATION_CONTEXT('2D SPACE',''
  ) );
#1347 = ORIENTED_EDGE('',*,*,#1348,.F.);
#1348 = EDGE_CURVE('',#168,#1321,#1349,.T.);
#1349 = SURFACE_CURVE('',#1350,(#1355,#1362),.PCURVE_S1.);
#1350 = CIRCLE('',#1351,0.1);
#1351 = AXIS2_PLACEMENT_3D('',#1352,#1353,#1354);
#1352 = CARTESIAN_POINT('',(0.76,4.336808689942E-16,1.E-02));
#1353 = DIRECTION('',(0.,0.,-1.));
#1354 = DIRECTION('',(-1.,0.,0.));
#1355 = PCURVE('',#63,#1356);
#1356 = DEFINITIONAL_REPRESENTATION('',(#1357),#1361);
#1357 = CIRCLE('',#1358,0.1);
#1358 = AXIS2_PLACEMENT_2D('',#1359,#1360);
#1359 = CARTESIAN_POINT('',(-0.76,4.336808689942E-16));
#1360 = DIRECTION('',(1.,0.));
#1361 = ( GEOMETRIC_REPRESENTATION_CONTEXT(2) 
PARAMETRIC_REPRESENTATION_CONTEXT() REPRESENTATION_CONTEXT('2D SPACE',''
  ) );
#1362 = PCURVE('',#212,#1363);
#1363 = DEFINITIONAL_REPRESENTATION('',(#1364),#1368);
#1364 = LINE('',#1365,#1366);
#1365 = CARTESIAN_POINT('',(0.,0.19));
#1366 = VECTOR('',#1367,1.);
#1367 = DIRECTION('',(1.,0.));
#1368 = ( GEOMETRIC_REPRESENTATION_CONTEXT(2) 
PARAMETRIC_REPRESENTATION_CONTEXT() REPRESENTATION_CONTEXT('2D SPACE',''
  ) );
#1369 = ORIENTED_EDGE('',*,*,#165,.F.);
#1370 = ORIENTED_EDGE('',*,*,#1371,.F.);
#1371 = EDGE_CURVE('',#1372,#166,#1374,.T.);
#1372 = VERTEX_POINT('',#1373);
#1373 = CARTESIAN_POINT('',(1.,-1.E-01,1.E-02));
#1374 = SURFACE_CURVE('',#1375,(#1379,#1386),.PCURVE_S1.);
#1375 = LINE('',#1376,#1377);
#1376 = CARTESIAN_POINT('',(-0.,-1.E-01,1.E-02));
#1377 = VECTOR('',#1378,1.);
#1378 = DIRECTION('',(-1.,0.,0.));
#1379 = PCURVE('',#63,#1380);
#1380 = DEFINITIONAL_REPRESENTATION('',(#1381),#1385);
#1381 = LINE('',#1382,#1383);
#1382 = CARTESIAN_POINT('',(-0.,-1.E-01));
#1383 = VECTOR('',#1384,1.);
#1384 = DIRECTION('',(1.,0.));
#1385 = ( GEOMETRIC_REPRESENTATION_CONTEXT(2) 
PARAMETRIC_REPRESENTATION_CONTEXT() REPRESENTATION_CONTEXT('2D SPACE',''
  ) );
#1386 = PCURVE('',#271,#1387);
#1387 = DEFINITIONAL_REPRESENTATION('',(#1388),#1392);
#1388 = LINE('',#1389,#1390);
#1389 = CARTESIAN_POINT('',(0.19,-1.01));
#1390 = VECTOR('',#1391,1.);
#1391 = DIRECTION('',(-0.,-1.));
#1392 = ( GEOMETRIC_REPRESENTATION_CONTEXT(2) 
PARAMETRIC_REPRESENTATION_CONTEXT() REPRESENTATION_CONTEXT('2D SPACE',''
  ) );
#1393 = ORIENTED_EDGE('',*,*,#1394,.F.);
#1394 = EDGE_CURVE('',#679,#1372,#1395,.T.);
#1395 = SURFACE_CURVE('',#1396,(#1400,#1407),.PCURVE_S1.);
#1396 = LINE('',#1397,#1398);
#1397 = CARTESIAN_POINT('',(1.,-1.,1.E-02));
#1398 = VECTOR('',#1399,1.);
#1399 = DIRECTION('',(0.,1.,0.));
#1400 = PCURVE('',#63,#1401);
#1401 = DEFINITIONAL_REPRESENTATION('',(#1402),#1406);
#1402 = LINE('',#1403,#1404);
#1403 = CARTESIAN_POINT('',(-1.,-1.));
#1404 = VECTOR('',#1405,1.);
#1405 = DIRECTION('',(0.,1.));
#1406 = ( GEOMETRIC_REPRESENTATION_CONTEXT(2) 
PARAMETRIC_REPRESENTATION_CONTEXT() REPRESENTATION_CONTEXT('2D SPACE',''
  ) );
#1407 = PCURVE('',#768,#1408);
#1408 = DEFINITIONAL_REPRESENTATION('',(#1409),#1413);
#1409 = LINE('',#1410,#1411);
#1410 = CARTESIAN_POINT('',(-0.8,0.));
#1411 = VECTOR('',#1412,1.);
#1412 = DIRECTION('',(0.,1.));
#1413 = ( GEOMETRIC_REPRESENTATION_CONTEXT(2) 
PARAMETRIC_REPRESENTATION_CONTEXT() REPRESENTATION_CONTEXT('2D SPACE',''
  ) );
#1414 = FACE_BOUND('',#1415,.T.);
#1415 = EDGE_LOOP('',(#1416,#1441,#1464,#1487,#1510));
#1416 = ORIENTED_EDGE('',*,*,#1417,.T.);
#1417 = EDGE_CURVE('',#1418,#1420,#1422,.T.);
#1418 = VERTEX_POINT('',#1419);
#1419 = CARTESIAN_POINT('',(0.492488408909,0.78447406944,1.E-02));
#1420 = VERTEX_POINT('',#1421);
#1421 = CARTESIAN_POINT('',(-0.292488408909,0.78447406944,1.E-02));
#1422 = SURFACE_CURVE('',#1423,(#1427,#1434),.PCURVE_S1.);
#1423 = LINE('',#1424,#1425);
#1424 = CARTESIAN_POINT('',(0.,0.78447406944,1.E-02));
#1425 = VECTOR('',#1426,1.);
#1426 = DIRECTION('',(-1.,0.,0.));
#1427 = PCURVE('',#63,#1428);
#1428 = DEFINITIONAL_REPRESENTATION('',(#1429),#1433);
#1429 = LINE('',#1430,#1431);
#1430 = CARTESIAN_POINT('',(0.,0.78447406944));
#1431 = VECTOR('',#1432,1.);
#1432 = DIRECTION('',(1.,0.));
#1433 = ( GEOMETRIC_REPRESENTATION_CONTEXT(2) 
PARAMETRIC_REPRESENTATION_CONTEXT() REPRESENTATION_CONTEXT('2D SPACE',''
  ) );
#1434 = PCURVE('',#607,#1435);
#1435 = DEFINITIONAL_REPRESENTATION('',(#1436),#1440);
#1436 = LINE('',#1437,#1438);
#1437 = CARTESIAN_POINT('',(0.19,-0.492488408909));
#1438 = VECTOR('',#1439,1.);
#1439 = DIRECTION('',(-0.,-1.));
#1440 = ( GEOMETRIC_REPRESENTATION_CONTEXT(2) 
PARAMETRIC_REPRESENTATION_CONTEXT() REPRESENTATION_CONTEXT('2D SPACE',''
  ) );
#1441 = ORIENTED_EDGE('',*,*,#1442,.T.);
#1442 = EDGE_CURVE('',#1420,#1443,#1445,.T.);
#1443 = VERTEX_POINT('',#1444);
#1444 = CARTESIAN_POINT('',(-0.492488408909,0.58447406944,1.E-02));
#1445 = SURFACE_CURVE('',#1446,(#1450,#1457),.PCURVE_S1.);
#1446 = LINE('',#1447,#1448);
#1447 = CARTESIAN_POINT('',(-0.492488408909,0.58447406944,1.E-02));
#1448 = VECTOR('',#1449,1.);
#1449 = DIRECTION('',(-0.707106781187,-0.707106781187,-0.));
#1450 = PCURVE('',#63,#1451);
#1451 = DEFINITIONAL_REPRESENTATION('',(#1452),#1456);
#1452 = LINE('',#1453,#1454);
#1453 = CARTESIAN_POINT('',(0.492488408909,0.58447406944));
#1454 = VECTOR('',#1455,1.);
#1455 = DIRECTION('',(0.707106781187,-0.707106781187));
#1456 = ( GEOMETRIC_REPRESENTATION_CONTEXT(2) 
PARAMETRIC_REPRESENTATION_CONTEXT() REPRESENTATION_CONTEXT('2D SPACE',''
  ) );
#1457 = PCURVE('',#579,#1458);
#1458 = DEFINITIONAL_REPRESENTATION('',(#1459),#1463);
#1459 = LINE('',#1460,#1461);
#1460 = CARTESIAN_POINT('',(0.19,0.));
#1461 = VECTOR('',#1462,1.);
#1462 = DIRECTION('',(0.,-1.));
#1463 = ( GEOMETRIC_REPRESENTATION_CONTEXT(2) 
PARAMETRIC_REPRESENTATION_CONTEXT() REPRESENTATION_CONTEXT('2D SPACE',''
  ) );
#1464 = ORIENTED_EDGE('',*,*,#1465,.T.);
#1465 = EDGE_CURVE('',#1443,#1466,#1468,.T.);
#1466 = VERTEX_POINT('',#1467);
#1467 = CARTESIAN_POINT('',(-0.492488408909,-0.78447406944,1.E-02));
#1468 = SURFACE_CURVE('',#1469,(#1473,#1480),.PCURVE_S1.);
#1469 = LINE('',#1470,#1471);
#1470 = CARTESIAN_POINT('',(-0.492488408909,-0.,1.E-02));
#1471 = VECTOR('',#1472,1.);
#1472 = DIRECTION('',(0.,-1.,0.));
#1473 = PCURVE('',#63,#1474);
#1474 = DEFINITIONAL_REPRESENTATION('',(#1475),#1479);
#1475 = LINE('',#1476,#1477);
#1476 = CARTESIAN_POINT('',(0.492488408909,0.));
#1477 = VECTOR('',#1478,1.);
#1478 = DIRECTION('',(-0.,-1.));
#1479 = ( GEOMETRIC_REPRESENTATION_CONTEXT(2) 
PARAMETRIC_REPRESENTATION_CONTEXT() REPRESENTATION_CONTEXT('2D SPACE',''
  ) );
#1480 = PCURVE('',#551,#1481);
#1481 = DEFINITIONAL_REPRESENTATION('',(#1482),#1486);
#1482 = LINE('',#1483,#1484);
#1483 = CARTESIAN_POINT('',(0.19,0.78447406944));
#1484 = VECTOR('',#1485,1.);
#1485 = DIRECTION('',(0.,-1.));
#1486 = ( GEOMETRIC_REPRESENTATION_CONTEXT(2) 
PARAMETRIC_REPRESENTATION_CONTEXT() REPRESENTATION_CONTEXT('2D SPACE',''
  ) );
#1487 = ORIENTED_EDGE('',*,*,#1488,.T.);
#1488 = EDGE_CURVE('',#1466,#1489,#1491,.T.);
#1489 = VERTEX_POINT('',#1490);
#1490 = CARTESIAN_POINT('',(0.492488408909,-0.78447406944,1.E-02));
#1491 = SURFACE_CURVE('',#1492,(#1496,#1503),.PCURVE_S1.);
#1492 = LINE('',#1493,#1494);
#1493 = CARTESIAN_POINT('',(0.,-0.78447406944,1.E-02));
#1494 = VECTOR('',#1495,1.);
#1495 = DIRECTION('',(1.,0.,0.));
#1496 = PCURVE('',#63,#1497);
#1497 = DEFINITIONAL_REPRESENTATION('',(#1498),#1502);
#1498 = LINE('',#1499,#1500);
#1499 = CARTESIAN_POINT('',(-0.,-0.78447406944));
#1500 = VECTOR('',#1501,1.);
#1501 = DIRECTION('',(-1.,0.));
#1502 = ( GEOMETRIC_REPRESENTATION_CONTEXT(2) 
PARAMETRIC_REPRESENTATION_CONTEXT() REPRESENTATION_CONTEXT('2D SPACE',''
  ) );
#1503 = PCURVE('',#661,#1504);
#1504 = DEFINITIONAL_REPRESENTATION('',(#1505),#1509);
#1505 = LINE('',#1506,#1507);
#1506 = CARTESIAN_POINT('',(-0.19,-0.492488408909));
#1507 = VECTOR('',#1508,1.);
#1508 = DIRECTION('',(0.,1.));
#1509 = ( GEOMETRIC_REPRESENTATION_CONTEXT(2) 
PARAMETRIC_REPRESENTATION_CONTEXT() REPRESENTATION_CONTEXT('2D SPACE',''
  ) );
#1510 = ORIENTED_EDGE('',*,*,#1511,.T.);
#1511 = EDGE_CURVE('',#1489,#1418,#1512,.T.);
#1512 = SURFACE_CURVE('',#1513,(#1517,#1524),.PCURVE_S1.);
#1513 = LINE('',#1514,#1515);
#1514 = CARTESIAN_POINT('',(0.492488408909,-0.,1.E-02));
#1515 = VECTOR('',#1516,1.);
#1516 = DIRECTION('',(0.,1.,0.));
#1517 = PCURVE('',#63,#1518);
#1518 = DEFINITIONAL_REPRESENTATION('',(#1519),#1523);
#1519 = LINE('',#1520,#1521);
#1520 = CARTESIAN_POINT('',(-0.492488408909,0.));
#1521 = VECTOR('',#1522,1.);
#1522 = DIRECTION('',(0.,1.));
#1523 = ( GEOMETRIC_REPRESENTATION_CONTEXT(2) 
PARAMETRIC_REPRESENTATION_CONTEXT() REPRESENTATION_CONTEXT('2D SPACE',''
  ) );
#1524 = PCURVE('',#635,#1525);
#1525 = DEFINITIONAL_REPRESENTATION('',(#1526),#1530);
#1526 = LINE('',#1527,#1528);
#1527 = CARTESIAN_POINT('',(-0.19,0.78447406944));
#1528 = VECTOR('',#1529,1.);
#1529 = DIRECTION('',(0.,1.));
#1530 = ( GEOMETRIC_REPRESENTATION_CONTEXT(2) 
PARAMETRIC_REPRESENTATION_CONTEXT() REPRESENTATION_CONTEXT('2D SPACE',''
  ) );
#1531 = ADVANCED_FACE('',(#1532),#824,.F.);
#1532 = FACE_BOUND('',#1533,.T.);
#1533 = EDGE_LOOP('',(#1534,#1557,#1558,#1581,#1604,#1625,#1626,#1649,
    #1677,#1698,#1699,#1722,#1750,#1771,#1772,#1795));
#1534 = ORIENTED_EDGE('',*,*,#1535,.F.);
#1535 = EDGE_CURVE('',#809,#1536,#1538,.T.);
#1536 = VERTEX_POINT('',#1537);
#1537 = CARTESIAN_POINT('',(-1.,-0.75,0.2));
#1538 = SURFACE_CURVE('',#1539,(#1543,#1550),.PCURVE_S1.);
#1539 = LINE('',#1540,#1541);
#1540 = CARTESIAN_POINT('',(-1.,-0.75,0.81));
#1541 = VECTOR('',#1542,1.);
#1542 = DIRECTION('',(0.,0.,1.));
#1543 = PCURVE('',#824,#1544);
#1544 = DEFINITIONAL_REPRESENTATION('',(#1545),#1549);
#1545 = LINE('',#1546,#1547);
#1546 = CARTESIAN_POINT('',(0.,0.25));
#1547 = VECTOR('',#1548,1.);
#1548 = DIRECTION('',(-1.,0.));
#1549 = ( GEOMETRIC_REPRESENTATION_CONTEXT(2) 
PARAMETRIC_REPRESENTATION_CONTEXT() REPRESENTATION_CONTEXT('2D SPACE',''
  ) );
#1550 = PCURVE('',#852,#1551);
#1551 = DEFINITIONAL_REPRESENTATION('',(#1552),#1556);
#1552 = LINE('',#1553,#1554);
#1553 = CARTESIAN_POINT('',(0.61,1.E-02));
#1554 = VECTOR('',#1555,1.);
#1555 = DIRECTION('',(1.,0.));
#1556 = ( GEOMETRIC_REPRESENTATION_CONTEXT(2) 
PARAMETRIC_REPRESENTATION_CONTEXT() REPRESENTATION_CONTEXT('2D SPACE',''
  ) );
#1557 = ORIENTED_EDGE('',*,*,#808,.T.);
#1558 = ORIENTED_EDGE('',*,*,#1559,.F.);
#1559 = EDGE_CURVE('',#1560,#781,#1562,.T.);
#1560 = VERTEX_POINT('',#1561);
#1561 = CARTESIAN_POINT('',(-1.,-1.,0.81));
#1562 = SURFACE_CURVE('',#1563,(#1567,#1574),.PCURVE_S1.);
#1563 = LINE('',#1564,#1565);
#1564 = CARTESIAN_POINT('',(-1.,-1.,0.81));
#1565 = VECTOR('',#1566,1.);
#1566 = DIRECTION('',(-0.,-0.,-1.));
#1567 = PCURVE('',#824,#1568);
#1568 = DEFINITIONAL_REPRESENTATION('',(#1569),#1573);
#1569 = LINE('',#1570,#1571);
#1570 = CARTESIAN_POINT('',(0.,0.));
#1571 = VECTOR('',#1572,1.);
#1572 = DIRECTION('',(1.,0.));
#1573 = ( GEOMETRIC_REPRESENTATION_CONTEXT(2) 
PARAMETRIC_REPRESENTATION_CONTEXT() REPRESENTATION_CONTEXT('2D SPACE',''
  ) );
#1574 = PCURVE('',#796,#1575);
#1575 = DEFINITIONAL_REPRESENTATION('',(#1576),#1580);
#1576 = LINE('',#1577,#1578);
#1577 = CARTESIAN_POINT('',(0.,0.));
#1578 = VECTOR('',#1579,1.);
#1579 = DIRECTION('',(-1.,0.));
#1580 = ( GEOMETRIC_REPRESENTATION_CONTEXT(2) 
PARAMETRIC_REPRESENTATION_CONTEXT() REPRESENTATION_CONTEXT('2D SPACE',''
  ) );
#1581 = ORIENTED_EDGE('',*,*,#1582,.F.);
#1582 = EDGE_CURVE('',#1583,#1560,#1585,.T.);
#1583 = VERTEX_POINT('',#1584);
#1584 = CARTESIAN_POINT('',(-1.,1.,0.81));
#1585 = SURFACE_CURVE('',#1586,(#1590,#1597),.PCURVE_S1.);
#1586 = LINE('',#1587,#1588);
#1587 = CARTESIAN_POINT('',(-1.,-1.,0.81));
#1588 = VECTOR('',#1589,1.);
#1589 = DIRECTION('',(-0.,-1.,-0.));
#1590 = PCURVE('',#824,#1591);
#1591 = DEFINITIONAL_REPRESENTATION('',(#1592),#1596);
#1592 = LINE('',#1593,#1594);
#1593 = CARTESIAN_POINT('',(0.,0.));
#1594 = VECTOR('',#1595,1.);
#1595 = DIRECTION('',(0.,-1.));
#1596 = ( GEOMETRIC_REPRESENTATION_CONTEXT(2) 
PARAMETRIC_REPRESENTATION_CONTEXT() REPRESENTATION_CONTEXT('2D SPACE',''
  ) );
#1597 = PCURVE('',#459,#1598);
#1598 = DEFINITIONAL_REPRESENTATION('',(#1599),#1603);
#1599 = LINE('',#1600,#1601);
#1600 = CARTESIAN_POINT('',(1.,-1.));
#1601 = VECTOR('',#1602,1.);
#1602 = DIRECTION('',(0.,-1.));
#1603 = ( GEOMETRIC_REPRESENTATION_CONTEXT(2) 
PARAMETRIC_REPRESENTATION_CONTEXT() REPRESENTATION_CONTEXT('2D SPACE',''
  ) );
#1604 = ORIENTED_EDGE('',*,*,#1605,.T.);
#1605 = EDGE_CURVE('',#1583,#1150,#1606,.T.);
#1606 = SURFACE_CURVE('',#1607,(#1611,#1618),.PCURVE_S1.);
#1607 = LINE('',#1608,#1609);
#1608 = CARTESIAN_POINT('',(-1.,1.,0.81));
#1609 = VECTOR('',#1610,1.);
#1610 = DIRECTION('',(-0.,-0.,-1.));
#1611 = PCURVE('',#824,#1612);
#1612 = DEFINITIONAL_REPRESENTATION('',(#1613),#1617);
#1613 = LINE('',#1614,#1615);
#1614 = CARTESIAN_POINT('',(0.,2.));
#1615 = VECTOR('',#1616,1.);
#1616 = DIRECTION('',(1.,0.));
#1617 = ( GEOMETRIC_REPRESENTATION_CONTEXT(2) 
PARAMETRIC_REPRESENTATION_CONTEXT() REPRESENTATION_CONTEXT('2D SPACE',''
  ) );
#1618 = PCURVE('',#1188,#1619);
#1619 = DEFINITIONAL_REPRESENTATION('',(#1620),#1624);
#1620 = LINE('',#1621,#1622);
#1621 = CARTESIAN_POINT('',(0.,0.));
#1622 = VECTOR('',#1623,1.);
#1623 = DIRECTION('',(1.,0.));
#1624 = ( GEOMETRIC_REPRESENTATION_CONTEXT(2) 
PARAMETRIC_REPRESENTATION_CONTEXT() REPRESENTATION_CONTEXT('2D SPACE',''
  ) );
#1625 = ORIENTED_EDGE('',*,*,#1149,.T.);
#1626 = ORIENTED_EDGE('',*,*,#1627,.F.);
#1627 = EDGE_CURVE('',#1628,#1122,#1630,.T.);
#1628 = VERTEX_POINT('',#1629);
#1629 = CARTESIAN_POINT('',(-1.,0.75,0.2));
#1630 = SURFACE_CURVE('',#1631,(#1635,#1642),.PCURVE_S1.);
#1631 = LINE('',#1632,#1633);
#1632 = CARTESIAN_POINT('',(-1.,0.75,0.81));
#1633 = VECTOR('',#1634,1.);
#1634 = DIRECTION('',(0.,0.,-1.));
#1635 = PCURVE('',#824,#1636);
#1636 = DEFINITIONAL_REPRESENTATION('',(#1637),#1641);
#1637 = LINE('',#1638,#1639);
#1638 = CARTESIAN_POINT('',(0.,1.75));
#1639 = VECTOR('',#1640,1.);
#1640 = DIRECTION('',(1.,0.));
#1641 = ( GEOMETRIC_REPRESENTATION_CONTEXT(2) 
PARAMETRIC_REPRESENTATION_CONTEXT() REPRESENTATION_CONTEXT('2D SPACE',''
  ) );
#1642 = PCURVE('',#1137,#1643);
#1643 = DEFINITIONAL_REPRESENTATION('',(#1644),#1648);
#1644 = LINE('',#1645,#1646);
#1645 = CARTESIAN_POINT('',(-0.61,1.E-02));
#1646 = VECTOR('',#1647,1.);
#1647 = DIRECTION('',(1.,0.));
#1648 = ( GEOMETRIC_REPRESENTATION_CONTEXT(2) 
PARAMETRIC_REPRESENTATION_CONTEXT() REPRESENTATION_CONTEXT('2D SPACE',''
  ) );
#1649 = ORIENTED_EDGE('',*,*,#1650,.T.);
#1650 = EDGE_CURVE('',#1628,#1651,#1653,.T.);
#1651 = VERTEX_POINT('',#1652);
#1652 = CARTESIAN_POINT('',(-1.,0.55,0.2));
#1653 = SURFACE_CURVE('',#1654,(#1658,#1665),.PCURVE_S1.);
#1654 = LINE('',#1655,#1656);
#1655 = CARTESIAN_POINT('',(-1.,-1.,0.2));
#1656 = VECTOR('',#1657,1.);
#1657 = DIRECTION('',(0.,-1.,0.));
#1658 = PCURVE('',#824,#1659);
#1659 = DEFINITIONAL_REPRESENTATION('',(#1660),#1664);
#1660 = LINE('',#1661,#1662);
#1661 = CARTESIAN_POINT('',(0.61,0.));
#1662 = VECTOR('',#1663,1.);
#1663 = DIRECTION('',(0.,-1.));
#1664 = ( GEOMETRIC_REPRESENTATION_CONTEXT(2) 
PARAMETRIC_REPRESENTATION_CONTEXT() REPRESENTATION_CONTEXT('2D SPACE',''
  ) );
#1665 = PCURVE('',#1666,#1671);
#1666 = PLANE('',#1667);
#1667 = AXIS2_PLACEMENT_3D('',#1668,#1669,#1670);
#1668 = CARTESIAN_POINT('',(-0.76,0.65,0.2));
#1669 = DIRECTION('',(0.,0.,1.));
#1670 = DIRECTION('',(1.,0.,-0.));
#1671 = DEFINITIONAL_REPRESENTATION('',(#1672),#1676);
#1672 = LINE('',#1673,#1674);
#1673 = CARTESIAN_POINT('',(-0.24,-1.65));
#1674 = VECTOR('',#1675,1.);
#1675 = DIRECTION('',(0.,-1.));
#1676 = ( GEOMETRIC_REPRESENTATION_CONTEXT(2) 
PARAMETRIC_REPRESENTATION_CONTEXT() REPRESENTATION_CONTEXT('2D SPACE',''
  ) );
#1677 = ORIENTED_EDGE('',*,*,#1678,.F.);
#1678 = EDGE_CURVE('',#1038,#1651,#1679,.T.);
#1679 = SURFACE_CURVE('',#1680,(#1684,#1691),.PCURVE_S1.);
#1680 = LINE('',#1681,#1682);
#1681 = CARTESIAN_POINT('',(-1.,0.55,0.81));
#1682 = VECTOR('',#1683,1.);
#1683 = DIRECTION('',(0.,0.,1.));
#1684 = PCURVE('',#824,#1685);
#1685 = DEFINITIONAL_REPRESENTATION('',(#1686),#1690);
#1686 = LINE('',#1687,#1688);
#1687 = CARTESIAN_POINT('',(0.,1.55));
#1688 = VECTOR('',#1689,1.);
#1689 = DIRECTION('',(-1.,0.));
#1690 = ( GEOMETRIC_REPRESENTATION_CONTEXT(2) 
PARAMETRIC_REPRESENTATION_CONTEXT() REPRESENTATION_CONTEXT('2D SPACE',''
  ) );
#1691 = PCURVE('',#1076,#1692);
#1692 = DEFINITIONAL_REPRESENTATION('',(#1693),#1697);
#1693 = LINE('',#1694,#1695);
#1694 = CARTESIAN_POINT('',(0.61,1.E-02));
#1695 = VECTOR('',#1696,1.);
#1696 = DIRECTION('',(1.,0.));
#1697 = ( GEOMETRIC_REPRESENTATION_CONTEXT(2) 
PARAMETRIC_REPRESENTATION_CONTEXT() REPRESENTATION_CONTEXT('2D SPACE',''
  ) );
#1698 = ORIENTED_EDGE('',*,*,#1037,.T.);
#1699 = ORIENTED_EDGE('',*,*,#1700,.F.);
#1700 = EDGE_CURVE('',#1701,#1010,#1703,.T.);
#1701 = VERTEX_POINT('',#1702);
#1702 = CARTESIAN_POINT('',(-1.,0.1,0.2));
#1703 = SURFACE_CURVE('',#1704,(#1708,#1715),.PCURVE_S1.);
#1704 = LINE('',#1705,#1706);
#1705 = CARTESIAN_POINT('',(-1.,0.1,0.81));
#1706 = VECTOR('',#1707,1.);
#1707 = DIRECTION('',(0.,0.,-1.));
#1708 = PCURVE('',#824,#1709);
#1709 = DEFINITIONAL_REPRESENTATION('',(#1710),#1714);
#1710 = LINE('',#1711,#1712);
#1711 = CARTESIAN_POINT('',(0.,1.1));
#1712 = VECTOR('',#1713,1.);
#1713 = DIRECTION('',(1.,0.));
#1714 = ( GEOMETRIC_REPRESENTATION_CONTEXT(2) 
PARAMETRIC_REPRESENTATION_CONTEXT() REPRESENTATION_CONTEXT('2D SPACE',''
  ) );
#1715 = PCURVE('',#1025,#1716);
#1716 = DEFINITIONAL_REPRESENTATION('',(#1717),#1721);
#1717 = LINE('',#1718,#1719);
#1718 = CARTESIAN_POINT('',(-0.61,1.E-02));
#1719 = VECTOR('',#1720,1.);
#1720 = DIRECTION('',(1.,0.));
#1721 = ( GEOMETRIC_REPRESENTATION_CONTEXT(2) 
PARAMETRIC_REPRESENTATION_CONTEXT() REPRESENTATION_CONTEXT('2D SPACE',''
  ) );
#1722 = ORIENTED_EDGE('',*,*,#1723,.T.);
#1723 = EDGE_CURVE('',#1701,#1724,#1726,.T.);
#1724 = VERTEX_POINT('',#1725);
#1725 = CARTESIAN_POINT('',(-1.,-1.E-01,0.2));
#1726 = SURFACE_CURVE('',#1727,(#1731,#1738),.PCURVE_S1.);
#1727 = LINE('',#1728,#1729);
#1728 = CARTESIAN_POINT('',(-1.,-1.,0.2));
#1729 = VECTOR('',#1730,1.);
#1730 = DIRECTION('',(0.,-1.,0.));
#1731 = PCURVE('',#824,#1732);
#1732 = DEFINITIONAL_REPRESENTATION('',(#1733),#1737);
#1733 = LINE('',#1734,#1735);
#1734 = CARTESIAN_POINT('',(0.61,0.));
#1735 = VECTOR('',#1736,1.);
#1736 = DIRECTION('',(0.,-1.));
#1737 = ( GEOMETRIC_REPRESENTATION_CONTEXT(2) 
PARAMETRIC_REPRESENTATION_CONTEXT() REPRESENTATION_CONTEXT('2D SPACE',''
  ) );
#1738 = PCURVE('',#1739,#1744);
#1739 = PLANE('',#1740);
#1740 = AXIS2_PLACEMENT_3D('',#1741,#1742,#1743);
#1741 = CARTESIAN_POINT('',(-0.76,4.336808689942E-16,0.2));
#1742 = DIRECTION('',(0.,0.,1.));
#1743 = DIRECTION('',(1.,0.,-0.));
#1744 = DEFINITIONAL_REPRESENTATION('',(#1745),#1749);
#1745 = LINE('',#1746,#1747);
#1746 = CARTESIAN_POINT('',(-0.24,-1.));
#1747 = VECTOR('',#1748,1.);
#1748 = DIRECTION('',(0.,-1.));
#1749 = ( GEOMETRIC_REPRESENTATION_CONTEXT(2) 
PARAMETRIC_REPRESENTATION_CONTEXT() REPRESENTATION_CONTEXT('2D SPACE',''
  ) );
#1750 = ORIENTED_EDGE('',*,*,#1751,.F.);
#1751 = EDGE_CURVE('',#926,#1724,#1752,.T.);
#1752 = SURFACE_CURVE('',#1753,(#1757,#1764),.PCURVE_S1.);
#1753 = LINE('',#1754,#1755);
#1754 = CARTESIAN_POINT('',(-1.,-1.E-01,0.81));
#1755 = VECTOR('',#1756,1.);
#1756 = DIRECTION('',(0.,0.,1.));
#1757 = PCURVE('',#824,#1758);
#1758 = DEFINITIONAL_REPRESENTATION('',(#1759),#1763);
#1759 = LINE('',#1760,#1761);
#1760 = CARTESIAN_POINT('',(0.,0.9));
#1761 = VECTOR('',#1762,1.);
#1762 = DIRECTION('',(-1.,0.));
#1763 = ( GEOMETRIC_REPRESENTATION_CONTEXT(2) 
PARAMETRIC_REPRESENTATION_CONTEXT() REPRESENTATION_CONTEXT('2D SPACE',''
  ) );
#1764 = PCURVE('',#964,#1765);
#1765 = DEFINITIONAL_REPRESENTATION('',(#1766),#1770);
#1766 = LINE('',#1767,#1768);
#1767 = CARTESIAN_POINT('',(0.61,1.E-02));
#1768 = VECTOR('',#1769,1.);
#1769 = DIRECTION('',(1.,0.));
#1770 = ( GEOMETRIC_REPRESENTATION_CONTEXT(2) 
PARAMETRIC_REPRESENTATION_CONTEXT() REPRESENTATION_CONTEXT('2D SPACE',''
  ) );
#1771 = ORIENTED_EDGE('',*,*,#925,.T.);
#1772 = ORIENTED_EDGE('',*,*,#1773,.F.);
#1773 = EDGE_CURVE('',#1774,#898,#1776,.T.);
#1774 = VERTEX_POINT('',#1775);
#1775 = CARTESIAN_POINT('',(-1.,-0.55,0.2));
#1776 = SURFACE_CURVE('',#1777,(#1781,#1788),.PCURVE_S1.);
#1777 = LINE('',#1778,#1779);
#1778 = CARTESIAN_POINT('',(-1.,-0.55,0.81));
#1779 = VECTOR('',#1780,1.);
#1780 = DIRECTION('',(0.,0.,-1.));
#1781 = PCURVE('',#824,#1782);
#1782 = DEFINITIONAL_REPRESENTATION('',(#1783),#1787);
#1783 = LINE('',#1784,#1785);
#1784 = CARTESIAN_POINT('',(0.,0.45));
#1785 = VECTOR('',#1786,1.);
#1786 = DIRECTION('',(1.,0.));
#1787 = ( GEOMETRIC_REPRESENTATION_CONTEXT(2) 
PARAMETRIC_REPRESENTATION_CONTEXT() REPRESENTATION_CONTEXT('2D SPACE',''
  ) );
#1788 = PCURVE('',#913,#1789);
#1789 = DEFINITIONAL_REPRESENTATION('',(#1790),#1794);
#1790 = LINE('',#1791,#1792);
#1791 = CARTESIAN_POINT('',(-0.61,1.E-02));
#1792 = VECTOR('',#1793,1.);
#1793 = DIRECTION('',(1.,0.));
#1794 = ( GEOMETRIC_REPRESENTATION_CONTEXT(2) 
PARAMETRIC_REPRESENTATION_CONTEXT() REPRESENTATION_CONTEXT('2D SPACE',''
  ) );
#1795 = ORIENTED_EDGE('',*,*,#1796,.T.);
#1796 = EDGE_CURVE('',#1774,#1536,#1797,.T.);
#1797 = SURFACE_CURVE('',#1798,(#1802,#1809),.PCURVE_S1.);
#1798 = LINE('',#1799,#1800);
#1799 = CARTESIAN_POINT('',(-1.,-1.,0.2));
#1800 = VECTOR('',#1801,1.);
#1801 = DIRECTION('',(0.,-1.,0.));
#1802 = PCURVE('',#824,#1803);
#1803 = DEFINITIONAL_REPRESENTATION('',(#1804),#1808);
#1804 = LINE('',#1805,#1806);
#1805 = CARTESIAN_POINT('',(0.61,0.));
#1806 = VECTOR('',#1807,1.);
#1807 = DIRECTION('',(0.,-1.));
#1808 = ( GEOMETRIC_REPRESENTATION_CONTEXT(2) 
PARAMETRIC_REPRESENTATION_CONTEXT() REPRESENTATION_CONTEXT('2D SPACE',''
  ) );
#1809 = PCURVE('',#1810,#1815);
#1810 = PLANE('',#1811);
#1811 = AXIS2_PLACEMENT_3D('',#1812,#1813,#1814);
#1812 = CARTESIAN_POINT('',(-0.76,-0.65,0.2));
#1813 = DIRECTION('',(0.,0.,1.));
#1814 = DIRECTION('',(1.,0.,-0.));
#1815 = DEFINITIONAL_REPRESENTATION('',(#1816),#1820);
#1816 = LINE('',#1817,#1818);
#1817 = CARTESIAN_POINT('',(-0.24,-0.35));
#1818 = VECTOR('',#1819,1.);
#1819 = DIRECTION('',(0.,-1.));
#1820 = ( GEOMETRIC_REPRESENTATION_CONTEXT(2) 
PARAMETRIC_REPRESENTATION_CONTEXT() REPRESENTATION_CONTEXT('2D SPACE',''
  ) );
#1821 = ADVANCED_FACE('',(#1822,#2880,#3442,#3512,#3541,#4239,#4617),
  #459,.F.);
#1822 = FACE_BOUND('',#1823,.T.);
#1823 = EDGE_LOOP('',(#1824,#1854,#1916,#2010,#2104,#2198,#2292,#2354,
    #2382,#2444,#2538,#2632,#2726,#2820));
#1824 = ORIENTED_EDGE('',*,*,#1825,.T.);
#1825 = EDGE_CURVE('',#1826,#1828,#1830,.T.);
#1826 = VERTEX_POINT('',#1827);
#1827 = CARTESIAN_POINT('',(-0.124587529346,0.27425100941,0.81));
#1828 = VERTEX_POINT('',#1829);
#1829 = CARTESIAN_POINT('',(-8.800216349226E-02,0.27425100941,0.81));
#1830 = SURFACE_CURVE('',#1831,(#1835,#1842),.PCURVE_S1.);
#1831 = LINE('',#1832,#1833);
#1832 = CARTESIAN_POINT('',(-0.124587529346,0.27425100941,0.81));
#1833 = VECTOR('',#1834,1.);
#1834 = DIRECTION('',(1.,0.,0.));
#1835 = PCURVE('',#459,#1836);
#1836 = DEFINITIONAL_REPRESENTATION('',(#1837),#1841);
#1837 = LINE('',#1838,#1839);
#1838 = CARTESIAN_POINT('',(0.124587529346,0.27425100941));
#1839 = VECTOR('',#1840,1.);
#1840 = DIRECTION('',(-1.,0.));
#1841 = ( GEOMETRIC_REPRESENTATION_CONTEXT(2) 
PARAMETRIC_REPRESENTATION_CONTEXT() REPRESENTATION_CONTEXT('2D SPACE',''
  ) );
#1842 = PCURVE('',#1843,#1848);
#1843 = PLANE('',#1844);
#1844 = AXIS2_PLACEMENT_3D('',#1845,#1846,#1847);
#1845 = CARTESIAN_POINT('',(-0.124587529346,0.27425100941,0.8));
#1846 = DIRECTION('',(0.,-1.,0.));
#1847 = DIRECTION('',(0.,-0.,-1.));
#1848 = DEFINITIONAL_REPRESENTATION('',(#1849),#1853);
#1849 = LINE('',#1850,#1851);
#1850 = CARTESIAN_POINT('',(-1.E-02,0.));
#1851 = VECTOR('',#1852,1.);
#1852 = DIRECTION('',(0.,1.));
#1853 = ( GEOMETRIC_REPRESENTATION_CONTEXT(2) 
PARAMETRIC_REPRESENTATION_CONTEXT() REPRESENTATION_CONTEXT('2D SPACE',''
  ) );
#1854 = ORIENTED_EDGE('',*,*,#1855,.T.);
#1855 = EDGE_CURVE('',#1828,#1856,#1858,.T.);
#1856 = VERTEX_POINT('',#1857);
#1857 = CARTESIAN_POINT('',(-0.110105822029,0.207606573435,0.81));
#1858 = SURFACE_CURVE('',#1859,(#1871,#1886),.PCURVE_S1.);
#1859 = B_SPLINE_CURVE_WITH_KNOTS('',3,(#1860,#1861,#1862,#1863,#1864,
    #1865,#1866,#1867,#1868,#1869,#1870),.UNSPECIFIED.,.F.,.F.,(4,1,1,1,
    1,1,1,1,4),(0.,0.108190563408,0.223615427177,0.348654075395,
    0.483714820184,0.620507078768,0.751977221387,0.877819220836,1.),
  .UNSPECIFIED.);
#1860 = CARTESIAN_POINT('',(-8.800216349226E-02,0.27425100941,0.81));
#1861 = CARTESIAN_POINT('',(-8.958995642905E-02,0.27221979926,0.81));
#1862 = CARTESIAN_POINT('',(-9.287171210762E-02,0.268021559496,0.81));
#1863 = CARTESIAN_POINT('',(-9.70389041558E-02,0.260815026389,0.81));
#1864 = CARTESIAN_POINT('',(-0.100788790507,0.25269043642,0.81));
#1865 = CARTESIAN_POINT('',(-0.104023571535,0.243804063502,0.81));
#1866 = CARTESIAN_POINT('',(-0.106730898341,0.234581404488,0.81));
#1867 = CARTESIAN_POINT('',(-0.108594856201,0.225380887935,0.81));
#1868 = CARTESIAN_POINT('',(-0.109894356921,0.216424529944,0.81));
#1869 = CARTESIAN_POINT('',(-0.110036030772,0.210516823145,0.81));
#1870 = CARTESIAN_POINT('',(-0.110105822029,0.207606573435,0.81));
#1871 = PCURVE('',#459,#1872);
#1872 = DEFINITIONAL_REPRESENTATION('',(#1873),#1885);
#1873 = B_SPLINE_CURVE_WITH_KNOTS('',3,(#1874,#1875,#1876,#1877,#1878,
    #1879,#1880,#1881,#1882,#1883,#1884),.UNSPECIFIED.,.F.,.F.,(4,1,1,1,
    1,1,1,1,4),(0.,0.108190563408,0.223615427177,0.348654075395,
    0.483714820184,0.620507078768,0.751977221387,0.877819220836,1.),
  .UNSPECIFIED.);
#1874 = CARTESIAN_POINT('',(8.800216349226E-02,0.27425100941));
#1875 = CARTESIAN_POINT('',(8.958995642905E-02,0.27221979926));
#1876 = CARTESIAN_POINT('',(9.287171210762E-02,0.268021559496));
#1877 = CARTESIAN_POINT('',(9.70389041558E-02,0.260815026389));
#1878 = CARTESIAN_POINT('',(0.100788790507,0.25269043642));
#1879 = CARTESIAN_POINT('',(0.104023571535,0.243804063502));
#1880 = CARTESIAN_POINT('',(0.106730898341,0.234581404488));
#1881 = CARTESIAN_POINT('',(0.108594856201,0.225380887935));
#1882 = CARTESIAN_POINT('',(0.109894356921,0.216424529944));
#1883 = CARTESIAN_POINT('',(0.110036030772,0.210516823145));
#1884 = CARTESIAN_POINT('',(0.110105822029,0.207606573435));
#1885 = ( GEOMETRIC_REPRESENTATION_CONTEXT(2) 
PARAMETRIC_REPRESENTATION_CONTEXT() REPRESENTATION_CONTEXT('2D SPACE',''
  ) );
#1886 = PCURVE('',#1887,#1910);
#1887 = B_SPLINE_SURFACE_WITH_KNOTS('',3,1,(
    (#1888,#1889)
    ,(#1890,#1891)
    ,(#1892,#1893)
    ,(#1894,#1895)
    ,(#1896,#1897)
    ,(#1898,#1899)
    ,(#1900,#1901)
    ,(#1902,#1903)
    ,(#1904,#1905)
    ,(#1906,#1907)
    ,(#1908,#1909
  )),.UNSPECIFIED.,.F.,.F.,.F.,(4,1,1,1,1,1,1,1,4),(2,2),(0.,
    0.108190563408,0.223615427177,0.348654075395,0.483714820184,
    0.620507078768,0.751977221387,0.877819220836,1.),(0.,1.),
  .UNSPECIFIED.);
#1888 = CARTESIAN_POINT('',(-8.800216349226E-02,0.27425100941,0.8));
#1889 = CARTESIAN_POINT('',(-8.800216349226E-02,0.27425100941,0.81));
#1890 = CARTESIAN_POINT('',(-8.958995642905E-02,0.27221979926,0.8));
#1891 = CARTESIAN_POINT('',(-8.958995642905E-02,0.27221979926,0.81));
#1892 = CARTESIAN_POINT('',(-9.287171210762E-02,0.268021559496,0.8));
#1893 = CARTESIAN_POINT('',(-9.287171210762E-02,0.268021559496,0.81));
#1894 = CARTESIAN_POINT('',(-9.70389041558E-02,0.260815026389,0.8));
#1895 = CARTESIAN_POINT('',(-9.70389041558E-02,0.260815026389,0.81));
#1896 = CARTESIAN_POINT('',(-0.100788790507,0.25269043642,0.8));
#1897 = CARTESIAN_POINT('',(-0.100788790507,0.25269043642,0.81));
#1898 = CARTESIAN_POINT('',(-0.104023571535,0.243804063502,0.8));
#1899 = CARTESIAN_POINT('',(-0.104023571535,0.243804063502,0.81));
#1900 = CARTESIAN_POINT('',(-0.106730898341,0.234581404488,0.8));
#1901 = CARTESIAN_POINT('',(-0.106730898341,0.234581404488,0.81));
#1902 = CARTESIAN_POINT('',(-0.108594856201,0.225380887935,0.8));
#1903 = CARTESIAN_POINT('',(-0.108594856201,0.225380887935,0.81));
#1904 = CARTESIAN_POINT('',(-0.109894356921,0.216424529944,0.8));
#1905 = CARTESIAN_POINT('',(-0.109894356921,0.216424529944,0.81));
#1906 = CARTESIAN_POINT('',(-0.110036030772,0.210516823145,0.8));
#1907 = CARTESIAN_POINT('',(-0.110036030772,0.210516823145,0.81));
#1908 = CARTESIAN_POINT('',(-0.110105822029,0.207606573435,0.8));
#1909 = CARTESIAN_POINT('',(-0.110105822029,0.207606573435,0.81));
#1910 = DEFINITIONAL_REPRESENTATION('',(#1911),#1915);
#1911 = LINE('',#1912,#1913);
#1912 = CARTESIAN_POINT('',(-3.459104103741E-16,1.));
#1913 = VECTOR('',#1914,1.);
#1914 = DIRECTION('',(1.,0.));
#1915 = ( GEOMETRIC_REPRESENTATION_CONTEXT(2) 
PARAMETRIC_REPRESENTATION_CONTEXT() REPRESENTATION_CONTEXT('2D SPACE',''
  ) );
#1916 = ORIENTED_EDGE('',*,*,#1917,.T.);
#1917 = EDGE_CURVE('',#1856,#1918,#1920,.T.);
#1918 = VERTEX_POINT('',#1919);
#1919 = CARTESIAN_POINT('',(-7.280589824836E-02,0.155348570386,0.81));
#1920 = SURFACE_CURVE('',#1921,(#1941,#1964),.PCURVE_S1.);
#1921 = B_SPLINE_CURVE_WITH_KNOTS('',3,(#1922,#1923,#1924,#1925,#1926,
    #1927,#1928,#1929,#1930,#1931,#1932,#1933,#1934,#1935,#1936,#1937,
    #1938,#1939,#1940),.UNSPECIFIED.,.F.,.F.,(4,1,1,1,1,1,1,1,1,1,1,1,1,
    1,1,1,4),(0.,8.674703274149E-02,0.167816092553,0.244172051398,
    0.315274320423,0.381557868498,0.444292045636,0.503784045556,
    0.560047304461,0.613818165292,0.666389525176,0.718166309971,
    0.770102982284,0.823988379582,0.87934886913,0.937998704004,1.),
  .UNSPECIFIED.);
#1922 = CARTESIAN_POINT('',(-0.110105822029,0.207606573435,0.81));
#1923 = CARTESIAN_POINT('',(-0.110078804115,0.205494084605,0.81));
#1924 = CARTESIAN_POINT('',(-0.110026536727,0.201407378584,0.81));
#1925 = CARTESIAN_POINT('',(-0.109613654451,0.195470593538,0.81));
#1926 = CARTESIAN_POINT('',(-0.108835788475,0.189956972331,0.81));
#1927 = CARTESIAN_POINT('',(-0.107859979612,0.184841604949,0.81));
#1928 = CARTESIAN_POINT('',(-0.106585357796,0.180130762731,0.81));
#1929 = CARTESIAN_POINT('',(-0.10495646844,0.175831976122,0.81));
#1930 = CARTESIAN_POINT('',(-0.10306647291,0.171910728617,0.81));
#1931 = CARTESIAN_POINT('',(-0.10087195617,0.16840197107,0.81));
#1932 = CARTESIAN_POINT('',(-9.836708029574E-02,0.165323452007,0.81));
#1933 = CARTESIAN_POINT('',(-9.560096188449E-02,0.162630184583,0.81));
#1934 = CARTESIAN_POINT('',(-9.252338424856E-02,0.160369689519,0.81));
#1935 = CARTESIAN_POINT('',(-8.913658376182E-02,0.158539832581,0.81));
#1936 = CARTESIAN_POINT('',(-8.546406339908E-02,0.157130461752,0.81));
#1937 = CARTESIAN_POINT('',(-8.151047199714E-02,0.156060740902,0.81));
#1938 = CARTESIAN_POINT('',(-7.725585267554E-02,0.155441543808,0.81));
#1939 = CARTESIAN_POINT('',(-7.431643356586E-02,0.155380130178,0.81));
#1940 = CARTESIAN_POINT('',(-7.280589824836E-02,0.155348570386,0.81));
#1941 = PCURVE('',#459,#1942);
#1942 = DEFINITIONAL_REPRESENTATION('',(#1943),#1963);
#1943 = B_SPLINE_CURVE_WITH_KNOTS('',3,(#1944,#1945,#1946,#1947,#1948,
    #1949,#1950,#1951,#1952,#1953,#1954,#1955,#1956,#1957,#1958,#1959,
    #1960,#1961,#1962),.UNSPECIFIED.,.F.,.F.,(4,1,1,1,1,1,1,1,1,1,1,1,1,
    1,1,1,4),(0.,8.674703274149E-02,0.167816092553,0.244172051398,
    0.315274320423,0.381557868498,0.444292045636,0.503784045556,
    0.560047304461,0.613818165292,0.666389525176,0.718166309971,
    0.770102982284,0.823988379582,0.87934886913,0.937998704004,1.),
  .UNSPECIFIED.);
#1944 = CARTESIAN_POINT('',(0.110105822029,0.207606573435));
#1945 = CARTESIAN_POINT('',(0.110078804115,0.205494084605));
#1946 = CARTESIAN_POINT('',(0.110026536727,0.201407378584));
#1947 = CARTESIAN_POINT('',(0.109613654451,0.195470593538));
#1948 = CARTESIAN_POINT('',(0.108835788475,0.189956972331));
#1949 = CARTESIAN_POINT('',(0.107859979612,0.184841604949));
#1950 = CARTESIAN_POINT('',(0.106585357796,0.180130762731));
#1951 = CARTESIAN_POINT('',(0.10495646844,0.175831976122));
#1952 = CARTESIAN_POINT('',(0.10306647291,0.171910728617));
#1953 = CARTESIAN_POINT('',(0.10087195617,0.16840197107));
#1954 = CARTESIAN_POINT('',(9.836708029574E-02,0.165323452007));
#1955 = CARTESIAN_POINT('',(9.560096188449E-02,0.162630184583));
#1956 = CARTESIAN_POINT('',(9.252338424856E-02,0.160369689519));
#1957 = CARTESIAN_POINT('',(8.913658376182E-02,0.158539832581));
#1958 = CARTESIAN_POINT('',(8.546406339908E-02,0.157130461752));
#1959 = CARTESIAN_POINT('',(8.151047199714E-02,0.156060740902));
#1960 = CARTESIAN_POINT('',(7.725585267554E-02,0.155441543808));
#1961 = CARTESIAN_POINT('',(7.431643356586E-02,0.155380130178));
#1962 = CARTESIAN_POINT('',(7.280589824836E-02,0.155348570386));
#1963 = ( GEOMETRIC_REPRESENTATION_CONTEXT(2) 
PARAMETRIC_REPRESENTATION_CONTEXT() REPRESENTATION_CONTEXT('2D SPACE',''
  ) );
#1964 = PCURVE('',#1965,#2004);
#1965 = B_SPLINE_SURFACE_WITH_KNOTS('',3,1,(
    (#1966,#1967)
    ,(#1968,#1969)
    ,(#1970,#1971)
    ,(#1972,#1973)
    ,(#1974,#1975)
    ,(#1976,#1977)
    ,(#1978,#1979)
    ,(#1980,#1981)
    ,(#1982,#1983)
    ,(#1984,#1985)
    ,(#1986,#1987)
    ,(#1988,#1989)
    ,(#1990,#1991)
    ,(#1992,#1993)
    ,(#1994,#1995)
    ,(#1996,#1997)
    ,(#1998,#1999)
    ,(#2000,#2001)
    ,(#2002,#2003
    )),.UNSPECIFIED.,.F.,.F.,.F.,(4,1,1,1,1,1,1,1,1,1,1,1,1,1,1,1,4),(2,
    2),(0.,8.674703274149E-02,0.167816092553,0.244172051398,
    0.315274320423,0.381557868498,0.444292045636,0.503784045556,
    0.560047304461,0.613818165292,0.666389525176,0.718166309971,
    0.770102982284,0.823988379582,0.87934886913,0.937998704004,1.),(0.,
    1.),.UNSPECIFIED.);
#1966 = CARTESIAN_POINT('',(-0.110105822029,0.207606573435,0.8));
#1967 = CARTESIAN_POINT('',(-0.110105822029,0.207606573435,0.81));
#1968 = CARTESIAN_POINT('',(-0.110078804115,0.205494084605,0.8));
#1969 = CARTESIAN_POINT('',(-0.110078804115,0.205494084605,0.81));
#1970 = CARTESIAN_POINT('',(-0.110026536727,0.201407378584,0.8));
#1971 = CARTESIAN_POINT('',(-0.110026536727,0.201407378584,0.81));
#1972 = CARTESIAN_POINT('',(-0.109613654451,0.195470593538,0.8));
#1973 = CARTESIAN_POINT('',(-0.109613654451,0.195470593538,0.81));
#1974 = CARTESIAN_POINT('',(-0.108835788475,0.189956972331,0.8));
#1975 = CARTESIAN_POINT('',(-0.108835788475,0.189956972331,0.81));
#1976 = CARTESIAN_POINT('',(-0.107859979612,0.184841604949,0.8));
#1977 = CARTESIAN_POINT('',(-0.107859979612,0.184841604949,0.81));
#1978 = CARTESIAN_POINT('',(-0.106585357796,0.180130762731,0.8));
#1979 = CARTESIAN_POINT('',(-0.106585357796,0.180130762731,0.81));
#1980 = CARTESIAN_POINT('',(-0.10495646844,0.175831976122,0.8));
#1981 = CARTESIAN_POINT('',(-0.10495646844,0.175831976122,0.81));
#1982 = CARTESIAN_POINT('',(-0.10306647291,0.171910728617,0.8));
#1983 = CARTESIAN_POINT('',(-0.10306647291,0.171910728617,0.81));
#1984 = CARTESIAN_POINT('',(-0.10087195617,0.16840197107,0.8));
#1985 = CARTESIAN_POINT('',(-0.10087195617,0.16840197107,0.81));
#1986 = CARTESIAN_POINT('',(-9.836708029574E-02,0.165323452007,0.8));
#1987 = CARTESIAN_POINT('',(-9.836708029574E-02,0.165323452007,0.81));
#1988 = CARTESIAN_POINT('',(-9.560096188449E-02,0.162630184583,0.8));
#1989 = CARTESIAN_POINT('',(-9.560096188449E-02,0.162630184583,0.81));
#1990 = CARTESIAN_POINT('',(-9.252338424856E-02,0.160369689519,0.8));
#1991 = CARTESIAN_POINT('',(-9.252338424856E-02,0.160369689519,0.81));
#1992 = CARTESIAN_POINT('',(-8.913658376182E-02,0.158539832581,0.8));
#1993 = CARTESIAN_POINT('',(-8.913658376182E-02,0.158539832581,0.81));
#1994 = CARTESIAN_POINT('',(-8.546406339908E-02,0.157130461752,0.8));
#1995 = CARTESIAN_POINT('',(-8.546406339908E-02,0.157130461752,0.81));
#1996 = CARTESIAN_POINT('',(-8.151047199714E-02,0.156060740902,0.8));
#1997 = CARTESIAN_POINT('',(-8.151047199714E-02,0.156060740902,0.81));
#1998 = CARTESIAN_POINT('',(-7.725585267554E-02,0.155441543808,0.8));
#1999 = CARTESIAN_POINT('',(-7.725585267554E-02,0.155441543808,0.81));
#2000 = CARTESIAN_POINT('',(-7.431643356586E-02,0.155380130178,0.8));
#2001 = CARTESIAN_POINT('',(-7.431643356586E-02,0.155380130178,0.81));
#2002 = CARTESIAN_POINT('',(-7.280589824836E-02,0.155348570386,0.8));
#2003 = CARTESIAN_POINT('',(-7.280589824836E-02,0.155348570386,0.81));
#2004 = DEFINITIONAL_REPRESENTATION('',(#2005),#2009);
#2005 = LINE('',#2006,#2007);
#2006 = CARTESIAN_POINT('',(-1.648820746616E-16,1.));
#2007 = VECTOR('',#2008,1.);
#2008 = DIRECTION('',(1.,-5.551115123126E-15));
#2009 = ( GEOMETRIC_REPRESENTATION_CONTEXT(2) 
PARAMETRIC_REPRESENTATION_CONTEXT() REPRESENTATION_CONTEXT('2D SPACE',''
  ) );
#2010 = ORIENTED_EDGE('',*,*,#2011,.T.);
#2011 = EDGE_CURVE('',#1918,#2012,#2014,.T.);
#2012 = VERTEX_POINT('',#2013);
#2013 = CARTESIAN_POINT('',(-1.945223971177E-02,0.213132488069,0.81));
#2014 = SURFACE_CURVE('',#2015,(#2035,#2058),.PCURVE_S1.);
#2015 = B_SPLINE_CURVE_WITH_KNOTS('',3,(#2016,#2017,#2018,#2019,#2020,
    #2021,#2022,#2023,#2024,#2025,#2026,#2027,#2028,#2029,#2030,#2031,
    #2032,#2033,#2034),.UNSPECIFIED.,.F.,.F.,(4,1,1,1,1,1,1,1,1,1,1,1,1,
    1,1,1,4),(0.,6.143677559668E-02,0.120786283623,0.179529799813,
    0.239083609676,0.300045672964,0.36368448217,0.429063656518,
    0.497600153655,0.536226551208,0.582212761661,0.634304033695,
    0.693520644727,0.759646206509,0.833191745162,0.912881341932,1.),
  .UNSPECIFIED.);
#2016 = CARTESIAN_POINT('',(-7.280589824836E-02,0.155348570386,0.81));
#2017 = CARTESIAN_POINT('',(-7.109920659139E-02,0.155398926967,0.81));
#2018 = CARTESIAN_POINT('',(-6.774380682417E-02,0.155497929302,0.81));
#2019 = CARTESIAN_POINT('',(-6.288806770373E-02,0.156692932444,0.81));
#2020 = CARTESIAN_POINT('',(-5.823622972854E-02,0.158356163147,0.81));
#2021 = CARTESIAN_POINT('',(-5.395231526612E-02,0.16091970056,0.81));
#2022 = CARTESIAN_POINT('',(-4.986976223773E-02,0.163992514544,0.81));
#2023 = CARTESIAN_POINT('',(-4.603118449234E-02,0.167612793256,0.81));
#2024 = CARTESIAN_POINT('',(-4.243429393286E-02,0.171750855803,0.81));
#2025 = CARTESIAN_POINT('',(-3.964146931997E-02,0.175640925186,0.81));
#2026 = CARTESIAN_POINT('',(-3.738735066787E-02,0.179238089474,0.81));
#2027 = CARTESIAN_POINT('',(-3.546103112062E-02,0.182500708278,0.81));
#2028 = CARTESIAN_POINT('',(-3.329237531534E-02,0.186282877415,0.81));
#2029 = CARTESIAN_POINT('',(-3.098669640091E-02,0.190626824885,0.81));
#2030 = CARTESIAN_POINT('',(-2.839682308115E-02,0.195492492851,0.81));
#2031 = CARTESIAN_POINT('',(-2.560945951692E-02,0.200895522601,0.81));
#2032 = CARTESIAN_POINT('',(-2.259062493405E-02,0.206833522448,0.81));
#2033 = CARTESIAN_POINT('',(-2.052897437505E-02,0.210971403898,0.81));
#2034 = CARTESIAN_POINT('',(-1.945223971177E-02,0.213132488069,0.81));
#2035 = PCURVE('',#459,#2036);
#2036 = DEFINITIONAL_REPRESENTATION('',(#2037),#2057);
#2037 = B_SPLINE_CURVE_WITH_KNOTS('',3,(#2038,#2039,#2040,#2041,#2042,
    #2043,#2044,#2045,#2046,#2047,#2048,#2049,#2050,#2051,#2052,#2053,
    #2054,#2055,#2056),.UNSPECIFIED.,.F.,.F.,(4,1,1,1,1,1,1,1,1,1,1,1,1,
    1,1,1,4),(0.,6.143677559668E-02,0.120786283623,0.179529799813,
    0.239083609676,0.300045672964,0.36368448217,0.429063656518,
    0.497600153655,0.536226551208,0.582212761661,0.634304033695,
    0.693520644727,0.759646206509,0.833191745162,0.912881341932,1.),
  .UNSPECIFIED.);
#2038 = CARTESIAN_POINT('',(7.280589824836E-02,0.155348570386));
#2039 = CARTESIAN_POINT('',(7.109920659139E-02,0.155398926967));
#2040 = CARTESIAN_POINT('',(6.774380682417E-02,0.155497929302));
#2041 = CARTESIAN_POINT('',(6.288806770373E-02,0.156692932444));
#2042 = CARTESIAN_POINT('',(5.823622972854E-02,0.158356163147));
#2043 = CARTESIAN_POINT('',(5.395231526612E-02,0.16091970056));
#2044 = CARTESIAN_POINT('',(4.986976223773E-02,0.163992514544));
#2045 = CARTESIAN_POINT('',(4.603118449234E-02,0.167612793256));
#2046 = CARTESIAN_POINT('',(4.243429393286E-02,0.171750855803));
#2047 = CARTESIAN_POINT('',(3.964146931997E-02,0.175640925186));
#2048 = CARTESIAN_POINT('',(3.738735066787E-02,0.179238089474));
#2049 = CARTESIAN_POINT('',(3.546103112062E-02,0.182500708278));
#2050 = CARTESIAN_POINT('',(3.329237531534E-02,0.186282877415));
#2051 = CARTESIAN_POINT('',(3.098669640091E-02,0.190626824885));
#2052 = CARTESIAN_POINT('',(2.839682308115E-02,0.195492492851));
#2053 = CARTESIAN_POINT('',(2.560945951692E-02,0.200895522601));
#2054 = CARTESIAN_POINT('',(2.259062493405E-02,0.206833522448));
#2055 = CARTESIAN_POINT('',(2.052897437505E-02,0.210971403898));
#2056 = CARTESIAN_POINT('',(1.945223971177E-02,0.213132488069));
#2057 = ( GEOMETRIC_REPRESENTATION_CONTEXT(2) 
PARAMETRIC_REPRESENTATION_CONTEXT() REPRESENTATION_CONTEXT('2D SPACE',''
  ) );
#2058 = PCURVE('',#2059,#2098);
#2059 = B_SPLINE_SURFACE_WITH_KNOTS('',3,1,(
    (#2060,#2061)
    ,(#2062,#2063)
    ,(#2064,#2065)
    ,(#2066,#2067)
    ,(#2068,#2069)
    ,(#2070,#2071)
    ,(#2072,#2073)
    ,(#2074,#2075)
    ,(#2076,#2077)
    ,(#2078,#2079)
    ,(#2080,#2081)
    ,(#2082,#2083)
    ,(#2084,#2085)
    ,(#2086,#2087)
    ,(#2088,#2089)
    ,(#2090,#2091)
    ,(#2092,#2093)
    ,(#2094,#2095)
    ,(#2096,#2097
    )),.UNSPECIFIED.,.F.,.F.,.F.,(4,1,1,1,1,1,1,1,1,1,1,1,1,1,1,1,4),(2,
    2),(0.,6.143677559668E-02,0.120786283623,0.179529799813,
    0.239083609676,0.300045672964,0.36368448217,0.429063656518,
    0.497600153655,0.536226551208,0.582212761661,0.634304033695,
    0.693520644727,0.759646206509,0.833191745162,0.912881341932,1.),(0.,
    1.),.UNSPECIFIED.);
#2060 = CARTESIAN_POINT('',(-7.280589824836E-02,0.155348570386,0.8));
#2061 = CARTESIAN_POINT('',(-7.280589824836E-02,0.155348570386,0.81));
#2062 = CARTESIAN_POINT('',(-7.109920659139E-02,0.155398926967,0.8));
#2063 = CARTESIAN_POINT('',(-7.109920659139E-02,0.155398926967,0.81));
#2064 = CARTESIAN_POINT('',(-6.774380682417E-02,0.155497929302,0.8));
#2065 = CARTESIAN_POINT('',(-6.774380682417E-02,0.155497929302,0.81));
#2066 = CARTESIAN_POINT('',(-6.288806770373E-02,0.156692932444,0.8));
#2067 = CARTESIAN_POINT('',(-6.288806770373E-02,0.156692932444,0.81));
#2068 = CARTESIAN_POINT('',(-5.823622972854E-02,0.158356163147,0.8));
#2069 = CARTESIAN_POINT('',(-5.823622972854E-02,0.158356163147,0.81));
#2070 = CARTESIAN_POINT('',(-5.395231526612E-02,0.16091970056,0.8));
#2071 = CARTESIAN_POINT('',(-5.395231526612E-02,0.16091970056,0.81));
#2072 = CARTESIAN_POINT('',(-4.986976223773E-02,0.163992514544,0.8));
#2073 = CARTESIAN_POINT('',(-4.986976223773E-02,0.163992514544,0.81));
#2074 = CARTESIAN_POINT('',(-4.603118449234E-02,0.167612793256,0.8));
#2075 = CARTESIAN_POINT('',(-4.603118449234E-02,0.167612793256,0.81));
#2076 = CARTESIAN_POINT('',(-4.243429393286E-02,0.171750855803,0.8));
#2077 = CARTESIAN_POINT('',(-4.243429393286E-02,0.171750855803,0.81));
#2078 = CARTESIAN_POINT('',(-3.964146931997E-02,0.175640925186,0.8));
#2079 = CARTESIAN_POINT('',(-3.964146931997E-02,0.175640925186,0.81));
#2080 = CARTESIAN_POINT('',(-3.738735066787E-02,0.179238089474,0.8));
#2081 = CARTESIAN_POINT('',(-3.738735066787E-02,0.179238089474,0.81));
#2082 = CARTESIAN_POINT('',(-3.546103112062E-02,0.182500708278,0.8));
#2083 = CARTESIAN_POINT('',(-3.546103112062E-02,0.182500708278,0.81));
#2084 = CARTESIAN_POINT('',(-3.329237531534E-02,0.186282877415,0.8));
#2085 = CARTESIAN_POINT('',(-3.329237531534E-02,0.186282877415,0.81));
#2086 = CARTESIAN_POINT('',(-3.098669640091E-02,0.190626824885,0.8));
#2087 = CARTESIAN_POINT('',(-3.098669640091E-02,0.190626824885,0.81));
#2088 = CARTESIAN_POINT('',(-2.839682308115E-02,0.195492492851,0.8));
#2089 = CARTESIAN_POINT('',(-2.839682308115E-02,0.195492492851,0.81));
#2090 = CARTESIAN_POINT('',(-2.560945951692E-02,0.200895522601,0.8));
#2091 = CARTESIAN_POINT('',(-2.560945951692E-02,0.200895522601,0.81));
#2092 = CARTESIAN_POINT('',(-2.259062493405E-02,0.206833522448,0.8));
#2093 = CARTESIAN_POINT('',(-2.259062493405E-02,0.206833522448,0.81));
#2094 = CARTESIAN_POINT('',(-2.052897437505E-02,0.210971403898,0.8));
#2095 = CARTESIAN_POINT('',(-2.052897437505E-02,0.210971403898,0.81));
#2096 = CARTESIAN_POINT('',(-1.945223971177E-02,0.213132488069,0.8));
#2097 = CARTESIAN_POINT('',(-1.945223971177E-02,0.213132488069,0.81));
#2098 = DEFINITIONAL_REPRESENTATION('',(#2099),#2103);
#2099 = LINE('',#2100,#2101);
#2100 = CARTESIAN_POINT('',(-2.12208553939E-17,1.));
#2101 = VECTOR('',#2102,1.);
#2102 = DIRECTION('',(1.,1.110223024625E-14));
#2103 = ( GEOMETRIC_REPRESENTATION_CONTEXT(2) 
PARAMETRIC_REPRESENTATION_CONTEXT() REPRESENTATION_CONTEXT('2D SPACE',''
  ) );
#2104 = ORIENTED_EDGE('',*,*,#2105,.T.);
#2105 = EDGE_CURVE('',#2012,#2106,#2108,.T.);
#2106 = VERTEX_POINT('',#2107);
#2107 = CARTESIAN_POINT('',(5.147954382482E-02,0.27425100941,0.81));
#2108 = SURFACE_CURVE('',#2109,(#2129,#2152),.PCURVE_S1.);
#2109 = B_SPLINE_CURVE_WITH_KNOTS('',3,(#2110,#2111,#2112,#2113,#2114,
    #2115,#2116,#2117,#2118,#2119,#2120,#2121,#2122,#2123,#2124,#2125,
    #2126,#2127,#2128),.UNSPECIFIED.,.F.,.F.,(4,1,1,1,1,1,1,1,1,1,1,1,1,
    1,1,1,4),(0.,0.101218005628,0.194813131507,0.280889612719,
    0.359581567526,0.431734083267,0.496917284448,0.555448165262,
    0.608072369233,0.657578652066,0.706004973909,0.754594113423,
    0.802754979662,0.850930103818,0.899632186762,0.949247018408,1.),
  .UNSPECIFIED.);
#2110 = CARTESIAN_POINT('',(-1.945223971177E-02,0.213132488069,0.81));
#2111 = CARTESIAN_POINT('',(-1.793114340426E-02,0.216127822651,0.81));
#2112 = CARTESIAN_POINT('',(-1.500350683257E-02,0.221892908678,0.81));
#2113 = CARTESIAN_POINT('',(-1.047509944081E-02,0.230043884472,0.81));
#2114 = CARTESIAN_POINT('',(-6.055554199535E-03,0.237393754022,0.81));
#2115 = CARTESIAN_POINT('',(-1.720419862486E-03,0.243957345514,0.81));
#2116 = CARTESIAN_POINT('',(2.548721956473E-03,0.249721900607,0.81));
#2117 = CARTESIAN_POINT('',(6.73072063556E-03,0.254705069458,0.81));
#2118 = CARTESIAN_POINT('',(1.083469232997E-02,0.258887026935,0.81));
#2119 = CARTESIAN_POINT('',(1.490432811734E-02,0.262344619051,0.81));
#2120 = CARTESIAN_POINT('',(1.901663697834E-02,0.265196028499,0.81));
#2121 = CARTESIAN_POINT('',(2.325360207757E-02,0.267595277797,0.81));
#2122 = CARTESIAN_POINT('',(2.762841626463E-02,0.269621474096,0.81));
#2123 = CARTESIAN_POINT('',(3.211220967744E-02,0.271377577999,0.81));
#2124 = CARTESIAN_POINT('',(3.676259037437E-02,0.27265372459,0.81));
#2125 = CARTESIAN_POINT('',(4.154493025729E-02,0.273542868691,0.81));
#2126 = CARTESIAN_POINT('',(4.646232402956E-02,0.274147885361,0.81));
#2127 = CARTESIAN_POINT('',(4.979454167672E-02,0.274216375838,0.81));
#2128 = CARTESIAN_POINT('',(5.147954382482E-02,0.27425100941,0.81));
#2129 = PCURVE('',#459,#2130);
#2130 = DEFINITIONAL_REPRESENTATION('',(#2131),#2151);
#2131 = B_SPLINE_CURVE_WITH_KNOTS('',3,(#2132,#2133,#2134,#2135,#2136,
    #2137,#2138,#2139,#2140,#2141,#2142,#2143,#2144,#2145,#2146,#2147,
    #2148,#2149,#2150),.UNSPECIFIED.,.F.,.F.,(4,1,1,1,1,1,1,1,1,1,1,1,1,
    1,1,1,4),(0.,0.101218005628,0.194813131507,0.280889612719,
    0.359581567526,0.431734083267,0.496917284448,0.555448165262,
    0.608072369233,0.657578652066,0.706004973909,0.754594113423,
    0.802754979662,0.850930103818,0.899632186762,0.949247018408,1.),
  .UNSPECIFIED.);
#2132 = CARTESIAN_POINT('',(1.945223971177E-02,0.213132488069));
#2133 = CARTESIAN_POINT('',(1.793114340426E-02,0.216127822651));
#2134 = CARTESIAN_POINT('',(1.500350683257E-02,0.221892908678));
#2135 = CARTESIAN_POINT('',(1.047509944081E-02,0.230043884472));
#2136 = CARTESIAN_POINT('',(6.055554199535E-03,0.237393754022));
#2137 = CARTESIAN_POINT('',(1.720419862486E-03,0.243957345514));
#2138 = CARTESIAN_POINT('',(-2.548721956473E-03,0.249721900607));
#2139 = CARTESIAN_POINT('',(-6.73072063556E-03,0.254705069458));
#2140 = CARTESIAN_POINT('',(-1.083469232997E-02,0.258887026935));
#2141 = CARTESIAN_POINT('',(-1.490432811734E-02,0.262344619051));
#2142 = CARTESIAN_POINT('',(-1.901663697834E-02,0.265196028499));
#2143 = CARTESIAN_POINT('',(-2.325360207757E-02,0.267595277797));
#2144 = CARTESIAN_POINT('',(-2.762841626463E-02,0.269621474096));
#2145 = CARTESIAN_POINT('',(-3.211220967744E-02,0.271377577999));
#2146 = CARTESIAN_POINT('',(-3.676259037437E-02,0.27265372459));
#2147 = CARTESIAN_POINT('',(-4.154493025729E-02,0.273542868691));
#2148 = CARTESIAN_POINT('',(-4.646232402956E-02,0.274147885361));
#2149 = CARTESIAN_POINT('',(-4.979454167672E-02,0.274216375838));
#2150 = CARTESIAN_POINT('',(-5.147954382482E-02,0.27425100941));
#2151 = ( GEOMETRIC_REPRESENTATION_CONTEXT(2) 
PARAMETRIC_REPRESENTATION_CONTEXT() REPRESENTATION_CONTEXT('2D SPACE',''
  ) );
#2152 = PCURVE('',#2153,#2192);
#2153 = B_SPLINE_SURFACE_WITH_KNOTS('',3,1,(
    (#2154,#2155)
    ,(#2156,#2157)
    ,(#2158,#2159)
    ,(#2160,#2161)
    ,(#2162,#2163)
    ,(#2164,#2165)
    ,(#2166,#2167)
    ,(#2168,#2169)
    ,(#2170,#2171)
    ,(#2172,#2173)
    ,(#2174,#2175)
    ,(#2176,#2177)
    ,(#2178,#2179)
    ,(#2180,#2181)
    ,(#2182,#2183)
    ,(#2184,#2185)
    ,(#2186,#2187)
    ,(#2188,#2189)
    ,(#2190,#2191
    )),.UNSPECIFIED.,.F.,.F.,.F.,(4,1,1,1,1,1,1,1,1,1,1,1,1,1,1,1,4),(2,
    2),(0.,0.101218005628,0.194813131507,0.280889612719,0.359581567526,
    0.431734083267,0.496917284448,0.555448165262,0.608072369233,
    0.657578652066,0.706004973909,0.754594113423,0.802754979662,
    0.850930103818,0.899632186762,0.949247018408,1.),(0.,1.),
  .UNSPECIFIED.);
#2154 = CARTESIAN_POINT('',(-1.945223971177E-02,0.213132488069,0.8));
#2155 = CARTESIAN_POINT('',(-1.945223971177E-02,0.213132488069,0.81));
#2156 = CARTESIAN_POINT('',(-1.793114340426E-02,0.216127822651,0.8));
#2157 = CARTESIAN_POINT('',(-1.793114340426E-02,0.216127822651,0.81));
#2158 = CARTESIAN_POINT('',(-1.500350683257E-02,0.221892908678,0.8));
#2159 = CARTESIAN_POINT('',(-1.500350683257E-02,0.221892908678,0.81));
#2160 = CARTESIAN_POINT('',(-1.047509944081E-02,0.230043884472,0.8));
#2161 = CARTESIAN_POINT('',(-1.047509944081E-02,0.230043884472,0.81));
#2162 = CARTESIAN_POINT('',(-6.055554199535E-03,0.237393754022,0.8));
#2163 = CARTESIAN_POINT('',(-6.055554199535E-03,0.237393754022,0.81));
#2164 = CARTESIAN_POINT('',(-1.720419862486E-03,0.243957345514,0.8));
#2165 = CARTESIAN_POINT('',(-1.720419862486E-03,0.243957345514,0.81));
#2166 = CARTESIAN_POINT('',(2.548721956473E-03,0.249721900607,0.8));
#2167 = CARTESIAN_POINT('',(2.548721956473E-03,0.249721900607,0.81));
#2168 = CARTESIAN_POINT('',(6.73072063556E-03,0.254705069458,0.8));
#2169 = CARTESIAN_POINT('',(6.73072063556E-03,0.254705069458,0.81));
#2170 = CARTESIAN_POINT('',(1.083469232997E-02,0.258887026935,0.8));
#2171 = CARTESIAN_POINT('',(1.083469232997E-02,0.258887026935,0.81));
#2172 = CARTESIAN_POINT('',(1.490432811734E-02,0.262344619051,0.8));
#2173 = CARTESIAN_POINT('',(1.490432811734E-02,0.262344619051,0.81));
#2174 = CARTESIAN_POINT('',(1.901663697834E-02,0.265196028499,0.8));
#2175 = CARTESIAN_POINT('',(1.901663697834E-02,0.265196028499,0.81));
#2176 = CARTESIAN_POINT('',(2.325360207757E-02,0.267595277797,0.8));
#2177 = CARTESIAN_POINT('',(2.325360207757E-02,0.267595277797,0.81));
#2178 = CARTESIAN_POINT('',(2.762841626463E-02,0.269621474096,0.8));
#2179 = CARTESIAN_POINT('',(2.762841626463E-02,0.269621474096,0.81));
#2180 = CARTESIAN_POINT('',(3.211220967744E-02,0.271377577999,0.8));
#2181 = CARTESIAN_POINT('',(3.211220967744E-02,0.271377577999,0.81));
#2182 = CARTESIAN_POINT('',(3.676259037437E-02,0.27265372459,0.8));
#2183 = CARTESIAN_POINT('',(3.676259037437E-02,0.27265372459,0.81));
#2184 = CARTESIAN_POINT('',(4.154493025729E-02,0.273542868691,0.8));
#2185 = CARTESIAN_POINT('',(4.154493025729E-02,0.273542868691,0.81));
#2186 = CARTESIAN_POINT('',(4.646232402956E-02,0.274147885361,0.8));
#2187 = CARTESIAN_POINT('',(4.646232402956E-02,0.274147885361,0.81));
#2188 = CARTESIAN_POINT('',(4.979454167672E-02,0.274216375838,0.8));
#2189 = CARTESIAN_POINT('',(4.979454167672E-02,0.274216375838,0.81));
#2190 = CARTESIAN_POINT('',(5.147954382482E-02,0.27425100941,0.8));
#2191 = CARTESIAN_POINT('',(5.147954382482E-02,0.27425100941,0.81));
#2192 = DEFINITIONAL_REPRESENTATION('',(#2193),#2197);
#2193 = LINE('',#2194,#2195);
#2194 = CARTESIAN_POINT('',(2.399666240212E-16,1.));
#2195 = VECTOR('',#2196,1.);
#2196 = DIRECTION('',(1.,5.551115123126E-15));
#2197 = ( GEOMETRIC_REPRESENTATION_CONTEXT(2) 
PARAMETRIC_REPRESENTATION_CONTEXT() REPRESENTATION_CONTEXT('2D SPACE',''
  ) );
#2198 = ORIENTED_EDGE('',*,*,#2199,.T.);
#2199 = EDGE_CURVE('',#2106,#2200,#2202,.T.);
#2200 = VERTEX_POINT('',#2201);
#2201 = CARTESIAN_POINT('',(0.118552714557,0.185836375264,0.81));
#2202 = SURFACE_CURVE('',#2203,(#2223,#2246),.PCURVE_S1.);
#2203 = B_SPLINE_CURVE_WITH_KNOTS('',3,(#2204,#2205,#2206,#2207,#2208,
    #2209,#2210,#2211,#2212,#2213,#2214,#2215,#2216,#2217,#2218,#2219,
    #2220,#2221,#2222),.UNSPECIFIED.,.F.,.F.,(4,1,1,1,1,1,1,1,1,1,1,1,1,
    1,1,1,4),(0.,6.065275054468E-02,0.118575922151,0.174872493828,
    0.230500618918,0.285862557024,0.342151295409,0.40043747458,
    0.461270500202,0.523583574092,0.586526806109,0.65040994783,
    0.715758040973,0.782893479562,0.852414564307,0.924820939491,1.),
  .UNSPECIFIED.);
#2204 = CARTESIAN_POINT('',(5.147954382482E-02,0.27425100941,0.81));
#2205 = CARTESIAN_POINT('',(5.39937867381E-02,0.274186625406,0.81));
#2206 = CARTESIAN_POINT('',(5.890912312889E-02,0.274060754895,0.81));
#2207 = CARTESIAN_POINT('',(6.606764727415E-02,0.272815751166,0.81));
#2208 = CARTESIAN_POINT('',(7.28466098151E-02,0.27088264872,0.81));
#2209 = CARTESIAN_POINT('',(7.921448107312E-02,0.268097353044,0.81));
#2210 = CARTESIAN_POINT('',(8.517491155028E-02,0.264532086378,0.81));
#2211 = CARTESIAN_POINT('',(9.074644006979E-02,0.260203877997,0.81));
#2212 = CARTESIAN_POINT('',(9.59184082987E-02,0.255074416191,0.81));
#2213 = CARTESIAN_POINT('',(0.100575767547,0.249160146746,0.81));
#2214 = CARTESIAN_POINT('',(0.104812725467,0.242708988233,0.81));
#2215 = CARTESIAN_POINT('',(0.108459657009,0.23576597044,0.81));
#2216 = CARTESIAN_POINT('',(0.111653401584,0.228463514798,0.81));
#2217 = CARTESIAN_POINT('',(0.114129310362,0.220706291915,0.81));
#2218 = CARTESIAN_POINT('',(0.116177496439,0.212585596125,0.81));
#2219 = CARTESIAN_POINT('',(0.117502594679,0.204020248893,0.81));
#2220 = CARTESIAN_POINT('',(0.11840125487,0.195065414083,0.81));
#2221 = CARTESIAN_POINT('',(0.118501599603,0.18895101193,0.81));
#2222 = CARTESIAN_POINT('',(0.118552714557,0.185836375264,0.81));
#2223 = PCURVE('',#459,#2224);
#2224 = DEFINITIONAL_REPRESENTATION('',(#2225),#2245);
#2225 = B_SPLINE_CURVE_WITH_KNOTS('',3,(#2226,#2227,#2228,#2229,#2230,
    #2231,#2232,#2233,#2234,#2235,#2236,#2237,#2238,#2239,#2240,#2241,
    #2242,#2243,#2244),.UNSPECIFIED.,.F.,.F.,(4,1,1,1,1,1,1,1,1,1,1,1,1,
    1,1,1,4),(0.,6.065275054468E-02,0.118575922151,0.174872493828,
    0.230500618918,0.285862557024,0.342151295409,0.40043747458,
    0.461270500202,0.523583574092,0.586526806109,0.65040994783,
    0.715758040973,0.782893479562,0.852414564307,0.924820939491,1.),
  .UNSPECIFIED.);
#2226 = CARTESIAN_POINT('',(-5.147954382482E-02,0.27425100941));
#2227 = CARTESIAN_POINT('',(-5.39937867381E-02,0.274186625406));
#2228 = CARTESIAN_POINT('',(-5.890912312889E-02,0.274060754895));
#2229 = CARTESIAN_POINT('',(-6.606764727415E-02,0.272815751166));
#2230 = CARTESIAN_POINT('',(-7.28466098151E-02,0.27088264872));
#2231 = CARTESIAN_POINT('',(-7.921448107312E-02,0.268097353044));
#2232 = CARTESIAN_POINT('',(-8.517491155028E-02,0.264532086378));
#2233 = CARTESIAN_POINT('',(-9.074644006979E-02,0.260203877997));
#2234 = CARTESIAN_POINT('',(-9.59184082987E-02,0.255074416191));
#2235 = CARTESIAN_POINT('',(-0.100575767547,0.249160146746));
#2236 = CARTESIAN_POINT('',(-0.104812725467,0.242708988233));
#2237 = CARTESIAN_POINT('',(-0.108459657009,0.23576597044));
#2238 = CARTESIAN_POINT('',(-0.111653401584,0.228463514798));
#2239 = CARTESIAN_POINT('',(-0.114129310362,0.220706291915));
#2240 = CARTESIAN_POINT('',(-0.116177496439,0.212585596125));
#2241 = CARTESIAN_POINT('',(-0.117502594679,0.204020248893));
#2242 = CARTESIAN_POINT('',(-0.11840125487,0.195065414083));
#2243 = CARTESIAN_POINT('',(-0.118501599603,0.18895101193));
#2244 = CARTESIAN_POINT('',(-0.118552714557,0.185836375264));
#2245 = ( GEOMETRIC_REPRESENTATION_CONTEXT(2) 
PARAMETRIC_REPRESENTATION_CONTEXT() REPRESENTATION_CONTEXT('2D SPACE',''
  ) );
#2246 = PCURVE('',#2247,#2286);
#2247 = B_SPLINE_SURFACE_WITH_KNOTS('',3,1,(
    (#2248,#2249)
    ,(#2250,#2251)
    ,(#2252,#2253)
    ,(#2254,#2255)
    ,(#2256,#2257)
    ,(#2258,#2259)
    ,(#2260,#2261)
    ,(#2262,#2263)
    ,(#2264,#2265)
    ,(#2266,#2267)
    ,(#2268,#2269)
    ,(#2270,#2271)
    ,(#2272,#2273)
    ,(#2274,#2275)
    ,(#2276,#2277)
    ,(#2278,#2279)
    ,(#2280,#2281)
    ,(#2282,#2283)
    ,(#2284,#2285
    )),.UNSPECIFIED.,.F.,.F.,.F.,(4,1,1,1,1,1,1,1,1,1,1,1,1,1,1,1,4),(2,
    2),(0.,6.065275054468E-02,0.118575922151,0.174872493828,
    0.230500618918,0.285862557024,0.342151295409,0.40043747458,
    0.461270500202,0.523583574092,0.586526806109,0.65040994783,
    0.715758040973,0.782893479562,0.852414564307,0.924820939491,1.),(0.,
    1.),.UNSPECIFIED.);
#2248 = CARTESIAN_POINT('',(5.147954382482E-02,0.27425100941,0.8));
#2249 = CARTESIAN_POINT('',(5.147954382482E-02,0.27425100941,0.81));
#2250 = CARTESIAN_POINT('',(5.39937867381E-02,0.274186625406,0.8));
#2251 = CARTESIAN_POINT('',(5.39937867381E-02,0.274186625406,0.81));
#2252 = CARTESIAN_POINT('',(5.890912312889E-02,0.274060754895,0.8));
#2253 = CARTESIAN_POINT('',(5.890912312889E-02,0.274060754895,0.81));
#2254 = CARTESIAN_POINT('',(6.606764727415E-02,0.272815751166,0.8));
#2255 = CARTESIAN_POINT('',(6.606764727415E-02,0.272815751166,0.81));
#2256 = CARTESIAN_POINT('',(7.28466098151E-02,0.27088264872,0.8));
#2257 = CARTESIAN_POINT('',(7.28466098151E-02,0.27088264872,0.81));
#2258 = CARTESIAN_POINT('',(7.921448107312E-02,0.268097353044,0.8));
#2259 = CARTESIAN_POINT('',(7.921448107312E-02,0.268097353044,0.81));
#2260 = CARTESIAN_POINT('',(8.517491155028E-02,0.264532086378,0.8));
#2261 = CARTESIAN_POINT('',(8.517491155028E-02,0.264532086378,0.81));
#2262 = CARTESIAN_POINT('',(9.074644006979E-02,0.260203877997,0.8));
#2263 = CARTESIAN_POINT('',(9.074644006979E-02,0.260203877997,0.81));
#2264 = CARTESIAN_POINT('',(9.59184082987E-02,0.255074416191,0.8));
#2265 = CARTESIAN_POINT('',(9.59184082987E-02,0.255074416191,0.81));
#2266 = CARTESIAN_POINT('',(0.100575767547,0.249160146746,0.8));
#2267 = CARTESIAN_POINT('',(0.100575767547,0.249160146746,0.81));
#2268 = CARTESIAN_POINT('',(0.104812725467,0.242708988233,0.8));
#2269 = CARTESIAN_POINT('',(0.104812725467,0.242708988233,0.81));
#2270 = CARTESIAN_POINT('',(0.108459657009,0.23576597044,0.8));
#2271 = CARTESIAN_POINT('',(0.108459657009,0.23576597044,0.81));
#2272 = CARTESIAN_POINT('',(0.111653401584,0.228463514798,0.8));
#2273 = CARTESIAN_POINT('',(0.111653401584,0.228463514798,0.81));
#2274 = CARTESIAN_POINT('',(0.114129310362,0.220706291915,0.8));
#2275 = CARTESIAN_POINT('',(0.114129310362,0.220706291915,0.81));
#2276 = CARTESIAN_POINT('',(0.116177496439,0.212585596125,0.8));
#2277 = CARTESIAN_POINT('',(0.116177496439,0.212585596125,0.81));
#2278 = CARTESIAN_POINT('',(0.117502594679,0.204020248893,0.8));
#2279 = CARTESIAN_POINT('',(0.117502594679,0.204020248893,0.81));
#2280 = CARTESIAN_POINT('',(0.11840125487,0.195065414083,0.8));
#2281 = CARTESIAN_POINT('',(0.11840125487,0.195065414083,0.81));
#2282 = CARTESIAN_POINT('',(0.118501599603,0.18895101193,0.8));
#2283 = CARTESIAN_POINT('',(0.118501599603,0.18895101193,0.81));
#2284 = CARTESIAN_POINT('',(0.118552714557,0.185836375264,0.8));
#2285 = CARTESIAN_POINT('',(0.118552714557,0.185836375264,0.81));
#2286 = DEFINITIONAL_REPRESENTATION('',(#2287),#2291);
#2287 = LINE('',#2288,#2289);
#2288 = CARTESIAN_POINT('',(-8.049571894413E-17,1.));
#2289 = VECTOR('',#2290,1.);
#2290 = DIRECTION('',(1.,0.));
#2291 = ( GEOMETRIC_REPRESENTATION_CONTEXT(2) 
PARAMETRIC_REPRESENTATION_CONTEXT() REPRESENTATION_CONTEXT('2D SPACE',''
  ) );
#2292 = ORIENTED_EDGE('',*,*,#2293,.T.);
#2293 = EDGE_CURVE('',#2200,#2294,#2296,.T.);
#2294 = VERTEX_POINT('',#2295);
#2295 = CARTESIAN_POINT('',(0.111692958459,0.130958326483,0.81));
#2296 = SURFACE_CURVE('',#2297,(#2309,#2324),.PCURVE_S1.);
#2297 = B_SPLINE_CURVE_WITH_KNOTS('',3,(#2298,#2299,#2300,#2301,#2302,
    #2303,#2304,#2305,#2306,#2307,#2308),.UNSPECIFIED.,.F.,.F.,(4,1,1,1,
    1,1,1,1,4),(0.,0.162857342804,0.313825578394,0.454705222444,
    0.583999006687,0.703514027231,0.811932490402,0.911093027863,1.),
  .UNSPECIFIED.);
#2298 = CARTESIAN_POINT('',(0.118552714557,0.185836375264,0.81));
#2299 = CARTESIAN_POINT('',(0.118541236253,0.182818899511,0.81));
#2300 = CARTESIAN_POINT('',(0.118519117599,0.177004233391,0.81));
#2301 = CARTESIAN_POINT('',(0.118159737178,0.168586619891,0.81));
#2302 = CARTESIAN_POINT('',(0.117677051972,0.160797377573,0.81));
#2303 = CARTESIAN_POINT('',(0.116891961809,0.153619432142,0.81));
#2304 = CARTESIAN_POINT('',(0.11598891605,0.14705946912,0.81));
#2305 = CARTESIAN_POINT('',(0.114766227977,0.14112307761,0.81));
#2306 = CARTESIAN_POINT('',(0.113461508515,0.135779261879,0.81));
#2307 = CARTESIAN_POINT('',(0.1122606513,0.13250581478,0.81));
#2308 = CARTESIAN_POINT('',(0.111692958459,0.130958326483,0.81));
#2309 = PCURVE('',#459,#2310);
#2310 = DEFINITIONAL_REPRESENTATION('',(#2311),#2323);
#2311 = B_SPLINE_CURVE_WITH_KNOTS('',3,(#2312,#2313,#2314,#2315,#2316,
    #2317,#2318,#2319,#2320,#2321,#2322),.UNSPECIFIED.,.F.,.F.,(4,1,1,1,
    1,1,1,1,4),(0.,0.162857342804,0.313825578394,0.454705222444,
    0.583999006687,0.703514027231,0.811932490402,0.911093027863,1.),
  .UNSPECIFIED.);
#2312 = CARTESIAN_POINT('',(-0.118552714557,0.185836375264));
#2313 = CARTESIAN_POINT('',(-0.118541236253,0.182818899511));
#2314 = CARTESIAN_POINT('',(-0.118519117599,0.177004233391));
#2315 = CARTESIAN_POINT('',(-0.118159737178,0.168586619891));
#2316 = CARTESIAN_POINT('',(-0.117677051972,0.160797377573));
#2317 = CARTESIAN_POINT('',(-0.116891961809,0.153619432142));
#2318 = CARTESIAN_POINT('',(-0.11598891605,0.14705946912));
#2319 = CARTESIAN_POINT('',(-0.114766227977,0.14112307761));
#2320 = CARTESIAN_POINT('',(-0.113461508515,0.135779261879));
#2321 = CARTESIAN_POINT('',(-0.1122606513,0.13250581478));
#2322 = CARTESIAN_POINT('',(-0.111692958459,0.130958326483));
#2323 = ( GEOMETRIC_REPRESENTATION_CONTEXT(2) 
PARAMETRIC_REPRESENTATION_CONTEXT() REPRESENTATION_CONTEXT('2D SPACE',''
  ) );
#2324 = PCURVE('',#2325,#2348);
#2325 = B_SPLINE_SURFACE_WITH_KNOTS('',3,1,(
    (#2326,#2327)
    ,(#2328,#2329)
    ,(#2330,#2331)
    ,(#2332,#2333)
    ,(#2334,#2335)
    ,(#2336,#2337)
    ,(#2338,#2339)
    ,(#2340,#2341)
    ,(#2342,#2343)
    ,(#2344,#2345)
    ,(#2346,#2347
  )),.UNSPECIFIED.,.F.,.F.,.F.,(4,1,1,1,1,1,1,1,4),(2,2),(0.,
    0.162857342804,0.313825578394,0.454705222444,0.583999006687,
    0.703514027231,0.811932490402,0.911093027863,1.),(0.,1.),
  .UNSPECIFIED.);
#2326 = CARTESIAN_POINT('',(0.118552714557,0.185836375264,0.8));
#2327 = CARTESIAN_POINT('',(0.118552714557,0.185836375264,0.81));
#2328 = CARTESIAN_POINT('',(0.118541236253,0.182818899511,0.8));
#2329 = CARTESIAN_POINT('',(0.118541236253,0.182818899511,0.81));
#2330 = CARTESIAN_POINT('',(0.118519117599,0.177004233391,0.8));
#2331 = CARTESIAN_POINT('',(0.118519117599,0.177004233391,0.81));
#2332 = CARTESIAN_POINT('',(0.118159737178,0.168586619891,0.8));
#2333 = CARTESIAN_POINT('',(0.118159737178,0.168586619891,0.81));
#2334 = CARTESIAN_POINT('',(0.117677051972,0.160797377573,0.8));
#2335 = CARTESIAN_POINT('',(0.117677051972,0.160797377573,0.81));
#2336 = CARTESIAN_POINT('',(0.116891961809,0.153619432142,0.8));
#2337 = CARTESIAN_POINT('',(0.116891961809,0.153619432142,0.81));
#2338 = CARTESIAN_POINT('',(0.11598891605,0.14705946912,0.8));
#2339 = CARTESIAN_POINT('',(0.11598891605,0.14705946912,0.81));
#2340 = CARTESIAN_POINT('',(0.114766227977,0.14112307761,0.8));
#2341 = CARTESIAN_POINT('',(0.114766227977,0.14112307761,0.81));
#2342 = CARTESIAN_POINT('',(0.113461508515,0.135779261879,0.8));
#2343 = CARTESIAN_POINT('',(0.113461508515,0.135779261879,0.81));
#2344 = CARTESIAN_POINT('',(0.1122606513,0.13250581478,0.8));
#2345 = CARTESIAN_POINT('',(0.1122606513,0.13250581478,0.81));
#2346 = CARTESIAN_POINT('',(0.111692958459,0.130958326483,0.8));
#2347 = CARTESIAN_POINT('',(0.111692958459,0.130958326483,0.81));
#2348 = DEFINITIONAL_REPRESENTATION('',(#2349),#2353);
#2349 = LINE('',#2350,#2351);
#2350 = CARTESIAN_POINT('',(-4.986635426417E-16,1.));
#2351 = VECTOR('',#2352,1.);
#2352 = DIRECTION('',(1.,-1.099120794379E-14));
#2353 = ( GEOMETRIC_REPRESENTATION_CONTEXT(2) 
PARAMETRIC_REPRESENTATION_CONTEXT() REPRESENTATION_CONTEXT('2D SPACE',''
  ) );
#2354 = ORIENTED_EDGE('',*,*,#2355,.T.);
#2355 = EDGE_CURVE('',#2294,#2356,#2358,.T.);
#2356 = VERTEX_POINT('',#2357);
#2357 = CARTESIAN_POINT('',(7.51075926053E-02,0.130958326483,0.81));
#2358 = SURFACE_CURVE('',#2359,(#2363,#2370),.PCURVE_S1.);
#2359 = LINE('',#2360,#2361);
#2360 = CARTESIAN_POINT('',(0.111692958459,0.130958326483,0.81));
#2361 = VECTOR('',#2362,1.);
#2362 = DIRECTION('',(-1.,0.,0.));
#2363 = PCURVE('',#459,#2364);
#2364 = DEFINITIONAL_REPRESENTATION('',(#2365),#2369);
#2365 = LINE('',#2366,#2367);
#2366 = CARTESIAN_POINT('',(-0.111692958459,0.130958326483));
#2367 = VECTOR('',#2368,1.);
#2368 = DIRECTION('',(1.,0.));
#2369 = ( GEOMETRIC_REPRESENTATION_CONTEXT(2) 
PARAMETRIC_REPRESENTATION_CONTEXT() REPRESENTATION_CONTEXT('2D SPACE',''
  ) );
#2370 = PCURVE('',#2371,#2376);
#2371 = PLANE('',#2372);
#2372 = AXIS2_PLACEMENT_3D('',#2373,#2374,#2375);
#2373 = CARTESIAN_POINT('',(0.111692958459,0.130958326483,0.8));
#2374 = DIRECTION('',(0.,1.,0.));
#2375 = DIRECTION('',(0.,-0.,1.));
#2376 = DEFINITIONAL_REPRESENTATION('',(#2377),#2381);
#2377 = LINE('',#2378,#2379);
#2378 = CARTESIAN_POINT('',(1.E-02,0.));
#2379 = VECTOR('',#2380,1.);
#2380 = DIRECTION('',(0.,-1.));
#2381 = ( GEOMETRIC_REPRESENTATION_CONTEXT(2) 
PARAMETRIC_REPRESENTATION_CONTEXT() REPRESENTATION_CONTEXT('2D SPACE',''
  ) );
#2382 = ORIENTED_EDGE('',*,*,#2383,.T.);
#2383 = EDGE_CURVE('',#2356,#2384,#2386,.T.);
#2384 = VERTEX_POINT('',#2385);
#2385 = CARTESIAN_POINT('',(9.111369016628E-02,0.188504058191,0.81));
#2386 = SURFACE_CURVE('',#2387,(#2399,#2414),.PCURVE_S1.);
#2387 = B_SPLINE_CURVE_WITH_KNOTS('',3,(#2388,#2389,#2390,#2391,#2392,
    #2393,#2394,#2395,#2396,#2397,#2398),.UNSPECIFIED.,.F.,.F.,(4,1,1,1,
    1,1,1,1,4),(0.,0.11475796068,0.231322153594,0.349558214535,
    0.470710944971,0.595807721352,0.725383541685,0.859426662825,1.),
  .UNSPECIFIED.);
#2388 = CARTESIAN_POINT('',(7.51075926053E-02,0.130958326483,0.81));
#2389 = CARTESIAN_POINT('',(7.640382243954E-02,0.132886561978,0.81));
#2390 = CARTESIAN_POINT('',(7.901668410974E-02,0.136773382419,0.81));
#2391 = CARTESIAN_POINT('',(8.219540141981E-02,0.143105347145,0.81));
#2392 = CARTESIAN_POINT('',(8.50020663862E-02,0.149742289403,0.81));
#2393 = CARTESIAN_POINT('',(8.72153481148E-02,0.156784706291,0.81));
#2394 = CARTESIAN_POINT('',(8.899791496734E-02,0.164182086185,0.81));
#2395 = CARTESIAN_POINT('',(9.019683248257E-02,0.171959005282,0.81));
#2396 = CARTESIAN_POINT('',(9.100086634701E-02,0.180102978598,0.81));
#2397 = CARTESIAN_POINT('',(9.10754907188E-02,0.185659653518,0.81));
#2398 = CARTESIAN_POINT('',(9.111369016628E-02,0.188504058191,0.81));
#2399 = PCURVE('',#459,#2400);
#2400 = DEFINITIONAL_REPRESENTATION('',(#2401),#2413);
#2401 = B_SPLINE_CURVE_WITH_KNOTS('',3,(#2402,#2403,#2404,#2405,#2406,
    #2407,#2408,#2409,#2410,#2411,#2412),.UNSPECIFIED.,.F.,.F.,(4,1,1,1,
    1,1,1,1,4),(0.,0.11475796068,0.231322153594,0.349558214535,
    0.470710944971,0.595807721352,0.725383541685,0.859426662825,1.),
  .UNSPECIFIED.);
#2402 = CARTESIAN_POINT('',(-7.51075926053E-02,0.130958326483));
#2403 = CARTESIAN_POINT('',(-7.640382243954E-02,0.132886561978));
#2404 = CARTESIAN_POINT('',(-7.901668410974E-02,0.136773382419));
#2405 = CARTESIAN_POINT('',(-8.219540141981E-02,0.143105347145));
#2406 = CARTESIAN_POINT('',(-8.50020663862E-02,0.149742289403));
#2407 = CARTESIAN_POINT('',(-8.72153481148E-02,0.156784706291));
#2408 = CARTESIAN_POINT('',(-8.899791496734E-02,0.164182086185));
#2409 = CARTESIAN_POINT('',(-9.019683248257E-02,0.171959005282));
#2410 = CARTESIAN_POINT('',(-9.100086634701E-02,0.180102978598));
#2411 = CARTESIAN_POINT('',(-9.10754907188E-02,0.185659653518));
#2412 = CARTESIAN_POINT('',(-9.111369016628E-02,0.188504058191));
#2413 = ( GEOMETRIC_REPRESENTATION_CONTEXT(2) 
PARAMETRIC_REPRESENTATION_CONTEXT() REPRESENTATION_CONTEXT('2D SPACE',''
  ) );
#2414 = PCURVE('',#2415,#2438);
#2415 = B_SPLINE_SURFACE_WITH_KNOTS('',3,1,(
    (#2416,#2417)
    ,(#2418,#2419)
    ,(#2420,#2421)
    ,(#2422,#2423)
    ,(#2424,#2425)
    ,(#2426,#2427)
    ,(#2428,#2429)
    ,(#2430,#2431)
    ,(#2432,#2433)
    ,(#2434,#2435)
    ,(#2436,#2437
  )),.UNSPECIFIED.,.F.,.F.,.F.,(4,1,1,1,1,1,1,1,4),(2,2),(0.,
    0.11475796068,0.231322153594,0.349558214535,0.470710944971,
    0.595807721352,0.725383541685,0.859426662825,1.),(0.,1.),
  .UNSPECIFIED.);
#2416 = CARTESIAN_POINT('',(7.51075926053E-02,0.130958326483,0.8));
#2417 = CARTESIAN_POINT('',(7.51075926053E-02,0.130958326483,0.81));
#2418 = CARTESIAN_POINT('',(7.640382243954E-02,0.132886561978,0.8));
#2419 = CARTESIAN_POINT('',(7.640382243954E-02,0.132886561978,0.81));
#2420 = CARTESIAN_POINT('',(7.901668410974E-02,0.136773382419,0.8));
#2421 = CARTESIAN_POINT('',(7.901668410974E-02,0.136773382419,0.81));
#2422 = CARTESIAN_POINT('',(8.219540141981E-02,0.143105347145,0.8));
#2423 = CARTESIAN_POINT('',(8.219540141981E-02,0.143105347145,0.81));
#2424 = CARTESIAN_POINT('',(8.50020663862E-02,0.149742289403,0.8));
#2425 = CARTESIAN_POINT('',(8.50020663862E-02,0.149742289403,0.81));
#2426 = CARTESIAN_POINT('',(8.72153481148E-02,0.156784706291,0.8));
#2427 = CARTESIAN_POINT('',(8.72153481148E-02,0.156784706291,0.81));
#2428 = CARTESIAN_POINT('',(8.899791496734E-02,0.164182086185,0.8));
#2429 = CARTESIAN_POINT('',(8.899791496734E-02,0.164182086185,0.81));
#2430 = CARTESIAN_POINT('',(9.019683248257E-02,0.171959005282,0.8));
#2431 = CARTESIAN_POINT('',(9.019683248257E-02,0.171959005282,0.81));
#2432 = CARTESIAN_POINT('',(9.100086634701E-02,0.180102978598,0.8));
#2433 = CARTESIAN_POINT('',(9.100086634701E-02,0.180102978598,0.81));
#2434 = CARTESIAN_POINT('',(9.10754907188E-02,0.185659653518,0.8));
#2435 = CARTESIAN_POINT('',(9.10754907188E-02,0.185659653518,0.81));
#2436 = CARTESIAN_POINT('',(9.111369016628E-02,0.188504058191,0.8));
#2437 = CARTESIAN_POINT('',(9.111369016628E-02,0.188504058191,0.81));
#2438 = DEFINITIONAL_REPRESENTATION('',(#2439),#2443);
#2439 = LINE('',#2440,#2441);
#2440 = CARTESIAN_POINT('',(-1.844558915874E-14,1.));
#2441 = VECTOR('',#2442,1.);
#2442 = DIRECTION('',(1.,-2.209343819004E-14));
#2443 = ( GEOMETRIC_REPRESENTATION_CONTEXT(2) 
PARAMETRIC_REPRESENTATION_CONTEXT() REPRESENTATION_CONTEXT('2D SPACE',''
  ) );
#2444 = ORIENTED_EDGE('',*,*,#2445,.T.);
#2445 = EDGE_CURVE('',#2384,#2446,#2448,.T.);
#2446 = VERTEX_POINT('',#2447);
#2447 = CARTESIAN_POINT('',(5.476651028823E-02,0.240714424044,0.81));
#2448 = SURFACE_CURVE('',#2449,(#2469,#2492),.PCURVE_S1.);
#2449 = B_SPLINE_CURVE_WITH_KNOTS('',3,(#2450,#2451,#2452,#2453,#2454,
    #2455,#2456,#2457,#2458,#2459,#2460,#2461,#2462,#2463,#2464,#2465,
    #2466,#2467,#2468),.UNSPECIFIED.,.F.,.F.,(4,1,1,1,1,1,1,1,1,1,1,1,1,
    1,1,1,4),(0.,7.894218639162E-02,0.154810290657,0.227070077551,
    0.296854885564,0.363923766026,0.428505730618,0.491620089841,
    0.553097446576,0.612889261804,0.669669109195,0.724301146261,
    0.777908380095,0.831486403586,0.885426346487,0.941719653073,1.),
  .UNSPECIFIED.);
#2450 = CARTESIAN_POINT('',(9.111369016628E-02,0.188504058191,0.81));
#2451 = CARTESIAN_POINT('',(9.109317674513E-02,0.190379135651,0.81));
#2452 = CARTESIAN_POINT('',(9.105294871452E-02,0.194056273311,0.81));
#2453 = CARTESIAN_POINT('',(9.053494358321E-02,0.199426956672,0.81));
#2454 = CARTESIAN_POINT('',(8.985666274603E-02,0.204558333005,0.81));
#2455 = CARTESIAN_POINT('',(8.881262219497E-02,0.209418887998,0.81));
#2456 = CARTESIAN_POINT('',(8.742633382598E-02,0.2140013996,0.81));
#2457 = CARTESIAN_POINT('',(8.575039580686E-02,0.218315990825,0.81));
#2458 = CARTESIAN_POINT('',(8.380565869421E-02,0.222370258298,0.81));
#2459 = CARTESIAN_POINT('',(8.157045543474E-02,0.226141715877,0.81));
#2460 = CARTESIAN_POINT('',(7.907471895117E-02,0.229562226544,0.81));
#2461 = CARTESIAN_POINT('',(7.630485094172E-02,0.232556651091,0.81));
#2462 = CARTESIAN_POINT('',(7.325379709591E-02,0.235024382573,0.81));
#2463 = CARTESIAN_POINT('',(7.006978566405E-02,0.237199247428,0.81));
#2464 = CARTESIAN_POINT('',(6.654603374132E-02,0.238729930343,0.81));
#2465 = CARTESIAN_POINT('',(6.283437759381E-02,0.239915131413,0.81));
#2466 = CARTESIAN_POINT('',(5.887018173271E-02,0.240567493647,0.81));
#2467 = CARTESIAN_POINT('',(5.615012533243E-02,0.240664884233,0.81));
#2468 = CARTESIAN_POINT('',(5.476651028823E-02,0.240714424044,0.81));
#2469 = PCURVE('',#459,#2470);
#2470 = DEFINITIONAL_REPRESENTATION('',(#2471),#2491);
#2471 = B_SPLINE_CURVE_WITH_KNOTS('',3,(#2472,#2473,#2474,#2475,#2476,
    #2477,#2478,#2479,#2480,#2481,#2482,#2483,#2484,#2485,#2486,#2487,
    #2488,#2489,#2490),.UNSPECIFIED.,.F.,.F.,(4,1,1,1,1,1,1,1,1,1,1,1,1,
    1,1,1,4),(0.,7.894218639162E-02,0.154810290657,0.227070077551,
    0.296854885564,0.363923766026,0.428505730618,0.491620089841,
    0.553097446576,0.612889261804,0.669669109195,0.724301146261,
    0.777908380095,0.831486403586,0.885426346487,0.941719653073,1.),
  .UNSPECIFIED.);
#2472 = CARTESIAN_POINT('',(-9.111369016628E-02,0.188504058191));
#2473 = CARTESIAN_POINT('',(-9.109317674513E-02,0.190379135651));
#2474 = CARTESIAN_POINT('',(-9.105294871452E-02,0.194056273311));
#2475 = CARTESIAN_POINT('',(-9.053494358321E-02,0.199426956672));
#2476 = CARTESIAN_POINT('',(-8.985666274603E-02,0.204558333005));
#2477 = CARTESIAN_POINT('',(-8.881262219497E-02,0.209418887998));
#2478 = CARTESIAN_POINT('',(-8.742633382598E-02,0.2140013996));
#2479 = CARTESIAN_POINT('',(-8.575039580686E-02,0.218315990825));
#2480 = CARTESIAN_POINT('',(-8.380565869421E-02,0.222370258298));
#2481 = CARTESIAN_POINT('',(-8.157045543474E-02,0.226141715877));
#2482 = CARTESIAN_POINT('',(-7.907471895117E-02,0.229562226544));
#2483 = CARTESIAN_POINT('',(-7.630485094172E-02,0.232556651091));
#2484 = CARTESIAN_POINT('',(-7.325379709591E-02,0.235024382573));
#2485 = CARTESIAN_POINT('',(-7.006978566405E-02,0.237199247428));
#2486 = CARTESIAN_POINT('',(-6.654603374132E-02,0.238729930343));
#2487 = CARTESIAN_POINT('',(-6.283437759381E-02,0.239915131413));
#2488 = CARTESIAN_POINT('',(-5.887018173271E-02,0.240567493647));
#2489 = CARTESIAN_POINT('',(-5.615012533243E-02,0.240664884233));
#2490 = CARTESIAN_POINT('',(-5.476651028823E-02,0.240714424044));
#2491 = ( GEOMETRIC_REPRESENTATION_CONTEXT(2) 
PARAMETRIC_REPRESENTATION_CONTEXT() REPRESENTATION_CONTEXT('2D SPACE',''
  ) );
#2492 = PCURVE('',#2493,#2532);
#2493 = B_SPLINE_SURFACE_WITH_KNOTS('',3,1,(
    (#2494,#2495)
    ,(#2496,#2497)
    ,(#2498,#2499)
    ,(#2500,#2501)
    ,(#2502,#2503)
    ,(#2504,#2505)
    ,(#2506,#2507)
    ,(#2508,#2509)
    ,(#2510,#2511)
    ,(#2512,#2513)
    ,(#2514,#2515)
    ,(#2516,#2517)
    ,(#2518,#2519)
    ,(#2520,#2521)
    ,(#2522,#2523)
    ,(#2524,#2525)
    ,(#2526,#2527)
    ,(#2528,#2529)
    ,(#2530,#2531
    )),.UNSPECIFIED.,.F.,.F.,.F.,(4,1,1,1,1,1,1,1,1,1,1,1,1,1,1,1,4),(2,
    2),(0.,7.894218639162E-02,0.154810290657,0.227070077551,
    0.296854885564,0.363923766026,0.428505730618,0.491620089841,
    0.553097446576,0.612889261804,0.669669109195,0.724301146261,
    0.777908380095,0.831486403586,0.885426346487,0.941719653073,1.),(0.,
    1.),.UNSPECIFIED.);
#2494 = CARTESIAN_POINT('',(9.111369016628E-02,0.188504058191,0.8));
#2495 = CARTESIAN_POINT('',(9.111369016628E-02,0.188504058191,0.81));
#2496 = CARTESIAN_POINT('',(9.109317674513E-02,0.190379135651,0.8));
#2497 = CARTESIAN_POINT('',(9.109317674513E-02,0.190379135651,0.81));
#2498 = CARTESIAN_POINT('',(9.105294871452E-02,0.194056273311,0.8));
#2499 = CARTESIAN_POINT('',(9.105294871452E-02,0.194056273311,0.81));
#2500 = CARTESIAN_POINT('',(9.053494358321E-02,0.199426956672,0.8));
#2501 = CARTESIAN_POINT('',(9.053494358321E-02,0.199426956672,0.81));
#2502 = CARTESIAN_POINT('',(8.985666274603E-02,0.204558333005,0.8));
#2503 = CARTESIAN_POINT('',(8.985666274603E-02,0.204558333005,0.81));
#2504 = CARTESIAN_POINT('',(8.881262219497E-02,0.209418887998,0.8));
#2505 = CARTESIAN_POINT('',(8.881262219497E-02,0.209418887998,0.81));
#2506 = CARTESIAN_POINT('',(8.742633382598E-02,0.2140013996,0.8));
#2507 = CARTESIAN_POINT('',(8.742633382598E-02,0.2140013996,0.81));
#2508 = CARTESIAN_POINT('',(8.575039580686E-02,0.218315990825,0.8));
#2509 = CARTESIAN_POINT('',(8.575039580686E-02,0.218315990825,0.81));
#2510 = CARTESIAN_POINT('',(8.380565869421E-02,0.222370258298,0.8));
#2511 = CARTESIAN_POINT('',(8.380565869421E-02,0.222370258298,0.81));
#2512 = CARTESIAN_POINT('',(8.157045543474E-02,0.226141715877,0.8));
#2513 = CARTESIAN_POINT('',(8.157045543474E-02,0.226141715877,0.81));
#2514 = CARTESIAN_POINT('',(7.907471895117E-02,0.229562226544,0.8));
#2515 = CARTESIAN_POINT('',(7.907471895117E-02,0.229562226544,0.81));
#2516 = CARTESIAN_POINT('',(7.630485094172E-02,0.232556651091,0.8));
#2517 = CARTESIAN_POINT('',(7.630485094172E-02,0.232556651091,0.81));
#2518 = CARTESIAN_POINT('',(7.325379709591E-02,0.235024382573,0.8));
#2519 = CARTESIAN_POINT('',(7.325379709591E-02,0.235024382573,0.81));
#2520 = CARTESIAN_POINT('',(7.006978566405E-02,0.237199247428,0.8));
#2521 = CARTESIAN_POINT('',(7.006978566405E-02,0.237199247428,0.81));
#2522 = CARTESIAN_POINT('',(6.654603374132E-02,0.238729930343,0.8));
#2523 = CARTESIAN_POINT('',(6.654603374132E-02,0.238729930343,0.81));
#2524 = CARTESIAN_POINT('',(6.283437759381E-02,0.239915131413,0.8));
#2525 = CARTESIAN_POINT('',(6.283437759381E-02,0.239915131413,0.81));
#2526 = CARTESIAN_POINT('',(5.887018173271E-02,0.240567493647,0.8));
#2527 = CARTESIAN_POINT('',(5.887018173271E-02,0.240567493647,0.81));
#2528 = CARTESIAN_POINT('',(5.615012533243E-02,0.240664884233,0.8));
#2529 = CARTESIAN_POINT('',(5.615012533243E-02,0.240664884233,0.81));
#2530 = CARTESIAN_POINT('',(5.476651028823E-02,0.240714424044,0.8));
#2531 = CARTESIAN_POINT('',(5.476651028823E-02,0.240714424044,0.81));
#2532 = DEFINITIONAL_REPRESENTATION('',(#2533),#2537);
#2533 = LINE('',#2534,#2535);
#2534 = CARTESIAN_POINT('',(2.461495653181E-16,1.));
#2535 = VECTOR('',#2536,1.);
#2536 = DIRECTION('',(1.,0.));
#2537 = ( GEOMETRIC_REPRESENTATION_CONTEXT(2) 
PARAMETRIC_REPRESENTATION_CONTEXT() REPRESENTATION_CONTEXT('2D SPACE',''
  ) );
#2538 = ORIENTED_EDGE('',*,*,#2539,.T.);
#2539 = EDGE_CURVE('',#2446,#2540,#2542,.T.);
#2540 = VERTEX_POINT('',#2541);
#2541 = CARTESIAN_POINT('',(4.032897483352E-03,0.187598951483,0.81));
#2542 = SURFACE_CURVE('',#2543,(#2563,#2586),.PCURVE_S1.);
#2543 = B_SPLINE_CURVE_WITH_KNOTS('',3,(#2544,#2545,#2546,#2547,#2548,
    #2549,#2550,#2551,#2552,#2553,#2554,#2555,#2556,#2557,#2558,#2559,
    #2560,#2561,#2562),.UNSPECIFIED.,.F.,.F.,(4,1,1,1,1,1,1,1,1,1,1,1,1,
    1,1,1,4),(0.,4.769920765445E-02,9.332988950386E-02,0.137804337076,
    0.180514168756,0.223153998616,0.265911890068,0.308199972696,
    0.351860949634,0.400379037659,0.457943610727,0.524727310222,
    0.600709947944,0.686439427963,0.78134533194,0.885767916446,1.),
  .UNSPECIFIED.);
#2544 = CARTESIAN_POINT('',(5.476651028823E-02,0.240714424044,0.81));
#2545 = CARTESIAN_POINT('',(5.352599776913E-02,0.240693449078,0.81));
#2546 = CARTESIAN_POINT('',(5.109876884796E-02,0.240652408747,0.81));
#2547 = CARTESIAN_POINT('',(4.75478851654E-02,0.240139665149,0.81));
#2548 = CARTESIAN_POINT('',(4.416904476239E-02,0.239414305238,0.81));
#2549 = CARTESIAN_POINT('',(4.097652258643E-02,0.238294860188,0.81));
#2550 = CARTESIAN_POINT('',(3.79734249128E-02,0.236848755143,0.81));
#2551 = CARTESIAN_POINT('',(3.511230563624E-02,0.23515603997,0.81));
#2552 = CARTESIAN_POINT('',(3.245706066568E-02,0.233111051687,0.81));
#2553 = CARTESIAN_POINT('',(2.990631380051E-02,0.230713492958,0.81));
#2554 = CARTESIAN_POINT('',(2.738696278314E-02,0.227740554635,0.81));
#2555 = CARTESIAN_POINT('',(2.468508073349E-02,0.224151649565,0.81));
#2556 = CARTESIAN_POINT('',(2.171313098262E-02,0.219873618319,0.81));
#2557 = CARTESIAN_POINT('',(1.866891691271E-02,0.214773399578,0.81));
#2558 = CARTESIAN_POINT('',(1.526193393857E-02,0.209041023067,0.81));
#2559 = CARTESIAN_POINT('',(1.171853654066E-02,0.202534843376,0.81));
#2560 = CARTESIAN_POINT('',(7.880268275353E-03,0.195347079122,0.81));
#2561 = CARTESIAN_POINT('',(5.353145825002E-03,0.190257767911,0.81));
#2562 = CARTESIAN_POINT('',(4.032897483352E-03,0.187598951483,0.81));
#2563 = PCURVE('',#459,#2564);
#2564 = DEFINITIONAL_REPRESENTATION('',(#2565),#2585);
#2565 = B_SPLINE_CURVE_WITH_KNOTS('',3,(#2566,#2567,#2568,#2569,#2570,
    #2571,#2572,#2573,#2574,#2575,#2576,#2577,#2578,#2579,#2580,#2581,
    #2582,#2583,#2584),.UNSPECIFIED.,.F.,.F.,(4,1,1,1,1,1,1,1,1,1,1,1,1,
    1,1,1,4),(0.,4.769920765445E-02,9.332988950386E-02,0.137804337076,
    0.180514168756,0.223153998616,0.265911890068,0.308199972696,
    0.351860949634,0.400379037659,0.457943610727,0.524727310222,
    0.600709947944,0.686439427963,0.78134533194,0.885767916446,1.),
  .UNSPECIFIED.);
#2566 = CARTESIAN_POINT('',(-5.476651028823E-02,0.240714424044));
#2567 = CARTESIAN_POINT('',(-5.352599776913E-02,0.240693449078));
#2568 = CARTESIAN_POINT('',(-5.109876884796E-02,0.240652408747));
#2569 = CARTESIAN_POINT('',(-4.75478851654E-02,0.240139665149));
#2570 = CARTESIAN_POINT('',(-4.416904476239E-02,0.239414305238));
#2571 = CARTESIAN_POINT('',(-4.097652258643E-02,0.238294860188));
#2572 = CARTESIAN_POINT('',(-3.79734249128E-02,0.236848755143));
#2573 = CARTESIAN_POINT('',(-3.511230563624E-02,0.23515603997));
#2574 = CARTESIAN_POINT('',(-3.245706066568E-02,0.233111051687));
#2575 = CARTESIAN_POINT('',(-2.990631380051E-02,0.230713492958));
#2576 = CARTESIAN_POINT('',(-2.738696278314E-02,0.227740554635));
#2577 = CARTESIAN_POINT('',(-2.468508073349E-02,0.224151649565));
#2578 = CARTESIAN_POINT('',(-2.171313098262E-02,0.219873618319));
#2579 = CARTESIAN_POINT('',(-1.866891691271E-02,0.214773399578));
#2580 = CARTESIAN_POINT('',(-1.526193393857E-02,0.209041023067));
#2581 = CARTESIAN_POINT('',(-1.171853654066E-02,0.202534843376));
#2582 = CARTESIAN_POINT('',(-7.880268275353E-03,0.195347079122));
#2583 = CARTESIAN_POINT('',(-5.353145825002E-03,0.190257767911));
#2584 = CARTESIAN_POINT('',(-4.032897483352E-03,0.187598951483));
#2585 = ( GEOMETRIC_REPRESENTATION_CONTEXT(2) 
PARAMETRIC_REPRESENTATION_CONTEXT() REPRESENTATION_CONTEXT('2D SPACE',''
  ) );
#2586 = PCURVE('',#2587,#2626);
#2587 = B_SPLINE_SURFACE_WITH_KNOTS('',3,1,(
    (#2588,#2589)
    ,(#2590,#2591)
    ,(#2592,#2593)
    ,(#2594,#2595)
    ,(#2596,#2597)
    ,(#2598,#2599)
    ,(#2600,#2601)
    ,(#2602,#2603)
    ,(#2604,#2605)
    ,(#2606,#2607)
    ,(#2608,#2609)
    ,(#2610,#2611)
    ,(#2612,#2613)
    ,(#2614,#2615)
    ,(#2616,#2617)
    ,(#2618,#2619)
    ,(#2620,#2621)
    ,(#2622,#2623)
    ,(#2624,#2625
    )),.UNSPECIFIED.,.F.,.F.,.F.,(4,1,1,1,1,1,1,1,1,1,1,1,1,1,1,1,4),(2,
    2),(0.,4.769920765445E-02,9.332988950386E-02,0.137804337076,
    0.180514168756,0.223153998616,0.265911890068,0.308199972696,
    0.351860949634,0.400379037659,0.457943610727,0.524727310222,
    0.600709947944,0.686439427963,0.78134533194,0.885767916446,1.),(0.,
    1.),.UNSPECIFIED.);
#2588 = CARTESIAN_POINT('',(5.476651028823E-02,0.240714424044,0.8));
#2589 = CARTESIAN_POINT('',(5.476651028823E-02,0.240714424044,0.81));
#2590 = CARTESIAN_POINT('',(5.352599776913E-02,0.240693449078,0.8));
#2591 = CARTESIAN_POINT('',(5.352599776913E-02,0.240693449078,0.81));
#2592 = CARTESIAN_POINT('',(5.109876884796E-02,0.240652408747,0.8));
#2593 = CARTESIAN_POINT('',(5.109876884796E-02,0.240652408747,0.81));
#2594 = CARTESIAN_POINT('',(4.75478851654E-02,0.240139665149,0.8));
#2595 = CARTESIAN_POINT('',(4.75478851654E-02,0.240139665149,0.81));
#2596 = CARTESIAN_POINT('',(4.416904476239E-02,0.239414305238,0.8));
#2597 = CARTESIAN_POINT('',(4.416904476239E-02,0.239414305238,0.81));
#2598 = CARTESIAN_POINT('',(4.097652258643E-02,0.238294860188,0.8));
#2599 = CARTESIAN_POINT('',(4.097652258643E-02,0.238294860188,0.81));
#2600 = CARTESIAN_POINT('',(3.79734249128E-02,0.236848755143,0.8));
#2601 = CARTESIAN_POINT('',(3.79734249128E-02,0.236848755143,0.81));
#2602 = CARTESIAN_POINT('',(3.511230563624E-02,0.23515603997,0.8));
#2603 = CARTESIAN_POINT('',(3.511230563624E-02,0.23515603997,0.81));
#2604 = CARTESIAN_POINT('',(3.245706066568E-02,0.233111051687,0.8));
#2605 = CARTESIAN_POINT('',(3.245706066568E-02,0.233111051687,0.81));
#2606 = CARTESIAN_POINT('',(2.990631380051E-02,0.230713492958,0.8));
#2607 = CARTESIAN_POINT('',(2.990631380051E-02,0.230713492958,0.81));
#2608 = CARTESIAN_POINT('',(2.738696278314E-02,0.227740554635,0.8));
#2609 = CARTESIAN_POINT('',(2.738696278314E-02,0.227740554635,0.81));
#2610 = CARTESIAN_POINT('',(2.468508073349E-02,0.224151649565,0.8));
#2611 = CARTESIAN_POINT('',(2.468508073349E-02,0.224151649565,0.81));
#2612 = CARTESIAN_POINT('',(2.171313098262E-02,0.219873618319,0.8));
#2613 = CARTESIAN_POINT('',(2.171313098262E-02,0.219873618319,0.81));
#2614 = CARTESIAN_POINT('',(1.866891691271E-02,0.214773399578,0.8));
#2615 = CARTESIAN_POINT('',(1.866891691271E-02,0.214773399578,0.81));
#2616 = CARTESIAN_POINT('',(1.526193393857E-02,0.209041023067,0.8));
#2617 = CARTESIAN_POINT('',(1.526193393857E-02,0.209041023067,0.81));
#2618 = CARTESIAN_POINT('',(1.171853654066E-02,0.202534843376,0.8));
#2619 = CARTESIAN_POINT('',(1.171853654066E-02,0.202534843376,0.81));
#2620 = CARTESIAN_POINT('',(7.880268275353E-03,0.195347079122,0.8));
#2621 = CARTESIAN_POINT('',(7.880268275353E-03,0.195347079122,0.81));
#2622 = CARTESIAN_POINT('',(5.353145825002E-03,0.190257767911,0.8));
#2623 = CARTESIAN_POINT('',(5.353145825002E-03,0.190257767911,0.81));
#2624 = CARTESIAN_POINT('',(4.032897483352E-03,0.187598951483,0.8));
#2625 = CARTESIAN_POINT('',(4.032897483352E-03,0.187598951483,0.81));
#2626 = DEFINITIONAL_REPRESENTATION('',(#2627),#2631);
#2627 = LINE('',#2628,#2629);
#2628 = CARTESIAN_POINT('',(-1.359513092808E-16,1.));
#2629 = VECTOR('',#2630,1.);
#2630 = DIRECTION('',(1.,5.662137425588E-15));
#2631 = ( GEOMETRIC_REPRESENTATION_CONTEXT(2) 
PARAMETRIC_REPRESENTATION_CONTEXT() REPRESENTATION_CONTEXT('2D SPACE',''
  ) );
#2632 = ORIENTED_EDGE('',*,*,#2633,.T.);
#2633 = EDGE_CURVE('',#2540,#2634,#2636,.T.);
#2634 = VERTEX_POINT('',#2635);
#2635 = CARTESIAN_POINT('',(-7.004294093128E-02,0.12181198502,0.81));
#2636 = SURFACE_CURVE('',#2637,(#2657,#2680),.PCURVE_S1.);
#2637 = B_SPLINE_CURVE_WITH_KNOTS('',3,(#2638,#2639,#2640,#2641,#2642,
    #2643,#2644,#2645,#2646,#2647,#2648,#2649,#2650,#2651,#2652,#2653,
    #2654,#2655,#2656),.UNSPECIFIED.,.F.,.F.,(4,1,1,1,1,1,1,1,1,1,1,1,1,
    1,1,1,4),(0.,9.345291554147E-02,0.181071133874,0.262934527246,
    0.339628854164,0.410448153521,0.476498243863,0.537117724101,
    0.593587178877,0.646899295393,0.698700436238,0.748988102318,
    0.799163283898,0.848759790813,0.898465958271,0.948729103748,1.),
  .UNSPECIFIED.);
#2638 = CARTESIAN_POINT('',(4.032897483352E-03,0.187598951483,0.81));
#2639 = CARTESIAN_POINT('',(2.614426817087E-03,0.184647753106,0.81));
#2640 = CARTESIAN_POINT('',(-1.339528393297E-04,0.178929613297,0.81));
#2641 = CARTESIAN_POINT('',(-4.558678152991E-03,0.170848216748,0.81));
#2642 = CARTESIAN_POINT('',(-8.860012578571E-03,0.163371071489,0.81));
#2643 = CARTESIAN_POINT('',(-1.324426478126E-02,0.156633584086,0.81));
#2644 = CARTESIAN_POINT('',(-1.757133816706E-02,0.150525789294,0.81));
#2645 = CARTESIAN_POINT('',(-2.194637848229E-02,0.145160923209,0.81));
#2646 = CARTESIAN_POINT('',(-2.628661367155E-02,0.140428023043,0.81));
#2647 = CARTESIAN_POINT('',(-3.070472204647E-02,0.136402850534,0.81));
#2648 = CARTESIAN_POINT('',(-3.517758904201E-02,0.13292363684,0.81));
#2649 = CARTESIAN_POINT('',(-3.975734680929E-02,0.12996826351,0.81));
#2650 = CARTESIAN_POINT('',(-4.447063519608E-02,0.12745547002,0.81));
#2651 = CARTESIAN_POINT('',(-4.93260397354E-02,0.125425176362,0.81));
#2652 = CARTESIAN_POINT('',(-5.430263746985E-02,0.123774190165,0.81));
#2653 = CARTESIAN_POINT('',(-5.94251431278E-02,0.122635357665,0.81));
#2654 = CARTESIAN_POINT('',(-6.468931734372E-02,0.121957992141,0.81));
#2655 = CARTESIAN_POINT('',(-6.824663066045E-02,0.121860975033,0.81));
#2656 = CARTESIAN_POINT('',(-7.004294093128E-02,0.12181198502,0.81));
#2657 = PCURVE('',#459,#2658);
#2658 = DEFINITIONAL_REPRESENTATION('',(#2659),#2679);
#2659 = B_SPLINE_CURVE_WITH_KNOTS('',3,(#2660,#2661,#2662,#2663,#2664,
    #2665,#2666,#2667,#2668,#2669,#2670,#2671,#2672,#2673,#2674,#2675,
    #2676,#2677,#2678),.UNSPECIFIED.,.F.,.F.,(4,1,1,1,1,1,1,1,1,1,1,1,1,
    1,1,1,4),(0.,9.345291554147E-02,0.181071133874,0.262934527246,
    0.339628854164,0.410448153521,0.476498243863,0.537117724101,
    0.593587178877,0.646899295393,0.698700436238,0.748988102318,
    0.799163283898,0.848759790813,0.898465958271,0.948729103748,1.),
  .UNSPECIFIED.);
#2660 = CARTESIAN_POINT('',(-4.032897483352E-03,0.187598951483));
#2661 = CARTESIAN_POINT('',(-2.614426817087E-03,0.184647753106));
#2662 = CARTESIAN_POINT('',(1.339528393297E-04,0.178929613297));
#2663 = CARTESIAN_POINT('',(4.558678152991E-03,0.170848216748));
#2664 = CARTESIAN_POINT('',(8.860012578571E-03,0.163371071489));
#2665 = CARTESIAN_POINT('',(1.324426478126E-02,0.156633584086));
#2666 = CARTESIAN_POINT('',(1.757133816706E-02,0.150525789294));
#2667 = CARTESIAN_POINT('',(2.194637848229E-02,0.145160923209));
#2668 = CARTESIAN_POINT('',(2.628661367155E-02,0.140428023043));
#2669 = CARTESIAN_POINT('',(3.070472204647E-02,0.136402850534));
#2670 = CARTESIAN_POINT('',(3.517758904201E-02,0.13292363684));
#2671 = CARTESIAN_POINT('',(3.975734680929E-02,0.12996826351));
#2672 = CARTESIAN_POINT('',(4.447063519608E-02,0.12745547002));
#2673 = CARTESIAN_POINT('',(4.93260397354E-02,0.125425176362));
#2674 = CARTESIAN_POINT('',(5.430263746985E-02,0.123774190165));
#2675 = CARTESIAN_POINT('',(5.94251431278E-02,0.122635357665));
#2676 = CARTESIAN_POINT('',(6.468931734372E-02,0.121957992141));
#2677 = CARTESIAN_POINT('',(6.824663066045E-02,0.121860975033));
#2678 = CARTESIAN_POINT('',(7.004294093128E-02,0.12181198502));
#2679 = ( GEOMETRIC_REPRESENTATION_CONTEXT(2) 
PARAMETRIC_REPRESENTATION_CONTEXT() REPRESENTATION_CONTEXT('2D SPACE',''
  ) );
#2680 = PCURVE('',#2681,#2720);
#2681 = B_SPLINE_SURFACE_WITH_KNOTS('',3,1,(
    (#2682,#2683)
    ,(#2684,#2685)
    ,(#2686,#2687)
    ,(#2688,#2689)
    ,(#2690,#2691)
    ,(#2692,#2693)
    ,(#2694,#2695)
    ,(#2696,#2697)
    ,(#2698,#2699)
    ,(#2700,#2701)
    ,(#2702,#2703)
    ,(#2704,#2705)
    ,(#2706,#2707)
    ,(#2708,#2709)
    ,(#2710,#2711)
    ,(#2712,#2713)
    ,(#2714,#2715)
    ,(#2716,#2717)
    ,(#2718,#2719
    )),.UNSPECIFIED.,.F.,.F.,.F.,(4,1,1,1,1,1,1,1,1,1,1,1,1,1,1,1,4),(2,
    2),(0.,9.345291554147E-02,0.181071133874,0.262934527246,
    0.339628854164,0.410448153521,0.476498243863,0.537117724101,
    0.593587178877,0.646899295393,0.698700436238,0.748988102318,
    0.799163283898,0.848759790813,0.898465958271,0.948729103748,1.),(0.,
    1.),.UNSPECIFIED.);
#2682 = CARTESIAN_POINT('',(4.032897483352E-03,0.187598951483,0.8));
#2683 = CARTESIAN_POINT('',(4.032897483352E-03,0.187598951483,0.81));
#2684 = CARTESIAN_POINT('',(2.614426817087E-03,0.184647753106,0.8));
#2685 = CARTESIAN_POINT('',(2.614426817087E-03,0.184647753106,0.81));
#2686 = CARTESIAN_POINT('',(-1.339528393297E-04,0.178929613297,0.8));
#2687 = CARTESIAN_POINT('',(-1.339528393297E-04,0.178929613297,0.81));
#2688 = CARTESIAN_POINT('',(-4.558678152991E-03,0.170848216748,0.8));
#2689 = CARTESIAN_POINT('',(-4.558678152991E-03,0.170848216748,0.81));
#2690 = CARTESIAN_POINT('',(-8.860012578571E-03,0.163371071489,0.8));
#2691 = CARTESIAN_POINT('',(-8.860012578571E-03,0.163371071489,0.81));
#2692 = CARTESIAN_POINT('',(-1.324426478126E-02,0.156633584086,0.8));
#2693 = CARTESIAN_POINT('',(-1.324426478126E-02,0.156633584086,0.81));
#2694 = CARTESIAN_POINT('',(-1.757133816706E-02,0.150525789294,0.8));
#2695 = CARTESIAN_POINT('',(-1.757133816706E-02,0.150525789294,0.81));
#2696 = CARTESIAN_POINT('',(-2.194637848229E-02,0.145160923209,0.8));
#2697 = CARTESIAN_POINT('',(-2.194637848229E-02,0.145160923209,0.81));
#2698 = CARTESIAN_POINT('',(-2.628661367155E-02,0.140428023043,0.8));
#2699 = CARTESIAN_POINT('',(-2.628661367155E-02,0.140428023043,0.81));
#2700 = CARTESIAN_POINT('',(-3.070472204647E-02,0.136402850534,0.8));
#2701 = CARTESIAN_POINT('',(-3.070472204647E-02,0.136402850534,0.81));
#2702 = CARTESIAN_POINT('',(-3.517758904201E-02,0.13292363684,0.8));
#2703 = CARTESIAN_POINT('',(-3.517758904201E-02,0.13292363684,0.81));
#2704 = CARTESIAN_POINT('',(-3.975734680929E-02,0.12996826351,0.8));
#2705 = CARTESIAN_POINT('',(-3.975734680929E-02,0.12996826351,0.81));
#2706 = CARTESIAN_POINT('',(-4.447063519608E-02,0.12745547002,0.8));
#2707 = CARTESIAN_POINT('',(-4.447063519608E-02,0.12745547002,0.81));
#2708 = CARTESIAN_POINT('',(-4.93260397354E-02,0.125425176362,0.8));
#2709 = CARTESIAN_POINT('',(-4.93260397354E-02,0.125425176362,0.81));
#2710 = CARTESIAN_POINT('',(-5.430263746985E-02,0.123774190165,0.8));
#2711 = CARTESIAN_POINT('',(-5.430263746985E-02,0.123774190165,0.81));
#2712 = CARTESIAN_POINT('',(-5.94251431278E-02,0.122635357665,0.8));
#2713 = CARTESIAN_POINT('',(-5.94251431278E-02,0.122635357665,0.81));
#2714 = CARTESIAN_POINT('',(-6.468931734372E-02,0.121957992141,0.8));
#2715 = CARTESIAN_POINT('',(-6.468931734372E-02,0.121957992141,0.81));
#2716 = CARTESIAN_POINT('',(-6.824663066045E-02,0.121860975033,0.8));
#2717 = CARTESIAN_POINT('',(-6.824663066045E-02,0.121860975033,0.81));
#2718 = CARTESIAN_POINT('',(-7.004294093128E-02,0.12181198502,0.8));
#2719 = CARTESIAN_POINT('',(-7.004294093128E-02,0.12181198502,0.81));
#2720 = DEFINITIONAL_REPRESENTATION('',(#2721),#2725);
#2721 = LINE('',#2722,#2723);
#2722 = CARTESIAN_POINT('',(-4.111218963447E-16,1.));
#2723 = VECTOR('',#2724,1.);
#2724 = DIRECTION('',(1.,0.));
#2725 = ( GEOMETRIC_REPRESENTATION_CONTEXT(2) 
PARAMETRIC_REPRESENTATION_CONTEXT() REPRESENTATION_CONTEXT('2D SPACE',''
  ) );
#2726 = ORIENTED_EDGE('',*,*,#2727,.T.);
#2727 = EDGE_CURVE('',#2634,#2728,#2730,.T.);
#2728 = VERTEX_POINT('',#2729);
#2729 = CARTESIAN_POINT('',(-0.137544846419,0.211322274654,0.81));
#2730 = SURFACE_CURVE('',#2731,(#2751,#2774),.PCURVE_S1.);
#2731 = B_SPLINE_CURVE_WITH_KNOTS('',3,(#2732,#2733,#2734,#2735,#2736,
    #2737,#2738,#2739,#2740,#2741,#2742,#2743,#2744,#2745,#2746,#2747,
    #2748,#2749,#2750),.UNSPECIFIED.,.F.,.F.,(4,1,1,1,1,1,1,1,1,1,1,1,1,
    1,1,1,4),(0.,6.241509289714E-02,0.122007152923,0.17876126194,
    0.233716159352,0.288177345339,0.342408848512,0.397668320959,
    0.454217030752,0.513069601657,0.573205914223,0.636042164851,
    0.701619912517,0.770219791365,0.842718178823,0.919223451485,1.),
  .UNSPECIFIED.);
#2732 = CARTESIAN_POINT('',(-7.004294093128E-02,0.12181198502,0.81));
#2733 = CARTESIAN_POINT('',(-7.268246671938E-02,0.12188672174,0.81));
#2734 = CARTESIAN_POINT('',(-7.78421326195E-02,0.122032814841,0.81));
#2735 = CARTESIAN_POINT('',(-8.534144053581E-02,0.123125215962,0.81));
#2736 = CARTESIAN_POINT('',(-9.235525095775E-02,0.124992421149,0.81));
#2737 = CARTESIAN_POINT('',(-9.890464339489E-02,0.127579141172,0.81));
#2738 = CARTESIAN_POINT('',(-0.104994969442,0.130910225711,0.81));
#2739 = CARTESIAN_POINT('',(-0.110554995228,0.13508084469,0.81));
#2740 = CARTESIAN_POINT('',(-0.115686036487,0.139896153897,0.81));
#2741 = CARTESIAN_POINT('',(-0.120274181729,0.145489048018,0.81));
#2742 = CARTESIAN_POINT('',(-0.124343419106,0.151711336365,0.81));
#2743 = CARTESIAN_POINT('',(-0.127888622077,0.158545725006,0.81));
#2744 = CARTESIAN_POINT('',(-0.130895620899,0.165943117812,0.81));
#2745 = CARTESIAN_POINT('',(-0.133274001876,0.173934178786,0.81));
#2746 = CARTESIAN_POINT('',(-0.13528349531,0.182447427742,0.81));
#2747 = CARTESIAN_POINT('',(-0.136549491252,0.191569858002,0.81));
#2748 = CARTESIAN_POINT('',(-0.137384819843,0.201255178747,0.81));
#2749 = CARTESIAN_POINT('',(-0.137490547154,0.207906367614,0.81));
#2750 = CARTESIAN_POINT('',(-0.137544846419,0.211322274654,0.81));
#2751 = PCURVE('',#459,#2752);
#2752 = DEFINITIONAL_REPRESENTATION('',(#2753),#2773);
#2753 = B_SPLINE_CURVE_WITH_KNOTS('',3,(#2754,#2755,#2756,#2757,#2758,
    #2759,#2760,#2761,#2762,#2763,#2764,#2765,#2766,#2767,#2768,#2769,
    #2770,#2771,#2772),.UNSPECIFIED.,.F.,.F.,(4,1,1,1,1,1,1,1,1,1,1,1,1,
    1,1,1,4),(0.,6.241509289714E-02,0.122007152923,0.17876126194,
    0.233716159352,0.288177345339,0.342408848512,0.397668320959,
    0.454217030752,0.513069601657,0.573205914223,0.636042164851,
    0.701619912517,0.770219791365,0.842718178823,0.919223451485,1.),
  .UNSPECIFIED.);
#2754 = CARTESIAN_POINT('',(7.004294093128E-02,0.12181198502));
#2755 = CARTESIAN_POINT('',(7.268246671938E-02,0.12188672174));
#2756 = CARTESIAN_POINT('',(7.78421326195E-02,0.122032814841));
#2757 = CARTESIAN_POINT('',(8.534144053581E-02,0.123125215962));
#2758 = CARTESIAN_POINT('',(9.235525095775E-02,0.124992421149));
#2759 = CARTESIAN_POINT('',(9.890464339489E-02,0.127579141172));
#2760 = CARTESIAN_POINT('',(0.104994969442,0.130910225711));
#2761 = CARTESIAN_POINT('',(0.110554995228,0.13508084469));
#2762 = CARTESIAN_POINT('',(0.115686036487,0.139896153897));
#2763 = CARTESIAN_POINT('',(0.120274181729,0.145489048018));
#2764 = CARTESIAN_POINT('',(0.124343419106,0.151711336365));
#2765 = CARTESIAN_POINT('',(0.127888622077,0.158545725006));
#2766 = CARTESIAN_POINT('',(0.130895620899,0.165943117812));
#2767 = CARTESIAN_POINT('',(0.133274001876,0.173934178786));
#2768 = CARTESIAN_POINT('',(0.13528349531,0.182447427742));
#2769 = CARTESIAN_POINT('',(0.136549491252,0.191569858002));
#2770 = CARTESIAN_POINT('',(0.137384819843,0.201255178747));
#2771 = CARTESIAN_POINT('',(0.137490547154,0.207906367614));
#2772 = CARTESIAN_POINT('',(0.137544846419,0.211322274654));
#2773 = ( GEOMETRIC_REPRESENTATION_CONTEXT(2) 
PARAMETRIC_REPRESENTATION_CONTEXT() REPRESENTATION_CONTEXT('2D SPACE',''
  ) );
#2774 = PCURVE('',#2775,#2814);
#2775 = B_SPLINE_SURFACE_WITH_KNOTS('',3,1,(
    (#2776,#2777)
    ,(#2778,#2779)
    ,(#2780,#2781)
    ,(#2782,#2783)
    ,(#2784,#2785)
    ,(#2786,#2787)
    ,(#2788,#2789)
    ,(#2790,#2791)
    ,(#2792,#2793)
    ,(#2794,#2795)
    ,(#2796,#2797)
    ,(#2798,#2799)
    ,(#2800,#2801)
    ,(#2802,#2803)
    ,(#2804,#2805)
    ,(#2806,#2807)
    ,(#2808,#2809)
    ,(#2810,#2811)
    ,(#2812,#2813
    )),.UNSPECIFIED.,.F.,.F.,.F.,(4,1,1,1,1,1,1,1,1,1,1,1,1,1,1,1,4),(2,
    2),(0.,6.241509289714E-02,0.122007152923,0.17876126194,
    0.233716159352,0.288177345339,0.342408848512,0.397668320959,
    0.454217030752,0.513069601657,0.573205914223,0.636042164851,
    0.701619912517,0.770219791365,0.842718178823,0.919223451485,1.),(0.,
    1.),.UNSPECIFIED.);
#2776 = CARTESIAN_POINT('',(-7.004294093128E-02,0.12181198502,0.8));
#2777 = CARTESIAN_POINT('',(-7.004294093128E-02,0.12181198502,0.81));
#2778 = CARTESIAN_POINT('',(-7.268246671938E-02,0.12188672174,0.8));
#2779 = CARTESIAN_POINT('',(-7.268246671938E-02,0.12188672174,0.81));
#2780 = CARTESIAN_POINT('',(-7.78421326195E-02,0.122032814841,0.8));
#2781 = CARTESIAN_POINT('',(-7.78421326195E-02,0.122032814841,0.81));
#2782 = CARTESIAN_POINT('',(-8.534144053581E-02,0.123125215962,0.8));
#2783 = CARTESIAN_POINT('',(-8.534144053581E-02,0.123125215962,0.81));
#2784 = CARTESIAN_POINT('',(-9.235525095775E-02,0.124992421149,0.8));
#2785 = CARTESIAN_POINT('',(-9.235525095775E-02,0.124992421149,0.81));
#2786 = CARTESIAN_POINT('',(-9.890464339489E-02,0.127579141172,0.8));
#2787 = CARTESIAN_POINT('',(-9.890464339489E-02,0.127579141172,0.81));
#2788 = CARTESIAN_POINT('',(-0.104994969442,0.130910225711,0.8));
#2789 = CARTESIAN_POINT('',(-0.104994969442,0.130910225711,0.81));
#2790 = CARTESIAN_POINT('',(-0.110554995228,0.13508084469,0.8));
#2791 = CARTESIAN_POINT('',(-0.110554995228,0.13508084469,0.81));
#2792 = CARTESIAN_POINT('',(-0.115686036487,0.139896153897,0.8));
#2793 = CARTESIAN_POINT('',(-0.115686036487,0.139896153897,0.81));
#2794 = CARTESIAN_POINT('',(-0.120274181729,0.145489048018,0.8));
#2795 = CARTESIAN_POINT('',(-0.120274181729,0.145489048018,0.81));
#2796 = CARTESIAN_POINT('',(-0.124343419106,0.151711336365,0.8));
#2797 = CARTESIAN_POINT('',(-0.124343419106,0.151711336365,0.81));
#2798 = CARTESIAN_POINT('',(-0.127888622077,0.158545725006,0.8));
#2799 = CARTESIAN_POINT('',(-0.127888622077,0.158545725006,0.81));
#2800 = CARTESIAN_POINT('',(-0.130895620899,0.165943117812,0.8));
#2801 = CARTESIAN_POINT('',(-0.130895620899,0.165943117812,0.81));
#2802 = CARTESIAN_POINT('',(-0.133274001876,0.173934178786,0.8));
#2803 = CARTESIAN_POINT('',(-0.133274001876,0.173934178786,0.81));
#2804 = CARTESIAN_POINT('',(-0.13528349531,0.182447427742,0.8));
#2805 = CARTESIAN_POINT('',(-0.13528349531,0.182447427742,0.81));
#2806 = CARTESIAN_POINT('',(-0.136549491252,0.191569858002,0.8));
#2807 = CARTESIAN_POINT('',(-0.136549491252,0.191569858002,0.81));
#2808 = CARTESIAN_POINT('',(-0.137384819843,0.201255178747,0.8));
#2809 = CARTESIAN_POINT('',(-0.137384819843,0.201255178747,0.81));
#2810 = CARTESIAN_POINT('',(-0.137490547154,0.207906367614,0.8));
#2811 = CARTESIAN_POINT('',(-0.137490547154,0.207906367614,0.81));
#2812 = CARTESIAN_POINT('',(-0.137544846419,0.211322274654,0.8));
#2813 = CARTESIAN_POINT('',(-0.137544846419,0.211322274654,0.81));
#2814 = DEFINITIONAL_REPRESENTATION('',(#2815),#2819);
#2815 = LINE('',#2816,#2817);
#2816 = CARTESIAN_POINT('',(-7.40733166147E-18,1.));
#2817 = VECTOR('',#2818,1.);
#2818 = DIRECTION('',(1.,-1.099120794379E-14));
#2819 = ( GEOMETRIC_REPRESENTATION_CONTEXT(2) 
PARAMETRIC_REPRESENTATION_CONTEXT() REPRESENTATION_CONTEXT('2D SPACE',''
  ) );
#2820 = ORIENTED_EDGE('',*,*,#2821,.T.);
#2821 = EDGE_CURVE('',#2728,#1826,#2822,.T.);
#2822 = SURFACE_CURVE('',#2823,(#2835,#2850),.PCURVE_S1.);
#2823 = B_SPLINE_CURVE_WITH_KNOTS('',3,(#2824,#2825,#2826,#2827,#2828,
    #2829,#2830,#2831,#2832,#2833,#2834),.UNSPECIFIED.,.F.,.F.,(4,1,1,1,
    1,1,1,1,4),(0.,0.118472505016,0.246924071128,0.384861109402,
    0.534071457583,0.678471190356,0.803948779649,0.910522627572,1.),
  .UNSPECIFIED.);
#2824 = CARTESIAN_POINT('',(-0.137544846419,0.211322274654,0.81));
#2825 = CARTESIAN_POINT('',(-0.137495814783,0.213880362229,0.81));
#2826 = CARTESIAN_POINT('',(-0.137393621525,0.219212007729,0.81));
#2827 = CARTESIAN_POINT('',(-0.136617592442,0.227490375554,0.81));
#2828 = CARTESIAN_POINT('',(-0.135480216257,0.236392286805,0.81));
#2829 = CARTESIAN_POINT('',(-0.13389371551,0.245573503209,0.81));
#2830 = CARTESIAN_POINT('',(-0.132093893024,0.254450086067,0.81));
#2831 = CARTESIAN_POINT('',(-0.129811563512,0.262248984391,0.81));
#2832 = CARTESIAN_POINT('',(-0.12757843963,0.268848090593,0.81));
#2833 = CARTESIAN_POINT('',(-0.125524804281,0.272557872571,0.81));
#2834 = CARTESIAN_POINT('',(-0.124587529346,0.27425100941,0.81));
#2835 = PCURVE('',#459,#2836);
#2836 = DEFINITIONAL_REPRESENTATION('',(#2837),#2849);
#2837 = B_SPLINE_CURVE_WITH_KNOTS('',3,(#2838,#2839,#2840,#2841,#2842,
    #2843,#2844,#2845,#2846,#2847,#2848),.UNSPECIFIED.,.F.,.F.,(4,1,1,1,
    1,1,1,1,4),(0.,0.118472505016,0.246924071128,0.384861109402,
    0.534071457583,0.678471190356,0.803948779649,0.910522627572,1.),
  .UNSPECIFIED.);
#2838 = CARTESIAN_POINT('',(0.137544846419,0.211322274654));
#2839 = CARTESIAN_POINT('',(0.137495814783,0.213880362229));
#2840 = CARTESIAN_POINT('',(0.137393621525,0.219212007729));
#2841 = CARTESIAN_POINT('',(0.136617592442,0.227490375554));
#2842 = CARTESIAN_POINT('',(0.135480216257,0.236392286805));
#2843 = CARTESIAN_POINT('',(0.13389371551,0.245573503209));
#2844 = CARTESIAN_POINT('',(0.132093893024,0.254450086067));
#2845 = CARTESIAN_POINT('',(0.129811563512,0.262248984391));
#2846 = CARTESIAN_POINT('',(0.12757843963,0.268848090593));
#2847 = CARTESIAN_POINT('',(0.125524804281,0.272557872571));
#2848 = CARTESIAN_POINT('',(0.124587529346,0.27425100941));
#2849 = ( GEOMETRIC_REPRESENTATION_CONTEXT(2) 
PARAMETRIC_REPRESENTATION_CONTEXT() REPRESENTATION_CONTEXT('2D SPACE',''
  ) );
#2850 = PCURVE('',#2851,#2874);
#2851 = B_SPLINE_SURFACE_WITH_KNOTS('',3,1,(
    (#2852,#2853)
    ,(#2854,#2855)
    ,(#2856,#2857)
    ,(#2858,#2859)
    ,(#2860,#2861)
    ,(#2862,#2863)
    ,(#2864,#2865)
    ,(#2866,#2867)
    ,(#2868,#2869)
    ,(#2870,#2871)
    ,(#2872,#2873
  )),.UNSPECIFIED.,.F.,.F.,.F.,(4,1,1,1,1,1,1,1,4),(2,2),(0.,
    0.118472505016,0.246924071128,0.384861109402,0.534071457583,
    0.678471190356,0.803948779649,0.910522627572,1.),(0.,1.),
  .UNSPECIFIED.);
#2852 = CARTESIAN_POINT('',(-0.137544846419,0.211322274654,0.8));
#2853 = CARTESIAN_POINT('',(-0.137544846419,0.211322274654,0.81));
#2854 = CARTESIAN_POINT('',(-0.137495814783,0.213880362229,0.8));
#2855 = CARTESIAN_POINT('',(-0.137495814783,0.213880362229,0.81));
#2856 = CARTESIAN_POINT('',(-0.137393621525,0.219212007729,0.8));
#2857 = CARTESIAN_POINT('',(-0.137393621525,0.219212007729,0.81));
#2858 = CARTESIAN_POINT('',(-0.136617592442,0.227490375554,0.8));
#2859 = CARTESIAN_POINT('',(-0.136617592442,0.227490375554,0.81));
#2860 = CARTESIAN_POINT('',(-0.135480216257,0.236392286805,0.8));
#2861 = CARTESIAN_POINT('',(-0.135480216257,0.236392286805,0.81));
#2862 = CARTESIAN_POINT('',(-0.13389371551,0.245573503209,0.8));
#2863 = CARTESIAN_POINT('',(-0.13389371551,0.245573503209,0.81));
#2864 = CARTESIAN_POINT('',(-0.132093893024,0.254450086067,0.8));
#2865 = CARTESIAN_POINT('',(-0.132093893024,0.254450086067,0.81));
#2866 = CARTESIAN_POINT('',(-0.129811563512,0.262248984391,0.8));
#2867 = CARTESIAN_POINT('',(-0.129811563512,0.262248984391,0.81));
#2868 = CARTESIAN_POINT('',(-0.12757843963,0.268848090593,0.8));
#2869 = CARTESIAN_POINT('',(-0.12757843963,0.268848090593,0.81));
#2870 = CARTESIAN_POINT('',(-0.125524804281,0.272557872571,0.8));
#2871 = CARTESIAN_POINT('',(-0.125524804281,0.272557872571,0.81));
#2872 = CARTESIAN_POINT('',(-0.124587529346,0.27425100941,0.8));
#2873 = CARTESIAN_POINT('',(-0.124587529346,0.27425100941,0.81));
#2874 = DEFINITIONAL_REPRESENTATION('',(#2875),#2879);
#2875 = LINE('',#2876,#2877);
#2876 = CARTESIAN_POINT('',(-8.589774670633E-15,1.));
#2877 = VECTOR('',#2878,1.);
#2878 = DIRECTION('',(1.,2.209343819004E-14));
#2879 = ( GEOMETRIC_REPRESENTATION_CONTEXT(2) 
PARAMETRIC_REPRESENTATION_CONTEXT() REPRESENTATION_CONTEXT('2D SPACE',''
  ) );
#2880 = FACE_BOUND('',#2881,.T.);
#2881 = EDGE_LOOP('',(#2882,#2912,#2940,#2968,#3006,#3034,#3096,#3124,
    #3152,#3180,#3208,#3236,#3298,#3326,#3388,#3416));
#2882 = ORIENTED_EDGE('',*,*,#2883,.T.);
#2883 = EDGE_CURVE('',#2884,#2886,#2888,.T.);
#2884 = VERTEX_POINT('',#2885);
#2885 = CARTESIAN_POINT('',(0.115503934069,-0.399529478395,0.81));
#2886 = VERTEX_POINT('',#2887);
#2887 = CARTESIAN_POINT('',(-0.134496065931,-0.399529478395,0.81));
#2888 = SURFACE_CURVE('',#2889,(#2893,#2900),.PCURVE_S1.);
#2889 = LINE('',#2890,#2891);
#2890 = CARTESIAN_POINT('',(0.115503934069,-0.399529478395,0.81));
#2891 = VECTOR('',#2892,1.);
#2892 = DIRECTION('',(-1.,0.,0.));
#2893 = PCURVE('',#459,#2894);
#2894 = DEFINITIONAL_REPRESENTATION('',(#2895),#2899);
#2895 = LINE('',#2896,#2897);
#2896 = CARTESIAN_POINT('',(-0.115503934069,-0.399529478395));
#2897 = VECTOR('',#2898,1.);
#2898 = DIRECTION('',(1.,0.));
#2899 = ( GEOMETRIC_REPRESENTATION_CONTEXT(2) 
PARAMETRIC_REPRESENTATION_CONTEXT() REPRESENTATION_CONTEXT('2D SPACE',''
  ) );
#2900 = PCURVE('',#2901,#2906);
#2901 = PLANE('',#2902);
#2902 = AXIS2_PLACEMENT_3D('',#2903,#2904,#2905);
#2903 = CARTESIAN_POINT('',(0.115503934069,-0.399529478395,0.8));
#2904 = DIRECTION('',(0.,1.,0.));
#2905 = DIRECTION('',(0.,-0.,1.));
#2906 = DEFINITIONAL_REPRESENTATION('',(#2907),#2911);
#2907 = LINE('',#2908,#2909);
#2908 = CARTESIAN_POINT('',(1.E-02,0.));
#2909 = VECTOR('',#2910,1.);
#2910 = DIRECTION('',(0.,-1.));
#2911 = ( GEOMETRIC_REPRESENTATION_CONTEXT(2) 
PARAMETRIC_REPRESENTATION_CONTEXT() REPRESENTATION_CONTEXT('2D SPACE',''
  ) );
#2912 = ORIENTED_EDGE('',*,*,#2913,.T.);
#2913 = EDGE_CURVE('',#2886,#2914,#2916,.T.);
#2914 = VERTEX_POINT('',#2915);
#2915 = CARTESIAN_POINT('',(-0.134496065931,-0.359752420468,0.81));
#2916 = SURFACE_CURVE('',#2917,(#2921,#2928),.PCURVE_S1.);
#2917 = LINE('',#2918,#2919);
#2918 = CARTESIAN_POINT('',(-0.134496065931,-0.399529478395,0.81));
#2919 = VECTOR('',#2920,1.);
#2920 = DIRECTION('',(0.,1.,0.));
#2921 = PCURVE('',#459,#2922);
#2922 = DEFINITIONAL_REPRESENTATION('',(#2923),#2927);
#2923 = LINE('',#2924,#2925);
#2924 = CARTESIAN_POINT('',(0.134496065931,-0.399529478395));
#2925 = VECTOR('',#2926,1.);
#2926 = DIRECTION('',(0.,1.));
#2927 = ( GEOMETRIC_REPRESENTATION_CONTEXT(2) 
PARAMETRIC_REPRESENTATION_CONTEXT() REPRESENTATION_CONTEXT('2D SPACE',''
  ) );
#2928 = PCURVE('',#2929,#2934);
#2929 = PLANE('',#2930);
#2930 = AXIS2_PLACEMENT_3D('',#2931,#2932,#2933);
#2931 = CARTESIAN_POINT('',(-0.134496065931,-0.399529478395,0.8));
#2932 = DIRECTION('',(1.,-0.,0.));
#2933 = DIRECTION('',(0.,0.,-1.));
#2934 = DEFINITIONAL_REPRESENTATION('',(#2935),#2939);
#2935 = LINE('',#2936,#2937);
#2936 = CARTESIAN_POINT('',(-1.E-02,0.));
#2937 = VECTOR('',#2938,1.);
#2938 = DIRECTION('',(0.,1.));
#2939 = ( GEOMETRIC_REPRESENTATION_CONTEXT(2) 
PARAMETRIC_REPRESENTATION_CONTEXT() REPRESENTATION_CONTEXT('2D SPACE',''
  ) );
#2940 = ORIENTED_EDGE('',*,*,#2941,.T.);
#2941 = EDGE_CURVE('',#2914,#2942,#2944,.T.);
#2942 = VERTEX_POINT('',#2943);
#2943 = CARTESIAN_POINT('',(5.957786699555E-02,-0.237134280224,0.81));
#2944 = SURFACE_CURVE('',#2945,(#2949,#2956),.PCURVE_S1.);
#2945 = LINE('',#2946,#2947);
#2946 = CARTESIAN_POINT('',(-0.134496065931,-0.359752420468,0.81));
#2947 = VECTOR('',#2948,1.);
#2948 = DIRECTION('',(0.845400134138,0.534133516267,0.));
#2949 = PCURVE('',#459,#2950);
#2950 = DEFINITIONAL_REPRESENTATION('',(#2951),#2955);
#2951 = LINE('',#2952,#2953);
#2952 = CARTESIAN_POINT('',(0.134496065931,-0.359752420468));
#2953 = VECTOR('',#2954,1.);
#2954 = DIRECTION('',(-0.845400134138,0.534133516267));
#2955 = ( GEOMETRIC_REPRESENTATION_CONTEXT(2) 
PARAMETRIC_REPRESENTATION_CONTEXT() REPRESENTATION_CONTEXT('2D SPACE',''
  ) );
#2956 = PCURVE('',#2957,#2962);
#2957 = PLANE('',#2958);
#2958 = AXIS2_PLACEMENT_3D('',#2959,#2960,#2961);
#2959 = CARTESIAN_POINT('',(-0.134496065931,-0.359752420468,0.8));
#2960 = DIRECTION('',(0.534133516267,-0.845400134138,0.));
#2961 = DIRECTION('',(0.845400134138,0.534133516267,0.));
#2962 = DEFINITIONAL_REPRESENTATION('',(#2963),#2967);
#2963 = LINE('',#2964,#2965);
#2964 = CARTESIAN_POINT('',(0.,1.E-02));
#2965 = VECTOR('',#2966,1.);
#2966 = DIRECTION('',(1.,0.));
#2967 = ( GEOMETRIC_REPRESENTATION_CONTEXT(2) 
PARAMETRIC_REPRESENTATION_CONTEXT() REPRESENTATION_CONTEXT('2D SPACE',''
  ) );
#2968 = ORIENTED_EDGE('',*,*,#2969,.T.);
#2969 = EDGE_CURVE('',#2942,#2970,#2972,.T.);
#2970 = VERTEX_POINT('',#2971);
#2971 = CARTESIAN_POINT('',(7.586978772725E-02,-0.228797771078,0.81));
#2972 = SURFACE_CURVE('',#2973,(#2979,#2988),.PCURVE_S1.);
#2973 = B_SPLINE_CURVE_WITH_KNOTS('',3,(#2974,#2975,#2976,#2977,#2978),
  .UNSPECIFIED.,.F.,.F.,(4,1,4),(0.,0.514735756979,1.),.UNSPECIFIED.);
#2974 = CARTESIAN_POINT('',(5.957786699555E-02,-0.237134280224,0.81));
#2975 = CARTESIAN_POINT('',(6.227504554499E-02,-0.235511421336,0.81));
#2976 = CARTESIAN_POINT('',(6.751497401872E-02,-0.232358621348,0.81));
#2977 = CARTESIAN_POINT('',(7.314011025141E-02,-0.229961168984,0.81));
#2978 = CARTESIAN_POINT('',(7.586978772725E-02,-0.228797771078,0.81));
#2979 = PCURVE('',#459,#2980);
#2980 = DEFINITIONAL_REPRESENTATION('',(#2981),#2987);
#2981 = B_SPLINE_CURVE_WITH_KNOTS('',3,(#2982,#2983,#2984,#2985,#2986),
  .UNSPECIFIED.,.F.,.F.,(4,1,4),(0.,0.514735756979,1.),.UNSPECIFIED.);
#2982 = CARTESIAN_POINT('',(-5.957786699555E-02,-0.237134280224));
#2983 = CARTESIAN_POINT('',(-6.227504554499E-02,-0.235511421336));
#2984 = CARTESIAN_POINT('',(-6.751497401872E-02,-0.232358621348));
#2985 = CARTESIAN_POINT('',(-7.314011025141E-02,-0.229961168984));
#2986 = CARTESIAN_POINT('',(-7.586978772725E-02,-0.228797771078));
#2987 = ( GEOMETRIC_REPRESENTATION_CONTEXT(2) 
PARAMETRIC_REPRESENTATION_CONTEXT() REPRESENTATION_CONTEXT('2D SPACE',''
  ) );
#2988 = PCURVE('',#2989,#3000);
#2989 = B_SPLINE_SURFACE_WITH_KNOTS('',3,1,(
    (#2990,#2991)
    ,(#2992,#2993)
    ,(#2994,#2995)
    ,(#2996,#2997)
    ,(#2998,#2999
    )),.UNSPECIFIED.,.F.,.F.,.F.,(4,1,4),(2,2),(0.,0.514735756979,1.),(
    0.,1.),.UNSPECIFIED.);
#2990 = CARTESIAN_POINT('',(5.957786699555E-02,-0.237134280224,0.8));
#2991 = CARTESIAN_POINT('',(5.957786699555E-02,-0.237134280224,0.81));
#2992 = CARTESIAN_POINT('',(6.227504554499E-02,-0.235511421336,0.8));
#2993 = CARTESIAN_POINT('',(6.227504554499E-02,-0.235511421336,0.81));
#2994 = CARTESIAN_POINT('',(6.751497401872E-02,-0.232358621348,0.8));
#2995 = CARTESIAN_POINT('',(6.751497401872E-02,-0.232358621348,0.81));
#2996 = CARTESIAN_POINT('',(7.314011025141E-02,-0.229961168984,0.8));
#2997 = CARTESIAN_POINT('',(7.314011025141E-02,-0.229961168984,0.81));
#2998 = CARTESIAN_POINT('',(7.586978772725E-02,-0.228797771078,0.8));
#2999 = CARTESIAN_POINT('',(7.586978772725E-02,-0.228797771078,0.81));
#3000 = DEFINITIONAL_REPRESENTATION('',(#3001),#3005);
#3001 = LINE('',#3002,#3003);
#3002 = CARTESIAN_POINT('',(-2.013247560777E-16,1.));
#3003 = VECTOR('',#3004,1.);
#3004 = DIRECTION('',(1.,1.099120794379E-14));
#3005 = ( GEOMETRIC_REPRESENTATION_CONTEXT(2) 
PARAMETRIC_REPRESENTATION_CONTEXT() REPRESENTATION_CONTEXT('2D SPACE',''
  ) );
#3006 = ORIENTED_EDGE('',*,*,#3007,.T.);
#3007 = EDGE_CURVE('',#2970,#3008,#3010,.T.);
#3008 = VERTEX_POINT('',#3009);
#3009 = CARTESIAN_POINT('',(7.586978772725E-02,-0.22779738998,0.81));
#3010 = SURFACE_CURVE('',#3011,(#3015,#3022),.PCURVE_S1.);
#3011 = LINE('',#3012,#3013);
#3012 = CARTESIAN_POINT('',(7.586978772725E-02,-0.228797771078,0.81));
#3013 = VECTOR('',#3014,1.);
#3014 = DIRECTION('',(0.,1.,0.));
#3015 = PCURVE('',#459,#3016);
#3016 = DEFINITIONAL_REPRESENTATION('',(#3017),#3021);
#3017 = LINE('',#3018,#3019);
#3018 = CARTESIAN_POINT('',(-7.586978772725E-02,-0.228797771078));
#3019 = VECTOR('',#3020,1.);
#3020 = DIRECTION('',(0.,1.));
#3021 = ( GEOMETRIC_REPRESENTATION_CONTEXT(2) 
PARAMETRIC_REPRESENTATION_CONTEXT() REPRESENTATION_CONTEXT('2D SPACE',''
  ) );
#3022 = PCURVE('',#3023,#3028);
#3023 = PLANE('',#3024);
#3024 = AXIS2_PLACEMENT_3D('',#3025,#3026,#3027);
#3025 = CARTESIAN_POINT('',(7.586978772725E-02,-0.228797771078,0.8));
#3026 = DIRECTION('',(1.,-0.,0.));
#3027 = DIRECTION('',(0.,0.,-1.));
#3028 = DEFINITIONAL_REPRESENTATION('',(#3029),#3033);
#3029 = LINE('',#3030,#3031);
#3030 = CARTESIAN_POINT('',(-1.E-02,0.));
#3031 = VECTOR('',#3032,1.);
#3032 = DIRECTION('',(0.,1.));
#3033 = ( GEOMETRIC_REPRESENTATION_CONTEXT(2) 
PARAMETRIC_REPRESENTATION_CONTEXT() REPRESENTATION_CONTEXT('2D SPACE',''
  ) );
#3034 = ORIENTED_EDGE('',*,*,#3035,.T.);
#3035 = EDGE_CURVE('',#3008,#3036,#3038,.T.);
#3036 = VERTEX_POINT('',#3037);
#3037 = CARTESIAN_POINT('',(4.090408650774E-02,-0.228797771078,0.81));
#3038 = SURFACE_CURVE('',#3039,(#3051,#3066),.PCURVE_S1.);
#3039 = B_SPLINE_CURVE_WITH_KNOTS('',3,(#3040,#3041,#3042,#3043,#3044,
    #3045,#3046,#3047,#3048,#3049,#3050),.UNSPECIFIED.,.F.,.F.,(4,1,1,1,
    1,1,1,1,4),(0.,6.840540825257E-02,0.152982627126,0.253867258679,
    0.369651378931,0.503088371486,0.652858156177,0.817583320403,1.),
  .UNSPECIFIED.);
#3040 = CARTESIAN_POINT('',(7.586978772725E-02,-0.22779738998,0.81));
#3041 = CARTESIAN_POINT('',(7.507636673675E-02,-0.227883193208,0.81));
#3042 = CARTESIAN_POINT('',(7.330195107803E-02,-0.228075084514,0.81));
#3043 = CARTESIAN_POINT('',(7.034414124962E-02,-0.228233965806,0.81));
#3044 = CARTESIAN_POINT('',(6.683653039762E-02,-0.228440968834,0.81));
#3045 = CARTESIAN_POINT('',(6.275445347602E-02,-0.228576775556,0.81));
#3046 = CARTESIAN_POINT('',(5.810113465819E-02,-0.228654828058,0.81));
#3047 = CARTESIAN_POINT('',(5.287733868171E-02,-0.228765442538,0.81));
#3048 = CARTESIAN_POINT('',(4.708110338728E-02,-0.228807227355,0.81));
#3049 = CARTESIAN_POINT('',(4.30318794884E-02,-0.228801028475,0.81));
#3050 = CARTESIAN_POINT('',(4.090408650774E-02,-0.228797771078,0.81));
#3051 = PCURVE('',#459,#3052);
#3052 = DEFINITIONAL_REPRESENTATION('',(#3053),#3065);
#3053 = B_SPLINE_CURVE_WITH_KNOTS('',3,(#3054,#3055,#3056,#3057,#3058,
    #3059,#3060,#3061,#3062,#3063,#3064),.UNSPECIFIED.,.F.,.F.,(4,1,1,1,
    1,1,1,1,4),(0.,6.840540825257E-02,0.152982627126,0.253867258679,
    0.369651378931,0.503088371486,0.652858156177,0.817583320403,1.),
  .UNSPECIFIED.);
#3054 = CARTESIAN_POINT('',(-7.586978772725E-02,-0.22779738998));
#3055 = CARTESIAN_POINT('',(-7.507636673675E-02,-0.227883193208));
#3056 = CARTESIAN_POINT('',(-7.330195107803E-02,-0.228075084514));
#3057 = CARTESIAN_POINT('',(-7.034414124962E-02,-0.228233965806));
#3058 = CARTESIAN_POINT('',(-6.683653039762E-02,-0.228440968834));
#3059 = CARTESIAN_POINT('',(-6.275445347602E-02,-0.228576775556));
#3060 = CARTESIAN_POINT('',(-5.810113465819E-02,-0.228654828058));
#3061 = CARTESIAN_POINT('',(-5.287733868171E-02,-0.228765442538));
#3062 = CARTESIAN_POINT('',(-4.708110338728E-02,-0.228807227355));
#3063 = CARTESIAN_POINT('',(-4.30318794884E-02,-0.228801028475));
#3064 = CARTESIAN_POINT('',(-4.090408650774E-02,-0.228797771078));
#3065 = ( GEOMETRIC_REPRESENTATION_CONTEXT(2) 
PARAMETRIC_REPRESENTATION_CONTEXT() REPRESENTATION_CONTEXT('2D SPACE',''
  ) );
#3066 = PCURVE('',#3067,#3090);
#3067 = B_SPLINE_SURFACE_WITH_KNOTS('',3,1,(
    (#3068,#3069)
    ,(#3070,#3071)
    ,(#3072,#3073)
    ,(#3074,#3075)
    ,(#3076,#3077)
    ,(#3078,#3079)
    ,(#3080,#3081)
    ,(#3082,#3083)
    ,(#3084,#3085)
    ,(#3086,#3087)
    ,(#3088,#3089
  )),.UNSPECIFIED.,.F.,.F.,.F.,(4,1,1,1,1,1,1,1,4),(2,2),(0.,
    6.840540825257E-02,0.152982627126,0.253867258679,0.369651378931,
    0.503088371486,0.652858156177,0.817583320403,1.),(0.,1.),
  .UNSPECIFIED.);
#3068 = CARTESIAN_POINT('',(7.586978772725E-02,-0.22779738998,0.8));
#3069 = CARTESIAN_POINT('',(7.586978772725E-02,-0.22779738998,0.81));
#3070 = CARTESIAN_POINT('',(7.507636673675E-02,-0.227883193208,0.8));
#3071 = CARTESIAN_POINT('',(7.507636673675E-02,-0.227883193208,0.81));
#3072 = CARTESIAN_POINT('',(7.330195107803E-02,-0.228075084514,0.8));
#3073 = CARTESIAN_POINT('',(7.330195107803E-02,-0.228075084514,0.81));
#3074 = CARTESIAN_POINT('',(7.034414124962E-02,-0.228233965806,0.8));
#3075 = CARTESIAN_POINT('',(7.034414124962E-02,-0.228233965806,0.81));
#3076 = CARTESIAN_POINT('',(6.683653039762E-02,-0.228440968834,0.8));
#3077 = CARTESIAN_POINT('',(6.683653039762E-02,-0.228440968834,0.81));
#3078 = CARTESIAN_POINT('',(6.275445347602E-02,-0.228576775556,0.8));
#3079 = CARTESIAN_POINT('',(6.275445347602E-02,-0.228576775556,0.81));
#3080 = CARTESIAN_POINT('',(5.810113465819E-02,-0.228654828058,0.8));
#3081 = CARTESIAN_POINT('',(5.810113465819E-02,-0.228654828058,0.81));
#3082 = CARTESIAN_POINT('',(5.287733868171E-02,-0.228765442538,0.8));
#3083 = CARTESIAN_POINT('',(5.287733868171E-02,-0.228765442538,0.81));
#3084 = CARTESIAN_POINT('',(4.708110338728E-02,-0.228807227355,0.8));
#3085 = CARTESIAN_POINT('',(4.708110338728E-02,-0.228807227355,0.81));
#3086 = CARTESIAN_POINT('',(4.30318794884E-02,-0.228801028475,0.8));
#3087 = CARTESIAN_POINT('',(4.30318794884E-02,-0.228801028475,0.81));
#3088 = CARTESIAN_POINT('',(4.090408650774E-02,-0.228797771078,0.8));
#3089 = CARTESIAN_POINT('',(4.090408650774E-02,-0.228797771078,0.81));
#3090 = DEFINITIONAL_REPRESENTATION('',(#3091),#3095);
#3091 = LINE('',#3092,#3093);
#3092 = CARTESIAN_POINT('',(-2.239672288878E-16,1.));
#3093 = VECTOR('',#3094,1.);
#3094 = DIRECTION('',(1.,0.));
#3095 = ( GEOMETRIC_REPRESENTATION_CONTEXT(2) 
PARAMETRIC_REPRESENTATION_CONTEXT() REPRESENTATION_CONTEXT('2D SPACE',''
  ) );
#3096 = ORIENTED_EDGE('',*,*,#3097,.T.);
#3097 = EDGE_CURVE('',#3036,#3098,#3100,.T.);
#3098 = VERTEX_POINT('',#3099);
#3099 = CARTESIAN_POINT('',(-0.134496065931,-0.228797771078,0.81));
#3100 = SURFACE_CURVE('',#3101,(#3105,#3112),.PCURVE_S1.);
#3101 = LINE('',#3102,#3103);
#3102 = CARTESIAN_POINT('',(4.090408650774E-02,-0.228797771078,0.81));
#3103 = VECTOR('',#3104,1.);
#3104 = DIRECTION('',(-1.,0.,0.));
#3105 = PCURVE('',#459,#3106);
#3106 = DEFINITIONAL_REPRESENTATION('',(#3107),#3111);
#3107 = LINE('',#3108,#3109);
#3108 = CARTESIAN_POINT('',(-4.090408650774E-02,-0.228797771078));
#3109 = VECTOR('',#3110,1.);
#3110 = DIRECTION('',(1.,0.));
#3111 = ( GEOMETRIC_REPRESENTATION_CONTEXT(2) 
PARAMETRIC_REPRESENTATION_CONTEXT() REPRESENTATION_CONTEXT('2D SPACE',''
  ) );
#3112 = PCURVE('',#3113,#3118);
#3113 = PLANE('',#3114);
#3114 = AXIS2_PLACEMENT_3D('',#3115,#3116,#3117);
#3115 = CARTESIAN_POINT('',(4.090408650774E-02,-0.228797771078,0.8));
#3116 = DIRECTION('',(0.,1.,0.));
#3117 = DIRECTION('',(0.,-0.,1.));
#3118 = DEFINITIONAL_REPRESENTATION('',(#3119),#3123);
#3119 = LINE('',#3120,#3121);
#3120 = CARTESIAN_POINT('',(1.E-02,0.));
#3121 = VECTOR('',#3122,1.);
#3122 = DIRECTION('',(0.,-1.));
#3123 = ( GEOMETRIC_REPRESENTATION_CONTEXT(2) 
PARAMETRIC_REPRESENTATION_CONTEXT() REPRESENTATION_CONTEXT('2D SPACE',''
  ) );
#3124 = ORIENTED_EDGE('',*,*,#3125,.T.);
#3125 = EDGE_CURVE('',#3098,#3126,#3128,.T.);
#3126 = VERTEX_POINT('',#3127);
#3127 = CARTESIAN_POINT('',(-0.134496065931,-0.195261185712,0.81));
#3128 = SURFACE_CURVE('',#3129,(#3133,#3140),.PCURVE_S1.);
#3129 = LINE('',#3130,#3131);
#3130 = CARTESIAN_POINT('',(-0.134496065931,-0.228797771078,0.81));
#3131 = VECTOR('',#3132,1.);
#3132 = DIRECTION('',(0.,1.,0.));
#3133 = PCURVE('',#459,#3134);
#3134 = DEFINITIONAL_REPRESENTATION('',(#3135),#3139);
#3135 = LINE('',#3136,#3137);
#3136 = CARTESIAN_POINT('',(0.134496065931,-0.228797771078));
#3137 = VECTOR('',#3138,1.);
#3138 = DIRECTION('',(0.,1.));
#3139 = ( GEOMETRIC_REPRESENTATION_CONTEXT(2) 
PARAMETRIC_REPRESENTATION_CONTEXT() REPRESENTATION_CONTEXT('2D SPACE',''
  ) );
#3140 = PCURVE('',#3141,#3146);
#3141 = PLANE('',#3142);
#3142 = AXIS2_PLACEMENT_3D('',#3143,#3144,#3145);
#3143 = CARTESIAN_POINT('',(-0.134496065931,-0.228797771078,0.8));
#3144 = DIRECTION('',(1.,-0.,0.));
#3145 = DIRECTION('',(0.,0.,-1.));
#3146 = DEFINITIONAL_REPRESENTATION('',(#3147),#3151);
#3147 = LINE('',#3148,#3149);
#3148 = CARTESIAN_POINT('',(-1.E-02,0.));
#3149 = VECTOR('',#3150,1.);
#3150 = DIRECTION('',(0.,1.));
#3151 = ( GEOMETRIC_REPRESENTATION_CONTEXT(2) 
PARAMETRIC_REPRESENTATION_CONTEXT() REPRESENTATION_CONTEXT('2D SPACE',''
  ) );
#3152 = ORIENTED_EDGE('',*,*,#3153,.T.);
#3153 = EDGE_CURVE('',#3126,#3154,#3156,.T.);
#3154 = VERTEX_POINT('',#3155);
#3155 = CARTESIAN_POINT('',(0.115503934069,-0.195261185712,0.81));
#3156 = SURFACE_CURVE('',#3157,(#3161,#3168),.PCURVE_S1.);
#3157 = LINE('',#3158,#3159);
#3158 = CARTESIAN_POINT('',(-0.134496065931,-0.195261185712,0.81));
#3159 = VECTOR('',#3160,1.);
#3160 = DIRECTION('',(1.,0.,0.));
#3161 = PCURVE('',#459,#3162);
#3162 = DEFINITIONAL_REPRESENTATION('',(#3163),#3167);
#3163 = LINE('',#3164,#3165);
#3164 = CARTESIAN_POINT('',(0.134496065931,-0.195261185712));
#3165 = VECTOR('',#3166,1.);
#3166 = DIRECTION('',(-1.,0.));
#3167 = ( GEOMETRIC_REPRESENTATION_CONTEXT(2) 
PARAMETRIC_REPRESENTATION_CONTEXT() REPRESENTATION_CONTEXT('2D SPACE',''
  ) );
#3168 = PCURVE('',#3169,#3174);
#3169 = PLANE('',#3170);
#3170 = AXIS2_PLACEMENT_3D('',#3171,#3172,#3173);
#3171 = CARTESIAN_POINT('',(-0.134496065931,-0.195261185712,0.8));
#3172 = DIRECTION('',(0.,-1.,0.));
#3173 = DIRECTION('',(0.,-0.,-1.));
#3174 = DEFINITIONAL_REPRESENTATION('',(#3175),#3179);
#3175 = LINE('',#3176,#3177);
#3176 = CARTESIAN_POINT('',(-1.E-02,0.));
#3177 = VECTOR('',#3178,1.);
#3178 = DIRECTION('',(0.,1.));
#3179 = ( GEOMETRIC_REPRESENTATION_CONTEXT(2) 
PARAMETRIC_REPRESENTATION_CONTEXT() REPRESENTATION_CONTEXT('2D SPACE',''
  ) );
#3180 = ORIENTED_EDGE('',*,*,#3181,.T.);
#3181 = EDGE_CURVE('',#3154,#3182,#3184,.T.);
#3182 = VERTEX_POINT('',#3183);
#3183 = CARTESIAN_POINT('',(0.115503934069,-0.237944112541,0.81));
#3184 = SURFACE_CURVE('',#3185,(#3189,#3196),.PCURVE_S1.);
#3185 = LINE('',#3186,#3187);
#3186 = CARTESIAN_POINT('',(0.115503934069,-0.195261185712,0.81));
#3187 = VECTOR('',#3188,1.);
#3188 = DIRECTION('',(0.,-1.,0.));
#3189 = PCURVE('',#459,#3190);
#3190 = DEFINITIONAL_REPRESENTATION('',(#3191),#3195);
#3191 = LINE('',#3192,#3193);
#3192 = CARTESIAN_POINT('',(-0.115503934069,-0.195261185712));
#3193 = VECTOR('',#3194,1.);
#3194 = DIRECTION('',(-0.,-1.));
#3195 = ( GEOMETRIC_REPRESENTATION_CONTEXT(2) 
PARAMETRIC_REPRESENTATION_CONTEXT() REPRESENTATION_CONTEXT('2D SPACE',''
  ) );
#3196 = PCURVE('',#3197,#3202);
#3197 = PLANE('',#3198);
#3198 = AXIS2_PLACEMENT_3D('',#3199,#3200,#3201);
#3199 = CARTESIAN_POINT('',(0.115503934069,-0.195261185712,0.8));
#3200 = DIRECTION('',(-1.,0.,-0.));
#3201 = DIRECTION('',(0.,0.,1.));
#3202 = DEFINITIONAL_REPRESENTATION('',(#3203),#3207);
#3203 = LINE('',#3204,#3205);
#3204 = CARTESIAN_POINT('',(1.E-02,0.));
#3205 = VECTOR('',#3206,1.);
#3206 = DIRECTION('',(0.,-1.));
#3207 = ( GEOMETRIC_REPRESENTATION_CONTEXT(2) 
PARAMETRIC_REPRESENTATION_CONTEXT() REPRESENTATION_CONTEXT('2D SPACE',''
  ) );
#3208 = ORIENTED_EDGE('',*,*,#3209,.T.);
#3209 = EDGE_CURVE('',#3182,#3210,#3212,.T.);
#3210 = VERTEX_POINT('',#3211);
#3211 = CARTESIAN_POINT('',(-7.461611166299E-02,-0.356894188761,0.81));
#3212 = SURFACE_CURVE('',#3213,(#3217,#3224),.PCURVE_S1.);
#3213 = LINE('',#3214,#3215);
#3214 = CARTESIAN_POINT('',(0.115503934069,-0.237944112541,0.81));
#3215 = VECTOR('',#3216,1.);
#3216 = DIRECTION('',(-0.847747607439,-0.530399843592,0.));
#3217 = PCURVE('',#459,#3218);
#3218 = DEFINITIONAL_REPRESENTATION('',(#3219),#3223);
#3219 = LINE('',#3220,#3221);
#3220 = CARTESIAN_POINT('',(-0.115503934069,-0.237944112541));
#3221 = VECTOR('',#3222,1.);
#3222 = DIRECTION('',(0.847747607439,-0.530399843592));
#3223 = ( GEOMETRIC_REPRESENTATION_CONTEXT(2) 
PARAMETRIC_REPRESENTATION_CONTEXT() REPRESENTATION_CONTEXT('2D SPACE',''
  ) );
#3224 = PCURVE('',#3225,#3230);
#3225 = PLANE('',#3226);
#3226 = AXIS2_PLACEMENT_3D('',#3227,#3228,#3229);
#3227 = CARTESIAN_POINT('',(0.115503934069,-0.237944112541,0.8));
#3228 = DIRECTION('',(-0.530399843592,0.847747607439,0.));
#3229 = DIRECTION('',(-0.847747607439,-0.530399843592,0.));
#3230 = DEFINITIONAL_REPRESENTATION('',(#3231),#3235);
#3231 = LINE('',#3232,#3233);
#3232 = CARTESIAN_POINT('',(0.,1.E-02));
#3233 = VECTOR('',#3234,1.);
#3234 = DIRECTION('',(1.,0.));
#3235 = ( GEOMETRIC_REPRESENTATION_CONTEXT(2) 
PARAMETRIC_REPRESENTATION_CONTEXT() REPRESENTATION_CONTEXT('2D SPACE',''
  ) );
#3236 = ORIENTED_EDGE('',*,*,#3237,.T.);
#3237 = EDGE_CURVE('',#3210,#3238,#3240,.T.);
#3238 = VERTEX_POINT('',#3239);
#3239 = CARTESIAN_POINT('',(-9.181313910201E-02,-0.366945636931,0.81));
#3240 = SURFACE_CURVE('',#3241,(#3253,#3268),.PCURVE_S1.);
#3241 = B_SPLINE_CURVE_WITH_KNOTS('',3,(#3242,#3243,#3244,#3245,#3246,
    #3247,#3248,#3249,#3250,#3251,#3252),.UNSPECIFIED.,.F.,.F.,(4,1,1,1,
    1,1,1,1,4),(0.,0.191043767251,0.362828903116,0.514098510603,
    0.650198134495,0.765824892399,0.86101723428,0.93905934776,1.),
  .UNSPECIFIED.);
#3242 = CARTESIAN_POINT('',(-7.461611166299E-02,-0.356894188761,0.81));
#3243 = CARTESIAN_POINT('',(-7.569690237589E-02,-0.357559478174,0.81));
#3244 = CARTESIAN_POINT('',(-7.774953206646E-02,-0.358822990884,0.81));
#3245 = CARTESIAN_POINT('',(-8.064238709155E-02,-0.360638295421,0.81));
#3246 = CARTESIAN_POINT('',(-8.324356594909E-02,-0.362231580789,0.81));
#3247 = CARTESIAN_POINT('',(-8.554791697897E-02,-0.363594417899,0.81));
#3248 = CARTESIAN_POINT('',(-8.75455662824E-02,-0.364744127788,0.81));
#3249 = CARTESIAN_POINT('',(-8.923382112658E-02,-0.365656403496,0.81));
#3250 = CARTESIAN_POINT('',(-9.061118730898E-02,-0.366380314496,0.81));
#3251 = CARTESIAN_POINT('',(-9.144676018065E-02,-0.366773315358,0.81));
#3252 = CARTESIAN_POINT('',(-9.181313910201E-02,-0.366945636931,0.81));
#3253 = PCURVE('',#459,#3254);
#3254 = DEFINITIONAL_REPRESENTATION('',(#3255),#3267);
#3255 = B_SPLINE_CURVE_WITH_KNOTS('',3,(#3256,#3257,#3258,#3259,#3260,
    #3261,#3262,#3263,#3264,#3265,#3266),.UNSPECIFIED.,.F.,.F.,(4,1,1,1,
    1,1,1,1,4),(0.,0.191043767251,0.362828903116,0.514098510603,
    0.650198134495,0.765824892399,0.86101723428,0.93905934776,1.),
  .UNSPECIFIED.);
#3256 = CARTESIAN_POINT('',(7.461611166299E-02,-0.356894188761));
#3257 = CARTESIAN_POINT('',(7.569690237589E-02,-0.357559478174));
#3258 = CARTESIAN_POINT('',(7.774953206646E-02,-0.358822990884));
#3259 = CARTESIAN_POINT('',(8.064238709155E-02,-0.360638295421));
#3260 = CARTESIAN_POINT('',(8.324356594909E-02,-0.362231580789));
#3261 = CARTESIAN_POINT('',(8.554791697897E-02,-0.363594417899));
#3262 = CARTESIAN_POINT('',(8.75455662824E-02,-0.364744127788));
#3263 = CARTESIAN_POINT('',(8.923382112658E-02,-0.365656403496));
#3264 = CARTESIAN_POINT('',(9.061118730898E-02,-0.366380314496));
#3265 = CARTESIAN_POINT('',(9.144676018065E-02,-0.366773315358));
#3266 = CARTESIAN_POINT('',(9.181313910201E-02,-0.366945636931));
#3267 = ( GEOMETRIC_REPRESENTATION_CONTEXT(2) 
PARAMETRIC_REPRESENTATION_CONTEXT() REPRESENTATION_CONTEXT('2D SPACE',''
  ) );
#3268 = PCURVE('',#3269,#3292);
#3269 = B_SPLINE_SURFACE_WITH_KNOTS('',3,1,(
    (#3270,#3271)
    ,(#3272,#3273)
    ,(#3274,#3275)
    ,(#3276,#3277)
    ,(#3278,#3279)
    ,(#3280,#3281)
    ,(#3282,#3283)
    ,(#3284,#3285)
    ,(#3286,#3287)
    ,(#3288,#3289)
    ,(#3290,#3291
  )),.UNSPECIFIED.,.F.,.F.,.F.,(4,1,1,1,1,1,1,1,4),(2,2),(0.,
    0.191043767251,0.362828903116,0.514098510603,0.650198134495,
    0.765824892399,0.86101723428,0.93905934776,1.),(0.,1.),
  .UNSPECIFIED.);
#3270 = CARTESIAN_POINT('',(-7.461611166299E-02,-0.356894188761,0.8));
#3271 = CARTESIAN_POINT('',(-7.461611166299E-02,-0.356894188761,0.81));
#3272 = CARTESIAN_POINT('',(-7.569690237589E-02,-0.357559478174,0.8));
#3273 = CARTESIAN_POINT('',(-7.569690237589E-02,-0.357559478174,0.81));
#3274 = CARTESIAN_POINT('',(-7.774953206646E-02,-0.358822990884,0.8));
#3275 = CARTESIAN_POINT('',(-7.774953206646E-02,-0.358822990884,0.81));
#3276 = CARTESIAN_POINT('',(-8.064238709155E-02,-0.360638295421,0.8));
#3277 = CARTESIAN_POINT('',(-8.064238709155E-02,-0.360638295421,0.81));
#3278 = CARTESIAN_POINT('',(-8.324356594909E-02,-0.362231580789,0.8));
#3279 = CARTESIAN_POINT('',(-8.324356594909E-02,-0.362231580789,0.81));
#3280 = CARTESIAN_POINT('',(-8.554791697897E-02,-0.363594417899,0.8));
#3281 = CARTESIAN_POINT('',(-8.554791697897E-02,-0.363594417899,0.81));
#3282 = CARTESIAN_POINT('',(-8.75455662824E-02,-0.364744127788,0.8));
#3283 = CARTESIAN_POINT('',(-8.75455662824E-02,-0.364744127788,0.81));
#3284 = CARTESIAN_POINT('',(-8.923382112658E-02,-0.365656403496,0.8));
#3285 = CARTESIAN_POINT('',(-8.923382112658E-02,-0.365656403496,0.81));
#3286 = CARTESIAN_POINT('',(-9.061118730898E-02,-0.366380314496,0.8));
#3287 = CARTESIAN_POINT('',(-9.061118730898E-02,-0.366380314496,0.81));
#3288 = CARTESIAN_POINT('',(-9.144676018065E-02,-0.366773315358,0.8));
#3289 = CARTESIAN_POINT('',(-9.144676018065E-02,-0.366773315358,0.81));
#3290 = CARTESIAN_POINT('',(-9.181313910201E-02,-0.366945636931,0.8));
#3291 = CARTESIAN_POINT('',(-9.181313910201E-02,-0.366945636931,0.81));
#3292 = DEFINITIONAL_REPRESENTATION('',(#3293),#3297);
#3293 = LINE('',#3294,#3295);
#3294 = CARTESIAN_POINT('',(-1.655933231624E-15,1.));
#3295 = VECTOR('',#3296,1.);
#3296 = DIRECTION('',(1.,1.110223024625E-14));
#3297 = ( GEOMETRIC_REPRESENTATION_CONTEXT(2) 
PARAMETRIC_REPRESENTATION_CONTEXT() REPRESENTATION_CONTEXT('2D SPACE',''
  ) );
#3298 = ORIENTED_EDGE('',*,*,#3299,.T.);
#3299 = EDGE_CURVE('',#3238,#3300,#3302,.T.);
#3300 = VERTEX_POINT('',#3301);
#3301 = CARTESIAN_POINT('',(-9.181313910201E-02,-0.367612557663,0.81));
#3302 = SURFACE_CURVE('',#3303,(#3307,#3314),.PCURVE_S1.);
#3303 = LINE('',#3304,#3305);
#3304 = CARTESIAN_POINT('',(-9.181313910201E-02,-0.366945636931,0.81));
#3305 = VECTOR('',#3306,1.);
#3306 = DIRECTION('',(0.,-1.,0.));
#3307 = PCURVE('',#459,#3308);
#3308 = DEFINITIONAL_REPRESENTATION('',(#3309),#3313);
#3309 = LINE('',#3310,#3311);
#3310 = CARTESIAN_POINT('',(9.181313910201E-02,-0.366945636931));
#3311 = VECTOR('',#3312,1.);
#3312 = DIRECTION('',(-0.,-1.));
#3313 = ( GEOMETRIC_REPRESENTATION_CONTEXT(2) 
PARAMETRIC_REPRESENTATION_CONTEXT() REPRESENTATION_CONTEXT('2D SPACE',''
  ) );
#3314 = PCURVE('',#3315,#3320);
#3315 = PLANE('',#3316);
#3316 = AXIS2_PLACEMENT_3D('',#3317,#3318,#3319);
#3317 = CARTESIAN_POINT('',(-9.181313910201E-02,-0.366945636931,0.8));
#3318 = DIRECTION('',(-1.,0.,-0.));
#3319 = DIRECTION('',(0.,0.,1.));
#3320 = DEFINITIONAL_REPRESENTATION('',(#3321),#3325);
#3321 = LINE('',#3322,#3323);
#3322 = CARTESIAN_POINT('',(1.E-02,0.));
#3323 = VECTOR('',#3324,1.);
#3324 = DIRECTION('',(0.,-1.));
#3325 = ( GEOMETRIC_REPRESENTATION_CONTEXT(2) 
PARAMETRIC_REPRESENTATION_CONTEXT() REPRESENTATION_CONTEXT('2D SPACE',''
  ) );
#3326 = ORIENTED_EDGE('',*,*,#3327,.T.);
#3327 = EDGE_CURVE('',#3300,#3328,#3330,.T.);
#3328 = VERTEX_POINT('',#3329);
#3329 = CARTESIAN_POINT('',(-5.551359641909E-02,-0.365992893029,0.81));
#3330 = SURFACE_CURVE('',#3331,(#3343,#3358),.PCURVE_S1.);
#3331 = B_SPLINE_CURVE_WITH_KNOTS('',3,(#3332,#3333,#3334,#3335,#3336,
    #3337,#3338,#3339,#3340,#3341,#3342),.UNSPECIFIED.,.F.,.F.,(4,1,1,1,
    1,1,1,1,4),(0.,7.929846745119E-02,0.172762809432,0.277860961346,
    0.397255105007,0.528318799587,0.672477613748,0.829688779022,1.),
  .UNSPECIFIED.);
#3332 = CARTESIAN_POINT('',(-9.181313910201E-02,-0.367612557663,0.81));
#3333 = CARTESIAN_POINT('',(-9.086122415209E-02,-0.367478655539,0.81));
#3334 = CARTESIAN_POINT('',(-8.878734420994E-02,-0.367186931023,0.81));
#3335 = CARTESIAN_POINT('',(-8.543286015461E-02,-0.366875065671,0.81));
#3336 = CARTESIAN_POINT('',(-8.158967209009E-02,-0.366589577862,0.81));
#3337 = CARTESIAN_POINT('',(-7.728638667015E-02,-0.366340878088,0.81));
#3338 = CARTESIAN_POINT('',(-7.250399462218E-02,-0.366237844315,0.81));
#3339 = CARTESIAN_POINT('',(-6.726531249752E-02,-0.366054373885,0.81));
#3340 = CARTESIAN_POINT('',(-6.154748307782E-02,-0.366047525611,0.81));
#3341 = CARTESIAN_POINT('',(-5.757781745432E-02,-0.366011583092,0.81));
#3342 = CARTESIAN_POINT('',(-5.551359641909E-02,-0.365992893029,0.81));
#3343 = PCURVE('',#459,#3344);
#3344 = DEFINITIONAL_REPRESENTATION('',(#3345),#3357);
#3345 = B_SPLINE_CURVE_WITH_KNOTS('',3,(#3346,#3347,#3348,#3349,#3350,
    #3351,#3352,#3353,#3354,#3355,#3356),.UNSPECIFIED.,.F.,.F.,(4,1,1,1,
    1,1,1,1,4),(0.,7.929846745119E-02,0.172762809432,0.277860961346,
    0.397255105007,0.528318799587,0.672477613748,0.829688779022,1.),
  .UNSPECIFIED.);
#3346 = CARTESIAN_POINT('',(9.181313910201E-02,-0.367612557663));
#3347 = CARTESIAN_POINT('',(9.086122415209E-02,-0.367478655539));
#3348 = CARTESIAN_POINT('',(8.878734420994E-02,-0.367186931023));
#3349 = CARTESIAN_POINT('',(8.543286015461E-02,-0.366875065671));
#3350 = CARTESIAN_POINT('',(8.158967209009E-02,-0.366589577862));
#3351 = CARTESIAN_POINT('',(7.728638667015E-02,-0.366340878088));
#3352 = CARTESIAN_POINT('',(7.250399462218E-02,-0.366237844315));
#3353 = CARTESIAN_POINT('',(6.726531249752E-02,-0.366054373885));
#3354 = CARTESIAN_POINT('',(6.154748307782E-02,-0.366047525611));
#3355 = CARTESIAN_POINT('',(5.757781745432E-02,-0.366011583092));
#3356 = CARTESIAN_POINT('',(5.551359641909E-02,-0.365992893029));
#3357 = ( GEOMETRIC_REPRESENTATION_CONTEXT(2) 
PARAMETRIC_REPRESENTATION_CONTEXT() REPRESENTATION_CONTEXT('2D SPACE',''
  ) );
#3358 = PCURVE('',#3359,#3382);
#3359 = B_SPLINE_SURFACE_WITH_KNOTS('',3,1,(
    (#3360,#3361)
    ,(#3362,#3363)
    ,(#3364,#3365)
    ,(#3366,#3367)
    ,(#3368,#3369)
    ,(#3370,#3371)
    ,(#3372,#3373)
    ,(#3374,#3375)
    ,(#3376,#3377)
    ,(#3378,#3379)
    ,(#3380,#3381
  )),.UNSPECIFIED.,.F.,.F.,.F.,(4,1,1,1,1,1,1,1,4),(2,2),(0.,
    7.929846745119E-02,0.172762809432,0.277860961346,0.397255105007,
    0.528318799587,0.672477613748,0.829688779022,1.),(0.,1.),
  .UNSPECIFIED.);
#3360 = CARTESIAN_POINT('',(-9.181313910201E-02,-0.367612557663,0.8));
#3361 = CARTESIAN_POINT('',(-9.181313910201E-02,-0.367612557663,0.81));
#3362 = CARTESIAN_POINT('',(-9.086122415209E-02,-0.367478655539,0.8));
#3363 = CARTESIAN_POINT('',(-9.086122415209E-02,-0.367478655539,0.81));
#3364 = CARTESIAN_POINT('',(-8.878734420994E-02,-0.367186931023,0.8));
#3365 = CARTESIAN_POINT('',(-8.878734420994E-02,-0.367186931023,0.81));
#3366 = CARTESIAN_POINT('',(-8.543286015461E-02,-0.366875065671,0.8));
#3367 = CARTESIAN_POINT('',(-8.543286015461E-02,-0.366875065671,0.81));
#3368 = CARTESIAN_POINT('',(-8.158967209009E-02,-0.366589577862,0.8));
#3369 = CARTESIAN_POINT('',(-8.158967209009E-02,-0.366589577862,0.81));
#3370 = CARTESIAN_POINT('',(-7.728638667015E-02,-0.366340878088,0.8));
#3371 = CARTESIAN_POINT('',(-7.728638667015E-02,-0.366340878088,0.81));
#3372 = CARTESIAN_POINT('',(-7.250399462218E-02,-0.366237844315,0.8));
#3373 = CARTESIAN_POINT('',(-7.250399462218E-02,-0.366237844315,0.81));
#3374 = CARTESIAN_POINT('',(-6.726531249752E-02,-0.366054373885,0.8));
#3375 = CARTESIAN_POINT('',(-6.726531249752E-02,-0.366054373885,0.81));
#3376 = CARTESIAN_POINT('',(-6.154748307782E-02,-0.366047525611,0.8));
#3377 = CARTESIAN_POINT('',(-6.154748307782E-02,-0.366047525611,0.81));
#3378 = CARTESIAN_POINT('',(-5.757781745432E-02,-0.366011583092,0.8));
#3379 = CARTESIAN_POINT('',(-5.757781745432E-02,-0.366011583092,0.81));
#3380 = CARTESIAN_POINT('',(-5.551359641909E-02,-0.365992893029,0.8));
#3381 = CARTESIAN_POINT('',(-5.551359641909E-02,-0.365992893029,0.81));
#3382 = DEFINITIONAL_REPRESENTATION('',(#3383),#3387);
#3383 = LINE('',#3384,#3385);
#3384 = CARTESIAN_POINT('',(7.153376027866E-16,1.));
#3385 = VECTOR('',#3386,1.);
#3386 = DIRECTION('',(1.,1.110223024625E-14));
#3387 = ( GEOMETRIC_REPRESENTATION_CONTEXT(2) 
PARAMETRIC_REPRESENTATION_CONTEXT() REPRESENTATION_CONTEXT('2D SPACE',''
  ) );
#3388 = ORIENTED_EDGE('',*,*,#3389,.T.);
#3389 = EDGE_CURVE('',#3328,#3390,#3392,.T.);
#3390 = VERTEX_POINT('',#3391);
#3391 = CARTESIAN_POINT('',(0.115503934069,-0.365992893029,0.81));
#3392 = SURFACE_CURVE('',#3393,(#3397,#3404),.PCURVE_S1.);
#3393 = LINE('',#3394,#3395);
#3394 = CARTESIAN_POINT('',(-5.551359641909E-02,-0.365992893029,0.81));
#3395 = VECTOR('',#3396,1.);
#3396 = DIRECTION('',(1.,0.,0.));
#3397 = PCURVE('',#459,#3398);
#3398 = DEFINITIONAL_REPRESENTATION('',(#3399),#3403);
#3399 = LINE('',#3400,#3401);
#3400 = CARTESIAN_POINT('',(5.551359641909E-02,-0.365992893029));
#3401 = VECTOR('',#3402,1.);
#3402 = DIRECTION('',(-1.,0.));
#3403 = ( GEOMETRIC_REPRESENTATION_CONTEXT(2) 
PARAMETRIC_REPRESENTATION_CONTEXT() REPRESENTATION_CONTEXT('2D SPACE',''
  ) );
#3404 = PCURVE('',#3405,#3410);
#3405 = PLANE('',#3406);
#3406 = AXIS2_PLACEMENT_3D('',#3407,#3408,#3409);
#3407 = CARTESIAN_POINT('',(-5.551359641909E-02,-0.365992893029,0.8));
#3408 = DIRECTION('',(0.,-1.,0.));
#3409 = DIRECTION('',(0.,-0.,-1.));
#3410 = DEFINITIONAL_REPRESENTATION('',(#3411),#3415);
#3411 = LINE('',#3412,#3413);
#3412 = CARTESIAN_POINT('',(-1.E-02,0.));
#3413 = VECTOR('',#3414,1.);
#3414 = DIRECTION('',(0.,1.));
#3415 = ( GEOMETRIC_REPRESENTATION_CONTEXT(2) 
PARAMETRIC_REPRESENTATION_CONTEXT() REPRESENTATION_CONTEXT('2D SPACE',''
  ) );
#3416 = ORIENTED_EDGE('',*,*,#3417,.T.);
#3417 = EDGE_CURVE('',#3390,#2884,#3418,.T.);
#3418 = SURFACE_CURVE('',#3419,(#3423,#3430),.PCURVE_S1.);
#3419 = LINE('',#3420,#3421);
#3420 = CARTESIAN_POINT('',(0.115503934069,-0.365992893029,0.81));
#3421 = VECTOR('',#3422,1.);
#3422 = DIRECTION('',(0.,-1.,0.));
#3423 = PCURVE('',#459,#3424);
#3424 = DEFINITIONAL_REPRESENTATION('',(#3425),#3429);
#3425 = LINE('',#3426,#3427);
#3426 = CARTESIAN_POINT('',(-0.115503934069,-0.365992893029));
#3427 = VECTOR('',#3428,1.);
#3428 = DIRECTION('',(-0.,-1.));
#3429 = ( GEOMETRIC_REPRESENTATION_CONTEXT(2) 
PARAMETRIC_REPRESENTATION_CONTEXT() REPRESENTATION_CONTEXT('2D SPACE',''
  ) );
#3430 = PCURVE('',#3431,#3436);
#3431 = PLANE('',#3432);
#3432 = AXIS2_PLACEMENT_3D('',#3433,#3434,#3435);
#3433 = CARTESIAN_POINT('',(0.115503934069,-0.365992893029,0.8));
#3434 = DIRECTION('',(-1.,0.,-0.));
#3435 = DIRECTION('',(0.,0.,1.));
#3436 = DEFINITIONAL_REPRESENTATION('',(#3437),#3441);
#3437 = LINE('',#3438,#3439);
#3438 = CARTESIAN_POINT('',(1.E-02,0.));
#3439 = VECTOR('',#3440,1.);
#3440 = DIRECTION('',(0.,-1.));
#3441 = ( GEOMETRIC_REPRESENTATION_CONTEXT(2) 
PARAMETRIC_REPRESENTATION_CONTEXT() REPRESENTATION_CONTEXT('2D SPACE',''
  ) );
#3442 = FACE_BOUND('',#3443,.T.);
#3443 = EDGE_LOOP('',(#3444,#3469,#3490,#3491));
#3444 = ORIENTED_EDGE('',*,*,#3445,.T.);
#3445 = EDGE_CURVE('',#3446,#3448,#3450,.T.);
#3446 = VERTEX_POINT('',#3447);
#3447 = CARTESIAN_POINT('',(1.,-1.,0.81));
#3448 = VERTEX_POINT('',#3449);
#3449 = CARTESIAN_POINT('',(1.,1.,0.81));
#3450 = SURFACE_CURVE('',#3451,(#3455,#3462),.PCURVE_S1.);
#3451 = LINE('',#3452,#3453);
#3452 = CARTESIAN_POINT('',(1.,-1.,0.81));
#3453 = VECTOR('',#3454,1.);
#3454 = DIRECTION('',(0.,1.,0.));
#3455 = PCURVE('',#459,#3456);
#3456 = DEFINITIONAL_REPRESENTATION('',(#3457),#3461);
#3457 = LINE('',#3458,#3459);
#3458 = CARTESIAN_POINT('',(-1.,-1.));
#3459 = VECTOR('',#3460,1.);
#3460 = DIRECTION('',(0.,1.));
#3461 = ( GEOMETRIC_REPRESENTATION_CONTEXT(2) 
PARAMETRIC_REPRESENTATION_CONTEXT() REPRESENTATION_CONTEXT('2D SPACE',''
  ) );
#3462 = PCURVE('',#768,#3463);
#3463 = DEFINITIONAL_REPRESENTATION('',(#3464),#3468);
#3464 = LINE('',#3465,#3466);
#3465 = CARTESIAN_POINT('',(0.,0.));
#3466 = VECTOR('',#3467,1.);
#3467 = DIRECTION('',(0.,1.));
#3468 = ( GEOMETRIC_REPRESENTATION_CONTEXT(2) 
PARAMETRIC_REPRESENTATION_CONTEXT() REPRESENTATION_CONTEXT('2D SPACE',''
  ) );
#3469 = ORIENTED_EDGE('',*,*,#3470,.T.);
#3470 = EDGE_CURVE('',#3448,#1583,#3471,.T.);
#3471 = SURFACE_CURVE('',#3472,(#3476,#3483),.PCURVE_S1.);
#3472 = LINE('',#3473,#3474);
#3473 = CARTESIAN_POINT('',(-1.,1.,0.81));
#3474 = VECTOR('',#3475,1.);
#3475 = DIRECTION('',(-1.,-0.,-0.));
#3476 = PCURVE('',#459,#3477);
#3477 = DEFINITIONAL_REPRESENTATION('',(#3478),#3482);
#3478 = LINE('',#3479,#3480);
#3479 = CARTESIAN_POINT('',(1.,1.));
#3480 = VECTOR('',#3481,1.);
#3481 = DIRECTION('',(1.,0.));
#3482 = ( GEOMETRIC_REPRESENTATION_CONTEXT(2) 
PARAMETRIC_REPRESENTATION_CONTEXT() REPRESENTATION_CONTEXT('2D SPACE',''
  ) );
#3483 = PCURVE('',#1188,#3484);
#3484 = DEFINITIONAL_REPRESENTATION('',(#3485),#3489);
#3485 = LINE('',#3486,#3487);
#3486 = CARTESIAN_POINT('',(0.,0.));
#3487 = VECTOR('',#3488,1.);
#3488 = DIRECTION('',(0.,-1.));
#3489 = ( GEOMETRIC_REPRESENTATION_CONTEXT(2) 
PARAMETRIC_REPRESENTATION_CONTEXT() REPRESENTATION_CONTEXT('2D SPACE',''
  ) );
#3490 = ORIENTED_EDGE('',*,*,#1582,.T.);
#3491 = ORIENTED_EDGE('',*,*,#3492,.T.);
#3492 = EDGE_CURVE('',#1560,#3446,#3493,.T.);
#3493 = SURFACE_CURVE('',#3494,(#3498,#3505),.PCURVE_S1.);
#3494 = LINE('',#3495,#3496);
#3495 = CARTESIAN_POINT('',(-1.,-1.,0.81));
#3496 = VECTOR('',#3497,1.);
#3497 = DIRECTION('',(1.,0.,0.));
#3498 = PCURVE('',#459,#3499);
#3499 = DEFINITIONAL_REPRESENTATION('',(#3500),#3504);
#3500 = LINE('',#3501,#3502);
#3501 = CARTESIAN_POINT('',(1.,-1.));
#3502 = VECTOR('',#3503,1.);
#3503 = DIRECTION('',(-1.,0.));
#3504 = ( GEOMETRIC_REPRESENTATION_CONTEXT(2) 
PARAMETRIC_REPRESENTATION_CONTEXT() REPRESENTATION_CONTEXT('2D SPACE',''
  ) );
#3505 = PCURVE('',#796,#3506);
#3506 = DEFINITIONAL_REPRESENTATION('',(#3507),#3511);
#3507 = LINE('',#3508,#3509);
#3508 = CARTESIAN_POINT('',(0.,0.));
#3509 = VECTOR('',#3510,1.);
#3510 = DIRECTION('',(0.,1.));
#3511 = ( GEOMETRIC_REPRESENTATION_CONTEXT(2) 
PARAMETRIC_REPRESENTATION_CONTEXT() REPRESENTATION_CONTEXT('2D SPACE',''
  ) );
#3512 = FACE_BOUND('',#3513,.T.);
#3513 = EDGE_LOOP('',(#3514,#3540));
#3514 = ORIENTED_EDGE('',*,*,#3515,.F.);
#3515 = EDGE_CURVE('',#410,#443,#3516,.T.);
#3516 = SURFACE_CURVE('',#3517,(#3522,#3533),.PCURVE_S1.);
#3517 = CIRCLE('',#3518,0.1);
#3518 = AXIS2_PLACEMENT_3D('',#3519,#3520,#3521);
#3519 = CARTESIAN_POINT('',(-0.8,0.8,0.81));
#3520 = DIRECTION('',(0.,0.,1.));
#3521 = DIRECTION('',(1.,0.,-0.));
#3522 = PCURVE('',#459,#3523);
#3523 = DEFINITIONAL_REPRESENTATION('',(#3524),#3532);
#3524 = ( BOUNDED_CURVE() B_SPLINE_CURVE(2,(#3525,#3526,#3527,#3528,
#3529,#3530,#3531),.UNSPECIFIED.,.T.,.F.) B_SPLINE_CURVE_WITH_KNOTS((1,2
    ,2,2,2,1),(-2.094395102393,0.,2.094395102393,4.188790204786,
6.28318530718,8.377580409573),.UNSPECIFIED.) CURVE() 
GEOMETRIC_REPRESENTATION_ITEM() RATIONAL_B_SPLINE_CURVE((1.,0.5,1.,0.5,
1.,0.5,1.)) REPRESENTATION_ITEM('') );
#3525 = CARTESIAN_POINT('',(0.7,0.8));
#3526 = CARTESIAN_POINT('',(0.7,0.973205080757));
#3527 = CARTESIAN_POINT('',(0.85,0.886602540378));
#3528 = CARTESIAN_POINT('',(1.,0.8));
#3529 = CARTESIAN_POINT('',(0.85,0.713397459622));
#3530 = CARTESIAN_POINT('',(0.7,0.626794919243));
#3531 = CARTESIAN_POINT('',(0.7,0.8));
#3532 = ( GEOMETRIC_REPRESENTATION_CONTEXT(2) 
PARAMETRIC_REPRESENTATION_CONTEXT() REPRESENTATION_CONTEXT('2D SPACE',''
  ) );
#3533 = PCURVE('',#430,#3534);
#3534 = DEFINITIONAL_REPRESENTATION('',(#3535),#3539);
#3535 = LINE('',#3536,#3537);
#3536 = CARTESIAN_POINT('',(0.,2.E-02));
#3537 = VECTOR('',#3538,1.);
#3538 = DIRECTION('',(1.,0.));
#3539 = ( GEOMETRIC_REPRESENTATION_CONTEXT(2) 
PARAMETRIC_REPRESENTATION_CONTEXT() REPRESENTATION_CONTEXT('2D SPACE',''
  ) );
#3540 = ORIENTED_EDGE('',*,*,#442,.F.);
#3541 = FACE_BOUND('',#3542,.T.);
#3542 = EDGE_LOOP('',(#3543,#3573,#3619,#3713,#3741,#3803,#3897,#3991,
    #4085,#4179));
#3543 = ORIENTED_EDGE('',*,*,#3544,.T.);
#3544 = EDGE_CURVE('',#3545,#3547,#3549,.T.);
#3545 = VERTEX_POINT('',#3546);
#3546 = CARTESIAN_POINT('',(0.108644177971,-0.594651429614,0.81));
#3547 = VERTEX_POINT('',#3548);
#3548 = CARTESIAN_POINT('',(8.120515358091E-02,-0.594651429614,0.81));
#3549 = SURFACE_CURVE('',#3550,(#3554,#3561),.PCURVE_S1.);
#3550 = LINE('',#3551,#3552);
#3551 = CARTESIAN_POINT('',(0.108644177971,-0.594651429614,0.81));
#3552 = VECTOR('',#3553,1.);
#3553 = DIRECTION('',(-1.,0.,0.));
#3554 = PCURVE('',#459,#3555);
#3555 = DEFINITIONAL_REPRESENTATION('',(#3556),#3560);
#3556 = LINE('',#3557,#3558);
#3557 = CARTESIAN_POINT('',(-0.108644177971,-0.594651429614));
#3558 = VECTOR('',#3559,1.);
#3559 = DIRECTION('',(1.,0.));
#3560 = ( GEOMETRIC_REPRESENTATION_CONTEXT(2) 
PARAMETRIC_REPRESENTATION_CONTEXT() REPRESENTATION_CONTEXT('2D SPACE',''
  ) );
#3561 = PCURVE('',#3562,#3567);
#3562 = PLANE('',#3563);
#3563 = AXIS2_PLACEMENT_3D('',#3564,#3565,#3566);
#3564 = CARTESIAN_POINT('',(0.108644177971,-0.594651429614,0.8));
#3565 = DIRECTION('',(0.,1.,0.));
#3566 = DIRECTION('',(0.,-0.,1.));
#3567 = DEFINITIONAL_REPRESENTATION('',(#3568),#3572);
#3568 = LINE('',#3569,#3570);
#3569 = CARTESIAN_POINT('',(1.E-02,0.));
#3570 = VECTOR('',#3571,1.);
#3571 = DIRECTION('',(0.,-1.));
#3572 = ( GEOMETRIC_REPRESENTATION_CONTEXT(2) 
PARAMETRIC_REPRESENTATION_CONTEXT() REPRESENTATION_CONTEXT('2D SPACE',''
  ) );
#3573 = ORIENTED_EDGE('',*,*,#3574,.T.);
#3574 = EDGE_CURVE('',#3547,#3575,#3577,.T.);
#3575 = VERTEX_POINT('',#3576);
#3576 = CARTESIAN_POINT('',(9.111369016628E-02,-0.553159432663,0.81));
#3577 = SURFACE_CURVE('',#3578,(#3586,#3597),.PCURVE_S1.);
#3578 = B_SPLINE_CURVE_WITH_KNOTS('',3,(#3579,#3580,#3581,#3582,#3583,
    #3584,#3585),.UNSPECIFIED.,.F.,.F.,(4,1,1,1,4),(0.,0.253385962898,
    0.503117550802,0.750482007972,1.),.UNSPECIFIED.);
#3579 = CARTESIAN_POINT('',(8.120515358091E-02,-0.594651429614,0.81));
#3580 = CARTESIAN_POINT('',(8.2735252739E-02,-0.591349853309,0.81));
#3581 = CARTESIAN_POINT('',(8.577338370765E-02,-0.584794316589,0.81));
#3582 = CARTESIAN_POINT('',(8.880378079067E-02,-0.574432969927,0.81));
#3583 = CARTESIAN_POINT('',(9.076652418422E-02,-0.563873273297,0.81));
#3584 = CARTESIAN_POINT('',(9.099763428801E-02,-0.556741016829,0.81));
#3585 = CARTESIAN_POINT('',(9.111369016628E-02,-0.553159432663,0.81));
#3586 = PCURVE('',#459,#3587);
#3587 = DEFINITIONAL_REPRESENTATION('',(#3588),#3596);
#3588 = B_SPLINE_CURVE_WITH_KNOTS('',3,(#3589,#3590,#3591,#3592,#3593,
    #3594,#3595),.UNSPECIFIED.,.F.,.F.,(4,1,1,1,4),(0.,0.253385962898,
    0.503117550802,0.750482007972,1.),.UNSPECIFIED.);
#3589 = CARTESIAN_POINT('',(-8.120515358091E-02,-0.594651429614));
#3590 = CARTESIAN_POINT('',(-8.2735252739E-02,-0.591349853309));
#3591 = CARTESIAN_POINT('',(-8.577338370765E-02,-0.584794316589));
#3592 = CARTESIAN_POINT('',(-8.880378079067E-02,-0.574432969927));
#3593 = CARTESIAN_POINT('',(-9.076652418422E-02,-0.563873273297));
#3594 = CARTESIAN_POINT('',(-9.099763428801E-02,-0.556741016829));
#3595 = CARTESIAN_POINT('',(-9.111369016628E-02,-0.553159432663));
#3596 = ( GEOMETRIC_REPRESENTATION_CONTEXT(2) 
PARAMETRIC_REPRESENTATION_CONTEXT() REPRESENTATION_CONTEXT('2D SPACE',''
  ) );
#3597 = PCURVE('',#3598,#3613);
#3598 = B_SPLINE_SURFACE_WITH_KNOTS('',3,1,(
    (#3599,#3600)
    ,(#3601,#3602)
    ,(#3603,#3604)
    ,(#3605,#3606)
    ,(#3607,#3608)
    ,(#3609,#3610)
    ,(#3611,#3612
    )),.UNSPECIFIED.,.F.,.F.,.F.,(4,1,1,1,4),(2,2),(0.,0.253385962898,
    0.503117550802,0.750482007972,1.),(0.,1.),.UNSPECIFIED.);
#3599 = CARTESIAN_POINT('',(8.120515358091E-02,-0.594651429614,0.8));
#3600 = CARTESIAN_POINT('',(8.120515358091E-02,-0.594651429614,0.81));
#3601 = CARTESIAN_POINT('',(8.2735252739E-02,-0.591349853309,0.8));
#3602 = CARTESIAN_POINT('',(8.2735252739E-02,-0.591349853309,0.81));
#3603 = CARTESIAN_POINT('',(8.577338370765E-02,-0.584794316589,0.8));
#3604 = CARTESIAN_POINT('',(8.577338370765E-02,-0.584794316589,0.81));
#3605 = CARTESIAN_POINT('',(8.880378079067E-02,-0.574432969927,0.8));
#3606 = CARTESIAN_POINT('',(8.880378079067E-02,-0.574432969927,0.81));
#3607 = CARTESIAN_POINT('',(9.076652418422E-02,-0.563873273297,0.8));
#3608 = CARTESIAN_POINT('',(9.076652418422E-02,-0.563873273297,0.81));
#3609 = CARTESIAN_POINT('',(9.099763428801E-02,-0.556741016829,0.8));
#3610 = CARTESIAN_POINT('',(9.099763428801E-02,-0.556741016829,0.81));
#3611 = CARTESIAN_POINT('',(9.111369016628E-02,-0.553159432663,0.8));
#3612 = CARTESIAN_POINT('',(9.111369016628E-02,-0.553159432663,0.81));
#3613 = DEFINITIONAL_REPRESENTATION('',(#3614),#3618);
#3614 = LINE('',#3615,#3616);
#3615 = CARTESIAN_POINT('',(-1.05881490099E-15,1.));
#3616 = VECTOR('',#3617,1.);
#3617 = DIRECTION('',(1.,-1.099120794379E-14));
#3618 = ( GEOMETRIC_REPRESENTATION_CONTEXT(2) 
PARAMETRIC_REPRESENTATION_CONTEXT() REPRESENTATION_CONTEXT('2D SPACE',''
  ) );
#3619 = ORIENTED_EDGE('',*,*,#3620,.T.);
#3620 = EDGE_CURVE('',#3575,#3621,#3623,.T.);
#3621 = VERTEX_POINT('',#3622);
#3622 = CARTESIAN_POINT('',(-1.159210251665E-02,-0.479893426565,0.81));
#3623 = SURFACE_CURVE('',#3624,(#3644,#3667),.PCURVE_S1.);
#3624 = B_SPLINE_CURVE_WITH_KNOTS('',3,(#3625,#3626,#3627,#3628,#3629,
    #3630,#3631,#3632,#3633,#3634,#3635,#3636,#3637,#3638,#3639,#3640,
    #3641,#3642,#3643),.UNSPECIFIED.,.F.,.F.,(4,1,1,1,1,1,1,1,1,1,1,1,1,
    1,1,1,4),(0.,5.708102691571E-02,0.111808738632,0.1649514224,
    0.217655613498,0.270929781875,0.324975618992,0.3812598987,
    0.439781558631,0.500680848579,0.562982704318,0.627871132035,
    0.695073621408,0.765681159641,0.839763767646,0.917996647512,1.),
  .UNSPECIFIED.);
#3625 = CARTESIAN_POINT('',(9.111369016628E-02,-0.553159432663,0.81));
#3626 = CARTESIAN_POINT('',(9.103513231148E-02,-0.550470544803,0.81));
#3627 = CARTESIAN_POINT('',(9.08812553557E-02,-0.545203625545,0.81));
#3628 = CARTESIAN_POINT('',(8.956143427011E-02,-0.537523779887,0.81));
#3629 = CARTESIAN_POINT('',(8.740915569691E-02,-0.530260599378,0.81));
#3630 = CARTESIAN_POINT('',(8.439252791955E-02,-0.523378133469,0.81));
#3631 = CARTESIAN_POINT('',(8.044663758715E-02,-0.516936934238,0.81));
#3632 = CARTESIAN_POINT('',(7.568258230607E-02,-0.510861666238,0.81));
#3633 = CARTESIAN_POINT('',(7.002485403719E-02,-0.505250778492,0.81));
#3634 = CARTESIAN_POINT('',(6.356816482248E-02,-0.500060610366,0.81));
#3635 = CARTESIAN_POINT('',(5.640784603072E-02,-0.495349576384,0.81));
#3636 = CARTESIAN_POINT('',(4.851595206076E-02,-0.491301310584,0.81));
#3637 = CARTESIAN_POINT('',(4.003596526476E-02,-0.487832613817,0.81));
#3638 = CARTESIAN_POINT('',(3.092240240535E-02,-0.484965084982,0.81));
#3639 = CARTESIAN_POINT('',(2.118654444674E-02,-0.482745088689,0.81));
#3640 = CARTESIAN_POINT('',(1.080791113801E-02,-0.481141087753,0.81));
#3641 = CARTESIAN_POINT('',(-1.871666655015E-04,-0.480131117286,0.81));
#3642 = CARTESIAN_POINT('',(-7.731284412489E-03,-0.479973890029,0.81));
#3643 = CARTESIAN_POINT('',(-1.159210251665E-02,-0.479893426565,0.81));
#3644 = PCURVE('',#459,#3645);
#3645 = DEFINITIONAL_REPRESENTATION('',(#3646),#3666);
#3646 = B_SPLINE_CURVE_WITH_KNOTS('',3,(#3647,#3648,#3649,#3650,#3651,
    #3652,#3653,#3654,#3655,#3656,#3657,#3658,#3659,#3660,#3661,#3662,
    #3663,#3664,#3665),.UNSPECIFIED.,.F.,.F.,(4,1,1,1,1,1,1,1,1,1,1,1,1,
    1,1,1,4),(0.,5.708102691571E-02,0.111808738632,0.1649514224,
    0.217655613498,0.270929781875,0.324975618992,0.3812598987,
    0.439781558631,0.500680848579,0.562982704318,0.627871132035,
    0.695073621408,0.765681159641,0.839763767646,0.917996647512,1.),
  .UNSPECIFIED.);
#3647 = CARTESIAN_POINT('',(-9.111369016628E-02,-0.553159432663));
#3648 = CARTESIAN_POINT('',(-9.103513231148E-02,-0.550470544803));
#3649 = CARTESIAN_POINT('',(-9.08812553557E-02,-0.545203625545));
#3650 = CARTESIAN_POINT('',(-8.956143427011E-02,-0.537523779887));
#3651 = CARTESIAN_POINT('',(-8.740915569691E-02,-0.530260599378));
#3652 = CARTESIAN_POINT('',(-8.439252791955E-02,-0.523378133469));
#3653 = CARTESIAN_POINT('',(-8.044663758715E-02,-0.516936934238));
#3654 = CARTESIAN_POINT('',(-7.568258230607E-02,-0.510861666238));
#3655 = CARTESIAN_POINT('',(-7.002485403719E-02,-0.505250778492));
#3656 = CARTESIAN_POINT('',(-6.356816482248E-02,-0.500060610366));
#3657 = CARTESIAN_POINT('',(-5.640784603072E-02,-0.495349576384));
#3658 = CARTESIAN_POINT('',(-4.851595206076E-02,-0.491301310584));
#3659 = CARTESIAN_POINT('',(-4.003596526476E-02,-0.487832613817));
#3660 = CARTESIAN_POINT('',(-3.092240240535E-02,-0.484965084982));
#3661 = CARTESIAN_POINT('',(-2.118654444674E-02,-0.482745088689));
#3662 = CARTESIAN_POINT('',(-1.080791113801E-02,-0.481141087753));
#3663 = CARTESIAN_POINT('',(1.871666655015E-04,-0.480131117286));
#3664 = CARTESIAN_POINT('',(7.731284412489E-03,-0.479973890029));
#3665 = CARTESIAN_POINT('',(1.159210251665E-02,-0.479893426565));
#3666 = ( GEOMETRIC_REPRESENTATION_CONTEXT(2) 
PARAMETRIC_REPRESENTATION_CONTEXT() REPRESENTATION_CONTEXT('2D SPACE',''
  ) );
#3667 = PCURVE('',#3668,#3707);
#3668 = B_SPLINE_SURFACE_WITH_KNOTS('',3,1,(
    (#3669,#3670)
    ,(#3671,#3672)
    ,(#3673,#3674)
    ,(#3675,#3676)
    ,(#3677,#3678)
    ,(#3679,#3680)
    ,(#3681,#3682)
    ,(#3683,#3684)
    ,(#3685,#3686)
    ,(#3687,#3688)
    ,(#3689,#3690)
    ,(#3691,#3692)
    ,(#3693,#3694)
    ,(#3695,#3696)
    ,(#3697,#3698)
    ,(#3699,#3700)
    ,(#3701,#3702)
    ,(#3703,#3704)
    ,(#3705,#3706
    )),.UNSPECIFIED.,.F.,.F.,.F.,(4,1,1,1,1,1,1,1,1,1,1,1,1,1,1,1,4),(2,
    2),(0.,5.708102691571E-02,0.111808738632,0.1649514224,0.217655613498
    ,0.270929781875,0.324975618992,0.3812598987,0.439781558631,
    0.500680848579,0.562982704318,0.627871132035,0.695073621408,
    0.765681159641,0.839763767646,0.917996647512,1.),(0.,1.),
  .UNSPECIFIED.);
#3669 = CARTESIAN_POINT('',(9.111369016628E-02,-0.553159432663,0.8));
#3670 = CARTESIAN_POINT('',(9.111369016628E-02,-0.553159432663,0.81));
#3671 = CARTESIAN_POINT('',(9.103513231148E-02,-0.550470544803,0.8));
#3672 = CARTESIAN_POINT('',(9.103513231148E-02,-0.550470544803,0.81));
#3673 = CARTESIAN_POINT('',(9.08812553557E-02,-0.545203625545,0.8));
#3674 = CARTESIAN_POINT('',(9.08812553557E-02,-0.545203625545,0.81));
#3675 = CARTESIAN_POINT('',(8.956143427011E-02,-0.537523779887,0.8));
#3676 = CARTESIAN_POINT('',(8.956143427011E-02,-0.537523779887,0.81));
#3677 = CARTESIAN_POINT('',(8.740915569691E-02,-0.530260599378,0.8));
#3678 = CARTESIAN_POINT('',(8.740915569691E-02,-0.530260599378,0.81));
#3679 = CARTESIAN_POINT('',(8.439252791955E-02,-0.523378133469,0.8));
#3680 = CARTESIAN_POINT('',(8.439252791955E-02,-0.523378133469,0.81));
#3681 = CARTESIAN_POINT('',(8.044663758715E-02,-0.516936934238,0.8));
#3682 = CARTESIAN_POINT('',(8.044663758715E-02,-0.516936934238,0.81));
#3683 = CARTESIAN_POINT('',(7.568258230607E-02,-0.510861666238,0.8));
#3684 = CARTESIAN_POINT('',(7.568258230607E-02,-0.510861666238,0.81));
#3685 = CARTESIAN_POINT('',(7.002485403719E-02,-0.505250778492,0.8));
#3686 = CARTESIAN_POINT('',(7.002485403719E-02,-0.505250778492,0.81));
#3687 = CARTESIAN_POINT('',(6.356816482248E-02,-0.500060610366,0.8));
#3688 = CARTESIAN_POINT('',(6.356816482248E-02,-0.500060610366,0.81));
#3689 = CARTESIAN_POINT('',(5.640784603072E-02,-0.495349576384,0.8));
#3690 = CARTESIAN_POINT('',(5.640784603072E-02,-0.495349576384,0.81));
#3691 = CARTESIAN_POINT('',(4.851595206076E-02,-0.491301310584,0.8));
#3692 = CARTESIAN_POINT('',(4.851595206076E-02,-0.491301310584,0.81));
#3693 = CARTESIAN_POINT('',(4.003596526476E-02,-0.487832613817,0.8));
#3694 = CARTESIAN_POINT('',(4.003596526476E-02,-0.487832613817,0.81));
#3695 = CARTESIAN_POINT('',(3.092240240535E-02,-0.484965084982,0.8));
#3696 = CARTESIAN_POINT('',(3.092240240535E-02,-0.484965084982,0.81));
#3697 = CARTESIAN_POINT('',(2.118654444674E-02,-0.482745088689,0.8));
#3698 = CARTESIAN_POINT('',(2.118654444674E-02,-0.482745088689,0.81));
#3699 = CARTESIAN_POINT('',(1.080791113801E-02,-0.481141087753,0.8));
#3700 = CARTESIAN_POINT('',(1.080791113801E-02,-0.481141087753,0.81));
#3701 = CARTESIAN_POINT('',(-1.871666655015E-04,-0.480131117286,0.8));
#3702 = CARTESIAN_POINT('',(-1.871666655015E-04,-0.480131117286,0.81));
#3703 = CARTESIAN_POINT('',(-7.731284412489E-03,-0.479973890029,0.8));
#3704 = CARTESIAN_POINT('',(-7.731284412489E-03,-0.479973890029,0.81));
#3705 = CARTESIAN_POINT('',(-1.159210251665E-02,-0.479893426565,0.8));
#3706 = CARTESIAN_POINT('',(-1.159210251665E-02,-0.479893426565,0.81));
#3707 = DEFINITIONAL_REPRESENTATION('',(#3708),#3712);
#3708 = LINE('',#3709,#3710);
#3709 = CARTESIAN_POINT('',(9.515502219704E-16,1.));
#3710 = VECTOR('',#3711,1.);
#3711 = DIRECTION('',(1.,-5.440092820663E-15));
#3712 = ( GEOMETRIC_REPRESENTATION_CONTEXT(2) 
PARAMETRIC_REPRESENTATION_CONTEXT() REPRESENTATION_CONTEXT('2D SPACE',''
  ) );
#3713 = ORIENTED_EDGE('',*,*,#3714,.T.);
#3714 = EDGE_CURVE('',#3621,#3715,#3717,.T.);
#3715 = VERTEX_POINT('',#3716);
#3716 = CARTESIAN_POINT('',(-1.159210251665E-02,-0.480703258882,0.81));
#3717 = SURFACE_CURVE('',#3718,(#3722,#3729),.PCURVE_S1.);
#3718 = LINE('',#3719,#3720);
#3719 = CARTESIAN_POINT('',(-1.159210251665E-02,-0.479893426565,0.81));
#3720 = VECTOR('',#3721,1.);
#3721 = DIRECTION('',(0.,-1.,0.));
#3722 = PCURVE('',#459,#3723);
#3723 = DEFINITIONAL_REPRESENTATION('',(#3724),#3728);
#3724 = LINE('',#3725,#3726);
#3725 = CARTESIAN_POINT('',(1.159210251665E-02,-0.479893426565));
#3726 = VECTOR('',#3727,1.);
#3727 = DIRECTION('',(-0.,-1.));
#3728 = ( GEOMETRIC_REPRESENTATION_CONTEXT(2) 
PARAMETRIC_REPRESENTATION_CONTEXT() REPRESENTATION_CONTEXT('2D SPACE',''
  ) );
#3729 = PCURVE('',#3730,#3735);
#3730 = PLANE('',#3731);
#3731 = AXIS2_PLACEMENT_3D('',#3732,#3733,#3734);
#3732 = CARTESIAN_POINT('',(-1.159210251665E-02,-0.479893426565,0.8));
#3733 = DIRECTION('',(-1.,0.,-0.));
#3734 = DIRECTION('',(0.,0.,1.));
#3735 = DEFINITIONAL_REPRESENTATION('',(#3736),#3740);
#3736 = LINE('',#3737,#3738);
#3737 = CARTESIAN_POINT('',(1.E-02,0.));
#3738 = VECTOR('',#3739,1.);
#3739 = DIRECTION('',(0.,-1.));
#3740 = ( GEOMETRIC_REPRESENTATION_CONTEXT(2) 
PARAMETRIC_REPRESENTATION_CONTEXT() REPRESENTATION_CONTEXT('2D SPACE',''
  ) );
#3741 = ORIENTED_EDGE('',*,*,#3742,.T.);
#3742 = EDGE_CURVE('',#3715,#3743,#3745,.T.);
#3743 = VERTEX_POINT('',#3744);
#3744 = CARTESIAN_POINT('',(2.404051943457E-02,-0.537963167419,0.81));
#3745 = SURFACE_CURVE('',#3746,(#3758,#3773),.PCURVE_S1.);
#3746 = B_SPLINE_CURVE_WITH_KNOTS('',3,(#3747,#3748,#3749,#3750,#3751,
    #3752,#3753,#3754,#3755,#3756,#3757),.UNSPECIFIED.,.F.,.F.,(4,1,1,1,
    1,1,1,1,4),(0.,0.134745551926,0.261853510509,0.383986791833,
    0.502296938367,0.620417103861,0.740834192879,0.867050327247,1.),
  .UNSPECIFIED.);
#3747 = CARTESIAN_POINT('',(-1.159210251665E-02,-0.480703258882,0.81));
#3748 = CARTESIAN_POINT('',(-8.769423696332E-03,-0.482236118005,0.81));
#3749 = CARTESIAN_POINT('',(-3.28406000473E-03,-0.485214951345,0.81));
#3750 = CARTESIAN_POINT('',(4.031391655281E-03,-0.490761519808,0.81));
#3751 = CARTESIAN_POINT('',(1.023477584625E-02,-0.496975156922,0.81));
#3752 = CARTESIAN_POINT('',(1.531059451171E-02,-0.503880348657,0.81));
#3753 = CARTESIAN_POINT('',(1.92716126276E-02,-0.511438667773,0.81));
#3754 = CARTESIAN_POINT('',(2.202639627971E-02,-0.519706164376,0.81));
#3755 = CARTESIAN_POINT('',(2.372441281454E-02,-0.528620488336,0.81));
#3756 = CARTESIAN_POINT('',(2.393334113163E-02,-0.53479546252,0.81));
#3757 = CARTESIAN_POINT('',(2.404051943457E-02,-0.537963167419,0.81));
#3758 = PCURVE('',#459,#3759);
#3759 = DEFINITIONAL_REPRESENTATION('',(#3760),#3772);
#3760 = B_SPLINE_CURVE_WITH_KNOTS('',3,(#3761,#3762,#3763,#3764,#3765,
    #3766,#3767,#3768,#3769,#3770,#3771),.UNSPECIFIED.,.F.,.F.,(4,1,1,1,
    1,1,1,1,4),(0.,0.134745551926,0.261853510509,0.383986791833,
    0.502296938367,0.620417103861,0.740834192879,0.867050327247,1.),
  .UNSPECIFIED.);
#3761 = CARTESIAN_POINT('',(1.159210251665E-02,-0.480703258882));
#3762 = CARTESIAN_POINT('',(8.769423696332E-03,-0.482236118005));
#3763 = CARTESIAN_POINT('',(3.28406000473E-03,-0.485214951345));
#3764 = CARTESIAN_POINT('',(-4.031391655281E-03,-0.490761519808));
#3765 = CARTESIAN_POINT('',(-1.023477584625E-02,-0.496975156922));
#3766 = CARTESIAN_POINT('',(-1.531059451171E-02,-0.503880348657));
#3767 = CARTESIAN_POINT('',(-1.92716126276E-02,-0.511438667773));
#3768 = CARTESIAN_POINT('',(-2.202639627971E-02,-0.519706164376));
#3769 = CARTESIAN_POINT('',(-2.372441281454E-02,-0.528620488336));
#3770 = CARTESIAN_POINT('',(-2.393334113163E-02,-0.53479546252));
#3771 = CARTESIAN_POINT('',(-2.404051943457E-02,-0.537963167419));
#3772 = ( GEOMETRIC_REPRESENTATION_CONTEXT(2) 
PARAMETRIC_REPRESENTATION_CONTEXT() REPRESENTATION_CONTEXT('2D SPACE',''
  ) );
#3773 = PCURVE('',#3774,#3797);
#3774 = B_SPLINE_SURFACE_WITH_KNOTS('',3,1,(
    (#3775,#3776)
    ,(#3777,#3778)
    ,(#3779,#3780)
    ,(#3781,#3782)
    ,(#3783,#3784)
    ,(#3785,#3786)
    ,(#3787,#3788)
    ,(#3789,#3790)
    ,(#3791,#3792)
    ,(#3793,#3794)
    ,(#3795,#3796
  )),.UNSPECIFIED.,.F.,.F.,.F.,(4,1,1,1,1,1,1,1,4),(2,2),(0.,
    0.134745551926,0.261853510509,0.383986791833,0.502296938367,
    0.620417103861,0.740834192879,0.867050327247,1.),(0.,1.),
  .UNSPECIFIED.);
#3775 = CARTESIAN_POINT('',(-1.159210251665E-02,-0.480703258882,0.8));
#3776 = CARTESIAN_POINT('',(-1.159210251665E-02,-0.480703258882,0.81));
#3777 = CARTESIAN_POINT('',(-8.769423696332E-03,-0.482236118005,0.8));
#3778 = CARTESIAN_POINT('',(-8.769423696332E-03,-0.482236118005,0.81));
#3779 = CARTESIAN_POINT('',(-3.28406000473E-03,-0.485214951345,0.8));
#3780 = CARTESIAN_POINT('',(-3.28406000473E-03,-0.485214951345,0.81));
#3781 = CARTESIAN_POINT('',(4.031391655281E-03,-0.490761519808,0.8));
#3782 = CARTESIAN_POINT('',(4.031391655281E-03,-0.490761519808,0.81));
#3783 = CARTESIAN_POINT('',(1.023477584625E-02,-0.496975156922,0.8));
#3784 = CARTESIAN_POINT('',(1.023477584625E-02,-0.496975156922,0.81));
#3785 = CARTESIAN_POINT('',(1.531059451171E-02,-0.503880348657,0.8));
#3786 = CARTESIAN_POINT('',(1.531059451171E-02,-0.503880348657,0.81));
#3787 = CARTESIAN_POINT('',(1.92716126276E-02,-0.511438667773,0.8));
#3788 = CARTESIAN_POINT('',(1.92716126276E-02,-0.511438667773,0.81));
#3789 = CARTESIAN_POINT('',(2.202639627971E-02,-0.519706164376,0.8));
#3790 = CARTESIAN_POINT('',(2.202639627971E-02,-0.519706164376,0.81));
#3791 = CARTESIAN_POINT('',(2.372441281454E-02,-0.528620488336,0.8));
#3792 = CARTESIAN_POINT('',(2.372441281454E-02,-0.528620488336,0.81));
#3793 = CARTESIAN_POINT('',(2.393334113163E-02,-0.53479546252,0.8));
#3794 = CARTESIAN_POINT('',(2.393334113163E-02,-0.53479546252,0.81));
#3795 = CARTESIAN_POINT('',(2.404051943457E-02,-0.537963167419,0.8));
#3796 = CARTESIAN_POINT('',(2.404051943457E-02,-0.537963167419,0.81));
#3797 = DEFINITIONAL_REPRESENTATION('',(#3798),#3802);
#3798 = LINE('',#3799,#3800);
#3799 = CARTESIAN_POINT('',(-1.80283615633E-16,1.));
#3800 = VECTOR('',#3801,1.);
#3801 = DIRECTION('',(1.,-1.099120794379E-14));
#3802 = ( GEOMETRIC_REPRESENTATION_CONTEXT(2) 
PARAMETRIC_REPRESENTATION_CONTEXT() REPRESENTATION_CONTEXT('2D SPACE',''
  ) );
#3803 = ORIENTED_EDGE('',*,*,#3804,.T.);
#3804 = EDGE_CURVE('',#3743,#3805,#3807,.T.);
#3805 = VERTEX_POINT('',#3806);
#3806 = CARTESIAN_POINT('',(-5.351283422397E-02,-0.609895332053,0.81));
#3807 = SURFACE_CURVE('',#3808,(#3828,#3851),.PCURVE_S1.);
#3808 = B_SPLINE_CURVE_WITH_KNOTS('',3,(#3809,#3810,#3811,#3812,#3813,
    #3814,#3815,#3816,#3817,#3818,#3819,#3820,#3821,#3822,#3823,#3824,
    #3825,#3826,#3827),.UNSPECIFIED.,.F.,.F.,(4,1,1,1,1,1,1,1,1,1,1,1,1,
    1,1,1,4),(0.,6.714366493508E-02,0.131186634795,0.192693303672,
    0.252548423402,0.311314712998,0.369390461409,0.428263831784,
    0.487847940312,0.547974175699,0.608112343919,0.668482070647,
    0.730102703213,0.793786130752,0.859333941366,0.928082804675,1.),
  .UNSPECIFIED.);
#3809 = CARTESIAN_POINT('',(2.404051943457E-02,-0.537963167419,0.81));
#3810 = CARTESIAN_POINT('',(2.397924635165E-02,-0.540633955127,0.81));
#3811 = CARTESIAN_POINT('',(2.385952977735E-02,-0.545852193542,0.81));
#3812 = CARTESIAN_POINT('',(2.284461642646E-02,-0.553464768286,0.81));
#3813 = CARTESIAN_POINT('',(2.116105660751E-02,-0.56065070831,0.81));
#3814 = CARTESIAN_POINT('',(1.890893453821E-02,-0.567466811163,0.81));
#3815 = CARTESIAN_POINT('',(1.586584141723E-02,-0.573817143908,0.81));
#3816 = CARTESIAN_POINT('',(1.223147358675E-02,-0.579801513307,0.81));
#3817 = CARTESIAN_POINT('',(7.865542892642E-03,-0.585317932211,0.81));
#3818 = CARTESIAN_POINT('',(2.918615513091E-03,-0.590431780075,0.81));
#3819 = CARTESIAN_POINT('',(-2.61922989207E-03,-0.594976565935,0.81));
#3820 = CARTESIAN_POINT('',(-8.572365031353E-03,-0.599020523765,0.81));
#3821 = CARTESIAN_POINT('',(-1.502299951558E-02,-0.60234421094,0.81));
#3822 = CARTESIAN_POINT('',(-2.186821845849E-02,-0.605138202122,0.81));
#3823 = CARTESIAN_POINT('',(-2.916841580628E-02,-0.607264036515,0.81));
#3824 = CARTESIAN_POINT('',(-3.690206872392E-02,-0.608769672216,0.81));
#3825 = CARTESIAN_POINT('',(-4.505502015267E-02,-0.609767077667,0.81));
#3826 = CARTESIAN_POINT('',(-5.065154456329E-02,-0.609851943425,0.81));
#3827 = CARTESIAN_POINT('',(-5.351283422397E-02,-0.609895332053,0.81));
#3828 = PCURVE('',#459,#3829);
#3829 = DEFINITIONAL_REPRESENTATION('',(#3830),#3850);
#3830 = B_SPLINE_CURVE_WITH_KNOTS('',3,(#3831,#3832,#3833,#3834,#3835,
    #3836,#3837,#3838,#3839,#3840,#3841,#3842,#3843,#3844,#3845,#3846,
    #3847,#3848,#3849),.UNSPECIFIED.,.F.,.F.,(4,1,1,1,1,1,1,1,1,1,1,1,1,
    1,1,1,4),(0.,6.714366493508E-02,0.131186634795,0.192693303672,
    0.252548423402,0.311314712998,0.369390461409,0.428263831784,
    0.487847940312,0.547974175699,0.608112343919,0.668482070647,
    0.730102703213,0.793786130752,0.859333941366,0.928082804675,1.),
  .UNSPECIFIED.);
#3831 = CARTESIAN_POINT('',(-2.404051943457E-02,-0.537963167419));
#3832 = CARTESIAN_POINT('',(-2.397924635165E-02,-0.540633955127));
#3833 = CARTESIAN_POINT('',(-2.385952977735E-02,-0.545852193542));
#3834 = CARTESIAN_POINT('',(-2.284461642646E-02,-0.553464768286));
#3835 = CARTESIAN_POINT('',(-2.116105660751E-02,-0.56065070831));
#3836 = CARTESIAN_POINT('',(-1.890893453821E-02,-0.567466811163));
#3837 = CARTESIAN_POINT('',(-1.586584141723E-02,-0.573817143908));
#3838 = CARTESIAN_POINT('',(-1.223147358675E-02,-0.579801513307));
#3839 = CARTESIAN_POINT('',(-7.865542892642E-03,-0.585317932211));
#3840 = CARTESIAN_POINT('',(-2.918615513091E-03,-0.590431780075));
#3841 = CARTESIAN_POINT('',(2.61922989207E-03,-0.594976565935));
#3842 = CARTESIAN_POINT('',(8.572365031353E-03,-0.599020523765));
#3843 = CARTESIAN_POINT('',(1.502299951558E-02,-0.60234421094));
#3844 = CARTESIAN_POINT('',(2.186821845849E-02,-0.605138202122));
#3845 = CARTESIAN_POINT('',(2.916841580628E-02,-0.607264036515));
#3846 = CARTESIAN_POINT('',(3.690206872392E-02,-0.608769672216));
#3847 = CARTESIAN_POINT('',(4.505502015267E-02,-0.609767077667));
#3848 = CARTESIAN_POINT('',(5.065154456329E-02,-0.609851943425));
#3849 = CARTESIAN_POINT('',(5.351283422397E-02,-0.609895332053));
#3850 = ( GEOMETRIC_REPRESENTATION_CONTEXT(2) 
PARAMETRIC_REPRESENTATION_CONTEXT() REPRESENTATION_CONTEXT('2D SPACE',''
  ) );
#3851 = PCURVE('',#3852,#3891);
#3852 = B_SPLINE_SURFACE_WITH_KNOTS('',3,1,(
    (#3853,#3854)
    ,(#3855,#3856)
    ,(#3857,#3858)
    ,(#3859,#3860)
    ,(#3861,#3862)
    ,(#3863,#3864)
    ,(#3865,#3866)
    ,(#3867,#3868)
    ,(#3869,#3870)
    ,(#3871,#3872)
    ,(#3873,#3874)
    ,(#3875,#3876)
    ,(#3877,#3878)
    ,(#3879,#3880)
    ,(#3881,#3882)
    ,(#3883,#3884)
    ,(#3885,#3886)
    ,(#3887,#3888)
    ,(#3889,#3890
    )),.UNSPECIFIED.,.F.,.F.,.F.,(4,1,1,1,1,1,1,1,1,1,1,1,1,1,1,1,4),(2,
    2),(0.,6.714366493508E-02,0.131186634795,0.192693303672,
    0.252548423402,0.311314712998,0.369390461409,0.428263831784,
    0.487847940312,0.547974175699,0.608112343919,0.668482070647,
    0.730102703213,0.793786130752,0.859333941366,0.928082804675,1.),(0.,
    1.),.UNSPECIFIED.);
#3853 = CARTESIAN_POINT('',(2.404051943457E-02,-0.537963167419,0.8));
#3854 = CARTESIAN_POINT('',(2.404051943457E-02,-0.537963167419,0.81));
#3855 = CARTESIAN_POINT('',(2.397924635165E-02,-0.540633955127,0.8));
#3856 = CARTESIAN_POINT('',(2.397924635165E-02,-0.540633955127,0.81));
#3857 = CARTESIAN_POINT('',(2.385952977735E-02,-0.545852193542,0.8));
#3858 = CARTESIAN_POINT('',(2.385952977735E-02,-0.545852193542,0.81));
#3859 = CARTESIAN_POINT('',(2.284461642646E-02,-0.553464768286,0.8));
#3860 = CARTESIAN_POINT('',(2.284461642646E-02,-0.553464768286,0.81));
#3861 = CARTESIAN_POINT('',(2.116105660751E-02,-0.56065070831,0.8));
#3862 = CARTESIAN_POINT('',(2.116105660751E-02,-0.56065070831,0.81));
#3863 = CARTESIAN_POINT('',(1.890893453821E-02,-0.567466811163,0.8));
#3864 = CARTESIAN_POINT('',(1.890893453821E-02,-0.567466811163,0.81));
#3865 = CARTESIAN_POINT('',(1.586584141723E-02,-0.573817143908,0.8));
#3866 = CARTESIAN_POINT('',(1.586584141723E-02,-0.573817143908,0.81));
#3867 = CARTESIAN_POINT('',(1.223147358675E-02,-0.579801513307,0.8));
#3868 = CARTESIAN_POINT('',(1.223147358675E-02,-0.579801513307,0.81));
#3869 = CARTESIAN_POINT('',(7.865542892642E-03,-0.585317932211,0.8));
#3870 = CARTESIAN_POINT('',(7.865542892642E-03,-0.585317932211,0.81));
#3871 = CARTESIAN_POINT('',(2.918615513091E-03,-0.590431780075,0.8));
#3872 = CARTESIAN_POINT('',(2.918615513091E-03,-0.590431780075,0.81));
#3873 = CARTESIAN_POINT('',(-2.61922989207E-03,-0.594976565935,0.8));
#3874 = CARTESIAN_POINT('',(-2.61922989207E-03,-0.594976565935,0.81));
#3875 = CARTESIAN_POINT('',(-8.572365031353E-03,-0.599020523765,0.8));
#3876 = CARTESIAN_POINT('',(-8.572365031353E-03,-0.599020523765,0.81));
#3877 = CARTESIAN_POINT('',(-1.502299951558E-02,-0.60234421094,0.8));
#3878 = CARTESIAN_POINT('',(-1.502299951558E-02,-0.60234421094,0.81));
#3879 = CARTESIAN_POINT('',(-2.186821845849E-02,-0.605138202122,0.8));
#3880 = CARTESIAN_POINT('',(-2.186821845849E-02,-0.605138202122,0.81));
#3881 = CARTESIAN_POINT('',(-2.916841580628E-02,-0.607264036515,0.8));
#3882 = CARTESIAN_POINT('',(-2.916841580628E-02,-0.607264036515,0.81));
#3883 = CARTESIAN_POINT('',(-3.690206872392E-02,-0.608769672216,0.8));
#3884 = CARTESIAN_POINT('',(-3.690206872392E-02,-0.608769672216,0.81));
#3885 = CARTESIAN_POINT('',(-4.505502015267E-02,-0.609767077667,0.8));
#3886 = CARTESIAN_POINT('',(-4.505502015267E-02,-0.609767077667,0.81));
#3887 = CARTESIAN_POINT('',(-5.065154456329E-02,-0.609851943425,0.8));
#3888 = CARTESIAN_POINT('',(-5.065154456329E-02,-0.609851943425,0.81));
#3889 = CARTESIAN_POINT('',(-5.351283422397E-02,-0.609895332053,0.8));
#3890 = CARTESIAN_POINT('',(-5.351283422397E-02,-0.609895332053,0.81));
#3891 = DEFINITIONAL_REPRESENTATION('',(#3892),#3896);
#3892 = LINE('',#3893,#3894);
#3893 = CARTESIAN_POINT('',(-7.769717208947E-16,1.));
#3894 = VECTOR('',#3895,1.);
#3895 = DIRECTION('',(1.,-1.099120794379E-14));
#3896 = ( GEOMETRIC_REPRESENTATION_CONTEXT(2) 
PARAMETRIC_REPRESENTATION_CONTEXT() REPRESENTATION_CONTEXT('2D SPACE',''
  ) );
#3897 = ORIENTED_EDGE('',*,*,#3898,.T.);
#3898 = EDGE_CURVE('',#3805,#3899,#3901,.T.);
#3899 = VERTEX_POINT('',#3900);
#3900 = CARTESIAN_POINT('',(-0.137544846419,-0.530150667419,0.81));
#3901 = SURFACE_CURVE('',#3902,(#3922,#3945),.PCURVE_S1.);
#3902 = B_SPLINE_CURVE_WITH_KNOTS('',3,(#3903,#3904,#3905,#3906,#3907,
    #3908,#3909,#3910,#3911,#3912,#3913,#3914,#3915,#3916,#3917,#3918,
    #3919,#3920,#3921),.UNSPECIFIED.,.F.,.F.,(4,1,1,1,1,1,1,1,1,1,1,1,1,
    1,1,1,4),(0.,6.936631857344E-02,0.13587548363,0.200043829005,
    0.2627951384,0.324245699629,0.385482458108,0.446837722467,
    0.508737582158,0.570480777161,0.630859209682,0.690303609467,
    0.749688011843,0.809887948182,0.871001568957,0.934283335378,1.),
  .UNSPECIFIED.);
#3903 = CARTESIAN_POINT('',(-5.351283422397E-02,-0.609895332053,0.81));
#3904 = CARTESIAN_POINT('',(-5.651716419891E-02,-0.609837687028,0.81));
#3905 = CARTESIAN_POINT('',(-6.240207775243E-02,-0.60972477134,0.81));
#3906 = CARTESIAN_POINT('',(-7.101218708233E-02,-0.608651728331,0.81));
#3907 = CARTESIAN_POINT('',(-7.921198362327E-02,-0.606898066506,0.81));
#3908 = CARTESIAN_POINT('',(-8.699333397447E-02,-0.604412558293,0.81));
#3909 = CARTESIAN_POINT('',(-9.438871745814E-02,-0.601256526136,0.81));
#3910 = CARTESIAN_POINT('',(-0.101373639717,-0.597389973344,0.81));
#3911 = CARTESIAN_POINT('',(-0.107916017623,-0.592784261202,0.81));
#3912 = CARTESIAN_POINT('',(-0.114007113986,-0.587562903551,0.81));
#3913 = CARTESIAN_POINT('',(-0.11949909565,-0.581773694432,0.81));
#3914 = CARTESIAN_POINT('',(-0.124352950859,-0.575571506544,0.81));
#3915 = CARTESIAN_POINT('',(-0.128414234531,-0.568943567084,0.81));
#3916 = CARTESIAN_POINT('',(-0.131795003188,-0.561951127915,0.81));
#3917 = CARTESIAN_POINT('',(-0.134338608134,-0.554536234522,0.81));
#3918 = CARTESIAN_POINT('',(-0.136223343801,-0.546758634512,0.81));
#3919 = CARTESIAN_POINT('',(-0.137321537203,-0.538582067582,0.81));
#3920 = CARTESIAN_POINT('',(-0.137469479192,-0.532996278823,0.81));
#3921 = CARTESIAN_POINT('',(-0.137544846419,-0.530150667419,0.81));
#3922 = PCURVE('',#459,#3923);
#3923 = DEFINITIONAL_REPRESENTATION('',(#3924),#3944);
#3924 = B_SPLINE_CURVE_WITH_KNOTS('',3,(#3925,#3926,#3927,#3928,#3929,
    #3930,#3931,#3932,#3933,#3934,#3935,#3936,#3937,#3938,#3939,#3940,
    #3941,#3942,#3943),.UNSPECIFIED.,.F.,.F.,(4,1,1,1,1,1,1,1,1,1,1,1,1,
    1,1,1,4),(0.,6.936631857344E-02,0.13587548363,0.200043829005,
    0.2627951384,0.324245699629,0.385482458108,0.446837722467,
    0.508737582158,0.570480777161,0.630859209682,0.690303609467,
    0.749688011843,0.809887948182,0.871001568957,0.934283335378,1.),
  .UNSPECIFIED.);
#3925 = CARTESIAN_POINT('',(5.351283422397E-02,-0.609895332053));
#3926 = CARTESIAN_POINT('',(5.651716419891E-02,-0.609837687028));
#3927 = CARTESIAN_POINT('',(6.240207775243E-02,-0.60972477134));
#3928 = CARTESIAN_POINT('',(7.101218708233E-02,-0.608651728331));
#3929 = CARTESIAN_POINT('',(7.921198362327E-02,-0.606898066506));
#3930 = CARTESIAN_POINT('',(8.699333397447E-02,-0.604412558293));
#3931 = CARTESIAN_POINT('',(9.438871745814E-02,-0.601256526136));
#3932 = CARTESIAN_POINT('',(0.101373639717,-0.597389973344));
#3933 = CARTESIAN_POINT('',(0.107916017623,-0.592784261202));
#3934 = CARTESIAN_POINT('',(0.114007113986,-0.587562903551));
#3935 = CARTESIAN_POINT('',(0.11949909565,-0.581773694432));
#3936 = CARTESIAN_POINT('',(0.124352950859,-0.575571506544));
#3937 = CARTESIAN_POINT('',(0.128414234531,-0.568943567084));
#3938 = CARTESIAN_POINT('',(0.131795003188,-0.561951127915));
#3939 = CARTESIAN_POINT('',(0.134338608134,-0.554536234522));
#3940 = CARTESIAN_POINT('',(0.136223343801,-0.546758634512));
#3941 = CARTESIAN_POINT('',(0.137321537203,-0.538582067582));
#3942 = CARTESIAN_POINT('',(0.137469479192,-0.532996278823));
#3943 = CARTESIAN_POINT('',(0.137544846419,-0.530150667419));
#3944 = ( GEOMETRIC_REPRESENTATION_CONTEXT(2) 
PARAMETRIC_REPRESENTATION_CONTEXT() REPRESENTATION_CONTEXT('2D SPACE',''
  ) );
#3945 = PCURVE('',#3946,#3985);
#3946 = B_SPLINE_SURFACE_WITH_KNOTS('',3,1,(
    (#3947,#3948)
    ,(#3949,#3950)
    ,(#3951,#3952)
    ,(#3953,#3954)
    ,(#3955,#3956)
    ,(#3957,#3958)
    ,(#3959,#3960)
    ,(#3961,#3962)
    ,(#3963,#3964)
    ,(#3965,#3966)
    ,(#3967,#3968)
    ,(#3969,#3970)
    ,(#3971,#3972)
    ,(#3973,#3974)
    ,(#3975,#3976)
    ,(#3977,#3978)
    ,(#3979,#3980)
    ,(#3981,#3982)
    ,(#3983,#3984
    )),.UNSPECIFIED.,.F.,.F.,.F.,(4,1,1,1,1,1,1,1,1,1,1,1,1,1,1,1,4),(2,
    2),(0.,6.936631857344E-02,0.13587548363,0.200043829005,0.2627951384,
    0.324245699629,0.385482458108,0.446837722467,0.508737582158,
    0.570480777161,0.630859209682,0.690303609467,0.749688011843,
    0.809887948182,0.871001568957,0.934283335378,1.),(0.,1.),
  .UNSPECIFIED.);
#3947 = CARTESIAN_POINT('',(-5.351283422397E-02,-0.609895332053,0.8));
#3948 = CARTESIAN_POINT('',(-5.351283422397E-02,-0.609895332053,0.81));
#3949 = CARTESIAN_POINT('',(-5.651716419891E-02,-0.609837687028,0.8));
#3950 = CARTESIAN_POINT('',(-5.651716419891E-02,-0.609837687028,0.81));
#3951 = CARTESIAN_POINT('',(-6.240207775243E-02,-0.60972477134,0.8));
#3952 = CARTESIAN_POINT('',(-6.240207775243E-02,-0.60972477134,0.81));
#3953 = CARTESIAN_POINT('',(-7.101218708233E-02,-0.608651728331,0.8));
#3954 = CARTESIAN_POINT('',(-7.101218708233E-02,-0.608651728331,0.81));
#3955 = CARTESIAN_POINT('',(-7.921198362327E-02,-0.606898066506,0.8));
#3956 = CARTESIAN_POINT('',(-7.921198362327E-02,-0.606898066506,0.81));
#3957 = CARTESIAN_POINT('',(-8.699333397447E-02,-0.604412558293,0.8));
#3958 = CARTESIAN_POINT('',(-8.699333397447E-02,-0.604412558293,0.81));
#3959 = CARTESIAN_POINT('',(-9.438871745814E-02,-0.601256526136,0.8));
#3960 = CARTESIAN_POINT('',(-9.438871745814E-02,-0.601256526136,0.81));
#3961 = CARTESIAN_POINT('',(-0.101373639717,-0.597389973344,0.8));
#3962 = CARTESIAN_POINT('',(-0.101373639717,-0.597389973344,0.81));
#3963 = CARTESIAN_POINT('',(-0.107916017623,-0.592784261202,0.8));
#3964 = CARTESIAN_POINT('',(-0.107916017623,-0.592784261202,0.81));
#3965 = CARTESIAN_POINT('',(-0.114007113986,-0.587562903551,0.8));
#3966 = CARTESIAN_POINT('',(-0.114007113986,-0.587562903551,0.81));
#3967 = CARTESIAN_POINT('',(-0.11949909565,-0.581773694432,0.8));
#3968 = CARTESIAN_POINT('',(-0.11949909565,-0.581773694432,0.81));
#3969 = CARTESIAN_POINT('',(-0.124352950859,-0.575571506544,0.8));
#3970 = CARTESIAN_POINT('',(-0.124352950859,-0.575571506544,0.81));
#3971 = CARTESIAN_POINT('',(-0.128414234531,-0.568943567084,0.8));
#3972 = CARTESIAN_POINT('',(-0.128414234531,-0.568943567084,0.81));
#3973 = CARTESIAN_POINT('',(-0.131795003188,-0.561951127915,0.8));
#3974 = CARTESIAN_POINT('',(-0.131795003188,-0.561951127915,0.81));
#3975 = CARTESIAN_POINT('',(-0.134338608134,-0.554536234522,0.8));
#3976 = CARTESIAN_POINT('',(-0.134338608134,-0.554536234522,0.81));
#3977 = CARTESIAN_POINT('',(-0.136223343801,-0.546758634512,0.8));
#3978 = CARTESIAN_POINT('',(-0.136223343801,-0.546758634512,0.81));
#3979 = CARTESIAN_POINT('',(-0.137321537203,-0.538582067582,0.8));
#3980 = CARTESIAN_POINT('',(-0.137321537203,-0.538582067582,0.81));
#3981 = CARTESIAN_POINT('',(-0.137469479192,-0.532996278823,0.8));
#3982 = CARTESIAN_POINT('',(-0.137469479192,-0.532996278823,0.81));
#3983 = CARTESIAN_POINT('',(-0.137544846419,-0.530150667419,0.8));
#3984 = CARTESIAN_POINT('',(-0.137544846419,-0.530150667419,0.81));
#3985 = DEFINITIONAL_REPRESENTATION('',(#3986),#3990);
#3986 = LINE('',#3987,#3988);
#3987 = CARTESIAN_POINT('',(-1.269982760803E-17,1.));
#3988 = VECTOR('',#3989,1.);
#3989 = DIRECTION('',(1.,0.));
#3990 = ( GEOMETRIC_REPRESENTATION_CONTEXT(2) 
PARAMETRIC_REPRESENTATION_CONTEXT() REPRESENTATION_CONTEXT('2D SPACE',''
  ) );
#3991 = ORIENTED_EDGE('',*,*,#3992,.T.);
#3992 = EDGE_CURVE('',#3899,#3993,#3995,.T.);
#3993 = VERTEX_POINT('',#3994);
#3994 = CARTESIAN_POINT('',(-2.431123361421E-02,-0.4483099662,0.81));
#3995 = SURFACE_CURVE('',#3996,(#4016,#4039),.PCURVE_S1.);
#3996 = B_SPLINE_CURVE_WITH_KNOTS('',3,(#3997,#3998,#3999,#4000,#4001,
    #4002,#4003,#4004,#4005,#4006,#4007,#4008,#4009,#4010,#4011,#4012,
    #4013,#4014,#4015),.UNSPECIFIED.,.F.,.F.,(4,1,1,1,1,1,1,1,1,1,1,1,1,
    1,1,1,4),(0.,5.904081921618E-02,0.115663517715,0.170242192783,
    0.223646467502,0.276603735954,0.329942912733,0.384685513211,
    0.441597320617,0.500555230896,0.561549817702,0.625448546868,
    0.692497675252,0.762782394343,0.837317334158,0.916517361776,1.),
  .UNSPECIFIED.);
#3997 = CARTESIAN_POINT('',(-0.137544846419,-0.530150667419,0.81));
#3998 = CARTESIAN_POINT('',(-0.137454209607,-0.527048792773,0.81));
#3999 = CARTESIAN_POINT('',(-0.137276648173,-0.520972086218,0.81));
#4000 = CARTESIAN_POINT('',(-0.13586033075,-0.512120412697,0.81));
#4001 = CARTESIAN_POINT('',(-0.133598390915,-0.503758197632,0.81));
#4002 = CARTESIAN_POINT('',(-0.130325933459,-0.495938801226,0.81));
#4003 = CARTESIAN_POINT('',(-0.12615098646,-0.4886424835,0.81));
#4004 = CARTESIAN_POINT('',(-0.121060123268,-0.481858855285,0.81));
#4005 = CARTESIAN_POINT('',(-0.114983111547,-0.475655330521,0.81));
#4006 = CARTESIAN_POINT('',(-0.108074972987,-0.469923108071,0.81));
#4007 = CARTESIAN_POINT('',(-0.100278463149,-0.464840993834,0.81));
#4008 = CARTESIAN_POINT('',(-9.169378699074E-02,-0.460389897617,0.81));
#4009 = CARTESIAN_POINT('',(-8.231962229242E-02,-0.456646009456,0.81));
#4010 = CARTESIAN_POINT('',(-7.220215511598E-02,-0.453557097067,0.81));
#4011 = CARTESIAN_POINT('',(-6.132141410322E-02,-0.451171191793,0.81));
#4012 = CARTESIAN_POINT('',(-4.966031084121E-02,-0.449565863117,0.81));
#4013 = CARTESIAN_POINT('',(-3.724170457484E-02,-0.448470884803,0.81));
#4014 = CARTESIAN_POINT('',(-2.869637567706E-02,-0.448364538917,0.81));
#4015 = CARTESIAN_POINT('',(-2.431123361421E-02,-0.4483099662,0.81));
#4016 = PCURVE('',#459,#4017);
#4017 = DEFINITIONAL_REPRESENTATION('',(#4018),#4038);
#4018 = B_SPLINE_CURVE_WITH_KNOTS('',3,(#4019,#4020,#4021,#4022,#4023,
    #4024,#4025,#4026,#4027,#4028,#4029,#4030,#4031,#4032,#4033,#4034,
    #4035,#4036,#4037),.UNSPECIFIED.,.F.,.F.,(4,1,1,1,1,1,1,1,1,1,1,1,1,
    1,1,1,4),(0.,5.904081921618E-02,0.115663517715,0.170242192783,
    0.223646467502,0.276603735954,0.329942912733,0.384685513211,
    0.441597320617,0.500555230896,0.561549817702,0.625448546868,
    0.692497675252,0.762782394343,0.837317334158,0.916517361776,1.),
  .UNSPECIFIED.);
#4019 = CARTESIAN_POINT('',(0.137544846419,-0.530150667419));
#4020 = CARTESIAN_POINT('',(0.137454209607,-0.527048792773));
#4021 = CARTESIAN_POINT('',(0.137276648173,-0.520972086218));
#4022 = CARTESIAN_POINT('',(0.13586033075,-0.512120412697));
#4023 = CARTESIAN_POINT('',(0.133598390915,-0.503758197632));
#4024 = CARTESIAN_POINT('',(0.130325933459,-0.495938801226));
#4025 = CARTESIAN_POINT('',(0.12615098646,-0.4886424835));
#4026 = CARTESIAN_POINT('',(0.121060123268,-0.481858855285));
#4027 = CARTESIAN_POINT('',(0.114983111547,-0.475655330521));
#4028 = CARTESIAN_POINT('',(0.108074972987,-0.469923108071));
#4029 = CARTESIAN_POINT('',(0.100278463149,-0.464840993834));
#4030 = CARTESIAN_POINT('',(9.169378699074E-02,-0.460389897617));
#4031 = CARTESIAN_POINT('',(8.231962229242E-02,-0.456646009456));
#4032 = CARTESIAN_POINT('',(7.220215511598E-02,-0.453557097067));
#4033 = CARTESIAN_POINT('',(6.132141410322E-02,-0.451171191793));
#4034 = CARTESIAN_POINT('',(4.966031084121E-02,-0.449565863117));
#4035 = CARTESIAN_POINT('',(3.724170457484E-02,-0.448470884803));
#4036 = CARTESIAN_POINT('',(2.869637567706E-02,-0.448364538917));
#4037 = CARTESIAN_POINT('',(2.431123361421E-02,-0.4483099662));
#4038 = ( GEOMETRIC_REPRESENTATION_CONTEXT(2) 
PARAMETRIC_REPRESENTATION_CONTEXT() REPRESENTATION_CONTEXT('2D SPACE',''
  ) );
#4039 = PCURVE('',#4040,#4079);
#4040 = B_SPLINE_SURFACE_WITH_KNOTS('',3,1,(
    (#4041,#4042)
    ,(#4043,#4044)
    ,(#4045,#4046)
    ,(#4047,#4048)
    ,(#4049,#4050)
    ,(#4051,#4052)
    ,(#4053,#4054)
    ,(#4055,#4056)
    ,(#4057,#4058)
    ,(#4059,#4060)
    ,(#4061,#4062)
    ,(#4063,#4064)
    ,(#4065,#4066)
    ,(#4067,#4068)
    ,(#4069,#4070)
    ,(#4071,#4072)
    ,(#4073,#4074)
    ,(#4075,#4076)
    ,(#4077,#4078
    )),.UNSPECIFIED.,.F.,.F.,.F.,(4,1,1,1,1,1,1,1,1,1,1,1,1,1,1,1,4),(2,
    2),(0.,5.904081921618E-02,0.115663517715,0.170242192783,
    0.223646467502,0.276603735954,0.329942912733,0.384685513211,
    0.441597320617,0.500555230896,0.561549817702,0.625448546868,
    0.692497675252,0.762782394343,0.837317334158,0.916517361776,1.),(0.,
    1.),.UNSPECIFIED.);
#4041 = CARTESIAN_POINT('',(-0.137544846419,-0.530150667419,0.8));
#4042 = CARTESIAN_POINT('',(-0.137544846419,-0.530150667419,0.81));
#4043 = CARTESIAN_POINT('',(-0.137454209607,-0.527048792773,0.8));
#4044 = CARTESIAN_POINT('',(-0.137454209607,-0.527048792773,0.81));
#4045 = CARTESIAN_POINT('',(-0.137276648173,-0.520972086218,0.8));
#4046 = CARTESIAN_POINT('',(-0.137276648173,-0.520972086218,0.81));
#4047 = CARTESIAN_POINT('',(-0.13586033075,-0.512120412697,0.8));
#4048 = CARTESIAN_POINT('',(-0.13586033075,-0.512120412697,0.81));
#4049 = CARTESIAN_POINT('',(-0.133598390915,-0.503758197632,0.8));
#4050 = CARTESIAN_POINT('',(-0.133598390915,-0.503758197632,0.81));
#4051 = CARTESIAN_POINT('',(-0.130325933459,-0.495938801226,0.8));
#4052 = CARTESIAN_POINT('',(-0.130325933459,-0.495938801226,0.81));
#4053 = CARTESIAN_POINT('',(-0.12615098646,-0.4886424835,0.8));
#4054 = CARTESIAN_POINT('',(-0.12615098646,-0.4886424835,0.81));
#4055 = CARTESIAN_POINT('',(-0.121060123268,-0.481858855285,0.8));
#4056 = CARTESIAN_POINT('',(-0.121060123268,-0.481858855285,0.81));
#4057 = CARTESIAN_POINT('',(-0.114983111547,-0.475655330521,0.8));
#4058 = CARTESIAN_POINT('',(-0.114983111547,-0.475655330521,0.81));
#4059 = CARTESIAN_POINT('',(-0.108074972987,-0.469923108071,0.8));
#4060 = CARTESIAN_POINT('',(-0.108074972987,-0.469923108071,0.81));
#4061 = CARTESIAN_POINT('',(-0.100278463149,-0.464840993834,0.8));
#4062 = CARTESIAN_POINT('',(-0.100278463149,-0.464840993834,0.81));
#4063 = CARTESIAN_POINT('',(-9.169378699074E-02,-0.460389897617,0.8));
#4064 = CARTESIAN_POINT('',(-9.169378699074E-02,-0.460389897617,0.81));
#4065 = CARTESIAN_POINT('',(-8.231962229242E-02,-0.456646009456,0.8));
#4066 = CARTESIAN_POINT('',(-8.231962229242E-02,-0.456646009456,0.81));
#4067 = CARTESIAN_POINT('',(-7.220215511598E-02,-0.453557097067,0.8));
#4068 = CARTESIAN_POINT('',(-7.220215511598E-02,-0.453557097067,0.81));
#4069 = CARTESIAN_POINT('',(-6.132141410322E-02,-0.451171191793,0.8));
#4070 = CARTESIAN_POINT('',(-6.132141410322E-02,-0.451171191793,0.81));
#4071 = CARTESIAN_POINT('',(-4.966031084121E-02,-0.449565863117,0.8));
#4072 = CARTESIAN_POINT('',(-4.966031084121E-02,-0.449565863117,0.81));
#4073 = CARTESIAN_POINT('',(-3.724170457484E-02,-0.448470884803,0.8));
#4074 = CARTESIAN_POINT('',(-3.724170457484E-02,-0.448470884803,0.81));
#4075 = CARTESIAN_POINT('',(-2.869637567706E-02,-0.448364538917,0.8));
#4076 = CARTESIAN_POINT('',(-2.869637567706E-02,-0.448364538917,0.81));
#4077 = CARTESIAN_POINT('',(-2.431123361421E-02,-0.4483099662,0.8));
#4078 = CARTESIAN_POINT('',(-2.431123361421E-02,-0.4483099662,0.81));
#4079 = DEFINITIONAL_REPRESENTATION('',(#4080),#4084);
#4080 = LINE('',#4081,#4082);
#4081 = CARTESIAN_POINT('',(1.358702460771E-15,1.));
#4082 = VECTOR('',#4083,1.);
#4083 = DIRECTION('',(1.,2.231548279497E-14));
#4084 = ( GEOMETRIC_REPRESENTATION_CONTEXT(2) 
PARAMETRIC_REPRESENTATION_CONTEXT() REPRESENTATION_CONTEXT('2D SPACE',''
  ) );
#4085 = ORIENTED_EDGE('',*,*,#4086,.T.);
#4086 = EDGE_CURVE('',#3993,#4087,#4089,.T.);
#4087 = VERTEX_POINT('',#4088);
#4088 = CARTESIAN_POINT('',(0.118552714557,-0.552540149126,0.81));
#4089 = SURFACE_CURVE('',#4090,(#4110,#4133),.PCURVE_S1.);
#4090 = B_SPLINE_CURVE_WITH_KNOTS('',3,(#4091,#4092,#4093,#4094,#4095,
    #4096,#4097,#4098,#4099,#4100,#4101,#4102,#4103,#4104,#4105,#4106,
    #4107,#4108,#4109),.UNSPECIFIED.,.F.,.F.,(4,1,1,1,1,1,1,1,1,1,1,1,1,
    1,1,1,4),(0.,8.055760212527E-02,0.157316832687,0.230311596385,
    0.300165715582,0.366835263729,0.431165647952,0.493651545206,
    0.55485505297,0.613950348272,0.670726723464,0.725395393357,
    0.779071522361,0.832573508169,0.88665984507,0.942223334194,1.),
  .UNSPECIFIED.);
#4091 = CARTESIAN_POINT('',(-2.431123361421E-02,-0.4483099662,0.81));
#4092 = CARTESIAN_POINT('',(-1.898836404987E-02,-0.448379082078,0.81));
#4093 = CARTESIAN_POINT('',(-8.59360354835E-03,-0.448514054953,0.81));
#4094 = CARTESIAN_POINT('',(6.567650071458E-03,-0.449947688664,0.81));
#4095 = CARTESIAN_POINT('',(2.09148576729E-02,-0.452146691398,0.81));
#4096 = CARTESIAN_POINT('',(3.441738688362E-02,-0.45526129989,0.81));
#4097 = CARTESIAN_POINT('',(4.705651127498E-02,-0.459340355435,0.81));
#4098 = CARTESIAN_POINT('',(5.889468164939E-02,-0.464207741585,0.81));
#4099 = CARTESIAN_POINT('',(6.984191510942E-02,-0.47011779865,0.81));
#4100 = CARTESIAN_POINT('',(7.992431297347E-02,-0.476791165838,0.81));
#4101 = CARTESIAN_POINT('',(8.899996238253E-02,-0.484206111275,0.81));
#4102 = CARTESIAN_POINT('',(9.689871409108E-02,-0.492271905922,0.81));
#4103 = CARTESIAN_POINT('',(0.103597813428,-0.500913094781,0.81));
#4104 = CARTESIAN_POINT('',(0.109070658349,-0.510127725727,0.81));
#4105 = CARTESIAN_POINT('',(0.113358898134,-0.519913182655,0.81));
#4106 = CARTESIAN_POINT('',(0.116340357779,-0.530295052569,0.81));
#4107 = CARTESIAN_POINT('',(0.118206645521,-0.541230616341,0.81));
#4108 = CARTESIAN_POINT('',(0.118435866225,-0.548721546762,0.81));
#4109 = CARTESIAN_POINT('',(0.118552714557,-0.552540149126,0.81));
#4110 = PCURVE('',#459,#4111);
#4111 = DEFINITIONAL_REPRESENTATION('',(#4112),#4132);
#4112 = B_SPLINE_CURVE_WITH_KNOTS('',3,(#4113,#4114,#4115,#4116,#4117,
    #4118,#4119,#4120,#4121,#4122,#4123,#4124,#4125,#4126,#4127,#4128,
    #4129,#4130,#4131),.UNSPECIFIED.,.F.,.F.,(4,1,1,1,1,1,1,1,1,1,1,1,1,
    1,1,1,4),(0.,8.055760212527E-02,0.157316832687,0.230311596385,
    0.300165715582,0.366835263729,0.431165647952,0.493651545206,
    0.55485505297,0.613950348272,0.670726723464,0.725395393357,
    0.779071522361,0.832573508169,0.88665984507,0.942223334194,1.),
  .UNSPECIFIED.);
#4113 = CARTESIAN_POINT('',(2.431123361421E-02,-0.4483099662));
#4114 = CARTESIAN_POINT('',(1.898836404987E-02,-0.448379082078));
#4115 = CARTESIAN_POINT('',(8.59360354835E-03,-0.448514054953));
#4116 = CARTESIAN_POINT('',(-6.567650071458E-03,-0.449947688664));
#4117 = CARTESIAN_POINT('',(-2.09148576729E-02,-0.452146691398));
#4118 = CARTESIAN_POINT('',(-3.441738688362E-02,-0.45526129989));
#4119 = CARTESIAN_POINT('',(-4.705651127498E-02,-0.459340355435));
#4120 = CARTESIAN_POINT('',(-5.889468164939E-02,-0.464207741585));
#4121 = CARTESIAN_POINT('',(-6.984191510942E-02,-0.47011779865));
#4122 = CARTESIAN_POINT('',(-7.992431297347E-02,-0.476791165838));
#4123 = CARTESIAN_POINT('',(-8.899996238253E-02,-0.484206111275));
#4124 = CARTESIAN_POINT('',(-9.689871409108E-02,-0.492271905922));
#4125 = CARTESIAN_POINT('',(-0.103597813428,-0.500913094781));
#4126 = CARTESIAN_POINT('',(-0.109070658349,-0.510127725727));
#4127 = CARTESIAN_POINT('',(-0.113358898134,-0.519913182655));
#4128 = CARTESIAN_POINT('',(-0.116340357779,-0.530295052569));
#4129 = CARTESIAN_POINT('',(-0.118206645521,-0.541230616341));
#4130 = CARTESIAN_POINT('',(-0.118435866225,-0.548721546762));
#4131 = CARTESIAN_POINT('',(-0.118552714557,-0.552540149126));
#4132 = ( GEOMETRIC_REPRESENTATION_CONTEXT(2) 
PARAMETRIC_REPRESENTATION_CONTEXT() REPRESENTATION_CONTEXT('2D SPACE',''
  ) );
#4133 = PCURVE('',#4134,#4173);
#4134 = B_SPLINE_SURFACE_WITH_KNOTS('',3,1,(
    (#4135,#4136)
    ,(#4137,#4138)
    ,(#4139,#4140)
    ,(#4141,#4142)
    ,(#4143,#4144)
    ,(#4145,#4146)
    ,(#4147,#4148)
    ,(#4149,#4150)
    ,(#4151,#4152)
    ,(#4153,#4154)
    ,(#4155,#4156)
    ,(#4157,#4158)
    ,(#4159,#4160)
    ,(#4161,#4162)
    ,(#4163,#4164)
    ,(#4165,#4166)
    ,(#4167,#4168)
    ,(#4169,#4170)
    ,(#4171,#4172
    )),.UNSPECIFIED.,.F.,.F.,.F.,(4,1,1,1,1,1,1,1,1,1,1,1,1,1,1,1,4),(2,
    2),(0.,8.055760212527E-02,0.157316832687,0.230311596385,
    0.300165715582,0.366835263729,0.431165647952,0.493651545206,
    0.55485505297,0.613950348272,0.670726723464,0.725395393357,
    0.779071522361,0.832573508169,0.88665984507,0.942223334194,1.),(0.,
    1.),.UNSPECIFIED.);
#4135 = CARTESIAN_POINT('',(-2.431123361421E-02,-0.4483099662,0.8));
#4136 = CARTESIAN_POINT('',(-2.431123361421E-02,-0.4483099662,0.81));
#4137 = CARTESIAN_POINT('',(-1.898836404987E-02,-0.448379082078,0.8));
#4138 = CARTESIAN_POINT('',(-1.898836404987E-02,-0.448379082078,0.81));
#4139 = CARTESIAN_POINT('',(-8.59360354835E-03,-0.448514054953,0.8));
#4140 = CARTESIAN_POINT('',(-8.59360354835E-03,-0.448514054953,0.81));
#4141 = CARTESIAN_POINT('',(6.567650071458E-03,-0.449947688664,0.8));
#4142 = CARTESIAN_POINT('',(6.567650071458E-03,-0.449947688664,0.81));
#4143 = CARTESIAN_POINT('',(2.09148576729E-02,-0.452146691398,0.8));
#4144 = CARTESIAN_POINT('',(2.09148576729E-02,-0.452146691398,0.81));
#4145 = CARTESIAN_POINT('',(3.441738688362E-02,-0.45526129989,0.8));
#4146 = CARTESIAN_POINT('',(3.441738688362E-02,-0.45526129989,0.81));
#4147 = CARTESIAN_POINT('',(4.705651127498E-02,-0.459340355435,0.8));
#4148 = CARTESIAN_POINT('',(4.705651127498E-02,-0.459340355435,0.81));
#4149 = CARTESIAN_POINT('',(5.889468164939E-02,-0.464207741585,0.8));
#4150 = CARTESIAN_POINT('',(5.889468164939E-02,-0.464207741585,0.81));
#4151 = CARTESIAN_POINT('',(6.984191510942E-02,-0.47011779865,0.8));
#4152 = CARTESIAN_POINT('',(6.984191510942E-02,-0.47011779865,0.81));
#4153 = CARTESIAN_POINT('',(7.992431297347E-02,-0.476791165838,0.8));
#4154 = CARTESIAN_POINT('',(7.992431297347E-02,-0.476791165838,0.81));
#4155 = CARTESIAN_POINT('',(8.899996238253E-02,-0.484206111275,0.8));
#4156 = CARTESIAN_POINT('',(8.899996238253E-02,-0.484206111275,0.81));
#4157 = CARTESIAN_POINT('',(9.689871409108E-02,-0.492271905922,0.8));
#4158 = CARTESIAN_POINT('',(9.689871409108E-02,-0.492271905922,0.81));
#4159 = CARTESIAN_POINT('',(0.103597813428,-0.500913094781,0.8));
#4160 = CARTESIAN_POINT('',(0.103597813428,-0.500913094781,0.81));
#4161 = CARTESIAN_POINT('',(0.109070658349,-0.510127725727,0.8));
#4162 = CARTESIAN_POINT('',(0.109070658349,-0.510127725727,0.81));
#4163 = CARTESIAN_POINT('',(0.113358898134,-0.519913182655,0.8));
#4164 = CARTESIAN_POINT('',(0.113358898134,-0.519913182655,0.81));
#4165 = CARTESIAN_POINT('',(0.116340357779,-0.530295052569,0.8));
#4166 = CARTESIAN_POINT('',(0.116340357779,-0.530295052569,0.81));
#4167 = CARTESIAN_POINT('',(0.118206645521,-0.541230616341,0.8));
#4168 = CARTESIAN_POINT('',(0.118206645521,-0.541230616341,0.81));
#4169 = CARTESIAN_POINT('',(0.118435866225,-0.548721546762,0.8));
#4170 = CARTESIAN_POINT('',(0.118435866225,-0.548721546762,0.81));
#4171 = CARTESIAN_POINT('',(0.118552714557,-0.552540149126,0.8));
#4172 = CARTESIAN_POINT('',(0.118552714557,-0.552540149126,0.81));
#4173 = DEFINITIONAL_REPRESENTATION('',(#4174),#4178);
#4174 = LINE('',#4175,#4176);
#4175 = CARTESIAN_POINT('',(2.759824420876E-17,1.));
#4176 = VECTOR('',#4177,1.);
#4177 = DIRECTION('',(1.,2.22044604925E-14));
#4178 = ( GEOMETRIC_REPRESENTATION_CONTEXT(2) 
PARAMETRIC_REPRESENTATION_CONTEXT() REPRESENTATION_CONTEXT('2D SPACE',''
  ) );
#4179 = ORIENTED_EDGE('',*,*,#4180,.T.);
#4180 = EDGE_CURVE('',#4087,#3545,#4181,.T.);
#4181 = SURFACE_CURVE('',#4182,(#4194,#4209),.PCURVE_S1.);
#4182 = B_SPLINE_CURVE_WITH_KNOTS('',3,(#4183,#4184,#4185,#4186,#4187,
    #4188,#4189,#4190,#4191,#4192,#4193),.UNSPECIFIED.,.F.,.F.,(4,1,1,1,
    1,1,1,1,4),(0.,0.148892930846,0.289478294815,0.423172427745,
    0.549534880824,0.669990025295,0.784449620173,0.894336229025,1.),
  .UNSPECIFIED.);
#4183 = CARTESIAN_POINT('',(0.118552714557,-0.552540149126,0.81));
#4184 = CARTESIAN_POINT('',(0.118532108591,-0.554716717899,0.81));
#4185 = CARTESIAN_POINT('',(0.118492046383,-0.558948412536,0.81));
#4186 = CARTESIAN_POINT('',(0.117985384395,-0.565115648829,0.81));
#4187 = CARTESIAN_POINT('',(0.117262714821,-0.570929858925,0.81));
#4188 = CARTESIAN_POINT('',(0.116143125419,-0.576380644153,0.81));
#4189 = CARTESIAN_POINT('',(0.114799993046,-0.581493102165,0.81));
#4190 = CARTESIAN_POINT('',(0.113051408678,-0.586223107526,0.81));
#4191 = CARTESIAN_POINT('',(0.111100615133,-0.590645335888,0.81));
#4192 = CARTESIAN_POINT('',(0.109452225852,-0.593333620393,0.81));
#4193 = CARTESIAN_POINT('',(0.108644177971,-0.594651429614,0.81));
#4194 = PCURVE('',#459,#4195);
#4195 = DEFINITIONAL_REPRESENTATION('',(#4196),#4208);
#4196 = B_SPLINE_CURVE_WITH_KNOTS('',3,(#4197,#4198,#4199,#4200,#4201,
    #4202,#4203,#4204,#4205,#4206,#4207),.UNSPECIFIED.,.F.,.F.,(4,1,1,1,
    1,1,1,1,4),(0.,0.148892930846,0.289478294815,0.423172427745,
    0.549534880824,0.669990025295,0.784449620173,0.894336229025,1.),
  .UNSPECIFIED.);
#4197 = CARTESIAN_POINT('',(-0.118552714557,-0.552540149126));
#4198 = CARTESIAN_POINT('',(-0.118532108591,-0.554716717899));
#4199 = CARTESIAN_POINT('',(-0.118492046383,-0.558948412536));
#4200 = CARTESIAN_POINT('',(-0.117985384395,-0.565115648829));
#4201 = CARTESIAN_POINT('',(-0.117262714821,-0.570929858925));
#4202 = CARTESIAN_POINT('',(-0.116143125419,-0.576380644153));
#4203 = CARTESIAN_POINT('',(-0.114799993046,-0.581493102165));
#4204 = CARTESIAN_POINT('',(-0.113051408678,-0.586223107526));
#4205 = CARTESIAN_POINT('',(-0.111100615133,-0.590645335888));
#4206 = CARTESIAN_POINT('',(-0.109452225852,-0.593333620393));
#4207 = CARTESIAN_POINT('',(-0.108644177971,-0.594651429614));
#4208 = ( GEOMETRIC_REPRESENTATION_CONTEXT(2) 
PARAMETRIC_REPRESENTATION_CONTEXT() REPRESENTATION_CONTEXT('2D SPACE',''
  ) );
#4209 = PCURVE('',#4210,#4233);
#4210 = B_SPLINE_SURFACE_WITH_KNOTS('',3,1,(
    (#4211,#4212)
    ,(#4213,#4214)
    ,(#4215,#4216)
    ,(#4217,#4218)
    ,(#4219,#4220)
    ,(#4221,#4222)
    ,(#4223,#4224)
    ,(#4225,#4226)
    ,(#4227,#4228)
    ,(#4229,#4230)
    ,(#4231,#4232
  )),.UNSPECIFIED.,.F.,.F.,.F.,(4,1,1,1,1,1,1,1,4),(2,2),(0.,
    0.148892930846,0.289478294815,0.423172427745,0.549534880824,
    0.669990025295,0.784449620173,0.894336229025,1.),(0.,1.),
  .UNSPECIFIED.);
#4211 = CARTESIAN_POINT('',(0.118552714557,-0.552540149126,0.8));
#4212 = CARTESIAN_POINT('',(0.118552714557,-0.552540149126,0.81));
#4213 = CARTESIAN_POINT('',(0.118532108591,-0.554716717899,0.8));
#4214 = CARTESIAN_POINT('',(0.118532108591,-0.554716717899,0.81));
#4215 = CARTESIAN_POINT('',(0.118492046383,-0.558948412536,0.8));
#4216 = CARTESIAN_POINT('',(0.118492046383,-0.558948412536,0.81));
#4217 = CARTESIAN_POINT('',(0.117985384395,-0.565115648829,0.8));
#4218 = CARTESIAN_POINT('',(0.117985384395,-0.565115648829,0.81));
#4219 = CARTESIAN_POINT('',(0.117262714821,-0.570929858925,0.8));
#4220 = CARTESIAN_POINT('',(0.117262714821,-0.570929858925,0.81));
#4221 = CARTESIAN_POINT('',(0.116143125419,-0.576380644153,0.8));
#4222 = CARTESIAN_POINT('',(0.116143125419,-0.576380644153,0.81));
#4223 = CARTESIAN_POINT('',(0.114799993046,-0.581493102165,0.8));
#4224 = CARTESIAN_POINT('',(0.114799993046,-0.581493102165,0.81));
#4225 = CARTESIAN_POINT('',(0.113051408678,-0.586223107526,0.8));
#4226 = CARTESIAN_POINT('',(0.113051408678,-0.586223107526,0.81));
#4227 = CARTESIAN_POINT('',(0.111100615133,-0.590645335888,0.8));
#4228 = CARTESIAN_POINT('',(0.111100615133,-0.590645335888,0.81));
#4229 = CARTESIAN_POINT('',(0.109452225852,-0.593333620393,0.8));
#4230 = CARTESIAN_POINT('',(0.109452225852,-0.593333620393,0.81));
#4231 = CARTESIAN_POINT('',(0.108644177971,-0.594651429614,0.8));
#4232 = CARTESIAN_POINT('',(0.108644177971,-0.594651429614,0.81));
#4233 = DEFINITIONAL_REPRESENTATION('',(#4234),#4238);
#4234 = LINE('',#4235,#4236);
#4235 = CARTESIAN_POINT('',(1.634800693255E-15,1.));
#4236 = VECTOR('',#4237,1.);
#4237 = DIRECTION('',(1.,0.));
#4238 = ( GEOMETRIC_REPRESENTATION_CONTEXT(2) 
PARAMETRIC_REPRESENTATION_CONTEXT() REPRESENTATION_CONTEXT('2D SPACE',''
  ) );
#4239 = FACE_BOUND('',#4240,.T.);
#4240 = EDGE_LOOP('',(#4241,#4337,#4431,#4525));
#4241 = ORIENTED_EDGE('',*,*,#4242,.T.);
#4242 = EDGE_CURVE('',#4243,#4245,#4247,.T.);
#4243 = VERTEX_POINT('',#4244);
#4244 = CARTESIAN_POINT('',(-0.137544846419,-2.643496619953E-02,0.81));
#4245 = VERTEX_POINT('',#4246);
#4246 = CARTESIAN_POINT('',(-1.244957202884E-02,9.132418014193E-02,0.81)
  );
#4247 = SURFACE_CURVE('',#4248,(#4268,#4291),.PCURVE_S1.);
#4248 = B_SPLINE_CURVE_WITH_KNOTS('',3,(#4249,#4250,#4251,#4252,#4253,
    #4254,#4255,#4256,#4257,#4258,#4259,#4260,#4261,#4262,#4263,#4264,
    #4265,#4266,#4267),.UNSPECIFIED.,.F.,.F.,(4,1,1,1,1,1,1,1,1,1,1,1,1,
    1,1,1,4),(0.,6.728591742768E-02,0.131649276152,0.19378127125,
    0.253984280536,0.313256820684,0.372096496999,0.431256889497,
    0.49168914865,0.552355789772,0.61280611057,0.673402732462,
    0.734686051741,0.797478300358,0.86234241732,0.929761153062,1.),
  .UNSPECIFIED.);
#4249 = CARTESIAN_POINT('',(-0.137544846419,-2.643496619953E-02,0.81));
#4250 = CARTESIAN_POINT('',(-0.137460444555,-2.20934000203E-02,0.81));
#4251 = CARTESIAN_POINT('',(-0.137295306816,-1.359884325844E-02,0.81));
#4252 = CARTESIAN_POINT('',(-0.135526296308,-1.206528624145E-03,0.81));
#4253 = CARTESIAN_POINT('',(-0.132953190828,1.057238138009E-02,0.81));
#4254 = CARTESIAN_POINT('',(-0.129064688051,2.16427282016E-02,0.81));
#4255 = CARTESIAN_POINT('',(-0.124248071929,3.210983531496E-02,0.81));
#4256 = CARTESIAN_POINT('',(-0.118145510767,4.180431005907E-02,0.81));
#4257 = CARTESIAN_POINT('',(-0.111133637188,5.095071534283E-02,0.81));
#4258 = CARTESIAN_POINT('',(-0.102986303721,5.927776026762E-02,0.81));
#4259 = CARTESIAN_POINT('',(-9.398645540244E-02,6.67885015971E-02,0.81)
  );
#4260 = CARTESIAN_POINT('',(-8.42955965656E-02,7.341302079108E-02,0.81)
  );
#4261 = CARTESIAN_POINT('',(-7.389412939031E-02,7.893880394791E-02,0.81)
  );
#4262 = CARTESIAN_POINT('',(-6.287244450911E-02,8.349332328677E-02,0.81)
  );
#4263 = CARTESIAN_POINT('',(-5.118946386938E-02,8.701320604801E-02,0.81)
  );
#4264 = CARTESIAN_POINT('',(-3.885115930698E-02,8.953604368139E-02,0.81)
  );
#4265 = CARTESIAN_POINT('',(-2.585563791205E-02,9.101166808515E-02,0.81)
  );
#4266 = CARTESIAN_POINT('',(-1.69788783346E-02,9.121859638293E-02,0.81)
  );
#4267 = CARTESIAN_POINT('',(-1.244957202884E-02,9.132418014193E-02,0.81)
  );
#4268 = PCURVE('',#459,#4269);
#4269 = DEFINITIONAL_REPRESENTATION('',(#4270),#4290);
#4270 = B_SPLINE_CURVE_WITH_KNOTS('',3,(#4271,#4272,#4273,#4274,#4275,
    #4276,#4277,#4278,#4279,#4280,#4281,#4282,#4283,#4284,#4285,#4286,
    #4287,#4288,#4289),.UNSPECIFIED.,.F.,.F.,(4,1,1,1,1,1,1,1,1,1,1,1,1,
    1,1,1,4),(0.,6.728591742768E-02,0.131649276152,0.19378127125,
    0.253984280536,0.313256820684,0.372096496999,0.431256889497,
    0.49168914865,0.552355789772,0.61280611057,0.673402732462,
    0.734686051741,0.797478300358,0.86234241732,0.929761153062,1.),
  .UNSPECIFIED.);
#4271 = CARTESIAN_POINT('',(0.137544846419,-2.643496619953E-02));
#4272 = CARTESIAN_POINT('',(0.137460444555,-2.20934000203E-02));
#4273 = CARTESIAN_POINT('',(0.137295306816,-1.359884325844E-02));
#4274 = CARTESIAN_POINT('',(0.135526296308,-1.206528624145E-03));
#4275 = CARTESIAN_POINT('',(0.132953190828,1.057238138009E-02));
#4276 = CARTESIAN_POINT('',(0.129064688051,2.16427282016E-02));
#4277 = CARTESIAN_POINT('',(0.124248071929,3.210983531496E-02));
#4278 = CARTESIAN_POINT('',(0.118145510767,4.180431005907E-02));
#4279 = CARTESIAN_POINT('',(0.111133637188,5.095071534283E-02));
#4280 = CARTESIAN_POINT('',(0.102986303721,5.927776026762E-02));
#4281 = CARTESIAN_POINT('',(9.398645540244E-02,6.67885015971E-02));
#4282 = CARTESIAN_POINT('',(8.42955965656E-02,7.341302079108E-02));
#4283 = CARTESIAN_POINT('',(7.389412939031E-02,7.893880394791E-02));
#4284 = CARTESIAN_POINT('',(6.287244450911E-02,8.349332328677E-02));
#4285 = CARTESIAN_POINT('',(5.118946386938E-02,8.701320604801E-02));
#4286 = CARTESIAN_POINT('',(3.885115930698E-02,8.953604368139E-02));
#4287 = CARTESIAN_POINT('',(2.585563791205E-02,9.101166808515E-02));
#4288 = CARTESIAN_POINT('',(1.69788783346E-02,9.121859638293E-02));
#4289 = CARTESIAN_POINT('',(1.244957202884E-02,9.132418014193E-02));
#4290 = ( GEOMETRIC_REPRESENTATION_CONTEXT(2) 
PARAMETRIC_REPRESENTATION_CONTEXT() REPRESENTATION_CONTEXT('2D SPACE',''
  ) );
#4291 = PCURVE('',#4292,#4331);
#4292 = B_SPLINE_SURFACE_WITH_KNOTS('',3,1,(
    (#4293,#4294)
    ,(#4295,#4296)
    ,(#4297,#4298)
    ,(#4299,#4300)
    ,(#4301,#4302)
    ,(#4303,#4304)
    ,(#4305,#4306)
    ,(#4307,#4308)
    ,(#4309,#4310)
    ,(#4311,#4312)
    ,(#4313,#4314)
    ,(#4315,#4316)
    ,(#4317,#4318)
    ,(#4319,#4320)
    ,(#4321,#4322)
    ,(#4323,#4324)
    ,(#4325,#4326)
    ,(#4327,#4328)
    ,(#4329,#4330
    )),.UNSPECIFIED.,.F.,.F.,.F.,(4,1,1,1,1,1,1,1,1,1,1,1,1,1,1,1,4),(2,
    2),(0.,6.728591742768E-02,0.131649276152,0.19378127125,
    0.253984280536,0.313256820684,0.372096496999,0.431256889497,
    0.49168914865,0.552355789772,0.61280611057,0.673402732462,
    0.734686051741,0.797478300358,0.86234241732,0.929761153062,1.),(0.,
    1.),.UNSPECIFIED.);
#4293 = CARTESIAN_POINT('',(-0.137544846419,-2.643496619953E-02,0.8));
#4294 = CARTESIAN_POINT('',(-0.137544846419,-2.643496619953E-02,0.81));
#4295 = CARTESIAN_POINT('',(-0.137460444555,-2.20934000203E-02,0.8));
#4296 = CARTESIAN_POINT('',(-0.137460444555,-2.20934000203E-02,0.81));
#4297 = CARTESIAN_POINT('',(-0.137295306816,-1.359884325844E-02,0.8));
#4298 = CARTESIAN_POINT('',(-0.137295306816,-1.359884325844E-02,0.81));
#4299 = CARTESIAN_POINT('',(-0.135526296308,-1.206528624145E-03,0.8));
#4300 = CARTESIAN_POINT('',(-0.135526296308,-1.206528624145E-03,0.81));
#4301 = CARTESIAN_POINT('',(-0.132953190828,1.057238138009E-02,0.8));
#4302 = CARTESIAN_POINT('',(-0.132953190828,1.057238138009E-02,0.81));
#4303 = CARTESIAN_POINT('',(-0.129064688051,2.16427282016E-02,0.8));
#4304 = CARTESIAN_POINT('',(-0.129064688051,2.16427282016E-02,0.81));
#4305 = CARTESIAN_POINT('',(-0.124248071929,3.210983531496E-02,0.8));
#4306 = CARTESIAN_POINT('',(-0.124248071929,3.210983531496E-02,0.81));
#4307 = CARTESIAN_POINT('',(-0.118145510767,4.180431005907E-02,0.8));
#4308 = CARTESIAN_POINT('',(-0.118145510767,4.180431005907E-02,0.81));
#4309 = CARTESIAN_POINT('',(-0.111133637188,5.095071534283E-02,0.8));
#4310 = CARTESIAN_POINT('',(-0.111133637188,5.095071534283E-02,0.81));
#4311 = CARTESIAN_POINT('',(-0.102986303721,5.927776026762E-02,0.8));
#4312 = CARTESIAN_POINT('',(-0.102986303721,5.927776026762E-02,0.81));
#4313 = CARTESIAN_POINT('',(-9.398645540244E-02,6.67885015971E-02,0.8));
#4314 = CARTESIAN_POINT('',(-9.398645540244E-02,6.67885015971E-02,0.81)
  );
#4315 = CARTESIAN_POINT('',(-8.42955965656E-02,7.341302079108E-02,0.8));
#4316 = CARTESIAN_POINT('',(-8.42955965656E-02,7.341302079108E-02,0.81)
  );
#4317 = CARTESIAN_POINT('',(-7.389412939031E-02,7.893880394791E-02,0.8)
  );
#4318 = CARTESIAN_POINT('',(-7.389412939031E-02,7.893880394791E-02,0.81)
  );
#4319 = CARTESIAN_POINT('',(-6.287244450911E-02,8.349332328677E-02,0.8)
  );
#4320 = CARTESIAN_POINT('',(-6.287244450911E-02,8.349332328677E-02,0.81)
  );
#4321 = CARTESIAN_POINT('',(-5.118946386938E-02,8.701320604801E-02,0.8)
  );
#4322 = CARTESIAN_POINT('',(-5.118946386938E-02,8.701320604801E-02,0.81)
  );
#4323 = CARTESIAN_POINT('',(-3.885115930698E-02,8.953604368139E-02,0.8)
  );
#4324 = CARTESIAN_POINT('',(-3.885115930698E-02,8.953604368139E-02,0.81)
  );
#4325 = CARTESIAN_POINT('',(-2.585563791205E-02,9.101166808515E-02,0.8)
  );
#4326 = CARTESIAN_POINT('',(-2.585563791205E-02,9.101166808515E-02,0.81)
  );
#4327 = CARTESIAN_POINT('',(-1.69788783346E-02,9.121859638293E-02,0.8));
#4328 = CARTESIAN_POINT('',(-1.69788783346E-02,9.121859638293E-02,0.81)
  );
#4329 = CARTESIAN_POINT('',(-1.244957202884E-02,9.132418014193E-02,0.8)
  );
#4330 = CARTESIAN_POINT('',(-1.244957202884E-02,9.132418014193E-02,0.81)
  );
#4331 = DEFINITIONAL_REPRESENTATION('',(#4332),#4336);
#4332 = LINE('',#4333,#4334);
#4333 = CARTESIAN_POINT('',(-1.060096392356E-17,1.));
#4334 = VECTOR('',#4335,1.);
#4335 = DIRECTION('',(1.,-1.110223024625E-14));
#4336 = ( GEOMETRIC_REPRESENTATION_CONTEXT(2) 
PARAMETRIC_REPRESENTATION_CONTEXT() REPRESENTATION_CONTEXT('2D SPACE',''
  ) );
#4337 = ORIENTED_EDGE('',*,*,#4338,.T.);
#4338 = EDGE_CURVE('',#4245,#4339,#4341,.T.);
#4339 = VERTEX_POINT('',#4340);
#4340 = CARTESIAN_POINT('',(0.118552714557,-3.04841277849E-02,0.81));
#4341 = SURFACE_CURVE('',#4342,(#4362,#4385),.PCURVE_S1.);
#4342 = B_SPLINE_CURVE_WITH_KNOTS('',3,(#4343,#4344,#4345,#4346,#4347,
    #4348,#4349,#4350,#4351,#4352,#4353,#4354,#4355,#4356,#4357,#4358,
    #4359,#4360,#4361),.UNSPECIFIED.,.F.,.F.,(4,1,1,1,1,1,1,1,1,1,1,1,1,
    1,1,1,4),(0.,7.241198547191E-02,0.141185226198,0.20724570108,
    0.270804927702,0.332348649214,0.392445284386,0.452134190719,
    0.511710820508,0.57088740636,0.629022463932,0.687317868052,
    0.745845374105,0.805776283883,0.867879470555,0.9322897111,1.),
  .UNSPECIFIED.);
#4343 = CARTESIAN_POINT('',(-1.244957202884E-02,9.132418014193E-02,0.81)
  );
#4344 = CARTESIAN_POINT('',(-7.570750827836E-03,9.122451237788E-02,0.81)
  );
#4345 = CARTESIAN_POINT('',(1.941727947003E-03,9.103018521339E-02,0.81)
  );
#4346 = CARTESIAN_POINT('',(1.583899288776E-02,8.948934294979E-02,0.81)
  );
#4347 = CARTESIAN_POINT('',(2.896690077746E-02,8.692054750234E-02,0.81)
  );
#4348 = CARTESIAN_POINT('',(4.137596429603E-02,8.339613475152E-02,0.81)
  );
#4349 = CARTESIAN_POINT('',(5.294652192919E-02,7.867179026093E-02,0.81)
  );
#4350 = CARTESIAN_POINT('',(6.380571446928E-02,7.304024753683E-02,0.81)
  );
#4351 = CARTESIAN_POINT('',(7.390564324828E-02,6.635952070111E-02,0.81)
  );
#4352 = CARTESIAN_POINT('',(8.312814710359E-02,5.861635229071E-02,0.81)
  );
#4353 = CARTESIAN_POINT('',(9.14805195266E-02,5.008555715357E-02,0.81));
#4354 = CARTESIAN_POINT('',(9.872630161857E-02,4.070173714575E-02,0.81)
  );
#4355 = CARTESIAN_POINT('',(0.104892974818,3.06309016492E-02,0.81));
#4356 = CARTESIAN_POINT('',(0.109941115643,1.981783245398E-02,0.81));
#4357 = CARTESIAN_POINT('',(0.1137939997,8.253952467924E-03,0.81));
#4358 = CARTESIAN_POINT('',(0.116525495294,-4.021709209384E-03,0.81));
#4359 = CARTESIAN_POINT('',(0.118237364367,-1.701830172207E-02,0.81));
#4360 = CARTESIAN_POINT('',(0.118445861907,-2.592139326508E-02,0.81));
#4361 = CARTESIAN_POINT('',(0.118552714557,-3.04841277849E-02,0.81));
#4362 = PCURVE('',#459,#4363);
#4363 = DEFINITIONAL_REPRESENTATION('',(#4364),#4384);
#4364 = B_SPLINE_CURVE_WITH_KNOTS('',3,(#4365,#4366,#4367,#4368,#4369,
    #4370,#4371,#4372,#4373,#4374,#4375,#4376,#4377,#4378,#4379,#4380,
    #4381,#4382,#4383),.UNSPECIFIED.,.F.,.F.,(4,1,1,1,1,1,1,1,1,1,1,1,1,
    1,1,1,4),(0.,7.241198547191E-02,0.141185226198,0.20724570108,
    0.270804927702,0.332348649214,0.392445284386,0.452134190719,
    0.511710820508,0.57088740636,0.629022463932,0.687317868052,
    0.745845374105,0.805776283883,0.867879470555,0.9322897111,1.),
  .UNSPECIFIED.);
#4365 = CARTESIAN_POINT('',(1.244957202884E-02,9.132418014193E-02));
#4366 = CARTESIAN_POINT('',(7.570750827836E-03,9.122451237788E-02));
#4367 = CARTESIAN_POINT('',(-1.941727947003E-03,9.103018521339E-02));
#4368 = CARTESIAN_POINT('',(-1.583899288776E-02,8.948934294979E-02));
#4369 = CARTESIAN_POINT('',(-2.896690077746E-02,8.692054750234E-02));
#4370 = CARTESIAN_POINT('',(-4.137596429603E-02,8.339613475152E-02));
#4371 = CARTESIAN_POINT('',(-5.294652192919E-02,7.867179026093E-02));
#4372 = CARTESIAN_POINT('',(-6.380571446928E-02,7.304024753683E-02));
#4373 = CARTESIAN_POINT('',(-7.390564324828E-02,6.635952070111E-02));
#4374 = CARTESIAN_POINT('',(-8.312814710359E-02,5.861635229071E-02));
#4375 = CARTESIAN_POINT('',(-9.14805195266E-02,5.008555715357E-02));
#4376 = CARTESIAN_POINT('',(-9.872630161857E-02,4.070173714575E-02));
#4377 = CARTESIAN_POINT('',(-0.104892974818,3.06309016492E-02));
#4378 = CARTESIAN_POINT('',(-0.109941115643,1.981783245398E-02));
#4379 = CARTESIAN_POINT('',(-0.1137939997,8.253952467924E-03));
#4380 = CARTESIAN_POINT('',(-0.116525495294,-4.021709209384E-03));
#4381 = CARTESIAN_POINT('',(-0.118237364367,-1.701830172207E-02));
#4382 = CARTESIAN_POINT('',(-0.118445861907,-2.592139326508E-02));
#4383 = CARTESIAN_POINT('',(-0.118552714557,-3.04841277849E-02));
#4384 = ( GEOMETRIC_REPRESENTATION_CONTEXT(2) 
PARAMETRIC_REPRESENTATION_CONTEXT() REPRESENTATION_CONTEXT('2D SPACE',''
  ) );
#4385 = PCURVE('',#4386,#4425);
#4386 = B_SPLINE_SURFACE_WITH_KNOTS('',3,1,(
    (#4387,#4388)
    ,(#4389,#4390)
    ,(#4391,#4392)
    ,(#4393,#4394)
    ,(#4395,#4396)
    ,(#4397,#4398)
    ,(#4399,#4400)
    ,(#4401,#4402)
    ,(#4403,#4404)
    ,(#4405,#4406)
    ,(#4407,#4408)
    ,(#4409,#4410)
    ,(#4411,#4412)
    ,(#4413,#4414)
    ,(#4415,#4416)
    ,(#4417,#4418)
    ,(#4419,#4420)
    ,(#4421,#4422)
    ,(#4423,#4424
    )),.UNSPECIFIED.,.F.,.F.,.F.,(4,1,1,1,1,1,1,1,1,1,1,1,1,1,1,1,4),(2,
    2),(0.,7.241198547191E-02,0.141185226198,0.20724570108,
    0.270804927702,0.332348649214,0.392445284386,0.452134190719,
    0.511710820508,0.57088740636,0.629022463932,0.687317868052,
    0.745845374105,0.805776283883,0.867879470555,0.9322897111,1.),(0.,1.
    ),.UNSPECIFIED.);
#4387 = CARTESIAN_POINT('',(-1.244957202884E-02,9.132418014193E-02,0.8)
  );
#4388 = CARTESIAN_POINT('',(-1.244957202884E-02,9.132418014193E-02,0.81)
  );
#4389 = CARTESIAN_POINT('',(-7.570750827836E-03,9.122451237788E-02,0.8)
  );
#4390 = CARTESIAN_POINT('',(-7.570750827836E-03,9.122451237788E-02,0.81)
  );
#4391 = CARTESIAN_POINT('',(1.941727947003E-03,9.103018521339E-02,0.8));
#4392 = CARTESIAN_POINT('',(1.941727947003E-03,9.103018521339E-02,0.81)
  );
#4393 = CARTESIAN_POINT('',(1.583899288776E-02,8.948934294979E-02,0.8));
#4394 = CARTESIAN_POINT('',(1.583899288776E-02,8.948934294979E-02,0.81)
  );
#4395 = CARTESIAN_POINT('',(2.896690077746E-02,8.692054750234E-02,0.8));
#4396 = CARTESIAN_POINT('',(2.896690077746E-02,8.692054750234E-02,0.81)
  );
#4397 = CARTESIAN_POINT('',(4.137596429603E-02,8.339613475152E-02,0.8));
#4398 = CARTESIAN_POINT('',(4.137596429603E-02,8.339613475152E-02,0.81)
  );
#4399 = CARTESIAN_POINT('',(5.294652192919E-02,7.867179026093E-02,0.8));
#4400 = CARTESIAN_POINT('',(5.294652192919E-02,7.867179026093E-02,0.81)
  );
#4401 = CARTESIAN_POINT('',(6.380571446928E-02,7.304024753683E-02,0.8));
#4402 = CARTESIAN_POINT('',(6.380571446928E-02,7.304024753683E-02,0.81)
  );
#4403 = CARTESIAN_POINT('',(7.390564324828E-02,6.635952070111E-02,0.8));
#4404 = CARTESIAN_POINT('',(7.390564324828E-02,6.635952070111E-02,0.81)
  );
#4405 = CARTESIAN_POINT('',(8.312814710359E-02,5.861635229071E-02,0.8));
#4406 = CARTESIAN_POINT('',(8.312814710359E-02,5.861635229071E-02,0.81)
  );
#4407 = CARTESIAN_POINT('',(9.14805195266E-02,5.008555715357E-02,0.8));
#4408 = CARTESIAN_POINT('',(9.14805195266E-02,5.008555715357E-02,0.81));
#4409 = CARTESIAN_POINT('',(9.872630161857E-02,4.070173714575E-02,0.8));
#4410 = CARTESIAN_POINT('',(9.872630161857E-02,4.070173714575E-02,0.81)
  );
#4411 = CARTESIAN_POINT('',(0.104892974818,3.06309016492E-02,0.8));
#4412 = CARTESIAN_POINT('',(0.104892974818,3.06309016492E-02,0.81));
#4413 = CARTESIAN_POINT('',(0.109941115643,1.981783245398E-02,0.8));
#4414 = CARTESIAN_POINT('',(0.109941115643,1.981783245398E-02,0.81));
#4415 = CARTESIAN_POINT('',(0.1137939997,8.253952467924E-03,0.8));
#4416 = CARTESIAN_POINT('',(0.1137939997,8.253952467924E-03,0.81));
#4417 = CARTESIAN_POINT('',(0.116525495294,-4.021709209384E-03,0.8));
#4418 = CARTESIAN_POINT('',(0.116525495294,-4.021709209384E-03,0.81));
#4419 = CARTESIAN_POINT('',(0.118237364367,-1.701830172207E-02,0.8));
#4420 = CARTESIAN_POINT('',(0.118237364367,-1.701830172207E-02,0.81));
#4421 = CARTESIAN_POINT('',(0.118445861907,-2.592139326508E-02,0.8));
#4422 = CARTESIAN_POINT('',(0.118445861907,-2.592139326508E-02,0.81));
#4423 = CARTESIAN_POINT('',(0.118552714557,-3.04841277849E-02,0.8));
#4424 = CARTESIAN_POINT('',(0.118552714557,-3.04841277849E-02,0.81));
#4425 = DEFINITIONAL_REPRESENTATION('',(#4426),#4430);
#4426 = LINE('',#4427,#4428);
#4427 = CARTESIAN_POINT('',(7.072866143868E-18,1.));
#4428 = VECTOR('',#4429,1.);
#4429 = DIRECTION('',(1.,-5.551115123126E-15));
#4430 = ( GEOMETRIC_REPRESENTATION_CONTEXT(2) 
PARAMETRIC_REPRESENTATION_CONTEXT() REPRESENTATION_CONTEXT('2D SPACE',''
  ) );
#4431 = ORIENTED_EDGE('',*,*,#4432,.T.);
#4432 = EDGE_CURVE('',#4339,#4433,#4435,.T.);
#4433 = VERTEX_POINT('',#4434);
#4434 = CARTESIAN_POINT('',(-6.542559833721E-03,-0.146480697907,0.81));
#4435 = SURFACE_CURVE('',#4436,(#4456,#4479),.PCURVE_S1.);
#4436 = B_SPLINE_CURVE_WITH_KNOTS('',3,(#4437,#4438,#4439,#4440,#4441,
    #4442,#4443,#4444,#4445,#4446,#4447,#4448,#4449,#4450,#4451,#4452,
    #4453,#4454,#4455),.UNSPECIFIED.,.F.,.F.,(4,1,1,1,1,1,1,1,1,1,1,1,1,
    1,1,1,4),(0.,6.656691929223E-02,0.130199026132,0.191659319963,
    0.251309166905,0.310250092502,0.368992664566,0.428177605512,
    0.488722658823,0.549700035676,0.610340637281,0.67107055211,
    0.732733941643,0.79594067723,0.861257413217,0.929226579475,1.),
  .UNSPECIFIED.);
#4437 = CARTESIAN_POINT('',(0.118552714557,-3.04841277849E-02,0.81));
#4438 = CARTESIAN_POINT('',(0.118466194751,-3.474580642715E-02,0.81));
#4439 = CARTESIAN_POINT('',(0.118296969638,-4.308127417614E-02,0.81));
#4440 = CARTESIAN_POINT('',(0.116558624769,-5.524861606631E-02,0.81));
#4441 = CARTESIAN_POINT('',(0.113869808802,-6.677280039146E-02,0.81));
#4442 = CARTESIAN_POINT('',(0.110109860749,-7.76901472596E-02,0.81));
#4443 = CARTESIAN_POINT('',(0.105151803283,-8.792151064006E-02,0.81));
#4444 = CARTESIAN_POINT('',(9.91873372252E-02,-9.756498714359E-02,0.81)
  );
#4445 = CARTESIAN_POINT('',(9.206607850027E-02,-0.106524481019,0.81));
#4446 = CARTESIAN_POINT('',(8.393415396543E-02,-0.114770588864,0.81));
#4447 = CARTESIAN_POINT('',(7.49612695036E-02,-0.12224101531,0.81));
#4448 = CARTESIAN_POINT('',(6.524619621859E-02,-0.128738653512,0.81));
#4449 = CARTESIAN_POINT('',(5.489326569155E-02,-0.134255744491,0.81));
#4450 = CARTESIAN_POINT('',(4.387607599291E-02,-0.138740175167,0.81));
#4451 = CARTESIAN_POINT('',(3.219651044335E-02,-0.142226194632,0.81));
#4452 = CARTESIAN_POINT('',(1.984945837883E-02,-0.144660149829,0.81));
#4453 = CARTESIAN_POINT('',(6.869011862491E-03,-0.146248398541,0.81));
#4454 = CARTESIAN_POINT('',(-2.012200479572E-03,-0.146402228386,0.81));
#4455 = CARTESIAN_POINT('',(-6.542559833721E-03,-0.146480697907,0.81));
#4456 = PCURVE('',#459,#4457);
#4457 = DEFINITIONAL_REPRESENTATION('',(#4458),#4478);
#4458 = B_SPLINE_CURVE_WITH_KNOTS('',3,(#4459,#4460,#4461,#4462,#4463,
    #4464,#4465,#4466,#4467,#4468,#4469,#4470,#4471,#4472,#4473,#4474,
    #4475,#4476,#4477),.UNSPECIFIED.,.F.,.F.,(4,1,1,1,1,1,1,1,1,1,1,1,1,
    1,1,1,4),(0.,6.656691929223E-02,0.130199026132,0.191659319963,
    0.251309166905,0.310250092502,0.368992664566,0.428177605512,
    0.488722658823,0.549700035676,0.610340637281,0.67107055211,
    0.732733941643,0.79594067723,0.861257413217,0.929226579475,1.),
  .UNSPECIFIED.);
#4459 = CARTESIAN_POINT('',(-0.118552714557,-3.04841277849E-02));
#4460 = CARTESIAN_POINT('',(-0.118466194751,-3.474580642715E-02));
#4461 = CARTESIAN_POINT('',(-0.118296969638,-4.308127417614E-02));
#4462 = CARTESIAN_POINT('',(-0.116558624769,-5.524861606631E-02));
#4463 = CARTESIAN_POINT('',(-0.113869808802,-6.677280039146E-02));
#4464 = CARTESIAN_POINT('',(-0.110109860749,-7.76901472596E-02));
#4465 = CARTESIAN_POINT('',(-0.105151803283,-8.792151064006E-02));
#4466 = CARTESIAN_POINT('',(-9.91873372252E-02,-9.756498714359E-02));
#4467 = CARTESIAN_POINT('',(-9.206607850027E-02,-0.106524481019));
#4468 = CARTESIAN_POINT('',(-8.393415396543E-02,-0.114770588864));
#4469 = CARTESIAN_POINT('',(-7.49612695036E-02,-0.12224101531));
#4470 = CARTESIAN_POINT('',(-6.524619621859E-02,-0.128738653512));
#4471 = CARTESIAN_POINT('',(-5.489326569155E-02,-0.134255744491));
#4472 = CARTESIAN_POINT('',(-4.387607599291E-02,-0.138740175167));
#4473 = CARTESIAN_POINT('',(-3.219651044335E-02,-0.142226194632));
#4474 = CARTESIAN_POINT('',(-1.984945837883E-02,-0.144660149829));
#4475 = CARTESIAN_POINT('',(-6.869011862491E-03,-0.146248398541));
#4476 = CARTESIAN_POINT('',(2.012200479572E-03,-0.146402228386));
#4477 = CARTESIAN_POINT('',(6.542559833721E-03,-0.146480697907));
#4478 = ( GEOMETRIC_REPRESENTATION_CONTEXT(2) 
PARAMETRIC_REPRESENTATION_CONTEXT() REPRESENTATION_CONTEXT('2D SPACE',''
  ) );
#4479 = PCURVE('',#4480,#4519);
#4480 = B_SPLINE_SURFACE_WITH_KNOTS('',3,1,(
    (#4481,#4482)
    ,(#4483,#4484)
    ,(#4485,#4486)
    ,(#4487,#4488)
    ,(#4489,#4490)
    ,(#4491,#4492)
    ,(#4493,#4494)
    ,(#4495,#4496)
    ,(#4497,#4498)
    ,(#4499,#4500)
    ,(#4501,#4502)
    ,(#4503,#4504)
    ,(#4505,#4506)
    ,(#4507,#4508)
    ,(#4509,#4510)
    ,(#4511,#4512)
    ,(#4513,#4514)
    ,(#4515,#4516)
    ,(#4517,#4518
    )),.UNSPECIFIED.,.F.,.F.,.F.,(4,1,1,1,1,1,1,1,1,1,1,1,1,1,1,1,4),(2,
    2),(0.,6.656691929223E-02,0.130199026132,0.191659319963,
    0.251309166905,0.310250092502,0.368992664566,0.428177605512,
    0.488722658823,0.549700035676,0.610340637281,0.67107055211,
    0.732733941643,0.79594067723,0.861257413217,0.929226579475,1.),(0.,
    1.),.UNSPECIFIED.);
#4481 = CARTESIAN_POINT('',(0.118552714557,-3.04841277849E-02,0.8));
#4482 = CARTESIAN_POINT('',(0.118552714557,-3.04841277849E-02,0.81));
#4483 = CARTESIAN_POINT('',(0.118466194751,-3.474580642715E-02,0.8));
#4484 = CARTESIAN_POINT('',(0.118466194751,-3.474580642715E-02,0.81));
#4485 = CARTESIAN_POINT('',(0.118296969638,-4.308127417614E-02,0.8));
#4486 = CARTESIAN_POINT('',(0.118296969638,-4.308127417614E-02,0.81));
#4487 = CARTESIAN_POINT('',(0.116558624769,-5.524861606631E-02,0.8));
#4488 = CARTESIAN_POINT('',(0.116558624769,-5.524861606631E-02,0.81));
#4489 = CARTESIAN_POINT('',(0.113869808802,-6.677280039146E-02,0.8));
#4490 = CARTESIAN_POINT('',(0.113869808802,-6.677280039146E-02,0.81));
#4491 = CARTESIAN_POINT('',(0.110109860749,-7.76901472596E-02,0.8));
#4492 = CARTESIAN_POINT('',(0.110109860749,-7.76901472596E-02,0.81));
#4493 = CARTESIAN_POINT('',(0.105151803283,-8.792151064006E-02,0.8));
#4494 = CARTESIAN_POINT('',(0.105151803283,-8.792151064006E-02,0.81));
#4495 = CARTESIAN_POINT('',(9.91873372252E-02,-9.756498714359E-02,0.8));
#4496 = CARTESIAN_POINT('',(9.91873372252E-02,-9.756498714359E-02,0.81)
  );
#4497 = CARTESIAN_POINT('',(9.206607850027E-02,-0.106524481019,0.8));
#4498 = CARTESIAN_POINT('',(9.206607850027E-02,-0.106524481019,0.81));
#4499 = CARTESIAN_POINT('',(8.393415396543E-02,-0.114770588864,0.8));
#4500 = CARTESIAN_POINT('',(8.393415396543E-02,-0.114770588864,0.81));
#4501 = CARTESIAN_POINT('',(7.49612695036E-02,-0.12224101531,0.8));
#4502 = CARTESIAN_POINT('',(7.49612695036E-02,-0.12224101531,0.81));
#4503 = CARTESIAN_POINT('',(6.524619621859E-02,-0.128738653512,0.8));
#4504 = CARTESIAN_POINT('',(6.524619621859E-02,-0.128738653512,0.81));
#4505 = CARTESIAN_POINT('',(5.489326569155E-02,-0.134255744491,0.8));
#4506 = CARTESIAN_POINT('',(5.489326569155E-02,-0.134255744491,0.81));
#4507 = CARTESIAN_POINT('',(4.387607599291E-02,-0.138740175167,0.8));
#4508 = CARTESIAN_POINT('',(4.387607599291E-02,-0.138740175167,0.81));
#4509 = CARTESIAN_POINT('',(3.219651044335E-02,-0.142226194632,0.8));
#4510 = CARTESIAN_POINT('',(3.219651044335E-02,-0.142226194632,0.81));
#4511 = CARTESIAN_POINT('',(1.984945837883E-02,-0.144660149829,0.8));
#4512 = CARTESIAN_POINT('',(1.984945837883E-02,-0.144660149829,0.81));
#4513 = CARTESIAN_POINT('',(6.869011862491E-03,-0.146248398541,0.8));
#4514 = CARTESIAN_POINT('',(6.869011862491E-03,-0.146248398541,0.81));
#4515 = CARTESIAN_POINT('',(-2.012200479572E-03,-0.146402228386,0.8));
#4516 = CARTESIAN_POINT('',(-2.012200479572E-03,-0.146402228386,0.81));
#4517 = CARTESIAN_POINT('',(-6.542559833721E-03,-0.146480697907,0.8));
#4518 = CARTESIAN_POINT('',(-6.542559833721E-03,-0.146480697907,0.81));
#4519 = DEFINITIONAL_REPRESENTATION('',(#4520),#4524);
#4520 = LINE('',#4521,#4522);
#4521 = CARTESIAN_POINT('',(4.967054142258E-19,1.));
#4522 = VECTOR('',#4523,1.);
#4523 = DIRECTION('',(1.,1.110223024625E-14));
#4524 = ( GEOMETRIC_REPRESENTATION_CONTEXT(2) 
PARAMETRIC_REPRESENTATION_CONTEXT() REPRESENTATION_CONTEXT('2D SPACE',''
  ) );
#4525 = ORIENTED_EDGE('',*,*,#4526,.T.);
#4526 = EDGE_CURVE('',#4433,#4243,#4527,.T.);
#4527 = SURFACE_CURVE('',#4528,(#4548,#4571),.PCURVE_S1.);
#4528 = B_SPLINE_CURVE_WITH_KNOTS('',3,(#4529,#4530,#4531,#4532,#4533,
    #4534,#4535,#4536,#4537,#4538,#4539,#4540,#4541,#4542,#4543,#4544,
    #4545,#4546,#4547),.UNSPECIFIED.,.F.,.F.,(4,1,1,1,1,1,1,1,1,1,1,1,1,
    1,1,1,4),(0.,7.317874951105E-02,0.142926896138,0.20965822628,
    0.273748645546,0.33578646402,0.396322523645,0.456118782487,
    0.515979120547,0.575252643334,0.633438036904,0.691101734971,
    0.749526451264,0.808848938637,0.870017324423,0.933455222425,1.),
  .UNSPECIFIED.);
#4529 = CARTESIAN_POINT('',(-6.542559833721E-03,-0.146480697907,0.81));
#4530 = CARTESIAN_POINT('',(-1.143773809593E-02,-0.1463826424,0.81));
#4531 = CARTESIAN_POINT('',(-2.099860979344E-02,-0.146191128205,0.81));
#4532 = CARTESIAN_POINT('',(-3.494906588143E-02,-0.144624062932,0.81));
#4533 = CARTESIAN_POINT('',(-4.815454304319E-02,-0.142172771294,0.81));
#4534 = CARTESIAN_POINT('',(-6.053691742813E-02,-0.138495762037,0.81));
#4535 = CARTESIAN_POINT('',(-7.218950968998E-02,-0.133965181499,0.81));
#4536 = CARTESIAN_POINT('',(-8.301272001293E-02,-0.128291219559,0.81));
#4537 = CARTESIAN_POINT('',(-9.309132242961E-02,-0.121646820361,0.81));
#4538 = CARTESIAN_POINT('',(-0.102313062188,-0.11398305933,0.81));
#4539 = CARTESIAN_POINT('',(-0.110595427993,-0.105466587631,0.81));
#4540 = CARTESIAN_POINT('',(-0.117842336554,-9.623711736905E-02,0.81));
#4541 = CARTESIAN_POINT('',(-0.1239581038,-8.628263862346E-02,0.81));
#4542 = CARTESIAN_POINT('',(-0.12888076808,-7.561122977997E-02,0.81));
#4543 = CARTESIAN_POINT('',(-0.132844910424,-6.429893522634E-02,0.81));
#4544 = CARTESIAN_POINT('',(-0.135576038308,-5.228255310237E-02,0.81));
#4545 = CARTESIAN_POINT('',(-0.137212498387,-3.958051549555E-02,0.81));
#4546 = CARTESIAN_POINT('',(-0.137432312391,-3.088608811646E-02,0.81));
#4547 = CARTESIAN_POINT('',(-0.137544846419,-2.643496619953E-02,0.81));
#4548 = PCURVE('',#459,#4549);
#4549 = DEFINITIONAL_REPRESENTATION('',(#4550),#4570);
#4550 = B_SPLINE_CURVE_WITH_KNOTS('',3,(#4551,#4552,#4553,#4554,#4555,
    #4556,#4557,#4558,#4559,#4560,#4561,#4562,#4563,#4564,#4565,#4566,
    #4567,#4568,#4569),.UNSPECIFIED.,.F.,.F.,(4,1,1,1,1,1,1,1,1,1,1,1,1,
    1,1,1,4),(0.,7.317874951105E-02,0.142926896138,0.20965822628,
    0.273748645546,0.33578646402,0.396322523645,0.456118782487,
    0.515979120547,0.575252643334,0.633438036904,0.691101734971,
    0.749526451264,0.808848938637,0.870017324423,0.933455222425,1.),
  .UNSPECIFIED.);
#4551 = CARTESIAN_POINT('',(6.542559833721E-03,-0.146480697907));
#4552 = CARTESIAN_POINT('',(1.143773809593E-02,-0.1463826424));
#4553 = CARTESIAN_POINT('',(2.099860979344E-02,-0.146191128205));
#4554 = CARTESIAN_POINT('',(3.494906588143E-02,-0.144624062932));
#4555 = CARTESIAN_POINT('',(4.815454304319E-02,-0.142172771294));
#4556 = CARTESIAN_POINT('',(6.053691742813E-02,-0.138495762037));
#4557 = CARTESIAN_POINT('',(7.218950968998E-02,-0.133965181499));
#4558 = CARTESIAN_POINT('',(8.301272001293E-02,-0.128291219559));
#4559 = CARTESIAN_POINT('',(9.309132242961E-02,-0.121646820361));
#4560 = CARTESIAN_POINT('',(0.102313062188,-0.11398305933));
#4561 = CARTESIAN_POINT('',(0.110595427993,-0.105466587631));
#4562 = CARTESIAN_POINT('',(0.117842336554,-9.623711736905E-02));
#4563 = CARTESIAN_POINT('',(0.1239581038,-8.628263862346E-02));
#4564 = CARTESIAN_POINT('',(0.12888076808,-7.561122977997E-02));
#4565 = CARTESIAN_POINT('',(0.132844910424,-6.429893522634E-02));
#4566 = CARTESIAN_POINT('',(0.135576038308,-5.228255310237E-02));
#4567 = CARTESIAN_POINT('',(0.137212498387,-3.958051549555E-02));
#4568 = CARTESIAN_POINT('',(0.137432312391,-3.088608811646E-02));
#4569 = CARTESIAN_POINT('',(0.137544846419,-2.643496619953E-02));
#4570 = ( GEOMETRIC_REPRESENTATION_CONTEXT(2) 
PARAMETRIC_REPRESENTATION_CONTEXT() REPRESENTATION_CONTEXT('2D SPACE',''
  ) );
#4571 = PCURVE('',#4572,#4611);
#4572 = B_SPLINE_SURFACE_WITH_KNOTS('',3,1,(
    (#4573,#4574)
    ,(#4575,#4576)
    ,(#4577,#4578)
    ,(#4579,#4580)
    ,(#4581,#4582)
    ,(#4583,#4584)
    ,(#4585,#4586)
    ,(#4587,#4588)
    ,(#4589,#4590)
    ,(#4591,#4592)
    ,(#4593,#4594)
    ,(#4595,#4596)
    ,(#4597,#4598)
    ,(#4599,#4600)
    ,(#4601,#4602)
    ,(#4603,#4604)
    ,(#4605,#4606)
    ,(#4607,#4608)
    ,(#4609,#4610
    )),.UNSPECIFIED.,.F.,.F.,.F.,(4,1,1,1,1,1,1,1,1,1,1,1,1,1,1,1,4),(2,
    2),(0.,7.317874951105E-02,0.142926896138,0.20965822628,
    0.273748645546,0.33578646402,0.396322523645,0.456118782487,
    0.515979120547,0.575252643334,0.633438036904,0.691101734971,
    0.749526451264,0.808848938637,0.870017324423,0.933455222425,1.),(0.,
    1.),.UNSPECIFIED.);
#4573 = CARTESIAN_POINT('',(-6.542559833721E-03,-0.146480697907,0.8));
#4574 = CARTESIAN_POINT('',(-6.542559833721E-03,-0.146480697907,0.81));
#4575 = CARTESIAN_POINT('',(-1.143773809593E-02,-0.1463826424,0.8));
#4576 = CARTESIAN_POINT('',(-1.143773809593E-02,-0.1463826424,0.81));
#4577 = CARTESIAN_POINT('',(-2.099860979344E-02,-0.146191128205,0.8));
#4578 = CARTESIAN_POINT('',(-2.099860979344E-02,-0.146191128205,0.81));
#4579 = CARTESIAN_POINT('',(-3.494906588143E-02,-0.144624062932,0.8));
#4580 = CARTESIAN_POINT('',(-3.494906588143E-02,-0.144624062932,0.81));
#4581 = CARTESIAN_POINT('',(-4.815454304319E-02,-0.142172771294,0.8));
#4582 = CARTESIAN_POINT('',(-4.815454304319E-02,-0.142172771294,0.81));
#4583 = CARTESIAN_POINT('',(-6.053691742813E-02,-0.138495762037,0.8));
#4584 = CARTESIAN_POINT('',(-6.053691742813E-02,-0.138495762037,0.81));
#4585 = CARTESIAN_POINT('',(-7.218950968998E-02,-0.133965181499,0.8));
#4586 = CARTESIAN_POINT('',(-7.218950968998E-02,-0.133965181499,0.81));
#4587 = CARTESIAN_POINT('',(-8.301272001293E-02,-0.128291219559,0.8));
#4588 = CARTESIAN_POINT('',(-8.301272001293E-02,-0.128291219559,0.81));
#4589 = CARTESIAN_POINT('',(-9.309132242961E-02,-0.121646820361,0.8));
#4590 = CARTESIAN_POINT('',(-9.309132242961E-02,-0.121646820361,0.81));
#4591 = CARTESIAN_POINT('',(-0.102313062188,-0.11398305933,0.8));
#4592 = CARTESIAN_POINT('',(-0.102313062188,-0.11398305933,0.81));
#4593 = CARTESIAN_POINT('',(-0.110595427993,-0.105466587631,0.8));
#4594 = CARTESIAN_POINT('',(-0.110595427993,-0.105466587631,0.81));
#4595 = CARTESIAN_POINT('',(-0.117842336554,-9.623711736905E-02,0.8));
#4596 = CARTESIAN_POINT('',(-0.117842336554,-9.623711736905E-02,0.81));
#4597 = CARTESIAN_POINT('',(-0.1239581038,-8.628263862346E-02,0.8));
#4598 = CARTESIAN_POINT('',(-0.1239581038,-8.628263862346E-02,0.81));
#4599 = CARTESIAN_POINT('',(-0.12888076808,-7.561122977997E-02,0.8));
#4600 = CARTESIAN_POINT('',(-0.12888076808,-7.561122977997E-02,0.81));
#4601 = CARTESIAN_POINT('',(-0.132844910424,-6.429893522634E-02,0.8));
#4602 = CARTESIAN_POINT('',(-0.132844910424,-6.429893522634E-02,0.81));
#4603 = CARTESIAN_POINT('',(-0.135576038308,-5.228255310237E-02,0.8));
#4604 = CARTESIAN_POINT('',(-0.135576038308,-5.228255310237E-02,0.81));
#4605 = CARTESIAN_POINT('',(-0.137212498387,-3.958051549555E-02,0.8));
#4606 = CARTESIAN_POINT('',(-0.137212498387,-3.958051549555E-02,0.81));
#4607 = CARTESIAN_POINT('',(-0.137432312391,-3.088608811646E-02,0.8));
#4608 = CARTESIAN_POINT('',(-0.137432312391,-3.088608811646E-02,0.81));
#4609 = CARTESIAN_POINT('',(-0.137544846419,-2.643496619953E-02,0.8));
#4610 = CARTESIAN_POINT('',(-0.137544846419,-2.643496619953E-02,0.81));
#4611 = DEFINITIONAL_REPRESENTATION('',(#4612),#4616);
#4612 = LINE('',#4613,#4614);
#4613 = CARTESIAN_POINT('',(-9.544100897504E-18,1.));
#4614 = VECTOR('',#4615,1.);
#4615 = DIRECTION('',(1.,2.209343819004E-14));
#4616 = ( GEOMETRIC_REPRESENTATION_CONTEXT(2) 
PARAMETRIC_REPRESENTATION_CONTEXT() REPRESENTATION_CONTEXT('2D SPACE',''
  ) );
#4617 = FACE_BOUND('',#4618,.T.);
#4618 = EDGE_LOOP('',(#4619,#4649,#4677,#4705,#4733,#4779,#4807,#4853,
    #4881,#4909,#4937,#4965,#4993,#5031,#5077,#5105,#5133,#5161,#5207,
    #5253));
#4619 = ORIENTED_EDGE('',*,*,#4620,.T.);
#4620 = EDGE_CURVE('',#4621,#4623,#4625,.T.);
#4621 = VERTEX_POINT('',#4622);
#4622 = CARTESIAN_POINT('',(0.115503934069,0.332177838679,0.81));
#4623 = VERTEX_POINT('',#4624);
#4624 = CARTESIAN_POINT('',(0.115503934069,0.298641253313,0.81));
#4625 = SURFACE_CURVE('',#4626,(#4630,#4637),.PCURVE_S1.);
#4626 = LINE('',#4627,#4628);
#4627 = CARTESIAN_POINT('',(0.115503934069,0.332177838679,0.81));
#4628 = VECTOR('',#4629,1.);
#4629 = DIRECTION('',(0.,-1.,0.));
#4630 = PCURVE('',#459,#4631);
#4631 = DEFINITIONAL_REPRESENTATION('',(#4632),#4636);
#4632 = LINE('',#4633,#4634);
#4633 = CARTESIAN_POINT('',(-0.115503934069,0.332177838679));
#4634 = VECTOR('',#4635,1.);
#4635 = DIRECTION('',(-0.,-1.));
#4636 = ( GEOMETRIC_REPRESENTATION_CONTEXT(2) 
PARAMETRIC_REPRESENTATION_CONTEXT() REPRESENTATION_CONTEXT('2D SPACE',''
  ) );
#4637 = PCURVE('',#4638,#4643);
#4638 = PLANE('',#4639);
#4639 = AXIS2_PLACEMENT_3D('',#4640,#4641,#4642);
#4640 = CARTESIAN_POINT('',(0.115503934069,0.332177838679,0.8));
#4641 = DIRECTION('',(-1.,0.,-0.));
#4642 = DIRECTION('',(0.,0.,1.));
#4643 = DEFINITIONAL_REPRESENTATION('',(#4644),#4648);
#4644 = LINE('',#4645,#4646);
#4645 = CARTESIAN_POINT('',(1.E-02,0.));
#4646 = VECTOR('',#4647,1.);
#4647 = DIRECTION('',(0.,-1.));
#4648 = ( GEOMETRIC_REPRESENTATION_CONTEXT(2) 
PARAMETRIC_REPRESENTATION_CONTEXT() REPRESENTATION_CONTEXT('2D SPACE',''
  ) );
#4649 = ORIENTED_EDGE('',*,*,#4650,.T.);
#4650 = EDGE_CURVE('',#4623,#4651,#4653,.T.);
#4651 = VERTEX_POINT('',#4652);
#4652 = CARTESIAN_POINT('',(-0.134496065931,0.368763204532,0.81));
#4653 = SURFACE_CURVE('',#4654,(#4658,#4665),.PCURVE_S1.);
#4654 = LINE('',#4655,#4656);
#4655 = CARTESIAN_POINT('',(0.115503934069,0.298641253313,0.81));
#4656 = VECTOR('',#4657,1.);
#4657 = DIRECTION('',(-0.962841971924,0.270065431149,0.));
#4658 = PCURVE('',#459,#4659);
#4659 = DEFINITIONAL_REPRESENTATION('',(#4660),#4664);
#4660 = LINE('',#4661,#4662);
#4661 = CARTESIAN_POINT('',(-0.115503934069,0.298641253313));
#4662 = VECTOR('',#4663,1.);
#4663 = DIRECTION('',(0.962841971924,0.270065431149));
#4664 = ( GEOMETRIC_REPRESENTATION_CONTEXT(2) 
PARAMETRIC_REPRESENTATION_CONTEXT() REPRESENTATION_CONTEXT('2D SPACE',''
  ) );
#4665 = PCURVE('',#4666,#4671);
#4666 = PLANE('',#4667);
#4667 = AXIS2_PLACEMENT_3D('',#4668,#4669,#4670);
#4668 = CARTESIAN_POINT('',(0.115503934069,0.298641253313,0.8));
#4669 = DIRECTION('',(0.270065431149,0.962841971924,0.));
#4670 = DIRECTION('',(-0.962841971924,0.270065431149,0.));
#4671 = DEFINITIONAL_REPRESENTATION('',(#4672),#4676);
#4672 = LINE('',#4673,#4674);
#4673 = CARTESIAN_POINT('',(0.,1.E-02));
#4674 = VECTOR('',#4675,1.);
#4675 = DIRECTION('',(1.,0.));
#4676 = ( GEOMETRIC_REPRESENTATION_CONTEXT(2) 
PARAMETRIC_REPRESENTATION_CONTEXT() REPRESENTATION_CONTEXT('2D SPACE',''
  ) );
#4677 = ORIENTED_EDGE('',*,*,#4678,.T.);
#4678 = EDGE_CURVE('',#4651,#4679,#4681,.T.);
#4679 = VERTEX_POINT('',#4680);
#4680 = CARTESIAN_POINT('',(-0.134496065931,0.405348570386,0.81));
#4681 = SURFACE_CURVE('',#4682,(#4686,#4693),.PCURVE_S1.);
#4682 = LINE('',#4683,#4684);
#4683 = CARTESIAN_POINT('',(-0.134496065931,0.368763204532,0.81));
#4684 = VECTOR('',#4685,1.);
#4685 = DIRECTION('',(0.,1.,0.));
#4686 = PCURVE('',#459,#4687);
#4687 = DEFINITIONAL_REPRESENTATION('',(#4688),#4692);
#4688 = LINE('',#4689,#4690);
#4689 = CARTESIAN_POINT('',(0.134496065931,0.368763204532));
#4690 = VECTOR('',#4691,1.);
#4691 = DIRECTION('',(0.,1.));
#4692 = ( GEOMETRIC_REPRESENTATION_CONTEXT(2) 
PARAMETRIC_REPRESENTATION_CONTEXT() REPRESENTATION_CONTEXT('2D SPACE',''
  ) );
#4693 = PCURVE('',#4694,#4699);
#4694 = PLANE('',#4695);
#4695 = AXIS2_PLACEMENT_3D('',#4696,#4697,#4698);
#4696 = CARTESIAN_POINT('',(-0.134496065931,0.368763204532,0.8));
#4697 = DIRECTION('',(1.,-0.,0.));
#4698 = DIRECTION('',(0.,0.,-1.));
#4699 = DEFINITIONAL_REPRESENTATION('',(#4700),#4704);
#4700 = LINE('',#4701,#4702);
#4701 = CARTESIAN_POINT('',(-1.E-02,0.));
#4702 = VECTOR('',#4703,1.);
#4703 = DIRECTION('',(0.,1.));
#4704 = ( GEOMETRIC_REPRESENTATION_CONTEXT(2) 
PARAMETRIC_REPRESENTATION_CONTEXT() REPRESENTATION_CONTEXT('2D SPACE',''
  ) );
#4705 = ORIENTED_EDGE('',*,*,#4706,.T.);
#4706 = EDGE_CURVE('',#4679,#4707,#4709,.T.);
#4707 = VERTEX_POINT('',#4708);
#4708 = CARTESIAN_POINT('',(4.681109870286E-02,0.456177457581,0.81));
#4709 = SURFACE_CURVE('',#4710,(#4714,#4721),.PCURVE_S1.);
#4710 = LINE('',#4711,#4712);
#4711 = CARTESIAN_POINT('',(-0.134496065931,0.405348570386,0.81));
#4712 = VECTOR('',#4713,1.);
#4713 = DIRECTION('',(0.962877262909,0.269939579486,0.));
#4714 = PCURVE('',#459,#4715);
#4715 = DEFINITIONAL_REPRESENTATION('',(#4716),#4720);
#4716 = LINE('',#4717,#4718);
#4717 = CARTESIAN_POINT('',(0.134496065931,0.405348570386));
#4718 = VECTOR('',#4719,1.);
#4719 = DIRECTION('',(-0.962877262909,0.269939579486));
#4720 = ( GEOMETRIC_REPRESENTATION_CONTEXT(2) 
PARAMETRIC_REPRESENTATION_CONTEXT() REPRESENTATION_CONTEXT('2D SPACE',''
  ) );
#4721 = PCURVE('',#4722,#4727);
#4722 = PLANE('',#4723);
#4723 = AXIS2_PLACEMENT_3D('',#4724,#4725,#4726);
#4724 = CARTESIAN_POINT('',(-0.134496065931,0.405348570386,0.8));
#4725 = DIRECTION('',(0.269939579486,-0.962877262909,0.));
#4726 = DIRECTION('',(0.962877262909,0.269939579486,0.));
#4727 = DEFINITIONAL_REPRESENTATION('',(#4728),#4732);
#4728 = LINE('',#4729,#4730);
#4729 = CARTESIAN_POINT('',(0.,1.E-02));
#4730 = VECTOR('',#4731,1.);
#4731 = DIRECTION('',(1.,0.));
#4732 = ( GEOMETRIC_REPRESENTATION_CONTEXT(2) 
PARAMETRIC_REPRESENTATION_CONTEXT() REPRESENTATION_CONTEXT('2D SPACE',''
  ) );
#4733 = ORIENTED_EDGE('',*,*,#4734,.T.);
#4734 = EDGE_CURVE('',#4707,#4735,#4737,.T.);
#4735 = VERTEX_POINT('',#4736);
#4736 = CARTESIAN_POINT('',(7.282100723945E-02,0.460226619166,0.81));
#4737 = SURFACE_CURVE('',#4738,(#4746,#4757),.PCURVE_S1.);
#4738 = B_SPLINE_CURVE_WITH_KNOTS('',3,(#4739,#4740,#4741,#4742,#4743,
    #4744,#4745),.UNSPECIFIED.,.F.,.F.,(4,1,1,1,4),(0.,0.24535006136,
    0.493358925446,0.744525100238,1.),.UNSPECIFIED.);
#4739 = CARTESIAN_POINT('',(4.681109870286E-02,0.456177457581,0.81));
#4740 = CARTESIAN_POINT('',(4.890180120309E-02,0.456708903802,0.81));
#4741 = CARTESIAN_POINT('',(5.310586267031E-02,0.457777555407,0.81));
#4742 = CARTESIAN_POINT('',(5.954783277456E-02,0.458963428274,0.81));
#4743 = CARTESIAN_POINT('',(6.613690935385E-02,0.459763534337,0.81));
#4744 = CARTESIAN_POINT('',(7.058037812935E-02,0.460071384853,0.81));
#4745 = CARTESIAN_POINT('',(7.282100723945E-02,0.460226619166,0.81));
#4746 = PCURVE('',#459,#4747);
#4747 = DEFINITIONAL_REPRESENTATION('',(#4748),#4756);
#4748 = B_SPLINE_CURVE_WITH_KNOTS('',3,(#4749,#4750,#4751,#4752,#4753,
    #4754,#4755),.UNSPECIFIED.,.F.,.F.,(4,1,1,1,4),(0.,0.24535006136,
    0.493358925446,0.744525100238,1.),.UNSPECIFIED.);
#4749 = CARTESIAN_POINT('',(-4.681109870286E-02,0.456177457581));
#4750 = CARTESIAN_POINT('',(-4.890180120309E-02,0.456708903802));
#4751 = CARTESIAN_POINT('',(-5.310586267031E-02,0.457777555407));
#4752 = CARTESIAN_POINT('',(-5.954783277456E-02,0.458963428274));
#4753 = CARTESIAN_POINT('',(-6.613690935385E-02,0.459763534337));
#4754 = CARTESIAN_POINT('',(-7.058037812935E-02,0.460071384853));
#4755 = CARTESIAN_POINT('',(-7.282100723945E-02,0.460226619166));
#4756 = ( GEOMETRIC_REPRESENTATION_CONTEXT(2) 
PARAMETRIC_REPRESENTATION_CONTEXT() REPRESENTATION_CONTEXT('2D SPACE',''
  ) );
#4757 = PCURVE('',#4758,#4773);
#4758 = B_SPLINE_SURFACE_WITH_KNOTS('',3,1,(
    (#4759,#4760)
    ,(#4761,#4762)
    ,(#4763,#4764)
    ,(#4765,#4766)
    ,(#4767,#4768)
    ,(#4769,#4770)
    ,(#4771,#4772
    )),.UNSPECIFIED.,.F.,.F.,.F.,(4,1,1,1,4),(2,2),(0.,0.24535006136,
    0.493358925446,0.744525100238,1.),(0.,1.),.UNSPECIFIED.);
#4759 = CARTESIAN_POINT('',(4.681109870286E-02,0.456177457581,0.8));
#4760 = CARTESIAN_POINT('',(4.681109870286E-02,0.456177457581,0.81));
#4761 = CARTESIAN_POINT('',(4.890180120309E-02,0.456708903802,0.8));
#4762 = CARTESIAN_POINT('',(4.890180120309E-02,0.456708903802,0.81));
#4763 = CARTESIAN_POINT('',(5.310586267031E-02,0.457777555407,0.8));
#4764 = CARTESIAN_POINT('',(5.310586267031E-02,0.457777555407,0.81));
#4765 = CARTESIAN_POINT('',(5.954783277456E-02,0.458963428274,0.8));
#4766 = CARTESIAN_POINT('',(5.954783277456E-02,0.458963428274,0.81));
#4767 = CARTESIAN_POINT('',(6.613690935385E-02,0.459763534337,0.8));
#4768 = CARTESIAN_POINT('',(6.613690935385E-02,0.459763534337,0.81));
#4769 = CARTESIAN_POINT('',(7.058037812935E-02,0.460071384853,0.8));
#4770 = CARTESIAN_POINT('',(7.058037812935E-02,0.460071384853,0.81));
#4771 = CARTESIAN_POINT('',(7.282100723945E-02,0.460226619166,0.8));
#4772 = CARTESIAN_POINT('',(7.282100723945E-02,0.460226619166,0.81));
#4773 = DEFINITIONAL_REPRESENTATION('',(#4774),#4778);
#4774 = LINE('',#4775,#4776);
#4775 = CARTESIAN_POINT('',(6.294612273482E-16,1.));
#4776 = VECTOR('',#4777,1.);
#4777 = DIRECTION('',(1.,0.));
#4778 = ( GEOMETRIC_REPRESENTATION_CONTEXT(2) 
PARAMETRIC_REPRESENTATION_CONTEXT() REPRESENTATION_CONTEXT('2D SPACE',''
  ) );
#4779 = ORIENTED_EDGE('',*,*,#4780,.T.);
#4780 = EDGE_CURVE('',#4735,#4781,#4783,.T.);
#4781 = VERTEX_POINT('',#4782);
#4782 = CARTESIAN_POINT('',(7.282100723945E-02,0.463275399654,0.81));
#4783 = SURFACE_CURVE('',#4784,(#4788,#4795),.PCURVE_S1.);
#4784 = LINE('',#4785,#4786);
#4785 = CARTESIAN_POINT('',(7.282100723945E-02,0.460226619166,0.81));
#4786 = VECTOR('',#4787,1.);
#4787 = DIRECTION('',(0.,1.,0.));
#4788 = PCURVE('',#459,#4789);
#4789 = DEFINITIONAL_REPRESENTATION('',(#4790),#4794);
#4790 = LINE('',#4791,#4792);
#4791 = CARTESIAN_POINT('',(-7.282100723945E-02,0.460226619166));
#4792 = VECTOR('',#4793,1.);
#4793 = DIRECTION('',(0.,1.));
#4794 = ( GEOMETRIC_REPRESENTATION_CONTEXT(2) 
PARAMETRIC_REPRESENTATION_CONTEXT() REPRESENTATION_CONTEXT('2D SPACE',''
  ) );
#4795 = PCURVE('',#4796,#4801);
#4796 = PLANE('',#4797);
#4797 = AXIS2_PLACEMENT_3D('',#4798,#4799,#4800);
#4798 = CARTESIAN_POINT('',(7.282100723945E-02,0.460226619166,0.8));
#4799 = DIRECTION('',(1.,-0.,0.));
#4800 = DIRECTION('',(0.,0.,-1.));
#4801 = DEFINITIONAL_REPRESENTATION('',(#4802),#4806);
#4802 = LINE('',#4803,#4804);
#4803 = CARTESIAN_POINT('',(-1.E-02,0.));
#4804 = VECTOR('',#4805,1.);
#4805 = DIRECTION('',(0.,1.));
#4806 = ( GEOMETRIC_REPRESENTATION_CONTEXT(2) 
PARAMETRIC_REPRESENTATION_CONTEXT() REPRESENTATION_CONTEXT('2D SPACE',''
  ) );
#4807 = ORIENTED_EDGE('',*,*,#4808,.T.);
#4808 = EDGE_CURVE('',#4781,#4809,#4811,.T.);
#4809 = VERTEX_POINT('',#4810);
#4810 = CARTESIAN_POINT('',(4.714455906872E-02,0.467753295996,0.81));
#4811 = SURFACE_CURVE('',#4812,(#4820,#4831),.PCURVE_S1.);
#4812 = B_SPLINE_CURVE_WITH_KNOTS('',3,(#4813,#4814,#4815,#4816,#4817,
    #4818,#4819),.UNSPECIFIED.,.F.,.F.,(4,1,1,1,4),(0.,0.25652472308,
    0.507593360919,0.754841108053,1.),.UNSPECIFIED.);
#4813 = CARTESIAN_POINT('',(7.282100723945E-02,0.463275399654,0.81));
#4814 = CARTESIAN_POINT('',(7.059399408305E-02,0.463449361583,0.81));
#4815 = CARTESIAN_POINT('',(6.618733464182E-02,0.463793585402,0.81));
#4816 = CARTESIAN_POINT('',(5.970309315054E-02,0.464872582987,0.81));
#4817 = CARTESIAN_POINT('',(5.333335750924E-02,0.466035365062,0.81));
#4818 = CARTESIAN_POINT('',(4.920164946182E-02,0.467182274132,0.81));
#4819 = CARTESIAN_POINT('',(4.714455906872E-02,0.467753295996,0.81));
#4820 = PCURVE('',#459,#4821);
#4821 = DEFINITIONAL_REPRESENTATION('',(#4822),#4830);
#4822 = B_SPLINE_CURVE_WITH_KNOTS('',3,(#4823,#4824,#4825,#4826,#4827,
    #4828,#4829),.UNSPECIFIED.,.F.,.F.,(4,1,1,1,4),(0.,0.25652472308,
    0.507593360919,0.754841108053,1.),.UNSPECIFIED.);
#4823 = CARTESIAN_POINT('',(-7.282100723945E-02,0.463275399654));
#4824 = CARTESIAN_POINT('',(-7.059399408305E-02,0.463449361583));
#4825 = CARTESIAN_POINT('',(-6.618733464182E-02,0.463793585402));
#4826 = CARTESIAN_POINT('',(-5.970309315054E-02,0.464872582987));
#4827 = CARTESIAN_POINT('',(-5.333335750924E-02,0.466035365062));
#4828 = CARTESIAN_POINT('',(-4.920164946182E-02,0.467182274132));
#4829 = CARTESIAN_POINT('',(-4.714455906872E-02,0.467753295996));
#4830 = ( GEOMETRIC_REPRESENTATION_CONTEXT(2) 
PARAMETRIC_REPRESENTATION_CONTEXT() REPRESENTATION_CONTEXT('2D SPACE',''
  ) );
#4831 = PCURVE('',#4832,#4847);
#4832 = B_SPLINE_SURFACE_WITH_KNOTS('',3,1,(
    (#4833,#4834)
    ,(#4835,#4836)
    ,(#4837,#4838)
    ,(#4839,#4840)
    ,(#4841,#4842)
    ,(#4843,#4844)
    ,(#4845,#4846
    )),.UNSPECIFIED.,.F.,.F.,.F.,(4,1,1,1,4),(2,2),(0.,0.25652472308,
    0.507593360919,0.754841108053,1.),(0.,1.),.UNSPECIFIED.);
#4833 = CARTESIAN_POINT('',(7.282100723945E-02,0.463275399654,0.8));
#4834 = CARTESIAN_POINT('',(7.282100723945E-02,0.463275399654,0.81));
#4835 = CARTESIAN_POINT('',(7.059399408305E-02,0.463449361583,0.8));
#4836 = CARTESIAN_POINT('',(7.059399408305E-02,0.463449361583,0.81));
#4837 = CARTESIAN_POINT('',(6.618733464182E-02,0.463793585402,0.8));
#4838 = CARTESIAN_POINT('',(6.618733464182E-02,0.463793585402,0.81));
#4839 = CARTESIAN_POINT('',(5.970309315054E-02,0.464872582987,0.8));
#4840 = CARTESIAN_POINT('',(5.970309315054E-02,0.464872582987,0.81));
#4841 = CARTESIAN_POINT('',(5.333335750924E-02,0.466035365062,0.8));
#4842 = CARTESIAN_POINT('',(5.333335750924E-02,0.466035365062,0.81));
#4843 = CARTESIAN_POINT('',(4.920164946182E-02,0.467182274132,0.8));
#4844 = CARTESIAN_POINT('',(4.920164946182E-02,0.467182274132,0.81));
#4845 = CARTESIAN_POINT('',(4.714455906872E-02,0.467753295996,0.8));
#4846 = CARTESIAN_POINT('',(4.714455906872E-02,0.467753295996,0.81));
#4847 = DEFINITIONAL_REPRESENTATION('',(#4848),#4852);
#4848 = LINE('',#4849,#4850);
#4849 = CARTESIAN_POINT('',(2.331223458275E-16,1.));
#4850 = VECTOR('',#4851,1.);
#4851 = DIRECTION('',(1.,0.));
#4852 = ( GEOMETRIC_REPRESENTATION_CONTEXT(2) 
PARAMETRIC_REPRESENTATION_CONTEXT() REPRESENTATION_CONTEXT('2D SPACE',''
  ) );
#4853 = ORIENTED_EDGE('',*,*,#4854,.T.);
#4854 = EDGE_CURVE('',#4809,#4855,#4857,.T.);
#4855 = VERTEX_POINT('',#4856);
#4856 = CARTESIAN_POINT('',(-0.134496065931,0.518153448435,0.81));
#4857 = SURFACE_CURVE('',#4858,(#4862,#4869),.PCURVE_S1.);
#4858 = LINE('',#4859,#4860);
#4859 = CARTESIAN_POINT('',(4.714455906872E-02,0.467753295996,0.81));
#4860 = VECTOR('',#4861,1.);
#4861 = DIRECTION('',(-0.963593901824,0.26737014113,0.));
#4862 = PCURVE('',#459,#4863);
#4863 = DEFINITIONAL_REPRESENTATION('',(#4864),#4868);
#4864 = LINE('',#4865,#4866);
#4865 = CARTESIAN_POINT('',(-4.714455906872E-02,0.467753295996));
#4866 = VECTOR('',#4867,1.);
#4867 = DIRECTION('',(0.963593901824,0.26737014113));
#4868 = ( GEOMETRIC_REPRESENTATION_CONTEXT(2) 
PARAMETRIC_REPRESENTATION_CONTEXT() REPRESENTATION_CONTEXT('2D SPACE',''
  ) );
#4869 = PCURVE('',#4870,#4875);
#4870 = PLANE('',#4871);
#4871 = AXIS2_PLACEMENT_3D('',#4872,#4873,#4874);
#4872 = CARTESIAN_POINT('',(4.714455906872E-02,0.467753295996,0.8));
#4873 = DIRECTION('',(0.26737014113,0.963593901824,0.));
#4874 = DIRECTION('',(-0.963593901824,0.26737014113,0.));
#4875 = DEFINITIONAL_REPRESENTATION('',(#4876),#4880);
#4876 = LINE('',#4877,#4878);
#4877 = CARTESIAN_POINT('',(0.,1.E-02));
#4878 = VECTOR('',#4879,1.);
#4879 = DIRECTION('',(1.,0.));
#4880 = ( GEOMETRIC_REPRESENTATION_CONTEXT(2) 
PARAMETRIC_REPRESENTATION_CONTEXT() REPRESENTATION_CONTEXT('2D SPACE',''
  ) );
#4881 = ORIENTED_EDGE('',*,*,#4882,.T.);
#4882 = EDGE_CURVE('',#4855,#4883,#4885,.T.);
#4883 = VERTEX_POINT('',#4884);
#4884 = CARTESIAN_POINT('',(-0.134496065931,0.554738814288,0.81));
#4885 = SURFACE_CURVE('',#4886,(#4890,#4897),.PCURVE_S1.);
#4886 = LINE('',#4887,#4888);
#4887 = CARTESIAN_POINT('',(-0.134496065931,0.518153448435,0.81));
#4888 = VECTOR('',#4889,1.);
#4889 = DIRECTION('',(0.,1.,0.));
#4890 = PCURVE('',#459,#4891);
#4891 = DEFINITIONAL_REPRESENTATION('',(#4892),#4896);
#4892 = LINE('',#4893,#4894);
#4893 = CARTESIAN_POINT('',(0.134496065931,0.518153448435));
#4894 = VECTOR('',#4895,1.);
#4895 = DIRECTION('',(0.,1.));
#4896 = ( GEOMETRIC_REPRESENTATION_CONTEXT(2) 
PARAMETRIC_REPRESENTATION_CONTEXT() REPRESENTATION_CONTEXT('2D SPACE',''
  ) );
#4897 = PCURVE('',#4898,#4903);
#4898 = PLANE('',#4899);
#4899 = AXIS2_PLACEMENT_3D('',#4900,#4901,#4902);
#4900 = CARTESIAN_POINT('',(-0.134496065931,0.518153448435,0.8));
#4901 = DIRECTION('',(1.,-0.,0.));
#4902 = DIRECTION('',(0.,0.,-1.));
#4903 = DEFINITIONAL_REPRESENTATION('',(#4904),#4908);
#4904 = LINE('',#4905,#4906);
#4905 = CARTESIAN_POINT('',(-1.E-02,0.));
#4906 = VECTOR('',#4907,1.);
#4907 = DIRECTION('',(0.,1.));
#4908 = ( GEOMETRIC_REPRESENTATION_CONTEXT(2) 
PARAMETRIC_REPRESENTATION_CONTEXT() REPRESENTATION_CONTEXT('2D SPACE',''
  ) );
#4909 = ORIENTED_EDGE('',*,*,#4910,.T.);
#4910 = EDGE_CURVE('',#4883,#4911,#4913,.T.);
#4911 = VERTEX_POINT('',#4912);
#4912 = CARTESIAN_POINT('',(0.115503934069,0.627909545996,0.81));
#4913 = SURFACE_CURVE('',#4914,(#4918,#4925),.PCURVE_S1.);
#4914 = LINE('',#4915,#4916);
#4915 = CARTESIAN_POINT('',(-0.134496065931,0.554738814288,0.81));
#4916 = VECTOR('',#4917,1.);
#4917 = DIRECTION('',(0.959737407008,0.280898753271,0.));
#4918 = PCURVE('',#459,#4919);
#4919 = DEFINITIONAL_REPRESENTATION('',(#4920),#4924);
#4920 = LINE('',#4921,#4922);
#4921 = CARTESIAN_POINT('',(0.134496065931,0.554738814288));
#4922 = VECTOR('',#4923,1.);
#4923 = DIRECTION('',(-0.959737407008,0.280898753271));
#4924 = ( GEOMETRIC_REPRESENTATION_CONTEXT(2) 
PARAMETRIC_REPRESENTATION_CONTEXT() REPRESENTATION_CONTEXT('2D SPACE',''
  ) );
#4925 = PCURVE('',#4926,#4931);
#4926 = PLANE('',#4927);
#4927 = AXIS2_PLACEMENT_3D('',#4928,#4929,#4930);
#4928 = CARTESIAN_POINT('',(-0.134496065931,0.554738814288,0.8));
#4929 = DIRECTION('',(0.280898753271,-0.959737407008,0.));
#4930 = DIRECTION('',(0.959737407008,0.280898753271,0.));
#4931 = DEFINITIONAL_REPRESENTATION('',(#4932),#4936);
#4932 = LINE('',#4933,#4934);
#4933 = CARTESIAN_POINT('',(0.,1.E-02));
#4934 = VECTOR('',#4935,1.);
#4935 = DIRECTION('',(1.,0.));
#4936 = ( GEOMETRIC_REPRESENTATION_CONTEXT(2) 
PARAMETRIC_REPRESENTATION_CONTEXT() REPRESENTATION_CONTEXT('2D SPACE',''
  ) );
#4937 = ORIENTED_EDGE('',*,*,#4938,.T.);
#4938 = EDGE_CURVE('',#4911,#4939,#4941,.T.);
#4939 = VERTEX_POINT('',#4940);
#4940 = CARTESIAN_POINT('',(0.115503934069,0.591324180142,0.81));
#4941 = SURFACE_CURVE('',#4942,(#4946,#4953),.PCURVE_S1.);
#4942 = LINE('',#4943,#4944);
#4943 = CARTESIAN_POINT('',(0.115503934069,0.627909545996,0.81));
#4944 = VECTOR('',#4945,1.);
#4945 = DIRECTION('',(0.,-1.,0.));
#4946 = PCURVE('',#459,#4947);
#4947 = DEFINITIONAL_REPRESENTATION('',(#4948),#4952);
#4948 = LINE('',#4949,#4950);
#4949 = CARTESIAN_POINT('',(-0.115503934069,0.627909545996));
#4950 = VECTOR('',#4951,1.);
#4951 = DIRECTION('',(-0.,-1.));
#4952 = ( GEOMETRIC_REPRESENTATION_CONTEXT(2) 
PARAMETRIC_REPRESENTATION_CONTEXT() REPRESENTATION_CONTEXT('2D SPACE',''
  ) );
#4953 = PCURVE('',#4954,#4959);
#4954 = PLANE('',#4955);
#4955 = AXIS2_PLACEMENT_3D('',#4956,#4957,#4958);
#4956 = CARTESIAN_POINT('',(0.115503934069,0.627909545996,0.8));
#4957 = DIRECTION('',(-1.,0.,-0.));
#4958 = DIRECTION('',(0.,0.,1.));
#4959 = DEFINITIONAL_REPRESENTATION('',(#4960),#4964);
#4960 = LINE('',#4961,#4962);
#4961 = CARTESIAN_POINT('',(1.E-02,0.));
#4962 = VECTOR('',#4963,1.);
#4963 = DIRECTION('',(0.,-1.));
#4964 = ( GEOMETRIC_REPRESENTATION_CONTEXT(2) 
PARAMETRIC_REPRESENTATION_CONTEXT() REPRESENTATION_CONTEXT('2D SPACE',''
  ) );
#4965 = ORIENTED_EDGE('',*,*,#4966,.T.);
#4966 = EDGE_CURVE('',#4939,#4967,#4969,.T.);
#4967 = VERTEX_POINT('',#4968);
#4968 = CARTESIAN_POINT('',(-7.237716349226E-02,0.540447655752,0.81));
#4969 = SURFACE_CURVE('',#4970,(#4974,#4981),.PCURVE_S1.);
#4970 = LINE('',#4971,#4972);
#4971 = CARTESIAN_POINT('',(0.115503934069,0.591324180142,0.81));
#4972 = VECTOR('',#4973,1.);
#4973 = DIRECTION('',(-0.965236663322,-0.261377473739,0.));
#4974 = PCURVE('',#459,#4975);
#4975 = DEFINITIONAL_REPRESENTATION('',(#4976),#4980);
#4976 = LINE('',#4977,#4978);
#4977 = CARTESIAN_POINT('',(-0.115503934069,0.591324180142));
#4978 = VECTOR('',#4979,1.);
#4979 = DIRECTION('',(0.965236663322,-0.261377473739));
#4980 = ( GEOMETRIC_REPRESENTATION_CONTEXT(2) 
PARAMETRIC_REPRESENTATION_CONTEXT() REPRESENTATION_CONTEXT('2D SPACE',''
  ) );
#4981 = PCURVE('',#4982,#4987);
#4982 = PLANE('',#4983);
#4983 = AXIS2_PLACEMENT_3D('',#4984,#4985,#4986);
#4984 = CARTESIAN_POINT('',(0.115503934069,0.591324180142,0.8));
#4985 = DIRECTION('',(-0.261377473739,0.965236663322,0.));
#4986 = DIRECTION('',(-0.965236663322,-0.261377473739,0.));
#4987 = DEFINITIONAL_REPRESENTATION('',(#4988),#4992);
#4988 = LINE('',#4989,#4990);
#4989 = CARTESIAN_POINT('',(0.,1.E-02));
#4990 = VECTOR('',#4991,1.);
#4991 = DIRECTION('',(1.,0.));
#4992 = ( GEOMETRIC_REPRESENTATION_CONTEXT(2) 
PARAMETRIC_REPRESENTATION_CONTEXT() REPRESENTATION_CONTEXT('2D SPACE',''
  ) );
#4993 = ORIENTED_EDGE('',*,*,#4994,.T.);
#4994 = EDGE_CURVE('',#4967,#4995,#4997,.T.);
#4995 = VERTEX_POINT('',#4996);
#4996 = CARTESIAN_POINT('',(-9.791070007762E-02,0.536446131361,0.81));
#4997 = SURFACE_CURVE('',#4998,(#5004,#5013),.PCURVE_S1.);
#4998 = B_SPLINE_CURVE_WITH_KNOTS('',3,(#4999,#5000,#5001,#5002,#5003),
  .UNSPECIFIED.,.F.,.F.,(4,1,4),(0.,0.502168503213,1.),.UNSPECIFIED.);
#4999 = CARTESIAN_POINT('',(-7.237716349226E-02,0.540447655752,0.81));
#5000 = CARTESIAN_POINT('',(-7.659955650394E-02,0.539447765127,0.81));
#5001 = CARTESIAN_POINT('',(-8.500787559339E-02,0.537456619489,0.81));
#5002 = CARTESIAN_POINT('',(-9.362221206041E-02,0.53678198544,0.81));
#5003 = CARTESIAN_POINT('',(-9.791070007762E-02,0.536446131361,0.81));
#5004 = PCURVE('',#459,#5005);
#5005 = DEFINITIONAL_REPRESENTATION('',(#5006),#5012);
#5006 = B_SPLINE_CURVE_WITH_KNOTS('',3,(#5007,#5008,#5009,#5010,#5011),
  .UNSPECIFIED.,.F.,.F.,(4,1,4),(0.,0.502168503213,1.),.UNSPECIFIED.);
#5007 = CARTESIAN_POINT('',(7.237716349226E-02,0.540447655752));
#5008 = CARTESIAN_POINT('',(7.659955650394E-02,0.539447765127));
#5009 = CARTESIAN_POINT('',(8.500787559339E-02,0.537456619489));
#5010 = CARTESIAN_POINT('',(9.362221206041E-02,0.53678198544));
#5011 = CARTESIAN_POINT('',(9.791070007762E-02,0.536446131361));
#5012 = ( GEOMETRIC_REPRESENTATION_CONTEXT(2) 
PARAMETRIC_REPRESENTATION_CONTEXT() REPRESENTATION_CONTEXT('2D SPACE',''
  ) );
#5013 = PCURVE('',#5014,#5025);
#5014 = B_SPLINE_SURFACE_WITH_KNOTS('',3,1,(
    (#5015,#5016)
    ,(#5017,#5018)
    ,(#5019,#5020)
    ,(#5021,#5022)
    ,(#5023,#5024
    )),.UNSPECIFIED.,.F.,.F.,.F.,(4,1,4),(2,2),(0.,0.502168503213,1.),(
    0.,1.),.UNSPECIFIED.);
#5015 = CARTESIAN_POINT('',(-7.237716349226E-02,0.540447655752,0.8));
#5016 = CARTESIAN_POINT('',(-7.237716349226E-02,0.540447655752,0.81));
#5017 = CARTESIAN_POINT('',(-7.659955650394E-02,0.539447765127,0.8));
#5018 = CARTESIAN_POINT('',(-7.659955650394E-02,0.539447765127,0.81));
#5019 = CARTESIAN_POINT('',(-8.500787559339E-02,0.537456619489,0.8));
#5020 = CARTESIAN_POINT('',(-8.500787559339E-02,0.537456619489,0.81));
#5021 = CARTESIAN_POINT('',(-9.362221206041E-02,0.53678198544,0.8));
#5022 = CARTESIAN_POINT('',(-9.362221206041E-02,0.53678198544,0.81));
#5023 = CARTESIAN_POINT('',(-9.791070007762E-02,0.536446131361,0.8));
#5024 = CARTESIAN_POINT('',(-9.791070007762E-02,0.536446131361,0.81));
#5025 = DEFINITIONAL_REPRESENTATION('',(#5026),#5030);
#5026 = LINE('',#5027,#5028);
#5027 = CARTESIAN_POINT('',(-6.864115388937E-16,1.));
#5028 = VECTOR('',#5029,1.);
#5029 = DIRECTION('',(1.,1.110223024625E-14));
#5030 = ( GEOMETRIC_REPRESENTATION_CONTEXT(2) 
PARAMETRIC_REPRESENTATION_CONTEXT() REPRESENTATION_CONTEXT('2D SPACE',''
  ) );
#5031 = ORIENTED_EDGE('',*,*,#5032,.T.);
#5032 = EDGE_CURVE('',#4995,#5033,#5035,.T.);
#5033 = VERTEX_POINT('',#5034);
#5034 = CARTESIAN_POINT('',(-7.237716349226E-02,0.530967853922,0.81));
#5035 = SURFACE_CURVE('',#5036,(#5044,#5055),.PCURVE_S1.);
#5036 = B_SPLINE_CURVE_WITH_KNOTS('',3,(#5037,#5038,#5039,#5040,#5041,
    #5042,#5043),.UNSPECIFIED.,.F.,.F.,(4,1,1,1,4),(0.,0.20018586204,
    0.433500499914,0.699479573833,1.),.UNSPECIFIED.);
#5037 = CARTESIAN_POINT('',(-9.791070007762E-02,0.536446131361,0.81));
#5038 = CARTESIAN_POINT('',(-9.617736893632E-02,0.536241479778,0.81));
#5039 = CARTESIAN_POINT('',(-9.242385753139E-02,0.535798308803,0.81));
#5040 = CARTESIAN_POINT('',(-8.642438266586E-02,0.534682455643,0.81));
#5041 = CARTESIAN_POINT('',(-7.964805069528E-02,0.533032340151,0.81));
#5042 = CARTESIAN_POINT('',(-7.489734792482E-02,0.531683431803,0.81));
#5043 = CARTESIAN_POINT('',(-7.237716349226E-02,0.530967853922,0.81));
#5044 = PCURVE('',#459,#5045);
#5045 = DEFINITIONAL_REPRESENTATION('',(#5046),#5054);
#5046 = B_SPLINE_CURVE_WITH_KNOTS('',3,(#5047,#5048,#5049,#5050,#5051,
    #5052,#5053),.UNSPECIFIED.,.F.,.F.,(4,1,1,1,4),(0.,0.20018586204,
    0.433500499914,0.699479573833,1.),.UNSPECIFIED.);
#5047 = CARTESIAN_POINT('',(9.791070007762E-02,0.536446131361));
#5048 = CARTESIAN_POINT('',(9.617736893632E-02,0.536241479778));
#5049 = CARTESIAN_POINT('',(9.242385753139E-02,0.535798308803));
#5050 = CARTESIAN_POINT('',(8.642438266586E-02,0.534682455643));
#5051 = CARTESIAN_POINT('',(7.964805069528E-02,0.533032340151));
#5052 = CARTESIAN_POINT('',(7.489734792482E-02,0.531683431803));
#5053 = CARTESIAN_POINT('',(7.237716349226E-02,0.530967853922));
#5054 = ( GEOMETRIC_REPRESENTATION_CONTEXT(2) 
PARAMETRIC_REPRESENTATION_CONTEXT() REPRESENTATION_CONTEXT('2D SPACE',''
  ) );
#5055 = PCURVE('',#5056,#5071);
#5056 = B_SPLINE_SURFACE_WITH_KNOTS('',3,1,(
    (#5057,#5058)
    ,(#5059,#5060)
    ,(#5061,#5062)
    ,(#5063,#5064)
    ,(#5065,#5066)
    ,(#5067,#5068)
    ,(#5069,#5070
    )),.UNSPECIFIED.,.F.,.F.,.F.,(4,1,1,1,4),(2,2),(0.,0.20018586204,
    0.433500499914,0.699479573833,1.),(0.,1.),.UNSPECIFIED.);
#5057 = CARTESIAN_POINT('',(-9.791070007762E-02,0.536446131361,0.8));
#5058 = CARTESIAN_POINT('',(-9.791070007762E-02,0.536446131361,0.81));
#5059 = CARTESIAN_POINT('',(-9.617736893632E-02,0.536241479778,0.8));
#5060 = CARTESIAN_POINT('',(-9.617736893632E-02,0.536241479778,0.81));
#5061 = CARTESIAN_POINT('',(-9.242385753139E-02,0.535798308803,0.8));
#5062 = CARTESIAN_POINT('',(-9.242385753139E-02,0.535798308803,0.81));
#5063 = CARTESIAN_POINT('',(-8.642438266586E-02,0.534682455643,0.8));
#5064 = CARTESIAN_POINT('',(-8.642438266586E-02,0.534682455643,0.81));
#5065 = CARTESIAN_POINT('',(-7.964805069528E-02,0.533032340151,0.8));
#5066 = CARTESIAN_POINT('',(-7.964805069528E-02,0.533032340151,0.81));
#5067 = CARTESIAN_POINT('',(-7.489734792482E-02,0.531683431803,0.8));
#5068 = CARTESIAN_POINT('',(-7.489734792482E-02,0.531683431803,0.81));
#5069 = CARTESIAN_POINT('',(-7.237716349226E-02,0.530967853922,0.8));
#5070 = CARTESIAN_POINT('',(-7.237716349226E-02,0.530967853922,0.81));
#5071 = DEFINITIONAL_REPRESENTATION('',(#5072),#5076);
#5072 = LINE('',#5073,#5074);
#5073 = CARTESIAN_POINT('',(3.504896075924E-16,1.));
#5074 = VECTOR('',#5075,1.);
#5075 = DIRECTION('',(1.,0.));
#5076 = ( GEOMETRIC_REPRESENTATION_CONTEXT(2) 
PARAMETRIC_REPRESENTATION_CONTEXT() REPRESENTATION_CONTEXT('2D SPACE',''
  ) );
#5077 = ORIENTED_EDGE('',*,*,#5078,.T.);
#5078 = EDGE_CURVE('',#5033,#5079,#5081,.T.);
#5079 = VERTEX_POINT('',#5080);
#5080 = CARTESIAN_POINT('',(0.115503934069,0.475470521605,0.81));
#5081 = SURFACE_CURVE('',#5082,(#5086,#5093),.PCURVE_S1.);
#5082 = LINE('',#5083,#5084);
#5083 = CARTESIAN_POINT('',(-7.237716349226E-02,0.530967853922,0.81));
#5084 = VECTOR('',#5085,1.);
#5085 = DIRECTION('',(0.959035726766,-0.283285147485,0.));
#5086 = PCURVE('',#459,#5087);
#5087 = DEFINITIONAL_REPRESENTATION('',(#5088),#5092);
#5088 = LINE('',#5089,#5090);
#5089 = CARTESIAN_POINT('',(7.237716349226E-02,0.530967853922));
#5090 = VECTOR('',#5091,1.);
#5091 = DIRECTION('',(-0.959035726766,-0.283285147485));
#5092 = ( GEOMETRIC_REPRESENTATION_CONTEXT(2) 
PARAMETRIC_REPRESENTATION_CONTEXT() REPRESENTATION_CONTEXT('2D SPACE',''
  ) );
#5093 = PCURVE('',#5094,#5099);
#5094 = PLANE('',#5095);
#5095 = AXIS2_PLACEMENT_3D('',#5096,#5097,#5098);
#5096 = CARTESIAN_POINT('',(-7.237716349226E-02,0.530967853922,0.8));
#5097 = DIRECTION('',(-0.283285147485,-0.959035726766,0.));
#5098 = DIRECTION('',(0.959035726766,-0.283285147485,0.));
#5099 = DEFINITIONAL_REPRESENTATION('',(#5100),#5104);
#5100 = LINE('',#5101,#5102);
#5101 = CARTESIAN_POINT('',(0.,1.E-02));
#5102 = VECTOR('',#5103,1.);
#5103 = DIRECTION('',(1.,0.));
#5104 = ( GEOMETRIC_REPRESENTATION_CONTEXT(2) 
PARAMETRIC_REPRESENTATION_CONTEXT() REPRESENTATION_CONTEXT('2D SPACE',''
  ) );
#5105 = ORIENTED_EDGE('',*,*,#5106,.T.);
#5106 = EDGE_CURVE('',#5079,#5107,#5109,.T.);
#5107 = VERTEX_POINT('',#5108);
#5108 = CARTESIAN_POINT('',(0.115503934069,0.444982716727,0.81));
#5109 = SURFACE_CURVE('',#5110,(#5114,#5121),.PCURVE_S1.);
#5110 = LINE('',#5111,#5112);
#5111 = CARTESIAN_POINT('',(0.115503934069,0.475470521605,0.81));
#5112 = VECTOR('',#5113,1.);
#5113 = DIRECTION('',(0.,-1.,0.));
#5114 = PCURVE('',#459,#5115);
#5115 = DEFINITIONAL_REPRESENTATION('',(#5116),#5120);
#5116 = LINE('',#5117,#5118);
#5117 = CARTESIAN_POINT('',(-0.115503934069,0.475470521605));
#5118 = VECTOR('',#5119,1.);
#5119 = DIRECTION('',(-0.,-1.));
#5120 = ( GEOMETRIC_REPRESENTATION_CONTEXT(2) 
PARAMETRIC_REPRESENTATION_CONTEXT() REPRESENTATION_CONTEXT('2D SPACE',''
  ) );
#5121 = PCURVE('',#5122,#5127);
#5122 = PLANE('',#5123);
#5123 = AXIS2_PLACEMENT_3D('',#5124,#5125,#5126);
#5124 = CARTESIAN_POINT('',(0.115503934069,0.475470521605,0.8));
#5125 = DIRECTION('',(-1.,0.,-0.));
#5126 = DIRECTION('',(0.,0.,1.));
#5127 = DEFINITIONAL_REPRESENTATION('',(#5128),#5132);
#5128 = LINE('',#5129,#5130);
#5129 = CARTESIAN_POINT('',(1.E-02,0.));
#5130 = VECTOR('',#5131,1.);
#5131 = DIRECTION('',(0.,-1.));
#5132 = ( GEOMETRIC_REPRESENTATION_CONTEXT(2) 
PARAMETRIC_REPRESENTATION_CONTEXT() REPRESENTATION_CONTEXT('2D SPACE',''
  ) );
#5133 = ORIENTED_EDGE('',*,*,#5134,.T.);
#5134 = EDGE_CURVE('',#5107,#5135,#5137,.T.);
#5135 = VERTEX_POINT('',#5136);
#5136 = CARTESIAN_POINT('',(-7.409210251665E-02,0.391390872215,0.81));
#5137 = SURFACE_CURVE('',#5138,(#5142,#5149),.PCURVE_S1.);
#5138 = LINE('',#5139,#5140);
#5139 = CARTESIAN_POINT('',(0.115503934069,0.444982716727,0.81));
#5140 = VECTOR('',#5141,1.);
#5141 = DIRECTION('',(-0.962295646179,-0.272005678882,0.));
#5142 = PCURVE('',#459,#5143);
#5143 = DEFINITIONAL_REPRESENTATION('',(#5144),#5148);
#5144 = LINE('',#5145,#5146);
#5145 = CARTESIAN_POINT('',(-0.115503934069,0.444982716727));
#5146 = VECTOR('',#5147,1.);
#5147 = DIRECTION('',(0.962295646179,-0.272005678882));
#5148 = ( GEOMETRIC_REPRESENTATION_CONTEXT(2) 
PARAMETRIC_REPRESENTATION_CONTEXT() REPRESENTATION_CONTEXT('2D SPACE',''
  ) );
#5149 = PCURVE('',#5150,#5155);
#5150 = PLANE('',#5151);
#5151 = AXIS2_PLACEMENT_3D('',#5152,#5153,#5154);
#5152 = CARTESIAN_POINT('',(0.115503934069,0.444982716727,0.8));
#5153 = DIRECTION('',(-0.272005678882,0.962295646179,0.));
#5154 = DIRECTION('',(-0.962295646179,-0.272005678882,0.));
#5155 = DEFINITIONAL_REPRESENTATION('',(#5156),#5160);
#5156 = LINE('',#5157,#5158);
#5157 = CARTESIAN_POINT('',(0.,1.E-02));
#5158 = VECTOR('',#5159,1.);
#5159 = DIRECTION('',(1.,0.));
#5160 = ( GEOMETRIC_REPRESENTATION_CONTEXT(2) 
PARAMETRIC_REPRESENTATION_CONTEXT() REPRESENTATION_CONTEXT('2D SPACE',''
  ) );
#5161 = ORIENTED_EDGE('',*,*,#5162,.T.);
#5162 = EDGE_CURVE('',#5135,#5163,#5165,.T.);
#5163 = VERTEX_POINT('',#5164);
#5164 = CARTESIAN_POINT('',(-9.791070007762E-02,0.387055887459,0.81));
#5165 = SURFACE_CURVE('',#5166,(#5174,#5185),.PCURVE_S1.);
#5166 = B_SPLINE_CURVE_WITH_KNOTS('',3,(#5167,#5168,#5169,#5170,#5171,
    #5172,#5173),.UNSPECIFIED.,.F.,.F.,(4,1,1,1,4),(0.,0.213110248343,
    0.449808741458,0.712540759869,1.),.UNSPECIFIED.);
#5167 = CARTESIAN_POINT('',(-7.409210251665E-02,0.391390872215,0.81));
#5168 = CARTESIAN_POINT('',(-7.575514514208E-02,0.390944354354,0.81));
#5169 = CARTESIAN_POINT('',(-7.926530533454E-02,0.390001895516,0.81));
#5170 = CARTESIAN_POINT('',(-8.491591363923E-02,0.388885442882,0.81));
#5171 = CARTESIAN_POINT('',(-9.119635508423E-02,0.387898996131,0.81));
#5172 = CARTESIAN_POINT('',(-9.560651651558E-02,0.387345219798,0.81));
#5173 = CARTESIAN_POINT('',(-9.791070007762E-02,0.387055887459,0.81));
#5174 = PCURVE('',#459,#5175);
#5175 = DEFINITIONAL_REPRESENTATION('',(#5176),#5184);
#5176 = B_SPLINE_CURVE_WITH_KNOTS('',3,(#5177,#5178,#5179,#5180,#5181,
    #5182,#5183),.UNSPECIFIED.,.F.,.F.,(4,1,1,1,4),(0.,0.213110248343,
    0.449808741458,0.712540759869,1.),.UNSPECIFIED.);
#5177 = CARTESIAN_POINT('',(7.409210251665E-02,0.391390872215));
#5178 = CARTESIAN_POINT('',(7.575514514208E-02,0.390944354354));
#5179 = CARTESIAN_POINT('',(7.926530533454E-02,0.390001895516));
#5180 = CARTESIAN_POINT('',(8.491591363923E-02,0.388885442882));
#5181 = CARTESIAN_POINT('',(9.119635508423E-02,0.387898996131));
#5182 = CARTESIAN_POINT('',(9.560651651558E-02,0.387345219798));
#5183 = CARTESIAN_POINT('',(9.791070007762E-02,0.387055887459));
#5184 = ( GEOMETRIC_REPRESENTATION_CONTEXT(2) 
PARAMETRIC_REPRESENTATION_CONTEXT() REPRESENTATION_CONTEXT('2D SPACE',''
  ) );
#5185 = PCURVE('',#5186,#5201);
#5186 = B_SPLINE_SURFACE_WITH_KNOTS('',3,1,(
    (#5187,#5188)
    ,(#5189,#5190)
    ,(#5191,#5192)
    ,(#5193,#5194)
    ,(#5195,#5196)
    ,(#5197,#5198)
    ,(#5199,#5200
    )),.UNSPECIFIED.,.F.,.F.,.F.,(4,1,1,1,4),(2,2),(0.,0.213110248343,
    0.449808741458,0.712540759869,1.),(0.,1.),.UNSPECIFIED.);
#5187 = CARTESIAN_POINT('',(-7.409210251665E-02,0.391390872215,0.8));
#5188 = CARTESIAN_POINT('',(-7.409210251665E-02,0.391390872215,0.81));
#5189 = CARTESIAN_POINT('',(-7.575514514208E-02,0.390944354354,0.8));
#5190 = CARTESIAN_POINT('',(-7.575514514208E-02,0.390944354354,0.81));
#5191 = CARTESIAN_POINT('',(-7.926530533454E-02,0.390001895516,0.8));
#5192 = CARTESIAN_POINT('',(-7.926530533454E-02,0.390001895516,0.81));
#5193 = CARTESIAN_POINT('',(-8.491591363923E-02,0.388885442882,0.8));
#5194 = CARTESIAN_POINT('',(-8.491591363923E-02,0.388885442882,0.81));
#5195 = CARTESIAN_POINT('',(-9.119635508423E-02,0.387898996131,0.8));
#5196 = CARTESIAN_POINT('',(-9.119635508423E-02,0.387898996131,0.81));
#5197 = CARTESIAN_POINT('',(-9.560651651558E-02,0.387345219798,0.8));
#5198 = CARTESIAN_POINT('',(-9.560651651558E-02,0.387345219798,0.81));
#5199 = CARTESIAN_POINT('',(-9.791070007762E-02,0.387055887459,0.8));
#5200 = CARTESIAN_POINT('',(-9.791070007762E-02,0.387055887459,0.81));
#5201 = DEFINITIONAL_REPRESENTATION('',(#5202),#5206);
#5202 = LINE('',#5203,#5204);
#5203 = CARTESIAN_POINT('',(3.50693800487E-16,1.));
#5204 = VECTOR('',#5205,1.);
#5205 = DIRECTION('',(1.,2.786659791809E-14));
#5206 = ( GEOMETRIC_REPRESENTATION_CONTEXT(2) 
PARAMETRIC_REPRESENTATION_CONTEXT() REPRESENTATION_CONTEXT('2D SPACE',''
  ) );
#5207 = ORIENTED_EDGE('',*,*,#5208,.T.);
#5208 = EDGE_CURVE('',#5163,#5209,#5211,.T.);
#5209 = VERTEX_POINT('',#5210);
#5210 = CARTESIAN_POINT('',(-7.347281898006E-02,0.382292167947,0.81));
#5211 = SURFACE_CURVE('',#5212,(#5220,#5231),.PCURVE_S1.);
#5212 = B_SPLINE_CURVE_WITH_KNOTS('',3,(#5213,#5214,#5215,#5216,#5217,
    #5218,#5219),.UNSPECIFIED.,.F.,.F.,(4,1,1,1,4),(0.,0.219208145973,
    0.459171379778,0.719651312403,1.),.UNSPECIFIED.);
#5213 = CARTESIAN_POINT('',(-9.791070007762E-02,0.387055887459,0.81));
#5214 = CARTESIAN_POINT('',(-9.609871804169E-02,0.386864539517,0.81));
#5215 = CARTESIAN_POINT('',(-9.230319170358E-02,0.386463726408,0.81));
#5216 = CARTESIAN_POINT('',(-8.639101645499E-02,0.385524436588,0.81));
#5217 = CARTESIAN_POINT('',(-8.00680215358E-02,0.384048289019,0.81));
#5218 = CARTESIAN_POINT('',(-7.572441113115E-02,0.382891705018,0.81));
#5219 = CARTESIAN_POINT('',(-7.347281898006E-02,0.382292167947,0.81));
#5220 = PCURVE('',#459,#5221);
#5221 = DEFINITIONAL_REPRESENTATION('',(#5222),#5230);
#5222 = B_SPLINE_CURVE_WITH_KNOTS('',3,(#5223,#5224,#5225,#5226,#5227,
    #5228,#5229),.UNSPECIFIED.,.F.,.F.,(4,1,1,1,4),(0.,0.219208145973,
    0.459171379778,0.719651312403,1.),.UNSPECIFIED.);
#5223 = CARTESIAN_POINT('',(9.791070007762E-02,0.387055887459));
#5224 = CARTESIAN_POINT('',(9.609871804169E-02,0.386864539517));
#5225 = CARTESIAN_POINT('',(9.230319170358E-02,0.386463726408));
#5226 = CARTESIAN_POINT('',(8.639101645499E-02,0.385524436588));
#5227 = CARTESIAN_POINT('',(8.00680215358E-02,0.384048289019));
#5228 = CARTESIAN_POINT('',(7.572441113115E-02,0.382891705018));
#5229 = CARTESIAN_POINT('',(7.347281898006E-02,0.382292167947));
#5230 = ( GEOMETRIC_REPRESENTATION_CONTEXT(2) 
PARAMETRIC_REPRESENTATION_CONTEXT() REPRESENTATION_CONTEXT('2D SPACE',''
  ) );
#5231 = PCURVE('',#5232,#5247);
#5232 = B_SPLINE_SURFACE_WITH_KNOTS('',3,1,(
    (#5233,#5234)
    ,(#5235,#5236)
    ,(#5237,#5238)
    ,(#5239,#5240)
    ,(#5241,#5242)
    ,(#5243,#5244)
    ,(#5245,#5246
    )),.UNSPECIFIED.,.F.,.F.,.F.,(4,1,1,1,4),(2,2),(0.,0.219208145973,
    0.459171379778,0.719651312403,1.),(0.,1.),.UNSPECIFIED.);
#5233 = CARTESIAN_POINT('',(-9.791070007762E-02,0.387055887459,0.8));
#5234 = CARTESIAN_POINT('',(-9.791070007762E-02,0.387055887459,0.81));
#5235 = CARTESIAN_POINT('',(-9.609871804169E-02,0.386864539517,0.8));
#5236 = CARTESIAN_POINT('',(-9.609871804169E-02,0.386864539517,0.81));
#5237 = CARTESIAN_POINT('',(-9.230319170358E-02,0.386463726408,0.8));
#5238 = CARTESIAN_POINT('',(-9.230319170358E-02,0.386463726408,0.81));
#5239 = CARTESIAN_POINT('',(-8.639101645499E-02,0.385524436588,0.8));
#5240 = CARTESIAN_POINT('',(-8.639101645499E-02,0.385524436588,0.81));
#5241 = CARTESIAN_POINT('',(-8.00680215358E-02,0.384048289019,0.8));
#5242 = CARTESIAN_POINT('',(-8.00680215358E-02,0.384048289019,0.81));
#5243 = CARTESIAN_POINT('',(-7.572441113115E-02,0.382891705018,0.8));
#5244 = CARTESIAN_POINT('',(-7.572441113115E-02,0.382891705018,0.81));
#5245 = CARTESIAN_POINT('',(-7.347281898006E-02,0.382292167947,0.8));
#5246 = CARTESIAN_POINT('',(-7.347281898006E-02,0.382292167947,0.81));
#5247 = DEFINITIONAL_REPRESENTATION('',(#5248),#5252);
#5248 = LINE('',#5249,#5250);
#5249 = CARTESIAN_POINT('',(2.686627340045E-16,1.));
#5250 = VECTOR('',#5251,1.);
#5251 = DIRECTION('',(1.,0.));
#5252 = ( GEOMETRIC_REPRESENTATION_CONTEXT(2) 
PARAMETRIC_REPRESENTATION_CONTEXT() REPRESENTATION_CONTEXT('2D SPACE',''
  ) );
#5253 = ORIENTED_EDGE('',*,*,#5254,.T.);
#5254 = EDGE_CURVE('',#5209,#4621,#5255,.T.);
#5255 = SURFACE_CURVE('',#5256,(#5260,#5267),.PCURVE_S1.);
#5256 = LINE('',#5257,#5258);
#5257 = CARTESIAN_POINT('',(-7.347281898006E-02,0.382292167947,0.81));
#5258 = VECTOR('',#5259,1.);
#5259 = DIRECTION('',(0.966589899675,-0.256327848363,0.));
#5260 = PCURVE('',#459,#5261);
#5261 = DEFINITIONAL_REPRESENTATION('',(#5262),#5266);
#5262 = LINE('',#5263,#5264);
#5263 = CARTESIAN_POINT('',(7.347281898006E-02,0.382292167947));
#5264 = VECTOR('',#5265,1.);
#5265 = DIRECTION('',(-0.966589899675,-0.256327848363));
#5266 = ( GEOMETRIC_REPRESENTATION_CONTEXT(2) 
PARAMETRIC_REPRESENTATION_CONTEXT() REPRESENTATION_CONTEXT('2D SPACE',''
  ) );
#5267 = PCURVE('',#5268,#5273);
#5268 = PLANE('',#5269);
#5269 = AXIS2_PLACEMENT_3D('',#5270,#5271,#5272);
#5270 = CARTESIAN_POINT('',(-7.347281898006E-02,0.382292167947,0.8));
#5271 = DIRECTION('',(-0.256327848363,-0.966589899675,0.));
#5272 = DIRECTION('',(0.966589899675,-0.256327848363,0.));
#5273 = DEFINITIONAL_REPRESENTATION('',(#5274),#5278);
#5274 = LINE('',#5275,#5276);
#5275 = CARTESIAN_POINT('',(0.,1.E-02));
#5276 = VECTOR('',#5277,1.);
#5277 = DIRECTION('',(1.,0.));
#5278 = ( GEOMETRIC_REPRESENTATION_CONTEXT(2) 
PARAMETRIC_REPRESENTATION_CONTEXT() REPRESENTATION_CONTEXT('2D SPACE',''
  ) );
#5279 = ADVANCED_FACE('',(#5280),#768,.F.);
#5280 = FACE_BOUND('',#5281,.T.);
#5281 = EDGE_LOOP('',(#5282,#5312,#5333,#5334,#5357,#5385,#5406,#5407,
    #5430,#5458,#5479,#5480,#5501,#5502,#5523,#5524));
#5282 = ORIENTED_EDGE('',*,*,#5283,.T.);
#5283 = EDGE_CURVE('',#5284,#5286,#5288,.T.);
#5284 = VERTEX_POINT('',#5285);
#5285 = CARTESIAN_POINT('',(1.,-0.75,0.2));
#5286 = VERTEX_POINT('',#5287);
#5287 = CARTESIAN_POINT('',(1.,-0.55,0.2));
#5288 = SURFACE_CURVE('',#5289,(#5293,#5300),.PCURVE_S1.);
#5289 = LINE('',#5290,#5291);
#5290 = CARTESIAN_POINT('',(1.,-1.,0.2));
#5291 = VECTOR('',#5292,1.);
#5292 = DIRECTION('',(0.,1.,-0.));
#5293 = PCURVE('',#768,#5294);
#5294 = DEFINITIONAL_REPRESENTATION('',(#5295),#5299);
#5295 = LINE('',#5296,#5297);
#5296 = CARTESIAN_POINT('',(-0.61,0.));
#5297 = VECTOR('',#5298,1.);
#5298 = DIRECTION('',(0.,1.));
#5299 = ( GEOMETRIC_REPRESENTATION_CONTEXT(2) 
PARAMETRIC_REPRESENTATION_CONTEXT() REPRESENTATION_CONTEXT('2D SPACE',''
  ) );
#5300 = PCURVE('',#5301,#5306);
#5301 = PLANE('',#5302);
#5302 = AXIS2_PLACEMENT_3D('',#5303,#5304,#5305);
#5303 = CARTESIAN_POINT('',(0.76,-0.65,0.2));
#5304 = DIRECTION('',(0.,0.,1.));
#5305 = DIRECTION('',(-1.,0.,0.));
#5306 = DEFINITIONAL_REPRESENTATION('',(#5307),#5311);
#5307 = LINE('',#5308,#5309);
#5308 = CARTESIAN_POINT('',(-0.24,0.35));
#5309 = VECTOR('',#5310,1.);
#5310 = DIRECTION('',(0.,-1.));
#5311 = ( GEOMETRIC_REPRESENTATION_CONTEXT(2) 
PARAMETRIC_REPRESENTATION_CONTEXT() REPRESENTATION_CONTEXT('2D SPACE',''
  ) );
#5312 = ORIENTED_EDGE('',*,*,#5313,.T.);
#5313 = EDGE_CURVE('',#5286,#679,#5314,.T.);
#5314 = SURFACE_CURVE('',#5315,(#5319,#5326),.PCURVE_S1.);
#5315 = LINE('',#5316,#5317);
#5316 = CARTESIAN_POINT('',(1.,-0.55,0.81));
#5317 = VECTOR('',#5318,1.);
#5318 = DIRECTION('',(0.,0.,-1.));
#5319 = PCURVE('',#768,#5320);
#5320 = DEFINITIONAL_REPRESENTATION('',(#5321),#5325);
#5321 = LINE('',#5322,#5323);
#5322 = CARTESIAN_POINT('',(0.,0.45));
#5323 = VECTOR('',#5324,1.);
#5324 = DIRECTION('',(-1.,0.));
#5325 = ( GEOMETRIC_REPRESENTATION_CONTEXT(2) 
PARAMETRIC_REPRESENTATION_CONTEXT() REPRESENTATION_CONTEXT('2D SPACE',''
  ) );
#5326 = PCURVE('',#694,#5327);
#5327 = DEFINITIONAL_REPRESENTATION('',(#5328),#5332);
#5328 = LINE('',#5329,#5330);
#5329 = CARTESIAN_POINT('',(0.61,-9.999999999999E-03));
#5330 = VECTOR('',#5331,1.);
#5331 = DIRECTION('',(-1.,0.));
#5332 = ( GEOMETRIC_REPRESENTATION_CONTEXT(2) 
PARAMETRIC_REPRESENTATION_CONTEXT() REPRESENTATION_CONTEXT('2D SPACE',''
  ) );
#5333 = ORIENTED_EDGE('',*,*,#1394,.T.);
#5334 = ORIENTED_EDGE('',*,*,#5335,.T.);
#5335 = EDGE_CURVE('',#1372,#5336,#5338,.T.);
#5336 = VERTEX_POINT('',#5337);
#5337 = CARTESIAN_POINT('',(1.,-1.E-01,0.2));
#5338 = SURFACE_CURVE('',#5339,(#5343,#5350),.PCURVE_S1.);
#5339 = LINE('',#5340,#5341);
#5340 = CARTESIAN_POINT('',(1.,-1.E-01,0.81));
#5341 = VECTOR('',#5342,1.);
#5342 = DIRECTION('',(0.,0.,1.));
#5343 = PCURVE('',#768,#5344);
#5344 = DEFINITIONAL_REPRESENTATION('',(#5345),#5349);
#5345 = LINE('',#5346,#5347);
#5346 = CARTESIAN_POINT('',(0.,0.9));
#5347 = VECTOR('',#5348,1.);
#5348 = DIRECTION('',(1.,0.));
#5349 = ( GEOMETRIC_REPRESENTATION_CONTEXT(2) 
PARAMETRIC_REPRESENTATION_CONTEXT() REPRESENTATION_CONTEXT('2D SPACE',''
  ) );
#5350 = PCURVE('',#271,#5351);
#5351 = DEFINITIONAL_REPRESENTATION('',(#5352),#5356);
#5352 = LINE('',#5353,#5354);
#5353 = CARTESIAN_POINT('',(-0.61,-9.999999999999E-03));
#5354 = VECTOR('',#5355,1.);
#5355 = DIRECTION('',(-1.,0.));
#5356 = ( GEOMETRIC_REPRESENTATION_CONTEXT(2) 
PARAMETRIC_REPRESENTATION_CONTEXT() REPRESENTATION_CONTEXT('2D SPACE',''
  ) );
#5357 = ORIENTED_EDGE('',*,*,#5358,.T.);
#5358 = EDGE_CURVE('',#5336,#5359,#5361,.T.);
#5359 = VERTEX_POINT('',#5360);
#5360 = CARTESIAN_POINT('',(1.,0.1,0.2));
#5361 = SURFACE_CURVE('',#5362,(#5366,#5373),.PCURVE_S1.);
#5362 = LINE('',#5363,#5364);
#5363 = CARTESIAN_POINT('',(1.,-1.,0.2));
#5364 = VECTOR('',#5365,1.);
#5365 = DIRECTION('',(0.,1.,-0.));
#5366 = PCURVE('',#768,#5367);
#5367 = DEFINITIONAL_REPRESENTATION('',(#5368),#5372);
#5368 = LINE('',#5369,#5370);
#5369 = CARTESIAN_POINT('',(-0.61,0.));
#5370 = VECTOR('',#5371,1.);
#5371 = DIRECTION('',(0.,1.));
#5372 = ( GEOMETRIC_REPRESENTATION_CONTEXT(2) 
PARAMETRIC_REPRESENTATION_CONTEXT() REPRESENTATION_CONTEXT('2D SPACE',''
  ) );
#5373 = PCURVE('',#5374,#5379);
#5374 = PLANE('',#5375);
#5375 = AXIS2_PLACEMENT_3D('',#5376,#5377,#5378);
#5376 = CARTESIAN_POINT('',(0.76,4.336808689942E-16,0.2));
#5377 = DIRECTION('',(0.,0.,1.));
#5378 = DIRECTION('',(-1.,0.,0.));
#5379 = DEFINITIONAL_REPRESENTATION('',(#5380),#5384);
#5380 = LINE('',#5381,#5382);
#5381 = CARTESIAN_POINT('',(-0.24,1.));
#5382 = VECTOR('',#5383,1.);
#5383 = DIRECTION('',(0.,-1.));
#5384 = ( GEOMETRIC_REPRESENTATION_CONTEXT(2) 
PARAMETRIC_REPRESENTATION_CONTEXT() REPRESENTATION_CONTEXT('2D SPACE',''
  ) );
#5385 = ORIENTED_EDGE('',*,*,#5386,.T.);
#5386 = EDGE_CURVE('',#5359,#1298,#5387,.T.);
#5387 = SURFACE_CURVE('',#5388,(#5392,#5399),.PCURVE_S1.);
#5388 = LINE('',#5389,#5390);
#5389 = CARTESIAN_POINT('',(1.,0.1,0.81));
#5390 = VECTOR('',#5391,1.);
#5391 = DIRECTION('',(0.,0.,-1.));
#5392 = PCURVE('',#768,#5393);
#5393 = DEFINITIONAL_REPRESENTATION('',(#5394),#5398);
#5394 = LINE('',#5395,#5396);
#5395 = CARTESIAN_POINT('',(0.,1.1));
#5396 = VECTOR('',#5397,1.);
#5397 = DIRECTION('',(-1.,0.));
#5398 = ( GEOMETRIC_REPRESENTATION_CONTEXT(2) 
PARAMETRIC_REPRESENTATION_CONTEXT() REPRESENTATION_CONTEXT('2D SPACE',''
  ) );
#5399 = PCURVE('',#1336,#5400);
#5400 = DEFINITIONAL_REPRESENTATION('',(#5401),#5405);
#5401 = LINE('',#5402,#5403);
#5402 = CARTESIAN_POINT('',(0.61,-9.999999999999E-03));
#5403 = VECTOR('',#5404,1.);
#5404 = DIRECTION('',(-1.,0.));
#5405 = ( GEOMETRIC_REPRESENTATION_CONTEXT(2) 
PARAMETRIC_REPRESENTATION_CONTEXT() REPRESENTATION_CONTEXT('2D SPACE',''
  ) );
#5406 = ORIENTED_EDGE('',*,*,#1297,.T.);
#5407 = ORIENTED_EDGE('',*,*,#5408,.T.);
#5408 = EDGE_CURVE('',#1275,#5409,#5411,.T.);
#5409 = VERTEX_POINT('',#5410);
#5410 = CARTESIAN_POINT('',(1.,0.55,0.2));
#5411 = SURFACE_CURVE('',#5412,(#5416,#5423),.PCURVE_S1.);
#5412 = LINE('',#5413,#5414);
#5413 = CARTESIAN_POINT('',(1.,0.55,0.81));
#5414 = VECTOR('',#5415,1.);
#5415 = DIRECTION('',(0.,0.,1.));
#5416 = PCURVE('',#768,#5417);
#5417 = DEFINITIONAL_REPRESENTATION('',(#5418),#5422);
#5418 = LINE('',#5419,#5420);
#5419 = CARTESIAN_POINT('',(0.,1.55));
#5420 = VECTOR('',#5421,1.);
#5421 = DIRECTION('',(1.,0.));
#5422 = ( GEOMETRIC_REPRESENTATION_CONTEXT(2) 
PARAMETRIC_REPRESENTATION_CONTEXT() REPRESENTATION_CONTEXT('2D SPACE',''
  ) );
#5423 = PCURVE('',#392,#5424);
#5424 = DEFINITIONAL_REPRESENTATION('',(#5425),#5429);
#5425 = LINE('',#5426,#5427);
#5426 = CARTESIAN_POINT('',(-0.61,-9.999999999999E-03));
#5427 = VECTOR('',#5428,1.);
#5428 = DIRECTION('',(-1.,0.));
#5429 = ( GEOMETRIC_REPRESENTATION_CONTEXT(2) 
PARAMETRIC_REPRESENTATION_CONTEXT() REPRESENTATION_CONTEXT('2D SPACE',''
  ) );
#5430 = ORIENTED_EDGE('',*,*,#5431,.T.);
#5431 = EDGE_CURVE('',#5409,#5432,#5434,.T.);
#5432 = VERTEX_POINT('',#5433);
#5433 = CARTESIAN_POINT('',(1.,0.75,0.2));
#5434 = SURFACE_CURVE('',#5435,(#5439,#5446),.PCURVE_S1.);
#5435 = LINE('',#5436,#5437);
#5436 = CARTESIAN_POINT('',(1.,-1.,0.2));
#5437 = VECTOR('',#5438,1.);
#5438 = DIRECTION('',(0.,1.,-0.));
#5439 = PCURVE('',#768,#5440);
#5440 = DEFINITIONAL_REPRESENTATION('',(#5441),#5445);
#5441 = LINE('',#5442,#5443);
#5442 = CARTESIAN_POINT('',(-0.61,0.));
#5443 = VECTOR('',#5444,1.);
#5444 = DIRECTION('',(0.,1.));
#5445 = ( GEOMETRIC_REPRESENTATION_CONTEXT(2) 
PARAMETRIC_REPRESENTATION_CONTEXT() REPRESENTATION_CONTEXT('2D SPACE',''
  ) );
#5446 = PCURVE('',#5447,#5452);
#5447 = PLANE('',#5448);
#5448 = AXIS2_PLACEMENT_3D('',#5449,#5450,#5451);
#5449 = CARTESIAN_POINT('',(0.76,0.65,0.2));
#5450 = DIRECTION('',(0.,0.,1.));
#5451 = DIRECTION('',(-1.,0.,0.));
#5452 = DEFINITIONAL_REPRESENTATION('',(#5453),#5457);
#5453 = LINE('',#5454,#5455);
#5454 = CARTESIAN_POINT('',(-0.24,1.65));
#5455 = VECTOR('',#5456,1.);
#5456 = DIRECTION('',(0.,-1.));
#5457 = ( GEOMETRIC_REPRESENTATION_CONTEXT(2) 
PARAMETRIC_REPRESENTATION_CONTEXT() REPRESENTATION_CONTEXT('2D SPACE',''
  ) );
#5458 = ORIENTED_EDGE('',*,*,#5459,.T.);
#5459 = EDGE_CURVE('',#5432,#1201,#5460,.T.);
#5460 = SURFACE_CURVE('',#5461,(#5465,#5472),.PCURVE_S1.);
#5461 = LINE('',#5462,#5463);
#5462 = CARTESIAN_POINT('',(1.,0.75,0.81));
#5463 = VECTOR('',#5464,1.);
#5464 = DIRECTION('',(0.,0.,-1.));
#5465 = PCURVE('',#768,#5466);
#5466 = DEFINITIONAL_REPRESENTATION('',(#5467),#5471);
#5467 = LINE('',#5468,#5469);
#5468 = CARTESIAN_POINT('',(0.,1.75));
#5469 = VECTOR('',#5470,1.);
#5470 = DIRECTION('',(-1.,0.));
#5471 = ( GEOMETRIC_REPRESENTATION_CONTEXT(2) 
PARAMETRIC_REPRESENTATION_CONTEXT() REPRESENTATION_CONTEXT('2D SPACE',''
  ) );
#5472 = PCURVE('',#1239,#5473);
#5473 = DEFINITIONAL_REPRESENTATION('',(#5474),#5478);
#5474 = LINE('',#5475,#5476);
#5475 = CARTESIAN_POINT('',(0.61,-9.999999999999E-03));
#5476 = VECTOR('',#5477,1.);
#5477 = DIRECTION('',(-1.,0.));
#5478 = ( GEOMETRIC_REPRESENTATION_CONTEXT(2) 
PARAMETRIC_REPRESENTATION_CONTEXT() REPRESENTATION_CONTEXT('2D SPACE',''
  ) );
#5479 = ORIENTED_EDGE('',*,*,#1200,.T.);
#5480 = ORIENTED_EDGE('',*,*,#5481,.F.);
#5481 = EDGE_CURVE('',#3448,#1173,#5482,.T.);
#5482 = SURFACE_CURVE('',#5483,(#5487,#5494),.PCURVE_S1.);
#5483 = LINE('',#5484,#5485);
#5484 = CARTESIAN_POINT('',(1.,1.,0.81));
#5485 = VECTOR('',#5486,1.);
#5486 = DIRECTION('',(-0.,-0.,-1.));
#5487 = PCURVE('',#768,#5488);
#5488 = DEFINITIONAL_REPRESENTATION('',(#5489),#5493);
#5489 = LINE('',#5490,#5491);
#5490 = CARTESIAN_POINT('',(0.,2.));
#5491 = VECTOR('',#5492,1.);
#5492 = DIRECTION('',(-1.,0.));
#5493 = ( GEOMETRIC_REPRESENTATION_CONTEXT(2) 
PARAMETRIC_REPRESENTATION_CONTEXT() REPRESENTATION_CONTEXT('2D SPACE',''
  ) );
#5494 = PCURVE('',#1188,#5495);
#5495 = DEFINITIONAL_REPRESENTATION('',(#5496),#5500);
#5496 = LINE('',#5497,#5498);
#5497 = CARTESIAN_POINT('',(0.,2.));
#5498 = VECTOR('',#5499,1.);
#5499 = DIRECTION('',(1.,0.));
#5500 = ( GEOMETRIC_REPRESENTATION_CONTEXT(2) 
PARAMETRIC_REPRESENTATION_CONTEXT() REPRESENTATION_CONTEXT('2D SPACE',''
  ) );
#5501 = ORIENTED_EDGE('',*,*,#3445,.F.);
#5502 = ORIENTED_EDGE('',*,*,#5503,.T.);
#5503 = EDGE_CURVE('',#3446,#753,#5504,.T.);
#5504 = SURFACE_CURVE('',#5505,(#5509,#5516),.PCURVE_S1.);
#5505 = LINE('',#5506,#5507);
#5506 = CARTESIAN_POINT('',(1.,-1.,0.81));
#5507 = VECTOR('',#5508,1.);
#5508 = DIRECTION('',(-0.,-0.,-1.));
#5509 = PCURVE('',#768,#5510);
#5510 = DEFINITIONAL_REPRESENTATION('',(#5511),#5515);
#5511 = LINE('',#5512,#5513);
#5512 = CARTESIAN_POINT('',(0.,0.));
#5513 = VECTOR('',#5514,1.);
#5514 = DIRECTION('',(-1.,0.));
#5515 = ( GEOMETRIC_REPRESENTATION_CONTEXT(2) 
PARAMETRIC_REPRESENTATION_CONTEXT() REPRESENTATION_CONTEXT('2D SPACE',''
  ) );
#5516 = PCURVE('',#796,#5517);
#5517 = DEFINITIONAL_REPRESENTATION('',(#5518),#5522);
#5518 = LINE('',#5519,#5520);
#5519 = CARTESIAN_POINT('',(0.,2.));
#5520 = VECTOR('',#5521,1.);
#5521 = DIRECTION('',(-1.,0.));
#5522 = ( GEOMETRIC_REPRESENTATION_CONTEXT(2) 
PARAMETRIC_REPRESENTATION_CONTEXT() REPRESENTATION_CONTEXT('2D SPACE',''
  ) );
#5523 = ORIENTED_EDGE('',*,*,#752,.T.);
#5524 = ORIENTED_EDGE('',*,*,#5525,.T.);
#5525 = EDGE_CURVE('',#730,#5284,#5526,.T.);
#5526 = SURFACE_CURVE('',#5527,(#5531,#5538),.PCURVE_S1.);
#5527 = LINE('',#5528,#5529);
#5528 = CARTESIAN_POINT('',(1.,-0.75,0.81));
#5529 = VECTOR('',#5530,1.);
#5530 = DIRECTION('',(0.,0.,1.));
#5531 = PCURVE('',#768,#5532);
#5532 = DEFINITIONAL_REPRESENTATION('',(#5533),#5537);
#5533 = LINE('',#5534,#5535);
#5534 = CARTESIAN_POINT('',(0.,0.25));
#5535 = VECTOR('',#5536,1.);
#5536 = DIRECTION('',(1.,0.));
#5537 = ( GEOMETRIC_REPRESENTATION_CONTEXT(2) 
PARAMETRIC_REPRESENTATION_CONTEXT() REPRESENTATION_CONTEXT('2D SPACE',''
  ) );
#5538 = PCURVE('',#150,#5539);
#5539 = DEFINITIONAL_REPRESENTATION('',(#5540),#5544);
#5540 = LINE('',#5541,#5542);
#5541 = CARTESIAN_POINT('',(-0.61,-9.999999999999E-03));
#5542 = VECTOR('',#5543,1.);
#5543 = DIRECTION('',(-1.,0.));
#5544 = ( GEOMETRIC_REPRESENTATION_CONTEXT(2) 
PARAMETRIC_REPRESENTATION_CONTEXT() REPRESENTATION_CONTEXT('2D SPACE',''
  ) );
#5545 = ADVANCED_FACE('',(#5546),#1188,.F.);
#5546 = FACE_BOUND('',#5547,.T.);
#5547 = EDGE_LOOP('',(#5548,#5549,#5550,#5551));
#5548 = ORIENTED_EDGE('',*,*,#1172,.T.);
#5549 = ORIENTED_EDGE('',*,*,#1605,.F.);
#5550 = ORIENTED_EDGE('',*,*,#3470,.F.);
#5551 = ORIENTED_EDGE('',*,*,#5481,.T.);
#5552 = ADVANCED_FACE('',(#5553),#796,.F.);
#5553 = FACE_BOUND('',#5554,.T.);
#5554 = EDGE_LOOP('',(#5555,#5556,#5557,#5558));
#5555 = ORIENTED_EDGE('',*,*,#780,.T.);
#5556 = ORIENTED_EDGE('',*,*,#5503,.F.);
#5557 = ORIENTED_EDGE('',*,*,#3492,.F.);
#5558 = ORIENTED_EDGE('',*,*,#1559,.T.);
#5559 = ADVANCED_FACE('',(#5560),#430,.F.);
#5560 = FACE_BOUND('',#5561,.F.);
#5561 = EDGE_LOOP('',(#5562,#5563,#5564,#5586));
#5562 = ORIENTED_EDGE('',*,*,#3515,.F.);
#5563 = ORIENTED_EDGE('',*,*,#407,.F.);
#5564 = ORIENTED_EDGE('',*,*,#5565,.T.);
#5565 = EDGE_CURVE('',#408,#476,#5566,.T.);
#5566 = SURFACE_CURVE('',#5567,(#5572,#5579),.PCURVE_S1.);
#5567 = CIRCLE('',#5568,0.1);
#5568 = AXIS2_PLACEMENT_3D('',#5569,#5570,#5571);
#5569 = CARTESIAN_POINT('',(-0.8,0.8,0.79));
#5570 = DIRECTION('',(0.,0.,1.));
#5571 = DIRECTION('',(1.,0.,-0.));
#5572 = PCURVE('',#430,#5573);
#5573 = DEFINITIONAL_REPRESENTATION('',(#5574),#5578);
#5574 = LINE('',#5575,#5576);
#5575 = CARTESIAN_POINT('',(0.,0.));
#5576 = VECTOR('',#5577,1.);
#5577 = DIRECTION('',(1.,0.));
#5578 = ( GEOMETRIC_REPRESENTATION_CONTEXT(2) 
PARAMETRIC_REPRESENTATION_CONTEXT() REPRESENTATION_CONTEXT('2D SPACE',''
  ) );
#5579 = PCURVE('',#513,#5580);
#5580 = DEFINITIONAL_REPRESENTATION('',(#5581),#5585);
#5581 = CIRCLE('',#5582,0.1);
#5582 = AXIS2_PLACEMENT_2D('',#5583,#5584);
#5583 = CARTESIAN_POINT('',(0.,0.));
#5584 = DIRECTION('',(1.,0.));
#5585 = ( GEOMETRIC_REPRESENTATION_CONTEXT(2) 
PARAMETRIC_REPRESENTATION_CONTEXT() REPRESENTATION_CONTEXT('2D SPACE',''
  ) );
#5586 = ORIENTED_EDGE('',*,*,#475,.T.);
#5587 = ADVANCED_FACE('',(#5588),#513,.T.);
#5588 = FACE_BOUND('',#5589,.T.);
#5589 = EDGE_LOOP('',(#5590,#5591));
#5590 = ORIENTED_EDGE('',*,*,#5565,.T.);
#5591 = ORIENTED_EDGE('',*,*,#498,.T.);
#5592 = ADVANCED_FACE('',(#5593),#3562,.T.);
#5593 = FACE_BOUND('',#5594,.T.);
#5594 = EDGE_LOOP('',(#5595,#5596,#5618,#5646));
#5595 = ORIENTED_EDGE('',*,*,#3544,.F.);
#5596 = ORIENTED_EDGE('',*,*,#5597,.F.);
#5597 = EDGE_CURVE('',#5598,#3545,#5600,.T.);
#5598 = VERTEX_POINT('',#5599);
#5599 = CARTESIAN_POINT('',(0.108644177971,-0.594651429614,0.8));
#5600 = SURFACE_CURVE('',#5601,(#5605,#5612),.PCURVE_S1.);
#5601 = LINE('',#5602,#5603);
#5602 = CARTESIAN_POINT('',(0.108644177971,-0.594651429614,0.8));
#5603 = VECTOR('',#5604,1.);
#5604 = DIRECTION('',(-0.,-0.,1.));
#5605 = PCURVE('',#3562,#5606);
#5606 = DEFINITIONAL_REPRESENTATION('',(#5607),#5611);
#5607 = LINE('',#5608,#5609);
#5608 = CARTESIAN_POINT('',(0.,0.));
#5609 = VECTOR('',#5610,1.);
#5610 = DIRECTION('',(1.,-0.));
#5611 = ( GEOMETRIC_REPRESENTATION_CONTEXT(2) 
PARAMETRIC_REPRESENTATION_CONTEXT() REPRESENTATION_CONTEXT('2D SPACE',''
  ) );
#5612 = PCURVE('',#4210,#5613);
#5613 = DEFINITIONAL_REPRESENTATION('',(#5614),#5617);
#5614 = B_SPLINE_CURVE_WITH_KNOTS('',1,(#5615,#5616),.UNSPECIFIED.,.F.,
  .F.,(2,2),(0.,1.E-02),.PIECEWISE_BEZIER_KNOTS.);
#5615 = CARTESIAN_POINT('',(1.,8.465342106911E-15));
#5616 = CARTESIAN_POINT('',(1.,1.));
#5617 = ( GEOMETRIC_REPRESENTATION_CONTEXT(2) 
PARAMETRIC_REPRESENTATION_CONTEXT() REPRESENTATION_CONTEXT('2D SPACE',''
  ) );
#5618 = ORIENTED_EDGE('',*,*,#5619,.T.);
#5619 = EDGE_CURVE('',#5598,#5620,#5622,.T.);
#5620 = VERTEX_POINT('',#5621);
#5621 = CARTESIAN_POINT('',(8.120515358091E-02,-0.594651429614,0.8));
#5622 = SURFACE_CURVE('',#5623,(#5627,#5634),.PCURVE_S1.);
#5623 = LINE('',#5624,#5625);
#5624 = CARTESIAN_POINT('',(0.108644177971,-0.594651429614,0.8));
#5625 = VECTOR('',#5626,1.);
#5626 = DIRECTION('',(-1.,0.,0.));
#5627 = PCURVE('',#3562,#5628);
#5628 = DEFINITIONAL_REPRESENTATION('',(#5629),#5633);
#5629 = LINE('',#5630,#5631);
#5630 = CARTESIAN_POINT('',(0.,0.));
#5631 = VECTOR('',#5632,1.);
#5632 = DIRECTION('',(0.,-1.));
#5633 = ( GEOMETRIC_REPRESENTATION_CONTEXT(2) 
PARAMETRIC_REPRESENTATION_CONTEXT() REPRESENTATION_CONTEXT('2D SPACE',''
  ) );
#5634 = PCURVE('',#5635,#5640);
#5635 = PLANE('',#5636);
#5636 = AXIS2_PLACEMENT_3D('',#5637,#5638,#5639);
#5637 = CARTESIAN_POINT('',(8.860532850648E-02,-0.574488674049,0.8));
#5638 = DIRECTION('',(-1.224037694629E-13,5.672741966681E-14,-1.));
#5639 = DIRECTION('',(-1.,0.,1.224037694629E-13));
#5640 = DEFINITIONAL_REPRESENTATION('',(#5641),#5645);
#5641 = LINE('',#5642,#5643);
#5642 = CARTESIAN_POINT('',(-2.003884946468E-02,-2.016275556467E-02));
#5643 = VECTOR('',#5644,1.);
#5644 = DIRECTION('',(1.,-6.94364999912E-27));
#5645 = ( GEOMETRIC_REPRESENTATION_CONTEXT(2) 
PARAMETRIC_REPRESENTATION_CONTEXT() REPRESENTATION_CONTEXT('2D SPACE',''
  ) );
#5646 = ORIENTED_EDGE('',*,*,#5647,.T.);
#5647 = EDGE_CURVE('',#5620,#3547,#5648,.T.);
#5648 = SURFACE_CURVE('',#5649,(#5653,#5660),.PCURVE_S1.);
#5649 = LINE('',#5650,#5651);
#5650 = CARTESIAN_POINT('',(8.120515358091E-02,-0.594651429614,0.8));
#5651 = VECTOR('',#5652,1.);
#5652 = DIRECTION('',(-0.,-0.,1.));
#5653 = PCURVE('',#3562,#5654);
#5654 = DEFINITIONAL_REPRESENTATION('',(#5655),#5659);
#5655 = LINE('',#5656,#5657);
#5656 = CARTESIAN_POINT('',(0.,-2.743902439024E-02));
#5657 = VECTOR('',#5658,1.);
#5658 = DIRECTION('',(1.,-0.));
#5659 = ( GEOMETRIC_REPRESENTATION_CONTEXT(2) 
PARAMETRIC_REPRESENTATION_CONTEXT() REPRESENTATION_CONTEXT('2D SPACE',''
  ) );
#5660 = PCURVE('',#3598,#5661);
#5661 = DEFINITIONAL_REPRESENTATION('',(#5662),#5665);
#5662 = B_SPLINE_CURVE_WITH_KNOTS('',1,(#5663,#5664),.UNSPECIFIED.,.F.,
  .F.,(2,2),(0.,1.E-02),.PIECEWISE_BEZIER_KNOTS.);
#5663 = CARTESIAN_POINT('',(-1.05881490099E-15,-2.636888103703E-15));
#5664 = CARTESIAN_POINT('',(-3.125967365099E-15,1.));
#5665 = ( GEOMETRIC_REPRESENTATION_CONTEXT(2) 
PARAMETRIC_REPRESENTATION_CONTEXT() REPRESENTATION_CONTEXT('2D SPACE',''
  ) );
#5666 = ADVANCED_FACE('',(#5667),#3598,.T.);
#5667 = FACE_BOUND('',#5668,.T.);
#5668 = EDGE_LOOP('',(#5669,#5670,#5671,#5702));
#5669 = ORIENTED_EDGE('',*,*,#3574,.F.);
#5670 = ORIENTED_EDGE('',*,*,#5647,.F.);
#5671 = ORIENTED_EDGE('',*,*,#5672,.T.);
#5672 = EDGE_CURVE('',#5620,#5673,#5675,.T.);
#5673 = VERTEX_POINT('',#5674);
#5674 = CARTESIAN_POINT('',(9.111369016628E-02,-0.553159432663,0.8));
#5675 = SURFACE_CURVE('',#5676,(#5684,#5691),.PCURVE_S1.);
#5676 = B_SPLINE_CURVE_WITH_KNOTS('',3,(#5677,#5678,#5679,#5680,#5681,
    #5682,#5683),.UNSPECIFIED.,.F.,.F.,(4,1,1,1,4),(0.,0.253385962898,
    0.503117550802,0.750482007972,1.),.UNSPECIFIED.);
#5677 = CARTESIAN_POINT('',(8.120515358091E-02,-0.594651429614,0.8));
#5678 = CARTESIAN_POINT('',(8.2735252739E-02,-0.591349853309,0.8));
#5679 = CARTESIAN_POINT('',(8.577338370765E-02,-0.584794316589,0.8));
#5680 = CARTESIAN_POINT('',(8.880378079067E-02,-0.574432969927,0.8));
#5681 = CARTESIAN_POINT('',(9.076652418422E-02,-0.563873273297,0.8));
#5682 = CARTESIAN_POINT('',(9.099763428801E-02,-0.556741016829,0.8));
#5683 = CARTESIAN_POINT('',(9.111369016628E-02,-0.553159432663,0.8));
#5684 = PCURVE('',#3598,#5685);
#5685 = DEFINITIONAL_REPRESENTATION('',(#5686),#5690);
#5686 = LINE('',#5687,#5688);
#5687 = CARTESIAN_POINT('',(-3.125967365099E-15,-2.636888103703E-15));
#5688 = VECTOR('',#5689,1.);
#5689 = DIRECTION('',(1.,-1.110366625837E-14));
#5690 = ( GEOMETRIC_REPRESENTATION_CONTEXT(2) 
PARAMETRIC_REPRESENTATION_CONTEXT() REPRESENTATION_CONTEXT('2D SPACE',''
  ) );
#5691 = PCURVE('',#5635,#5692);
#5692 = DEFINITIONAL_REPRESENTATION('',(#5693),#5701);
#5693 = B_SPLINE_CURVE_WITH_KNOTS('',3,(#5694,#5695,#5696,#5697,#5698,
    #5699,#5700),.UNSPECIFIED.,.F.,.F.,(4,1,1,1,4),(0.,0.253385962898,
    0.503117550802,0.750482007972,1.),.UNSPECIFIED.);
#5694 = CARTESIAN_POINT('',(7.400174925566E-03,-2.016275556467E-02));
#5695 = CARTESIAN_POINT('',(5.870075767478E-03,-1.686117925991E-02));
#5696 = CARTESIAN_POINT('',(2.831944798829E-03,-1.030564253942E-02));
#5697 = CARTESIAN_POINT('',(-1.984522841913E-04,5.570412292677E-05));
#5698 = CARTESIAN_POINT('',(-2.161195677738E-03,1.061540075252E-02));
#5699 = CARTESIAN_POINT('',(-2.392305781534E-03,1.774765722039E-02));
#5700 = CARTESIAN_POINT('',(-2.5083616598E-03,2.132924138655E-02));
#5701 = ( GEOMETRIC_REPRESENTATION_CONTEXT(2) 
PARAMETRIC_REPRESENTATION_CONTEXT() REPRESENTATION_CONTEXT('2D SPACE',''
  ) );
#5702 = ORIENTED_EDGE('',*,*,#5703,.T.);
#5703 = EDGE_CURVE('',#5673,#3575,#5704,.T.);
#5704 = SURFACE_CURVE('',#5705,(#5709,#5715),.PCURVE_S1.);
#5705 = LINE('',#5706,#5707);
#5706 = CARTESIAN_POINT('',(9.111369016628E-02,-0.553159432663,0.8));
#5707 = VECTOR('',#5708,1.);
#5708 = DIRECTION('',(-0.,-0.,1.));
#5709 = PCURVE('',#3598,#5710);
#5710 = DEFINITIONAL_REPRESENTATION('',(#5711),#5714);
#5711 = B_SPLINE_CURVE_WITH_KNOTS('',1,(#5712,#5713),.UNSPECIFIED.,.F.,
  .F.,(2,2),(0.,1.E-02),.PIECEWISE_BEZIER_KNOTS.);
#5712 = CARTESIAN_POINT('',(1.,-1.374055436207E-14));
#5713 = CARTESIAN_POINT('',(1.,1.));
#5714 = ( GEOMETRIC_REPRESENTATION_CONTEXT(2) 
PARAMETRIC_REPRESENTATION_CONTEXT() REPRESENTATION_CONTEXT('2D SPACE',''
  ) );
#5715 = PCURVE('',#3668,#5716);
#5716 = DEFINITIONAL_REPRESENTATION('',(#5717),#5720);
#5717 = B_SPLINE_CURVE_WITH_KNOTS('',1,(#5718,#5719),.UNSPECIFIED.,.F.,
  .F.,(2,2),(0.,1.E-02),.PIECEWISE_BEZIER_KNOTS.);
#5718 = CARTESIAN_POINT('',(8.871452247929E-16,2.914175590375E-15));
#5719 = CARTESIAN_POINT('',(9.515502219704E-16,1.));
#5720 = ( GEOMETRIC_REPRESENTATION_CONTEXT(2) 
PARAMETRIC_REPRESENTATION_CONTEXT() REPRESENTATION_CONTEXT('2D SPACE',''
  ) );
#5721 = ADVANCED_FACE('',(#5722),#3668,.T.);
#5722 = FACE_BOUND('',#5723,.T.);
#5723 = EDGE_LOOP('',(#5724,#5725,#5726,#5781));
#5724 = ORIENTED_EDGE('',*,*,#3620,.F.);
#5725 = ORIENTED_EDGE('',*,*,#5703,.F.);
#5726 = ORIENTED_EDGE('',*,*,#5727,.T.);
#5727 = EDGE_CURVE('',#5673,#5728,#5730,.T.);
#5728 = VERTEX_POINT('',#5729);
#5729 = CARTESIAN_POINT('',(-1.159210251665E-02,-0.479893426565,0.8));
#5730 = SURFACE_CURVE('',#5731,(#5751,#5758),.PCURVE_S1.);
#5731 = B_SPLINE_CURVE_WITH_KNOTS('',3,(#5732,#5733,#5734,#5735,#5736,
    #5737,#5738,#5739,#5740,#5741,#5742,#5743,#5744,#5745,#5746,#5747,
    #5748,#5749,#5750),.UNSPECIFIED.,.F.,.F.,(4,1,1,1,1,1,1,1,1,1,1,1,1,
    1,1,1,4),(0.,5.708102691571E-02,0.111808738632,0.1649514224,
    0.217655613498,0.270929781875,0.324975618992,0.3812598987,
    0.439781558631,0.500680848579,0.562982704318,0.627871132035,
    0.695073621408,0.765681159641,0.839763767646,0.917996647512,1.),
  .UNSPECIFIED.);
#5732 = CARTESIAN_POINT('',(9.111369016628E-02,-0.553159432663,0.8));
#5733 = CARTESIAN_POINT('',(9.103513231148E-02,-0.550470544803,0.8));
#5734 = CARTESIAN_POINT('',(9.08812553557E-02,-0.545203625545,0.8));
#5735 = CARTESIAN_POINT('',(8.956143427011E-02,-0.537523779887,0.8));
#5736 = CARTESIAN_POINT('',(8.740915569691E-02,-0.530260599378,0.8));
#5737 = CARTESIAN_POINT('',(8.439252791955E-02,-0.523378133469,0.8));
#5738 = CARTESIAN_POINT('',(8.044663758715E-02,-0.516936934238,0.8));
#5739 = CARTESIAN_POINT('',(7.568258230607E-02,-0.510861666238,0.8));
#5740 = CARTESIAN_POINT('',(7.002485403719E-02,-0.505250778492,0.8));
#5741 = CARTESIAN_POINT('',(6.356816482248E-02,-0.500060610366,0.8));
#5742 = CARTESIAN_POINT('',(5.640784603072E-02,-0.495349576384,0.8));
#5743 = CARTESIAN_POINT('',(4.851595206076E-02,-0.491301310584,0.8));
#5744 = CARTESIAN_POINT('',(4.003596526476E-02,-0.487832613817,0.8));
#5745 = CARTESIAN_POINT('',(3.092240240535E-02,-0.484965084982,0.8));
#5746 = CARTESIAN_POINT('',(2.118654444674E-02,-0.482745088689,0.8));
#5747 = CARTESIAN_POINT('',(1.080791113801E-02,-0.481141087753,0.8));
#5748 = CARTESIAN_POINT('',(-1.871666655015E-04,-0.480131117286,0.8));
#5749 = CARTESIAN_POINT('',(-7.731284412489E-03,-0.479973890029,0.8));
#5750 = CARTESIAN_POINT('',(-1.159210251665E-02,-0.479893426565,0.8));
#5751 = PCURVE('',#3668,#5752);
#5752 = DEFINITIONAL_REPRESENTATION('',(#5753),#5757);
#5753 = LINE('',#5754,#5755);
#5754 = CARTESIAN_POINT('',(8.871452247929E-16,2.914175590375E-15));
#5755 = VECTOR('',#5756,1.);
#5756 = DIRECTION('',(1.,-1.665340236055E-14));
#5757 = ( GEOMETRIC_REPRESENTATION_CONTEXT(2) 
PARAMETRIC_REPRESENTATION_CONTEXT() REPRESENTATION_CONTEXT('2D SPACE',''
  ) );
#5758 = PCURVE('',#5635,#5759);
#5759 = DEFINITIONAL_REPRESENTATION('',(#5760),#5780);
#5760 = B_SPLINE_CURVE_WITH_KNOTS('',3,(#5761,#5762,#5763,#5764,#5765,
    #5766,#5767,#5768,#5769,#5770,#5771,#5772,#5773,#5774,#5775,#5776,
    #5777,#5778,#5779),.UNSPECIFIED.,.F.,.F.,(4,1,1,1,1,1,1,1,1,1,1,1,1,
    1,1,1,4),(0.,5.708102691571E-02,0.111808738632,0.1649514224,
    0.217655613498,0.270929781875,0.324975618992,0.3812598987,
    0.439781558631,0.500680848579,0.562982704318,0.627871132035,
    0.695073621408,0.765681159641,0.839763767646,0.917996647512,1.),
  .UNSPECIFIED.);
#5761 = CARTESIAN_POINT('',(-2.5083616598E-03,2.132924138655E-02));
#5762 = CARTESIAN_POINT('',(-2.429803805001E-03,2.401812924647E-02));
#5763 = CARTESIAN_POINT('',(-2.275926849217E-03,2.928504850469E-02));
#5764 = CARTESIAN_POINT('',(-9.561057636273E-04,3.696489416236E-02));
#5765 = CARTESIAN_POINT('',(1.19617280957E-03,4.422807467107E-02));
#5766 = CARTESIAN_POINT('',(4.212800586934E-03,5.111054058034E-02));
#5767 = CARTESIAN_POINT('',(8.158690919333E-03,5.755173981161E-02));
#5768 = CARTESIAN_POINT('',(1.292274620041E-02,6.36270078117E-02));
#5769 = CARTESIAN_POINT('',(1.858047446929E-02,6.923789555722E-02));
#5770 = CARTESIAN_POINT('',(2.5037163684E-02,7.44280636833E-02));
#5771 = CARTESIAN_POINT('',(3.219748247576E-02,7.913909766579E-02));
#5772 = CARTESIAN_POINT('',(4.008937644572E-02,8.318736346589E-02));
#5773 = CARTESIAN_POINT('',(4.856936324172E-02,8.665606023281E-02));
#5774 = CARTESIAN_POINT('',(5.768292610113E-02,8.952358906782E-02));
#5775 = CARTESIAN_POINT('',(6.741878405974E-02,9.174358536013E-02));
#5776 = CARTESIAN_POINT('',(7.779741736847E-02,9.334758629632E-02));
#5777 = CARTESIAN_POINT('',(8.879249517198E-02,9.435755676321E-02));
#5778 = CARTESIAN_POINT('',(9.633661291897E-02,9.451478402071E-02));
#5779 = CARTESIAN_POINT('',(0.100197431023,9.459524748412E-02));
#5780 = ( GEOMETRIC_REPRESENTATION_CONTEXT(2) 
PARAMETRIC_REPRESENTATION_CONTEXT() REPRESENTATION_CONTEXT('2D SPACE',''
  ) );
#5781 = ORIENTED_EDGE('',*,*,#5782,.T.);
#5782 = EDGE_CURVE('',#5728,#3621,#5783,.T.);
#5783 = SURFACE_CURVE('',#5784,(#5788,#5794),.PCURVE_S1.);
#5784 = LINE('',#5785,#5786);
#5785 = CARTESIAN_POINT('',(-1.159210251665E-02,-0.479893426565,0.8));
#5786 = VECTOR('',#5787,1.);
#5787 = DIRECTION('',(-0.,-0.,1.));
#5788 = PCURVE('',#3668,#5789);
#5789 = DEFINITIONAL_REPRESENTATION('',(#5790),#5793);
#5790 = B_SPLINE_CURVE_WITH_KNOTS('',1,(#5791,#5792),.UNSPECIFIED.,.F.,
  .F.,(2,2),(0.,1.E-02),.PIECEWISE_BEZIER_KNOTS.);
#5791 = CARTESIAN_POINT('',(1.,-1.373922677017E-14));
#5792 = CARTESIAN_POINT('',(1.,1.));
#5793 = ( GEOMETRIC_REPRESENTATION_CONTEXT(2) 
PARAMETRIC_REPRESENTATION_CONTEXT() REPRESENTATION_CONTEXT('2D SPACE',''
  ) );
#5794 = PCURVE('',#3730,#5795);
#5795 = DEFINITIONAL_REPRESENTATION('',(#5796),#5800);
#5796 = LINE('',#5797,#5798);
#5797 = CARTESIAN_POINT('',(0.,0.));
#5798 = VECTOR('',#5799,1.);
#5799 = DIRECTION('',(1.,0.));
#5800 = ( GEOMETRIC_REPRESENTATION_CONTEXT(2) 
PARAMETRIC_REPRESENTATION_CONTEXT() REPRESENTATION_CONTEXT('2D SPACE',''
  ) );
#5801 = ADVANCED_FACE('',(#5802),#3730,.T.);
#5802 = FACE_BOUND('',#5803,.T.);
#5803 = EDGE_LOOP('',(#5804,#5805,#5806,#5829));
#5804 = ORIENTED_EDGE('',*,*,#3714,.F.);
#5805 = ORIENTED_EDGE('',*,*,#5782,.F.);
#5806 = ORIENTED_EDGE('',*,*,#5807,.T.);
#5807 = EDGE_CURVE('',#5728,#5808,#5810,.T.);
#5808 = VERTEX_POINT('',#5809);
#5809 = CARTESIAN_POINT('',(-1.159210251665E-02,-0.480703258882,0.8));
#5810 = SURFACE_CURVE('',#5811,(#5815,#5822),.PCURVE_S1.);
#5811 = LINE('',#5812,#5813);
#5812 = CARTESIAN_POINT('',(-1.159210251665E-02,-0.479893426565,0.8));
#5813 = VECTOR('',#5814,1.);
#5814 = DIRECTION('',(0.,-1.,0.));
#5815 = PCURVE('',#3730,#5816);
#5816 = DEFINITIONAL_REPRESENTATION('',(#5817),#5821);
#5817 = LINE('',#5818,#5819);
#5818 = CARTESIAN_POINT('',(0.,0.));
#5819 = VECTOR('',#5820,1.);
#5820 = DIRECTION('',(0.,-1.));
#5821 = ( GEOMETRIC_REPRESENTATION_CONTEXT(2) 
PARAMETRIC_REPRESENTATION_CONTEXT() REPRESENTATION_CONTEXT('2D SPACE',''
  ) );
#5822 = PCURVE('',#5635,#5823);
#5823 = DEFINITIONAL_REPRESENTATION('',(#5824),#5828);
#5824 = LINE('',#5825,#5826);
#5825 = CARTESIAN_POINT('',(0.100197431023,9.459524748412E-02));
#5826 = VECTOR('',#5827,1.);
#5827 = DIRECTION('',(0.,-1.));
#5828 = ( GEOMETRIC_REPRESENTATION_CONTEXT(2) 
PARAMETRIC_REPRESENTATION_CONTEXT() REPRESENTATION_CONTEXT('2D SPACE',''
  ) );
#5829 = ORIENTED_EDGE('',*,*,#5830,.T.);
#5830 = EDGE_CURVE('',#5808,#3715,#5831,.T.);
#5831 = SURFACE_CURVE('',#5832,(#5836,#5843),.PCURVE_S1.);
#5832 = LINE('',#5833,#5834);
#5833 = CARTESIAN_POINT('',(-1.159210251665E-02,-0.480703258882,0.8));
#5834 = VECTOR('',#5835,1.);
#5835 = DIRECTION('',(-0.,-0.,1.));
#5836 = PCURVE('',#3730,#5837);
#5837 = DEFINITIONAL_REPRESENTATION('',(#5838),#5842);
#5838 = LINE('',#5839,#5840);
#5839 = CARTESIAN_POINT('',(0.,-8.098323170732E-04));
#5840 = VECTOR('',#5841,1.);
#5841 = DIRECTION('',(1.,0.));
#5842 = ( GEOMETRIC_REPRESENTATION_CONTEXT(2) 
PARAMETRIC_REPRESENTATION_CONTEXT() REPRESENTATION_CONTEXT('2D SPACE',''
  ) );
#5843 = PCURVE('',#3774,#5844);
#5844 = DEFINITIONAL_REPRESENTATION('',(#5845),#5848);
#5845 = B_SPLINE_CURVE_WITH_KNOTS('',1,(#5846,#5847),.UNSPECIFIED.,.F.,
  .F.,(2,2),(0.,1.E-02),.PIECEWISE_BEZIER_KNOTS.);
#5846 = CARTESIAN_POINT('',(-1.80283615633E-16,-2.636888104117E-15));
#5847 = CARTESIAN_POINT('',(-3.106526396612E-17,1.));
#5848 = ( GEOMETRIC_REPRESENTATION_CONTEXT(2) 
PARAMETRIC_REPRESENTATION_CONTEXT() REPRESENTATION_CONTEXT('2D SPACE',''
  ) );
#5849 = ADVANCED_FACE('',(#5850),#3774,.T.);
#5850 = FACE_BOUND('',#5851,.T.);
#5851 = EDGE_LOOP('',(#5852,#5853,#5854,#5893));
#5852 = ORIENTED_EDGE('',*,*,#3742,.F.);
#5853 = ORIENTED_EDGE('',*,*,#5830,.F.);
#5854 = ORIENTED_EDGE('',*,*,#5855,.T.);
#5855 = EDGE_CURVE('',#5808,#5856,#5858,.T.);
#5856 = VERTEX_POINT('',#5857);
#5857 = CARTESIAN_POINT('',(2.404051943457E-02,-0.537963167419,0.8));
#5858 = SURFACE_CURVE('',#5859,(#5871,#5878),.PCURVE_S1.);
#5859 = B_SPLINE_CURVE_WITH_KNOTS('',3,(#5860,#5861,#5862,#5863,#5864,
    #5865,#5866,#5867,#5868,#5869,#5870),.UNSPECIFIED.,.F.,.F.,(4,1,1,1,
    1,1,1,1,4),(0.,0.134745551926,0.261853510509,0.383986791833,
    0.502296938367,0.620417103861,0.740834192879,0.867050327247,1.),
  .UNSPECIFIED.);
#5860 = CARTESIAN_POINT('',(-1.159210251665E-02,-0.480703258882,0.8));
#5861 = CARTESIAN_POINT('',(-8.769423696332E-03,-0.482236118005,0.8));
#5862 = CARTESIAN_POINT('',(-3.28406000473E-03,-0.485214951345,0.8));
#5863 = CARTESIAN_POINT('',(4.031391655281E-03,-0.490761519808,0.8));
#5864 = CARTESIAN_POINT('',(1.023477584625E-02,-0.496975156922,0.8));
#5865 = CARTESIAN_POINT('',(1.531059451171E-02,-0.503880348657,0.8));
#5866 = CARTESIAN_POINT('',(1.92716126276E-02,-0.511438667773,0.8));
#5867 = CARTESIAN_POINT('',(2.202639627971E-02,-0.519706164376,0.8));
#5868 = CARTESIAN_POINT('',(2.372441281454E-02,-0.528620488336,0.8));
#5869 = CARTESIAN_POINT('',(2.393334113163E-02,-0.53479546252,0.8));
#5870 = CARTESIAN_POINT('',(2.404051943457E-02,-0.537963167419,0.8));
#5871 = PCURVE('',#3774,#5872);
#5872 = DEFINITIONAL_REPRESENTATION('',(#5873),#5877);
#5873 = LINE('',#5874,#5875);
#5874 = CARTESIAN_POINT('',(-3.106526396612E-17,-2.636888104117E-15));
#5875 = VECTOR('',#5876,1.);
#5876 = DIRECTION('',(1.,-1.111332128138E-14));
#5877 = ( GEOMETRIC_REPRESENTATION_CONTEXT(2) 
PARAMETRIC_REPRESENTATION_CONTEXT() REPRESENTATION_CONTEXT('2D SPACE',''
  ) );
#5878 = PCURVE('',#5635,#5879);
#5879 = DEFINITIONAL_REPRESENTATION('',(#5880),#5892);
#5880 = B_SPLINE_CURVE_WITH_KNOTS('',3,(#5881,#5882,#5883,#5884,#5885,
    #5886,#5887,#5888,#5889,#5890,#5891),.UNSPECIFIED.,.F.,.F.,(4,1,1,1,
    1,1,1,1,4),(0.,0.134745551926,0.261853510509,0.383986791833,
    0.502296938367,0.620417103861,0.740834192879,0.867050327247,1.),
  .UNSPECIFIED.);
#5881 = CARTESIAN_POINT('',(0.100197431023,9.378541516704E-02));
#5882 = CARTESIAN_POINT('',(9.737475220281E-02,9.22525560441E-02));
#5883 = CARTESIAN_POINT('',(9.188938851121E-02,8.927372270438E-02));
#5884 = CARTESIAN_POINT('',(8.45739368512E-02,8.372715424108E-02));
#5885 = CARTESIAN_POINT('',(7.837055266023E-02,7.751351712714E-02));
#5886 = CARTESIAN_POINT('',(7.329473399477E-02,7.060832539264E-02));
#5887 = CARTESIAN_POINT('',(6.933371587888E-02,6.30500062769E-02));
#5888 = CARTESIAN_POINT('',(6.657893222677E-02,5.478250967394E-02));
#5889 = CARTESIAN_POINT('',(6.488091569194E-02,4.586818571354E-02));
#5890 = CARTESIAN_POINT('',(6.467198737484E-02,3.969321152986E-02));
#5891 = CARTESIAN_POINT('',(6.456480907191E-02,3.652550663046E-02));
#5892 = ( GEOMETRIC_REPRESENTATION_CONTEXT(2) 
PARAMETRIC_REPRESENTATION_CONTEXT() REPRESENTATION_CONTEXT('2D SPACE',''
  ) );
#5893 = ORIENTED_EDGE('',*,*,#5894,.T.);
#5894 = EDGE_CURVE('',#5856,#3743,#5895,.T.);
#5895 = SURFACE_CURVE('',#5896,(#5900,#5906),.PCURVE_S1.);
#5896 = LINE('',#5897,#5898);
#5897 = CARTESIAN_POINT('',(2.404051943457E-02,-0.537963167419,0.8));
#5898 = VECTOR('',#5899,1.);
#5899 = DIRECTION('',(-0.,-0.,1.));
#5900 = PCURVE('',#3774,#5901);
#5901 = DEFINITIONAL_REPRESENTATION('',(#5902),#5905);
#5902 = B_SPLINE_CURVE_WITH_KNOTS('',1,(#5903,#5904),.UNSPECIFIED.,.F.,
  .F.,(2,2),(0.,1.E-02),.PIECEWISE_BEZIER_KNOTS.);
#5903 = CARTESIAN_POINT('',(1.,-1.37502093855E-14));
#5904 = CARTESIAN_POINT('',(1.,1.));
#5905 = ( GEOMETRIC_REPRESENTATION_CONTEXT(2) 
PARAMETRIC_REPRESENTATION_CONTEXT() REPRESENTATION_CONTEXT('2D SPACE',''
  ) );
#5906 = PCURVE('',#3852,#5907);
#5907 = DEFINITIONAL_REPRESENTATION('',(#5908),#5911);
#5908 = B_SPLINE_CURVE_WITH_KNOTS('',1,(#5909,#5910),.UNSPECIFIED.,.F.,
  .F.,(2,2),(0.,1.E-02),.PIECEWISE_BEZIER_KNOTS.);
#5909 = CARTESIAN_POINT('',(-7.769717208947E-16,-2.636888103702E-15));
#5910 = CARTESIAN_POINT('',(-7.763050576515E-16,1.));
#5911 = ( GEOMETRIC_REPRESENTATION_CONTEXT(2) 
PARAMETRIC_REPRESENTATION_CONTEXT() REPRESENTATION_CONTEXT('2D SPACE',''
  ) );
#5912 = ADVANCED_FACE('',(#5913),#3852,.T.);
#5913 = FACE_BOUND('',#5914,.T.);
#5914 = EDGE_LOOP('',(#5915,#5916,#5917,#5972));
#5915 = ORIENTED_EDGE('',*,*,#3804,.F.);
#5916 = ORIENTED_EDGE('',*,*,#5894,.F.);
#5917 = ORIENTED_EDGE('',*,*,#5918,.T.);
#5918 = EDGE_CURVE('',#5856,#5919,#5921,.T.);
#5919 = VERTEX_POINT('',#5920);
#5920 = CARTESIAN_POINT('',(-5.351283422397E-02,-0.609895332053,0.8));
#5921 = SURFACE_CURVE('',#5922,(#5942,#5949),.PCURVE_S1.);
#5922 = B_SPLINE_CURVE_WITH_KNOTS('',3,(#5923,#5924,#5925,#5926,#5927,
    #5928,#5929,#5930,#5931,#5932,#5933,#5934,#5935,#5936,#5937,#5938,
    #5939,#5940,#5941),.UNSPECIFIED.,.F.,.F.,(4,1,1,1,1,1,1,1,1,1,1,1,1,
    1,1,1,4),(0.,6.714366493508E-02,0.131186634795,0.192693303672,
    0.252548423402,0.311314712998,0.369390461409,0.428263831784,
    0.487847940312,0.547974175699,0.608112343919,0.668482070647,
    0.730102703213,0.793786130752,0.859333941366,0.928082804675,1.),
  .UNSPECIFIED.);
#5923 = CARTESIAN_POINT('',(2.404051943457E-02,-0.537963167419,0.8));
#5924 = CARTESIAN_POINT('',(2.397924635165E-02,-0.540633955127,0.8));
#5925 = CARTESIAN_POINT('',(2.385952977735E-02,-0.545852193542,0.8));
#5926 = CARTESIAN_POINT('',(2.284461642646E-02,-0.553464768286,0.8));
#5927 = CARTESIAN_POINT('',(2.116105660751E-02,-0.56065070831,0.8));
#5928 = CARTESIAN_POINT('',(1.890893453821E-02,-0.567466811163,0.8));
#5929 = CARTESIAN_POINT('',(1.586584141723E-02,-0.573817143908,0.8));
#5930 = CARTESIAN_POINT('',(1.223147358675E-02,-0.579801513307,0.8));
#5931 = CARTESIAN_POINT('',(7.865542892642E-03,-0.585317932211,0.8));
#5932 = CARTESIAN_POINT('',(2.918615513091E-03,-0.590431780075,0.8));
#5933 = CARTESIAN_POINT('',(-2.61922989207E-03,-0.594976565935,0.8));
#5934 = CARTESIAN_POINT('',(-8.572365031353E-03,-0.599020523765,0.8));
#5935 = CARTESIAN_POINT('',(-1.502299951558E-02,-0.60234421094,0.8));
#5936 = CARTESIAN_POINT('',(-2.186821845849E-02,-0.605138202122,0.8));
#5937 = CARTESIAN_POINT('',(-2.916841580628E-02,-0.607264036515,0.8));
#5938 = CARTESIAN_POINT('',(-3.690206872392E-02,-0.608769672216,0.8));
#5939 = CARTESIAN_POINT('',(-4.505502015267E-02,-0.609767077667,0.8));
#5940 = CARTESIAN_POINT('',(-5.065154456329E-02,-0.609851943425,0.8));
#5941 = CARTESIAN_POINT('',(-5.351283422397E-02,-0.609895332053,0.8));
#5942 = PCURVE('',#3852,#5943);
#5943 = DEFINITIONAL_REPRESENTATION('',(#5944),#5948);
#5944 = LINE('',#5945,#5946);
#5945 = CARTESIAN_POINT('',(-7.763050576515E-16,-2.636888103702E-15));
#5946 = VECTOR('',#5947,1.);
#5947 = DIRECTION('',(1.,-1.110233866647E-14));
#5948 = ( GEOMETRIC_REPRESENTATION_CONTEXT(2) 
PARAMETRIC_REPRESENTATION_CONTEXT() REPRESENTATION_CONTEXT('2D SPACE',''
  ) );
#5949 = PCURVE('',#5635,#5950);
#5950 = DEFINITIONAL_REPRESENTATION('',(#5951),#5971);
#5951 = B_SPLINE_CURVE_WITH_KNOTS('',3,(#5952,#5953,#5954,#5955,#5956,
    #5957,#5958,#5959,#5960,#5961,#5962,#5963,#5964,#5965,#5966,#5967,
    #5968,#5969,#5970),.UNSPECIFIED.,.F.,.F.,(4,1,1,1,1,1,1,1,1,1,1,1,1,
    1,1,1,4),(0.,6.714366493508E-02,0.131186634795,0.192693303672,
    0.252548423402,0.311314712998,0.369390461409,0.428263831784,
    0.487847940312,0.547974175699,0.608112343919,0.668482070647,
    0.730102703213,0.793786130752,0.859333941366,0.928082804675,1.),
  .UNSPECIFIED.);
#5952 = CARTESIAN_POINT('',(6.456480907191E-02,3.652550663046E-02));
#5953 = CARTESIAN_POINT('',(6.462608215483E-02,3.385471892228E-02));
#5954 = CARTESIAN_POINT('',(6.474579872913E-02,2.86364805073E-02));
#5955 = CARTESIAN_POINT('',(6.576071208002E-02,2.102390576382E-02));
#5956 = CARTESIAN_POINT('',(6.744427189897E-02,1.383796573926E-02));
#5957 = CARTESIAN_POINT('',(6.969639396827E-02,7.021862886714E-03));
#5958 = CARTESIAN_POINT('',(7.273948708925E-02,6.715301410272E-04));
#5959 = CARTESIAN_POINT('',(7.637385491973E-02,-5.312839257294E-03));
#5960 = CARTESIAN_POINT('',(8.073978561384E-02,-1.082925816138E-02));
#5961 = CARTESIAN_POINT('',(8.568671299339E-02,-1.594310602569E-02));
#5962 = CARTESIAN_POINT('',(9.122455839855E-02,-2.048789188537E-02));
#5963 = CARTESIAN_POINT('',(9.717769353783E-02,-2.453184971532E-02));
#5964 = CARTESIAN_POINT('',(0.103628328022,-2.785553689012E-02));
#5965 = CARTESIAN_POINT('',(0.110473546965,-3.064952807287E-02));
#5966 = CARTESIAN_POINT('',(0.117773744313,-3.277536246536E-02));
#5967 = CARTESIAN_POINT('',(0.12550739723,-3.428099816649E-02));
#5968 = CARTESIAN_POINT('',(0.133660348659,-3.527840361704E-02));
#5969 = CARTESIAN_POINT('',(0.13925687307,-3.536326937545E-02));
#5970 = CARTESIAN_POINT('',(0.14211816273,-3.540665800369E-02));
#5971 = ( GEOMETRIC_REPRESENTATION_CONTEXT(2) 
PARAMETRIC_REPRESENTATION_CONTEXT() REPRESENTATION_CONTEXT('2D SPACE',''
  ) );
#5972 = ORIENTED_EDGE('',*,*,#5973,.T.);
#5973 = EDGE_CURVE('',#5919,#3805,#5974,.T.);
#5974 = SURFACE_CURVE('',#5975,(#5979,#5985),.PCURVE_S1.);
#5975 = LINE('',#5976,#5977);
#5976 = CARTESIAN_POINT('',(-5.351283422397E-02,-0.609895332053,0.8));
#5977 = VECTOR('',#5978,1.);
#5978 = DIRECTION('',(-0.,-0.,1.));
#5979 = PCURVE('',#3852,#5980);
#5980 = DEFINITIONAL_REPRESENTATION('',(#5981),#5984);
#5981 = B_SPLINE_CURVE_WITH_KNOTS('',1,(#5982,#5983),.UNSPECIFIED.,.F.,
  .F.,(2,2),(0.,1.E-02),.PIECEWISE_BEZIER_KNOTS.);
#5982 = CARTESIAN_POINT('',(1.,-1.373922677017E-14));
#5983 = CARTESIAN_POINT('',(1.,1.));
#5984 = ( GEOMETRIC_REPRESENTATION_CONTEXT(2) 
PARAMETRIC_REPRESENTATION_CONTEXT() REPRESENTATION_CONTEXT('2D SPACE',''
  ) );
#5985 = PCURVE('',#3946,#5986);
#5986 = DEFINITIONAL_REPRESENTATION('',(#5987),#5990);
#5987 = B_SPLINE_CURVE_WITH_KNOTS('',1,(#5988,#5989),.UNSPECIFIED.,.F.,
  .F.,(2,2),(0.,1.E-02),.PIECEWISE_BEZIER_KNOTS.);
#5988 = CARTESIAN_POINT('',(-1.269982760803E-17,-2.636888103702E-15));
#5989 = CARTESIAN_POINT('',(3.688865848701E-18,1.));
#5990 = ( GEOMETRIC_REPRESENTATION_CONTEXT(2) 
PARAMETRIC_REPRESENTATION_CONTEXT() REPRESENTATION_CONTEXT('2D SPACE',''
  ) );
#5991 = ADVANCED_FACE('',(#5992),#3946,.T.);
#5992 = FACE_BOUND('',#5993,.T.);
#5993 = EDGE_LOOP('',(#5994,#5995,#5996,#6051));
#5994 = ORIENTED_EDGE('',*,*,#3898,.F.);
#5995 = ORIENTED_EDGE('',*,*,#5973,.F.);
#5996 = ORIENTED_EDGE('',*,*,#5997,.T.);
#5997 = EDGE_CURVE('',#5919,#5998,#6000,.T.);
#5998 = VERTEX_POINT('',#5999);
#5999 = CARTESIAN_POINT('',(-0.137544846419,-0.530150667419,0.8));
#6000 = SURFACE_CURVE('',#6001,(#6021,#6028),.PCURVE_S1.);
#6001 = B_SPLINE_CURVE_WITH_KNOTS('',3,(#6002,#6003,#6004,#6005,#6006,
    #6007,#6008,#6009,#6010,#6011,#6012,#6013,#6014,#6015,#6016,#6017,
    #6018,#6019,#6020),.UNSPECIFIED.,.F.,.F.,(4,1,1,1,1,1,1,1,1,1,1,1,1,
    1,1,1,4),(0.,6.936631857344E-02,0.13587548363,0.200043829005,
    0.2627951384,0.324245699629,0.385482458108,0.446837722467,
    0.508737582158,0.570480777161,0.630859209682,0.690303609467,
    0.749688011843,0.809887948182,0.871001568957,0.934283335378,1.),
  .UNSPECIFIED.);
#6002 = CARTESIAN_POINT('',(-5.351283422397E-02,-0.609895332053,0.8));
#6003 = CARTESIAN_POINT('',(-5.651716419891E-02,-0.609837687028,0.8));
#6004 = CARTESIAN_POINT('',(-6.240207775243E-02,-0.60972477134,0.8));
#6005 = CARTESIAN_POINT('',(-7.101218708233E-02,-0.608651728331,0.8));
#6006 = CARTESIAN_POINT('',(-7.921198362327E-02,-0.606898066506,0.8));
#6007 = CARTESIAN_POINT('',(-8.699333397447E-02,-0.604412558293,0.8));
#6008 = CARTESIAN_POINT('',(-9.438871745814E-02,-0.601256526136,0.8));
#6009 = CARTESIAN_POINT('',(-0.101373639717,-0.597389973344,0.8));
#6010 = CARTESIAN_POINT('',(-0.107916017623,-0.592784261202,0.8));
#6011 = CARTESIAN_POINT('',(-0.114007113986,-0.587562903551,0.8));
#6012 = CARTESIAN_POINT('',(-0.11949909565,-0.581773694432,0.8));
#6013 = CARTESIAN_POINT('',(-0.124352950859,-0.575571506544,0.8));
#6014 = CARTESIAN_POINT('',(-0.128414234531,-0.568943567084,0.8));
#6015 = CARTESIAN_POINT('',(-0.131795003188,-0.561951127915,0.8));
#6016 = CARTESIAN_POINT('',(-0.134338608134,-0.554536234522,0.8));
#6017 = CARTESIAN_POINT('',(-0.136223343801,-0.546758634512,0.8));
#6018 = CARTESIAN_POINT('',(-0.137321537203,-0.538582067582,0.8));
#6019 = CARTESIAN_POINT('',(-0.137469479192,-0.532996278823,0.8));
#6020 = CARTESIAN_POINT('',(-0.137544846419,-0.530150667419,0.8));
#6021 = PCURVE('',#3946,#6022);
#6022 = DEFINITIONAL_REPRESENTATION('',(#6023),#6027);
#6023 = LINE('',#6024,#6025);
#6024 = CARTESIAN_POINT('',(3.688865848701E-18,-2.636888103702E-15));
#6025 = VECTOR('',#6026,1.);
#6026 = DIRECTION('',(1.,1.203012880462E-28));
#6027 = ( GEOMETRIC_REPRESENTATION_CONTEXT(2) 
PARAMETRIC_REPRESENTATION_CONTEXT() REPRESENTATION_CONTEXT('2D SPACE',''
  ) );
#6028 = PCURVE('',#5635,#6029);
#6029 = DEFINITIONAL_REPRESENTATION('',(#6030),#6050);
#6030 = B_SPLINE_CURVE_WITH_KNOTS('',3,(#6031,#6032,#6033,#6034,#6035,
    #6036,#6037,#6038,#6039,#6040,#6041,#6042,#6043,#6044,#6045,#6046,
    #6047,#6048,#6049),.UNSPECIFIED.,.F.,.F.,(4,1,1,1,1,1,1,1,1,1,1,1,1,
    1,1,1,4),(0.,6.936631857344E-02,0.13587548363,0.200043829005,
    0.2627951384,0.324245699629,0.385482458108,0.446837722467,
    0.508737582158,0.570480777161,0.630859209682,0.690303609467,
    0.749688011843,0.809887948182,0.871001568957,0.934283335378,1.),
  .UNSPECIFIED.);
#6031 = CARTESIAN_POINT('',(0.14211816273,-3.540665800369E-02));
#6032 = CARTESIAN_POINT('',(0.145122492705,-3.534901297894E-02));
#6033 = CARTESIAN_POINT('',(0.151007406259,-3.52360972905E-02));
#6034 = CARTESIAN_POINT('',(0.159617515589,-3.416305428167E-02));
#6035 = CARTESIAN_POINT('',(0.16781731213,-3.240939245616E-02));
#6036 = CARTESIAN_POINT('',(0.175598662481,-2.992388424325E-02));
#6037 = CARTESIAN_POINT('',(0.182994045965,-2.676785208603E-02));
#6038 = CARTESIAN_POINT('',(0.189978968224,-2.290129929458E-02));
#6039 = CARTESIAN_POINT('',(0.19652134613,-1.829558715226E-02));
#6040 = CARTESIAN_POINT('',(0.202612442492,-1.307422950167E-02));
#6041 = CARTESIAN_POINT('',(0.208104424156,-7.285020382648E-03));
#6042 = CARTESIAN_POINT('',(0.212958279366,-1.082832494646E-03));
#6043 = CARTESIAN_POINT('',(0.217019563037,5.545106965814E-03));
#6044 = CARTESIAN_POINT('',(0.220400331695,1.253754613446E-02));
#6045 = CARTESIAN_POINT('',(0.22294393664,1.995243952787E-02));
#6046 = CARTESIAN_POINT('',(0.224828672308,2.773003953765E-02));
#6047 = CARTESIAN_POINT('',(0.225926865709,3.590660646766E-02));
#6048 = CARTESIAN_POINT('',(0.226074807698,4.149239522626E-02));
#6049 = CARTESIAN_POINT('',(0.226150174926,4.433800663046E-02));
#6050 = ( GEOMETRIC_REPRESENTATION_CONTEXT(2) 
PARAMETRIC_REPRESENTATION_CONTEXT() REPRESENTATION_CONTEXT('2D SPACE',''
  ) );
#6051 = ORIENTED_EDGE('',*,*,#6052,.T.);
#6052 = EDGE_CURVE('',#5998,#3899,#6053,.T.);
#6053 = SURFACE_CURVE('',#6054,(#6058,#6064),.PCURVE_S1.);
#6054 = LINE('',#6055,#6056);
#6055 = CARTESIAN_POINT('',(-0.137544846419,-0.530150667419,0.8));
#6056 = VECTOR('',#6057,1.);
#6057 = DIRECTION('',(-0.,-0.,1.));
#6058 = PCURVE('',#3946,#6059);
#6059 = DEFINITIONAL_REPRESENTATION('',(#6060),#6063);
#6060 = B_SPLINE_CURVE_WITH_KNOTS('',1,(#6061,#6062),.UNSPECIFIED.,.F.,
  .F.,(2,2),(0.,1.E-02),.PIECEWISE_BEZIER_KNOTS.);
#6061 = CARTESIAN_POINT('',(1.,-2.636888103702E-15));
#6062 = CARTESIAN_POINT('',(1.,1.));
#6063 = ( GEOMETRIC_REPRESENTATION_CONTEXT(2) 
PARAMETRIC_REPRESENTATION_CONTEXT() REPRESENTATION_CONTEXT('2D SPACE',''
  ) );
#6064 = PCURVE('',#4040,#6065);
#6065 = DEFINITIONAL_REPRESENTATION('',(#6066),#6069);
#6066 = B_SPLINE_CURVE_WITH_KNOTS('',1,(#6067,#6068),.UNSPECIFIED.,.F.,
  .F.,(2,2),(0.,1.E-02),.PIECEWISE_BEZIER_KNOTS.);
#6067 = CARTESIAN_POINT('',(1.358702460771E-15,-2.912058615079E-15));
#6068 = CARTESIAN_POINT('',(1.363843688582E-15,1.));
#6069 = ( GEOMETRIC_REPRESENTATION_CONTEXT(2) 
PARAMETRIC_REPRESENTATION_CONTEXT() REPRESENTATION_CONTEXT('2D SPACE',''
  ) );
#6070 = ADVANCED_FACE('',(#6071),#4040,.T.);
#6071 = FACE_BOUND('',#6072,.T.);
#6072 = EDGE_LOOP('',(#6073,#6074,#6075,#6130));
#6073 = ORIENTED_EDGE('',*,*,#3992,.F.);
#6074 = ORIENTED_EDGE('',*,*,#6052,.F.);
#6075 = ORIENTED_EDGE('',*,*,#6076,.T.);
#6076 = EDGE_CURVE('',#5998,#6077,#6079,.T.);
#6077 = VERTEX_POINT('',#6078);
#6078 = CARTESIAN_POINT('',(-2.431123361421E-02,-0.4483099662,0.8));
#6079 = SURFACE_CURVE('',#6080,(#6100,#6107),.PCURVE_S1.);
#6080 = B_SPLINE_CURVE_WITH_KNOTS('',3,(#6081,#6082,#6083,#6084,#6085,
    #6086,#6087,#6088,#6089,#6090,#6091,#6092,#6093,#6094,#6095,#6096,
    #6097,#6098,#6099),.UNSPECIFIED.,.F.,.F.,(4,1,1,1,1,1,1,1,1,1,1,1,1,
    1,1,1,4),(0.,5.904081921618E-02,0.115663517715,0.170242192783,
    0.223646467502,0.276603735954,0.329942912733,0.384685513211,
    0.441597320617,0.500555230896,0.561549817702,0.625448546868,
    0.692497675252,0.762782394343,0.837317334158,0.916517361776,1.),
  .UNSPECIFIED.);
#6081 = CARTESIAN_POINT('',(-0.137544846419,-0.530150667419,0.8));
#6082 = CARTESIAN_POINT('',(-0.137454209607,-0.527048792773,0.8));
#6083 = CARTESIAN_POINT('',(-0.137276648173,-0.520972086218,0.8));
#6084 = CARTESIAN_POINT('',(-0.13586033075,-0.512120412697,0.8));
#6085 = CARTESIAN_POINT('',(-0.133598390915,-0.503758197632,0.8));
#6086 = CARTESIAN_POINT('',(-0.130325933459,-0.495938801226,0.8));
#6087 = CARTESIAN_POINT('',(-0.12615098646,-0.4886424835,0.8));
#6088 = CARTESIAN_POINT('',(-0.121060123268,-0.481858855285,0.8));
#6089 = CARTESIAN_POINT('',(-0.114983111547,-0.475655330521,0.8));
#6090 = CARTESIAN_POINT('',(-0.108074972987,-0.469923108071,0.8));
#6091 = CARTESIAN_POINT('',(-0.100278463149,-0.464840993834,0.8));
#6092 = CARTESIAN_POINT('',(-9.169378699074E-02,-0.460389897617,0.8));
#6093 = CARTESIAN_POINT('',(-8.231962229242E-02,-0.456646009456,0.8));
#6094 = CARTESIAN_POINT('',(-7.220215511598E-02,-0.453557097067,0.8));
#6095 = CARTESIAN_POINT('',(-6.132141410322E-02,-0.451171191793,0.8));
#6096 = CARTESIAN_POINT('',(-4.966031084121E-02,-0.449565863117,0.8));
#6097 = CARTESIAN_POINT('',(-3.724170457484E-02,-0.448470884803,0.8));
#6098 = CARTESIAN_POINT('',(-2.869637567706E-02,-0.448364538917,0.8));
#6099 = CARTESIAN_POINT('',(-2.431123361421E-02,-0.4483099662,0.8));
#6100 = PCURVE('',#4040,#6101);
#6101 = DEFINITIONAL_REPRESENTATION('',(#6102),#6106);
#6102 = LINE('',#6103,#6104);
#6103 = CARTESIAN_POINT('',(1.363843688582E-15,-2.912058615079E-15));
#6104 = VECTOR('',#6105,1.);
#6105 = DIRECTION('',(1.,2.22044604925E-14));
#6106 = ( GEOMETRIC_REPRESENTATION_CONTEXT(2) 
PARAMETRIC_REPRESENTATION_CONTEXT() REPRESENTATION_CONTEXT('2D SPACE',''
  ) );
#6107 = PCURVE('',#5635,#6108);
#6108 = DEFINITIONAL_REPRESENTATION('',(#6109),#6129);
#6109 = B_SPLINE_CURVE_WITH_KNOTS('',3,(#6110,#6111,#6112,#6113,#6114,
    #6115,#6116,#6117,#6118,#6119,#6120,#6121,#6122,#6123,#6124,#6125,
    #6126,#6127,#6128),.UNSPECIFIED.,.F.,.F.,(4,1,1,1,1,1,1,1,1,1,1,1,1,
    1,1,1,4),(0.,5.904081921618E-02,0.115663517715,0.170242192783,
    0.223646467502,0.276603735954,0.329942912733,0.384685513211,
    0.441597320617,0.500555230896,0.561549817702,0.625448546868,
    0.692497675252,0.762782394343,0.837317334158,0.916517361776,1.),
  .UNSPECIFIED.);
#6110 = CARTESIAN_POINT('',(0.226150174926,4.433800663046E-02));
#6111 = CARTESIAN_POINT('',(0.226059538113,4.743988127692E-02));
#6112 = CARTESIAN_POINT('',(0.22588197668,5.351658783155E-02));
#6113 = CARTESIAN_POINT('',(0.224465659256,6.236826135201E-02));
#6114 = CARTESIAN_POINT('',(0.222203719421,7.073047641754E-02));
#6115 = CARTESIAN_POINT('',(0.218931261965,7.85498728233E-02));
#6116 = CARTESIAN_POINT('',(0.214756314966,8.58461905493E-02));
#6117 = CARTESIAN_POINT('',(0.209665451774,9.262981876499E-02));
#6118 = CARTESIAN_POINT('',(0.203588440053,9.883334352844E-02));
#6119 = CARTESIAN_POINT('',(0.196680301493,0.104565565978));
#6120 = CARTESIAN_POINT('',(0.188883791656,0.109647680216));
#6121 = CARTESIAN_POINT('',(0.180299115497,0.114098776433));
#6122 = CARTESIAN_POINT('',(0.170924950799,0.117842664594));
#6123 = CARTESIAN_POINT('',(0.160807483622,0.120931576983));
#6124 = CARTESIAN_POINT('',(0.14992674261,0.123317482256));
#6125 = CARTESIAN_POINT('',(0.138265639348,0.124922810933));
#6126 = CARTESIAN_POINT('',(0.125847033081,0.126017789247));
#6127 = CARTESIAN_POINT('',(0.117301704184,0.126124135133));
#6128 = CARTESIAN_POINT('',(0.112916562121,0.12617870785));
#6129 = ( GEOMETRIC_REPRESENTATION_CONTEXT(2) 
PARAMETRIC_REPRESENTATION_CONTEXT() REPRESENTATION_CONTEXT('2D SPACE',''
  ) );
#6130 = ORIENTED_EDGE('',*,*,#6131,.T.);
#6131 = EDGE_CURVE('',#6077,#3993,#6132,.T.);
#6132 = SURFACE_CURVE('',#6133,(#6137,#6143),.PCURVE_S1.);
#6133 = LINE('',#6134,#6135);
#6134 = CARTESIAN_POINT('',(-2.431123361421E-02,-0.4483099662,0.8));
#6135 = VECTOR('',#6136,1.);
#6136 = DIRECTION('',(-0.,-0.,1.));
#6137 = PCURVE('',#4040,#6138);
#6138 = DEFINITIONAL_REPRESENTATION('',(#6139),#6142);
#6139 = B_SPLINE_CURVE_WITH_KNOTS('',1,(#6140,#6141),.UNSPECIFIED.,.F.,
  .F.,(2,2),(0.,1.E-02),.PIECEWISE_BEZIER_KNOTS.);
#6140 = CARTESIAN_POINT('',(1.,1.929240187742E-14));
#6141 = CARTESIAN_POINT('',(1.,1.));
#6142 = ( GEOMETRIC_REPRESENTATION_CONTEXT(2) 
PARAMETRIC_REPRESENTATION_CONTEXT() REPRESENTATION_CONTEXT('2D SPACE',''
  ) );
#6143 = PCURVE('',#4134,#6144);
#6144 = DEFINITIONAL_REPRESENTATION('',(#6145),#6148);
#6145 = B_SPLINE_CURVE_WITH_KNOTS('',1,(#6146,#6147),.UNSPECIFIED.,.F.,
  .F.,(2,2),(0.,1.E-02),.PIECEWISE_BEZIER_KNOTS.);
#6146 = CARTESIAN_POINT('',(2.155262285514E-17,-2.912059618345E-15));
#6147 = CARTESIAN_POINT('',(2.396262424827E-17,1.));
#6148 = ( GEOMETRIC_REPRESENTATION_CONTEXT(2) 
PARAMETRIC_REPRESENTATION_CONTEXT() REPRESENTATION_CONTEXT('2D SPACE',''
  ) );
#6149 = ADVANCED_FACE('',(#6150),#4134,.T.);
#6150 = FACE_BOUND('',#6151,.T.);
#6151 = EDGE_LOOP('',(#6152,#6153,#6154,#6209));
#6152 = ORIENTED_EDGE('',*,*,#4086,.F.);
#6153 = ORIENTED_EDGE('',*,*,#6131,.F.);
#6154 = ORIENTED_EDGE('',*,*,#6155,.T.);
#6155 = EDGE_CURVE('',#6077,#6156,#6158,.T.);
#6156 = VERTEX_POINT('',#6157);
#6157 = CARTESIAN_POINT('',(0.118552714557,-0.552540149126,0.8));
#6158 = SURFACE_CURVE('',#6159,(#6179,#6186),.PCURVE_S1.);
#6159 = B_SPLINE_CURVE_WITH_KNOTS('',3,(#6160,#6161,#6162,#6163,#6164,
    #6165,#6166,#6167,#6168,#6169,#6170,#6171,#6172,#6173,#6174,#6175,
    #6176,#6177,#6178),.UNSPECIFIED.,.F.,.F.,(4,1,1,1,1,1,1,1,1,1,1,1,1,
    1,1,1,4),(0.,8.055760212527E-02,0.157316832687,0.230311596385,
    0.300165715582,0.366835263729,0.431165647952,0.493651545206,
    0.55485505297,0.613950348272,0.670726723464,0.725395393357,
    0.779071522361,0.832573508169,0.88665984507,0.942223334194,1.),
  .UNSPECIFIED.);
#6160 = CARTESIAN_POINT('',(-2.431123361421E-02,-0.4483099662,0.8));
#6161 = CARTESIAN_POINT('',(-1.898836404987E-02,-0.448379082078,0.8));
#6162 = CARTESIAN_POINT('',(-8.59360354835E-03,-0.448514054953,0.8));
#6163 = CARTESIAN_POINT('',(6.567650071458E-03,-0.449947688664,0.8));
#6164 = CARTESIAN_POINT('',(2.09148576729E-02,-0.452146691398,0.8));
#6165 = CARTESIAN_POINT('',(3.441738688362E-02,-0.45526129989,0.8));
#6166 = CARTESIAN_POINT('',(4.705651127498E-02,-0.459340355435,0.8));
#6167 = CARTESIAN_POINT('',(5.889468164939E-02,-0.464207741585,0.8));
#6168 = CARTESIAN_POINT('',(6.984191510942E-02,-0.47011779865,0.8));
#6169 = CARTESIAN_POINT('',(7.992431297347E-02,-0.476791165838,0.8));
#6170 = CARTESIAN_POINT('',(8.899996238253E-02,-0.484206111275,0.8));
#6171 = CARTESIAN_POINT('',(9.689871409108E-02,-0.492271905922,0.8));
#6172 = CARTESIAN_POINT('',(0.103597813428,-0.500913094781,0.8));
#6173 = CARTESIAN_POINT('',(0.109070658349,-0.510127725727,0.8));
#6174 = CARTESIAN_POINT('',(0.113358898134,-0.519913182655,0.8));
#6175 = CARTESIAN_POINT('',(0.116340357779,-0.530295052569,0.8));
#6176 = CARTESIAN_POINT('',(0.118206645521,-0.541230616341,0.8));
#6177 = CARTESIAN_POINT('',(0.118435866225,-0.548721546762,0.8));
#6178 = CARTESIAN_POINT('',(0.118552714557,-0.552540149126,0.8));
#6179 = PCURVE('',#4134,#6180);
#6180 = DEFINITIONAL_REPRESENTATION('',(#6181),#6185);
#6181 = LINE('',#6182,#6183);
#6182 = CARTESIAN_POINT('',(1.791700289465E-17,-2.912059618345E-15));
#6183 = VECTOR('',#6184,1.);
#6184 = DIRECTION('',(1.,2.220446149577E-14));
#6185 = ( GEOMETRIC_REPRESENTATION_CONTEXT(2) 
PARAMETRIC_REPRESENTATION_CONTEXT() REPRESENTATION_CONTEXT('2D SPACE',''
  ) );
#6186 = PCURVE('',#5635,#6187);
#6187 = DEFINITIONAL_REPRESENTATION('',(#6188),#6208);
#6188 = B_SPLINE_CURVE_WITH_KNOTS('',3,(#6189,#6190,#6191,#6192,#6193,
    #6194,#6195,#6196,#6197,#6198,#6199,#6200,#6201,#6202,#6203,#6204,
    #6205,#6206,#6207),.UNSPECIFIED.,.F.,.F.,(4,1,1,1,1,1,1,1,1,1,1,1,1,
    1,1,1,4),(0.,8.055760212527E-02,0.157316832687,0.230311596385,
    0.300165715582,0.366835263729,0.431165647952,0.493651545206,
    0.55485505297,0.613950348272,0.670726723464,0.725395393357,
    0.779071522361,0.832573508169,0.88665984507,0.942223334194,1.),
  .UNSPECIFIED.);
#6189 = CARTESIAN_POINT('',(0.112916562121,0.12617870785));
#6190 = CARTESIAN_POINT('',(0.107593692556,0.126109591971));
#6191 = CARTESIAN_POINT('',(9.719893205483E-02,0.125974619097));
#6192 = CARTESIAN_POINT('',(8.203767843502E-02,0.124540985385));
#6193 = CARTESIAN_POINT('',(6.769047083358E-02,0.122341982651));
#6194 = CARTESIAN_POINT('',(5.418794162286E-02,0.11922737416));
#6195 = CARTESIAN_POINT('',(4.15488172315E-02,0.115148318614));
#6196 = CARTESIAN_POINT('',(2.971064685709E-02,0.110280932464));
#6197 = CARTESIAN_POINT('',(1.876341339705E-02,0.104370875399));
#6198 = CARTESIAN_POINT('',(8.681015533006E-03,9.769750821163E-02));
#6199 = CARTESIAN_POINT('',(-3.946338760513E-04,9.028256277444E-02));
#6200 = CARTESIAN_POINT('',(-8.293385584605E-03,8.22167681274E-02));
#6201 = CARTESIAN_POINT('',(-1.499248492105E-02,7.357557926852E-02));
#6202 = CARTESIAN_POINT('',(-2.046532984291E-02,6.436094832291E-02));
#6203 = CARTESIAN_POINT('',(-2.47535696278E-02,5.457549139458E-02));
#6204 = CARTESIAN_POINT('',(-2.773502927233E-02,4.419362148047E-02));
#6205 = CARTESIAN_POINT('',(-2.96013170146E-02,3.325805770857E-02));
#6206 = CARTESIAN_POINT('',(-2.983053771847E-02,2.576712728703E-02));
#6207 = CARTESIAN_POINT('',(-2.994738605004E-02,2.194852492314E-02));
#6208 = ( GEOMETRIC_REPRESENTATION_CONTEXT(2) 
PARAMETRIC_REPRESENTATION_CONTEXT() REPRESENTATION_CONTEXT('2D SPACE',''
  ) );
#6209 = ORIENTED_EDGE('',*,*,#6210,.T.);
#6210 = EDGE_CURVE('',#6156,#4087,#6211,.T.);
#6211 = SURFACE_CURVE('',#6212,(#6216,#6222),.PCURVE_S1.);
#6212 = LINE('',#6213,#6214);
#6213 = CARTESIAN_POINT('',(0.118552714557,-0.552540149126,0.8));
#6214 = VECTOR('',#6215,1.);
#6215 = DIRECTION('',(-0.,-0.,1.));
#6216 = PCURVE('',#4134,#6217);
#6217 = DEFINITIONAL_REPRESENTATION('',(#6218),#6221);
#6218 = B_SPLINE_CURVE_WITH_KNOTS('',1,(#6219,#6220),.UNSPECIFIED.,.F.,
  .F.,(2,2),(0.,1.E-02),.PIECEWISE_BEZIER_KNOTS.);
#6219 = CARTESIAN_POINT('',(1.,1.929240187742E-14));
#6220 = CARTESIAN_POINT('',(1.,1.));
#6221 = ( GEOMETRIC_REPRESENTATION_CONTEXT(2) 
PARAMETRIC_REPRESENTATION_CONTEXT() REPRESENTATION_CONTEXT('2D SPACE',''
  ) );
#6222 = PCURVE('',#4210,#6223);
#6223 = DEFINITIONAL_REPRESENTATION('',(#6224),#6227);
#6224 = B_SPLINE_CURVE_WITH_KNOTS('',1,(#6225,#6226),.UNSPECIFIED.,.F.,
  .F.,(2,2),(0.,1.E-02),.PIECEWISE_BEZIER_KNOTS.);
#6225 = CARTESIAN_POINT('',(1.634800693255E-15,-2.636888103702E-15));
#6226 = CARTESIAN_POINT('',(1.631805103635E-15,1.));
#6227 = ( GEOMETRIC_REPRESENTATION_CONTEXT(2) 
PARAMETRIC_REPRESENTATION_CONTEXT() REPRESENTATION_CONTEXT('2D SPACE',''
  ) );
#6228 = ADVANCED_FACE('',(#6229),#4210,.T.);
#6229 = FACE_BOUND('',#6230,.T.);
#6230 = EDGE_LOOP('',(#6231,#6232,#6233,#6270));
#6231 = ORIENTED_EDGE('',*,*,#4180,.F.);
#6232 = ORIENTED_EDGE('',*,*,#6210,.F.);
#6233 = ORIENTED_EDGE('',*,*,#6234,.T.);
#6234 = EDGE_CURVE('',#6156,#5598,#6235,.T.);
#6235 = SURFACE_CURVE('',#6236,(#6248,#6255),.PCURVE_S1.);
#6236 = B_SPLINE_CURVE_WITH_KNOTS('',3,(#6237,#6238,#6239,#6240,#6241,
    #6242,#6243,#6244,#6245,#6246,#6247),.UNSPECIFIED.,.F.,.F.,(4,1,1,1,
    1,1,1,1,4),(0.,0.148892930846,0.289478294815,0.423172427745,
    0.549534880824,0.669990025295,0.784449620173,0.894336229025,1.),
  .UNSPECIFIED.);
#6237 = CARTESIAN_POINT('',(0.118552714557,-0.552540149126,0.8));
#6238 = CARTESIAN_POINT('',(0.118532108591,-0.554716717899,0.8));
#6239 = CARTESIAN_POINT('',(0.118492046383,-0.558948412536,0.8));
#6240 = CARTESIAN_POINT('',(0.117985384395,-0.565115648829,0.8));
#6241 = CARTESIAN_POINT('',(0.117262714821,-0.570929858925,0.8));
#6242 = CARTESIAN_POINT('',(0.116143125419,-0.576380644153,0.8));
#6243 = CARTESIAN_POINT('',(0.114799993046,-0.581493102165,0.8));
#6244 = CARTESIAN_POINT('',(0.113051408678,-0.586223107526,0.8));
#6245 = CARTESIAN_POINT('',(0.111100615133,-0.590645335888,0.8));
#6246 = CARTESIAN_POINT('',(0.109452225852,-0.593333620393,0.8));
#6247 = CARTESIAN_POINT('',(0.108644177971,-0.594651429614,0.8));
#6248 = PCURVE('',#4210,#6249);
#6249 = DEFINITIONAL_REPRESENTATION('',(#6250),#6254);
#6250 = LINE('',#6251,#6252);
#6251 = CARTESIAN_POINT('',(1.631805103635E-15,-2.636888103702E-15));
#6252 = VECTOR('',#6253,1.);
#6253 = DIRECTION('',(1.,1.110223021061E-14));
#6254 = ( GEOMETRIC_REPRESENTATION_CONTEXT(2) 
PARAMETRIC_REPRESENTATION_CONTEXT() REPRESENTATION_CONTEXT('2D SPACE',''
  ) );
#6255 = PCURVE('',#5635,#6256);
#6256 = DEFINITIONAL_REPRESENTATION('',(#6257),#6269);
#6257 = B_SPLINE_CURVE_WITH_KNOTS('',3,(#6258,#6259,#6260,#6261,#6262,
    #6263,#6264,#6265,#6266,#6267,#6268),.UNSPECIFIED.,.F.,.F.,(4,1,1,1,
    1,1,1,1,4),(0.,0.148892930846,0.289478294815,0.423172427745,
    0.549534880824,0.669990025295,0.784449620173,0.894336229025,1.),
  .UNSPECIFIED.);
#6258 = CARTESIAN_POINT('',(-2.994738605004E-02,2.194852492314E-02));
#6259 = CARTESIAN_POINT('',(-2.992678008488E-02,1.977195615021E-02));
#6260 = CARTESIAN_POINT('',(-2.988671787624E-02,1.55402615133E-02));
#6261 = CARTESIAN_POINT('',(-2.938005588851E-02,9.373025220525E-03));
#6262 = CARTESIAN_POINT('',(-2.865738631442E-02,3.558815124738E-03));
#6263 = CARTESIAN_POINT('',(-2.753779691221E-02,-1.891970103355E-03));
#6264 = CARTESIAN_POINT('',(-2.619466453949E-02,-7.004428115045E-03));
#6265 = CARTESIAN_POINT('',(-2.444608017159E-02,-1.173443347656E-02));
#6266 = CARTESIAN_POINT('',(-2.249528662685E-02,-1.615666183888E-02));
#6267 = CARTESIAN_POINT('',(-2.08468973451E-02,-1.884494634335E-02));
#6268 = CARTESIAN_POINT('',(-2.003884946468E-02,-2.016275556467E-02));
#6269 = ( GEOMETRIC_REPRESENTATION_CONTEXT(2) 
PARAMETRIC_REPRESENTATION_CONTEXT() REPRESENTATION_CONTEXT('2D SPACE',''
  ) );
#6270 = ORIENTED_EDGE('',*,*,#5597,.T.);
#6271 = ADVANCED_FACE('',(#6272,#6650),#5635,.F.);
#6272 = FACE_BOUND('',#6273,.T.);
#6273 = EDGE_LOOP('',(#6274,#6370,#6464,#6558));
#6274 = ORIENTED_EDGE('',*,*,#6275,.F.);
#6275 = EDGE_CURVE('',#6276,#6278,#6280,.T.);
#6276 = VERTEX_POINT('',#6277);
#6277 = CARTESIAN_POINT('',(-3.398504955673E-03,-0.529579021078,0.8));
#6278 = VERTEX_POINT('',#6279);
#6279 = CARTESIAN_POINT('',(-5.136916044348E-02,-0.481846551565,0.8));
#6280 = SURFACE_CURVE('',#6281,(#6301,#6324),.PCURVE_S1.);
#6281 = B_SPLINE_CURVE_WITH_KNOTS('',3,(#6282,#6283,#6284,#6285,#6286,
    #6287,#6288,#6289,#6290,#6291,#6292,#6293,#6294,#6295,#6296,#6297,
    #6298,#6299,#6300),.UNSPECIFIED.,.F.,.F.,(4,1,1,1,1,1,1,1,1,1,1,1,1,
    1,1,1,4),(0.,6.876894248276E-02,0.134905640482,0.198347868734,
    0.261135581739,0.322021945736,0.383418290052,0.445330037697,
    0.508618686731,0.571646337566,0.633554877265,0.694219027514,
    0.753996029529,0.814384551533,0.87461500537,0.936295354478,1.),
  .UNSPECIFIED.);
#6282 = CARTESIAN_POINT('',(-3.398504955673E-03,-0.529579021078,0.8));
#6283 = CARTESIAN_POINT('',(-3.445967511902E-03,-0.527846009312,0.8));
#6284 = CARTESIAN_POINT('',(-3.539075916886E-03,-0.524446319659,0.8));
#6285 = CARTESIAN_POINT('',(-4.218009832639E-03,-0.519485090425,0.8));
#6286 = CARTESIAN_POINT('',(-5.311733568828E-03,-0.514756694109,0.8));
#6287 = CARTESIAN_POINT('',(-6.867446854863E-03,-0.510293775633,0.8));
#6288 = CARTESIAN_POINT('',(-8.917295895522E-03,-0.50609755076,0.8));
#6289 = CARTESIAN_POINT('',(-1.132447683175E-02,-0.50211808598,0.8));
#6290 = CARTESIAN_POINT('',(-1.427463970046E-02,-0.498443268907,0.8));
#6291 = CARTESIAN_POINT('',(-1.758598914572E-02,-0.49503871772,0.8));
#6292 = CARTESIAN_POINT('',(-2.120265683984E-02,-0.49196482224,0.8));
#6293 = CARTESIAN_POINT('',(-2.499241979862E-02,-0.489206548581,0.8));
#6294 = CARTESIAN_POINT('',(-2.904005124028E-02,-0.487020849462,0.8));
#6295 = CARTESIAN_POINT('',(-3.314395533253E-02,-0.48502375109,0.8));
#6296 = CARTESIAN_POINT('',(-3.749083789578E-02,-0.483656372832,0.8));
#6297 = CARTESIAN_POINT('',(-4.19564820048E-02,-0.482571391777,0.8));
#6298 = CARTESIAN_POINT('',(-4.660335354445E-02,-0.481943002341,0.8));
#6299 = CARTESIAN_POINT('',(-4.97635513848E-02,-0.481879046008,0.8));
#6300 = CARTESIAN_POINT('',(-5.136916044348E-02,-0.481846551565,0.8));
#6301 = PCURVE('',#5635,#6302);
#6302 = DEFINITIONAL_REPRESENTATION('',(#6303),#6323);
#6303 = B_SPLINE_CURVE_WITH_KNOTS('',3,(#6304,#6305,#6306,#6307,#6308,
    #6309,#6310,#6311,#6312,#6313,#6314,#6315,#6316,#6317,#6318,#6319,
    #6320,#6321,#6322),.UNSPECIFIED.,.F.,.F.,(4,1,1,1,1,1,1,1,1,1,1,1,1,
    1,1,1,4),(0.,6.876894248276E-02,0.134905640482,0.198347868734,
    0.261135581739,0.322021945736,0.383418290052,0.445330037697,
    0.508618686731,0.571646337566,0.633554877265,0.694219027514,
    0.753996029529,0.814384551533,0.87461500537,0.936295354478,1.),
  .UNSPECIFIED.);
#6304 = CARTESIAN_POINT('',(9.200383346215E-02,4.490965297192E-02));
#6305 = CARTESIAN_POINT('',(9.205129601838E-02,4.66426647377E-02));
#6306 = CARTESIAN_POINT('',(9.214440442337E-02,5.004235439098E-02));
#6307 = CARTESIAN_POINT('',(9.282333833912E-02,5.500358362495E-02));
#6308 = CARTESIAN_POINT('',(9.391706207531E-02,5.973197994049E-02));
#6309 = CARTESIAN_POINT('',(9.547277536134E-02,6.419489841634E-02));
#6310 = CARTESIAN_POINT('',(9.7522624402E-02,6.839112328915E-02));
#6311 = CARTESIAN_POINT('',(9.992980533822E-02,7.237058806953E-02));
#6312 = CARTESIAN_POINT('',(0.102879968207,7.604540514216E-02));
#6313 = CARTESIAN_POINT('',(0.106191317652,7.944995632911E-02));
#6314 = CARTESIAN_POINT('',(0.109807985346,8.252385180967E-02));
#6315 = CARTESIAN_POINT('',(0.113597748305,8.528212546895E-02));
#6316 = CARTESIAN_POINT('',(0.117645379747,8.746782458785E-02));
#6317 = CARTESIAN_POINT('',(0.121749283839,8.946492295973E-02));
#6318 = CARTESIAN_POINT('',(0.126096166402,9.083230121713E-02));
#6319 = CARTESIAN_POINT('',(0.130561810511,9.19172822726E-02));
#6320 = CARTESIAN_POINT('',(0.135208682051,9.254567170837E-02));
#6321 = CARTESIAN_POINT('',(0.138368879891,9.26096280414E-02));
#6322 = CARTESIAN_POINT('',(0.13997448895,9.264212248412E-02));
#6323 = ( GEOMETRIC_REPRESENTATION_CONTEXT(2) 
PARAMETRIC_REPRESENTATION_CONTEXT() REPRESENTATION_CONTEXT('2D SPACE',''
  ) );
#6324 = PCURVE('',#6325,#6364);
#6325 = B_SPLINE_SURFACE_WITH_KNOTS('',3,1,(
    (#6326,#6327)
    ,(#6328,#6329)
    ,(#6330,#6331)
    ,(#6332,#6333)
    ,(#6334,#6335)
    ,(#6336,#6337)
    ,(#6338,#6339)
    ,(#6340,#6341)
    ,(#6342,#6343)
    ,(#6344,#6345)
    ,(#6346,#6347)
    ,(#6348,#6349)
    ,(#6350,#6351)
    ,(#6352,#6353)
    ,(#6354,#6355)
    ,(#6356,#6357)
    ,(#6358,#6359)
    ,(#6360,#6361)
    ,(#6362,#6363
    )),.UNSPECIFIED.,.F.,.F.,.F.,(4,1,1,1,1,1,1,1,1,1,1,1,1,1,1,1,4),(2,
    2),(0.,6.876894248276E-02,0.134905640482,0.198347868734,
    0.261135581739,0.322021945736,0.383418290052,0.445330037697,
    0.508618686731,0.571646337566,0.633554877265,0.694219027514,
    0.753996029529,0.814384551533,0.87461500537,0.936295354478,1.),(0.,
    1.),.UNSPECIFIED.);
#6326 = CARTESIAN_POINT('',(-3.398504955673E-03,-0.529579021078,0.8));
#6327 = CARTESIAN_POINT('',(-3.398504955673E-03,-0.529579021078,0.81));
#6328 = CARTESIAN_POINT('',(-3.445967511902E-03,-0.527846009312,0.8));
#6329 = CARTESIAN_POINT('',(-3.445967511902E-03,-0.527846009312,0.81));
#6330 = CARTESIAN_POINT('',(-3.539075916886E-03,-0.524446319659,0.8));
#6331 = CARTESIAN_POINT('',(-3.539075916886E-03,-0.524446319659,0.81));
#6332 = CARTESIAN_POINT('',(-4.218009832639E-03,-0.519485090425,0.8));
#6333 = CARTESIAN_POINT('',(-4.218009832639E-03,-0.519485090425,0.81));
#6334 = CARTESIAN_POINT('',(-5.311733568828E-03,-0.514756694109,0.8));
#6335 = CARTESIAN_POINT('',(-5.311733568828E-03,-0.514756694109,0.81));
#6336 = CARTESIAN_POINT('',(-6.867446854863E-03,-0.510293775633,0.8));
#6337 = CARTESIAN_POINT('',(-6.867446854863E-03,-0.510293775633,0.81));
#6338 = CARTESIAN_POINT('',(-8.917295895522E-03,-0.50609755076,0.8));
#6339 = CARTESIAN_POINT('',(-8.917295895522E-03,-0.50609755076,0.81));
#6340 = CARTESIAN_POINT('',(-1.132447683175E-02,-0.50211808598,0.8));
#6341 = CARTESIAN_POINT('',(-1.132447683175E-02,-0.50211808598,0.81));
#6342 = CARTESIAN_POINT('',(-1.427463970046E-02,-0.498443268907,0.8));
#6343 = CARTESIAN_POINT('',(-1.427463970046E-02,-0.498443268907,0.81));
#6344 = CARTESIAN_POINT('',(-1.758598914572E-02,-0.49503871772,0.8));
#6345 = CARTESIAN_POINT('',(-1.758598914572E-02,-0.49503871772,0.81));
#6346 = CARTESIAN_POINT('',(-2.120265683984E-02,-0.49196482224,0.8));
#6347 = CARTESIAN_POINT('',(-2.120265683984E-02,-0.49196482224,0.81));
#6348 = CARTESIAN_POINT('',(-2.499241979862E-02,-0.489206548581,0.8));
#6349 = CARTESIAN_POINT('',(-2.499241979862E-02,-0.489206548581,0.81));
#6350 = CARTESIAN_POINT('',(-2.904005124028E-02,-0.487020849462,0.8));
#6351 = CARTESIAN_POINT('',(-2.904005124028E-02,-0.487020849462,0.81));
#6352 = CARTESIAN_POINT('',(-3.314395533253E-02,-0.48502375109,0.8));
#6353 = CARTESIAN_POINT('',(-3.314395533253E-02,-0.48502375109,0.81));
#6354 = CARTESIAN_POINT('',(-3.749083789578E-02,-0.483656372832,0.8));
#6355 = CARTESIAN_POINT('',(-3.749083789578E-02,-0.483656372832,0.81));
#6356 = CARTESIAN_POINT('',(-4.19564820048E-02,-0.482571391777,0.8));
#6357 = CARTESIAN_POINT('',(-4.19564820048E-02,-0.482571391777,0.81));
#6358 = CARTESIAN_POINT('',(-4.660335354445E-02,-0.481943002341,0.8));
#6359 = CARTESIAN_POINT('',(-4.660335354445E-02,-0.481943002341,0.81));
#6360 = CARTESIAN_POINT('',(-4.97635513848E-02,-0.481879046008,0.8));
#6361 = CARTESIAN_POINT('',(-4.97635513848E-02,-0.481879046008,0.81));
#6362 = CARTESIAN_POINT('',(-5.136916044348E-02,-0.481846551565,0.8));
#6363 = CARTESIAN_POINT('',(-5.136916044348E-02,-0.481846551565,0.81));
#6364 = DEFINITIONAL_REPRESENTATION('',(#6365),#6369);
#6365 = LINE('',#6366,#6367);
#6366 = CARTESIAN_POINT('',(3.013650220633E-16,-2.621216256895E-15));
#6367 = VECTOR('',#6368,1.);
#6368 = DIRECTION('',(1.,2.22045095772E-14));
#6369 = ( GEOMETRIC_REPRESENTATION_CONTEXT(2) 
PARAMETRIC_REPRESENTATION_CONTEXT() REPRESENTATION_CONTEXT('2D SPACE',''
  ) );
#6370 = ORIENTED_EDGE('',*,*,#6371,.F.);
#6371 = EDGE_CURVE('',#6372,#6276,#6374,.T.);
#6372 = VERTEX_POINT('',#6373);
#6373 = CARTESIAN_POINT('',(-5.689507507762E-02,-0.576358746687,0.8));
#6374 = SURFACE_CURVE('',#6375,(#6395,#6418),.PCURVE_S1.);
#6375 = B_SPLINE_CURVE_WITH_KNOTS('',3,(#6376,#6377,#6378,#6379,#6380,
    #6381,#6382,#6383,#6384,#6385,#6386,#6387,#6388,#6389,#6390,#6391,
    #6392,#6393,#6394),.UNSPECIFIED.,.F.,.F.,(4,1,1,1,1,1,1,1,1,1,1,1,1,
    1,1,1,4),(0.,7.615817471895E-02,0.148496546138,0.216794187127,
    0.282059830234,0.344776137006,0.404701495771,0.463500624284,
    0.521569781677,0.57832280477,0.634913004553,0.691083234155,
    0.748622288561,0.807216753306,0.868475354447,0.932665086995,1.),
  .UNSPECIFIED.);
#6376 = CARTESIAN_POINT('',(-5.689507507762E-02,-0.576358746687,0.8));
#6377 = CARTESIAN_POINT('',(-5.484531718925E-02,-0.576323911279,0.8));
#6378 = CARTESIAN_POINT('',(-5.084860944296E-02,-0.576255987673,0.8));
#6379 = CARTESIAN_POINT('',(-4.503632697906E-02,-0.575679246224,0.8));
#6380 = CARTESIAN_POINT('',(-3.957221280334E-02,-0.574733357111,0.8));
#6381 = CARTESIAN_POINT('',(-3.44519490607E-02,-0.573406667643,0.8));
#6382 = CARTESIAN_POINT('',(-2.96905189899E-02,-0.571687898555,0.8));
#6383 = CARTESIAN_POINT('',(-2.524456784689E-02,-0.569647296779,0.8));
#6384 = CARTESIAN_POINT('',(-2.11872414344E-02,-0.567144582901,0.8));
#6385 = CARTESIAN_POINT('',(-1.746286984252E-02,-0.564306731255,0.8));
#6386 = CARTESIAN_POINT('',(-1.416222591038E-02,-0.561073310241,0.8));
#6387 = CARTESIAN_POINT('',(-1.121464369435E-02,-0.557573461148,0.8));
#6388 = CARTESIAN_POINT('',(-8.846663093783E-03,-0.55363540252,0.8));
#6389 = CARTESIAN_POINT('',(-6.815473811937E-03,-0.549456933651,0.8));
#6390 = CARTESIAN_POINT('',(-5.320057155266E-03,-0.544913656398,0.8));
#6391 = CARTESIAN_POINT('',(-4.133187008047E-03,-0.54009690397,0.8));
#6392 = CARTESIAN_POINT('',(-3.559453915619E-03,-0.534928053589,0.8));
#6393 = CARTESIAN_POINT('',(-3.453003136674E-03,-0.531390232173,0.8));
#6394 = CARTESIAN_POINT('',(-3.398504955673E-03,-0.529579021078,0.8));
#6395 = PCURVE('',#5635,#6396);
#6396 = DEFINITIONAL_REPRESENTATION('',(#6397),#6417);
#6397 = B_SPLINE_CURVE_WITH_KNOTS('',3,(#6398,#6399,#6400,#6401,#6402,
    #6403,#6404,#6405,#6406,#6407,#6408,#6409,#6410,#6411,#6412,#6413,
    #6414,#6415,#6416),.UNSPECIFIED.,.F.,.F.,(4,1,1,1,1,1,1,1,1,1,1,1,1,
    1,1,1,4),(0.,7.615817471895E-02,0.148496546138,0.216794187127,
    0.282059830234,0.344776137006,0.404701495771,0.463500624284,
    0.521569781677,0.57832280477,0.634913004553,0.691083234155,
    0.748622288561,0.807216753306,0.868475354447,0.932665086995,1.),
  .UNSPECIFIED.);
#6398 = CARTESIAN_POINT('',(0.145500403584,-1.870072637836E-03));
#6399 = CARTESIAN_POINT('',(0.143450645696,-1.835237229442E-03));
#6400 = CARTESIAN_POINT('',(0.139453937949,-1.767313623749E-03));
#6401 = CARTESIAN_POINT('',(0.133641655486,-1.190572174314E-03));
#6402 = CARTESIAN_POINT('',(0.12817754131,-2.446830618935E-04));
#6403 = CARTESIAN_POINT('',(0.123057277567,1.082006406033E-03));
#6404 = CARTESIAN_POINT('',(0.118295847496,2.800775494764E-03));
#6405 = CARTESIAN_POINT('',(0.113849896353,4.841377270843E-03));
#6406 = CARTESIAN_POINT('',(0.109792569941,7.344091148678E-03));
#6407 = CARTESIAN_POINT('',(0.106068198349,1.01819427942E-02));
#6408 = CARTESIAN_POINT('',(0.102767554417,1.34153638084E-02));
#6409 = CARTESIAN_POINT('',(9.981997220083E-02,1.691521290146E-02));
#6410 = CARTESIAN_POINT('',(9.745199160026E-02,2.085327152983E-02));
#6411 = CARTESIAN_POINT('',(9.542080231842E-02,2.503174039839E-02));
#6412 = CARTESIAN_POINT('',(9.392538566175E-02,2.957501765183E-02));
#6413 = CARTESIAN_POINT('',(9.273851551453E-02,3.439177007997E-02));
#6414 = CARTESIAN_POINT('',(9.21647824221E-02,3.956062046051E-02));
#6415 = CARTESIAN_POINT('',(9.205833164315E-02,4.309844187688E-02));
#6416 = CARTESIAN_POINT('',(9.200383346215E-02,4.490965297192E-02));
#6417 = ( GEOMETRIC_REPRESENTATION_CONTEXT(2) 
PARAMETRIC_REPRESENTATION_CONTEXT() REPRESENTATION_CONTEXT('2D SPACE',''
  ) );
#6418 = PCURVE('',#6419,#6458);
#6419 = B_SPLINE_SURFACE_WITH_KNOTS('',3,1,(
    (#6420,#6421)
    ,(#6422,#6423)
    ,(#6424,#6425)
    ,(#6426,#6427)
    ,(#6428,#6429)
    ,(#6430,#6431)
    ,(#6432,#6433)
    ,(#6434,#6435)
    ,(#6436,#6437)
    ,(#6438,#6439)
    ,(#6440,#6441)
    ,(#6442,#6443)
    ,(#6444,#6445)
    ,(#6446,#6447)
    ,(#6448,#6449)
    ,(#6450,#6451)
    ,(#6452,#6453)
    ,(#6454,#6455)
    ,(#6456,#6457
    )),.UNSPECIFIED.,.F.,.F.,.F.,(4,1,1,1,1,1,1,1,1,1,1,1,1,1,1,1,4),(2,
    2),(0.,7.615817471895E-02,0.148496546138,0.216794187127,
    0.282059830234,0.344776137006,0.404701495771,0.463500624284,
    0.521569781677,0.57832280477,0.634913004553,0.691083234155,
    0.748622288561,0.807216753306,0.868475354447,0.932665086995,1.),(0.,
    1.),.UNSPECIFIED.);
#6420 = CARTESIAN_POINT('',(-5.689507507762E-02,-0.576358746687,0.8));
#6421 = CARTESIAN_POINT('',(-5.689507507762E-02,-0.576358746687,0.81));
#6422 = CARTESIAN_POINT('',(-5.484531718925E-02,-0.576323911279,0.8));
#6423 = CARTESIAN_POINT('',(-5.484531718925E-02,-0.576323911279,0.81));
#6424 = CARTESIAN_POINT('',(-5.084860944296E-02,-0.576255987673,0.8));
#6425 = CARTESIAN_POINT('',(-5.084860944296E-02,-0.576255987673,0.81));
#6426 = CARTESIAN_POINT('',(-4.503632697906E-02,-0.575679246224,0.8));
#6427 = CARTESIAN_POINT('',(-4.503632697906E-02,-0.575679246224,0.81));
#6428 = CARTESIAN_POINT('',(-3.957221280334E-02,-0.574733357111,0.8));
#6429 = CARTESIAN_POINT('',(-3.957221280334E-02,-0.574733357111,0.81));
#6430 = CARTESIAN_POINT('',(-3.44519490607E-02,-0.573406667643,0.8));
#6431 = CARTESIAN_POINT('',(-3.44519490607E-02,-0.573406667643,0.81));
#6432 = CARTESIAN_POINT('',(-2.96905189899E-02,-0.571687898555,0.8));
#6433 = CARTESIAN_POINT('',(-2.96905189899E-02,-0.571687898555,0.81));
#6434 = CARTESIAN_POINT('',(-2.524456784689E-02,-0.569647296779,0.8));
#6435 = CARTESIAN_POINT('',(-2.524456784689E-02,-0.569647296779,0.81));
#6436 = CARTESIAN_POINT('',(-2.11872414344E-02,-0.567144582901,0.8));
#6437 = CARTESIAN_POINT('',(-2.11872414344E-02,-0.567144582901,0.81));
#6438 = CARTESIAN_POINT('',(-1.746286984252E-02,-0.564306731255,0.8));
#6439 = CARTESIAN_POINT('',(-1.746286984252E-02,-0.564306731255,0.81));
#6440 = CARTESIAN_POINT('',(-1.416222591038E-02,-0.561073310241,0.8));
#6441 = CARTESIAN_POINT('',(-1.416222591038E-02,-0.561073310241,0.81));
#6442 = CARTESIAN_POINT('',(-1.121464369435E-02,-0.557573461148,0.8));
#6443 = CARTESIAN_POINT('',(-1.121464369435E-02,-0.557573461148,0.81));
#6444 = CARTESIAN_POINT('',(-8.846663093783E-03,-0.55363540252,0.8));
#6445 = CARTESIAN_POINT('',(-8.846663093783E-03,-0.55363540252,0.81));
#6446 = CARTESIAN_POINT('',(-6.815473811937E-03,-0.549456933651,0.8));
#6447 = CARTESIAN_POINT('',(-6.815473811937E-03,-0.549456933651,0.81));
#6448 = CARTESIAN_POINT('',(-5.320057155266E-03,-0.544913656398,0.8));
#6449 = CARTESIAN_POINT('',(-5.320057155266E-03,-0.544913656398,0.81));
#6450 = CARTESIAN_POINT('',(-4.133187008047E-03,-0.54009690397,0.8));
#6451 = CARTESIAN_POINT('',(-4.133187008047E-03,-0.54009690397,0.81));
#6452 = CARTESIAN_POINT('',(-3.559453915619E-03,-0.534928053589,0.8));
#6453 = CARTESIAN_POINT('',(-3.559453915619E-03,-0.534928053589,0.81));
#6454 = CARTESIAN_POINT('',(-3.453003136674E-03,-0.531390232173,0.8));
#6455 = CARTESIAN_POINT('',(-3.453003136674E-03,-0.531390232173,0.81));
#6456 = CARTESIAN_POINT('',(-3.398504955673E-03,-0.529579021078,0.8));
#6457 = CARTESIAN_POINT('',(-3.398504955673E-03,-0.529579021078,0.81));
#6458 = DEFINITIONAL_REPRESENTATION('',(#6459),#6463);
#6459 = LINE('',#6460,#6461);
#6460 = CARTESIAN_POINT('',(2.776702424778E-17,2.914174017642E-15));
#6461 = VECTOR('',#6462,1.);
#6462 = DIRECTION('',(1.,-5.551062121344E-15));
#6463 = ( GEOMETRIC_REPRESENTATION_CONTEXT(2) 
PARAMETRIC_REPRESENTATION_CONTEXT() REPRESENTATION_CONTEXT('2D SPACE',''
  ) );
#6464 = ORIENTED_EDGE('',*,*,#6465,.F.);
#6465 = EDGE_CURVE('',#6466,#6372,#6468,.T.);
#6466 = VERTEX_POINT('',#6467);
#6467 = CARTESIAN_POINT('',(-0.110105822029,-0.529912481443,0.8));
#6468 = SURFACE_CURVE('',#6469,(#6489,#6512),.PCURVE_S1.);
#6469 = B_SPLINE_CURVE_WITH_KNOTS('',3,(#6470,#6471,#6472,#6473,#6474,
    #6475,#6476,#6477,#6478,#6479,#6480,#6481,#6482,#6483,#6484,#6485,
    #6486,#6487,#6488),.UNSPECIFIED.,.F.,.F.,(4,1,1,1,1,1,1,1,1,1,1,1,1,
    1,1,1,4),(0.,6.378853241198E-02,0.124572044416,0.184054629376,
    0.241886308775,0.299954927583,0.357973744823,0.417313404728,
    0.478108804764,0.540163066632,0.602033636401,0.663863311592,
    0.727045689085,0.791532800839,0.858258745878,0.927826707499,1.),
  .UNSPECIFIED.);
#6470 = CARTESIAN_POINT('',(-0.110105822029,-0.529912481443,0.8));
#6471 = CARTESIAN_POINT('',(-0.110064452349,-0.531598797307,0.8));
#6472 = CARTESIAN_POINT('',(-0.109983661878,-0.53489198821,0.8));
#6473 = CARTESIAN_POINT('',(-0.109221488261,-0.539704667584,0.8));
#6474 = CARTESIAN_POINT('',(-0.108118615342,-0.544286564565,0.8));
#6475 = CARTESIAN_POINT('',(-0.106459145399,-0.548623448208,0.8));
#6476 = CARTESIAN_POINT('',(-0.104384003285,-0.552735326932,0.8));
#6477 = CARTESIAN_POINT('',(-0.101751393655,-0.55656008666,0.8));
#6478 = CARTESIAN_POINT('',(-9.87701653139E-02,-0.5602129158,0.8));
#6479 = CARTESIAN_POINT('',(-9.526147446803E-02,-0.563522049762,0.8));
#6480 = CARTESIAN_POINT('',(-9.144187032497E-02,-0.566569443416,0.8));
#6481 = CARTESIAN_POINT('',(-8.728005561518E-02,-0.569187783826,0.8));
#6482 = CARTESIAN_POINT('',(-8.285640847859E-02,-0.571396468094,0.8));
#6483 = CARTESIAN_POINT('',(-7.817822102199E-02,-0.573194388519,0.8));
#6484 = CARTESIAN_POINT('',(-7.324530760881E-02,-0.57464962803,0.8));
#6485 = CARTESIAN_POINT('',(-6.802460838892E-02,-0.575618399341,0.8));
#6486 = CARTESIAN_POINT('',(-6.254859509465E-02,-0.576268344709,0.8));
#6487 = CARTESIAN_POINT('',(-5.880253373479E-02,-0.576328245683,0.8));
#6488 = CARTESIAN_POINT('',(-5.689507507762E-02,-0.576358746687,0.8));
#6489 = PCURVE('',#5635,#6490);
#6490 = DEFINITIONAL_REPRESENTATION('',(#6491),#6511);
#6491 = B_SPLINE_CURVE_WITH_KNOTS('',3,(#6492,#6493,#6494,#6495,#6496,
    #6497,#6498,#6499,#6500,#6501,#6502,#6503,#6504,#6505,#6506,#6507,
    #6508,#6509,#6510),.UNSPECIFIED.,.F.,.F.,(4,1,1,1,1,1,1,1,1,1,1,1,1,
    1,1,1,4),(0.,6.378853241198E-02,0.124572044416,0.184054629376,
    0.241886308775,0.299954927583,0.357973744823,0.417313404728,
    0.478108804764,0.540163066632,0.602033636401,0.663863311592,
    0.727045689085,0.791532800839,0.858258745878,0.927826707499,1.),
  .UNSPECIFIED.);
#6492 = CARTESIAN_POINT('',(0.198711150535,4.457619260607E-02));
#6493 = CARTESIAN_POINT('',(0.198669780855,4.288987674244E-02));
#6494 = CARTESIAN_POINT('',(0.198588990384,3.959668583933E-02));
#6495 = CARTESIAN_POINT('',(0.197826816767,3.47840064652E-02));
#6496 = CARTESIAN_POINT('',(0.196723943848,3.020210948449E-02));
#6497 = CARTESIAN_POINT('',(0.195064473906,2.586522584109E-02));
#6498 = CARTESIAN_POINT('',(0.192989331792,2.175334711766E-02));
#6499 = CARTESIAN_POINT('',(0.190356722162,1.792858738983E-02));
#6500 = CARTESIAN_POINT('',(0.18737549382,1.427575824966E-02));
#6501 = CARTESIAN_POINT('',(0.183866802975,1.096662428772E-02));
#6502 = CARTESIAN_POINT('',(0.180047198831,7.919230633886E-03));
#6503 = CARTESIAN_POINT('',(0.175885384122,5.300890223597E-03));
#6504 = CARTESIAN_POINT('',(0.171461736985,3.092205955757E-03));
#6505 = CARTESIAN_POINT('',(0.166783549528,1.294285530169E-03));
#6506 = CARTESIAN_POINT('',(0.161850636115,-1.609539807748E-04));
#6507 = CARTESIAN_POINT('',(0.156629936895,-1.12972529171E-03));
#6508 = CARTESIAN_POINT('',(0.151153923601,-1.779670659126E-03));
#6509 = CARTESIAN_POINT('',(0.147407862241,-1.83957163379E-03));
#6510 = CARTESIAN_POINT('',(0.145500403584,-1.870072637836E-03));
#6511 = ( GEOMETRIC_REPRESENTATION_CONTEXT(2) 
PARAMETRIC_REPRESENTATION_CONTEXT() REPRESENTATION_CONTEXT('2D SPACE',''
  ) );
#6512 = PCURVE('',#6513,#6552);
#6513 = B_SPLINE_SURFACE_WITH_KNOTS('',3,1,(
    (#6514,#6515)
    ,(#6516,#6517)
    ,(#6518,#6519)
    ,(#6520,#6521)
    ,(#6522,#6523)
    ,(#6524,#6525)
    ,(#6526,#6527)
    ,(#6528,#6529)
    ,(#6530,#6531)
    ,(#6532,#6533)
    ,(#6534,#6535)
    ,(#6536,#6537)
    ,(#6538,#6539)
    ,(#6540,#6541)
    ,(#6542,#6543)
    ,(#6544,#6545)
    ,(#6546,#6547)
    ,(#6548,#6549)
    ,(#6550,#6551
    )),.UNSPECIFIED.,.F.,.F.,.F.,(4,1,1,1,1,1,1,1,1,1,1,1,1,1,1,1,4),(2,
    2),(0.,6.378853241198E-02,0.124572044416,0.184054629376,
    0.241886308775,0.299954927583,0.357973744823,0.417313404728,
    0.478108804764,0.540163066632,0.602033636401,0.663863311592,
    0.727045689085,0.791532800839,0.858258745878,0.927826707499,1.),(0.,
    1.),.UNSPECIFIED.);
#6514 = CARTESIAN_POINT('',(-0.110105822029,-0.529912481443,0.8));
#6515 = CARTESIAN_POINT('',(-0.110105822029,-0.529912481443,0.81));
#6516 = CARTESIAN_POINT('',(-0.110064452349,-0.531598797307,0.8));
#6517 = CARTESIAN_POINT('',(-0.110064452349,-0.531598797307,0.81));
#6518 = CARTESIAN_POINT('',(-0.109983661878,-0.53489198821,0.8));
#6519 = CARTESIAN_POINT('',(-0.109983661878,-0.53489198821,0.81));
#6520 = CARTESIAN_POINT('',(-0.109221488261,-0.539704667584,0.8));
#6521 = CARTESIAN_POINT('',(-0.109221488261,-0.539704667584,0.81));
#6522 = CARTESIAN_POINT('',(-0.108118615342,-0.544286564565,0.8));
#6523 = CARTESIAN_POINT('',(-0.108118615342,-0.544286564565,0.81));
#6524 = CARTESIAN_POINT('',(-0.106459145399,-0.548623448208,0.8));
#6525 = CARTESIAN_POINT('',(-0.106459145399,-0.548623448208,0.81));
#6526 = CARTESIAN_POINT('',(-0.104384003285,-0.552735326932,0.8));
#6527 = CARTESIAN_POINT('',(-0.104384003285,-0.552735326932,0.81));
#6528 = CARTESIAN_POINT('',(-0.101751393655,-0.55656008666,0.8));
#6529 = CARTESIAN_POINT('',(-0.101751393655,-0.55656008666,0.81));
#6530 = CARTESIAN_POINT('',(-9.87701653139E-02,-0.5602129158,0.8));
#6531 = CARTESIAN_POINT('',(-9.87701653139E-02,-0.5602129158,0.81));
#6532 = CARTESIAN_POINT('',(-9.526147446803E-02,-0.563522049762,0.8));
#6533 = CARTESIAN_POINT('',(-9.526147446803E-02,-0.563522049762,0.81));
#6534 = CARTESIAN_POINT('',(-9.144187032497E-02,-0.566569443416,0.8));
#6535 = CARTESIAN_POINT('',(-9.144187032497E-02,-0.566569443416,0.81));
#6536 = CARTESIAN_POINT('',(-8.728005561518E-02,-0.569187783826,0.8));
#6537 = CARTESIAN_POINT('',(-8.728005561518E-02,-0.569187783826,0.81));
#6538 = CARTESIAN_POINT('',(-8.285640847859E-02,-0.571396468094,0.8));
#6539 = CARTESIAN_POINT('',(-8.285640847859E-02,-0.571396468094,0.81));
#6540 = CARTESIAN_POINT('',(-7.817822102199E-02,-0.573194388519,0.8));
#6541 = CARTESIAN_POINT('',(-7.817822102199E-02,-0.573194388519,0.81));
#6542 = CARTESIAN_POINT('',(-7.324530760881E-02,-0.57464962803,0.8));
#6543 = CARTESIAN_POINT('',(-7.324530760881E-02,-0.57464962803,0.81));
#6544 = CARTESIAN_POINT('',(-6.802460838892E-02,-0.575618399341,0.8));
#6545 = CARTESIAN_POINT('',(-6.802460838892E-02,-0.575618399341,0.81));
#6546 = CARTESIAN_POINT('',(-6.254859509465E-02,-0.576268344709,0.8));
#6547 = CARTESIAN_POINT('',(-6.254859509465E-02,-0.576268344709,0.81));
#6548 = CARTESIAN_POINT('',(-5.880253373479E-02,-0.576328245683,0.8));
#6549 = CARTESIAN_POINT('',(-5.880253373479E-02,-0.576328245683,0.81));
#6550 = CARTESIAN_POINT('',(-5.689507507762E-02,-0.576358746687,0.8));
#6551 = CARTESIAN_POINT('',(-5.689507507762E-02,-0.576358746687,0.81));
#6552 = DEFINITIONAL_REPRESENTATION('',(#6553),#6557);
#6553 = LINE('',#6554,#6555);
#6554 = CARTESIAN_POINT('',(9.473717241161E-16,1.374127765505E-14));
#6555 = VECTOR('',#6556,1.);
#6556 = DIRECTION('',(1.,-1.665333627013E-14));
#6557 = ( GEOMETRIC_REPRESENTATION_CONTEXT(2) 
PARAMETRIC_REPRESENTATION_CONTEXT() REPRESENTATION_CONTEXT('2D SPACE',''
  ) );
#6558 = ORIENTED_EDGE('',*,*,#6559,.F.);
#6559 = EDGE_CURVE('',#6278,#6466,#6560,.T.);
#6560 = SURFACE_CURVE('',#6561,(#6581,#6604),.PCURVE_S1.);
#6561 = B_SPLINE_CURVE_WITH_KNOTS('',3,(#6562,#6563,#6564,#6565,#6566,
    #6567,#6568,#6569,#6570,#6571,#6572,#6573,#6574,#6575,#6576,#6577,
    #6578,#6579,#6580),.UNSPECIFIED.,.F.,.F.,(4,1,1,1,1,1,1,1,1,1,1,1,1,
    1,1,1,4),(0.,7.027523478289E-02,0.138099472105,0.204443438759,
    0.269053804553,0.332520271836,0.39562752032,0.459051685744,
    0.522808528056,0.585403354483,0.645024548512,0.703576984217,
    0.760939044974,0.818859840289,0.877212410092,0.937536463286,1.),
  .UNSPECIFIED.);
#6562 = CARTESIAN_POINT('',(-5.136916044348E-02,-0.481846551565,0.8));
#6563 = CARTESIAN_POINT('',(-5.335565686698E-02,-0.481878387707,0.8));
#6564 = CARTESIAN_POINT('',(-5.725936644934E-02,-0.481940949637,0.8));
#6565 = CARTESIAN_POINT('',(-6.301077671344E-02,-0.48257690296,0.8));
#6566 = CARTESIAN_POINT('',(-6.853240199113E-02,-0.48362933879,0.8));
#6567 = CARTESIAN_POINT('',(-7.384985792756E-02,-0.485039807691,0.8));
#6568 = CARTESIAN_POINT('',(-7.891908244959E-02,-0.486927792111,0.8));
#6569 = CARTESIAN_POINT('',(-8.380671207508E-02,-0.489162460838,0.8));
#6570 = CARTESIAN_POINT('',(-8.848352056882E-02,-0.49183332186,0.8));
#6571 = CARTESIAN_POINT('',(-9.288105780274E-02,-0.494913076605,0.8));
#6572 = CARTESIAN_POINT('',(-9.691978112829E-02,-0.498292308888,0.8));
#6573 = CARTESIAN_POINT('',(-0.100427998771,-0.502016528201,0.8));
#6574 = CARTESIAN_POINT('',(-0.103479239315,-0.505946969295,0.8));
#6575 = CARTESIAN_POINT('',(-0.105848804272,-0.510266174789,0.8));
#6576 = CARTESIAN_POINT('',(-0.107787665462,-0.514785214662,0.8));
#6577 = CARTESIAN_POINT('',(-0.10910763811,-0.519610948162,0.8));
#6578 = CARTESIAN_POINT('',(-0.109939225382,-0.524675310437,0.8));
#6579 = CARTESIAN_POINT('',(-0.110049648466,-0.52814659624,0.8));
#6580 = CARTESIAN_POINT('',(-0.110105822029,-0.529912481443,0.8));
#6581 = PCURVE('',#5635,#6582);
#6582 = DEFINITIONAL_REPRESENTATION('',(#6583),#6603);
#6583 = B_SPLINE_CURVE_WITH_KNOTS('',3,(#6584,#6585,#6586,#6587,#6588,
    #6589,#6590,#6591,#6592,#6593,#6594,#6595,#6596,#6597,#6598,#6599,
    #6600,#6601,#6602),.UNSPECIFIED.,.F.,.F.,(4,1,1,1,1,1,1,1,1,1,1,1,1,
    1,1,1,4),(0.,7.027523478289E-02,0.138099472105,0.204443438759,
    0.269053804553,0.332520271836,0.39562752032,0.459051685744,
    0.522808528056,0.585403354483,0.645024548512,0.703576984217,
    0.760939044974,0.818859840289,0.877212410092,0.937536463286,1.),
  .UNSPECIFIED.);
#6584 = CARTESIAN_POINT('',(0.13997448895,9.264212248412E-02));
#6585 = CARTESIAN_POINT('',(0.141960985373,9.261028634253E-02));
#6586 = CARTESIAN_POINT('',(0.145864694956,9.254772441213E-02));
#6587 = CARTESIAN_POINT('',(0.15161610522,9.19117710896E-02));
#6588 = CARTESIAN_POINT('',(0.157137730498,9.085933525925E-02));
#6589 = CARTESIAN_POINT('',(0.162455186434,8.944886635898E-02));
#6590 = CARTESIAN_POINT('',(0.167524410956,8.756088193886E-02));
#6591 = CARTESIAN_POINT('',(0.172412040582,8.532621321193E-02));
#6592 = CARTESIAN_POINT('',(0.177088849075,8.265535218992E-02));
#6593 = CARTESIAN_POINT('',(0.181486386309,7.957559744475E-02));
#6594 = CARTESIAN_POINT('',(0.185525109635,7.619636516158E-02));
#6595 = CARTESIAN_POINT('',(0.189033327278,7.247214584888E-02));
#6596 = CARTESIAN_POINT('',(0.192084567821,6.854170475467E-02));
#6597 = CARTESIAN_POINT('',(0.194454132779,6.422249926046E-02));
#6598 = CARTESIAN_POINT('',(0.196392993968,5.970345938792E-02));
#6599 = CARTESIAN_POINT('',(0.197712966617,5.487772588793E-02));
#6600 = CARTESIAN_POINT('',(0.198544553889,4.981336361215E-02));
#6601 = CARTESIAN_POINT('',(0.198654976973,4.634207780948E-02));
#6602 = CARTESIAN_POINT('',(0.198711150535,4.457619260607E-02));
#6603 = ( GEOMETRIC_REPRESENTATION_CONTEXT(2) 
PARAMETRIC_REPRESENTATION_CONTEXT() REPRESENTATION_CONTEXT('2D SPACE',''
  ) );
#6604 = PCURVE('',#6605,#6644);
#6605 = B_SPLINE_SURFACE_WITH_KNOTS('',3,1,(
    (#6606,#6607)
    ,(#6608,#6609)
    ,(#6610,#6611)
    ,(#6612,#6613)
    ,(#6614,#6615)
    ,(#6616,#6617)
    ,(#6618,#6619)
    ,(#6620,#6621)
    ,(#6622,#6623)
    ,(#6624,#6625)
    ,(#6626,#6627)
    ,(#6628,#6629)
    ,(#6630,#6631)
    ,(#6632,#6633)
    ,(#6634,#6635)
    ,(#6636,#6637)
    ,(#6638,#6639)
    ,(#6640,#6641)
    ,(#6642,#6643
    )),.UNSPECIFIED.,.F.,.F.,.F.,(4,1,1,1,1,1,1,1,1,1,1,1,1,1,1,1,4),(2,
    2),(0.,7.027523478289E-02,0.138099472105,0.204443438759,
    0.269053804553,0.332520271836,0.39562752032,0.459051685744,
    0.522808528056,0.585403354483,0.645024548512,0.703576984217,
    0.760939044974,0.818859840289,0.877212410092,0.937536463286,1.),(0.,
    1.),.UNSPECIFIED.);
#6606 = CARTESIAN_POINT('',(-5.136916044348E-02,-0.481846551565,0.8));
#6607 = CARTESIAN_POINT('',(-5.136916044348E-02,-0.481846551565,0.81));
#6608 = CARTESIAN_POINT('',(-5.335565686698E-02,-0.481878387707,0.8));
#6609 = CARTESIAN_POINT('',(-5.335565686698E-02,-0.481878387707,0.81));
#6610 = CARTESIAN_POINT('',(-5.725936644934E-02,-0.481940949637,0.8));
#6611 = CARTESIAN_POINT('',(-5.725936644934E-02,-0.481940949637,0.81));
#6612 = CARTESIAN_POINT('',(-6.301077671344E-02,-0.48257690296,0.8));
#6613 = CARTESIAN_POINT('',(-6.301077671344E-02,-0.48257690296,0.81));
#6614 = CARTESIAN_POINT('',(-6.853240199113E-02,-0.48362933879,0.8));
#6615 = CARTESIAN_POINT('',(-6.853240199113E-02,-0.48362933879,0.81));
#6616 = CARTESIAN_POINT('',(-7.384985792756E-02,-0.485039807691,0.8));
#6617 = CARTESIAN_POINT('',(-7.384985792756E-02,-0.485039807691,0.81));
#6618 = CARTESIAN_POINT('',(-7.891908244959E-02,-0.486927792111,0.8));
#6619 = CARTESIAN_POINT('',(-7.891908244959E-02,-0.486927792111,0.81));
#6620 = CARTESIAN_POINT('',(-8.380671207508E-02,-0.489162460838,0.8));
#6621 = CARTESIAN_POINT('',(-8.380671207508E-02,-0.489162460838,0.81));
#6622 = CARTESIAN_POINT('',(-8.848352056882E-02,-0.49183332186,0.8));
#6623 = CARTESIAN_POINT('',(-8.848352056882E-02,-0.49183332186,0.81));
#6624 = CARTESIAN_POINT('',(-9.288105780274E-02,-0.494913076605,0.8));
#6625 = CARTESIAN_POINT('',(-9.288105780274E-02,-0.494913076605,0.81));
#6626 = CARTESIAN_POINT('',(-9.691978112829E-02,-0.498292308888,0.8));
#6627 = CARTESIAN_POINT('',(-9.691978112829E-02,-0.498292308888,0.81));
#6628 = CARTESIAN_POINT('',(-0.100427998771,-0.502016528201,0.8));
#6629 = CARTESIAN_POINT('',(-0.100427998771,-0.502016528201,0.81));
#6630 = CARTESIAN_POINT('',(-0.103479239315,-0.505946969295,0.8));
#6631 = CARTESIAN_POINT('',(-0.103479239315,-0.505946969295,0.81));
#6632 = CARTESIAN_POINT('',(-0.105848804272,-0.510266174789,0.8));
#6633 = CARTESIAN_POINT('',(-0.105848804272,-0.510266174789,0.81));
#6634 = CARTESIAN_POINT('',(-0.107787665462,-0.514785214662,0.8));
#6635 = CARTESIAN_POINT('',(-0.107787665462,-0.514785214662,0.81));
#6636 = CARTESIAN_POINT('',(-0.10910763811,-0.519610948162,0.8));
#6637 = CARTESIAN_POINT('',(-0.10910763811,-0.519610948162,0.81));
#6638 = CARTESIAN_POINT('',(-0.109939225382,-0.524675310437,0.8));
#6639 = CARTESIAN_POINT('',(-0.109939225382,-0.524675310437,0.81));
#6640 = CARTESIAN_POINT('',(-0.110049648466,-0.52814659624,0.8));
#6641 = CARTESIAN_POINT('',(-0.110049648466,-0.52814659624,0.81));
#6642 = CARTESIAN_POINT('',(-0.110105822029,-0.529912481443,0.8));
#6643 = CARTESIAN_POINT('',(-0.110105822029,-0.529912481443,0.81));
#6644 = DEFINITIONAL_REPRESENTATION('',(#6645),#6649);
#6645 = LINE('',#6646,#6647);
#6646 = CARTESIAN_POINT('',(1.021937268569E-17,8.190171631173E-15));
#6647 = VECTOR('',#6648,1.);
#6648 = DIRECTION('',(1.,1.110223024625E-14));
#6649 = ( GEOMETRIC_REPRESENTATION_CONTEXT(2) 
PARAMETRIC_REPRESENTATION_CONTEXT() REPRESENTATION_CONTEXT('2D SPACE',''
  ) );
#6650 = FACE_BOUND('',#6651,.T.);
#6651 = EDGE_LOOP('',(#6652,#6653,#6654,#6655,#6656,#6657,#6658,#6659,
    #6660,#6661));
#6652 = ORIENTED_EDGE('',*,*,#5619,.F.);
#6653 = ORIENTED_EDGE('',*,*,#6234,.F.);
#6654 = ORIENTED_EDGE('',*,*,#6155,.F.);
#6655 = ORIENTED_EDGE('',*,*,#6076,.F.);
#6656 = ORIENTED_EDGE('',*,*,#5997,.F.);
#6657 = ORIENTED_EDGE('',*,*,#5918,.F.);
#6658 = ORIENTED_EDGE('',*,*,#5855,.F.);
#6659 = ORIENTED_EDGE('',*,*,#5807,.F.);
#6660 = ORIENTED_EDGE('',*,*,#5727,.F.);
#6661 = ORIENTED_EDGE('',*,*,#5672,.F.);
#6662 = ADVANCED_FACE('',(#6663),#6325,.T.);
#6663 = FACE_BOUND('',#6664,.T.);
#6664 = EDGE_LOOP('',(#6665,#6727,#6746,#6747));
#6665 = ORIENTED_EDGE('',*,*,#6666,.F.);
#6666 = EDGE_CURVE('',#6667,#6669,#6671,.T.);
#6667 = VERTEX_POINT('',#6668);
#6668 = CARTESIAN_POINT('',(-3.398504955673E-03,-0.529579021078,0.81));
#6669 = VERTEX_POINT('',#6670);
#6670 = CARTESIAN_POINT('',(-5.136916044348E-02,-0.481846551565,0.81));
#6671 = SURFACE_CURVE('',#6672,(#6692,#6699),.PCURVE_S1.);
#6672 = B_SPLINE_CURVE_WITH_KNOTS('',3,(#6673,#6674,#6675,#6676,#6677,
    #6678,#6679,#6680,#6681,#6682,#6683,#6684,#6685,#6686,#6687,#6688,
    #6689,#6690,#6691),.UNSPECIFIED.,.F.,.F.,(4,1,1,1,1,1,1,1,1,1,1,1,1,
    1,1,1,4),(0.,6.876894248276E-02,0.134905640482,0.198347868734,
    0.261135581739,0.322021945736,0.383418290052,0.445330037697,
    0.508618686731,0.571646337566,0.633554877265,0.694219027514,
    0.753996029529,0.814384551533,0.87461500537,0.936295354478,1.),
  .UNSPECIFIED.);
#6673 = CARTESIAN_POINT('',(-3.398504955673E-03,-0.529579021078,0.81));
#6674 = CARTESIAN_POINT('',(-3.445967511902E-03,-0.527846009312,0.81));
#6675 = CARTESIAN_POINT('',(-3.539075916886E-03,-0.524446319659,0.81));
#6676 = CARTESIAN_POINT('',(-4.218009832639E-03,-0.519485090425,0.81));
#6677 = CARTESIAN_POINT('',(-5.311733568828E-03,-0.514756694109,0.81));
#6678 = CARTESIAN_POINT('',(-6.867446854863E-03,-0.510293775633,0.81));
#6679 = CARTESIAN_POINT('',(-8.917295895522E-03,-0.50609755076,0.81));
#6680 = CARTESIAN_POINT('',(-1.132447683175E-02,-0.50211808598,0.81));
#6681 = CARTESIAN_POINT('',(-1.427463970046E-02,-0.498443268907,0.81));
#6682 = CARTESIAN_POINT('',(-1.758598914572E-02,-0.49503871772,0.81));
#6683 = CARTESIAN_POINT('',(-2.120265683984E-02,-0.49196482224,0.81));
#6684 = CARTESIAN_POINT('',(-2.499241979862E-02,-0.489206548581,0.81));
#6685 = CARTESIAN_POINT('',(-2.904005124028E-02,-0.487020849462,0.81));
#6686 = CARTESIAN_POINT('',(-3.314395533253E-02,-0.48502375109,0.81));
#6687 = CARTESIAN_POINT('',(-3.749083789578E-02,-0.483656372832,0.81));
#6688 = CARTESIAN_POINT('',(-4.19564820048E-02,-0.482571391777,0.81));
#6689 = CARTESIAN_POINT('',(-4.660335354445E-02,-0.481943002341,0.81));
#6690 = CARTESIAN_POINT('',(-4.97635513848E-02,-0.481879046008,0.81));
#6691 = CARTESIAN_POINT('',(-5.136916044348E-02,-0.481846551565,0.81));
#6692 = PCURVE('',#6325,#6693);
#6693 = DEFINITIONAL_REPRESENTATION('',(#6694),#6698);
#6694 = LINE('',#6695,#6696);
#6695 = CARTESIAN_POINT('',(-7.928581890207E-16,1.));
#6696 = VECTOR('',#6697,1.);
#6697 = DIRECTION('',(1.,3.319566843629E-14));
#6698 = ( GEOMETRIC_REPRESENTATION_CONTEXT(2) 
PARAMETRIC_REPRESENTATION_CONTEXT() REPRESENTATION_CONTEXT('2D SPACE',''
  ) );
#6699 = PCURVE('',#6700,#6705);
#6700 = PLANE('',#6701);
#6701 = AXIS2_PLACEMENT_3D('',#6702,#6703,#6704);
#6702 = CARTESIAN_POINT('',(0.,0.,0.81));
#6703 = DIRECTION('',(0.,0.,-1.));
#6704 = DIRECTION('',(-1.,0.,-0.));
#6705 = DEFINITIONAL_REPRESENTATION('',(#6706),#6726);
#6706 = B_SPLINE_CURVE_WITH_KNOTS('',3,(#6707,#6708,#6709,#6710,#6711,
    #6712,#6713,#6714,#6715,#6716,#6717,#6718,#6719,#6720,#6721,#6722,
    #6723,#6724,#6725),.UNSPECIFIED.,.F.,.F.,(4,1,1,1,1,1,1,1,1,1,1,1,1,
    1,1,1,4),(0.,6.876894248276E-02,0.134905640482,0.198347868734,
    0.261135581739,0.322021945736,0.383418290052,0.445330037697,
    0.508618686731,0.571646337566,0.633554877265,0.694219027514,
    0.753996029529,0.814384551533,0.87461500537,0.936295354478,1.),
  .UNSPECIFIED.);
#6707 = CARTESIAN_POINT('',(3.398504955673E-03,-0.529579021078));
#6708 = CARTESIAN_POINT('',(3.445967511902E-03,-0.527846009312));
#6709 = CARTESIAN_POINT('',(3.539075916886E-03,-0.524446319659));
#6710 = CARTESIAN_POINT('',(4.218009832639E-03,-0.519485090425));
#6711 = CARTESIAN_POINT('',(5.311733568828E-03,-0.514756694109));
#6712 = CARTESIAN_POINT('',(6.867446854863E-03,-0.510293775633));
#6713 = CARTESIAN_POINT('',(8.917295895522E-03,-0.50609755076));
#6714 = CARTESIAN_POINT('',(1.132447683175E-02,-0.50211808598));
#6715 = CARTESIAN_POINT('',(1.427463970046E-02,-0.498443268907));
#6716 = CARTESIAN_POINT('',(1.758598914572E-02,-0.49503871772));
#6717 = CARTESIAN_POINT('',(2.120265683984E-02,-0.49196482224));
#6718 = CARTESIAN_POINT('',(2.499241979862E-02,-0.489206548581));
#6719 = CARTESIAN_POINT('',(2.904005124028E-02,-0.487020849462));
#6720 = CARTESIAN_POINT('',(3.314395533253E-02,-0.48502375109));
#6721 = CARTESIAN_POINT('',(3.749083789578E-02,-0.483656372832));
#6722 = CARTESIAN_POINT('',(4.19564820048E-02,-0.482571391777));
#6723 = CARTESIAN_POINT('',(4.660335354445E-02,-0.481943002341));
#6724 = CARTESIAN_POINT('',(4.97635513848E-02,-0.481879046008));
#6725 = CARTESIAN_POINT('',(5.136916044348E-02,-0.481846551565));
#6726 = ( GEOMETRIC_REPRESENTATION_CONTEXT(2) 
PARAMETRIC_REPRESENTATION_CONTEXT() REPRESENTATION_CONTEXT('2D SPACE',''
  ) );
#6727 = ORIENTED_EDGE('',*,*,#6728,.F.);
#6728 = EDGE_CURVE('',#6276,#6667,#6729,.T.);
#6729 = SURFACE_CURVE('',#6730,(#6734,#6740),.PCURVE_S1.);
#6730 = LINE('',#6731,#6732);
#6731 = CARTESIAN_POINT('',(-3.398504955673E-03,-0.529579021078,0.8));
#6732 = VECTOR('',#6733,1.);
#6733 = DIRECTION('',(-0.,-0.,1.));
#6734 = PCURVE('',#6325,#6735);
#6735 = DEFINITIONAL_REPRESENTATION('',(#6736),#6739);
#6736 = B_SPLINE_CURVE_WITH_KNOTS('',1,(#6737,#6738),.UNSPECIFIED.,.F.,
  .F.,(2,2),(0.,1.E-02),.PIECEWISE_BEZIER_KNOTS.);
#6737 = CARTESIAN_POINT('',(3.01522009114E-16,-2.621216256895E-15));
#6738 = CARTESIAN_POINT('',(-7.922302408177E-16,1.));
#6739 = ( GEOMETRIC_REPRESENTATION_CONTEXT(2) 
PARAMETRIC_REPRESENTATION_CONTEXT() REPRESENTATION_CONTEXT('2D SPACE',''
  ) );
#6740 = PCURVE('',#6419,#6741);
#6741 = DEFINITIONAL_REPRESENTATION('',(#6742),#6745);
#6742 = B_SPLINE_CURVE_WITH_KNOTS('',1,(#6743,#6744),.UNSPECIFIED.,.F.,
  .F.,(2,2),(0.,1.E-02),.PIECEWISE_BEZIER_KNOTS.);
#6743 = CARTESIAN_POINT('',(1.,-2.636888103702E-15));
#6744 = CARTESIAN_POINT('',(1.,1.));
#6745 = ( GEOMETRIC_REPRESENTATION_CONTEXT(2) 
PARAMETRIC_REPRESENTATION_CONTEXT() REPRESENTATION_CONTEXT('2D SPACE',''
  ) );
#6746 = ORIENTED_EDGE('',*,*,#6275,.T.);
#6747 = ORIENTED_EDGE('',*,*,#6748,.T.);
#6748 = EDGE_CURVE('',#6278,#6669,#6749,.T.);
#6749 = SURFACE_CURVE('',#6750,(#6754,#6760),.PCURVE_S1.);
#6750 = LINE('',#6751,#6752);
#6751 = CARTESIAN_POINT('',(-5.136916044348E-02,-0.481846551565,0.8));
#6752 = VECTOR('',#6753,1.);
#6753 = DIRECTION('',(-0.,-0.,1.));
#6754 = PCURVE('',#6325,#6755);
#6755 = DEFINITIONAL_REPRESENTATION('',(#6756),#6759);
#6756 = B_SPLINE_CURVE_WITH_KNOTS('',1,(#6757,#6758),.UNSPECIFIED.,.F.,
  .F.,(2,2),(0.,1.E-02),.PIECEWISE_BEZIER_KNOTS.);
#6757 = CARTESIAN_POINT('',(1.,1.95832933203E-14));
#6758 = CARTESIAN_POINT('',(1.,1.));
#6759 = ( GEOMETRIC_REPRESENTATION_CONTEXT(2) 
PARAMETRIC_REPRESENTATION_CONTEXT() REPRESENTATION_CONTEXT('2D SPACE',''
  ) );
#6760 = PCURVE('',#6605,#6761);
#6761 = DEFINITIONAL_REPRESENTATION('',(#6762),#6765);
#6762 = B_SPLINE_CURVE_WITH_KNOTS('',1,(#6763,#6764),.UNSPECIFIED.,.F.,
  .F.,(2,2),(0.,1.E-02),.PIECEWISE_BEZIER_KNOTS.);
#6763 = CARTESIAN_POINT('',(1.021937268569E-17,8.190171631173E-15));
#6764 = CARTESIAN_POINT('',(1.021937268569E-17,1.));
#6765 = ( GEOMETRIC_REPRESENTATION_CONTEXT(2) 
PARAMETRIC_REPRESENTATION_CONTEXT() REPRESENTATION_CONTEXT('2D SPACE',''
  ) );
#6766 = ADVANCED_FACE('',(#6767),#6419,.T.);
#6767 = FACE_BOUND('',#6768,.T.);
#6768 = EDGE_LOOP('',(#6769,#6824,#6843,#6844));
#6769 = ORIENTED_EDGE('',*,*,#6770,.F.);
#6770 = EDGE_CURVE('',#6771,#6667,#6773,.T.);
#6771 = VERTEX_POINT('',#6772);
#6772 = CARTESIAN_POINT('',(-5.689507507762E-02,-0.576358746687,0.81));
#6773 = SURFACE_CURVE('',#6774,(#6794,#6801),.PCURVE_S1.);
#6774 = B_SPLINE_CURVE_WITH_KNOTS('',3,(#6775,#6776,#6777,#6778,#6779,
    #6780,#6781,#6782,#6783,#6784,#6785,#6786,#6787,#6788,#6789,#6790,
    #6791,#6792,#6793),.UNSPECIFIED.,.F.,.F.,(4,1,1,1,1,1,1,1,1,1,1,1,1,
    1,1,1,4),(0.,7.615817471895E-02,0.148496546138,0.216794187127,
    0.282059830234,0.344776137006,0.404701495771,0.463500624284,
    0.521569781677,0.57832280477,0.634913004553,0.691083234155,
    0.748622288561,0.807216753306,0.868475354447,0.932665086995,1.),
  .UNSPECIFIED.);
#6775 = CARTESIAN_POINT('',(-5.689507507762E-02,-0.576358746687,0.81));
#6776 = CARTESIAN_POINT('',(-5.484531718925E-02,-0.576323911279,0.81));
#6777 = CARTESIAN_POINT('',(-5.084860944296E-02,-0.576255987673,0.81));
#6778 = CARTESIAN_POINT('',(-4.503632697906E-02,-0.575679246224,0.81));
#6779 = CARTESIAN_POINT('',(-3.957221280334E-02,-0.574733357111,0.81));
#6780 = CARTESIAN_POINT('',(-3.44519490607E-02,-0.573406667643,0.81));
#6781 = CARTESIAN_POINT('',(-2.96905189899E-02,-0.571687898555,0.81));
#6782 = CARTESIAN_POINT('',(-2.524456784689E-02,-0.569647296779,0.81));
#6783 = CARTESIAN_POINT('',(-2.11872414344E-02,-0.567144582901,0.81));
#6784 = CARTESIAN_POINT('',(-1.746286984252E-02,-0.564306731255,0.81));
#6785 = CARTESIAN_POINT('',(-1.416222591038E-02,-0.561073310241,0.81));
#6786 = CARTESIAN_POINT('',(-1.121464369435E-02,-0.557573461148,0.81));
#6787 = CARTESIAN_POINT('',(-8.846663093783E-03,-0.55363540252,0.81));
#6788 = CARTESIAN_POINT('',(-6.815473811937E-03,-0.549456933651,0.81));
#6789 = CARTESIAN_POINT('',(-5.320057155266E-03,-0.544913656398,0.81));
#6790 = CARTESIAN_POINT('',(-4.133187008047E-03,-0.54009690397,0.81));
#6791 = CARTESIAN_POINT('',(-3.559453915619E-03,-0.534928053589,0.81));
#6792 = CARTESIAN_POINT('',(-3.453003136674E-03,-0.531390232173,0.81));
#6793 = CARTESIAN_POINT('',(-3.398504955673E-03,-0.529579021078,0.81));
#6794 = PCURVE('',#6419,#6795);
#6795 = DEFINITIONAL_REPRESENTATION('',(#6796),#6800);
#6796 = LINE('',#6797,#6798);
#6797 = CARTESIAN_POINT('',(-1.958193763084E-17,1.));
#6798 = VECTOR('',#6799,1.);
#6799 = DIRECTION('',(1.,5.551115123126E-15));
#6800 = ( GEOMETRIC_REPRESENTATION_CONTEXT(2) 
PARAMETRIC_REPRESENTATION_CONTEXT() REPRESENTATION_CONTEXT('2D SPACE',''
  ) );
#6801 = PCURVE('',#6700,#6802);
#6802 = DEFINITIONAL_REPRESENTATION('',(#6803),#6823);
#6803 = B_SPLINE_CURVE_WITH_KNOTS('',3,(#6804,#6805,#6806,#6807,#6808,
    #6809,#6810,#6811,#6812,#6813,#6814,#6815,#6816,#6817,#6818,#6819,
    #6820,#6821,#6822),.UNSPECIFIED.,.F.,.F.,(4,1,1,1,1,1,1,1,1,1,1,1,1,
    1,1,1,4),(0.,7.615817471895E-02,0.148496546138,0.216794187127,
    0.282059830234,0.344776137006,0.404701495771,0.463500624284,
    0.521569781677,0.57832280477,0.634913004553,0.691083234155,
    0.748622288561,0.807216753306,0.868475354447,0.932665086995,1.),
  .UNSPECIFIED.);
#6804 = CARTESIAN_POINT('',(5.689507507762E-02,-0.576358746687));
#6805 = CARTESIAN_POINT('',(5.484531718925E-02,-0.576323911279));
#6806 = CARTESIAN_POINT('',(5.084860944296E-02,-0.576255987673));
#6807 = CARTESIAN_POINT('',(4.503632697906E-02,-0.575679246224));
#6808 = CARTESIAN_POINT('',(3.957221280334E-02,-0.574733357111));
#6809 = CARTESIAN_POINT('',(3.44519490607E-02,-0.573406667643));
#6810 = CARTESIAN_POINT('',(2.96905189899E-02,-0.571687898555));
#6811 = CARTESIAN_POINT('',(2.524456784689E-02,-0.569647296779));
#6812 = CARTESIAN_POINT('',(2.11872414344E-02,-0.567144582901));
#6813 = CARTESIAN_POINT('',(1.746286984252E-02,-0.564306731255));
#6814 = CARTESIAN_POINT('',(1.416222591038E-02,-0.561073310241));
#6815 = CARTESIAN_POINT('',(1.121464369435E-02,-0.557573461148));
#6816 = CARTESIAN_POINT('',(8.846663093783E-03,-0.55363540252));
#6817 = CARTESIAN_POINT('',(6.815473811937E-03,-0.549456933651));
#6818 = CARTESIAN_POINT('',(5.320057155266E-03,-0.544913656398));
#6819 = CARTESIAN_POINT('',(4.133187008047E-03,-0.54009690397));
#6820 = CARTESIAN_POINT('',(3.559453915619E-03,-0.534928053589));
#6821 = CARTESIAN_POINT('',(3.453003136674E-03,-0.531390232173));
#6822 = CARTESIAN_POINT('',(3.398504955673E-03,-0.529579021078));
#6823 = ( GEOMETRIC_REPRESENTATION_CONTEXT(2) 
PARAMETRIC_REPRESENTATION_CONTEXT() REPRESENTATION_CONTEXT('2D SPACE',''
  ) );
#6824 = ORIENTED_EDGE('',*,*,#6825,.F.);
#6825 = EDGE_CURVE('',#6372,#6771,#6826,.T.);
#6826 = SURFACE_CURVE('',#6827,(#6831,#6837),.PCURVE_S1.);
#6827 = LINE('',#6828,#6829);
#6828 = CARTESIAN_POINT('',(-5.689507507762E-02,-0.576358746687,0.8));
#6829 = VECTOR('',#6830,1.);
#6830 = DIRECTION('',(-0.,-0.,1.));
#6831 = PCURVE('',#6419,#6832);
#6832 = DEFINITIONAL_REPRESENTATION('',(#6833),#6836);
#6833 = B_SPLINE_CURVE_WITH_KNOTS('',1,(#6834,#6835),.UNSPECIFIED.,.F.,
  .F.,(2,2),(0.,1.E-02),.PIECEWISE_BEZIER_KNOTS.);
#6834 = CARTESIAN_POINT('',(4.405786040452E-18,2.914174017642E-15));
#6835 = CARTESIAN_POINT('',(3.779300576495E-18,1.));
#6836 = ( GEOMETRIC_REPRESENTATION_CONTEXT(2) 
PARAMETRIC_REPRESENTATION_CONTEXT() REPRESENTATION_CONTEXT('2D SPACE',''
  ) );
#6837 = PCURVE('',#6513,#6838);
#6838 = DEFINITIONAL_REPRESENTATION('',(#6839),#6842);
#6839 = B_SPLINE_CURVE_WITH_KNOTS('',1,(#6840,#6841),.UNSPECIFIED.,.F.,
  .F.,(2,2),(0.,1.E-02),.PIECEWISE_BEZIER_KNOTS.);
#6840 = CARTESIAN_POINT('',(1.,-2.912058615079E-15));
#6841 = CARTESIAN_POINT('',(1.,1.));
#6842 = ( GEOMETRIC_REPRESENTATION_CONTEXT(2) 
PARAMETRIC_REPRESENTATION_CONTEXT() REPRESENTATION_CONTEXT('2D SPACE',''
  ) );
#6843 = ORIENTED_EDGE('',*,*,#6371,.T.);
#6844 = ORIENTED_EDGE('',*,*,#6728,.T.);
#6845 = ADVANCED_FACE('',(#6846),#6513,.T.);
#6846 = FACE_BOUND('',#6847,.T.);
#6847 = EDGE_LOOP('',(#6848,#6903,#6922,#6923));
#6848 = ORIENTED_EDGE('',*,*,#6849,.F.);
#6849 = EDGE_CURVE('',#6850,#6771,#6852,.T.);
#6850 = VERTEX_POINT('',#6851);
#6851 = CARTESIAN_POINT('',(-0.110105822029,-0.529912481443,0.81));
#6852 = SURFACE_CURVE('',#6853,(#6873,#6880),.PCURVE_S1.);
#6853 = B_SPLINE_CURVE_WITH_KNOTS('',3,(#6854,#6855,#6856,#6857,#6858,
    #6859,#6860,#6861,#6862,#6863,#6864,#6865,#6866,#6867,#6868,#6869,
    #6870,#6871,#6872),.UNSPECIFIED.,.F.,.F.,(4,1,1,1,1,1,1,1,1,1,1,1,1,
    1,1,1,4),(0.,6.378853241198E-02,0.124572044416,0.184054629376,
    0.241886308775,0.299954927583,0.357973744823,0.417313404728,
    0.478108804764,0.540163066632,0.602033636401,0.663863311592,
    0.727045689085,0.791532800839,0.858258745878,0.927826707499,1.),
  .UNSPECIFIED.);
#6854 = CARTESIAN_POINT('',(-0.110105822029,-0.529912481443,0.81));
#6855 = CARTESIAN_POINT('',(-0.110064452349,-0.531598797307,0.81));
#6856 = CARTESIAN_POINT('',(-0.109983661878,-0.53489198821,0.81));
#6857 = CARTESIAN_POINT('',(-0.109221488261,-0.539704667584,0.81));
#6858 = CARTESIAN_POINT('',(-0.108118615342,-0.544286564565,0.81));
#6859 = CARTESIAN_POINT('',(-0.106459145399,-0.548623448208,0.81));
#6860 = CARTESIAN_POINT('',(-0.104384003285,-0.552735326932,0.81));
#6861 = CARTESIAN_POINT('',(-0.101751393655,-0.55656008666,0.81));
#6862 = CARTESIAN_POINT('',(-9.87701653139E-02,-0.5602129158,0.81));
#6863 = CARTESIAN_POINT('',(-9.526147446803E-02,-0.563522049762,0.81));
#6864 = CARTESIAN_POINT('',(-9.144187032497E-02,-0.566569443416,0.81));
#6865 = CARTESIAN_POINT('',(-8.728005561518E-02,-0.569187783826,0.81));
#6866 = CARTESIAN_POINT('',(-8.285640847859E-02,-0.571396468094,0.81));
#6867 = CARTESIAN_POINT('',(-7.817822102199E-02,-0.573194388519,0.81));
#6868 = CARTESIAN_POINT('',(-7.324530760881E-02,-0.57464962803,0.81));
#6869 = CARTESIAN_POINT('',(-6.802460838892E-02,-0.575618399341,0.81));
#6870 = CARTESIAN_POINT('',(-6.254859509465E-02,-0.576268344709,0.81));
#6871 = CARTESIAN_POINT('',(-5.880253373479E-02,-0.576328245683,0.81));
#6872 = CARTESIAN_POINT('',(-5.689507507762E-02,-0.576358746687,0.81));
#6873 = PCURVE('',#6513,#6874);
#6874 = DEFINITIONAL_REPRESENTATION('',(#6875),#6879);
#6875 = LINE('',#6876,#6877);
#6876 = CARTESIAN_POINT('',(7.731151199152E-16,1.));
#6877 = VECTOR('',#6878,1.);
#6878 = DIRECTION('',(1.,-1.676436767184E-14));
#6879 = ( GEOMETRIC_REPRESENTATION_CONTEXT(2) 
PARAMETRIC_REPRESENTATION_CONTEXT() REPRESENTATION_CONTEXT('2D SPACE',''
  ) );
#6880 = PCURVE('',#6700,#6881);
#6881 = DEFINITIONAL_REPRESENTATION('',(#6882),#6902);
#6882 = B_SPLINE_CURVE_WITH_KNOTS('',3,(#6883,#6884,#6885,#6886,#6887,
    #6888,#6889,#6890,#6891,#6892,#6893,#6894,#6895,#6896,#6897,#6898,
    #6899,#6900,#6901),.UNSPECIFIED.,.F.,.F.,(4,1,1,1,1,1,1,1,1,1,1,1,1,
    1,1,1,4),(0.,6.378853241198E-02,0.124572044416,0.184054629376,
    0.241886308775,0.299954927583,0.357973744823,0.417313404728,
    0.478108804764,0.540163066632,0.602033636401,0.663863311592,
    0.727045689085,0.791532800839,0.858258745878,0.927826707499,1.),
  .UNSPECIFIED.);
#6883 = CARTESIAN_POINT('',(0.110105822029,-0.529912481443));
#6884 = CARTESIAN_POINT('',(0.110064452349,-0.531598797307));
#6885 = CARTESIAN_POINT('',(0.109983661878,-0.53489198821));
#6886 = CARTESIAN_POINT('',(0.109221488261,-0.539704667584));
#6887 = CARTESIAN_POINT('',(0.108118615342,-0.544286564565));
#6888 = CARTESIAN_POINT('',(0.106459145399,-0.548623448208));
#6889 = CARTESIAN_POINT('',(0.104384003285,-0.552735326932));
#6890 = CARTESIAN_POINT('',(0.101751393655,-0.55656008666));
#6891 = CARTESIAN_POINT('',(9.87701653139E-02,-0.5602129158));
#6892 = CARTESIAN_POINT('',(9.526147446803E-02,-0.563522049762));
#6893 = CARTESIAN_POINT('',(9.144187032497E-02,-0.566569443416));
#6894 = CARTESIAN_POINT('',(8.728005561518E-02,-0.569187783826));
#6895 = CARTESIAN_POINT('',(8.285640847859E-02,-0.571396468094));
#6896 = CARTESIAN_POINT('',(7.817822102199E-02,-0.573194388519));
#6897 = CARTESIAN_POINT('',(7.324530760881E-02,-0.57464962803));
#6898 = CARTESIAN_POINT('',(6.802460838892E-02,-0.575618399341));
#6899 = CARTESIAN_POINT('',(6.254859509465E-02,-0.576268344709));
#6900 = CARTESIAN_POINT('',(5.880253373479E-02,-0.576328245683));
#6901 = CARTESIAN_POINT('',(5.689507507762E-02,-0.576358746687));
#6902 = ( GEOMETRIC_REPRESENTATION_CONTEXT(2) 
PARAMETRIC_REPRESENTATION_CONTEXT() REPRESENTATION_CONTEXT('2D SPACE',''
  ) );
#6903 = ORIENTED_EDGE('',*,*,#6904,.F.);
#6904 = EDGE_CURVE('',#6466,#6850,#6905,.T.);
#6905 = SURFACE_CURVE('',#6906,(#6910,#6916),.PCURVE_S1.);
#6906 = LINE('',#6907,#6908);
#6907 = CARTESIAN_POINT('',(-0.110105822029,-0.529912481443,0.8));
#6908 = VECTOR('',#6909,1.);
#6909 = DIRECTION('',(-0.,-0.,1.));
#6910 = PCURVE('',#6513,#6911);
#6911 = DEFINITIONAL_REPRESENTATION('',(#6912),#6915);
#6912 = B_SPLINE_CURVE_WITH_KNOTS('',1,(#6913,#6914),.UNSPECIFIED.,.F.,
  .F.,(2,2),(1.110223024625E-16,1.E-02),.PIECEWISE_BEZIER_KNOTS.);
#6913 = CARTESIAN_POINT('',(9.559522637778E-16,1.374127765505E-14));
#6914 = CARTESIAN_POINT('',(7.645345802536E-16,1.));
#6915 = ( GEOMETRIC_REPRESENTATION_CONTEXT(2) 
PARAMETRIC_REPRESENTATION_CONTEXT() REPRESENTATION_CONTEXT('2D SPACE',''
  ) );
#6916 = PCURVE('',#6605,#6917);
#6917 = DEFINITIONAL_REPRESENTATION('',(#6918),#6921);
#6918 = B_SPLINE_CURVE_WITH_KNOTS('',1,(#6919,#6920),.UNSPECIFIED.,.F.,
  .F.,(2,2),(1.110223024625E-16,1.E-02),.PIECEWISE_BEZIER_KNOTS.);
#6919 = CARTESIAN_POINT('',(1.,1.929240187742E-14));
#6920 = CARTESIAN_POINT('',(1.,1.));
#6921 = ( GEOMETRIC_REPRESENTATION_CONTEXT(2) 
PARAMETRIC_REPRESENTATION_CONTEXT() REPRESENTATION_CONTEXT('2D SPACE',''
  ) );
#6922 = ORIENTED_EDGE('',*,*,#6465,.T.);
#6923 = ORIENTED_EDGE('',*,*,#6825,.T.);
#6924 = ADVANCED_FACE('',(#6925),#6605,.T.);
#6925 = FACE_BOUND('',#6926,.T.);
#6926 = EDGE_LOOP('',(#6927,#6980,#6981,#6982));
#6927 = ORIENTED_EDGE('',*,*,#6928,.F.);
#6928 = EDGE_CURVE('',#6669,#6850,#6929,.T.);
#6929 = SURFACE_CURVE('',#6930,(#6950,#6957),.PCURVE_S1.);
#6930 = B_SPLINE_CURVE_WITH_KNOTS('',3,(#6931,#6932,#6933,#6934,#6935,
    #6936,#6937,#6938,#6939,#6940,#6941,#6942,#6943,#6944,#6945,#6946,
    #6947,#6948,#6949),.UNSPECIFIED.,.F.,.F.,(4,1,1,1,1,1,1,1,1,1,1,1,1,
    1,1,1,4),(0.,7.027523478289E-02,0.138099472105,0.204443438759,
    0.269053804553,0.332520271836,0.39562752032,0.459051685744,
    0.522808528056,0.585403354483,0.645024548512,0.703576984217,
    0.760939044974,0.818859840289,0.877212410092,0.937536463286,1.),
  .UNSPECIFIED.);
#6931 = CARTESIAN_POINT('',(-5.136916044348E-02,-0.481846551565,0.81));
#6932 = CARTESIAN_POINT('',(-5.335565686698E-02,-0.481878387707,0.81));
#6933 = CARTESIAN_POINT('',(-5.725936644934E-02,-0.481940949637,0.81));
#6934 = CARTESIAN_POINT('',(-6.301077671344E-02,-0.48257690296,0.81));
#6935 = CARTESIAN_POINT('',(-6.853240199113E-02,-0.48362933879,0.81));
#6936 = CARTESIAN_POINT('',(-7.384985792756E-02,-0.485039807691,0.81));
#6937 = CARTESIAN_POINT('',(-7.891908244959E-02,-0.486927792111,0.81));
#6938 = CARTESIAN_POINT('',(-8.380671207508E-02,-0.489162460838,0.81));
#6939 = CARTESIAN_POINT('',(-8.848352056882E-02,-0.49183332186,0.81));
#6940 = CARTESIAN_POINT('',(-9.288105780274E-02,-0.494913076605,0.81));
#6941 = CARTESIAN_POINT('',(-9.691978112829E-02,-0.498292308888,0.81));
#6942 = CARTESIAN_POINT('',(-0.100427998771,-0.502016528201,0.81));
#6943 = CARTESIAN_POINT('',(-0.103479239315,-0.505946969295,0.81));
#6944 = CARTESIAN_POINT('',(-0.105848804272,-0.510266174789,0.81));
#6945 = CARTESIAN_POINT('',(-0.107787665462,-0.514785214662,0.81));
#6946 = CARTESIAN_POINT('',(-0.10910763811,-0.519610948162,0.81));
#6947 = CARTESIAN_POINT('',(-0.109939225382,-0.524675310437,0.81));
#6948 = CARTESIAN_POINT('',(-0.110049648466,-0.52814659624,0.81));
#6949 = CARTESIAN_POINT('',(-0.110105822029,-0.529912481443,0.81));
#6950 = PCURVE('',#6605,#6951);
#6951 = DEFINITIONAL_REPRESENTATION('',(#6952),#6956);
#6952 = LINE('',#6953,#6954);
#6953 = CARTESIAN_POINT('',(1.021937268569E-17,1.));
#6954 = VECTOR('',#6955,1.);
#6955 = DIRECTION('',(1.,-1.121325254871E-14));
#6956 = ( GEOMETRIC_REPRESENTATION_CONTEXT(2) 
PARAMETRIC_REPRESENTATION_CONTEXT() REPRESENTATION_CONTEXT('2D SPACE',''
  ) );
#6957 = PCURVE('',#6700,#6958);
#6958 = DEFINITIONAL_REPRESENTATION('',(#6959),#6979);
#6959 = B_SPLINE_CURVE_WITH_KNOTS('',3,(#6960,#6961,#6962,#6963,#6964,
    #6965,#6966,#6967,#6968,#6969,#6970,#6971,#6972,#6973,#6974,#6975,
    #6976,#6977,#6978),.UNSPECIFIED.,.F.,.F.,(4,1,1,1,1,1,1,1,1,1,1,1,1,
    1,1,1,4),(0.,7.027523478289E-02,0.138099472105,0.204443438759,
    0.269053804553,0.332520271836,0.39562752032,0.459051685744,
    0.522808528056,0.585403354483,0.645024548512,0.703576984217,
    0.760939044974,0.818859840289,0.877212410092,0.937536463286,1.),
  .UNSPECIFIED.);
#6960 = CARTESIAN_POINT('',(5.136916044348E-02,-0.481846551565));
#6961 = CARTESIAN_POINT('',(5.335565686698E-02,-0.481878387707));
#6962 = CARTESIAN_POINT('',(5.725936644934E-02,-0.481940949637));
#6963 = CARTESIAN_POINT('',(6.301077671344E-02,-0.48257690296));
#6964 = CARTESIAN_POINT('',(6.853240199113E-02,-0.48362933879));
#6965 = CARTESIAN_POINT('',(7.384985792756E-02,-0.485039807691));
#6966 = CARTESIAN_POINT('',(7.891908244959E-02,-0.486927792111));
#6967 = CARTESIAN_POINT('',(8.380671207508E-02,-0.489162460838));
#6968 = CARTESIAN_POINT('',(8.848352056882E-02,-0.49183332186));
#6969 = CARTESIAN_POINT('',(9.288105780274E-02,-0.494913076605));
#6970 = CARTESIAN_POINT('',(9.691978112829E-02,-0.498292308888));
#6971 = CARTESIAN_POINT('',(0.100427998771,-0.502016528201));
#6972 = CARTESIAN_POINT('',(0.103479239315,-0.505946969295));
#6973 = CARTESIAN_POINT('',(0.105848804272,-0.510266174789));
#6974 = CARTESIAN_POINT('',(0.107787665462,-0.514785214662));
#6975 = CARTESIAN_POINT('',(0.10910763811,-0.519610948162));
#6976 = CARTESIAN_POINT('',(0.109939225382,-0.524675310437));
#6977 = CARTESIAN_POINT('',(0.110049648466,-0.52814659624));
#6978 = CARTESIAN_POINT('',(0.110105822029,-0.529912481443));
#6979 = ( GEOMETRIC_REPRESENTATION_CONTEXT(2) 
PARAMETRIC_REPRESENTATION_CONTEXT() REPRESENTATION_CONTEXT('2D SPACE',''
  ) );
#6980 = ORIENTED_EDGE('',*,*,#6748,.F.);
#6981 = ORIENTED_EDGE('',*,*,#6559,.T.);
#6982 = ORIENTED_EDGE('',*,*,#6904,.T.);
#6983 = ADVANCED_FACE('',(#6984),#2901,.T.);
#6984 = FACE_BOUND('',#6985,.T.);
#6985 = EDGE_LOOP('',(#6986,#6987,#7010,#7038));
#6986 = ORIENTED_EDGE('',*,*,#2883,.F.);
#6987 = ORIENTED_EDGE('',*,*,#6988,.F.);
#6988 = EDGE_CURVE('',#6989,#2884,#6991,.T.);
#6989 = VERTEX_POINT('',#6990);
#6990 = CARTESIAN_POINT('',(0.115503934069,-0.399529478395,0.8));
#6991 = SURFACE_CURVE('',#6992,(#6996,#7003),.PCURVE_S1.);
#6992 = LINE('',#6993,#6994);
#6993 = CARTESIAN_POINT('',(0.115503934069,-0.399529478395,0.8));
#6994 = VECTOR('',#6995,1.);
#6995 = DIRECTION('',(-0.,-0.,1.));
#6996 = PCURVE('',#2901,#6997);
#6997 = DEFINITIONAL_REPRESENTATION('',(#6998),#7002);
#6998 = LINE('',#6999,#7000);
#6999 = CARTESIAN_POINT('',(0.,0.));
#7000 = VECTOR('',#7001,1.);
#7001 = DIRECTION('',(1.,-0.));
#7002 = ( GEOMETRIC_REPRESENTATION_CONTEXT(2) 
PARAMETRIC_REPRESENTATION_CONTEXT() REPRESENTATION_CONTEXT('2D SPACE',''
  ) );
#7003 = PCURVE('',#3431,#7004);
#7004 = DEFINITIONAL_REPRESENTATION('',(#7005),#7009);
#7005 = LINE('',#7006,#7007);
#7006 = CARTESIAN_POINT('',(0.,-3.353658536585E-02));
#7007 = VECTOR('',#7008,1.);
#7008 = DIRECTION('',(1.,0.));
#7009 = ( GEOMETRIC_REPRESENTATION_CONTEXT(2) 
PARAMETRIC_REPRESENTATION_CONTEXT() REPRESENTATION_CONTEXT('2D SPACE',''
  ) );
#7010 = ORIENTED_EDGE('',*,*,#7011,.T.);
#7011 = EDGE_CURVE('',#6989,#7012,#7014,.T.);
#7012 = VERTEX_POINT('',#7013);
#7013 = CARTESIAN_POINT('',(-0.134496065931,-0.399529478395,0.8));
#7014 = SURFACE_CURVE('',#7015,(#7019,#7026),.PCURVE_S1.);
#7015 = LINE('',#7016,#7017);
#7016 = CARTESIAN_POINT('',(0.115503934069,-0.399529478395,0.8));
#7017 = VECTOR('',#7018,1.);
#7018 = DIRECTION('',(-1.,0.,0.));
#7019 = PCURVE('',#2901,#7020);
#7020 = DEFINITIONAL_REPRESENTATION('',(#7021),#7025);
#7021 = LINE('',#7022,#7023);
#7022 = CARTESIAN_POINT('',(0.,0.));
#7023 = VECTOR('',#7024,1.);
#7024 = DIRECTION('',(0.,-1.));
#7025 = ( GEOMETRIC_REPRESENTATION_CONTEXT(2) 
PARAMETRIC_REPRESENTATION_CONTEXT() REPRESENTATION_CONTEXT('2D SPACE',''
  ) );
#7026 = PCURVE('',#7027,#7032);
#7027 = PLANE('',#7028);
#7028 = AXIS2_PLACEMENT_3D('',#7029,#7030,#7031);
#7029 = CARTESIAN_POINT('',(6.753130473234E-02,-0.232588511161,0.8));
#7030 = DIRECTION('',(2.26017630541E-13,-4.424476627512E-13,1.));
#7031 = DIRECTION('',(0.,-1.,-4.424476627512E-13));
#7032 = DEFINITIONAL_REPRESENTATION('',(#7033),#7037);
#7033 = LINE('',#7034,#7035);
#7034 = CARTESIAN_POINT('',(0.166940967233,4.797262933638E-02));
#7035 = VECTOR('',#7036,1.);
#7036 = DIRECTION('',(0.,-1.));
#7037 = ( GEOMETRIC_REPRESENTATION_CONTEXT(2) 
PARAMETRIC_REPRESENTATION_CONTEXT() REPRESENTATION_CONTEXT('2D SPACE',''
  ) );
#7038 = ORIENTED_EDGE('',*,*,#7039,.T.);
#7039 = EDGE_CURVE('',#7012,#2886,#7040,.T.);
#7040 = SURFACE_CURVE('',#7041,(#7045,#7052),.PCURVE_S1.);
#7041 = LINE('',#7042,#7043);
#7042 = CARTESIAN_POINT('',(-0.134496065931,-0.399529478395,0.8));
#7043 = VECTOR('',#7044,1.);
#7044 = DIRECTION('',(-0.,-0.,1.));
#7045 = PCURVE('',#2901,#7046);
#7046 = DEFINITIONAL_REPRESENTATION('',(#7047),#7051);
#7047 = LINE('',#7048,#7049);
#7048 = CARTESIAN_POINT('',(0.,-0.25));
#7049 = VECTOR('',#7050,1.);
#7050 = DIRECTION('',(1.,-0.));
#7051 = ( GEOMETRIC_REPRESENTATION_CONTEXT(2) 
PARAMETRIC_REPRESENTATION_CONTEXT() REPRESENTATION_CONTEXT('2D SPACE',''
  ) );
#7052 = PCURVE('',#2929,#7053);
#7053 = DEFINITIONAL_REPRESENTATION('',(#7054),#7058);
#7054 = LINE('',#7055,#7056);
#7055 = CARTESIAN_POINT('',(0.,0.));
#7056 = VECTOR('',#7057,1.);
#7057 = DIRECTION('',(-1.,0.));
#7058 = ( GEOMETRIC_REPRESENTATION_CONTEXT(2) 
PARAMETRIC_REPRESENTATION_CONTEXT() REPRESENTATION_CONTEXT('2D SPACE',''
  ) );
#7059 = ADVANCED_FACE('',(#7060),#2929,.T.);
#7060 = FACE_BOUND('',#7061,.T.);
#7061 = EDGE_LOOP('',(#7062,#7063,#7064,#7087));
#7062 = ORIENTED_EDGE('',*,*,#2913,.F.);
#7063 = ORIENTED_EDGE('',*,*,#7039,.F.);
#7064 = ORIENTED_EDGE('',*,*,#7065,.T.);
#7065 = EDGE_CURVE('',#7012,#7066,#7068,.T.);
#7066 = VERTEX_POINT('',#7067);
#7067 = CARTESIAN_POINT('',(-0.134496065931,-0.359752420468,0.8));
#7068 = SURFACE_CURVE('',#7069,(#7073,#7080),.PCURVE_S1.);
#7069 = LINE('',#7070,#7071);
#7070 = CARTESIAN_POINT('',(-0.134496065931,-0.399529478395,0.8));
#7071 = VECTOR('',#7072,1.);
#7072 = DIRECTION('',(0.,1.,0.));
#7073 = PCURVE('',#2929,#7074);
#7074 = DEFINITIONAL_REPRESENTATION('',(#7075),#7079);
#7075 = LINE('',#7076,#7077);
#7076 = CARTESIAN_POINT('',(0.,0.));
#7077 = VECTOR('',#7078,1.);
#7078 = DIRECTION('',(0.,1.));
#7079 = ( GEOMETRIC_REPRESENTATION_CONTEXT(2) 
PARAMETRIC_REPRESENTATION_CONTEXT() REPRESENTATION_CONTEXT('2D SPACE',''
  ) );
#7080 = PCURVE('',#7027,#7081);
#7081 = DEFINITIONAL_REPRESENTATION('',(#7082),#7086);
#7082 = LINE('',#7083,#7084);
#7083 = CARTESIAN_POINT('',(0.166940967233,-0.202027370664));
#7084 = VECTOR('',#7085,1.);
#7085 = DIRECTION('',(-1.,1.000009723734E-25));
#7086 = ( GEOMETRIC_REPRESENTATION_CONTEXT(2) 
PARAMETRIC_REPRESENTATION_CONTEXT() REPRESENTATION_CONTEXT('2D SPACE',''
  ) );
#7087 = ORIENTED_EDGE('',*,*,#7088,.T.);
#7088 = EDGE_CURVE('',#7066,#2914,#7089,.T.);
#7089 = SURFACE_CURVE('',#7090,(#7094,#7101),.PCURVE_S1.);
#7090 = LINE('',#7091,#7092);
#7091 = CARTESIAN_POINT('',(-0.134496065931,-0.359752420468,0.8));
#7092 = VECTOR('',#7093,1.);
#7093 = DIRECTION('',(-0.,-0.,1.));
#7094 = PCURVE('',#2929,#7095);
#7095 = DEFINITIONAL_REPRESENTATION('',(#7096),#7100);
#7096 = LINE('',#7097,#7098);
#7097 = CARTESIAN_POINT('',(0.,3.977705792683E-02));
#7098 = VECTOR('',#7099,1.);
#7099 = DIRECTION('',(-1.,0.));
#7100 = ( GEOMETRIC_REPRESENTATION_CONTEXT(2) 
PARAMETRIC_REPRESENTATION_CONTEXT() REPRESENTATION_CONTEXT('2D SPACE',''
  ) );
#7101 = PCURVE('',#2957,#7102);
#7102 = DEFINITIONAL_REPRESENTATION('',(#7103),#7107);
#7103 = LINE('',#7104,#7105);
#7104 = CARTESIAN_POINT('',(0.,0.));
#7105 = VECTOR('',#7106,1.);
#7106 = DIRECTION('',(0.,1.));
#7107 = ( GEOMETRIC_REPRESENTATION_CONTEXT(2) 
PARAMETRIC_REPRESENTATION_CONTEXT() REPRESENTATION_CONTEXT('2D SPACE',''
  ) );
#7108 = ADVANCED_FACE('',(#7109),#2957,.T.);
#7109 = FACE_BOUND('',#7110,.T.);
#7110 = EDGE_LOOP('',(#7111,#7112,#7113,#7136));
#7111 = ORIENTED_EDGE('',*,*,#2941,.F.);
#7112 = ORIENTED_EDGE('',*,*,#7088,.F.);
#7113 = ORIENTED_EDGE('',*,*,#7114,.T.);
#7114 = EDGE_CURVE('',#7066,#7115,#7117,.T.);
#7115 = VERTEX_POINT('',#7116);
#7116 = CARTESIAN_POINT('',(5.957786699555E-02,-0.237134280224,0.8));
#7117 = SURFACE_CURVE('',#7118,(#7122,#7129),.PCURVE_S1.);
#7118 = LINE('',#7119,#7120);
#7119 = CARTESIAN_POINT('',(-0.134496065931,-0.359752420468,0.8));
#7120 = VECTOR('',#7121,1.);
#7121 = DIRECTION('',(0.845400134138,0.534133516267,0.));
#7122 = PCURVE('',#2957,#7123);
#7123 = DEFINITIONAL_REPRESENTATION('',(#7124),#7128);
#7124 = LINE('',#7125,#7126);
#7125 = CARTESIAN_POINT('',(0.,0.));
#7126 = VECTOR('',#7127,1.);
#7127 = DIRECTION('',(1.,0.));
#7128 = ( GEOMETRIC_REPRESENTATION_CONTEXT(2) 
PARAMETRIC_REPRESENTATION_CONTEXT() REPRESENTATION_CONTEXT('2D SPACE',''
  ) );
#7129 = PCURVE('',#7027,#7130);
#7130 = DEFINITIONAL_REPRESENTATION('',(#7131),#7135);
#7131 = LINE('',#7132,#7133);
#7132 = CARTESIAN_POINT('',(0.127163909307,-0.202027370664));
#7133 = VECTOR('',#7134,1.);
#7134 = DIRECTION('',(-0.534133516267,0.845400134138));
#7135 = ( GEOMETRIC_REPRESENTATION_CONTEXT(2) 
PARAMETRIC_REPRESENTATION_CONTEXT() REPRESENTATION_CONTEXT('2D SPACE',''
  ) );
#7136 = ORIENTED_EDGE('',*,*,#7137,.T.);
#7137 = EDGE_CURVE('',#7115,#2942,#7138,.T.);
#7138 = SURFACE_CURVE('',#7139,(#7143,#7150),.PCURVE_S1.);
#7139 = LINE('',#7140,#7141);
#7140 = CARTESIAN_POINT('',(5.957786699555E-02,-0.237134280224,0.8));
#7141 = VECTOR('',#7142,1.);
#7142 = DIRECTION('',(-0.,-0.,1.));
#7143 = PCURVE('',#2957,#7144);
#7144 = DEFINITIONAL_REPRESENTATION('',(#7145),#7149);
#7145 = LINE('',#7146,#7147);
#7146 = CARTESIAN_POINT('',(0.229564587336,0.));
#7147 = VECTOR('',#7148,1.);
#7148 = DIRECTION('',(0.,1.));
#7149 = ( GEOMETRIC_REPRESENTATION_CONTEXT(2) 
PARAMETRIC_REPRESENTATION_CONTEXT() REPRESENTATION_CONTEXT('2D SPACE',''
  ) );
#7150 = PCURVE('',#2989,#7151);
#7151 = DEFINITIONAL_REPRESENTATION('',(#7152),#7155);
#7152 = B_SPLINE_CURVE_WITH_KNOTS('',1,(#7153,#7154),.UNSPECIFIED.,.F.,
  .F.,(2,2),(0.,1.E-02),.PIECEWISE_BEZIER_KNOTS.);
#7153 = CARTESIAN_POINT('',(-2.013247560777E-16,-1.373922673419E-14));
#7154 = CARTESIAN_POINT('',(-5.254087692249E-16,1.));
#7155 = ( GEOMETRIC_REPRESENTATION_CONTEXT(2) 
PARAMETRIC_REPRESENTATION_CONTEXT() REPRESENTATION_CONTEXT('2D SPACE',''
  ) );
#7156 = ADVANCED_FACE('',(#7157),#2989,.T.);
#7157 = FACE_BOUND('',#7158,.T.);
#7158 = EDGE_LOOP('',(#7159,#7160,#7161,#7188));
#7159 = ORIENTED_EDGE('',*,*,#2969,.F.);
#7160 = ORIENTED_EDGE('',*,*,#7137,.F.);
#7161 = ORIENTED_EDGE('',*,*,#7162,.T.);
#7162 = EDGE_CURVE('',#7115,#7163,#7165,.T.);
#7163 = VERTEX_POINT('',#7164);
#7164 = CARTESIAN_POINT('',(7.586978772725E-02,-0.228797771078,0.8));
#7165 = SURFACE_CURVE('',#7166,(#7172,#7179),.PCURVE_S1.);
#7166 = B_SPLINE_CURVE_WITH_KNOTS('',3,(#7167,#7168,#7169,#7170,#7171),
  .UNSPECIFIED.,.F.,.F.,(4,1,4),(0.,0.514735756979,1.),.UNSPECIFIED.);
#7167 = CARTESIAN_POINT('',(5.957786699555E-02,-0.237134280224,0.8));
#7168 = CARTESIAN_POINT('',(6.227504554499E-02,-0.235511421336,0.8));
#7169 = CARTESIAN_POINT('',(6.751497401872E-02,-0.232358621348,0.8));
#7170 = CARTESIAN_POINT('',(7.314011025141E-02,-0.229961168984,0.8));
#7171 = CARTESIAN_POINT('',(7.586978772725E-02,-0.228797771078,0.8));
#7172 = PCURVE('',#2989,#7173);
#7173 = DEFINITIONAL_REPRESENTATION('',(#7174),#7178);
#7174 = LINE('',#7175,#7176);
#7175 = CARTESIAN_POINT('',(-5.254087692249E-16,-1.373922673419E-14));
#7176 = VECTOR('',#7177,1.);
#7177 = DIRECTION('',(1.,1.110233867019E-14));
#7178 = ( GEOMETRIC_REPRESENTATION_CONTEXT(2) 
PARAMETRIC_REPRESENTATION_CONTEXT() REPRESENTATION_CONTEXT('2D SPACE',''
  ) );
#7179 = PCURVE('',#7027,#7180);
#7180 = DEFINITIONAL_REPRESENTATION('',(#7181),#7187);
#7181 = B_SPLINE_CURVE_WITH_KNOTS('',3,(#7182,#7183,#7184,#7185,#7186),
  .UNSPECIFIED.,.F.,.F.,(4,1,4),(0.,0.514735756979,1.),.UNSPECIFIED.);
#7182 = CARTESIAN_POINT('',(4.545769062694E-03,-7.953437736793E-03));
#7183 = CARTESIAN_POINT('',(2.922910174313E-03,-5.256259187351E-03));
#7184 = CARTESIAN_POINT('',(-2.29889813601E-04,-1.63307136178E-05));
#7185 = CARTESIAN_POINT('',(-2.627342177231E-03,5.608805519069E-03));
#7186 = CARTESIAN_POINT('',(-3.790740083647E-03,8.338482994915E-03));
#7187 = ( GEOMETRIC_REPRESENTATION_CONTEXT(2) 
PARAMETRIC_REPRESENTATION_CONTEXT() REPRESENTATION_CONTEXT('2D SPACE',''
  ) );
#7188 = ORIENTED_EDGE('',*,*,#7189,.T.);
#7189 = EDGE_CURVE('',#7163,#2970,#7190,.T.);
#7190 = SURFACE_CURVE('',#7191,(#7195,#7201),.PCURVE_S1.);
#7191 = LINE('',#7192,#7193);
#7192 = CARTESIAN_POINT('',(7.586978772725E-02,-0.228797771078,0.8));
#7193 = VECTOR('',#7194,1.);
#7194 = DIRECTION('',(-0.,-0.,1.));
#7195 = PCURVE('',#2989,#7196);
#7196 = DEFINITIONAL_REPRESENTATION('',(#7197),#7200);
#7197 = B_SPLINE_CURVE_WITH_KNOTS('',1,(#7198,#7199),.UNSPECIFIED.,.F.,
  .F.,(2,2),(0.,1.E-02),.PIECEWISE_BEZIER_KNOTS.);
#7198 = CARTESIAN_POINT('',(1.,-2.636888064004E-15));
#7199 = CARTESIAN_POINT('',(1.,1.));
#7200 = ( GEOMETRIC_REPRESENTATION_CONTEXT(2) 
PARAMETRIC_REPRESENTATION_CONTEXT() REPRESENTATION_CONTEXT('2D SPACE',''
  ) );
#7201 = PCURVE('',#3023,#7202);
#7202 = DEFINITIONAL_REPRESENTATION('',(#7203),#7207);
#7203 = LINE('',#7204,#7205);
#7204 = CARTESIAN_POINT('',(0.,0.));
#7205 = VECTOR('',#7206,1.);
#7206 = DIRECTION('',(-1.,0.));
#7207 = ( GEOMETRIC_REPRESENTATION_CONTEXT(2) 
PARAMETRIC_REPRESENTATION_CONTEXT() REPRESENTATION_CONTEXT('2D SPACE',''
  ) );
#7208 = ADVANCED_FACE('',(#7209),#3023,.T.);
#7209 = FACE_BOUND('',#7210,.T.);
#7210 = EDGE_LOOP('',(#7211,#7212,#7213,#7236));
#7211 = ORIENTED_EDGE('',*,*,#3007,.F.);
#7212 = ORIENTED_EDGE('',*,*,#7189,.F.);
#7213 = ORIENTED_EDGE('',*,*,#7214,.T.);
#7214 = EDGE_CURVE('',#7163,#7215,#7217,.T.);
#7215 = VERTEX_POINT('',#7216);
#7216 = CARTESIAN_POINT('',(7.586978772725E-02,-0.22779738998,0.8));
#7217 = SURFACE_CURVE('',#7218,(#7222,#7229),.PCURVE_S1.);
#7218 = LINE('',#7219,#7220);
#7219 = CARTESIAN_POINT('',(7.586978772725E-02,-0.228797771078,0.8));
#7220 = VECTOR('',#7221,1.);
#7221 = DIRECTION('',(0.,1.,0.));
#7222 = PCURVE('',#3023,#7223);
#7223 = DEFINITIONAL_REPRESENTATION('',(#7224),#7228);
#7224 = LINE('',#7225,#7226);
#7225 = CARTESIAN_POINT('',(0.,0.));
#7226 = VECTOR('',#7227,1.);
#7227 = DIRECTION('',(0.,1.));
#7228 = ( GEOMETRIC_REPRESENTATION_CONTEXT(2) 
PARAMETRIC_REPRESENTATION_CONTEXT() REPRESENTATION_CONTEXT('2D SPACE',''
  ) );
#7229 = PCURVE('',#7027,#7230);
#7230 = DEFINITIONAL_REPRESENTATION('',(#7231),#7235);
#7231 = LINE('',#7232,#7233);
#7232 = CARTESIAN_POINT('',(-3.790740083647E-03,8.338482994915E-03));
#7233 = VECTOR('',#7234,1.);
#7234 = DIRECTION('',(-1.,1.000009723734E-25));
#7235 = ( GEOMETRIC_REPRESENTATION_CONTEXT(2) 
PARAMETRIC_REPRESENTATION_CONTEXT() REPRESENTATION_CONTEXT('2D SPACE',''
  ) );
#7236 = ORIENTED_EDGE('',*,*,#7237,.T.);
#7237 = EDGE_CURVE('',#7215,#3008,#7238,.T.);
#7238 = SURFACE_CURVE('',#7239,(#7243,#7250),.PCURVE_S1.);
#7239 = LINE('',#7240,#7241);
#7240 = CARTESIAN_POINT('',(7.586978772725E-02,-0.22779738998,0.8));
#7241 = VECTOR('',#7242,1.);
#7242 = DIRECTION('',(-0.,-0.,1.));
#7243 = PCURVE('',#3023,#7244);
#7244 = DEFINITIONAL_REPRESENTATION('',(#7245),#7249);
#7245 = LINE('',#7246,#7247);
#7246 = CARTESIAN_POINT('',(0.,1.000381097561E-03));
#7247 = VECTOR('',#7248,1.);
#7248 = DIRECTION('',(-1.,0.));
#7249 = ( GEOMETRIC_REPRESENTATION_CONTEXT(2) 
PARAMETRIC_REPRESENTATION_CONTEXT() REPRESENTATION_CONTEXT('2D SPACE',''
  ) );
#7250 = PCURVE('',#3067,#7251);
#7251 = DEFINITIONAL_REPRESENTATION('',(#7252),#7255);
#7252 = B_SPLINE_CURVE_WITH_KNOTS('',1,(#7253,#7254),.UNSPECIFIED.,.F.,
  .F.,(2,2),(0.,1.E-02),.PIECEWISE_BEZIER_KNOTS.);
#7253 = CARTESIAN_POINT('',(-2.239672288878E-16,-2.636888103702E-15));
#7254 = CARTESIAN_POINT('',(-2.239672288878E-16,1.));
#7255 = ( GEOMETRIC_REPRESENTATION_CONTEXT(2) 
PARAMETRIC_REPRESENTATION_CONTEXT() REPRESENTATION_CONTEXT('2D SPACE',''
  ) );
#7256 = ADVANCED_FACE('',(#7257),#3067,.T.);
#7257 = FACE_BOUND('',#7258,.T.);
#7258 = EDGE_LOOP('',(#7259,#7260,#7261,#7300));
#7259 = ORIENTED_EDGE('',*,*,#3035,.F.);
#7260 = ORIENTED_EDGE('',*,*,#7237,.F.);
#7261 = ORIENTED_EDGE('',*,*,#7262,.T.);
#7262 = EDGE_CURVE('',#7215,#7263,#7265,.T.);
#7263 = VERTEX_POINT('',#7264);
#7264 = CARTESIAN_POINT('',(4.090408650774E-02,-0.228797771078,0.8));
#7265 = SURFACE_CURVE('',#7266,(#7278,#7285),.PCURVE_S1.);
#7266 = B_SPLINE_CURVE_WITH_KNOTS('',3,(#7267,#7268,#7269,#7270,#7271,
    #7272,#7273,#7274,#7275,#7276,#7277),.UNSPECIFIED.,.F.,.F.,(4,1,1,1,
    1,1,1,1,4),(0.,6.840540825257E-02,0.152982627126,0.253867258679,
    0.369651378931,0.503088371486,0.652858156177,0.817583320403,1.),
  .UNSPECIFIED.);
#7267 = CARTESIAN_POINT('',(7.586978772725E-02,-0.22779738998,0.8));
#7268 = CARTESIAN_POINT('',(7.507636673675E-02,-0.227883193208,0.8));
#7269 = CARTESIAN_POINT('',(7.330195107803E-02,-0.228075084514,0.8));
#7270 = CARTESIAN_POINT('',(7.034414124962E-02,-0.228233965806,0.8));
#7271 = CARTESIAN_POINT('',(6.683653039762E-02,-0.228440968834,0.8));
#7272 = CARTESIAN_POINT('',(6.275445347602E-02,-0.228576775556,0.8));
#7273 = CARTESIAN_POINT('',(5.810113465819E-02,-0.228654828058,0.8));
#7274 = CARTESIAN_POINT('',(5.287733868171E-02,-0.228765442538,0.8));
#7275 = CARTESIAN_POINT('',(4.708110338728E-02,-0.228807227355,0.8));
#7276 = CARTESIAN_POINT('',(4.30318794884E-02,-0.228801028475,0.8));
#7277 = CARTESIAN_POINT('',(4.090408650774E-02,-0.228797771078,0.8));
#7278 = PCURVE('',#3067,#7279);
#7279 = DEFINITIONAL_REPRESENTATION('',(#7280),#7284);
#7280 = LINE('',#7281,#7282);
#7281 = CARTESIAN_POINT('',(-2.239672288878E-16,-2.636888103702E-15));
#7282 = VECTOR('',#7283,1.);
#7283 = DIRECTION('',(1.,-3.056595405155E-25));
#7284 = ( GEOMETRIC_REPRESENTATION_CONTEXT(2) 
PARAMETRIC_REPRESENTATION_CONTEXT() REPRESENTATION_CONTEXT('2D SPACE',''
  ) );
#7285 = PCURVE('',#7027,#7286);
#7286 = DEFINITIONAL_REPRESENTATION('',(#7287),#7299);
#7287 = B_SPLINE_CURVE_WITH_KNOTS('',3,(#7288,#7289,#7290,#7291,#7292,
    #7293,#7294,#7295,#7296,#7297,#7298),.UNSPECIFIED.,.F.,.F.,(4,1,1,1,
    1,1,1,1,4),(0.,6.840540825257E-02,0.152982627126,0.253867258679,
    0.369651378931,0.503088371486,0.652858156177,0.817583320403,1.),
  .UNSPECIFIED.);
#7288 = CARTESIAN_POINT('',(-4.791121181208E-03,8.338482994915E-03));
#7289 = CARTESIAN_POINT('',(-4.705317953625E-03,7.545062004411E-03));
#7290 = CARTESIAN_POINT('',(-4.513426646975E-03,5.770646345692E-03));
#7291 = CARTESIAN_POINT('',(-4.354545355121E-03,2.812836517279E-03));
#7292 = CARTESIAN_POINT('',(-4.147542327024E-03,-6.947743347216E-04));
#7293 = CARTESIAN_POINT('',(-4.011735604876E-03,-4.776851256321E-03));
#7294 = CARTESIAN_POINT('',(-3.933683103057E-03,-9.430170074146E-03));
#7295 = CARTESIAN_POINT('',(-3.823068623056E-03,-1.465396605063E-02));
#7296 = CARTESIAN_POINT('',(-3.781283806011E-03,-2.045020134506E-02));
#7297 = CARTESIAN_POINT('',(-3.78748268585E-03,-2.449942524394E-02));
#7298 = CARTESIAN_POINT('',(-3.790740083647E-03,-2.66272182246E-02));
#7299 = ( GEOMETRIC_REPRESENTATION_CONTEXT(2) 
PARAMETRIC_REPRESENTATION_CONTEXT() REPRESENTATION_CONTEXT('2D SPACE',''
  ) );
#7300 = ORIENTED_EDGE('',*,*,#7301,.T.);
#7301 = EDGE_CURVE('',#7263,#3036,#7302,.T.);
#7302 = SURFACE_CURVE('',#7303,(#7307,#7313),.PCURVE_S1.);
#7303 = LINE('',#7304,#7305);
#7304 = CARTESIAN_POINT('',(4.090408650774E-02,-0.228797771078,0.8));
#7305 = VECTOR('',#7306,1.);
#7306 = DIRECTION('',(-0.,-0.,1.));
#7307 = PCURVE('',#3067,#7308);
#7308 = DEFINITIONAL_REPRESENTATION('',(#7309),#7312);
#7309 = B_SPLINE_CURVE_WITH_KNOTS('',1,(#7310,#7311),.UNSPECIFIED.,.F.,
  .F.,(2,2),(0.,1.E-02),.PIECEWISE_BEZIER_KNOTS.);
#7310 = CARTESIAN_POINT('',(1.,-2.636888104008E-15));
#7311 = CARTESIAN_POINT('',(1.,1.));
#7312 = ( GEOMETRIC_REPRESENTATION_CONTEXT(2) 
PARAMETRIC_REPRESENTATION_CONTEXT() REPRESENTATION_CONTEXT('2D SPACE',''
  ) );
#7313 = PCURVE('',#3113,#7314);
#7314 = DEFINITIONAL_REPRESENTATION('',(#7315),#7319);
#7315 = LINE('',#7316,#7317);
#7316 = CARTESIAN_POINT('',(0.,0.));
#7317 = VECTOR('',#7318,1.);
#7318 = DIRECTION('',(1.,-0.));
#7319 = ( GEOMETRIC_REPRESENTATION_CONTEXT(2) 
PARAMETRIC_REPRESENTATION_CONTEXT() REPRESENTATION_CONTEXT('2D SPACE',''
  ) );
#7320 = ADVANCED_FACE('',(#7321),#3113,.T.);
#7321 = FACE_BOUND('',#7322,.T.);
#7322 = EDGE_LOOP('',(#7323,#7324,#7325,#7348));
#7323 = ORIENTED_EDGE('',*,*,#3097,.F.);
#7324 = ORIENTED_EDGE('',*,*,#7301,.F.);
#7325 = ORIENTED_EDGE('',*,*,#7326,.T.);
#7326 = EDGE_CURVE('',#7263,#7327,#7329,.T.);
#7327 = VERTEX_POINT('',#7328);
#7328 = CARTESIAN_POINT('',(-0.134496065931,-0.228797771078,0.8));
#7329 = SURFACE_CURVE('',#7330,(#7334,#7341),.PCURVE_S1.);
#7330 = LINE('',#7331,#7332);
#7331 = CARTESIAN_POINT('',(4.090408650774E-02,-0.228797771078,0.8));
#7332 = VECTOR('',#7333,1.);
#7333 = DIRECTION('',(-1.,0.,0.));
#7334 = PCURVE('',#3113,#7335);
#7335 = DEFINITIONAL_REPRESENTATION('',(#7336),#7340);
#7336 = LINE('',#7337,#7338);
#7337 = CARTESIAN_POINT('',(0.,0.));
#7338 = VECTOR('',#7339,1.);
#7339 = DIRECTION('',(0.,-1.));
#7340 = ( GEOMETRIC_REPRESENTATION_CONTEXT(2) 
PARAMETRIC_REPRESENTATION_CONTEXT() REPRESENTATION_CONTEXT('2D SPACE',''
  ) );
#7341 = PCURVE('',#7027,#7342);
#7342 = DEFINITIONAL_REPRESENTATION('',(#7343),#7347);
#7343 = LINE('',#7344,#7345);
#7344 = CARTESIAN_POINT('',(-3.790740083647E-03,-2.66272182246E-02));
#7345 = VECTOR('',#7346,1.);
#7346 = DIRECTION('',(0.,-1.));
#7347 = ( GEOMETRIC_REPRESENTATION_CONTEXT(2) 
PARAMETRIC_REPRESENTATION_CONTEXT() REPRESENTATION_CONTEXT('2D SPACE',''
  ) );
#7348 = ORIENTED_EDGE('',*,*,#7349,.T.);
#7349 = EDGE_CURVE('',#7327,#3098,#7350,.T.);
#7350 = SURFACE_CURVE('',#7351,(#7355,#7362),.PCURVE_S1.);
#7351 = LINE('',#7352,#7353);
#7352 = CARTESIAN_POINT('',(-0.134496065931,-0.228797771078,0.8));
#7353 = VECTOR('',#7354,1.);
#7354 = DIRECTION('',(-0.,-0.,1.));
#7355 = PCURVE('',#3113,#7356);
#7356 = DEFINITIONAL_REPRESENTATION('',(#7357),#7361);
#7357 = LINE('',#7358,#7359);
#7358 = CARTESIAN_POINT('',(0.,-0.175400152439));
#7359 = VECTOR('',#7360,1.);
#7360 = DIRECTION('',(1.,-0.));
#7361 = ( GEOMETRIC_REPRESENTATION_CONTEXT(2) 
PARAMETRIC_REPRESENTATION_CONTEXT() REPRESENTATION_CONTEXT('2D SPACE',''
  ) );
#7362 = PCURVE('',#3141,#7363);
#7363 = DEFINITIONAL_REPRESENTATION('',(#7364),#7368);
#7364 = LINE('',#7365,#7366);
#7365 = CARTESIAN_POINT('',(0.,0.));
#7366 = VECTOR('',#7367,1.);
#7367 = DIRECTION('',(-1.,0.));
#7368 = ( GEOMETRIC_REPRESENTATION_CONTEXT(2) 
PARAMETRIC_REPRESENTATION_CONTEXT() REPRESENTATION_CONTEXT('2D SPACE',''
  ) );
#7369 = ADVANCED_FACE('',(#7370),#3141,.T.);
#7370 = FACE_BOUND('',#7371,.T.);
#7371 = EDGE_LOOP('',(#7372,#7373,#7374,#7397));
#7372 = ORIENTED_EDGE('',*,*,#3125,.F.);
#7373 = ORIENTED_EDGE('',*,*,#7349,.F.);
#7374 = ORIENTED_EDGE('',*,*,#7375,.T.);
#7375 = EDGE_CURVE('',#7327,#7376,#7378,.T.);
#7376 = VERTEX_POINT('',#7377);
#7377 = CARTESIAN_POINT('',(-0.134496065931,-0.195261185712,0.8));
#7378 = SURFACE_CURVE('',#7379,(#7383,#7390),.PCURVE_S1.);
#7379 = LINE('',#7380,#7381);
#7380 = CARTESIAN_POINT('',(-0.134496065931,-0.228797771078,0.8));
#7381 = VECTOR('',#7382,1.);
#7382 = DIRECTION('',(0.,1.,0.));
#7383 = PCURVE('',#3141,#7384);
#7384 = DEFINITIONAL_REPRESENTATION('',(#7385),#7389);
#7385 = LINE('',#7386,#7387);
#7386 = CARTESIAN_POINT('',(0.,0.));
#7387 = VECTOR('',#7388,1.);
#7388 = DIRECTION('',(0.,1.));
#7389 = ( GEOMETRIC_REPRESENTATION_CONTEXT(2) 
PARAMETRIC_REPRESENTATION_CONTEXT() REPRESENTATION_CONTEXT('2D SPACE',''
  ) );
#7390 = PCURVE('',#7027,#7391);
#7391 = DEFINITIONAL_REPRESENTATION('',(#7392),#7396);
#7392 = LINE('',#7393,#7394);
#7393 = CARTESIAN_POINT('',(-3.790740083647E-03,-0.202027370664));
#7394 = VECTOR('',#7395,1.);
#7395 = DIRECTION('',(-1.,1.000009723734E-25));
#7396 = ( GEOMETRIC_REPRESENTATION_CONTEXT(2) 
PARAMETRIC_REPRESENTATION_CONTEXT() REPRESENTATION_CONTEXT('2D SPACE',''
  ) );
#7397 = ORIENTED_EDGE('',*,*,#7398,.T.);
#7398 = EDGE_CURVE('',#7376,#3126,#7399,.T.);
#7399 = SURFACE_CURVE('',#7400,(#7404,#7411),.PCURVE_S1.);
#7400 = LINE('',#7401,#7402);
#7401 = CARTESIAN_POINT('',(-0.134496065931,-0.195261185712,0.8));
#7402 = VECTOR('',#7403,1.);
#7403 = DIRECTION('',(-0.,-0.,1.));
#7404 = PCURVE('',#3141,#7405);
#7405 = DEFINITIONAL_REPRESENTATION('',(#7406),#7410);
#7406 = LINE('',#7407,#7408);
#7407 = CARTESIAN_POINT('',(0.,3.353658536585E-02));
#7408 = VECTOR('',#7409,1.);
#7409 = DIRECTION('',(-1.,0.));
#7410 = ( GEOMETRIC_REPRESENTATION_CONTEXT(2) 
PARAMETRIC_REPRESENTATION_CONTEXT() REPRESENTATION_CONTEXT('2D SPACE',''
  ) );
#7411 = PCURVE('',#3169,#7412);
#7412 = DEFINITIONAL_REPRESENTATION('',(#7413),#7417);
#7413 = LINE('',#7414,#7415);
#7414 = CARTESIAN_POINT('',(0.,0.));
#7415 = VECTOR('',#7416,1.);
#7416 = DIRECTION('',(-1.,0.));
#7417 = ( GEOMETRIC_REPRESENTATION_CONTEXT(2) 
PARAMETRIC_REPRESENTATION_CONTEXT() REPRESENTATION_CONTEXT('2D SPACE',''
  ) );
#7418 = ADVANCED_FACE('',(#7419),#3169,.T.);
#7419 = FACE_BOUND('',#7420,.T.);
#7420 = EDGE_LOOP('',(#7421,#7422,#7423,#7446));
#7421 = ORIENTED_EDGE('',*,*,#3153,.F.);
#7422 = ORIENTED_EDGE('',*,*,#7398,.F.);
#7423 = ORIENTED_EDGE('',*,*,#7424,.T.);
#7424 = EDGE_CURVE('',#7376,#7425,#7427,.T.);
#7425 = VERTEX_POINT('',#7426);
#7426 = CARTESIAN_POINT('',(0.115503934069,-0.195261185712,0.8));
#7427 = SURFACE_CURVE('',#7428,(#7432,#7439),.PCURVE_S1.);
#7428 = LINE('',#7429,#7430);
#7429 = CARTESIAN_POINT('',(-0.134496065931,-0.195261185712,0.8));
#7430 = VECTOR('',#7431,1.);
#7431 = DIRECTION('',(1.,0.,0.));
#7432 = PCURVE('',#3169,#7433);
#7433 = DEFINITIONAL_REPRESENTATION('',(#7434),#7438);
#7434 = LINE('',#7435,#7436);
#7435 = CARTESIAN_POINT('',(0.,0.));
#7436 = VECTOR('',#7437,1.);
#7437 = DIRECTION('',(0.,1.));
#7438 = ( GEOMETRIC_REPRESENTATION_CONTEXT(2) 
PARAMETRIC_REPRESENTATION_CONTEXT() REPRESENTATION_CONTEXT('2D SPACE',''
  ) );
#7439 = PCURVE('',#7027,#7440);
#7440 = DEFINITIONAL_REPRESENTATION('',(#7441),#7445);
#7441 = LINE('',#7442,#7443);
#7442 = CARTESIAN_POINT('',(-3.73273254495E-02,-0.202027370664));
#7443 = VECTOR('',#7444,1.);
#7444 = DIRECTION('',(0.,1.));
#7445 = ( GEOMETRIC_REPRESENTATION_CONTEXT(2) 
PARAMETRIC_REPRESENTATION_CONTEXT() REPRESENTATION_CONTEXT('2D SPACE',''
  ) );
#7446 = ORIENTED_EDGE('',*,*,#7447,.T.);
#7447 = EDGE_CURVE('',#7425,#3154,#7448,.T.);
#7448 = SURFACE_CURVE('',#7449,(#7453,#7460),.PCURVE_S1.);
#7449 = LINE('',#7450,#7451);
#7450 = CARTESIAN_POINT('',(0.115503934069,-0.195261185712,0.8));
#7451 = VECTOR('',#7452,1.);
#7452 = DIRECTION('',(-0.,-0.,1.));
#7453 = PCURVE('',#3169,#7454);
#7454 = DEFINITIONAL_REPRESENTATION('',(#7455),#7459);
#7455 = LINE('',#7456,#7457);
#7456 = CARTESIAN_POINT('',(0.,0.25));
#7457 = VECTOR('',#7458,1.);
#7458 = DIRECTION('',(-1.,0.));
#7459 = ( GEOMETRIC_REPRESENTATION_CONTEXT(2) 
PARAMETRIC_REPRESENTATION_CONTEXT() REPRESENTATION_CONTEXT('2D SPACE',''
  ) );
#7460 = PCURVE('',#3197,#7461);
#7461 = DEFINITIONAL_REPRESENTATION('',(#7462),#7466);
#7462 = LINE('',#7463,#7464);
#7463 = CARTESIAN_POINT('',(0.,0.));
#7464 = VECTOR('',#7465,1.);
#7465 = DIRECTION('',(1.,0.));
#7466 = ( GEOMETRIC_REPRESENTATION_CONTEXT(2) 
PARAMETRIC_REPRESENTATION_CONTEXT() REPRESENTATION_CONTEXT('2D SPACE',''
  ) );
#7467 = ADVANCED_FACE('',(#7468),#3197,.T.);
#7468 = FACE_BOUND('',#7469,.T.);
#7469 = EDGE_LOOP('',(#7470,#7471,#7472,#7495));
#7470 = ORIENTED_EDGE('',*,*,#3181,.F.);
#7471 = ORIENTED_EDGE('',*,*,#7447,.F.);
#7472 = ORIENTED_EDGE('',*,*,#7473,.T.);
#7473 = EDGE_CURVE('',#7425,#7474,#7476,.T.);
#7474 = VERTEX_POINT('',#7475);
#7475 = CARTESIAN_POINT('',(0.115503934069,-0.237944112541,0.8));
#7476 = SURFACE_CURVE('',#7477,(#7481,#7488),.PCURVE_S1.);
#7477 = LINE('',#7478,#7479);
#7478 = CARTESIAN_POINT('',(0.115503934069,-0.195261185712,0.8));
#7479 = VECTOR('',#7480,1.);
#7480 = DIRECTION('',(0.,-1.,0.));
#7481 = PCURVE('',#3197,#7482);
#7482 = DEFINITIONAL_REPRESENTATION('',(#7483),#7487);
#7483 = LINE('',#7484,#7485);
#7484 = CARTESIAN_POINT('',(0.,0.));
#7485 = VECTOR('',#7486,1.);
#7486 = DIRECTION('',(0.,-1.));
#7487 = ( GEOMETRIC_REPRESENTATION_CONTEXT(2) 
PARAMETRIC_REPRESENTATION_CONTEXT() REPRESENTATION_CONTEXT('2D SPACE',''
  ) );
#7488 = PCURVE('',#7027,#7489);
#7489 = DEFINITIONAL_REPRESENTATION('',(#7490),#7494);
#7490 = LINE('',#7491,#7492);
#7491 = CARTESIAN_POINT('',(-3.73273254495E-02,4.797262933638E-02));
#7492 = VECTOR('',#7493,1.);
#7493 = DIRECTION('',(1.,-1.000009723734E-25));
#7494 = ( GEOMETRIC_REPRESENTATION_CONTEXT(2) 
PARAMETRIC_REPRESENTATION_CONTEXT() REPRESENTATION_CONTEXT('2D SPACE',''
  ) );
#7495 = ORIENTED_EDGE('',*,*,#7496,.T.);
#7496 = EDGE_CURVE('',#7474,#3182,#7497,.T.);
#7497 = SURFACE_CURVE('',#7498,(#7502,#7509),.PCURVE_S1.);
#7498 = LINE('',#7499,#7500);
#7499 = CARTESIAN_POINT('',(0.115503934069,-0.237944112541,0.8));
#7500 = VECTOR('',#7501,1.);
#7501 = DIRECTION('',(-0.,-0.,1.));
#7502 = PCURVE('',#3197,#7503);
#7503 = DEFINITIONAL_REPRESENTATION('',(#7504),#7508);
#7504 = LINE('',#7505,#7506);
#7505 = CARTESIAN_POINT('',(0.,-4.268292682927E-02));
#7506 = VECTOR('',#7507,1.);
#7507 = DIRECTION('',(1.,0.));
#7508 = ( GEOMETRIC_REPRESENTATION_CONTEXT(2) 
PARAMETRIC_REPRESENTATION_CONTEXT() REPRESENTATION_CONTEXT('2D SPACE',''
  ) );
#7509 = PCURVE('',#3225,#7510);
#7510 = DEFINITIONAL_REPRESENTATION('',(#7511),#7515);
#7511 = LINE('',#7512,#7513);
#7512 = CARTESIAN_POINT('',(0.,0.));
#7513 = VECTOR('',#7514,1.);
#7514 = DIRECTION('',(0.,1.));
#7515 = ( GEOMETRIC_REPRESENTATION_CONTEXT(2) 
PARAMETRIC_REPRESENTATION_CONTEXT() REPRESENTATION_CONTEXT('2D SPACE',''
  ) );
#7516 = ADVANCED_FACE('',(#7517),#3225,.T.);
#7517 = FACE_BOUND('',#7518,.T.);
#7518 = EDGE_LOOP('',(#7519,#7520,#7521,#7544));
#7519 = ORIENTED_EDGE('',*,*,#3209,.F.);
#7520 = ORIENTED_EDGE('',*,*,#7496,.F.);
#7521 = ORIENTED_EDGE('',*,*,#7522,.T.);
#7522 = EDGE_CURVE('',#7474,#7523,#7525,.T.);
#7523 = VERTEX_POINT('',#7524);
#7524 = CARTESIAN_POINT('',(-7.461611166299E-02,-0.356894188761,0.8));
#7525 = SURFACE_CURVE('',#7526,(#7530,#7537),.PCURVE_S1.);
#7526 = LINE('',#7527,#7528);
#7527 = CARTESIAN_POINT('',(0.115503934069,-0.237944112541,0.8));
#7528 = VECTOR('',#7529,1.);
#7529 = DIRECTION('',(-0.847747607439,-0.530399843592,0.));
#7530 = PCURVE('',#3225,#7531);
#7531 = DEFINITIONAL_REPRESENTATION('',(#7532),#7536);
#7532 = LINE('',#7533,#7534);
#7533 = CARTESIAN_POINT('',(0.,0.));
#7534 = VECTOR('',#7535,1.);
#7535 = DIRECTION('',(1.,0.));
#7536 = ( GEOMETRIC_REPRESENTATION_CONTEXT(2) 
PARAMETRIC_REPRESENTATION_CONTEXT() REPRESENTATION_CONTEXT('2D SPACE',''
  ) );
#7537 = PCURVE('',#7027,#7538);
#7538 = DEFINITIONAL_REPRESENTATION('',(#7539),#7543);
#7539 = LINE('',#7540,#7541);
#7540 = CARTESIAN_POINT('',(5.355601379768E-03,4.797262933638E-02));
#7541 = VECTOR('',#7542,1.);
#7542 = DIRECTION('',(0.530399843592,-0.847747607439));
#7543 = ( GEOMETRIC_REPRESENTATION_CONTEXT(2) 
PARAMETRIC_REPRESENTATION_CONTEXT() REPRESENTATION_CONTEXT('2D SPACE',''
  ) );
#7544 = ORIENTED_EDGE('',*,*,#7545,.T.);
#7545 = EDGE_CURVE('',#7523,#3210,#7546,.T.);
#7546 = SURFACE_CURVE('',#7547,(#7551,#7558),.PCURVE_S1.);
#7547 = LINE('',#7548,#7549);
#7548 = CARTESIAN_POINT('',(-7.461611166299E-02,-0.356894188761,0.8));
#7549 = VECTOR('',#7550,1.);
#7550 = DIRECTION('',(-0.,-0.,1.));
#7551 = PCURVE('',#3225,#7552);
#7552 = DEFINITIONAL_REPRESENTATION('',(#7553),#7557);
#7553 = LINE('',#7554,#7555);
#7554 = CARTESIAN_POINT('',(0.224264915717,0.));
#7555 = VECTOR('',#7556,1.);
#7556 = DIRECTION('',(0.,1.));
#7557 = ( GEOMETRIC_REPRESENTATION_CONTEXT(2) 
PARAMETRIC_REPRESENTATION_CONTEXT() REPRESENTATION_CONTEXT('2D SPACE',''
  ) );
#7558 = PCURVE('',#3269,#7559);
#7559 = DEFINITIONAL_REPRESENTATION('',(#7560),#7563);
#7560 = B_SPLINE_CURVE_WITH_KNOTS('',1,(#7561,#7562),.UNSPECIFIED.,.F.,
  .F.,(2,2),(0.,1.E-02),.PIECEWISE_BEZIER_KNOTS.);
#7561 = CARTESIAN_POINT('',(-1.655933231624E-15,-2.912058615079E-15));
#7562 = CARTESIAN_POINT('',(-2.523035120856E-15,1.));
#7563 = ( GEOMETRIC_REPRESENTATION_CONTEXT(2) 
PARAMETRIC_REPRESENTATION_CONTEXT() REPRESENTATION_CONTEXT('2D SPACE',''
  ) );
#7564 = ADVANCED_FACE('',(#7565),#3269,.T.);
#7565 = FACE_BOUND('',#7566,.T.);
#7566 = EDGE_LOOP('',(#7567,#7568,#7569,#7608));
#7567 = ORIENTED_EDGE('',*,*,#3237,.F.);
#7568 = ORIENTED_EDGE('',*,*,#7545,.F.);
#7569 = ORIENTED_EDGE('',*,*,#7570,.T.);
#7570 = EDGE_CURVE('',#7523,#7571,#7573,.T.);
#7571 = VERTEX_POINT('',#7572);
#7572 = CARTESIAN_POINT('',(-9.181313910201E-02,-0.366945636931,0.8));
#7573 = SURFACE_CURVE('',#7574,(#7586,#7593),.PCURVE_S1.);
#7574 = B_SPLINE_CURVE_WITH_KNOTS('',3,(#7575,#7576,#7577,#7578,#7579,
    #7580,#7581,#7582,#7583,#7584,#7585),.UNSPECIFIED.,.F.,.F.,(4,1,1,1,
    1,1,1,1,4),(0.,0.191043767251,0.362828903116,0.514098510603,
    0.650198134495,0.765824892399,0.86101723428,0.93905934776,1.),
  .UNSPECIFIED.);
#7575 = CARTESIAN_POINT('',(-7.461611166299E-02,-0.356894188761,0.8));
#7576 = CARTESIAN_POINT('',(-7.569690237589E-02,-0.357559478174,0.8));
#7577 = CARTESIAN_POINT('',(-7.774953206646E-02,-0.358822990884,0.8));
#7578 = CARTESIAN_POINT('',(-8.064238709155E-02,-0.360638295421,0.8));
#7579 = CARTESIAN_POINT('',(-8.324356594909E-02,-0.362231580789,0.8));
#7580 = CARTESIAN_POINT('',(-8.554791697897E-02,-0.363594417899,0.8));
#7581 = CARTESIAN_POINT('',(-8.75455662824E-02,-0.364744127788,0.8));
#7582 = CARTESIAN_POINT('',(-8.923382112658E-02,-0.365656403496,0.8));
#7583 = CARTESIAN_POINT('',(-9.061118730898E-02,-0.366380314496,0.8));
#7584 = CARTESIAN_POINT('',(-9.144676018065E-02,-0.366773315358,0.8));
#7585 = CARTESIAN_POINT('',(-9.181313910201E-02,-0.366945636931,0.8));
#7586 = PCURVE('',#3269,#7587);
#7587 = DEFINITIONAL_REPRESENTATION('',(#7588),#7592);
#7588 = LINE('',#7589,#7590);
#7589 = CARTESIAN_POINT('',(-2.523035120856E-15,-2.912058615079E-15));
#7590 = VECTOR('',#7591,1.);
#7591 = DIRECTION('',(1.,1.110223024625E-14));
#7592 = ( GEOMETRIC_REPRESENTATION_CONTEXT(2) 
PARAMETRIC_REPRESENTATION_CONTEXT() REPRESENTATION_CONTEXT('2D SPACE',''
  ) );
#7593 = PCURVE('',#7027,#7594);
#7594 = DEFINITIONAL_REPRESENTATION('',(#7595),#7607);
#7595 = B_SPLINE_CURVE_WITH_KNOTS('',3,(#7596,#7597,#7598,#7599,#7600,
    #7601,#7602,#7603,#7604,#7605,#7606),.UNSPECIFIED.,.F.,.F.,(4,1,1,1,
    1,1,1,1,4),(0.,0.191043767251,0.362828903116,0.514098510603,
    0.650198134495,0.765824892399,0.86101723428,0.93905934776,1.),
  .UNSPECIFIED.);
#7596 = CARTESIAN_POINT('',(0.124305677599,-0.142147416395));
#7597 = CARTESIAN_POINT('',(0.124970967013,-0.143228207108));
#7598 = CARTESIAN_POINT('',(0.126234479723,-0.145280836799));
#7599 = CARTESIAN_POINT('',(0.12804978426,-0.148173691824));
#7600 = CARTESIAN_POINT('',(0.129643069628,-0.150774870681));
#7601 = CARTESIAN_POINT('',(0.131005906738,-0.153079221711));
#7602 = CARTESIAN_POINT('',(0.132155616627,-0.155076871015));
#7603 = CARTESIAN_POINT('',(0.133067892335,-0.156765125859));
#7604 = CARTESIAN_POINT('',(0.133791803335,-0.158142492041));
#7605 = CARTESIAN_POINT('',(0.134184804197,-0.158978064913));
#7606 = CARTESIAN_POINT('',(0.13435712577,-0.159344443834));
#7607 = ( GEOMETRIC_REPRESENTATION_CONTEXT(2) 
PARAMETRIC_REPRESENTATION_CONTEXT() REPRESENTATION_CONTEXT('2D SPACE',''
  ) );
#7608 = ORIENTED_EDGE('',*,*,#7609,.T.);
#7609 = EDGE_CURVE('',#7571,#3238,#7610,.T.);
#7610 = SURFACE_CURVE('',#7611,(#7615,#7621),.PCURVE_S1.);
#7611 = LINE('',#7612,#7613);
#7612 = CARTESIAN_POINT('',(-9.181313910201E-02,-0.366945636931,0.8));
#7613 = VECTOR('',#7614,1.);
#7614 = DIRECTION('',(-0.,-0.,1.));
#7615 = PCURVE('',#3269,#7616);
#7616 = DEFINITIONAL_REPRESENTATION('',(#7617),#7620);
#7617 = B_SPLINE_CURVE_WITH_KNOTS('',1,(#7618,#7619),.UNSPECIFIED.,.F.,
  .F.,(2,2),(0.,1.E-02),.PIECEWISE_BEZIER_KNOTS.);
#7618 = CARTESIAN_POINT('',(1.,8.190171631173E-15));
#7619 = CARTESIAN_POINT('',(1.,1.));
#7620 = ( GEOMETRIC_REPRESENTATION_CONTEXT(2) 
PARAMETRIC_REPRESENTATION_CONTEXT() REPRESENTATION_CONTEXT('2D SPACE',''
  ) );
#7621 = PCURVE('',#3315,#7622);
#7622 = DEFINITIONAL_REPRESENTATION('',(#7623),#7627);
#7623 = LINE('',#7624,#7625);
#7624 = CARTESIAN_POINT('',(0.,0.));
#7625 = VECTOR('',#7626,1.);
#7626 = DIRECTION('',(1.,0.));
#7627 = ( GEOMETRIC_REPRESENTATION_CONTEXT(2) 
PARAMETRIC_REPRESENTATION_CONTEXT() REPRESENTATION_CONTEXT('2D SPACE',''
  ) );
#7628 = ADVANCED_FACE('',(#7629),#3315,.T.);
#7629 = FACE_BOUND('',#7630,.T.);
#7630 = EDGE_LOOP('',(#7631,#7632,#7633,#7656));
#7631 = ORIENTED_EDGE('',*,*,#3299,.F.);
#7632 = ORIENTED_EDGE('',*,*,#7609,.F.);
#7633 = ORIENTED_EDGE('',*,*,#7634,.T.);
#7634 = EDGE_CURVE('',#7571,#7635,#7637,.T.);
#7635 = VERTEX_POINT('',#7636);
#7636 = CARTESIAN_POINT('',(-9.181313910201E-02,-0.367612557663,0.8));
#7637 = SURFACE_CURVE('',#7638,(#7642,#7649),.PCURVE_S1.);
#7638 = LINE('',#7639,#7640);
#7639 = CARTESIAN_POINT('',(-9.181313910201E-02,-0.366945636931,0.8));
#7640 = VECTOR('',#7641,1.);
#7641 = DIRECTION('',(0.,-1.,0.));
#7642 = PCURVE('',#3315,#7643);
#7643 = DEFINITIONAL_REPRESENTATION('',(#7644),#7648);
#7644 = LINE('',#7645,#7646);
#7645 = CARTESIAN_POINT('',(0.,0.));
#7646 = VECTOR('',#7647,1.);
#7647 = DIRECTION('',(0.,-1.));
#7648 = ( GEOMETRIC_REPRESENTATION_CONTEXT(2) 
PARAMETRIC_REPRESENTATION_CONTEXT() REPRESENTATION_CONTEXT('2D SPACE',''
  ) );
#7649 = PCURVE('',#7027,#7650);
#7650 = DEFINITIONAL_REPRESENTATION('',(#7651),#7655);
#7651 = LINE('',#7652,#7653);
#7652 = CARTESIAN_POINT('',(0.13435712577,-0.159344443834));
#7653 = VECTOR('',#7654,1.);
#7654 = DIRECTION('',(1.,-1.000009723734E-25));
#7655 = ( GEOMETRIC_REPRESENTATION_CONTEXT(2) 
PARAMETRIC_REPRESENTATION_CONTEXT() REPRESENTATION_CONTEXT('2D SPACE',''
  ) );
#7656 = ORIENTED_EDGE('',*,*,#7657,.T.);
#7657 = EDGE_CURVE('',#7635,#3300,#7658,.T.);
#7658 = SURFACE_CURVE('',#7659,(#7663,#7670),.PCURVE_S1.);
#7659 = LINE('',#7660,#7661);
#7660 = CARTESIAN_POINT('',(-9.181313910201E-02,-0.367612557663,0.8));
#7661 = VECTOR('',#7662,1.);
#7662 = DIRECTION('',(-0.,-0.,1.));
#7663 = PCURVE('',#3315,#7664);
#7664 = DEFINITIONAL_REPRESENTATION('',(#7665),#7669);
#7665 = LINE('',#7666,#7667);
#7666 = CARTESIAN_POINT('',(0.,-6.669207317073E-04));
#7667 = VECTOR('',#7668,1.);
#7668 = DIRECTION('',(1.,0.));
#7669 = ( GEOMETRIC_REPRESENTATION_CONTEXT(2) 
PARAMETRIC_REPRESENTATION_CONTEXT() REPRESENTATION_CONTEXT('2D SPACE',''
  ) );
#7670 = PCURVE('',#3359,#7671);
#7671 = DEFINITIONAL_REPRESENTATION('',(#7672),#7675);
#7672 = B_SPLINE_CURVE_WITH_KNOTS('',1,(#7673,#7674),.UNSPECIFIED.,.F.,
  .F.,(2,2),(0.,1.E-02),.PIECEWISE_BEZIER_KNOTS.);
#7673 = CARTESIAN_POINT('',(7.571127494132E-16,-8.463174312991E-15));
#7674 = CARTESIAN_POINT('',(7.626969717697E-16,1.));
#7675 = ( GEOMETRIC_REPRESENTATION_CONTEXT(2) 
PARAMETRIC_REPRESENTATION_CONTEXT() REPRESENTATION_CONTEXT('2D SPACE',''
  ) );
#7676 = ADVANCED_FACE('',(#7677),#3359,.T.);
#7677 = FACE_BOUND('',#7678,.T.);
#7678 = EDGE_LOOP('',(#7679,#7680,#7681,#7720));
#7679 = ORIENTED_EDGE('',*,*,#3327,.F.);
#7680 = ORIENTED_EDGE('',*,*,#7657,.F.);
#7681 = ORIENTED_EDGE('',*,*,#7682,.T.);
#7682 = EDGE_CURVE('',#7635,#7683,#7685,.T.);
#7683 = VERTEX_POINT('',#7684);
#7684 = CARTESIAN_POINT('',(-5.551359641909E-02,-0.365992893029,0.8));
#7685 = SURFACE_CURVE('',#7686,(#7698,#7705),.PCURVE_S1.);
#7686 = B_SPLINE_CURVE_WITH_KNOTS('',3,(#7687,#7688,#7689,#7690,#7691,
    #7692,#7693,#7694,#7695,#7696,#7697),.UNSPECIFIED.,.F.,.F.,(4,1,1,1,
    1,1,1,1,4),(0.,7.929846745119E-02,0.172762809432,0.277860961346,
    0.397255105007,0.528318799587,0.672477613748,0.829688779022,1.),
  .UNSPECIFIED.);
#7687 = CARTESIAN_POINT('',(-9.181313910201E-02,-0.367612557663,0.8));
#7688 = CARTESIAN_POINT('',(-9.086122415209E-02,-0.367478655539,0.8));
#7689 = CARTESIAN_POINT('',(-8.878734420994E-02,-0.367186931023,0.8));
#7690 = CARTESIAN_POINT('',(-8.543286015461E-02,-0.366875065671,0.8));
#7691 = CARTESIAN_POINT('',(-8.158967209009E-02,-0.366589577862,0.8));
#7692 = CARTESIAN_POINT('',(-7.728638667015E-02,-0.366340878088,0.8));
#7693 = CARTESIAN_POINT('',(-7.250399462218E-02,-0.366237844315,0.8));
#7694 = CARTESIAN_POINT('',(-6.726531249752E-02,-0.366054373885,0.8));
#7695 = CARTESIAN_POINT('',(-6.154748307782E-02,-0.366047525611,0.8));
#7696 = CARTESIAN_POINT('',(-5.757781745432E-02,-0.366011583092,0.8));
#7697 = CARTESIAN_POINT('',(-5.551359641909E-02,-0.365992893029,0.8));
#7698 = PCURVE('',#3359,#7699);
#7699 = DEFINITIONAL_REPRESENTATION('',(#7700),#7704);
#7700 = LINE('',#7701,#7702);
#7701 = CARTESIAN_POINT('',(8.044721183962E-16,-8.463174312991E-15));
#7702 = VECTOR('',#7703,1.);
#7703 = DIRECTION('',(1.,1.110223081447E-14));
#7704 = ( GEOMETRIC_REPRESENTATION_CONTEXT(2) 
PARAMETRIC_REPRESENTATION_CONTEXT() REPRESENTATION_CONTEXT('2D SPACE',''
  ) );
#7705 = PCURVE('',#7027,#7706);
#7706 = DEFINITIONAL_REPRESENTATION('',(#7707),#7719);
#7707 = B_SPLINE_CURVE_WITH_KNOTS('',3,(#7708,#7709,#7710,#7711,#7712,
    #7713,#7714,#7715,#7716,#7717,#7718),.UNSPECIFIED.,.F.,.F.,(4,1,1,1,
    1,1,1,1,4),(0.,7.929846745119E-02,0.172762809432,0.277860961346,
    0.397255105007,0.528318799587,0.672477613748,0.829688779022,1.),
  .UNSPECIFIED.);
#7708 = CARTESIAN_POINT('',(0.135024046502,-0.159344443834));
#7709 = CARTESIAN_POINT('',(0.134890144378,-0.158392528884));
#7710 = CARTESIAN_POINT('',(0.134598419862,-0.156318648942));
#7711 = CARTESIAN_POINT('',(0.13428655451,-0.152964164887));
#7712 = CARTESIAN_POINT('',(0.134001066701,-0.149120976822));
#7713 = CARTESIAN_POINT('',(0.133752366927,-0.144817691402));
#7714 = CARTESIAN_POINT('',(0.133649333153,-0.140035299355));
#7715 = CARTESIAN_POINT('',(0.133465862723,-0.13479661723));
#7716 = CARTESIAN_POINT('',(0.133459014449,-0.12907878781));
#7717 = CARTESIAN_POINT('',(0.133423071931,-0.125109122187));
#7718 = CARTESIAN_POINT('',(0.133404381868,-0.123044901151));
#7719 = ( GEOMETRIC_REPRESENTATION_CONTEXT(2) 
PARAMETRIC_REPRESENTATION_CONTEXT() REPRESENTATION_CONTEXT('2D SPACE',''
  ) );
#7720 = ORIENTED_EDGE('',*,*,#7721,.T.);
#7721 = EDGE_CURVE('',#7683,#3328,#7722,.T.);
#7722 = SURFACE_CURVE('',#7723,(#7727,#7733),.PCURVE_S1.);
#7723 = LINE('',#7724,#7725);
#7724 = CARTESIAN_POINT('',(-5.551359641909E-02,-0.365992893029,0.8));
#7725 = VECTOR('',#7726,1.);
#7726 = DIRECTION('',(-0.,-0.,1.));
#7727 = PCURVE('',#3359,#7728);
#7728 = DEFINITIONAL_REPRESENTATION('',(#7729),#7732);
#7729 = B_SPLINE_CURVE_WITH_KNOTS('',1,(#7730,#7731),.UNSPECIFIED.,.F.,
  .F.,(2,2),(0.,1.E-02),.PIECEWISE_BEZIER_KNOTS.);
#7730 = CARTESIAN_POINT('',(1.,2.639056501478E-15));
#7731 = CARTESIAN_POINT('',(1.,1.));
#7732 = ( GEOMETRIC_REPRESENTATION_CONTEXT(2) 
PARAMETRIC_REPRESENTATION_CONTEXT() REPRESENTATION_CONTEXT('2D SPACE',''
  ) );
#7733 = PCURVE('',#3405,#7734);
#7734 = DEFINITIONAL_REPRESENTATION('',(#7735),#7739);
#7735 = LINE('',#7736,#7737);
#7736 = CARTESIAN_POINT('',(-1.110223024625E-16,-6.938893903907E-18));
#7737 = VECTOR('',#7738,1.);
#7738 = DIRECTION('',(-1.,0.));
#7739 = ( GEOMETRIC_REPRESENTATION_CONTEXT(2) 
PARAMETRIC_REPRESENTATION_CONTEXT() REPRESENTATION_CONTEXT('2D SPACE',''
  ) );
#7740 = ADVANCED_FACE('',(#7741),#3405,.T.);
#7741 = FACE_BOUND('',#7742,.T.);
#7742 = EDGE_LOOP('',(#7743,#7744,#7745,#7768));
#7743 = ORIENTED_EDGE('',*,*,#3389,.F.);
#7744 = ORIENTED_EDGE('',*,*,#7721,.F.);
#7745 = ORIENTED_EDGE('',*,*,#7746,.T.);
#7746 = EDGE_CURVE('',#7683,#7747,#7749,.T.);
#7747 = VERTEX_POINT('',#7748);
#7748 = CARTESIAN_POINT('',(0.115503934069,-0.365992893029,0.8));
#7749 = SURFACE_CURVE('',#7750,(#7754,#7761),.PCURVE_S1.);
#7750 = LINE('',#7751,#7752);
#7751 = CARTESIAN_POINT('',(-5.551359641909E-02,-0.365992893029,0.8));
#7752 = VECTOR('',#7753,1.);
#7753 = DIRECTION('',(1.,0.,0.));
#7754 = PCURVE('',#3405,#7755);
#7755 = DEFINITIONAL_REPRESENTATION('',(#7756),#7760);
#7756 = LINE('',#7757,#7758);
#7757 = CARTESIAN_POINT('',(0.,0.));
#7758 = VECTOR('',#7759,1.);
#7759 = DIRECTION('',(0.,1.));
#7760 = ( GEOMETRIC_REPRESENTATION_CONTEXT(2) 
PARAMETRIC_REPRESENTATION_CONTEXT() REPRESENTATION_CONTEXT('2D SPACE',''
  ) );
#7761 = PCURVE('',#7027,#7762);
#7762 = DEFINITIONAL_REPRESENTATION('',(#7763),#7767);
#7763 = LINE('',#7764,#7765);
#7764 = CARTESIAN_POINT('',(0.133404381868,-0.123044901151));
#7765 = VECTOR('',#7766,1.);
#7766 = DIRECTION('',(0.,1.));
#7767 = ( GEOMETRIC_REPRESENTATION_CONTEXT(2) 
PARAMETRIC_REPRESENTATION_CONTEXT() REPRESENTATION_CONTEXT('2D SPACE',''
  ) );
#7768 = ORIENTED_EDGE('',*,*,#7769,.T.);
#7769 = EDGE_CURVE('',#7747,#3390,#7770,.T.);
#7770 = SURFACE_CURVE('',#7771,(#7775,#7782),.PCURVE_S1.);
#7771 = LINE('',#7772,#7773);
#7772 = CARTESIAN_POINT('',(0.115503934069,-0.365992893029,0.8));
#7773 = VECTOR('',#7774,1.);
#7774 = DIRECTION('',(-0.,-0.,1.));
#7775 = PCURVE('',#3405,#7776);
#7776 = DEFINITIONAL_REPRESENTATION('',(#7777),#7781);
#7777 = LINE('',#7778,#7779);
#7778 = CARTESIAN_POINT('',(0.,0.171017530488));
#7779 = VECTOR('',#7780,1.);
#7780 = DIRECTION('',(-1.,0.));
#7781 = ( GEOMETRIC_REPRESENTATION_CONTEXT(2) 
PARAMETRIC_REPRESENTATION_CONTEXT() REPRESENTATION_CONTEXT('2D SPACE',''
  ) );
#7782 = PCURVE('',#3431,#7783);
#7783 = DEFINITIONAL_REPRESENTATION('',(#7784),#7788);
#7784 = LINE('',#7785,#7786);
#7785 = CARTESIAN_POINT('',(0.,0.));
#7786 = VECTOR('',#7787,1.);
#7787 = DIRECTION('',(1.,0.));
#7788 = ( GEOMETRIC_REPRESENTATION_CONTEXT(2) 
PARAMETRIC_REPRESENTATION_CONTEXT() REPRESENTATION_CONTEXT('2D SPACE',''
  ) );
#7789 = ADVANCED_FACE('',(#7790),#3431,.T.);
#7790 = FACE_BOUND('',#7791,.T.);
#7791 = EDGE_LOOP('',(#7792,#7793,#7794,#7815));
#7792 = ORIENTED_EDGE('',*,*,#3417,.F.);
#7793 = ORIENTED_EDGE('',*,*,#7769,.F.);
#7794 = ORIENTED_EDGE('',*,*,#7795,.T.);
#7795 = EDGE_CURVE('',#7747,#6989,#7796,.T.);
#7796 = SURFACE_CURVE('',#7797,(#7801,#7808),.PCURVE_S1.);
#7797 = LINE('',#7798,#7799);
#7798 = CARTESIAN_POINT('',(0.115503934069,-0.365992893029,0.8));
#7799 = VECTOR('',#7800,1.);
#7800 = DIRECTION('',(0.,-1.,0.));
#7801 = PCURVE('',#3431,#7802);
#7802 = DEFINITIONAL_REPRESENTATION('',(#7803),#7807);
#7803 = LINE('',#7804,#7805);
#7804 = CARTESIAN_POINT('',(0.,0.));
#7805 = VECTOR('',#7806,1.);
#7806 = DIRECTION('',(0.,-1.));
#7807 = ( GEOMETRIC_REPRESENTATION_CONTEXT(2) 
PARAMETRIC_REPRESENTATION_CONTEXT() REPRESENTATION_CONTEXT('2D SPACE',''
  ) );
#7808 = PCURVE('',#7027,#7809);
#7809 = DEFINITIONAL_REPRESENTATION('',(#7810),#7814);
#7810 = LINE('',#7811,#7812);
#7811 = CARTESIAN_POINT('',(0.133404381868,4.797262933638E-02));
#7812 = VECTOR('',#7813,1.);
#7813 = DIRECTION('',(1.,-1.000009723734E-25));
#7814 = ( GEOMETRIC_REPRESENTATION_CONTEXT(2) 
PARAMETRIC_REPRESENTATION_CONTEXT() REPRESENTATION_CONTEXT('2D SPACE',''
  ) );
#7815 = ORIENTED_EDGE('',*,*,#6988,.T.);
#7816 = ADVANCED_FACE('',(#7817),#7027,.T.);
#7817 = FACE_BOUND('',#7818,.T.);
#7818 = EDGE_LOOP('',(#7819,#7820,#7821,#7822,#7823,#7824,#7825,#7826,
    #7827,#7828,#7829,#7830,#7831,#7832,#7833,#7834));
#7819 = ORIENTED_EDGE('',*,*,#7011,.F.);
#7820 = ORIENTED_EDGE('',*,*,#7795,.F.);
#7821 = ORIENTED_EDGE('',*,*,#7746,.F.);
#7822 = ORIENTED_EDGE('',*,*,#7682,.F.);
#7823 = ORIENTED_EDGE('',*,*,#7634,.F.);
#7824 = ORIENTED_EDGE('',*,*,#7570,.F.);
#7825 = ORIENTED_EDGE('',*,*,#7522,.F.);
#7826 = ORIENTED_EDGE('',*,*,#7473,.F.);
#7827 = ORIENTED_EDGE('',*,*,#7424,.F.);
#7828 = ORIENTED_EDGE('',*,*,#7375,.F.);
#7829 = ORIENTED_EDGE('',*,*,#7326,.F.);
#7830 = ORIENTED_EDGE('',*,*,#7262,.F.);
#7831 = ORIENTED_EDGE('',*,*,#7214,.F.);
#7832 = ORIENTED_EDGE('',*,*,#7162,.F.);
#7833 = ORIENTED_EDGE('',*,*,#7114,.F.);
#7834 = ORIENTED_EDGE('',*,*,#7065,.F.);
#7835 = ADVANCED_FACE('',(#7836),#4292,.T.);
#7836 = FACE_BOUND('',#7837,.T.);
#7837 = EDGE_LOOP('',(#7838,#7839,#7860,#7920));
#7838 = ORIENTED_EDGE('',*,*,#4242,.F.);
#7839 = ORIENTED_EDGE('',*,*,#7840,.F.);
#7840 = EDGE_CURVE('',#7841,#4243,#7843,.T.);
#7841 = VERTEX_POINT('',#7842);
#7842 = CARTESIAN_POINT('',(-0.137544846419,-2.643496619953E-02,0.8));
#7843 = SURFACE_CURVE('',#7844,(#7848,#7854),.PCURVE_S1.);
#7844 = LINE('',#7845,#7846);
#7845 = CARTESIAN_POINT('',(-0.137544846419,-2.643496619953E-02,0.8));
#7846 = VECTOR('',#7847,1.);
#7847 = DIRECTION('',(-0.,-0.,1.));
#7848 = PCURVE('',#4292,#7849);
#7849 = DEFINITIONAL_REPRESENTATION('',(#7850),#7853);
#7850 = B_SPLINE_CURVE_WITH_KNOTS('',1,(#7851,#7852),.UNSPECIFIED.,.F.,
  .F.,(2,2),(0.,1.E-02),.PIECEWISE_BEZIER_KNOTS.);
#7851 = CARTESIAN_POINT('',(-1.060096392356E-17,-2.912058615079E-15));
#7852 = CARTESIAN_POINT('',(-1.060096392356E-17,1.));
#7853 = ( GEOMETRIC_REPRESENTATION_CONTEXT(2) 
PARAMETRIC_REPRESENTATION_CONTEXT() REPRESENTATION_CONTEXT('2D SPACE',''
  ) );
#7854 = PCURVE('',#4572,#7855);
#7855 = DEFINITIONAL_REPRESENTATION('',(#7856),#7859);
#7856 = B_SPLINE_CURVE_WITH_KNOTS('',1,(#7857,#7858),.UNSPECIFIED.,.F.,
  .F.,(2,2),(0.,1.E-02),.PIECEWISE_BEZIER_KNOTS.);
#7857 = CARTESIAN_POINT('',(1.,8.481063074051E-15));
#7858 = CARTESIAN_POINT('',(1.,1.));
#7859 = ( GEOMETRIC_REPRESENTATION_CONTEXT(2) 
PARAMETRIC_REPRESENTATION_CONTEXT() REPRESENTATION_CONTEXT('2D SPACE',''
  ) );
#7860 = ORIENTED_EDGE('',*,*,#7861,.T.);
#7861 = EDGE_CURVE('',#7841,#7862,#7864,.T.);
#7862 = VERTEX_POINT('',#7863);
#7863 = CARTESIAN_POINT('',(-1.244957202884E-02,9.132418014193E-02,0.8)
  );
#7864 = SURFACE_CURVE('',#7865,(#7885,#7892),.PCURVE_S1.);
#7865 = B_SPLINE_CURVE_WITH_KNOTS('',3,(#7866,#7867,#7868,#7869,#7870,
    #7871,#7872,#7873,#7874,#7875,#7876,#7877,#7878,#7879,#7880,#7881,
    #7882,#7883,#7884),.UNSPECIFIED.,.F.,.F.,(4,1,1,1,1,1,1,1,1,1,1,1,1,
    1,1,1,4),(0.,6.728591742768E-02,0.131649276152,0.19378127125,
    0.253984280536,0.313256820684,0.372096496999,0.431256889497,
    0.49168914865,0.552355789772,0.61280611057,0.673402732462,
    0.734686051741,0.797478300358,0.86234241732,0.929761153062,1.),
  .UNSPECIFIED.);
#7866 = CARTESIAN_POINT('',(-0.137544846419,-2.643496619953E-02,0.8));
#7867 = CARTESIAN_POINT('',(-0.137460444555,-2.20934000203E-02,0.8));
#7868 = CARTESIAN_POINT('',(-0.137295306816,-1.359884325844E-02,0.8));
#7869 = CARTESIAN_POINT('',(-0.135526296308,-1.206528624145E-03,0.8));
#7870 = CARTESIAN_POINT('',(-0.132953190828,1.057238138009E-02,0.8));
#7871 = CARTESIAN_POINT('',(-0.129064688051,2.16427282016E-02,0.8));
#7872 = CARTESIAN_POINT('',(-0.124248071929,3.210983531496E-02,0.8));
#7873 = CARTESIAN_POINT('',(-0.118145510767,4.180431005907E-02,0.8));
#7874 = CARTESIAN_POINT('',(-0.111133637188,5.095071534283E-02,0.8));
#7875 = CARTESIAN_POINT('',(-0.102986303721,5.927776026762E-02,0.8));
#7876 = CARTESIAN_POINT('',(-9.398645540244E-02,6.67885015971E-02,0.8));
#7877 = CARTESIAN_POINT('',(-8.42955965656E-02,7.341302079108E-02,0.8));
#7878 = CARTESIAN_POINT('',(-7.389412939031E-02,7.893880394791E-02,0.8)
  );
#7879 = CARTESIAN_POINT('',(-6.287244450911E-02,8.349332328677E-02,0.8)
  );
#7880 = CARTESIAN_POINT('',(-5.118946386938E-02,8.701320604801E-02,0.8)
  );
#7881 = CARTESIAN_POINT('',(-3.885115930698E-02,8.953604368139E-02,0.8)
  );
#7882 = CARTESIAN_POINT('',(-2.585563791205E-02,9.101166808515E-02,0.8)
  );
#7883 = CARTESIAN_POINT('',(-1.69788783346E-02,9.121859638293E-02,0.8));
#7884 = CARTESIAN_POINT('',(-1.244957202884E-02,9.132418014193E-02,0.8)
  );
#7885 = PCURVE('',#4292,#7886);
#7886 = DEFINITIONAL_REPRESENTATION('',(#7887),#7891);
#7887 = LINE('',#7888,#7889);
#7888 = CARTESIAN_POINT('',(-1.060096392356E-17,-2.912058615079E-15));
#7889 = VECTOR('',#7890,1.);
#7890 = DIRECTION('',(1.,1.392339497715E-28));
#7891 = ( GEOMETRIC_REPRESENTATION_CONTEXT(2) 
PARAMETRIC_REPRESENTATION_CONTEXT() REPRESENTATION_CONTEXT('2D SPACE',''
  ) );
#7892 = PCURVE('',#7893,#7898);
#7893 = PLANE('',#7894);
#7894 = AXIS2_PLACEMENT_3D('',#7895,#7896,#7897);
#7895 = CARTESIAN_POINT('',(-0.101676203286,6.020490116485E-02,0.8));
#7896 = DIRECTION('',(-1.419021109002E-13,2.758636439328E-15,1.));
#7897 = DIRECTION('',(1.,0.,1.419021109002E-13));
#7898 = DEFINITIONAL_REPRESENTATION('',(#7899),#7919);
#7899 = B_SPLINE_CURVE_WITH_KNOTS('',3,(#7900,#7901,#7902,#7903,#7904,
    #7905,#7906,#7907,#7908,#7909,#7910,#7911,#7912,#7913,#7914,#7915,
    #7916,#7917,#7918),.UNSPECIFIED.,.F.,.F.,(4,1,1,1,1,1,1,1,1,1,1,1,1,
    1,1,1,4),(0.,6.728591742768E-02,0.131649276152,0.19378127125,
    0.253984280536,0.313256820684,0.372096496999,0.431256889497,
    0.49168914865,0.552355789772,0.61280611057,0.673402732462,
    0.734686051741,0.797478300358,0.86234241732,0.929761153062,1.),
  .UNSPECIFIED.);
#7900 = CARTESIAN_POINT('',(-3.586864313305E-02,-8.663986736438E-02));
#7901 = CARTESIAN_POINT('',(-3.578424126905E-02,-8.229830118514E-02));
#7902 = CARTESIAN_POINT('',(-3.561910352959E-02,-7.380374442329E-02));
#7903 = CARTESIAN_POINT('',(-3.385009302211E-02,-6.141142978899E-02));
#7904 = CARTESIAN_POINT('',(-3.127698754177E-02,-4.963251978476E-02));
#7905 = CARTESIAN_POINT('',(-2.738848476528E-02,-3.856217296325E-02));
#7906 = CARTESIAN_POINT('',(-2.257186864299E-02,-2.809506584988E-02));
#7907 = CARTESIAN_POINT('',(-1.646930748125E-02,-1.840059110578E-02));
#7908 = CARTESIAN_POINT('',(-9.457433901758E-03,-9.254185822017E-03));
#7909 = CARTESIAN_POINT('',(-1.310100435198E-03,-9.271408972287E-04));
#7910 = CARTESIAN_POINT('',(7.689747883599E-03,6.583600432252E-03));
#7911 = CARTESIAN_POINT('',(1.738060672044E-02,1.320811962623E-02));
#7912 = CARTESIAN_POINT('',(2.778207389572E-02,1.873390278306E-02));
#7913 = CARTESIAN_POINT('',(3.880375877693E-02,2.328842212192E-02));
#7914 = CARTESIAN_POINT('',(5.048673941665E-02,2.680830488316E-02));
#7915 = CARTESIAN_POINT('',(6.282504397906E-02,2.933114251654E-02));
#7916 = CARTESIAN_POINT('',(7.582056537398E-02,3.08067669203E-02));
#7917 = CARTESIAN_POINT('',(8.469732495143E-02,3.101369521808E-02));
#7918 = CARTESIAN_POINT('',(8.922663125719E-02,3.111927897709E-02));
#7919 = ( GEOMETRIC_REPRESENTATION_CONTEXT(2) 
PARAMETRIC_REPRESENTATION_CONTEXT() REPRESENTATION_CONTEXT('2D SPACE',''
  ) );
#7920 = ORIENTED_EDGE('',*,*,#7921,.T.);
#7921 = EDGE_CURVE('',#7862,#4245,#7922,.T.);
#7922 = SURFACE_CURVE('',#7923,(#7927,#7933),.PCURVE_S1.);
#7923 = LINE('',#7924,#7925);
#7924 = CARTESIAN_POINT('',(-1.244957202884E-02,9.132418014193E-02,0.8)
  );
#7925 = VECTOR('',#7926,1.);
#7926 = DIRECTION('',(-0.,-0.,1.));
#7927 = PCURVE('',#4292,#7928);
#7928 = DEFINITIONAL_REPRESENTATION('',(#7929),#7932);
#7929 = B_SPLINE_CURVE_WITH_KNOTS('',1,(#7930,#7931),.UNSPECIFIED.,.F.,
  .F.,(2,2),(0.,1.E-02),.PIECEWISE_BEZIER_KNOTS.);
#7930 = CARTESIAN_POINT('',(1.,-2.912058615079E-15));
#7931 = CARTESIAN_POINT('',(1.,1.));
#7932 = ( GEOMETRIC_REPRESENTATION_CONTEXT(2) 
PARAMETRIC_REPRESENTATION_CONTEXT() REPRESENTATION_CONTEXT('2D SPACE',''
  ) );
#7933 = PCURVE('',#4386,#7934);
#7934 = DEFINITIONAL_REPRESENTATION('',(#7935),#7938);
#7935 = B_SPLINE_CURVE_WITH_KNOTS('',1,(#7936,#7937),.UNSPECIFIED.,.F.,
  .F.,(2,2),(0.,1.E-02),.PIECEWISE_BEZIER_KNOTS.);
#7936 = CARTESIAN_POINT('',(-6.148305280112E-19,1.401645726568E-14));
#7937 = CARTESIAN_POINT('',(-2.907887317316E-18,1.));
#7938 = ( GEOMETRIC_REPRESENTATION_CONTEXT(2) 
PARAMETRIC_REPRESENTATION_CONTEXT() REPRESENTATION_CONTEXT('2D SPACE',''
  ) );
#7939 = ADVANCED_FACE('',(#7940),#4386,.T.);
#7940 = FACE_BOUND('',#7941,.T.);
#7941 = EDGE_LOOP('',(#7942,#7943,#7944,#7999));
#7942 = ORIENTED_EDGE('',*,*,#4338,.F.);
#7943 = ORIENTED_EDGE('',*,*,#7921,.F.);
#7944 = ORIENTED_EDGE('',*,*,#7945,.T.);
#7945 = EDGE_CURVE('',#7862,#7946,#7948,.T.);
#7946 = VERTEX_POINT('',#7947);
#7947 = CARTESIAN_POINT('',(0.118552714557,-3.04841277849E-02,0.8));
#7948 = SURFACE_CURVE('',#7949,(#7969,#7976),.PCURVE_S1.);
#7949 = B_SPLINE_CURVE_WITH_KNOTS('',3,(#7950,#7951,#7952,#7953,#7954,
    #7955,#7956,#7957,#7958,#7959,#7960,#7961,#7962,#7963,#7964,#7965,
    #7966,#7967,#7968),.UNSPECIFIED.,.F.,.F.,(4,1,1,1,1,1,1,1,1,1,1,1,1,
    1,1,1,4),(0.,7.241198547191E-02,0.141185226198,0.20724570108,
    0.270804927702,0.332348649214,0.392445284386,0.452134190719,
    0.511710820508,0.57088740636,0.629022463932,0.687317868052,
    0.745845374105,0.805776283883,0.867879470555,0.9322897111,1.),
  .UNSPECIFIED.);
#7950 = CARTESIAN_POINT('',(-1.244957202884E-02,9.132418014193E-02,0.8)
  );
#7951 = CARTESIAN_POINT('',(-7.570750827836E-03,9.122451237788E-02,0.8)
  );
#7952 = CARTESIAN_POINT('',(1.941727947003E-03,9.103018521339E-02,0.8));
#7953 = CARTESIAN_POINT('',(1.583899288776E-02,8.948934294979E-02,0.8));
#7954 = CARTESIAN_POINT('',(2.896690077746E-02,8.692054750234E-02,0.8));
#7955 = CARTESIAN_POINT('',(4.137596429603E-02,8.339613475152E-02,0.8));
#7956 = CARTESIAN_POINT('',(5.294652192919E-02,7.867179026093E-02,0.8));
#7957 = CARTESIAN_POINT('',(6.380571446928E-02,7.304024753683E-02,0.8));
#7958 = CARTESIAN_POINT('',(7.390564324828E-02,6.635952070111E-02,0.8));
#7959 = CARTESIAN_POINT('',(8.312814710359E-02,5.861635229071E-02,0.8));
#7960 = CARTESIAN_POINT('',(9.14805195266E-02,5.008555715357E-02,0.8));
#7961 = CARTESIAN_POINT('',(9.872630161857E-02,4.070173714575E-02,0.8));
#7962 = CARTESIAN_POINT('',(0.104892974818,3.06309016492E-02,0.8));
#7963 = CARTESIAN_POINT('',(0.109941115643,1.981783245398E-02,0.8));
#7964 = CARTESIAN_POINT('',(0.1137939997,8.253952467924E-03,0.8));
#7965 = CARTESIAN_POINT('',(0.116525495294,-4.021709209384E-03,0.8));
#7966 = CARTESIAN_POINT('',(0.118237364367,-1.701830172207E-02,0.8));
#7967 = CARTESIAN_POINT('',(0.118445861907,-2.592139326508E-02,0.8));
#7968 = CARTESIAN_POINT('',(0.118552714557,-3.04841277849E-02,0.8));
#7969 = PCURVE('',#4386,#7970);
#7970 = DEFINITIONAL_REPRESENTATION('',(#7971),#7975);
#7971 = LINE('',#7972,#7973);
#7972 = CARTESIAN_POINT('',(6.561889783066E-18,1.401645726568E-14));
#7973 = VECTOR('',#7974,1.);
#7974 = DIRECTION('',(1.,-1.665334536938E-14));
#7975 = ( GEOMETRIC_REPRESENTATION_CONTEXT(2) 
PARAMETRIC_REPRESENTATION_CONTEXT() REPRESENTATION_CONTEXT('2D SPACE',''
  ) );
#7976 = PCURVE('',#7893,#7977);
#7977 = DEFINITIONAL_REPRESENTATION('',(#7978),#7998);
#7978 = B_SPLINE_CURVE_WITH_KNOTS('',3,(#7979,#7980,#7981,#7982,#7983,
    #7984,#7985,#7986,#7987,#7988,#7989,#7990,#7991,#7992,#7993,#7994,
    #7995,#7996,#7997),.UNSPECIFIED.,.F.,.F.,(4,1,1,1,1,1,1,1,1,1,1,1,1,
    1,1,1,4),(0.,7.241198547191E-02,0.141185226198,0.20724570108,
    0.270804927702,0.332348649214,0.392445284386,0.452134190719,
    0.511710820508,0.57088740636,0.629022463932,0.687317868052,
    0.745845374105,0.805776283883,0.867879470555,0.9322897111,1.),
  .UNSPECIFIED.);
#7979 = CARTESIAN_POINT('',(8.922663125719E-02,3.111927897709E-02));
#7980 = CARTESIAN_POINT('',(9.41054524582E-02,3.101961121304E-02));
#7981 = CARTESIAN_POINT('',(0.103617931233,3.082528404854E-02));
#7982 = CARTESIAN_POINT('',(0.117515196174,2.928444178494E-02));
#7983 = CARTESIAN_POINT('',(0.130643104063,2.67156463375E-02));
#7984 = CARTESIAN_POINT('',(0.143052167582,2.319123358667E-02));
#7985 = CARTESIAN_POINT('',(0.154622725215,1.846688909609E-02));
#7986 = CARTESIAN_POINT('',(0.165481917755,1.283534637198E-02));
#7987 = CARTESIAN_POINT('',(0.175581846534,6.15461953626E-03));
#7988 = CARTESIAN_POINT('',(0.18480435039,-1.588548874135E-03));
#7989 = CARTESIAN_POINT('',(0.193156722813,-1.011934401127E-02));
#7990 = CARTESIAN_POINT('',(0.200402504905,-1.95031640191E-02));
#7991 = CARTESIAN_POINT('',(0.206569178104,-2.957399951564E-02));
#7992 = CARTESIAN_POINT('',(0.211617318929,-4.038706871087E-02));
#7993 = CARTESIAN_POINT('',(0.215470202986,-5.195094869692E-02));
#7994 = CARTESIAN_POINT('',(0.21820169858,-6.422661037423E-02));
#7995 = CARTESIAN_POINT('',(0.219913567653,-7.722320288691E-02));
#7996 = CARTESIAN_POINT('',(0.220122065193,-8.612629442992E-02));
#7997 = CARTESIAN_POINT('',(0.220228917843,-9.068902894974E-02));
#7998 = ( GEOMETRIC_REPRESENTATION_CONTEXT(2) 
PARAMETRIC_REPRESENTATION_CONTEXT() REPRESENTATION_CONTEXT('2D SPACE',''
  ) );
#7999 = ORIENTED_EDGE('',*,*,#8000,.T.);
#8000 = EDGE_CURVE('',#7946,#4339,#8001,.T.);
#8001 = SURFACE_CURVE('',#8002,(#8006,#8012),.PCURVE_S1.);
#8002 = LINE('',#8003,#8004);
#8003 = CARTESIAN_POINT('',(0.118552714557,-3.04841277849E-02,0.8));
#8004 = VECTOR('',#8005,1.);
#8005 = DIRECTION('',(-0.,-0.,1.));
#8006 = PCURVE('',#4386,#8007);
#8007 = DEFINITIONAL_REPRESENTATION('',(#8008),#8011);
#8008 = B_SPLINE_CURVE_WITH_KNOTS('',1,(#8009,#8010),.UNSPECIFIED.,.F.,
  .F.,(2,2),(0.,1.E-02),.PIECEWISE_BEZIER_KNOTS.);
#8009 = CARTESIAN_POINT('',(1.,-2.636888103702E-15));
#8010 = CARTESIAN_POINT('',(1.,1.));
#8011 = ( GEOMETRIC_REPRESENTATION_CONTEXT(2) 
PARAMETRIC_REPRESENTATION_CONTEXT() REPRESENTATION_CONTEXT('2D SPACE',''
  ) );
#8012 = PCURVE('',#4480,#8013);
#8013 = DEFINITIONAL_REPRESENTATION('',(#8014),#8017);
#8014 = B_SPLINE_CURVE_WITH_KNOTS('',1,(#8015,#8016),.UNSPECIFIED.,.F.,
  .F.,(2,2),(0.,1.E-02),.PIECEWISE_BEZIER_KNOTS.);
#8015 = CARTESIAN_POINT('',(4.967054142258E-19,-2.636888103702E-15));
#8016 = CARTESIAN_POINT('',(4.967054142258E-19,1.));
#8017 = ( GEOMETRIC_REPRESENTATION_CONTEXT(2) 
PARAMETRIC_REPRESENTATION_CONTEXT() REPRESENTATION_CONTEXT('2D SPACE',''
  ) );
#8018 = ADVANCED_FACE('',(#8019),#4480,.T.);
#8019 = FACE_BOUND('',#8020,.T.);
#8020 = EDGE_LOOP('',(#8021,#8022,#8023,#8078));
#8021 = ORIENTED_EDGE('',*,*,#4432,.F.);
#8022 = ORIENTED_EDGE('',*,*,#8000,.F.);
#8023 = ORIENTED_EDGE('',*,*,#8024,.T.);
#8024 = EDGE_CURVE('',#7946,#8025,#8027,.T.);
#8025 = VERTEX_POINT('',#8026);
#8026 = CARTESIAN_POINT('',(-6.542559833721E-03,-0.146480697907,0.8));
#8027 = SURFACE_CURVE('',#8028,(#8048,#8055),.PCURVE_S1.);
#8028 = B_SPLINE_CURVE_WITH_KNOTS('',3,(#8029,#8030,#8031,#8032,#8033,
    #8034,#8035,#8036,#8037,#8038,#8039,#8040,#8041,#8042,#8043,#8044,
    #8045,#8046,#8047),.UNSPECIFIED.,.F.,.F.,(4,1,1,1,1,1,1,1,1,1,1,1,1,
    1,1,1,4),(0.,6.656691929223E-02,0.130199026132,0.191659319963,
    0.251309166905,0.310250092502,0.368992664566,0.428177605512,
    0.488722658823,0.549700035676,0.610340637281,0.67107055211,
    0.732733941643,0.79594067723,0.861257413217,0.929226579475,1.),
  .UNSPECIFIED.);
#8029 = CARTESIAN_POINT('',(0.118552714557,-3.04841277849E-02,0.8));
#8030 = CARTESIAN_POINT('',(0.118466194751,-3.474580642715E-02,0.8));
#8031 = CARTESIAN_POINT('',(0.118296969638,-4.308127417614E-02,0.8));
#8032 = CARTESIAN_POINT('',(0.116558624769,-5.524861606631E-02,0.8));
#8033 = CARTESIAN_POINT('',(0.113869808802,-6.677280039146E-02,0.8));
#8034 = CARTESIAN_POINT('',(0.110109860749,-7.76901472596E-02,0.8));
#8035 = CARTESIAN_POINT('',(0.105151803283,-8.792151064006E-02,0.8));
#8036 = CARTESIAN_POINT('',(9.91873372252E-02,-9.756498714359E-02,0.8));
#8037 = CARTESIAN_POINT('',(9.206607850027E-02,-0.106524481019,0.8));
#8038 = CARTESIAN_POINT('',(8.393415396543E-02,-0.114770588864,0.8));
#8039 = CARTESIAN_POINT('',(7.49612695036E-02,-0.12224101531,0.8));
#8040 = CARTESIAN_POINT('',(6.524619621859E-02,-0.128738653512,0.8));
#8041 = CARTESIAN_POINT('',(5.489326569155E-02,-0.134255744491,0.8));
#8042 = CARTESIAN_POINT('',(4.387607599291E-02,-0.138740175167,0.8));
#8043 = CARTESIAN_POINT('',(3.219651044335E-02,-0.142226194632,0.8));
#8044 = CARTESIAN_POINT('',(1.984945837883E-02,-0.144660149829,0.8));
#8045 = CARTESIAN_POINT('',(6.869011862491E-03,-0.146248398541,0.8));
#8046 = CARTESIAN_POINT('',(-2.012200479572E-03,-0.146402228386,0.8));
#8047 = CARTESIAN_POINT('',(-6.542559833721E-03,-0.146480697907,0.8));
#8048 = PCURVE('',#4480,#8049);
#8049 = DEFINITIONAL_REPRESENTATION('',(#8050),#8054);
#8050 = LINE('',#8051,#8052);
#8051 = CARTESIAN_POINT('',(4.967054142258E-19,-2.636888103702E-15));
#8052 = VECTOR('',#8053,1.);
#8053 = DIRECTION('',(1.,1.110223024625E-14));
#8054 = ( GEOMETRIC_REPRESENTATION_CONTEXT(2) 
PARAMETRIC_REPRESENTATION_CONTEXT() REPRESENTATION_CONTEXT('2D SPACE',''
  ) );
#8055 = PCURVE('',#7893,#8056);
#8056 = DEFINITIONAL_REPRESENTATION('',(#8057),#8077);
#8057 = B_SPLINE_CURVE_WITH_KNOTS('',3,(#8058,#8059,#8060,#8061,#8062,
    #8063,#8064,#8065,#8066,#8067,#8068,#8069,#8070,#8071,#8072,#8073,
    #8074,#8075,#8076),.UNSPECIFIED.,.F.,.F.,(4,1,1,1,1,1,1,1,1,1,1,1,1,
    1,1,1,4),(0.,6.656691929223E-02,0.130199026132,0.191659319963,
    0.251309166905,0.310250092502,0.368992664566,0.428177605512,
    0.488722658823,0.549700035676,0.610340637281,0.67107055211,
    0.732733941643,0.79594067723,0.861257413217,0.929226579475,1.),
  .UNSPECIFIED.);
#8058 = CARTESIAN_POINT('',(0.220228917843,-9.068902894974E-02));
#8059 = CARTESIAN_POINT('',(0.220142398037,-9.495070759199E-02));
#8060 = CARTESIAN_POINT('',(0.219973172924,-0.103286175341));
#8061 = CARTESIAN_POINT('',(0.218234828055,-0.115453517231));
#8062 = CARTESIAN_POINT('',(0.215546012088,-0.126977701556));
#8063 = CARTESIAN_POINT('',(0.211786064035,-0.137895048424));
#8064 = CARTESIAN_POINT('',(0.206828006569,-0.148126411805));
#8065 = CARTESIAN_POINT('',(0.200863540511,-0.157769888308));
#8066 = CARTESIAN_POINT('',(0.193742281786,-0.166729382183));
#8067 = CARTESIAN_POINT('',(0.185610357251,-0.174975490028));
#8068 = CARTESIAN_POINT('',(0.17663747279,-0.182445916475));
#8069 = CARTESIAN_POINT('',(0.166922399505,-0.188943554677));
#8070 = CARTESIAN_POINT('',(0.156569468978,-0.194460645656));
#8071 = CARTESIAN_POINT('',(0.145552279279,-0.198945076331));
#8072 = CARTESIAN_POINT('',(0.133872713729,-0.202431095797));
#8073 = CARTESIAN_POINT('',(0.121525661665,-0.204865050994));
#8074 = CARTESIAN_POINT('',(0.108545215149,-0.206453299705));
#8075 = CARTESIAN_POINT('',(9.966400280646E-02,-0.206607129551));
#8076 = CARTESIAN_POINT('',(9.513364345231E-02,-0.206685599072));
#8077 = ( GEOMETRIC_REPRESENTATION_CONTEXT(2) 
PARAMETRIC_REPRESENTATION_CONTEXT() REPRESENTATION_CONTEXT('2D SPACE',''
  ) );
#8078 = ORIENTED_EDGE('',*,*,#8079,.T.);
#8079 = EDGE_CURVE('',#8025,#4433,#8080,.T.);
#8080 = SURFACE_CURVE('',#8081,(#8085,#8091),.PCURVE_S1.);
#8081 = LINE('',#8082,#8083);
#8082 = CARTESIAN_POINT('',(-6.542559833721E-03,-0.146480697907,0.8));
#8083 = VECTOR('',#8084,1.);
#8084 = DIRECTION('',(-0.,-0.,1.));
#8085 = PCURVE('',#4480,#8086);
#8086 = DEFINITIONAL_REPRESENTATION('',(#8087),#8090);
#8087 = B_SPLINE_CURVE_WITH_KNOTS('',1,(#8088,#8089),.UNSPECIFIED.,.F.,
  .F.,(2,2),(0.,1.E-02),.PIECEWISE_BEZIER_KNOTS.);
#8088 = CARTESIAN_POINT('',(1.,8.46534214255E-15));
#8089 = CARTESIAN_POINT('',(1.,1.));
#8090 = ( GEOMETRIC_REPRESENTATION_CONTEXT(2) 
PARAMETRIC_REPRESENTATION_CONTEXT() REPRESENTATION_CONTEXT('2D SPACE',''
  ) );
#8091 = PCURVE('',#4572,#8092);
#8092 = DEFINITIONAL_REPRESENTATION('',(#8093),#8096);
#8093 = B_SPLINE_CURVE_WITH_KNOTS('',1,(#8094,#8095),.UNSPECIFIED.,.F.,
  .F.,(2,2),(0.,1.E-02),.PIECEWISE_BEZIER_KNOTS.);
#8094 = CARTESIAN_POINT('',(-9.544100897504E-18,-2.621167172201E-15));
#8095 = CARTESIAN_POINT('',(-1.109514401049E-17,1.));
#8096 = ( GEOMETRIC_REPRESENTATION_CONTEXT(2) 
PARAMETRIC_REPRESENTATION_CONTEXT() REPRESENTATION_CONTEXT('2D SPACE',''
  ) );
#8097 = ADVANCED_FACE('',(#8098),#4572,.T.);
#8098 = FACE_BOUND('',#8099,.T.);
#8099 = EDGE_LOOP('',(#8100,#8101,#8102,#8155));
#8100 = ORIENTED_EDGE('',*,*,#4526,.F.);
#8101 = ORIENTED_EDGE('',*,*,#8079,.F.);
#8102 = ORIENTED_EDGE('',*,*,#8103,.T.);
#8103 = EDGE_CURVE('',#8025,#7841,#8104,.T.);
#8104 = SURFACE_CURVE('',#8105,(#8125,#8132),.PCURVE_S1.);
#8105 = B_SPLINE_CURVE_WITH_KNOTS('',3,(#8106,#8107,#8108,#8109,#8110,
    #8111,#8112,#8113,#8114,#8115,#8116,#8117,#8118,#8119,#8120,#8121,
    #8122,#8123,#8124),.UNSPECIFIED.,.F.,.F.,(4,1,1,1,1,1,1,1,1,1,1,1,1,
    1,1,1,4),(0.,7.317874951105E-02,0.142926896138,0.20965822628,
    0.273748645546,0.33578646402,0.396322523645,0.456118782487,
    0.515979120547,0.575252643334,0.633438036904,0.691101734971,
    0.749526451264,0.808848938637,0.870017324423,0.933455222425,1.),
  .UNSPECIFIED.);
#8106 = CARTESIAN_POINT('',(-6.542559833721E-03,-0.146480697907,0.8));
#8107 = CARTESIAN_POINT('',(-1.143773809593E-02,-0.1463826424,0.8));
#8108 = CARTESIAN_POINT('',(-2.099860979344E-02,-0.146191128205,0.8));
#8109 = CARTESIAN_POINT('',(-3.494906588143E-02,-0.144624062932,0.8));
#8110 = CARTESIAN_POINT('',(-4.815454304319E-02,-0.142172771294,0.8));
#8111 = CARTESIAN_POINT('',(-6.053691742813E-02,-0.138495762037,0.8));
#8112 = CARTESIAN_POINT('',(-7.218950968998E-02,-0.133965181499,0.8));
#8113 = CARTESIAN_POINT('',(-8.301272001293E-02,-0.128291219559,0.8));
#8114 = CARTESIAN_POINT('',(-9.309132242961E-02,-0.121646820361,0.8));
#8115 = CARTESIAN_POINT('',(-0.102313062188,-0.11398305933,0.8));
#8116 = CARTESIAN_POINT('',(-0.110595427993,-0.105466587631,0.8));
#8117 = CARTESIAN_POINT('',(-0.117842336554,-9.623711736905E-02,0.8));
#8118 = CARTESIAN_POINT('',(-0.1239581038,-8.628263862346E-02,0.8));
#8119 = CARTESIAN_POINT('',(-0.12888076808,-7.561122977997E-02,0.8));
#8120 = CARTESIAN_POINT('',(-0.132844910424,-6.429893522634E-02,0.8));
#8121 = CARTESIAN_POINT('',(-0.135576038308,-5.228255310237E-02,0.8));
#8122 = CARTESIAN_POINT('',(-0.137212498387,-3.958051549555E-02,0.8));
#8123 = CARTESIAN_POINT('',(-0.137432312391,-3.088608811646E-02,0.8));
#8124 = CARTESIAN_POINT('',(-0.137544846419,-2.643496619953E-02,0.8));
#8125 = PCURVE('',#4572,#8126);
#8126 = DEFINITIONAL_REPRESENTATION('',(#8127),#8131);
#8127 = LINE('',#8128,#8129);
#8128 = CARTESIAN_POINT('',(-1.109514401049E-17,-2.621167172201E-15));
#8129 = VECTOR('',#8130,1.);
#8130 = DIRECTION('',(1.,1.110223024625E-14));
#8131 = ( GEOMETRIC_REPRESENTATION_CONTEXT(2) 
PARAMETRIC_REPRESENTATION_CONTEXT() REPRESENTATION_CONTEXT('2D SPACE',''
  ) );
#8132 = PCURVE('',#7893,#8133);
#8133 = DEFINITIONAL_REPRESENTATION('',(#8134),#8154);
#8134 = B_SPLINE_CURVE_WITH_KNOTS('',3,(#8135,#8136,#8137,#8138,#8139,
    #8140,#8141,#8142,#8143,#8144,#8145,#8146,#8147,#8148,#8149,#8150,
    #8151,#8152,#8153),.UNSPECIFIED.,.F.,.F.,(4,1,1,1,1,1,1,1,1,1,1,1,1,
    1,1,1,4),(0.,7.317874951105E-02,0.142926896138,0.20965822628,
    0.273748645546,0.33578646402,0.396322523645,0.456118782487,
    0.515979120547,0.575252643334,0.633438036904,0.691101734971,
    0.749526451264,0.808848938637,0.870017324423,0.933455222425,1.),
  .UNSPECIFIED.);
#8135 = CARTESIAN_POINT('',(9.513364345231E-02,-0.206685599072));
#8136 = CARTESIAN_POINT('',(9.023846519011E-02,-0.206587543565));
#8137 = CARTESIAN_POINT('',(8.06775934926E-02,-0.20639602937));
#8138 = CARTESIAN_POINT('',(6.67271374046E-02,-0.204828964097));
#8139 = CARTESIAN_POINT('',(5.352166024285E-02,-0.202377672459));
#8140 = CARTESIAN_POINT('',(4.11392858579E-02,-0.198700663201));
#8141 = CARTESIAN_POINT('',(2.948669359606E-02,-0.194170082664));
#8142 = CARTESIAN_POINT('',(1.86634832731E-02,-0.188496120724));
#8143 = CARTESIAN_POINT('',(8.58488085643E-03,-0.181851721526));
#8144 = CARTESIAN_POINT('',(-6.368589023595E-04,-0.174187960495));
#8145 = CARTESIAN_POINT('',(-8.919224706734E-03,-0.165671488796));
#8146 = CARTESIAN_POINT('',(-1.616613326812E-02,-0.156442018534));
#8147 = CARTESIAN_POINT('',(-2.228190051415E-02,-0.146487539788));
#8148 = CARTESIAN_POINT('',(-2.720456479442E-02,-0.135816130945));
#8149 = CARTESIAN_POINT('',(-3.116870713782E-02,-0.124503836391));
#8150 = CARTESIAN_POINT('',(-3.389983502227E-02,-0.112487454267));
#8151 = CARTESIAN_POINT('',(-3.553629510126E-02,-9.97854166604E-02));
#8152 = CARTESIAN_POINT('',(-3.575610910537E-02,-9.109098928131E-02));
#8153 = CARTESIAN_POINT('',(-3.586864313305E-02,-8.663986736438E-02));
#8154 = ( GEOMETRIC_REPRESENTATION_CONTEXT(2) 
PARAMETRIC_REPRESENTATION_CONTEXT() REPRESENTATION_CONTEXT('2D SPACE',''
  ) );
#8155 = ORIENTED_EDGE('',*,*,#7840,.T.);
#8156 = ADVANCED_FACE('',(#8157,#8535),#7893,.T.);
#8157 = FACE_BOUND('',#8158,.T.);
#8158 = EDGE_LOOP('',(#8159,#8255,#8349,#8443));
#8159 = ORIENTED_EDGE('',*,*,#8160,.F.);
#8160 = EDGE_CURVE('',#8161,#8163,#8165,.T.);
#8161 = VERTEX_POINT('',#8162);
#8162 = CARTESIAN_POINT('',(-1.021062385811E-02,-0.112944112541,0.8));
#8163 = VERTEX_POINT('',#8164);
#8164 = CARTESIAN_POINT('',(9.111369016628E-02,-2.862627717514E-02,0.8)
  );
#8165 = SURFACE_CURVE('',#8166,(#8186,#8209),.PCURVE_S1.);
#8166 = B_SPLINE_CURVE_WITH_KNOTS('',3,(#8167,#8168,#8169,#8170,#8171,
    #8172,#8173,#8174,#8175,#8176,#8177,#8178,#8179,#8180,#8181,#8182,
    #8183,#8184,#8185),.UNSPECIFIED.,.F.,.F.,(4,1,1,1,1,1,1,1,1,1,1,1,1,
    1,1,1,4),(0.,7.882367990627E-02,0.153511023328,0.224361206375,
    0.291439198728,0.355405679137,0.416919846707,0.476441482171,
    0.534946625346,0.592255947574,0.647966227232,0.703705724292,
    0.759628394094,0.816234705127,0.874959458738,0.935817534038,1.),
  .UNSPECIFIED.);
#8167 = CARTESIAN_POINT('',(-1.021062385811E-02,-0.112944112541,0.8));
#8168 = CARTESIAN_POINT('',(-6.285588053483E-03,-0.112892688488,0.8));
#8169 = CARTESIAN_POINT('',(1.358514120951E-03,-0.112792538902,0.8));
#8170 = CARTESIAN_POINT('',(1.248227134013E-02,-0.11165286046,0.8));
#8171 = CARTESIAN_POINT('',(2.292778769477E-02,-0.109916208074,0.8));
#8172 = CARTESIAN_POINT('',(3.2706057756E-02,-0.107529441159,0.8));
#8173 = CARTESIAN_POINT('',(4.174618416268E-02,-0.104301145983,0.8));
#8174 = CARTESIAN_POINT('',(5.013585427131E-02,-0.100468786844,0.8));
#8175 = CARTESIAN_POINT('',(5.781549446938E-02,-9.586003680576E-02,0.8)
  );
#8176 = CARTESIAN_POINT('',(6.478185866637E-02,-9.057360585806E-02,0.8)
  );
#8177 = CARTESIAN_POINT('',(7.097762142642E-02,-8.467180130881E-02,0.8)
  );
#8178 = CARTESIAN_POINT('',(7.637741534355E-02,-7.821431187607E-02,0.8)
  );
#8179 = CARTESIAN_POINT('',(8.097798209304E-02,-7.124427576837E-02,0.8)
  );
#8180 = CARTESIAN_POINT('',(8.470274430446E-02,-6.371918251818E-02,0.8)
  );
#8181 = CARTESIAN_POINT('',(8.758249610385E-02,-5.567543863752E-02,0.8)
  );
#8182 = CARTESIAN_POINT('',(8.960108384538E-02,-4.712655813392E-02,0.8)
  );
#8183 = CARTESIAN_POINT('',(9.087646445656E-02,-3.804894801775E-02,0.8)
  );
#8184 = CARTESIAN_POINT('',(9.103322568544E-02,-3.182234862278E-02,0.8)
  );
#8185 = CARTESIAN_POINT('',(9.111369016628E-02,-2.862627717514E-02,0.8)
  );
#8186 = PCURVE('',#7893,#8187);
#8187 = DEFINITIONAL_REPRESENTATION('',(#8188),#8208);
#8188 = B_SPLINE_CURVE_WITH_KNOTS('',3,(#8189,#8190,#8191,#8192,#8193,
    #8194,#8195,#8196,#8197,#8198,#8199,#8200,#8201,#8202,#8203,#8204,
    #8205,#8206,#8207),.UNSPECIFIED.,.F.,.F.,(4,1,1,1,1,1,1,1,1,1,1,1,1,
    1,1,1,4),(0.,7.882367990627E-02,0.153511023328,0.224361206375,
    0.291439198728,0.355405679137,0.416919846707,0.476441482171,
    0.534946625346,0.592255947574,0.647966227232,0.703705724292,
    0.759628394094,0.816234705127,0.874959458738,0.935817534038,1.),
  .UNSPECIFIED.);
#8189 = CARTESIAN_POINT('',(9.146557942792E-02,-0.173149013706));
#8190 = CARTESIAN_POINT('',(9.539061523255E-02,-0.173097589653));
#8191 = CARTESIAN_POINT('',(0.103034717407,-0.172997440067));
#8192 = CARTESIAN_POINT('',(0.114158474626,-0.171857761625));
#8193 = CARTESIAN_POINT('',(0.124603990981,-0.170121109239));
#8194 = CARTESIAN_POINT('',(0.134382261042,-0.167734342324));
#8195 = CARTESIAN_POINT('',(0.143422387449,-0.164506047148));
#8196 = CARTESIAN_POINT('',(0.151812057557,-0.160673688008));
#8197 = CARTESIAN_POINT('',(0.159491697755,-0.156064937971));
#8198 = CARTESIAN_POINT('',(0.166458061952,-0.150778507023));
#8199 = CARTESIAN_POINT('',(0.172653824712,-0.144876702474));
#8200 = CARTESIAN_POINT('',(0.17805361863,-0.138419213041));
#8201 = CARTESIAN_POINT('',(0.182654185379,-0.131449176933));
#8202 = CARTESIAN_POINT('',(0.18637894759,-0.123924083683));
#8203 = CARTESIAN_POINT('',(0.18925869939,-0.115880339802));
#8204 = CARTESIAN_POINT('',(0.191277287131,-0.107331459299));
#8205 = CARTESIAN_POINT('',(0.192552667743,-9.825384918259E-02));
#8206 = CARTESIAN_POINT('',(0.192709428971,-9.202724978763E-02));
#8207 = CARTESIAN_POINT('',(0.192789893452,-8.883117833999E-02));
#8208 = ( GEOMETRIC_REPRESENTATION_CONTEXT(2) 
PARAMETRIC_REPRESENTATION_CONTEXT() REPRESENTATION_CONTEXT('2D SPACE',''
  ) );
#8209 = PCURVE('',#8210,#8249);
#8210 = B_SPLINE_SURFACE_WITH_KNOTS('',3,1,(
    (#8211,#8212)
    ,(#8213,#8214)
    ,(#8215,#8216)
    ,(#8217,#8218)
    ,(#8219,#8220)
    ,(#8221,#8222)
    ,(#8223,#8224)
    ,(#8225,#8226)
    ,(#8227,#8228)
    ,(#8229,#8230)
    ,(#8231,#8232)
    ,(#8233,#8234)
    ,(#8235,#8236)
    ,(#8237,#8238)
    ,(#8239,#8240)
    ,(#8241,#8242)
    ,(#8243,#8244)
    ,(#8245,#8246)
    ,(#8247,#8248
    )),.UNSPECIFIED.,.F.,.F.,.F.,(4,1,1,1,1,1,1,1,1,1,1,1,1,1,1,1,4),(2,
    2),(0.,7.882367990627E-02,0.153511023328,0.224361206375,
    0.291439198728,0.355405679137,0.416919846707,0.476441482171,
    0.534946625346,0.592255947574,0.647966227232,0.703705724292,
    0.759628394094,0.816234705127,0.874959458738,0.935817534038,1.),(0.,
    1.),.UNSPECIFIED.);
#8211 = CARTESIAN_POINT('',(-1.021062385811E-02,-0.112944112541,0.8));
#8212 = CARTESIAN_POINT('',(-1.021062385811E-02,-0.112944112541,0.81));
#8213 = CARTESIAN_POINT('',(-6.285588053483E-03,-0.112892688488,0.8));
#8214 = CARTESIAN_POINT('',(-6.285588053483E-03,-0.112892688488,0.81));
#8215 = CARTESIAN_POINT('',(1.358514120951E-03,-0.112792538902,0.8));
#8216 = CARTESIAN_POINT('',(1.358514120951E-03,-0.112792538902,0.81));
#8217 = CARTESIAN_POINT('',(1.248227134013E-02,-0.11165286046,0.8));
#8218 = CARTESIAN_POINT('',(1.248227134013E-02,-0.11165286046,0.81));
#8219 = CARTESIAN_POINT('',(2.292778769477E-02,-0.109916208074,0.8));
#8220 = CARTESIAN_POINT('',(2.292778769477E-02,-0.109916208074,0.81));
#8221 = CARTESIAN_POINT('',(3.2706057756E-02,-0.107529441159,0.8));
#8222 = CARTESIAN_POINT('',(3.2706057756E-02,-0.107529441159,0.81));
#8223 = CARTESIAN_POINT('',(4.174618416268E-02,-0.104301145983,0.8));
#8224 = CARTESIAN_POINT('',(4.174618416268E-02,-0.104301145983,0.81));
#8225 = CARTESIAN_POINT('',(5.013585427131E-02,-0.100468786844,0.8));
#8226 = CARTESIAN_POINT('',(5.013585427131E-02,-0.100468786844,0.81));
#8227 = CARTESIAN_POINT('',(5.781549446938E-02,-9.586003680576E-02,0.8)
  );
#8228 = CARTESIAN_POINT('',(5.781549446938E-02,-9.586003680576E-02,0.81)
  );
#8229 = CARTESIAN_POINT('',(6.478185866637E-02,-9.057360585806E-02,0.8)
  );
#8230 = CARTESIAN_POINT('',(6.478185866637E-02,-9.057360585806E-02,0.81)
  );
#8231 = CARTESIAN_POINT('',(7.097762142642E-02,-8.467180130881E-02,0.8)
  );
#8232 = CARTESIAN_POINT('',(7.097762142642E-02,-8.467180130881E-02,0.81)
  );
#8233 = CARTESIAN_POINT('',(7.637741534355E-02,-7.821431187607E-02,0.8)
  );
#8234 = CARTESIAN_POINT('',(7.637741534355E-02,-7.821431187607E-02,0.81)
  );
#8235 = CARTESIAN_POINT('',(8.097798209304E-02,-7.124427576837E-02,0.8)
  );
#8236 = CARTESIAN_POINT('',(8.097798209304E-02,-7.124427576837E-02,0.81)
  );
#8237 = CARTESIAN_POINT('',(8.470274430446E-02,-6.371918251818E-02,0.8)
  );
#8238 = CARTESIAN_POINT('',(8.470274430446E-02,-6.371918251818E-02,0.81)
  );
#8239 = CARTESIAN_POINT('',(8.758249610385E-02,-5.567543863752E-02,0.8)
  );
#8240 = CARTESIAN_POINT('',(8.758249610385E-02,-5.567543863752E-02,0.81)
  );
#8241 = CARTESIAN_POINT('',(8.960108384538E-02,-4.712655813392E-02,0.8)
  );
#8242 = CARTESIAN_POINT('',(8.960108384538E-02,-4.712655813392E-02,0.81)
  );
#8243 = CARTESIAN_POINT('',(9.087646445656E-02,-3.804894801775E-02,0.8)
  );
#8244 = CARTESIAN_POINT('',(9.087646445656E-02,-3.804894801775E-02,0.81)
  );
#8245 = CARTESIAN_POINT('',(9.103322568544E-02,-3.182234862278E-02,0.8)
  );
#8246 = CARTESIAN_POINT('',(9.103322568544E-02,-3.182234862278E-02,0.81)
  );
#8247 = CARTESIAN_POINT('',(9.111369016628E-02,-2.862627717514E-02,0.8)
  );
#8248 = CARTESIAN_POINT('',(9.111369016628E-02,-2.862627717514E-02,0.81)
  );
#8249 = DEFINITIONAL_REPRESENTATION('',(#8250),#8254);
#8250 = LINE('',#8251,#8252);
#8251 = CARTESIAN_POINT('',(9.035541023642E-18,2.914173616958E-15));
#8252 = VECTOR('',#8253,1.);
#8253 = DIRECTION('',(1.,5.551168525591E-15));
#8254 = ( GEOMETRIC_REPRESENTATION_CONTEXT(2) 
PARAMETRIC_REPRESENTATION_CONTEXT() REPRESENTATION_CONTEXT('2D SPACE',''
  ) );
#8255 = ORIENTED_EDGE('',*,*,#8256,.F.);
#8256 = EDGE_CURVE('',#8257,#8161,#8259,.T.);
#8257 = VERTEX_POINT('',#8258);
#8258 = CARTESIAN_POINT('',(-0.110105822029,-2.653024058977E-02,0.8));
#8259 = SURFACE_CURVE('',#8260,(#8280,#8303),.PCURVE_S1.);
#8260 = B_SPLINE_CURVE_WITH_KNOTS('',3,(#8261,#8262,#8263,#8264,#8265,
    #8266,#8267,#8268,#8269,#8270,#8271,#8272,#8273,#8274,#8275,#8276,
    #8277,#8278,#8279),.UNSPECIFIED.,.F.,.F.,(4,1,1,1,1,1,1,1,1,1,1,1,1,
    1,1,1,4),(0.,6.563625858684E-02,0.128257778486,0.188096663681,
    0.246083161294,0.303030236875,0.359279998776,0.415854870178,
    0.473478515872,0.53199555059,0.591449659512,0.652241914637,
    0.715281929293,0.781143191915,0.850329069683,0.923242875232,1.),
  .UNSPECIFIED.);
#8261 = CARTESIAN_POINT('',(-0.110105822029,-2.653024058977E-02,0.8));
#8262 = CARTESIAN_POINT('',(-0.110023833961,-2.980535378256E-02,0.8));
#8263 = CARTESIAN_POINT('',(-0.109863623619,-3.620515095932E-02,0.8));
#8264 = CARTESIAN_POINT('',(-0.108605177357,-4.552315276313E-02,0.8));
#8265 = CARTESIAN_POINT('',(-0.10656369729,-5.430304085359E-02,0.8));
#8266 = CARTESIAN_POINT('',(-0.103708696771,-6.256063729314E-02,0.8));
#8267 = CARTESIAN_POINT('',(-9.99771190729E-02,-7.02637115639E-02,0.8));
#8268 = CARTESIAN_POINT('',(-9.541272293859E-02,-7.742005492824E-02,0.8)
  );
#8269 = CARTESIAN_POINT('',(-9.003508793215E-02,-8.402836533746E-02,0.8)
  );
#8270 = CARTESIAN_POINT('',(-8.389026643236E-02,-9.009429146548E-02,0.8)
  );
#8271 = CARTESIAN_POINT('',(-7.695536904985E-02,-9.547784676387E-02,0.8)
  );
#8272 = CARTESIAN_POINT('',(-6.934301456372E-02,-0.100153194219,0.8));
#8273 = CARTESIAN_POINT('',(-6.109153851374E-02,-0.104127545386,0.8));
#8274 = CARTESIAN_POINT('',(-5.218330358078E-02,-0.107362908388,0.8));
#8275 = CARTESIAN_POINT('',(-4.26140872975E-02,-0.109875466666,0.8));
#8276 = CARTESIAN_POINT('',(-3.238747422128E-02,-0.11168120207,0.8));
#8277 = CARTESIAN_POINT('',(-2.150596452495E-02,-0.112712006118,0.8));
#8278 = CARTESIAN_POINT('',(-1.403964527746E-02,-0.112865430499,0.8));
#8279 = CARTESIAN_POINT('',(-1.021062385811E-02,-0.112944112541,0.8));
#8280 = PCURVE('',#7893,#8281);
#8281 = DEFINITIONAL_REPRESENTATION('',(#8282),#8302);
#8282 = B_SPLINE_CURVE_WITH_KNOTS('',3,(#8283,#8284,#8285,#8286,#8287,
    #8288,#8289,#8290,#8291,#8292,#8293,#8294,#8295,#8296,#8297,#8298,
    #8299,#8300,#8301),.UNSPECIFIED.,.F.,.F.,(4,1,1,1,1,1,1,1,1,1,1,1,1,
    1,1,1,4),(0.,6.563625858684E-02,0.128257778486,0.188096663681,
    0.246083161294,0.303030236875,0.359279998776,0.415854870178,
    0.473478515872,0.53199555059,0.591449659512,0.652241914637,
    0.715281929293,0.781143191915,0.850329069683,0.923242875232,1.),
  .UNSPECIFIED.);
#8283 = CARTESIAN_POINT('',(-8.429618742807E-03,-8.673514175462E-02));
#8284 = CARTESIAN_POINT('',(-8.347630675032E-03,-9.001025494741E-02));
#8285 = CARTESIAN_POINT('',(-8.187420333043E-03,-9.641005212417E-02));
#8286 = CARTESIAN_POINT('',(-6.928974071419E-03,-0.105728053928));
#8287 = CARTESIAN_POINT('',(-4.887494003716E-03,-0.114507942018));
#8288 = CARTESIAN_POINT('',(-2.032493485248E-03,-0.122765538458));
#8289 = CARTESIAN_POINT('',(1.69908421314E-03,-0.130468612729));
#8290 = CARTESIAN_POINT('',(6.263480347448E-03,-0.137624956093));
#8291 = CARTESIAN_POINT('',(1.164111535388E-02,-0.144233266502));
#8292 = CARTESIAN_POINT('',(1.778593685367E-02,-0.15029919263));
#8293 = CARTESIAN_POINT('',(2.472083423619E-02,-0.155682747929));
#8294 = CARTESIAN_POINT('',(3.233318872231E-02,-0.160358095384));
#8295 = CARTESIAN_POINT('',(4.05846647723E-02,-0.164332446551));
#8296 = CARTESIAN_POINT('',(4.949289970525E-02,-0.167567809552));
#8297 = CARTESIAN_POINT('',(5.906211598854E-02,-0.170080367831));
#8298 = CARTESIAN_POINT('',(6.928872906475E-02,-0.171886103235));
#8299 = CARTESIAN_POINT('',(8.017023876109E-02,-0.172916907283));
#8300 = CARTESIAN_POINT('',(8.763655800858E-02,-0.173070331664));
#8301 = CARTESIAN_POINT('',(9.146557942792E-02,-0.173149013706));
#8302 = ( GEOMETRIC_REPRESENTATION_CONTEXT(2) 
PARAMETRIC_REPRESENTATION_CONTEXT() REPRESENTATION_CONTEXT('2D SPACE',''
  ) );
#8303 = PCURVE('',#8304,#8343);
#8304 = B_SPLINE_SURFACE_WITH_KNOTS('',3,1,(
    (#8305,#8306)
    ,(#8307,#8308)
    ,(#8309,#8310)
    ,(#8311,#8312)
    ,(#8313,#8314)
    ,(#8315,#8316)
    ,(#8317,#8318)
    ,(#8319,#8320)
    ,(#8321,#8322)
    ,(#8323,#8324)
    ,(#8325,#8326)
    ,(#8327,#8328)
    ,(#8329,#8330)
    ,(#8331,#8332)
    ,(#8333,#8334)
    ,(#8335,#8336)
    ,(#8337,#8338)
    ,(#8339,#8340)
    ,(#8341,#8342
    )),.UNSPECIFIED.,.F.,.F.,.F.,(4,1,1,1,1,1,1,1,1,1,1,1,1,1,1,1,4),(2,
    2),(0.,6.563625858684E-02,0.128257778486,0.188096663681,
    0.246083161294,0.303030236875,0.359279998776,0.415854870178,
    0.473478515872,0.53199555059,0.591449659512,0.652241914637,
    0.715281929293,0.781143191915,0.850329069683,0.923242875232,1.),(0.,
    1.),.UNSPECIFIED.);
#8305 = CARTESIAN_POINT('',(-0.110105822029,-2.653024058977E-02,0.8));
#8306 = CARTESIAN_POINT('',(-0.110105822029,-2.653024058977E-02,0.81));
#8307 = CARTESIAN_POINT('',(-0.110023833961,-2.980535378256E-02,0.8));
#8308 = CARTESIAN_POINT('',(-0.110023833961,-2.980535378256E-02,0.81));
#8309 = CARTESIAN_POINT('',(-0.109863623619,-3.620515095932E-02,0.8));
#8310 = CARTESIAN_POINT('',(-0.109863623619,-3.620515095932E-02,0.81));
#8311 = CARTESIAN_POINT('',(-0.108605177357,-4.552315276313E-02,0.8));
#8312 = CARTESIAN_POINT('',(-0.108605177357,-4.552315276313E-02,0.81));
#8313 = CARTESIAN_POINT('',(-0.10656369729,-5.430304085359E-02,0.8));
#8314 = CARTESIAN_POINT('',(-0.10656369729,-5.430304085359E-02,0.81));
#8315 = CARTESIAN_POINT('',(-0.103708696771,-6.256063729314E-02,0.8));
#8316 = CARTESIAN_POINT('',(-0.103708696771,-6.256063729314E-02,0.81));
#8317 = CARTESIAN_POINT('',(-9.99771190729E-02,-7.02637115639E-02,0.8));
#8318 = CARTESIAN_POINT('',(-9.99771190729E-02,-7.02637115639E-02,0.81)
  );
#8319 = CARTESIAN_POINT('',(-9.541272293859E-02,-7.742005492824E-02,0.8)
  );
#8320 = CARTESIAN_POINT('',(-9.541272293859E-02,-7.742005492824E-02,0.81
    ));
#8321 = CARTESIAN_POINT('',(-9.003508793215E-02,-8.402836533746E-02,0.8)
  );
#8322 = CARTESIAN_POINT('',(-9.003508793215E-02,-8.402836533746E-02,0.81
    ));
#8323 = CARTESIAN_POINT('',(-8.389026643236E-02,-9.009429146548E-02,0.8)
  );
#8324 = CARTESIAN_POINT('',(-8.389026643236E-02,-9.009429146548E-02,0.81
    ));
#8325 = CARTESIAN_POINT('',(-7.695536904985E-02,-9.547784676387E-02,0.8)
  );
#8326 = CARTESIAN_POINT('',(-7.695536904985E-02,-9.547784676387E-02,0.81
    ));
#8327 = CARTESIAN_POINT('',(-6.934301456372E-02,-0.100153194219,0.8));
#8328 = CARTESIAN_POINT('',(-6.934301456372E-02,-0.100153194219,0.81));
#8329 = CARTESIAN_POINT('',(-6.109153851374E-02,-0.104127545386,0.8));
#8330 = CARTESIAN_POINT('',(-6.109153851374E-02,-0.104127545386,0.81));
#8331 = CARTESIAN_POINT('',(-5.218330358078E-02,-0.107362908388,0.8));
#8332 = CARTESIAN_POINT('',(-5.218330358078E-02,-0.107362908388,0.81));
#8333 = CARTESIAN_POINT('',(-4.26140872975E-02,-0.109875466666,0.8));
#8334 = CARTESIAN_POINT('',(-4.26140872975E-02,-0.109875466666,0.81));
#8335 = CARTESIAN_POINT('',(-3.238747422128E-02,-0.11168120207,0.8));
#8336 = CARTESIAN_POINT('',(-3.238747422128E-02,-0.11168120207,0.81));
#8337 = CARTESIAN_POINT('',(-2.150596452495E-02,-0.112712006118,0.8));
#8338 = CARTESIAN_POINT('',(-2.150596452495E-02,-0.112712006118,0.81));
#8339 = CARTESIAN_POINT('',(-1.403964527746E-02,-0.112865430499,0.8));
#8340 = CARTESIAN_POINT('',(-1.403964527746E-02,-0.112865430499,0.81));
#8341 = CARTESIAN_POINT('',(-1.021062385811E-02,-0.112944112541,0.8));
#8342 = CARTESIAN_POINT('',(-1.021062385811E-02,-0.112944112541,0.81));
#8343 = DEFINITIONAL_REPRESENTATION('',(#8344),#8348);
#8344 = LINE('',#8345,#8346);
#8345 = CARTESIAN_POINT('',(-2.19730322316E-17,2.914174169377E-15));
#8346 = VECTOR('',#8347,1.);
#8347 = DIRECTION('',(1.,-1.665340093955E-14));
#8348 = ( GEOMETRIC_REPRESENTATION_CONTEXT(2) 
PARAMETRIC_REPRESENTATION_CONTEXT() REPRESENTATION_CONTEXT('2D SPACE',''
  ) );
#8349 = ORIENTED_EDGE('',*,*,#8350,.F.);
#8350 = EDGE_CURVE('',#8351,#8257,#8353,.T.);
#8351 = VERTEX_POINT('',#8352);
#8352 = CARTESIAN_POINT('',(-9.734251906892E-03,5.778759477608E-02,0.8)
  );
#8353 = SURFACE_CURVE('',#8354,(#8374,#8397),.PCURVE_S1.);
#8354 = B_SPLINE_CURVE_WITH_KNOTS('',3,(#8355,#8356,#8357,#8358,#8359,
    #8360,#8361,#8362,#8363,#8364,#8365,#8366,#8367,#8368,#8369,#8370,
    #8371,#8372,#8373),.UNSPECIFIED.,.F.,.F.,(4,1,1,1,1,1,1,1,1,1,1,1,1,
    1,1,1,4),(0.,7.538767014338E-02,0.147236570443,0.215927148189,
    0.281979264107,0.346129691642,0.408316944657,0.469878080264,
    0.530996860799,0.590931406447,0.649188583946,0.706229622168,
    0.762781874157,0.81959147036,0.877707581496,0.937523375597,1.),
  .UNSPECIFIED.);
#8355 = CARTESIAN_POINT('',(-9.734251906892E-03,5.778759477608E-02,0.8)
  );
#8356 = CARTESIAN_POINT('',(-1.343701949018E-02,5.771503799016E-02,0.8)
  );
#8357 = CARTESIAN_POINT('',(-2.066874318021E-02,5.757333030374E-02,0.8)
  );
#8358 = CARTESIAN_POINT('',(-3.12248675168E-02,5.645130001032E-02,0.8));
#8359 = CARTESIAN_POINT('',(-4.12248738216E-02,5.468010163956E-02,0.8));
#8360 = CARTESIAN_POINT('',(-5.065415283776E-02,5.208401874092E-02,0.8)
  );
#8361 = CARTESIAN_POINT('',(-5.953357173002E-02,4.882081307595E-02,0.8)
  );
#8362 = CARTESIAN_POINT('',(-6.785141625629E-02,4.479008110844E-02,0.8)
  );
#8363 = CARTESIAN_POINT('',(-7.559055933642E-02,4.001441732511E-02,0.8)
  );
#8364 = CARTESIAN_POINT('',(-8.271601868259E-02,3.454630589161E-02,0.8)
  );
#8365 = CARTESIAN_POINT('',(-8.915804595166E-02,2.851984897968E-02,0.8)
  );
#8366 = CARTESIAN_POINT('',(-9.475887552706E-02,2.196355183301E-02,0.8)
  );
#8367 = CARTESIAN_POINT('',(-9.951380325521E-02,1.497020154206E-02,0.8)
  );
#8368 = CARTESIAN_POINT('',(-0.103396544671,7.537050264868E-03,0.8));
#8369 = CARTESIAN_POINT('',(-0.106424782665,-3.414788936348E-04,0.8));
#8370 = CARTESIAN_POINT('',(-0.108549261052,-8.670700370048E-03,0.8));
#8371 = CARTESIAN_POINT('',(-0.109875133078,-1.745254997782E-02,0.8));
#8372 = CARTESIAN_POINT('',(-0.11002781834,-2.346076824803E-02,0.8));
#8373 = CARTESIAN_POINT('',(-0.110105822029,-2.653024058977E-02,0.8));
#8374 = PCURVE('',#7893,#8375);
#8375 = DEFINITIONAL_REPRESENTATION('',(#8376),#8396);
#8376 = B_SPLINE_CURVE_WITH_KNOTS('',3,(#8377,#8378,#8379,#8380,#8381,
    #8382,#8383,#8384,#8385,#8386,#8387,#8388,#8389,#8390,#8391,#8392,
    #8393,#8394,#8395),.UNSPECIFIED.,.F.,.F.,(4,1,1,1,1,1,1,1,1,1,1,1,1,
    1,1,1,4),(0.,7.538767014338E-02,0.147236570443,0.215927148189,
    0.281979264107,0.346129691642,0.408316944657,0.469878080264,
    0.530996860799,0.590931406447,0.649188583946,0.706229622168,
    0.762781874157,0.81959147036,0.877707581496,0.937523375597,1.),
  .UNSPECIFIED.);
#8377 = CARTESIAN_POINT('',(9.194195137914E-02,-2.417306388767E-03));
#8378 = CARTESIAN_POINT('',(8.823918379586E-02,-2.489863174684E-03));
#8379 = CARTESIAN_POINT('',(8.100746010582E-02,-2.631570861106E-03));
#8380 = CARTESIAN_POINT('',(7.045133576924E-02,-3.753601154526E-03));
#8381 = CARTESIAN_POINT('',(6.045132946444E-02,-5.524799525288E-03));
#8382 = CARTESIAN_POINT('',(5.102205044828E-02,-8.120882423921E-03));
#8383 = CARTESIAN_POINT('',(4.214263155601E-02,-1.13840880889E-02));
#8384 = CARTESIAN_POINT('',(3.382478702974E-02,-1.54148200564E-02));
#8385 = CARTESIAN_POINT('',(2.608564394962E-02,-2.019048383973E-02));
#8386 = CARTESIAN_POINT('',(1.896018460344E-02,-2.565859527324E-02));
#8387 = CARTESIAN_POINT('',(1.251815733437E-02,-3.168505218516E-02));
#8388 = CARTESIAN_POINT('',(6.917327758979E-03,-3.824134933183E-02));
#8389 = CARTESIAN_POINT('',(2.162400030827E-03,-4.523469962278E-02));
#8390 = CARTESIAN_POINT('',(-1.720341385177E-03,-5.266785089998E-02));
#8391 = CARTESIAN_POINT('',(-4.748579378502E-03,-6.054638005848E-02));
#8392 = CARTESIAN_POINT('',(-6.873057765854E-03,-6.887560153489E-02));
#8393 = CARTESIAN_POINT('',(-8.19892979166E-03,-7.765745114266E-02));
#8394 = CARTESIAN_POINT('',(-8.351615053834E-03,-8.366566941288E-02));
#8395 = CARTESIAN_POINT('',(-8.429618742807E-03,-8.673514175462E-02));
#8396 = ( GEOMETRIC_REPRESENTATION_CONTEXT(2) 
PARAMETRIC_REPRESENTATION_CONTEXT() REPRESENTATION_CONTEXT('2D SPACE',''
  ) );
#8397 = PCURVE('',#8398,#8437);
#8398 = B_SPLINE_SURFACE_WITH_KNOTS('',3,1,(
    (#8399,#8400)
    ,(#8401,#8402)
    ,(#8403,#8404)
    ,(#8405,#8406)
    ,(#8407,#8408)
    ,(#8409,#8410)
    ,(#8411,#8412)
    ,(#8413,#8414)
    ,(#8415,#8416)
    ,(#8417,#8418)
    ,(#8419,#8420)
    ,(#8421,#8422)
    ,(#8423,#8424)
    ,(#8425,#8426)
    ,(#8427,#8428)
    ,(#8429,#8430)
    ,(#8431,#8432)
    ,(#8433,#8434)
    ,(#8435,#8436
    )),.UNSPECIFIED.,.F.,.F.,.F.,(4,1,1,1,1,1,1,1,1,1,1,1,1,1,1,1,4),(2,
    2),(0.,7.538767014338E-02,0.147236570443,0.215927148189,
    0.281979264107,0.346129691642,0.408316944657,0.469878080264,
    0.530996860799,0.590931406447,0.649188583946,0.706229622168,
    0.762781874157,0.81959147036,0.877707581496,0.937523375597,1.),(0.,
    1.),.UNSPECIFIED.);
#8399 = CARTESIAN_POINT('',(-9.734251906892E-03,5.778759477608E-02,0.8)
  );
#8400 = CARTESIAN_POINT('',(-9.734251906892E-03,5.778759477608E-02,0.81)
  );
#8401 = CARTESIAN_POINT('',(-1.343701949018E-02,5.771503799016E-02,0.8)
  );
#8402 = CARTESIAN_POINT('',(-1.343701949018E-02,5.771503799016E-02,0.81)
  );
#8403 = CARTESIAN_POINT('',(-2.066874318021E-02,5.757333030374E-02,0.8)
  );
#8404 = CARTESIAN_POINT('',(-2.066874318021E-02,5.757333030374E-02,0.81)
  );
#8405 = CARTESIAN_POINT('',(-3.12248675168E-02,5.645130001032E-02,0.8));
#8406 = CARTESIAN_POINT('',(-3.12248675168E-02,5.645130001032E-02,0.81)
  );
#8407 = CARTESIAN_POINT('',(-4.12248738216E-02,5.468010163956E-02,0.8));
#8408 = CARTESIAN_POINT('',(-4.12248738216E-02,5.468010163956E-02,0.81)
  );
#8409 = CARTESIAN_POINT('',(-5.065415283776E-02,5.208401874092E-02,0.8)
  );
#8410 = CARTESIAN_POINT('',(-5.065415283776E-02,5.208401874092E-02,0.81)
  );
#8411 = CARTESIAN_POINT('',(-5.953357173002E-02,4.882081307595E-02,0.8)
  );
#8412 = CARTESIAN_POINT('',(-5.953357173002E-02,4.882081307595E-02,0.81)
  );
#8413 = CARTESIAN_POINT('',(-6.785141625629E-02,4.479008110844E-02,0.8)
  );
#8414 = CARTESIAN_POINT('',(-6.785141625629E-02,4.479008110844E-02,0.81)
  );
#8415 = CARTESIAN_POINT('',(-7.559055933642E-02,4.001441732511E-02,0.8)
  );
#8416 = CARTESIAN_POINT('',(-7.559055933642E-02,4.001441732511E-02,0.81)
  );
#8417 = CARTESIAN_POINT('',(-8.271601868259E-02,3.454630589161E-02,0.8)
  );
#8418 = CARTESIAN_POINT('',(-8.271601868259E-02,3.454630589161E-02,0.81)
  );
#8419 = CARTESIAN_POINT('',(-8.915804595166E-02,2.851984897968E-02,0.8)
  );
#8420 = CARTESIAN_POINT('',(-8.915804595166E-02,2.851984897968E-02,0.81)
  );
#8421 = CARTESIAN_POINT('',(-9.475887552706E-02,2.196355183301E-02,0.8)
  );
#8422 = CARTESIAN_POINT('',(-9.475887552706E-02,2.196355183301E-02,0.81)
  );
#8423 = CARTESIAN_POINT('',(-9.951380325521E-02,1.497020154206E-02,0.8)
  );
#8424 = CARTESIAN_POINT('',(-9.951380325521E-02,1.497020154206E-02,0.81)
  );
#8425 = CARTESIAN_POINT('',(-0.103396544671,7.537050264868E-03,0.8));
#8426 = CARTESIAN_POINT('',(-0.103396544671,7.537050264868E-03,0.81));
#8427 = CARTESIAN_POINT('',(-0.106424782665,-3.414788936348E-04,0.8));
#8428 = CARTESIAN_POINT('',(-0.106424782665,-3.414788936348E-04,0.81));
#8429 = CARTESIAN_POINT('',(-0.108549261052,-8.670700370048E-03,0.8));
#8430 = CARTESIAN_POINT('',(-0.108549261052,-8.670700370048E-03,0.81));
#8431 = CARTESIAN_POINT('',(-0.109875133078,-1.745254997782E-02,0.8));
#8432 = CARTESIAN_POINT('',(-0.109875133078,-1.745254997782E-02,0.81));
#8433 = CARTESIAN_POINT('',(-0.11002781834,-2.346076824803E-02,0.8));
#8434 = CARTESIAN_POINT('',(-0.11002781834,-2.346076824803E-02,0.81));
#8435 = CARTESIAN_POINT('',(-0.110105822029,-2.653024058977E-02,0.8));
#8436 = CARTESIAN_POINT('',(-0.110105822029,-2.653024058977E-02,0.81));
#8437 = DEFINITIONAL_REPRESENTATION('',(#8438),#8442);
#8438 = LINE('',#8439,#8440);
#8439 = CARTESIAN_POINT('',(1.520092006626E-17,-8.188057436936E-15));
#8440 = VECTOR('',#8441,1.);
#8441 = DIRECTION('',(1.,5.551169333234E-15));
#8442 = ( GEOMETRIC_REPRESENTATION_CONTEXT(2) 
PARAMETRIC_REPRESENTATION_CONTEXT() REPRESENTATION_CONTEXT('2D SPACE',''
  ) );
#8443 = ORIENTED_EDGE('',*,*,#8444,.F.);
#8444 = EDGE_CURVE('',#8163,#8351,#8445,.T.);
#8445 = SURFACE_CURVE('',#8446,(#8466,#8489),.PCURVE_S1.);
#8446 = B_SPLINE_CURVE_WITH_KNOTS('',3,(#8447,#8448,#8449,#8450,#8451,
    #8452,#8453,#8454,#8455,#8456,#8457,#8458,#8459,#8460,#8461,#8462,
    #8463,#8464,#8465),.UNSPECIFIED.,.F.,.F.,(4,1,1,1,1,1,1,1,1,1,1,1,1,
    1,1,1,4),(0.,6.328116940987E-02,0.123966409925,0.182584822319,
    0.240281294667,0.297545949571,0.355103565632,0.413767173416,
    0.474065683921,0.535502152615,0.596892976642,0.658861401347,
    0.722425443318,0.787642213985,0.855581209594,0.926203904736,1.),
  .UNSPECIFIED.);
#8447 = CARTESIAN_POINT('',(9.111369016628E-02,-2.862627717514E-02,0.8)
  );
#8448 = CARTESIAN_POINT('',(9.104094086525E-02,-2.547678888563E-02,0.8)
  );
#8449 = CARTESIAN_POINT('',(9.089842659509E-02,-1.930701105136E-02,0.8)
  );
#8450 = CARTESIAN_POINT('',(8.94988036483E-02,-1.03119418495E-02,0.8));
#8451 = CARTESIAN_POINT('',(8.738597853461E-02,-1.753707205023E-03,0.8)
  );
#8452 = CARTESIAN_POINT('',(8.432959518935E-02,6.346703893836E-03,0.8));
#8453 = CARTESIAN_POINT('',(8.031878403002E-02,1.395036427808E-02,0.8));
#8454 = CARTESIAN_POINT('',(7.555154141219E-02,2.116322058714E-02,0.8));
#8455 = CARTESIAN_POINT('',(6.982851651758E-02,2.784853595123E-02,0.8));
#8456 = CARTESIAN_POINT('',(6.329816864716E-02,3.402142538335E-02,0.8));
#8457 = CARTESIAN_POINT('',(5.609624310264E-02,3.962077237684E-02,0.8));
#8458 = CARTESIAN_POINT('',(4.829120461959E-02,4.450591216599E-02,0.8));
#8459 = CARTESIAN_POINT('',(3.993507672013E-02,4.861069998391E-02,0.8));
#8460 = CARTESIAN_POINT('',(3.106455987626E-02,5.202032885328E-02,0.8));
#8461 = CARTESIAN_POINT('',(2.159916383503E-02,5.454699796538E-02,0.8));
#8462 = CARTESIAN_POINT('',(1.164197775434E-02,5.64837442852E-02,0.8));
#8463 = CARTESIAN_POINT('',(1.119037444287E-03,5.756239449993E-02,0.8));
#8464 = CARTESIAN_POINT('',(-6.063877301464E-03,5.771143635553E-02,0.8)
  );
#8465 = CARTESIAN_POINT('',(-9.734251906892E-03,5.778759477608E-02,0.8)
  );
#8466 = PCURVE('',#7893,#8467);
#8467 = DEFINITIONAL_REPRESENTATION('',(#8468),#8488);
#8468 = B_SPLINE_CURVE_WITH_KNOTS('',3,(#8469,#8470,#8471,#8472,#8473,
    #8474,#8475,#8476,#8477,#8478,#8479,#8480,#8481,#8482,#8483,#8484,
    #8485,#8486,#8487),.UNSPECIFIED.,.F.,.F.,(4,1,1,1,1,1,1,1,1,1,1,1,1,
    1,1,1,4),(0.,6.328116940987E-02,0.123966409925,0.182584822319,
    0.240281294667,0.297545949571,0.355103565632,0.413767173416,
    0.474065683921,0.535502152615,0.596892976642,0.658861401347,
    0.722425443318,0.787642213985,0.855581209594,0.926203904736,1.),
  .UNSPECIFIED.);
#8469 = CARTESIAN_POINT('',(0.192789893452,-8.883117833999E-02));
#8470 = CARTESIAN_POINT('',(0.192717144151,-8.568169005047E-02));
#8471 = CARTESIAN_POINT('',(0.192574629881,-7.951191221621E-02));
#8472 = CARTESIAN_POINT('',(0.191175006934,-7.051684301434E-02));
#8473 = CARTESIAN_POINT('',(0.189062181821,-6.195860836987E-02));
#8474 = CARTESIAN_POINT('',(0.186005798475,-5.385819727101E-02));
#8475 = CARTESIAN_POINT('',(0.181994987316,-4.625453688677E-02));
#8476 = CARTESIAN_POINT('',(0.177227744698,-3.90416805777E-02));
#8477 = CARTESIAN_POINT('',(0.171504719804,-3.235636521362E-02));
#8478 = CARTESIAN_POINT('',(0.164974371933,-2.618347578149E-02));
#8479 = CARTESIAN_POINT('',(0.157772446389,-2.0584128788E-02));
#8480 = CARTESIAN_POINT('',(0.149967407906,-1.569898899886E-02));
#8481 = CARTESIAN_POINT('',(0.141611280006,-1.159420118094E-02));
#8482 = CARTESIAN_POINT('',(0.132740763162,-8.184572311571E-03));
#8483 = CARTESIAN_POINT('',(0.123275367121,-5.65790319947E-03));
#8484 = CARTESIAN_POINT('',(0.11331818104,-3.721156879647E-03));
#8485 = CARTESIAN_POINT('',(0.10279524073,-2.642506664912E-03));
#8486 = CARTESIAN_POINT('',(9.561232598457E-02,-2.493464809311E-03));
#8487 = CARTESIAN_POINT('',(9.194195137914E-02,-2.417306388767E-03));
#8488 = ( GEOMETRIC_REPRESENTATION_CONTEXT(2) 
PARAMETRIC_REPRESENTATION_CONTEXT() REPRESENTATION_CONTEXT('2D SPACE',''
  ) );
#8489 = PCURVE('',#8490,#8529);
#8490 = B_SPLINE_SURFACE_WITH_KNOTS('',3,1,(
    (#8491,#8492)
    ,(#8493,#8494)
    ,(#8495,#8496)
    ,(#8497,#8498)
    ,(#8499,#8500)
    ,(#8501,#8502)
    ,(#8503,#8504)
    ,(#8505,#8506)
    ,(#8507,#8508)
    ,(#8509,#8510)
    ,(#8511,#8512)
    ,(#8513,#8514)
    ,(#8515,#8516)
    ,(#8517,#8518)
    ,(#8519,#8520)
    ,(#8521,#8522)
    ,(#8523,#8524)
    ,(#8525,#8526)
    ,(#8527,#8528
    )),.UNSPECIFIED.,.F.,.F.,.F.,(4,1,1,1,1,1,1,1,1,1,1,1,1,1,1,1,4),(2,
    2),(0.,6.328116940987E-02,0.123966409925,0.182584822319,
    0.240281294667,0.297545949571,0.355103565632,0.413767173416,
    0.474065683921,0.535502152615,0.596892976642,0.658861401347,
    0.722425443318,0.787642213985,0.855581209594,0.926203904736,1.),(0.,
    1.),.UNSPECIFIED.);
#8491 = CARTESIAN_POINT('',(9.111369016628E-02,-2.862627717514E-02,0.8)
  );
#8492 = CARTESIAN_POINT('',(9.111369016628E-02,-2.862627717514E-02,0.81)
  );
#8493 = CARTESIAN_POINT('',(9.104094086525E-02,-2.547678888563E-02,0.8)
  );
#8494 = CARTESIAN_POINT('',(9.104094086525E-02,-2.547678888563E-02,0.81)
  );
#8495 = CARTESIAN_POINT('',(9.089842659509E-02,-1.930701105136E-02,0.8)
  );
#8496 = CARTESIAN_POINT('',(9.089842659509E-02,-1.930701105136E-02,0.81)
  );
#8497 = CARTESIAN_POINT('',(8.94988036483E-02,-1.03119418495E-02,0.8));
#8498 = CARTESIAN_POINT('',(8.94988036483E-02,-1.03119418495E-02,0.81));
#8499 = CARTESIAN_POINT('',(8.738597853461E-02,-1.753707205023E-03,0.8)
  );
#8500 = CARTESIAN_POINT('',(8.738597853461E-02,-1.753707205023E-03,0.81)
  );
#8501 = CARTESIAN_POINT('',(8.432959518935E-02,6.346703893836E-03,0.8));
#8502 = CARTESIAN_POINT('',(8.432959518935E-02,6.346703893836E-03,0.81)
  );
#8503 = CARTESIAN_POINT('',(8.031878403002E-02,1.395036427808E-02,0.8));
#8504 = CARTESIAN_POINT('',(8.031878403002E-02,1.395036427808E-02,0.81)
  );
#8505 = CARTESIAN_POINT('',(7.555154141219E-02,2.116322058714E-02,0.8));
#8506 = CARTESIAN_POINT('',(7.555154141219E-02,2.116322058714E-02,0.81)
  );
#8507 = CARTESIAN_POINT('',(6.982851651758E-02,2.784853595123E-02,0.8));
#8508 = CARTESIAN_POINT('',(6.982851651758E-02,2.784853595123E-02,0.81)
  );
#8509 = CARTESIAN_POINT('',(6.329816864716E-02,3.402142538335E-02,0.8));
#8510 = CARTESIAN_POINT('',(6.329816864716E-02,3.402142538335E-02,0.81)
  );
#8511 = CARTESIAN_POINT('',(5.609624310264E-02,3.962077237684E-02,0.8));
#8512 = CARTESIAN_POINT('',(5.609624310264E-02,3.962077237684E-02,0.81)
  );
#8513 = CARTESIAN_POINT('',(4.829120461959E-02,4.450591216599E-02,0.8));
#8514 = CARTESIAN_POINT('',(4.829120461959E-02,4.450591216599E-02,0.81)
  );
#8515 = CARTESIAN_POINT('',(3.993507672013E-02,4.861069998391E-02,0.8));
#8516 = CARTESIAN_POINT('',(3.993507672013E-02,4.861069998391E-02,0.81)
  );
#8517 = CARTESIAN_POINT('',(3.106455987626E-02,5.202032885328E-02,0.8));
#8518 = CARTESIAN_POINT('',(3.106455987626E-02,5.202032885328E-02,0.81)
  );
#8519 = CARTESIAN_POINT('',(2.159916383503E-02,5.454699796538E-02,0.8));
#8520 = CARTESIAN_POINT('',(2.159916383503E-02,5.454699796538E-02,0.81)
  );
#8521 = CARTESIAN_POINT('',(1.164197775434E-02,5.64837442852E-02,0.8));
#8522 = CARTESIAN_POINT('',(1.164197775434E-02,5.64837442852E-02,0.81));
#8523 = CARTESIAN_POINT('',(1.119037444287E-03,5.756239449993E-02,0.8));
#8524 = CARTESIAN_POINT('',(1.119037444287E-03,5.756239449993E-02,0.81)
  );
#8525 = CARTESIAN_POINT('',(-6.063877301464E-03,5.771143635553E-02,0.8)
  );
#8526 = CARTESIAN_POINT('',(-6.063877301464E-03,5.771143635553E-02,0.81)
  );
#8527 = CARTESIAN_POINT('',(-9.734251906892E-03,5.778759477608E-02,0.8)
  );
#8528 = CARTESIAN_POINT('',(-9.734251906892E-03,5.778759477608E-02,0.81)
  );
#8529 = DEFINITIONAL_REPRESENTATION('',(#8530),#8534);
#8530 = LINE('',#8531,#8532);
#8531 = CARTESIAN_POINT('',(3.950243201458E-18,1.401645726568E-14));
#8532 = VECTOR('',#8533,1.);
#8533 = DIRECTION('',(1.,-1.665334536938E-14));
#8534 = ( GEOMETRIC_REPRESENTATION_CONTEXT(2) 
PARAMETRIC_REPRESENTATION_CONTEXT() REPRESENTATION_CONTEXT('2D SPACE',''
  ) );
#8535 = FACE_BOUND('',#8536,.T.);
#8536 = EDGE_LOOP('',(#8537,#8538,#8539,#8540));
#8537 = ORIENTED_EDGE('',*,*,#7861,.F.);
#8538 = ORIENTED_EDGE('',*,*,#8103,.F.);
#8539 = ORIENTED_EDGE('',*,*,#8024,.F.);
#8540 = ORIENTED_EDGE('',*,*,#7945,.F.);
#8541 = ADVANCED_FACE('',(#8542),#8490,.T.);
#8542 = FACE_BOUND('',#8543,.T.);
#8543 = EDGE_LOOP('',(#8544,#8606,#8625,#8626));
#8544 = ORIENTED_EDGE('',*,*,#8545,.F.);
#8545 = EDGE_CURVE('',#8546,#8548,#8550,.T.);
#8546 = VERTEX_POINT('',#8547);
#8547 = CARTESIAN_POINT('',(9.111369016628E-02,-2.862627717514E-02,0.81)
  );
#8548 = VERTEX_POINT('',#8549);
#8549 = CARTESIAN_POINT('',(-9.734251906892E-03,5.778759477608E-02,0.81)
  );
#8550 = SURFACE_CURVE('',#8551,(#8571,#8578),.PCURVE_S1.);
#8551 = B_SPLINE_CURVE_WITH_KNOTS('',3,(#8552,#8553,#8554,#8555,#8556,
    #8557,#8558,#8559,#8560,#8561,#8562,#8563,#8564,#8565,#8566,#8567,
    #8568,#8569,#8570),.UNSPECIFIED.,.F.,.F.,(4,1,1,1,1,1,1,1,1,1,1,1,1,
    1,1,1,4),(0.,6.328116940987E-02,0.123966409925,0.182584822319,
    0.240281294667,0.297545949571,0.355103565632,0.413767173416,
    0.474065683921,0.535502152615,0.596892976642,0.658861401347,
    0.722425443318,0.787642213985,0.855581209594,0.926203904736,1.),
  .UNSPECIFIED.);
#8552 = CARTESIAN_POINT('',(9.111369016628E-02,-2.862627717514E-02,0.81)
  );
#8553 = CARTESIAN_POINT('',(9.104094086525E-02,-2.547678888563E-02,0.81)
  );
#8554 = CARTESIAN_POINT('',(9.089842659509E-02,-1.930701105136E-02,0.81)
  );
#8555 = CARTESIAN_POINT('',(8.94988036483E-02,-1.03119418495E-02,0.81));
#8556 = CARTESIAN_POINT('',(8.738597853461E-02,-1.753707205023E-03,0.81)
  );
#8557 = CARTESIAN_POINT('',(8.432959518935E-02,6.346703893836E-03,0.81)
  );
#8558 = CARTESIAN_POINT('',(8.031878403002E-02,1.395036427808E-02,0.81)
  );
#8559 = CARTESIAN_POINT('',(7.555154141219E-02,2.116322058714E-02,0.81)
  );
#8560 = CARTESIAN_POINT('',(6.982851651758E-02,2.784853595123E-02,0.81)
  );
#8561 = CARTESIAN_POINT('',(6.329816864716E-02,3.402142538335E-02,0.81)
  );
#8562 = CARTESIAN_POINT('',(5.609624310264E-02,3.962077237684E-02,0.81)
  );
#8563 = CARTESIAN_POINT('',(4.829120461959E-02,4.450591216599E-02,0.81)
  );
#8564 = CARTESIAN_POINT('',(3.993507672013E-02,4.861069998391E-02,0.81)
  );
#8565 = CARTESIAN_POINT('',(3.106455987626E-02,5.202032885328E-02,0.81)
  );
#8566 = CARTESIAN_POINT('',(2.159916383503E-02,5.454699796538E-02,0.81)
  );
#8567 = CARTESIAN_POINT('',(1.164197775434E-02,5.64837442852E-02,0.81));
#8568 = CARTESIAN_POINT('',(1.119037444287E-03,5.756239449993E-02,0.81)
  );
#8569 = CARTESIAN_POINT('',(-6.063877301464E-03,5.771143635553E-02,0.81)
  );
#8570 = CARTESIAN_POINT('',(-9.734251906892E-03,5.778759477608E-02,0.81)
  );
#8571 = PCURVE('',#8490,#8572);
#8572 = DEFINITIONAL_REPRESENTATION('',(#8573),#8577);
#8573 = LINE('',#8574,#8575);
#8574 = CARTESIAN_POINT('',(9.577313853459E-18,1.));
#8575 = VECTOR('',#8576,1.);
#8576 = DIRECTION('',(1.,-5.551115123126E-15));
#8577 = ( GEOMETRIC_REPRESENTATION_CONTEXT(2) 
PARAMETRIC_REPRESENTATION_CONTEXT() REPRESENTATION_CONTEXT('2D SPACE',''
  ) );
#8578 = PCURVE('',#8579,#8584);
#8579 = PLANE('',#8580);
#8580 = AXIS2_PLACEMENT_3D('',#8581,#8582,#8583);
#8581 = CARTESIAN_POINT('',(0.,0.,0.81));
#8582 = DIRECTION('',(0.,0.,-1.));
#8583 = DIRECTION('',(-1.,0.,-0.));
#8584 = DEFINITIONAL_REPRESENTATION('',(#8585),#8605);
#8585 = B_SPLINE_CURVE_WITH_KNOTS('',3,(#8586,#8587,#8588,#8589,#8590,
    #8591,#8592,#8593,#8594,#8595,#8596,#8597,#8598,#8599,#8600,#8601,
    #8602,#8603,#8604),.UNSPECIFIED.,.F.,.F.,(4,1,1,1,1,1,1,1,1,1,1,1,1,
    1,1,1,4),(0.,6.328116940987E-02,0.123966409925,0.182584822319,
    0.240281294667,0.297545949571,0.355103565632,0.413767173416,
    0.474065683921,0.535502152615,0.596892976642,0.658861401347,
    0.722425443318,0.787642213985,0.855581209594,0.926203904736,1.),
  .UNSPECIFIED.);
#8586 = CARTESIAN_POINT('',(-9.111369016628E-02,-2.862627717514E-02));
#8587 = CARTESIAN_POINT('',(-9.104094086525E-02,-2.547678888563E-02));
#8588 = CARTESIAN_POINT('',(-9.089842659509E-02,-1.930701105136E-02));
#8589 = CARTESIAN_POINT('',(-8.94988036483E-02,-1.03119418495E-02));
#8590 = CARTESIAN_POINT('',(-8.738597853461E-02,-1.753707205023E-03));
#8591 = CARTESIAN_POINT('',(-8.432959518935E-02,6.346703893836E-03));
#8592 = CARTESIAN_POINT('',(-8.031878403002E-02,1.395036427808E-02));
#8593 = CARTESIAN_POINT('',(-7.555154141219E-02,2.116322058714E-02));
#8594 = CARTESIAN_POINT('',(-6.982851651758E-02,2.784853595123E-02));
#8595 = CARTESIAN_POINT('',(-6.329816864716E-02,3.402142538335E-02));
#8596 = CARTESIAN_POINT('',(-5.609624310264E-02,3.962077237684E-02));
#8597 = CARTESIAN_POINT('',(-4.829120461959E-02,4.450591216599E-02));
#8598 = CARTESIAN_POINT('',(-3.993507672013E-02,4.861069998391E-02));
#8599 = CARTESIAN_POINT('',(-3.106455987626E-02,5.202032885328E-02));
#8600 = CARTESIAN_POINT('',(-2.159916383503E-02,5.454699796538E-02));
#8601 = CARTESIAN_POINT('',(-1.164197775434E-02,5.64837442852E-02));
#8602 = CARTESIAN_POINT('',(-1.119037444287E-03,5.756239449993E-02));
#8603 = CARTESIAN_POINT('',(6.063877301464E-03,5.771143635553E-02));
#8604 = CARTESIAN_POINT('',(9.734251906892E-03,5.778759477608E-02));
#8605 = ( GEOMETRIC_REPRESENTATION_CONTEXT(2) 
PARAMETRIC_REPRESENTATION_CONTEXT() REPRESENTATION_CONTEXT('2D SPACE',''
  ) );
#8606 = ORIENTED_EDGE('',*,*,#8607,.F.);
#8607 = EDGE_CURVE('',#8163,#8546,#8608,.T.);
#8608 = SURFACE_CURVE('',#8609,(#8613,#8619),.PCURVE_S1.);
#8609 = LINE('',#8610,#8611);
#8610 = CARTESIAN_POINT('',(9.111369016628E-02,-2.862627717514E-02,0.8)
  );
#8611 = VECTOR('',#8612,1.);
#8612 = DIRECTION('',(-0.,-0.,1.));
#8613 = PCURVE('',#8490,#8614);
#8614 = DEFINITIONAL_REPRESENTATION('',(#8615),#8618);
#8615 = B_SPLINE_CURVE_WITH_KNOTS('',1,(#8616,#8617),.UNSPECIFIED.,.F.,
  .F.,(2,2),(0.,1.E-02),.PIECEWISE_BEZIER_KNOTS.);
#8616 = CARTESIAN_POINT('',(3.950243201458E-18,1.401645726568E-14));
#8617 = CARTESIAN_POINT('',(9.577313853459E-18,1.));
#8618 = ( GEOMETRIC_REPRESENTATION_CONTEXT(2) 
PARAMETRIC_REPRESENTATION_CONTEXT() REPRESENTATION_CONTEXT('2D SPACE',''
  ) );
#8619 = PCURVE('',#8210,#8620);
#8620 = DEFINITIONAL_REPRESENTATION('',(#8621),#8624);
#8621 = B_SPLINE_CURVE_WITH_KNOTS('',1,(#8622,#8623),.UNSPECIFIED.,.F.,
  .F.,(2,2),(0.,1.E-02),.PIECEWISE_BEZIER_KNOTS.);
#8622 = CARTESIAN_POINT('',(1.,8.46534214255E-15));
#8623 = CARTESIAN_POINT('',(1.,1.));
#8624 = ( GEOMETRIC_REPRESENTATION_CONTEXT(2) 
PARAMETRIC_REPRESENTATION_CONTEXT() REPRESENTATION_CONTEXT('2D SPACE',''
  ) );
#8625 = ORIENTED_EDGE('',*,*,#8444,.T.);
#8626 = ORIENTED_EDGE('',*,*,#8627,.T.);
#8627 = EDGE_CURVE('',#8351,#8548,#8628,.T.);
#8628 = SURFACE_CURVE('',#8629,(#8633,#8639),.PCURVE_S1.);
#8629 = LINE('',#8630,#8631);
#8630 = CARTESIAN_POINT('',(-9.734251906892E-03,5.778759477608E-02,0.8)
  );
#8631 = VECTOR('',#8632,1.);
#8632 = DIRECTION('',(-0.,-0.,1.));
#8633 = PCURVE('',#8490,#8634);
#8634 = DEFINITIONAL_REPRESENTATION('',(#8635),#8638);
#8635 = B_SPLINE_CURVE_WITH_KNOTS('',1,(#8636,#8637),.UNSPECIFIED.,.F.,
  .F.,(2,2),(0.,1.E-02),.PIECEWISE_BEZIER_KNOTS.);
#8636 = CARTESIAN_POINT('',(1.,-2.636888103702E-15));
#8637 = CARTESIAN_POINT('',(1.,1.));
#8638 = ( GEOMETRIC_REPRESENTATION_CONTEXT(2) 
PARAMETRIC_REPRESENTATION_CONTEXT() REPRESENTATION_CONTEXT('2D SPACE',''
  ) );
#8639 = PCURVE('',#8398,#8640);
#8640 = DEFINITIONAL_REPRESENTATION('',(#8641),#8644);
#8641 = B_SPLINE_CURVE_WITH_KNOTS('',1,(#8642,#8643),.UNSPECIFIED.,.F.,
  .F.,(2,2),(0.,1.E-02),.PIECEWISE_BEZIER_KNOTS.);
#8642 = CARTESIAN_POINT('',(1.520092006626E-17,-8.188057436936E-15));
#8643 = CARTESIAN_POINT('',(5.61665810245E-18,1.));
#8644 = ( GEOMETRIC_REPRESENTATION_CONTEXT(2) 
PARAMETRIC_REPRESENTATION_CONTEXT() REPRESENTATION_CONTEXT('2D SPACE',''
  ) );
#8645 = ADVANCED_FACE('',(#8646),#8210,.T.);
#8646 = FACE_BOUND('',#8647,.T.);
#8647 = EDGE_LOOP('',(#8648,#8703,#8722,#8723));
#8648 = ORIENTED_EDGE('',*,*,#8649,.F.);
#8649 = EDGE_CURVE('',#8650,#8546,#8652,.T.);
#8650 = VERTEX_POINT('',#8651);
#8651 = CARTESIAN_POINT('',(-1.021062385811E-02,-0.112944112541,0.81));
#8652 = SURFACE_CURVE('',#8653,(#8673,#8680),.PCURVE_S1.);
#8653 = B_SPLINE_CURVE_WITH_KNOTS('',3,(#8654,#8655,#8656,#8657,#8658,
    #8659,#8660,#8661,#8662,#8663,#8664,#8665,#8666,#8667,#8668,#8669,
    #8670,#8671,#8672),.UNSPECIFIED.,.F.,.F.,(4,1,1,1,1,1,1,1,1,1,1,1,1,
    1,1,1,4),(0.,7.882367990627E-02,0.153511023328,0.224361206375,
    0.291439198728,0.355405679137,0.416919846707,0.476441482171,
    0.534946625346,0.592255947574,0.647966227232,0.703705724292,
    0.759628394094,0.816234705127,0.874959458738,0.935817534038,1.),
  .UNSPECIFIED.);
#8654 = CARTESIAN_POINT('',(-1.021062385811E-02,-0.112944112541,0.81));
#8655 = CARTESIAN_POINT('',(-6.285588053483E-03,-0.112892688488,0.81));
#8656 = CARTESIAN_POINT('',(1.358514120951E-03,-0.112792538902,0.81));
#8657 = CARTESIAN_POINT('',(1.248227134013E-02,-0.11165286046,0.81));
#8658 = CARTESIAN_POINT('',(2.292778769477E-02,-0.109916208074,0.81));
#8659 = CARTESIAN_POINT('',(3.2706057756E-02,-0.107529441159,0.81));
#8660 = CARTESIAN_POINT('',(4.174618416268E-02,-0.104301145983,0.81));
#8661 = CARTESIAN_POINT('',(5.013585427131E-02,-0.100468786844,0.81));
#8662 = CARTESIAN_POINT('',(5.781549446938E-02,-9.586003680576E-02,0.81)
  );
#8663 = CARTESIAN_POINT('',(6.478185866637E-02,-9.057360585806E-02,0.81)
  );
#8664 = CARTESIAN_POINT('',(7.097762142642E-02,-8.467180130881E-02,0.81)
  );
#8665 = CARTESIAN_POINT('',(7.637741534355E-02,-7.821431187607E-02,0.81)
  );
#8666 = CARTESIAN_POINT('',(8.097798209304E-02,-7.124427576837E-02,0.81)
  );
#8667 = CARTESIAN_POINT('',(8.470274430446E-02,-6.371918251818E-02,0.81)
  );
#8668 = CARTESIAN_POINT('',(8.758249610385E-02,-5.567543863752E-02,0.81)
  );
#8669 = CARTESIAN_POINT('',(8.960108384538E-02,-4.712655813392E-02,0.81)
  );
#8670 = CARTESIAN_POINT('',(9.087646445656E-02,-3.804894801775E-02,0.81)
  );
#8671 = CARTESIAN_POINT('',(9.103322568544E-02,-3.182234862278E-02,0.81)
  );
#8672 = CARTESIAN_POINT('',(9.111369016628E-02,-2.862627717514E-02,0.81)
  );
#8673 = PCURVE('',#8210,#8674);
#8674 = DEFINITIONAL_REPRESENTATION('',(#8675),#8679);
#8675 = LINE('',#8676,#8677);
#8676 = CARTESIAN_POINT('',(1.478000280091E-17,1.));
#8677 = VECTOR('',#8678,1.);
#8678 = DIRECTION('',(1.,1.665334536938E-14));
#8679 = ( GEOMETRIC_REPRESENTATION_CONTEXT(2) 
PARAMETRIC_REPRESENTATION_CONTEXT() REPRESENTATION_CONTEXT('2D SPACE',''
  ) );
#8680 = PCURVE('',#8579,#8681);
#8681 = DEFINITIONAL_REPRESENTATION('',(#8682),#8702);
#8682 = B_SPLINE_CURVE_WITH_KNOTS('',3,(#8683,#8684,#8685,#8686,#8687,
    #8688,#8689,#8690,#8691,#8692,#8693,#8694,#8695,#8696,#8697,#8698,
    #8699,#8700,#8701),.UNSPECIFIED.,.F.,.F.,(4,1,1,1,1,1,1,1,1,1,1,1,1,
    1,1,1,4),(0.,7.882367990627E-02,0.153511023328,0.224361206375,
    0.291439198728,0.355405679137,0.416919846707,0.476441482171,
    0.534946625346,0.592255947574,0.647966227232,0.703705724292,
    0.759628394094,0.816234705127,0.874959458738,0.935817534038,1.),
  .UNSPECIFIED.);
#8683 = CARTESIAN_POINT('',(1.021062385811E-02,-0.112944112541));
#8684 = CARTESIAN_POINT('',(6.285588053483E-03,-0.112892688488));
#8685 = CARTESIAN_POINT('',(-1.358514120951E-03,-0.112792538902));
#8686 = CARTESIAN_POINT('',(-1.248227134013E-02,-0.11165286046));
#8687 = CARTESIAN_POINT('',(-2.292778769477E-02,-0.109916208074));
#8688 = CARTESIAN_POINT('',(-3.2706057756E-02,-0.107529441159));
#8689 = CARTESIAN_POINT('',(-4.174618416268E-02,-0.104301145983));
#8690 = CARTESIAN_POINT('',(-5.013585427131E-02,-0.100468786844));
#8691 = CARTESIAN_POINT('',(-5.781549446938E-02,-9.586003680576E-02));
#8692 = CARTESIAN_POINT('',(-6.478185866637E-02,-9.057360585806E-02));
#8693 = CARTESIAN_POINT('',(-7.097762142642E-02,-8.467180130881E-02));
#8694 = CARTESIAN_POINT('',(-7.637741534355E-02,-7.821431187607E-02));
#8695 = CARTESIAN_POINT('',(-8.097798209304E-02,-7.124427576837E-02));
#8696 = CARTESIAN_POINT('',(-8.470274430446E-02,-6.371918251818E-02));
#8697 = CARTESIAN_POINT('',(-8.758249610385E-02,-5.567543863752E-02));
#8698 = CARTESIAN_POINT('',(-8.960108384538E-02,-4.712655813392E-02));
#8699 = CARTESIAN_POINT('',(-9.087646445656E-02,-3.804894801775E-02));
#8700 = CARTESIAN_POINT('',(-9.103322568544E-02,-3.182234862278E-02));
#8701 = CARTESIAN_POINT('',(-9.111369016628E-02,-2.862627717514E-02));
#8702 = ( GEOMETRIC_REPRESENTATION_CONTEXT(2) 
PARAMETRIC_REPRESENTATION_CONTEXT() REPRESENTATION_CONTEXT('2D SPACE',''
  ) );
#8703 = ORIENTED_EDGE('',*,*,#8704,.F.);
#8704 = EDGE_CURVE('',#8161,#8650,#8705,.T.);
#8705 = SURFACE_CURVE('',#8706,(#8710,#8716),.PCURVE_S1.);
#8706 = LINE('',#8707,#8708);
#8707 = CARTESIAN_POINT('',(-1.021062385811E-02,-0.112944112541,0.8));
#8708 = VECTOR('',#8709,1.);
#8709 = DIRECTION('',(-0.,-0.,1.));
#8710 = PCURVE('',#8210,#8711);
#8711 = DEFINITIONAL_REPRESENTATION('',(#8712),#8715);
#8712 = B_SPLINE_CURVE_WITH_KNOTS('',1,(#8713,#8714),.UNSPECIFIED.,.F.,
  .F.,(2,2),(0.,1.E-02),.PIECEWISE_BEZIER_KNOTS.);
#8713 = CARTESIAN_POINT('',(7.818626127956E-18,2.914173616958E-15));
#8714 = CARTESIAN_POINT('',(1.59969176966E-17,1.));
#8715 = ( GEOMETRIC_REPRESENTATION_CONTEXT(2) 
PARAMETRIC_REPRESENTATION_CONTEXT() REPRESENTATION_CONTEXT('2D SPACE',''
  ) );
#8716 = PCURVE('',#8304,#8717);
#8717 = DEFINITIONAL_REPRESENTATION('',(#8718),#8721);
#8718 = B_SPLINE_CURVE_WITH_KNOTS('',1,(#8719,#8720),.UNSPECIFIED.,.F.,
  .F.,(2,2),(0.,1.E-02),.PIECEWISE_BEZIER_KNOTS.);
#8719 = CARTESIAN_POINT('',(1.,-1.373922677017E-14));
#8720 = CARTESIAN_POINT('',(1.,1.));
#8721 = ( GEOMETRIC_REPRESENTATION_CONTEXT(2) 
PARAMETRIC_REPRESENTATION_CONTEXT() REPRESENTATION_CONTEXT('2D SPACE',''
  ) );
#8722 = ORIENTED_EDGE('',*,*,#8160,.T.);
#8723 = ORIENTED_EDGE('',*,*,#8607,.T.);
#8724 = ADVANCED_FACE('',(#8725),#8304,.T.);
#8725 = FACE_BOUND('',#8726,.T.);
#8726 = EDGE_LOOP('',(#8727,#8782,#8801,#8802));
#8727 = ORIENTED_EDGE('',*,*,#8728,.F.);
#8728 = EDGE_CURVE('',#8729,#8650,#8731,.T.);
#8729 = VERTEX_POINT('',#8730);
#8730 = CARTESIAN_POINT('',(-0.110105822029,-2.653024058977E-02,0.81));
#8731 = SURFACE_CURVE('',#8732,(#8752,#8759),.PCURVE_S1.);
#8732 = B_SPLINE_CURVE_WITH_KNOTS('',3,(#8733,#8734,#8735,#8736,#8737,
    #8738,#8739,#8740,#8741,#8742,#8743,#8744,#8745,#8746,#8747,#8748,
    #8749,#8750,#8751),.UNSPECIFIED.,.F.,.F.,(4,1,1,1,1,1,1,1,1,1,1,1,1,
    1,1,1,4),(0.,6.563625858684E-02,0.128257778486,0.188096663681,
    0.246083161294,0.303030236875,0.359279998776,0.415854870178,
    0.473478515872,0.53199555059,0.591449659512,0.652241914637,
    0.715281929293,0.781143191915,0.850329069683,0.923242875232,1.),
  .UNSPECIFIED.);
#8733 = CARTESIAN_POINT('',(-0.110105822029,-2.653024058977E-02,0.81));
#8734 = CARTESIAN_POINT('',(-0.110023833961,-2.980535378256E-02,0.81));
#8735 = CARTESIAN_POINT('',(-0.109863623619,-3.620515095932E-02,0.81));
#8736 = CARTESIAN_POINT('',(-0.108605177357,-4.552315276313E-02,0.81));
#8737 = CARTESIAN_POINT('',(-0.10656369729,-5.430304085359E-02,0.81));
#8738 = CARTESIAN_POINT('',(-0.103708696771,-6.256063729314E-02,0.81));
#8739 = CARTESIAN_POINT('',(-9.99771190729E-02,-7.02637115639E-02,0.81)
  );
#8740 = CARTESIAN_POINT('',(-9.541272293859E-02,-7.742005492824E-02,0.81
    ));
#8741 = CARTESIAN_POINT('',(-9.003508793215E-02,-8.402836533746E-02,0.81
    ));
#8742 = CARTESIAN_POINT('',(-8.389026643236E-02,-9.009429146548E-02,0.81
    ));
#8743 = CARTESIAN_POINT('',(-7.695536904985E-02,-9.547784676387E-02,0.81
    ));
#8744 = CARTESIAN_POINT('',(-6.934301456372E-02,-0.100153194219,0.81));
#8745 = CARTESIAN_POINT('',(-6.109153851374E-02,-0.104127545386,0.81));
#8746 = CARTESIAN_POINT('',(-5.218330358078E-02,-0.107362908388,0.81));
#8747 = CARTESIAN_POINT('',(-4.26140872975E-02,-0.109875466666,0.81));
#8748 = CARTESIAN_POINT('',(-3.238747422128E-02,-0.11168120207,0.81));
#8749 = CARTESIAN_POINT('',(-2.150596452495E-02,-0.112712006118,0.81));
#8750 = CARTESIAN_POINT('',(-1.403964527746E-02,-0.112865430499,0.81));
#8751 = CARTESIAN_POINT('',(-1.021062385811E-02,-0.112944112541,0.81));
#8752 = PCURVE('',#8304,#8753);
#8753 = DEFINITIONAL_REPRESENTATION('',(#8754),#8758);
#8754 = LINE('',#8755,#8756);
#8755 = CARTESIAN_POINT('',(-1.835686122336E-17,1.));
#8756 = VECTOR('',#8757,1.);
#8757 = DIRECTION('',(1.,5.551115123126E-15));
#8758 = ( GEOMETRIC_REPRESENTATION_CONTEXT(2) 
PARAMETRIC_REPRESENTATION_CONTEXT() REPRESENTATION_CONTEXT('2D SPACE',''
  ) );
#8759 = PCURVE('',#8579,#8760);
#8760 = DEFINITIONAL_REPRESENTATION('',(#8761),#8781);
#8761 = B_SPLINE_CURVE_WITH_KNOTS('',3,(#8762,#8763,#8764,#8765,#8766,
    #8767,#8768,#8769,#8770,#8771,#8772,#8773,#8774,#8775,#8776,#8777,
    #8778,#8779,#8780),.UNSPECIFIED.,.F.,.F.,(4,1,1,1,1,1,1,1,1,1,1,1,1,
    1,1,1,4),(0.,6.563625858684E-02,0.128257778486,0.188096663681,
    0.246083161294,0.303030236875,0.359279998776,0.415854870178,
    0.473478515872,0.53199555059,0.591449659512,0.652241914637,
    0.715281929293,0.781143191915,0.850329069683,0.923242875232,1.),
  .UNSPECIFIED.);
#8762 = CARTESIAN_POINT('',(0.110105822029,-2.653024058977E-02));
#8763 = CARTESIAN_POINT('',(0.110023833961,-2.980535378256E-02));
#8764 = CARTESIAN_POINT('',(0.109863623619,-3.620515095932E-02));
#8765 = CARTESIAN_POINT('',(0.108605177357,-4.552315276313E-02));
#8766 = CARTESIAN_POINT('',(0.10656369729,-5.430304085359E-02));
#8767 = CARTESIAN_POINT('',(0.103708696771,-6.256063729314E-02));
#8768 = CARTESIAN_POINT('',(9.99771190729E-02,-7.02637115639E-02));
#8769 = CARTESIAN_POINT('',(9.541272293859E-02,-7.742005492824E-02));
#8770 = CARTESIAN_POINT('',(9.003508793215E-02,-8.402836533746E-02));
#8771 = CARTESIAN_POINT('',(8.389026643236E-02,-9.009429146548E-02));
#8772 = CARTESIAN_POINT('',(7.695536904985E-02,-9.547784676387E-02));
#8773 = CARTESIAN_POINT('',(6.934301456372E-02,-0.100153194219));
#8774 = CARTESIAN_POINT('',(6.109153851374E-02,-0.104127545386));
#8775 = CARTESIAN_POINT('',(5.218330358078E-02,-0.107362908388));
#8776 = CARTESIAN_POINT('',(4.26140872975E-02,-0.109875466666));
#8777 = CARTESIAN_POINT('',(3.238747422128E-02,-0.11168120207));
#8778 = CARTESIAN_POINT('',(2.150596452495E-02,-0.112712006118));
#8779 = CARTESIAN_POINT('',(1.403964527746E-02,-0.112865430499));
#8780 = CARTESIAN_POINT('',(1.021062385811E-02,-0.112944112541));
#8781 = ( GEOMETRIC_REPRESENTATION_CONTEXT(2) 
PARAMETRIC_REPRESENTATION_CONTEXT() REPRESENTATION_CONTEXT('2D SPACE',''
  ) );
#8782 = ORIENTED_EDGE('',*,*,#8783,.F.);
#8783 = EDGE_CURVE('',#8257,#8729,#8784,.T.);
#8784 = SURFACE_CURVE('',#8785,(#8789,#8795),.PCURVE_S1.);
#8785 = LINE('',#8786,#8787);
#8786 = CARTESIAN_POINT('',(-0.110105822029,-2.653024058977E-02,0.8));
#8787 = VECTOR('',#8788,1.);
#8788 = DIRECTION('',(-0.,-0.,1.));
#8789 = PCURVE('',#8304,#8790);
#8790 = DEFINITIONAL_REPRESENTATION('',(#8791),#8794);
#8791 = B_SPLINE_CURVE_WITH_KNOTS('',1,(#8792,#8793),.UNSPECIFIED.,.F.,
  .F.,(2,2),(0.,1.E-02),.PIECEWISE_BEZIER_KNOTS.);
#8792 = CARTESIAN_POINT('',(-2.19730322316E-17,2.914174169377E-15));
#8793 = CARTESIAN_POINT('',(-1.835686122336E-17,1.));
#8794 = ( GEOMETRIC_REPRESENTATION_CONTEXT(2) 
PARAMETRIC_REPRESENTATION_CONTEXT() REPRESENTATION_CONTEXT('2D SPACE',''
  ) );
#8795 = PCURVE('',#8398,#8796);
#8796 = DEFINITIONAL_REPRESENTATION('',(#8797),#8800);
#8797 = B_SPLINE_CURVE_WITH_KNOTS('',1,(#8798,#8799),.UNSPECIFIED.,.F.,
  .F.,(2,2),(0.,1.E-02),.PIECEWISE_BEZIER_KNOTS.);
#8798 = CARTESIAN_POINT('',(1.,-2.636888103702E-15));
#8799 = CARTESIAN_POINT('',(1.,1.));
#8800 = ( GEOMETRIC_REPRESENTATION_CONTEXT(2) 
PARAMETRIC_REPRESENTATION_CONTEXT() REPRESENTATION_CONTEXT('2D SPACE',''
  ) );
#8801 = ORIENTED_EDGE('',*,*,#8256,.T.);
#8802 = ORIENTED_EDGE('',*,*,#8704,.T.);
#8803 = ADVANCED_FACE('',(#8804),#8398,.T.);
#8804 = FACE_BOUND('',#8805,.T.);
#8805 = EDGE_LOOP('',(#8806,#8859,#8860,#8861));
#8806 = ORIENTED_EDGE('',*,*,#8807,.F.);
#8807 = EDGE_CURVE('',#8548,#8729,#8808,.T.);
#8808 = SURFACE_CURVE('',#8809,(#8829,#8836),.PCURVE_S1.);
#8809 = B_SPLINE_CURVE_WITH_KNOTS('',3,(#8810,#8811,#8812,#8813,#8814,
    #8815,#8816,#8817,#8818,#8819,#8820,#8821,#8822,#8823,#8824,#8825,
    #8826,#8827,#8828),.UNSPECIFIED.,.F.,.F.,(4,1,1,1,1,1,1,1,1,1,1,1,1,
    1,1,1,4),(0.,7.538767014338E-02,0.147236570443,0.215927148189,
    0.281979264107,0.346129691642,0.408316944657,0.469878080264,
    0.530996860799,0.590931406447,0.649188583946,0.706229622168,
    0.762781874157,0.81959147036,0.877707581496,0.937523375597,1.),
  .UNSPECIFIED.);
#8810 = CARTESIAN_POINT('',(-9.734251906892E-03,5.778759477608E-02,0.81)
  );
#8811 = CARTESIAN_POINT('',(-1.343701949018E-02,5.771503799016E-02,0.81)
  );
#8812 = CARTESIAN_POINT('',(-2.066874318021E-02,5.757333030374E-02,0.81)
  );
#8813 = CARTESIAN_POINT('',(-3.12248675168E-02,5.645130001032E-02,0.81)
  );
#8814 = CARTESIAN_POINT('',(-4.12248738216E-02,5.468010163956E-02,0.81)
  );
#8815 = CARTESIAN_POINT('',(-5.065415283776E-02,5.208401874092E-02,0.81)
  );
#8816 = CARTESIAN_POINT('',(-5.953357173002E-02,4.882081307595E-02,0.81)
  );
#8817 = CARTESIAN_POINT('',(-6.785141625629E-02,4.479008110844E-02,0.81)
  );
#8818 = CARTESIAN_POINT('',(-7.559055933642E-02,4.001441732511E-02,0.81)
  );
#8819 = CARTESIAN_POINT('',(-8.271601868259E-02,3.454630589161E-02,0.81)
  );
#8820 = CARTESIAN_POINT('',(-8.915804595166E-02,2.851984897968E-02,0.81)
  );
#8821 = CARTESIAN_POINT('',(-9.475887552706E-02,2.196355183301E-02,0.81)
  );
#8822 = CARTESIAN_POINT('',(-9.951380325521E-02,1.497020154206E-02,0.81)
  );
#8823 = CARTESIAN_POINT('',(-0.103396544671,7.537050264868E-03,0.81));
#8824 = CARTESIAN_POINT('',(-0.106424782665,-3.414788936348E-04,0.81));
#8825 = CARTESIAN_POINT('',(-0.108549261052,-8.670700370048E-03,0.81));
#8826 = CARTESIAN_POINT('',(-0.109875133078,-1.745254997782E-02,0.81));
#8827 = CARTESIAN_POINT('',(-0.11002781834,-2.346076824803E-02,0.81));
#8828 = CARTESIAN_POINT('',(-0.110105822029,-2.653024058977E-02,0.81));
#8829 = PCURVE('',#8398,#8830);
#8830 = DEFINITIONAL_REPRESENTATION('',(#8831),#8835);
#8831 = LINE('',#8832,#8833);
#8832 = CARTESIAN_POINT('',(5.61665810245E-18,1.));
#8833 = VECTOR('',#8834,1.);
#8834 = DIRECTION('',(1.,5.662137425588E-15));
#8835 = ( GEOMETRIC_REPRESENTATION_CONTEXT(2) 
PARAMETRIC_REPRESENTATION_CONTEXT() REPRESENTATION_CONTEXT('2D SPACE',''
  ) );
#8836 = PCURVE('',#8579,#8837);
#8837 = DEFINITIONAL_REPRESENTATION('',(#8838),#8858);
#8838 = B_SPLINE_CURVE_WITH_KNOTS('',3,(#8839,#8840,#8841,#8842,#8843,
    #8844,#8845,#8846,#8847,#8848,#8849,#8850,#8851,#8852,#8853,#8854,
    #8855,#8856,#8857),.UNSPECIFIED.,.F.,.F.,(4,1,1,1,1,1,1,1,1,1,1,1,1,
    1,1,1,4),(0.,7.538767014338E-02,0.147236570443,0.215927148189,
    0.281979264107,0.346129691642,0.408316944657,0.469878080264,
    0.530996860799,0.590931406447,0.649188583946,0.706229622168,
    0.762781874157,0.81959147036,0.877707581496,0.937523375597,1.),
  .UNSPECIFIED.);
#8839 = CARTESIAN_POINT('',(9.734251906892E-03,5.778759477608E-02));
#8840 = CARTESIAN_POINT('',(1.343701949018E-02,5.771503799016E-02));
#8841 = CARTESIAN_POINT('',(2.066874318021E-02,5.757333030374E-02));
#8842 = CARTESIAN_POINT('',(3.12248675168E-02,5.645130001032E-02));
#8843 = CARTESIAN_POINT('',(4.12248738216E-02,5.468010163956E-02));
#8844 = CARTESIAN_POINT('',(5.065415283776E-02,5.208401874092E-02));
#8845 = CARTESIAN_POINT('',(5.953357173002E-02,4.882081307595E-02));
#8846 = CARTESIAN_POINT('',(6.785141625629E-02,4.479008110844E-02));
#8847 = CARTESIAN_POINT('',(7.559055933642E-02,4.001441732511E-02));
#8848 = CARTESIAN_POINT('',(8.271601868259E-02,3.454630589161E-02));
#8849 = CARTESIAN_POINT('',(8.915804595166E-02,2.851984897968E-02));
#8850 = CARTESIAN_POINT('',(9.475887552706E-02,2.196355183301E-02));
#8851 = CARTESIAN_POINT('',(9.951380325521E-02,1.497020154206E-02));
#8852 = CARTESIAN_POINT('',(0.103396544671,7.537050264868E-03));
#8853 = CARTESIAN_POINT('',(0.106424782665,-3.414788936348E-04));
#8854 = CARTESIAN_POINT('',(0.108549261052,-8.670700370048E-03));
#8855 = CARTESIAN_POINT('',(0.109875133078,-1.745254997782E-02));
#8856 = CARTESIAN_POINT('',(0.11002781834,-2.346076824803E-02));
#8857 = CARTESIAN_POINT('',(0.110105822029,-2.653024058977E-02));
#8858 = ( GEOMETRIC_REPRESENTATION_CONTEXT(2) 
PARAMETRIC_REPRESENTATION_CONTEXT() REPRESENTATION_CONTEXT('2D SPACE',''
  ) );
#8859 = ORIENTED_EDGE('',*,*,#8627,.F.);
#8860 = ORIENTED_EDGE('',*,*,#8350,.T.);
#8861 = ORIENTED_EDGE('',*,*,#8783,.T.);
#8862 = ADVANCED_FACE('',(#8863),#1843,.T.);
#8863 = FACE_BOUND('',#8864,.T.);
#8864 = EDGE_LOOP('',(#8865,#8866,#8888,#8916));
#8865 = ORIENTED_EDGE('',*,*,#1825,.F.);
#8866 = ORIENTED_EDGE('',*,*,#8867,.F.);
#8867 = EDGE_CURVE('',#8868,#1826,#8870,.T.);
#8868 = VERTEX_POINT('',#8869);
#8869 = CARTESIAN_POINT('',(-0.124587529346,0.27425100941,0.8));
#8870 = SURFACE_CURVE('',#8871,(#8875,#8882),.PCURVE_S1.);
#8871 = LINE('',#8872,#8873);
#8872 = CARTESIAN_POINT('',(-0.124587529346,0.27425100941,0.8));
#8873 = VECTOR('',#8874,1.);
#8874 = DIRECTION('',(-0.,-0.,1.));
#8875 = PCURVE('',#1843,#8876);
#8876 = DEFINITIONAL_REPRESENTATION('',(#8877),#8881);
#8877 = LINE('',#8878,#8879);
#8878 = CARTESIAN_POINT('',(0.,0.));
#8879 = VECTOR('',#8880,1.);
#8880 = DIRECTION('',(-1.,0.));
#8881 = ( GEOMETRIC_REPRESENTATION_CONTEXT(2) 
PARAMETRIC_REPRESENTATION_CONTEXT() REPRESENTATION_CONTEXT('2D SPACE',''
  ) );
#8882 = PCURVE('',#2851,#8883);
#8883 = DEFINITIONAL_REPRESENTATION('',(#8884),#8887);
#8884 = B_SPLINE_CURVE_WITH_KNOTS('',1,(#8885,#8886),.UNSPECIFIED.,.F.,
  .F.,(2,2),(0.,1.E-02),.PIECEWISE_BEZIER_KNOTS.);
#8885 = CARTESIAN_POINT('',(1.,-2.621167172201E-15));
#8886 = CARTESIAN_POINT('',(1.,1.));
#8887 = ( GEOMETRIC_REPRESENTATION_CONTEXT(2) 
PARAMETRIC_REPRESENTATION_CONTEXT() REPRESENTATION_CONTEXT('2D SPACE',''
  ) );
#8888 = ORIENTED_EDGE('',*,*,#8889,.T.);
#8889 = EDGE_CURVE('',#8868,#8890,#8892,.T.);
#8890 = VERTEX_POINT('',#8891);
#8891 = CARTESIAN_POINT('',(-8.800216349226E-02,0.27425100941,0.8));
#8892 = SURFACE_CURVE('',#8893,(#8897,#8904),.PCURVE_S1.);
#8893 = LINE('',#8894,#8895);
#8894 = CARTESIAN_POINT('',(-0.124587529346,0.27425100941,0.8));
#8895 = VECTOR('',#8896,1.);
#8896 = DIRECTION('',(1.,0.,0.));
#8897 = PCURVE('',#1843,#8898);
#8898 = DEFINITIONAL_REPRESENTATION('',(#8899),#8903);
#8899 = LINE('',#8900,#8901);
#8900 = CARTESIAN_POINT('',(0.,0.));
#8901 = VECTOR('',#8902,1.);
#8902 = DIRECTION('',(0.,1.));
#8903 = ( GEOMETRIC_REPRESENTATION_CONTEXT(2) 
PARAMETRIC_REPRESENTATION_CONTEXT() REPRESENTATION_CONTEXT('2D SPACE',''
  ) );
#8904 = PCURVE('',#8905,#8910);
#8905 = PLANE('',#8906);
#8906 = AXIS2_PLACEMENT_3D('',#8907,#8908,#8909);
#8907 = CARTESIAN_POINT('',(-0.104272002157,0.24270400194,0.8));
#8908 = DIRECTION('',(1.200164416164E-12,-8.314118302122E-13,-1.));
#8909 = DIRECTION('',(-1.,0.,-1.200164416164E-12));
#8910 = DEFINITIONAL_REPRESENTATION('',(#8911),#8915);
#8911 = LINE('',#8912,#8913);
#8912 = CARTESIAN_POINT('',(2.031552718872E-02,3.154700747025E-02));
#8913 = VECTOR('',#8914,1.);
#8914 = DIRECTION('',(-1.,9.978308937986E-25));
#8915 = ( GEOMETRIC_REPRESENTATION_CONTEXT(2) 
PARAMETRIC_REPRESENTATION_CONTEXT() REPRESENTATION_CONTEXT('2D SPACE',''
  ) );
#8916 = ORIENTED_EDGE('',*,*,#8917,.T.);
#8917 = EDGE_CURVE('',#8890,#1828,#8918,.T.);
#8918 = SURFACE_CURVE('',#8919,(#8923,#8930),.PCURVE_S1.);
#8919 = LINE('',#8920,#8921);
#8920 = CARTESIAN_POINT('',(-8.800216349226E-02,0.27425100941,0.8));
#8921 = VECTOR('',#8922,1.);
#8922 = DIRECTION('',(-0.,-0.,1.));
#8923 = PCURVE('',#1843,#8924);
#8924 = DEFINITIONAL_REPRESENTATION('',(#8925),#8929);
#8925 = LINE('',#8926,#8927);
#8926 = CARTESIAN_POINT('',(0.,3.658536585366E-02));
#8927 = VECTOR('',#8928,1.);
#8928 = DIRECTION('',(-1.,0.));
#8929 = ( GEOMETRIC_REPRESENTATION_CONTEXT(2) 
PARAMETRIC_REPRESENTATION_CONTEXT() REPRESENTATION_CONTEXT('2D SPACE',''
  ) );
#8930 = PCURVE('',#1887,#8931);
#8931 = DEFINITIONAL_REPRESENTATION('',(#8932),#8935);
#8932 = B_SPLINE_CURVE_WITH_KNOTS('',1,(#8933,#8934),.UNSPECIFIED.,.F.,
  .F.,(2,2),(0.,1.E-02),.PIECEWISE_BEZIER_KNOTS.);
#8933 = CARTESIAN_POINT('',(-3.459104103741E-16,-2.663453317978E-15));
#8934 = CARTESIAN_POINT('',(-2.263567106719E-16,1.));
#8935 = ( GEOMETRIC_REPRESENTATION_CONTEXT(2) 
PARAMETRIC_REPRESENTATION_CONTEXT() REPRESENTATION_CONTEXT('2D SPACE',''
  ) );
#8936 = ADVANCED_FACE('',(#8937),#1887,.T.);
#8937 = FACE_BOUND('',#8938,.T.);
#8938 = EDGE_LOOP('',(#8939,#8940,#8941,#8980));
#8939 = ORIENTED_EDGE('',*,*,#1855,.F.);
#8940 = ORIENTED_EDGE('',*,*,#8917,.F.);
#8941 = ORIENTED_EDGE('',*,*,#8942,.T.);
#8942 = EDGE_CURVE('',#8890,#8943,#8945,.T.);
#8943 = VERTEX_POINT('',#8944);
#8944 = CARTESIAN_POINT('',(-0.110105822029,0.207606573435,0.8));
#8945 = SURFACE_CURVE('',#8946,(#8958,#8965),.PCURVE_S1.);
#8946 = B_SPLINE_CURVE_WITH_KNOTS('',3,(#8947,#8948,#8949,#8950,#8951,
    #8952,#8953,#8954,#8955,#8956,#8957),.UNSPECIFIED.,.F.,.F.,(4,1,1,1,
    1,1,1,1,4),(0.,0.108190563408,0.223615427177,0.348654075395,
    0.483714820184,0.620507078768,0.751977221387,0.877819220836,1.),
  .UNSPECIFIED.);
#8947 = CARTESIAN_POINT('',(-8.800216349226E-02,0.27425100941,0.8));
#8948 = CARTESIAN_POINT('',(-8.958995642905E-02,0.27221979926,0.8));
#8949 = CARTESIAN_POINT('',(-9.287171210762E-02,0.268021559496,0.8));
#8950 = CARTESIAN_POINT('',(-9.70389041558E-02,0.260815026389,0.8));
#8951 = CARTESIAN_POINT('',(-0.100788790507,0.25269043642,0.8));
#8952 = CARTESIAN_POINT('',(-0.104023571535,0.243804063502,0.8));
#8953 = CARTESIAN_POINT('',(-0.106730898341,0.234581404488,0.8));
#8954 = CARTESIAN_POINT('',(-0.108594856201,0.225380887935,0.8));
#8955 = CARTESIAN_POINT('',(-0.109894356921,0.216424529944,0.8));
#8956 = CARTESIAN_POINT('',(-0.110036030772,0.210516823145,0.8));
#8957 = CARTESIAN_POINT('',(-0.110105822029,0.207606573435,0.8));
#8958 = PCURVE('',#1887,#8959);
#8959 = DEFINITIONAL_REPRESENTATION('',(#8960),#8964);
#8960 = LINE('',#8961,#8962);
#8961 = CARTESIAN_POINT('',(-2.263567106719E-16,-2.663453317978E-15));
#8962 = VECTOR('',#8963,1.);
#8963 = DIRECTION('',(1.,6.185214191241E-17));
#8964 = ( GEOMETRIC_REPRESENTATION_CONTEXT(2) 
PARAMETRIC_REPRESENTATION_CONTEXT() REPRESENTATION_CONTEXT('2D SPACE',''
  ) );
#8965 = PCURVE('',#8905,#8966);
#8966 = DEFINITIONAL_REPRESENTATION('',(#8967),#8979);
#8967 = B_SPLINE_CURVE_WITH_KNOTS('',3,(#8968,#8969,#8970,#8971,#8972,
    #8973,#8974,#8975,#8976,#8977,#8978),.UNSPECIFIED.,.F.,.F.,(4,1,1,1,
    1,1,1,1,4),(0.,0.108190563408,0.223615427177,0.348654075395,
    0.483714820184,0.620507078768,0.751977221387,0.877819220836,1.),
  .UNSPECIFIED.);
#8968 = CARTESIAN_POINT('',(-1.626983866494E-02,3.154700747025E-02));
#8969 = CARTESIAN_POINT('',(-1.468204572814E-02,2.951579732009E-02));
#8970 = CARTESIAN_POINT('',(-1.140029004958E-02,2.531755755587E-02));
#8971 = CARTESIAN_POINT('',(-7.233098001398E-03,1.811102444919E-02));
#8972 = CARTESIAN_POINT('',(-3.483211649736E-03,9.986434479537E-03));
#8973 = CARTESIAN_POINT('',(-2.484306221978E-04,1.100061562516E-03));
#8974 = CARTESIAN_POINT('',(2.458896183429E-03,-8.122597451694E-03));
#8975 = CARTESIAN_POINT('',(4.322854043772E-03,-1.732311400497E-02));
#8976 = CARTESIAN_POINT('',(5.62235476385E-03,-2.627947199641E-02));
#8977 = CARTESIAN_POINT('',(5.764028614662E-03,-3.218717879473E-02));
#8978 = CARTESIAN_POINT('',(5.833819871644E-03,-3.509742850536E-02));
#8979 = ( GEOMETRIC_REPRESENTATION_CONTEXT(2) 
PARAMETRIC_REPRESENTATION_CONTEXT() REPRESENTATION_CONTEXT('2D SPACE',''
  ) );
#8980 = ORIENTED_EDGE('',*,*,#8981,.T.);
#8981 = EDGE_CURVE('',#8943,#1856,#8982,.T.);
#8982 = SURFACE_CURVE('',#8983,(#8987,#8993),.PCURVE_S1.);
#8983 = LINE('',#8984,#8985);
#8984 = CARTESIAN_POINT('',(-0.110105822029,0.207606573435,0.8));
#8985 = VECTOR('',#8986,1.);
#8986 = DIRECTION('',(-0.,-0.,1.));
#8987 = PCURVE('',#1887,#8988);
#8988 = DEFINITIONAL_REPRESENTATION('',(#8989),#8992);
#8989 = B_SPLINE_CURVE_WITH_KNOTS('',1,(#8990,#8991),.UNSPECIFIED.,.F.,
  .F.,(2,2),(0.,1.E-02),.PIECEWISE_BEZIER_KNOTS.);
#8990 = CARTESIAN_POINT('',(1.,-2.601601176065E-15));
#8991 = CARTESIAN_POINT('',(1.,1.));
#8992 = ( GEOMETRIC_REPRESENTATION_CONTEXT(2) 
PARAMETRIC_REPRESENTATION_CONTEXT() REPRESENTATION_CONTEXT('2D SPACE',''
  ) );
#8993 = PCURVE('',#1965,#8994);
#8994 = DEFINITIONAL_REPRESENTATION('',(#8995),#8998);
#8995 = B_SPLINE_CURVE_WITH_KNOTS('',1,(#8996,#8997),.UNSPECIFIED.,.F.,
  .F.,(2,2),(0.,1.E-02),.PIECEWISE_BEZIER_KNOTS.);
#8996 = CARTESIAN_POINT('',(5.64086285474E-17,1.401645726568E-14));
#8997 = CARTESIAN_POINT('',(-1.648820746616E-16,1.));
#8998 = ( GEOMETRIC_REPRESENTATION_CONTEXT(2) 
PARAMETRIC_REPRESENTATION_CONTEXT() REPRESENTATION_CONTEXT('2D SPACE',''
  ) );
#8999 = ADVANCED_FACE('',(#9000),#1965,.T.);
#9000 = FACE_BOUND('',#9001,.T.);
#9001 = EDGE_LOOP('',(#9002,#9003,#9004,#9059));
#9002 = ORIENTED_EDGE('',*,*,#1917,.F.);
#9003 = ORIENTED_EDGE('',*,*,#8981,.F.);
#9004 = ORIENTED_EDGE('',*,*,#9005,.T.);
#9005 = EDGE_CURVE('',#8943,#9006,#9008,.T.);
#9006 = VERTEX_POINT('',#9007);
#9007 = CARTESIAN_POINT('',(-7.280589824836E-02,0.155348570386,0.8));
#9008 = SURFACE_CURVE('',#9009,(#9029,#9036),.PCURVE_S1.);
#9009 = B_SPLINE_CURVE_WITH_KNOTS('',3,(#9010,#9011,#9012,#9013,#9014,
    #9015,#9016,#9017,#9018,#9019,#9020,#9021,#9022,#9023,#9024,#9025,
    #9026,#9027,#9028),.UNSPECIFIED.,.F.,.F.,(4,1,1,1,1,1,1,1,1,1,1,1,1,
    1,1,1,4),(0.,8.674703274149E-02,0.167816092553,0.244172051398,
    0.315274320423,0.381557868498,0.444292045636,0.503784045556,
    0.560047304461,0.613818165292,0.666389525176,0.718166309971,
    0.770102982284,0.823988379582,0.87934886913,0.937998704004,1.),
  .UNSPECIFIED.);
#9010 = CARTESIAN_POINT('',(-0.110105822029,0.207606573435,0.8));
#9011 = CARTESIAN_POINT('',(-0.110078804115,0.205494084605,0.8));
#9012 = CARTESIAN_POINT('',(-0.110026536727,0.201407378584,0.8));
#9013 = CARTESIAN_POINT('',(-0.109613654451,0.195470593538,0.8));
#9014 = CARTESIAN_POINT('',(-0.108835788475,0.189956972331,0.8));
#9015 = CARTESIAN_POINT('',(-0.107859979612,0.184841604949,0.8));
#9016 = CARTESIAN_POINT('',(-0.106585357796,0.180130762731,0.8));
#9017 = CARTESIAN_POINT('',(-0.10495646844,0.175831976122,0.8));
#9018 = CARTESIAN_POINT('',(-0.10306647291,0.171910728617,0.8));
#9019 = CARTESIAN_POINT('',(-0.10087195617,0.16840197107,0.8));
#9020 = CARTESIAN_POINT('',(-9.836708029574E-02,0.165323452007,0.8));
#9021 = CARTESIAN_POINT('',(-9.560096188449E-02,0.162630184583,0.8));
#9022 = CARTESIAN_POINT('',(-9.252338424856E-02,0.160369689519,0.8));
#9023 = CARTESIAN_POINT('',(-8.913658376182E-02,0.158539832581,0.8));
#9024 = CARTESIAN_POINT('',(-8.546406339908E-02,0.157130461752,0.8));
#9025 = CARTESIAN_POINT('',(-8.151047199714E-02,0.156060740902,0.8));
#9026 = CARTESIAN_POINT('',(-7.725585267554E-02,0.155441543808,0.8));
#9027 = CARTESIAN_POINT('',(-7.431643356586E-02,0.155380130178,0.8));
#9028 = CARTESIAN_POINT('',(-7.280589824836E-02,0.155348570386,0.8));
#9029 = PCURVE('',#1965,#9030);
#9030 = DEFINITIONAL_REPRESENTATION('',(#9031),#9035);
#9031 = LINE('',#9032,#9033);
#9032 = CARTESIAN_POINT('',(5.64086285474E-17,1.401645726568E-14));
#9033 = VECTOR('',#9034,1.);
#9034 = DIRECTION('',(1.,-1.665334536938E-14));
#9035 = ( GEOMETRIC_REPRESENTATION_CONTEXT(2) 
PARAMETRIC_REPRESENTATION_CONTEXT() REPRESENTATION_CONTEXT('2D SPACE',''
  ) );
#9036 = PCURVE('',#8905,#9037);
#9037 = DEFINITIONAL_REPRESENTATION('',(#9038),#9058);
#9038 = B_SPLINE_CURVE_WITH_KNOTS('',3,(#9039,#9040,#9041,#9042,#9043,
    #9044,#9045,#9046,#9047,#9048,#9049,#9050,#9051,#9052,#9053,#9054,
    #9055,#9056,#9057),.UNSPECIFIED.,.F.,.F.,(4,1,1,1,1,1,1,1,1,1,1,1,1,
    1,1,1,4),(0.,8.674703274149E-02,0.167816092553,0.244172051398,
    0.315274320423,0.381557868498,0.444292045636,0.503784045556,
    0.560047304461,0.613818165292,0.666389525176,0.718166309971,
    0.770102982284,0.823988379582,0.87934886913,0.937998704004,1.),
  .UNSPECIFIED.);
#9039 = CARTESIAN_POINT('',(5.833819871644E-03,-3.509742850536E-02));
#9040 = CARTESIAN_POINT('',(5.806801957537E-03,-3.720991733509E-02));
#9041 = CARTESIAN_POINT('',(5.754534570043E-03,-4.129662335561E-02));
#9042 = CARTESIAN_POINT('',(5.341652293905E-03,-4.723340840165E-02));
#9043 = CARTESIAN_POINT('',(4.563786317426E-03,-5.274702960917E-02));
#9044 = CARTESIAN_POINT('',(3.587977454517E-03,-5.786239699111E-02));
#9045 = CARTESIAN_POINT('',(2.313355639114E-03,-6.257323920869E-02));
#9046 = CARTESIAN_POINT('',(6.844662831428E-04,-6.687202581788E-02));
#9047 = CARTESIAN_POINT('',(-1.205529247382E-03,-7.079327332294E-02));
#9048 = CARTESIAN_POINT('',(-3.40004598723E-03,-7.430203086962E-02));
#9049 = CARTESIAN_POINT('',(-5.90492186146E-03,-7.738054993269E-02));
#9050 = CARTESIAN_POINT('',(-8.671040272709E-03,-8.007381735682E-02));
#9051 = CARTESIAN_POINT('',(-1.174861790864E-02,-8.233431242072E-02));
#9052 = CARTESIAN_POINT('',(-1.513541839538E-02,-8.416416935912E-02));
#9053 = CARTESIAN_POINT('',(-1.880793875812E-02,-8.557354018843E-02));
#9054 = CARTESIAN_POINT('',(-2.276153016006E-02,-8.664326103787E-02));
#9055 = CARTESIAN_POINT('',(-2.701614948166E-02,-8.726245813169E-02));
#9056 = CARTESIAN_POINT('',(-2.995556859134E-02,-8.732387176168E-02));
#9057 = CARTESIAN_POINT('',(-3.146610390884E-02,-8.735543155414E-02));
#9058 = ( GEOMETRIC_REPRESENTATION_CONTEXT(2) 
PARAMETRIC_REPRESENTATION_CONTEXT() REPRESENTATION_CONTEXT('2D SPACE',''
  ) );
#9059 = ORIENTED_EDGE('',*,*,#9060,.T.);
#9060 = EDGE_CURVE('',#9006,#1918,#9061,.T.);
#9061 = SURFACE_CURVE('',#9062,(#9066,#9072),.PCURVE_S1.);
#9062 = LINE('',#9063,#9064);
#9063 = CARTESIAN_POINT('',(-7.280589824836E-02,0.155348570386,0.8));
#9064 = VECTOR('',#9065,1.);
#9065 = DIRECTION('',(-0.,-0.,1.));
#9066 = PCURVE('',#1965,#9067);
#9067 = DEFINITIONAL_REPRESENTATION('',(#9068),#9071);
#9068 = B_SPLINE_CURVE_WITH_KNOTS('',1,(#9069,#9070),.UNSPECIFIED.,.F.,
  .F.,(2,2),(0.,1.E-02),.PIECEWISE_BEZIER_KNOTS.);
#9069 = CARTESIAN_POINT('',(1.,-2.636888103702E-15));
#9070 = CARTESIAN_POINT('',(1.,1.));
#9071 = ( GEOMETRIC_REPRESENTATION_CONTEXT(2) 
PARAMETRIC_REPRESENTATION_CONTEXT() REPRESENTATION_CONTEXT('2D SPACE',''
  ) );
#9072 = PCURVE('',#2059,#9073);
#9073 = DEFINITIONAL_REPRESENTATION('',(#9074),#9077);
#9074 = B_SPLINE_CURVE_WITH_KNOTS('',1,(#9075,#9076),.UNSPECIFIED.,.F.,
  .F.,(2,2),(0.,1.E-02),.PIECEWISE_BEZIER_KNOTS.);
#9075 = CARTESIAN_POINT('',(-2.12208553939E-17,-2.636888103698E-15));
#9076 = CARTESIAN_POINT('',(-1.140279761845E-17,1.));
#9077 = ( GEOMETRIC_REPRESENTATION_CONTEXT(2) 
PARAMETRIC_REPRESENTATION_CONTEXT() REPRESENTATION_CONTEXT('2D SPACE',''
  ) );
#9078 = ADVANCED_FACE('',(#9079),#2059,.T.);
#9079 = FACE_BOUND('',#9080,.T.);
#9080 = EDGE_LOOP('',(#9081,#9082,#9083,#9138));
#9081 = ORIENTED_EDGE('',*,*,#2011,.F.);
#9082 = ORIENTED_EDGE('',*,*,#9060,.F.);
#9083 = ORIENTED_EDGE('',*,*,#9084,.T.);
#9084 = EDGE_CURVE('',#9006,#9085,#9087,.T.);
#9085 = VERTEX_POINT('',#9086);
#9086 = CARTESIAN_POINT('',(-1.945223971177E-02,0.213132488069,0.8));
#9087 = SURFACE_CURVE('',#9088,(#9108,#9115),.PCURVE_S1.);
#9088 = B_SPLINE_CURVE_WITH_KNOTS('',3,(#9089,#9090,#9091,#9092,#9093,
    #9094,#9095,#9096,#9097,#9098,#9099,#9100,#9101,#9102,#9103,#9104,
    #9105,#9106,#9107),.UNSPECIFIED.,.F.,.F.,(4,1,1,1,1,1,1,1,1,1,1,1,1,
    1,1,1,4),(0.,6.143677559668E-02,0.120786283623,0.179529799813,
    0.239083609676,0.300045672964,0.36368448217,0.429063656518,
    0.497600153655,0.536226551208,0.582212761661,0.634304033695,
    0.693520644727,0.759646206509,0.833191745162,0.912881341932,1.),
  .UNSPECIFIED.);
#9089 = CARTESIAN_POINT('',(-7.280589824836E-02,0.155348570386,0.8));
#9090 = CARTESIAN_POINT('',(-7.109920659139E-02,0.155398926967,0.8));
#9091 = CARTESIAN_POINT('',(-6.774380682417E-02,0.155497929302,0.8));
#9092 = CARTESIAN_POINT('',(-6.288806770373E-02,0.156692932444,0.8));
#9093 = CARTESIAN_POINT('',(-5.823622972854E-02,0.158356163147,0.8));
#9094 = CARTESIAN_POINT('',(-5.395231526612E-02,0.16091970056,0.8));
#9095 = CARTESIAN_POINT('',(-4.986976223773E-02,0.163992514544,0.8));
#9096 = CARTESIAN_POINT('',(-4.603118449234E-02,0.167612793256,0.8));
#9097 = CARTESIAN_POINT('',(-4.243429393286E-02,0.171750855803,0.8));
#9098 = CARTESIAN_POINT('',(-3.964146931997E-02,0.175640925186,0.8));
#9099 = CARTESIAN_POINT('',(-3.738735066787E-02,0.179238089474,0.8));
#9100 = CARTESIAN_POINT('',(-3.546103112062E-02,0.182500708278,0.8));
#9101 = CARTESIAN_POINT('',(-3.329237531534E-02,0.186282877415,0.8));
#9102 = CARTESIAN_POINT('',(-3.098669640091E-02,0.190626824885,0.8));
#9103 = CARTESIAN_POINT('',(-2.839682308115E-02,0.195492492851,0.8));
#9104 = CARTESIAN_POINT('',(-2.560945951692E-02,0.200895522601,0.8));
#9105 = CARTESIAN_POINT('',(-2.259062493405E-02,0.206833522448,0.8));
#9106 = CARTESIAN_POINT('',(-2.052897437505E-02,0.210971403898,0.8));
#9107 = CARTESIAN_POINT('',(-1.945223971177E-02,0.213132488069,0.8));
#9108 = PCURVE('',#2059,#9109);
#9109 = DEFINITIONAL_REPRESENTATION('',(#9110),#9114);
#9110 = LINE('',#9111,#9112);
#9111 = CARTESIAN_POINT('',(-1.140279761845E-17,-2.636888103698E-15));
#9112 = VECTOR('',#9113,1.);
#9113 = DIRECTION('',(1.,1.110223024625E-14));
#9114 = ( GEOMETRIC_REPRESENTATION_CONTEXT(2) 
PARAMETRIC_REPRESENTATION_CONTEXT() REPRESENTATION_CONTEXT('2D SPACE',''
  ) );
#9115 = PCURVE('',#8905,#9116);
#9116 = DEFINITIONAL_REPRESENTATION('',(#9117),#9137);
#9117 = B_SPLINE_CURVE_WITH_KNOTS('',3,(#9118,#9119,#9120,#9121,#9122,
    #9123,#9124,#9125,#9126,#9127,#9128,#9129,#9130,#9131,#9132,#9133,
    #9134,#9135,#9136),.UNSPECIFIED.,.F.,.F.,(4,1,1,1,1,1,1,1,1,1,1,1,1,
    1,1,1,4),(0.,6.143677559668E-02,0.120786283623,0.179529799813,
    0.239083609676,0.300045672964,0.36368448217,0.429063656518,
    0.497600153655,0.536226551208,0.582212761661,0.634304033695,
    0.693520644727,0.759646206509,0.833191745162,0.912881341932,1.),
  .UNSPECIFIED.);
#9118 = CARTESIAN_POINT('',(-3.146610390884E-02,-8.735543155414E-02));
#9119 = CARTESIAN_POINT('',(-3.317279556581E-02,-8.730507497331E-02));
#9120 = CARTESIAN_POINT('',(-3.652819533303E-02,-8.720607263804E-02));
#9121 = CARTESIAN_POINT('',(-4.138393445347E-02,-8.601106949563E-02));
#9122 = CARTESIAN_POINT('',(-4.603577242866E-02,-8.434783879256E-02));
#9123 = CARTESIAN_POINT('',(-5.031968689108E-02,-8.17843013804E-02));
#9124 = CARTESIAN_POINT('',(-5.440223991947E-02,-7.871148739647E-02));
#9125 = CARTESIAN_POINT('',(-5.824081766486E-02,-7.509120868385E-02));
#9126 = CARTESIAN_POINT('',(-6.183770822434E-02,-7.095314613697E-02));
#9127 = CARTESIAN_POINT('',(-6.463053283723E-02,-6.706307675389E-02));
#9128 = CARTESIAN_POINT('',(-6.688465148933E-02,-6.346591246641E-02));
#9129 = CARTESIAN_POINT('',(-6.881097103658E-02,-6.02032936618E-02));
#9130 = CARTESIAN_POINT('',(-7.097962684186E-02,-5.642112452488E-02));
#9131 = CARTESIAN_POINT('',(-7.328530575629E-02,-5.207717705494E-02));
#9132 = CARTESIAN_POINT('',(-7.587517907605E-02,-4.721150908933E-02));
#9133 = CARTESIAN_POINT('',(-7.866254264028E-02,-4.180847933887E-02));
#9134 = CARTESIAN_POINT('',(-8.168137722315E-02,-3.5870479492E-02));
#9135 = CARTESIAN_POINT('',(-8.374302778215E-02,-3.173259804232E-02));
#9136 = CARTESIAN_POINT('',(-8.481976244543E-02,-2.957151387122E-02));
#9137 = ( GEOMETRIC_REPRESENTATION_CONTEXT(2) 
PARAMETRIC_REPRESENTATION_CONTEXT() REPRESENTATION_CONTEXT('2D SPACE',''
  ) );
#9138 = ORIENTED_EDGE('',*,*,#9139,.T.);
#9139 = EDGE_CURVE('',#9085,#2012,#9140,.T.);
#9140 = SURFACE_CURVE('',#9141,(#9145,#9151),.PCURVE_S1.);
#9141 = LINE('',#9142,#9143);
#9142 = CARTESIAN_POINT('',(-1.945223971177E-02,0.213132488069,0.8));
#9143 = VECTOR('',#9144,1.);
#9144 = DIRECTION('',(-0.,-0.,1.));
#9145 = PCURVE('',#2059,#9146);
#9146 = DEFINITIONAL_REPRESENTATION('',(#9147),#9150);
#9147 = B_SPLINE_CURVE_WITH_KNOTS('',1,(#9148,#9149),.UNSPECIFIED.,.F.,
  .F.,(2,2),(0.,1.E-02),.PIECEWISE_BEZIER_KNOTS.);
#9148 = CARTESIAN_POINT('',(1.,8.46534214255E-15));
#9149 = CARTESIAN_POINT('',(1.,1.));
#9150 = ( GEOMETRIC_REPRESENTATION_CONTEXT(2) 
PARAMETRIC_REPRESENTATION_CONTEXT() REPRESENTATION_CONTEXT('2D SPACE',''
  ) );
#9151 = PCURVE('',#2153,#9152);
#9152 = DEFINITIONAL_REPRESENTATION('',(#9153),#9156);
#9153 = B_SPLINE_CURVE_WITH_KNOTS('',1,(#9154,#9155),.UNSPECIFIED.,.F.,
  .F.,(2,2),(0.,1.E-02),.PIECEWISE_BEZIER_KNOTS.);
#9154 = CARTESIAN_POINT('',(2.974309370691E-16,2.914226865584E-15));
#9155 = CARTESIAN_POINT('',(2.084127603154E-16,1.));
#9156 = ( GEOMETRIC_REPRESENTATION_CONTEXT(2) 
PARAMETRIC_REPRESENTATION_CONTEXT() REPRESENTATION_CONTEXT('2D SPACE',''
  ) );
#9157 = ADVANCED_FACE('',(#9158),#2153,.T.);
#9158 = FACE_BOUND('',#9159,.T.);
#9159 = EDGE_LOOP('',(#9160,#9161,#9162,#9217));
#9160 = ORIENTED_EDGE('',*,*,#2105,.F.);
#9161 = ORIENTED_EDGE('',*,*,#9139,.F.);
#9162 = ORIENTED_EDGE('',*,*,#9163,.T.);
#9163 = EDGE_CURVE('',#9085,#9164,#9166,.T.);
#9164 = VERTEX_POINT('',#9165);
#9165 = CARTESIAN_POINT('',(5.147954382482E-02,0.27425100941,0.8));
#9166 = SURFACE_CURVE('',#9167,(#9187,#9194),.PCURVE_S1.);
#9167 = B_SPLINE_CURVE_WITH_KNOTS('',3,(#9168,#9169,#9170,#9171,#9172,
    #9173,#9174,#9175,#9176,#9177,#9178,#9179,#9180,#9181,#9182,#9183,
    #9184,#9185,#9186),.UNSPECIFIED.,.F.,.F.,(4,1,1,1,1,1,1,1,1,1,1,1,1,
    1,1,1,4),(0.,0.101218005628,0.194813131507,0.280889612719,
    0.359581567526,0.431734083267,0.496917284448,0.555448165262,
    0.608072369233,0.657578652066,0.706004973909,0.754594113423,
    0.802754979662,0.850930103818,0.899632186762,0.949247018408,1.),
  .UNSPECIFIED.);
#9168 = CARTESIAN_POINT('',(-1.945223971177E-02,0.213132488069,0.8));
#9169 = CARTESIAN_POINT('',(-1.793114340426E-02,0.216127822651,0.8));
#9170 = CARTESIAN_POINT('',(-1.500350683257E-02,0.221892908678,0.8));
#9171 = CARTESIAN_POINT('',(-1.047509944081E-02,0.230043884472,0.8));
#9172 = CARTESIAN_POINT('',(-6.055554199535E-03,0.237393754022,0.8));
#9173 = CARTESIAN_POINT('',(-1.720419862486E-03,0.243957345514,0.8));
#9174 = CARTESIAN_POINT('',(2.548721956473E-03,0.249721900607,0.8));
#9175 = CARTESIAN_POINT('',(6.73072063556E-03,0.254705069458,0.8));
#9176 = CARTESIAN_POINT('',(1.083469232997E-02,0.258887026935,0.8));
#9177 = CARTESIAN_POINT('',(1.490432811734E-02,0.262344619051,0.8));
#9178 = CARTESIAN_POINT('',(1.901663697834E-02,0.265196028499,0.8));
#9179 = CARTESIAN_POINT('',(2.325360207757E-02,0.267595277797,0.8));
#9180 = CARTESIAN_POINT('',(2.762841626463E-02,0.269621474096,0.8));
#9181 = CARTESIAN_POINT('',(3.211220967744E-02,0.271377577999,0.8));
#9182 = CARTESIAN_POINT('',(3.676259037437E-02,0.27265372459,0.8));
#9183 = CARTESIAN_POINT('',(4.154493025729E-02,0.273542868691,0.8));
#9184 = CARTESIAN_POINT('',(4.646232402956E-02,0.274147885361,0.8));
#9185 = CARTESIAN_POINT('',(4.979454167672E-02,0.274216375838,0.8));
#9186 = CARTESIAN_POINT('',(5.147954382482E-02,0.27425100941,0.8));
#9187 = PCURVE('',#2153,#9188);
#9188 = DEFINITIONAL_REPRESENTATION('',(#9189),#9193);
#9189 = LINE('',#9190,#9191);
#9190 = CARTESIAN_POINT('',(2.501001415104E-16,2.914226865584E-15));
#9191 = VECTOR('',#9192,1.);
#9192 = DIRECTION('',(1.,-5.551114969286E-15));
#9193 = ( GEOMETRIC_REPRESENTATION_CONTEXT(2) 
PARAMETRIC_REPRESENTATION_CONTEXT() REPRESENTATION_CONTEXT('2D SPACE',''
  ) );
#9194 = PCURVE('',#8905,#9195);
#9195 = DEFINITIONAL_REPRESENTATION('',(#9196),#9216);
#9196 = B_SPLINE_CURVE_WITH_KNOTS('',3,(#9197,#9198,#9199,#9200,#9201,
    #9202,#9203,#9204,#9205,#9206,#9207,#9208,#9209,#9210,#9211,#9212,
    #9213,#9214,#9215),.UNSPECIFIED.,.F.,.F.,(4,1,1,1,1,1,1,1,1,1,1,1,1,
    1,1,1,4),(0.,0.101218005628,0.194813131507,0.280889612719,
    0.359581567526,0.431734083267,0.496917284448,0.555448165262,
    0.608072369233,0.657578652066,0.706004973909,0.754594113423,
    0.802754979662,0.850930103818,0.899632186762,0.949247018408,1.),
  .UNSPECIFIED.);
#9197 = CARTESIAN_POINT('',(-8.481976244543E-02,-2.957151387122E-02));
#9198 = CARTESIAN_POINT('',(-8.634085875294E-02,-2.657617928869E-02));
#9199 = CARTESIAN_POINT('',(-8.926849532463E-02,-2.08110932616E-02));
#9200 = CARTESIAN_POINT('',(-9.379690271639E-02,-1.266011746758E-02));
#9201 = CARTESIAN_POINT('',(-9.821644795766E-02,-5.310247917822E-03));
#9202 = CARTESIAN_POINT('',(-0.102551582295,1.253343573881E-03));
#9203 = CARTESIAN_POINT('',(-0.106820724114,7.01789866693E-03));
#9204 = CARTESIAN_POINT('',(-0.111002722793,1.200106751843E-02));
#9205 = CARTESIAN_POINT('',(-0.115106694487,1.618302499509E-02));
#9206 = CARTESIAN_POINT('',(-0.119176330275,1.964061711134E-02));
#9207 = CARTESIAN_POINT('',(-0.123288639136,2.249202655888E-02));
#9208 = CARTESIAN_POINT('',(-0.127525604235,2.48912758569E-02));
#9209 = CARTESIAN_POINT('',(-0.131900418422,2.691747215619E-02));
#9210 = CARTESIAN_POINT('',(-0.136384211835,2.867357605876E-02));
#9211 = CARTESIAN_POINT('',(-0.141034592532,2.994972265051E-02));
#9212 = CARTESIAN_POINT('',(-0.145816932414,3.08388667508E-02));
#9213 = CARTESIAN_POINT('',(-0.150734326187,3.144388342105E-02));
#9214 = CARTESIAN_POINT('',(-0.154066543834,3.151237389797E-02));
#9215 = CARTESIAN_POINT('',(-0.155751545982,3.154700747025E-02));
#9216 = ( GEOMETRIC_REPRESENTATION_CONTEXT(2) 
PARAMETRIC_REPRESENTATION_CONTEXT() REPRESENTATION_CONTEXT('2D SPACE',''
  ) );
#9217 = ORIENTED_EDGE('',*,*,#9218,.T.);
#9218 = EDGE_CURVE('',#9164,#2106,#9219,.T.);
#9219 = SURFACE_CURVE('',#9220,(#9224,#9230),.PCURVE_S1.);
#9220 = LINE('',#9221,#9222);
#9221 = CARTESIAN_POINT('',(5.147954382482E-02,0.27425100941,0.8));
#9222 = VECTOR('',#9223,1.);
#9223 = DIRECTION('',(-0.,-0.,1.));
#9224 = PCURVE('',#2153,#9225);
#9225 = DEFINITIONAL_REPRESENTATION('',(#9226),#9229);
#9226 = B_SPLINE_CURVE_WITH_KNOTS('',1,(#9227,#9228),.UNSPECIFIED.,.F.,
  .F.,(2,2),(0.,1.E-02),.PIECEWISE_BEZIER_KNOTS.);
#9227 = CARTESIAN_POINT('',(1.,-2.636888103702E-15));
#9228 = CARTESIAN_POINT('',(1.,1.));
#9229 = ( GEOMETRIC_REPRESENTATION_CONTEXT(2) 
PARAMETRIC_REPRESENTATION_CONTEXT() REPRESENTATION_CONTEXT('2D SPACE',''
  ) );
#9230 = PCURVE('',#2247,#9231);
#9231 = DEFINITIONAL_REPRESENTATION('',(#9232),#9235);
#9232 = B_SPLINE_CURVE_WITH_KNOTS('',1,(#9233,#9234),.UNSPECIFIED.,.F.,
  .F.,(2,2),(0.,1.E-02),.PIECEWISE_BEZIER_KNOTS.);
#9233 = CARTESIAN_POINT('',(-8.049571894413E-17,-2.636888103702E-15));
#9234 = CARTESIAN_POINT('',(-9.19189325671E-17,1.));
#9235 = ( GEOMETRIC_REPRESENTATION_CONTEXT(2) 
PARAMETRIC_REPRESENTATION_CONTEXT() REPRESENTATION_CONTEXT('2D SPACE',''
  ) );
#9236 = ADVANCED_FACE('',(#9237),#2247,.T.);
#9237 = FACE_BOUND('',#9238,.T.);
#9238 = EDGE_LOOP('',(#9239,#9240,#9241,#9296));
#9239 = ORIENTED_EDGE('',*,*,#2199,.F.);
#9240 = ORIENTED_EDGE('',*,*,#9218,.F.);
#9241 = ORIENTED_EDGE('',*,*,#9242,.T.);
#9242 = EDGE_CURVE('',#9164,#9243,#9245,.T.);
#9243 = VERTEX_POINT('',#9244);
#9244 = CARTESIAN_POINT('',(0.118552714557,0.185836375264,0.8));
#9245 = SURFACE_CURVE('',#9246,(#9266,#9273),.PCURVE_S1.);
#9246 = B_SPLINE_CURVE_WITH_KNOTS('',3,(#9247,#9248,#9249,#9250,#9251,
    #9252,#9253,#9254,#9255,#9256,#9257,#9258,#9259,#9260,#9261,#9262,
    #9263,#9264,#9265),.UNSPECIFIED.,.F.,.F.,(4,1,1,1,1,1,1,1,1,1,1,1,1,
    1,1,1,4),(0.,6.065275054468E-02,0.118575922151,0.174872493828,
    0.230500618918,0.285862557024,0.342151295409,0.40043747458,
    0.461270500202,0.523583574092,0.586526806109,0.65040994783,
    0.715758040973,0.782893479562,0.852414564307,0.924820939491,1.),
  .UNSPECIFIED.);
#9247 = CARTESIAN_POINT('',(5.147954382482E-02,0.27425100941,0.8));
#9248 = CARTESIAN_POINT('',(5.39937867381E-02,0.274186625406,0.8));
#9249 = CARTESIAN_POINT('',(5.890912312889E-02,0.274060754895,0.8));
#9250 = CARTESIAN_POINT('',(6.606764727415E-02,0.272815751166,0.8));
#9251 = CARTESIAN_POINT('',(7.28466098151E-02,0.27088264872,0.8));
#9252 = CARTESIAN_POINT('',(7.921448107312E-02,0.268097353044,0.8));
#9253 = CARTESIAN_POINT('',(8.517491155028E-02,0.264532086378,0.8));
#9254 = CARTESIAN_POINT('',(9.074644006979E-02,0.260203877997,0.8));
#9255 = CARTESIAN_POINT('',(9.59184082987E-02,0.255074416191,0.8));
#9256 = CARTESIAN_POINT('',(0.100575767547,0.249160146746,0.8));
#9257 = CARTESIAN_POINT('',(0.104812725467,0.242708988233,0.8));
#9258 = CARTESIAN_POINT('',(0.108459657009,0.23576597044,0.8));
#9259 = CARTESIAN_POINT('',(0.111653401584,0.228463514798,0.8));
#9260 = CARTESIAN_POINT('',(0.114129310362,0.220706291915,0.8));
#9261 = CARTESIAN_POINT('',(0.116177496439,0.212585596125,0.8));
#9262 = CARTESIAN_POINT('',(0.117502594679,0.204020248893,0.8));
#9263 = CARTESIAN_POINT('',(0.11840125487,0.195065414083,0.8));
#9264 = CARTESIAN_POINT('',(0.118501599603,0.18895101193,0.8));
#9265 = CARTESIAN_POINT('',(0.118552714557,0.185836375264,0.8));
#9266 = PCURVE('',#2247,#9267);
#9267 = DEFINITIONAL_REPRESENTATION('',(#9268),#9272);
#9268 = LINE('',#9269,#9270);
#9269 = CARTESIAN_POINT('',(-9.19189325671E-17,-2.636888103702E-15));
#9270 = VECTOR('',#9271,1.);
#9271 = DIRECTION('',(1.,-3.699757645487E-28));
#9272 = ( GEOMETRIC_REPRESENTATION_CONTEXT(2) 
PARAMETRIC_REPRESENTATION_CONTEXT() REPRESENTATION_CONTEXT('2D SPACE',''
  ) );
#9273 = PCURVE('',#8905,#9274);
#9274 = DEFINITIONAL_REPRESENTATION('',(#9275),#9295);
#9275 = B_SPLINE_CURVE_WITH_KNOTS('',3,(#9276,#9277,#9278,#9279,#9280,
    #9281,#9282,#9283,#9284,#9285,#9286,#9287,#9288,#9289,#9290,#9291,
    #9292,#9293,#9294),.UNSPECIFIED.,.F.,.F.,(4,1,1,1,1,1,1,1,1,1,1,1,1,
    1,1,1,4),(0.,6.065275054468E-02,0.118575922151,0.174872493828,
    0.230500618918,0.285862557024,0.342151295409,0.40043747458,
    0.461270500202,0.523583574092,0.586526806109,0.65040994783,
    0.715758040973,0.782893479562,0.852414564307,0.924820939491,1.),
  .UNSPECIFIED.);
#9276 = CARTESIAN_POINT('',(-0.155751545982,3.154700747025E-02));
#9277 = CARTESIAN_POINT('',(-0.158265788895,3.14826234657E-02));
#9278 = CARTESIAN_POINT('',(-0.163181125286,3.135675295461E-02));
#9279 = CARTESIAN_POINT('',(-0.170339649431,3.011174922558E-02));
#9280 = CARTESIAN_POINT('',(-0.177118611972,2.817864677981E-02));
#9281 = CARTESIAN_POINT('',(-0.18348648323,2.539335110412E-02));
#9282 = CARTESIAN_POINT('',(-0.189446913707,2.182808443842E-02));
#9283 = CARTESIAN_POINT('',(-0.195018442227,1.749987605714E-02));
#9284 = CARTESIAN_POINT('',(-0.200190410456,1.237041425127E-02));
#9285 = CARTESIAN_POINT('',(-0.204847769704,6.456144806158E-03));
#9286 = CARTESIAN_POINT('',(-0.209084727624,4.98629324322E-06));
#9287 = CARTESIAN_POINT('',(-0.212731659166,-6.938031499626E-03));
#9288 = CARTESIAN_POINT('',(-0.215925403741,-1.424048714213E-02));
#9289 = CARTESIAN_POINT('',(-0.218401312519,-2.199771002529E-02));
#9290 = CARTESIAN_POINT('',(-0.220449498596,-3.011840581455E-02));
#9291 = CARTESIAN_POINT('',(-0.221774596836,-3.868375304736E-02));
#9292 = CARTESIAN_POINT('',(-0.222673257027,-4.763858785726E-02));
#9293 = CARTESIAN_POINT('',(-0.22277360176,-5.375299000988E-02));
#9294 = CARTESIAN_POINT('',(-0.222824716714,-5.68676266761E-02));
#9295 = ( GEOMETRIC_REPRESENTATION_CONTEXT(2) 
PARAMETRIC_REPRESENTATION_CONTEXT() REPRESENTATION_CONTEXT('2D SPACE',''
  ) );
#9296 = ORIENTED_EDGE('',*,*,#9297,.T.);
#9297 = EDGE_CURVE('',#9243,#2200,#9298,.T.);
#9298 = SURFACE_CURVE('',#9299,(#9303,#9309),.PCURVE_S1.);
#9299 = LINE('',#9300,#9301);
#9300 = CARTESIAN_POINT('',(0.118552714557,0.185836375264,0.8));
#9301 = VECTOR('',#9302,1.);
#9302 = DIRECTION('',(-0.,-0.,1.));
#9303 = PCURVE('',#2247,#9304);
#9304 = DEFINITIONAL_REPRESENTATION('',(#9305),#9308);
#9305 = B_SPLINE_CURVE_WITH_KNOTS('',1,(#9306,#9307),.UNSPECIFIED.,.F.,
  .F.,(2,2),(0.,1.E-02),.PIECEWISE_BEZIER_KNOTS.);
#9306 = CARTESIAN_POINT('',(1.,-2.636888103702E-15));
#9307 = CARTESIAN_POINT('',(1.,1.));
#9308 = ( GEOMETRIC_REPRESENTATION_CONTEXT(2) 
PARAMETRIC_REPRESENTATION_CONTEXT() REPRESENTATION_CONTEXT('2D SPACE',''
  ) );
#9309 = PCURVE('',#2325,#9310);
#9310 = DEFINITIONAL_REPRESENTATION('',(#9311),#9314);
#9311 = B_SPLINE_CURVE_WITH_KNOTS('',1,(#9312,#9313),.UNSPECIFIED.,.F.,
  .F.,(2,2),(0.,1.E-02),.PIECEWISE_BEZIER_KNOTS.);
#9312 = CARTESIAN_POINT('',(-4.986635426417E-16,-2.639871025335E-15));
#9313 = CARTESIAN_POINT('',(6.648426704946E-19,1.));
#9314 = ( GEOMETRIC_REPRESENTATION_CONTEXT(2) 
PARAMETRIC_REPRESENTATION_CONTEXT() REPRESENTATION_CONTEXT('2D SPACE',''
  ) );
#9315 = ADVANCED_FACE('',(#9316),#2325,.T.);
#9316 = FACE_BOUND('',#9317,.T.);
#9317 = EDGE_LOOP('',(#9318,#9319,#9320,#9359));
#9318 = ORIENTED_EDGE('',*,*,#2293,.F.);
#9319 = ORIENTED_EDGE('',*,*,#9297,.F.);
#9320 = ORIENTED_EDGE('',*,*,#9321,.T.);
#9321 = EDGE_CURVE('',#9243,#9322,#9324,.T.);
#9322 = VERTEX_POINT('',#9323);
#9323 = CARTESIAN_POINT('',(0.111692958459,0.130958326483,0.8));
#9324 = SURFACE_CURVE('',#9325,(#9337,#9344),.PCURVE_S1.);
#9325 = B_SPLINE_CURVE_WITH_KNOTS('',3,(#9326,#9327,#9328,#9329,#9330,
    #9331,#9332,#9333,#9334,#9335,#9336),.UNSPECIFIED.,.F.,.F.,(4,1,1,1,
    1,1,1,1,4),(0.,0.162857342804,0.313825578394,0.454705222444,
    0.583999006687,0.703514027231,0.811932490402,0.911093027863,1.),
  .UNSPECIFIED.);
#9326 = CARTESIAN_POINT('',(0.118552714557,0.185836375264,0.8));
#9327 = CARTESIAN_POINT('',(0.118541236253,0.182818899511,0.8));
#9328 = CARTESIAN_POINT('',(0.118519117599,0.177004233391,0.8));
#9329 = CARTESIAN_POINT('',(0.118159737178,0.168586619891,0.8));
#9330 = CARTESIAN_POINT('',(0.117677051972,0.160797377573,0.8));
#9331 = CARTESIAN_POINT('',(0.116891961809,0.153619432142,0.8));
#9332 = CARTESIAN_POINT('',(0.11598891605,0.14705946912,0.8));
#9333 = CARTESIAN_POINT('',(0.114766227977,0.14112307761,0.8));
#9334 = CARTESIAN_POINT('',(0.113461508515,0.135779261879,0.8));
#9335 = CARTESIAN_POINT('',(0.1122606513,0.13250581478,0.8));
#9336 = CARTESIAN_POINT('',(0.111692958459,0.130958326483,0.8));
#9337 = PCURVE('',#2325,#9338);
#9338 = DEFINITIONAL_REPRESENTATION('',(#9339),#9343);
#9339 = LINE('',#9340,#9341);
#9340 = CARTESIAN_POINT('',(6.648426704946E-19,-2.639871025335E-15));
#9341 = VECTOR('',#9342,1.);
#9342 = DIRECTION('',(1.,-1.10993548973E-14));
#9343 = ( GEOMETRIC_REPRESENTATION_CONTEXT(2) 
PARAMETRIC_REPRESENTATION_CONTEXT() REPRESENTATION_CONTEXT('2D SPACE',''
  ) );
#9344 = PCURVE('',#8905,#9345);
#9345 = DEFINITIONAL_REPRESENTATION('',(#9346),#9358);
#9346 = B_SPLINE_CURVE_WITH_KNOTS('',3,(#9347,#9348,#9349,#9350,#9351,
    #9352,#9353,#9354,#9355,#9356,#9357),.UNSPECIFIED.,.F.,.F.,(4,1,1,1,
    1,1,1,1,4),(0.,0.162857342804,0.313825578394,0.454705222444,
    0.583999006687,0.703514027231,0.811932490402,0.911093027863,1.),
  .UNSPECIFIED.);
#9347 = CARTESIAN_POINT('',(-0.222824716714,-5.68676266761E-02));
#9348 = CARTESIAN_POINT('',(-0.22281323841,-5.988510242918E-02));
#9349 = CARTESIAN_POINT('',(-0.222791119757,-6.569976854861E-02));
#9350 = CARTESIAN_POINT('',(-0.222431739335,-7.411738204877E-02));
#9351 = CARTESIAN_POINT('',(-0.221949054129,-8.190662436679E-02));
#9352 = CARTESIAN_POINT('',(-0.221163963966,-8.908456979768E-02));
#9353 = CARTESIAN_POINT('',(-0.220260918207,-9.56445328195E-02));
#9354 = CARTESIAN_POINT('',(-0.219038230134,-0.10158092433));
#9355 = CARTESIAN_POINT('',(-0.217733510672,-0.106924740061));
#9356 = CARTESIAN_POINT('',(-0.216532653458,-0.11019818716));
#9357 = CARTESIAN_POINT('',(-0.215964960616,-0.111745675457));
#9358 = ( GEOMETRIC_REPRESENTATION_CONTEXT(2) 
PARAMETRIC_REPRESENTATION_CONTEXT() REPRESENTATION_CONTEXT('2D SPACE',''
  ) );
#9359 = ORIENTED_EDGE('',*,*,#9360,.T.);
#9360 = EDGE_CURVE('',#9322,#2294,#9361,.T.);
#9361 = SURFACE_CURVE('',#9362,(#9366,#9372),.PCURVE_S1.);
#9362 = LINE('',#9363,#9364);
#9363 = CARTESIAN_POINT('',(0.111692958459,0.130958326483,0.8));
#9364 = VECTOR('',#9365,1.);
#9365 = DIRECTION('',(-0.,-0.,1.));
#9366 = PCURVE('',#2325,#9367);
#9367 = DEFINITIONAL_REPRESENTATION('',(#9368),#9371);
#9368 = B_SPLINE_CURVE_WITH_KNOTS('',1,(#9369,#9370),.UNSPECIFIED.,.F.,
  .F.,(2,2),(0.,1.E-02),.PIECEWISE_BEZIER_KNOTS.);
#9369 = CARTESIAN_POINT('',(1.,-1.373922592263E-14));
#9370 = CARTESIAN_POINT('',(1.,1.));
#9371 = ( GEOMETRIC_REPRESENTATION_CONTEXT(2) 
PARAMETRIC_REPRESENTATION_CONTEXT() REPRESENTATION_CONTEXT('2D SPACE',''
  ) );
#9372 = PCURVE('',#2371,#9373);
#9373 = DEFINITIONAL_REPRESENTATION('',(#9374),#9378);
#9374 = LINE('',#9375,#9376);
#9375 = CARTESIAN_POINT('',(0.,0.));
#9376 = VECTOR('',#9377,1.);
#9377 = DIRECTION('',(1.,-0.));
#9378 = ( GEOMETRIC_REPRESENTATION_CONTEXT(2) 
PARAMETRIC_REPRESENTATION_CONTEXT() REPRESENTATION_CONTEXT('2D SPACE',''
  ) );
#9379 = ADVANCED_FACE('',(#9380),#2371,.T.);
#9380 = FACE_BOUND('',#9381,.T.);
#9381 = EDGE_LOOP('',(#9382,#9383,#9384,#9407));
#9382 = ORIENTED_EDGE('',*,*,#2355,.F.);
#9383 = ORIENTED_EDGE('',*,*,#9360,.F.);
#9384 = ORIENTED_EDGE('',*,*,#9385,.T.);
#9385 = EDGE_CURVE('',#9322,#9386,#9388,.T.);
#9386 = VERTEX_POINT('',#9387);
#9387 = CARTESIAN_POINT('',(7.51075926053E-02,0.130958326483,0.8));
#9388 = SURFACE_CURVE('',#9389,(#9393,#9400),.PCURVE_S1.);
#9389 = LINE('',#9390,#9391);
#9390 = CARTESIAN_POINT('',(0.111692958459,0.130958326483,0.8));
#9391 = VECTOR('',#9392,1.);
#9392 = DIRECTION('',(-1.,0.,0.));
#9393 = PCURVE('',#2371,#9394);
#9394 = DEFINITIONAL_REPRESENTATION('',(#9395),#9399);
#9395 = LINE('',#9396,#9397);
#9396 = CARTESIAN_POINT('',(0.,0.));
#9397 = VECTOR('',#9398,1.);
#9398 = DIRECTION('',(0.,-1.));
#9399 = ( GEOMETRIC_REPRESENTATION_CONTEXT(2) 
PARAMETRIC_REPRESENTATION_CONTEXT() REPRESENTATION_CONTEXT('2D SPACE',''
  ) );
#9400 = PCURVE('',#8905,#9401);
#9401 = DEFINITIONAL_REPRESENTATION('',(#9402),#9406);
#9402 = LINE('',#9403,#9404);
#9403 = CARTESIAN_POINT('',(-0.215964960616,-0.111745675457));
#9404 = VECTOR('',#9405,1.);
#9405 = DIRECTION('',(1.,-9.978308937986E-25));
#9406 = ( GEOMETRIC_REPRESENTATION_CONTEXT(2) 
PARAMETRIC_REPRESENTATION_CONTEXT() REPRESENTATION_CONTEXT('2D SPACE',''
  ) );
#9407 = ORIENTED_EDGE('',*,*,#9408,.T.);
#9408 = EDGE_CURVE('',#9386,#2356,#9409,.T.);
#9409 = SURFACE_CURVE('',#9410,(#9414,#9421),.PCURVE_S1.);
#9410 = LINE('',#9411,#9412);
#9411 = CARTESIAN_POINT('',(7.51075926053E-02,0.130958326483,0.8));
#9412 = VECTOR('',#9413,1.);
#9413 = DIRECTION('',(-0.,-0.,1.));
#9414 = PCURVE('',#2371,#9415);
#9415 = DEFINITIONAL_REPRESENTATION('',(#9416),#9420);
#9416 = LINE('',#9417,#9418);
#9417 = CARTESIAN_POINT('',(0.,-3.658536585366E-02));
#9418 = VECTOR('',#9419,1.);
#9419 = DIRECTION('',(1.,-0.));
#9420 = ( GEOMETRIC_REPRESENTATION_CONTEXT(2) 
PARAMETRIC_REPRESENTATION_CONTEXT() REPRESENTATION_CONTEXT('2D SPACE',''
  ) );
#9421 = PCURVE('',#2415,#9422);
#9422 = DEFINITIONAL_REPRESENTATION('',(#9423),#9426);
#9423 = B_SPLINE_CURVE_WITH_KNOTS('',1,(#9424,#9425),.UNSPECIFIED.,.F.,
  .F.,(2,2),(0.,1.E-02),.PIECEWISE_BEZIER_KNOTS.);
#9424 = CARTESIAN_POINT('',(-1.844558915874E-14,8.465348812528E-15));
#9425 = CARTESIAN_POINT('',(-1.945270454974E-16,1.));
#9426 = ( GEOMETRIC_REPRESENTATION_CONTEXT(2) 
PARAMETRIC_REPRESENTATION_CONTEXT() REPRESENTATION_CONTEXT('2D SPACE',''
  ) );
#9427 = ADVANCED_FACE('',(#9428),#2415,.T.);
#9428 = FACE_BOUND('',#9429,.T.);
#9429 = EDGE_LOOP('',(#9430,#9431,#9432,#9471));
#9430 = ORIENTED_EDGE('',*,*,#2383,.F.);
#9431 = ORIENTED_EDGE('',*,*,#9408,.F.);
#9432 = ORIENTED_EDGE('',*,*,#9433,.T.);
#9433 = EDGE_CURVE('',#9386,#9434,#9436,.T.);
#9434 = VERTEX_POINT('',#9435);
#9435 = CARTESIAN_POINT('',(9.111369016628E-02,0.188504058191,0.8));
#9436 = SURFACE_CURVE('',#9437,(#9449,#9456),.PCURVE_S1.);
#9437 = B_SPLINE_CURVE_WITH_KNOTS('',3,(#9438,#9439,#9440,#9441,#9442,
    #9443,#9444,#9445,#9446,#9447,#9448),.UNSPECIFIED.,.F.,.F.,(4,1,1,1,
    1,1,1,1,4),(0.,0.11475796068,0.231322153594,0.349558214535,
    0.470710944971,0.595807721352,0.725383541685,0.859426662825,1.),
  .UNSPECIFIED.);
#9438 = CARTESIAN_POINT('',(7.51075926053E-02,0.130958326483,0.8));
#9439 = CARTESIAN_POINT('',(7.640382243954E-02,0.132886561978,0.8));
#9440 = CARTESIAN_POINT('',(7.901668410974E-02,0.136773382419,0.8));
#9441 = CARTESIAN_POINT('',(8.219540141981E-02,0.143105347145,0.8));
#9442 = CARTESIAN_POINT('',(8.50020663862E-02,0.149742289403,0.8));
#9443 = CARTESIAN_POINT('',(8.72153481148E-02,0.156784706291,0.8));
#9444 = CARTESIAN_POINT('',(8.899791496734E-02,0.164182086185,0.8));
#9445 = CARTESIAN_POINT('',(9.019683248257E-02,0.171959005282,0.8));
#9446 = CARTESIAN_POINT('',(9.100086634701E-02,0.180102978598,0.8));
#9447 = CARTESIAN_POINT('',(9.10754907188E-02,0.185659653518,0.8));
#9448 = CARTESIAN_POINT('',(9.111369016628E-02,0.188504058191,0.8));
#9449 = PCURVE('',#2415,#9450);
#9450 = DEFINITIONAL_REPRESENTATION('',(#9451),#9455);
#9451 = LINE('',#9452,#9453);
#9452 = CARTESIAN_POINT('',(-1.945270454974E-16,8.465348812528E-15));
#9453 = VECTOR('',#9454,1.);
#9454 = DIRECTION('',(1.,-2.220457405381E-14));
#9455 = ( GEOMETRIC_REPRESENTATION_CONTEXT(2) 
PARAMETRIC_REPRESENTATION_CONTEXT() REPRESENTATION_CONTEXT('2D SPACE',''
  ) );
#9456 = PCURVE('',#8905,#9457);
#9457 = DEFINITIONAL_REPRESENTATION('',(#9458),#9470);
#9458 = B_SPLINE_CURVE_WITH_KNOTS('',3,(#9459,#9460,#9461,#9462,#9463,
    #9464,#9465,#9466,#9467,#9468,#9469),.UNSPECIFIED.,.F.,.F.,(4,1,1,1,
    1,1,1,1,4),(0.,0.11475796068,0.231322153594,0.349558214535,
    0.470710944971,0.595807721352,0.725383541685,0.859426662825,1.),
  .UNSPECIFIED.);
#9459 = CARTESIAN_POINT('',(-0.179379594763,-0.111745675457));
#9460 = CARTESIAN_POINT('',(-0.180675824597,-0.109817439962));
#9461 = CARTESIAN_POINT('',(-0.183288686267,-0.105930619521));
#9462 = CARTESIAN_POINT('',(-0.186467403577,-9.959865479508E-02));
#9463 = CARTESIAN_POINT('',(-0.189274068543,-9.296171253651E-02));
#9464 = CARTESIAN_POINT('',(-0.191487350272,-8.591929564905E-02));
#9465 = CARTESIAN_POINT('',(-0.193269917125,-7.852191575492E-02));
#9466 = CARTESIAN_POINT('',(-0.19446883464,-7.074499665796E-02));
#9467 = CARTESIAN_POINT('',(-0.195272868504,-6.260102334194E-02));
#9468 = CARTESIAN_POINT('',(-0.195347492876,-5.704434842164E-02));
#9469 = CARTESIAN_POINT('',(-0.195385692323,-5.419994374927E-02));
#9470 = ( GEOMETRIC_REPRESENTATION_CONTEXT(2) 
PARAMETRIC_REPRESENTATION_CONTEXT() REPRESENTATION_CONTEXT('2D SPACE',''
  ) );
#9471 = ORIENTED_EDGE('',*,*,#9472,.T.);
#9472 = EDGE_CURVE('',#9434,#2384,#9473,.T.);
#9473 = SURFACE_CURVE('',#9474,(#9478,#9484),.PCURVE_S1.);
#9474 = LINE('',#9475,#9476);
#9475 = CARTESIAN_POINT('',(9.111369016628E-02,0.188504058191,0.8));
#9476 = VECTOR('',#9477,1.);
#9477 = DIRECTION('',(-0.,-0.,1.));
#9478 = PCURVE('',#2415,#9479);
#9479 = DEFINITIONAL_REPRESENTATION('',(#9480),#9483);
#9480 = B_SPLINE_CURVE_WITH_KNOTS('',1,(#9481,#9482),.UNSPECIFIED.,.F.,
  .F.,(2,2),(0.,1.E-02),.PIECEWISE_BEZIER_KNOTS.);
#9481 = CARTESIAN_POINT('',(1.,-1.373922524129E-14));
#9482 = CARTESIAN_POINT('',(1.,1.));
#9483 = ( GEOMETRIC_REPRESENTATION_CONTEXT(2) 
PARAMETRIC_REPRESENTATION_CONTEXT() REPRESENTATION_CONTEXT('2D SPACE',''
  ) );
#9484 = PCURVE('',#2493,#9485);
#9485 = DEFINITIONAL_REPRESENTATION('',(#9486),#9489);
#9486 = B_SPLINE_CURVE_WITH_KNOTS('',1,(#9487,#9488),.UNSPECIFIED.,.F.,
  .F.,(2,2),(0.,1.E-02),.PIECEWISE_BEZIER_KNOTS.);
#9487 = CARTESIAN_POINT('',(2.461495653181E-16,-2.636888103702E-15));
#9488 = CARTESIAN_POINT('',(2.461495653181E-16,1.));
#9489 = ( GEOMETRIC_REPRESENTATION_CONTEXT(2) 
PARAMETRIC_REPRESENTATION_CONTEXT() REPRESENTATION_CONTEXT('2D SPACE',''
  ) );
#9490 = ADVANCED_FACE('',(#9491),#2493,.T.);
#9491 = FACE_BOUND('',#9492,.T.);
#9492 = EDGE_LOOP('',(#9493,#9494,#9495,#9550));
#9493 = ORIENTED_EDGE('',*,*,#2445,.F.);
#9494 = ORIENTED_EDGE('',*,*,#9472,.F.);
#9495 = ORIENTED_EDGE('',*,*,#9496,.T.);
#9496 = EDGE_CURVE('',#9434,#9497,#9499,.T.);
#9497 = VERTEX_POINT('',#9498);
#9498 = CARTESIAN_POINT('',(5.476651028823E-02,0.240714424044,0.8));
#9499 = SURFACE_CURVE('',#9500,(#9520,#9527),.PCURVE_S1.);
#9500 = B_SPLINE_CURVE_WITH_KNOTS('',3,(#9501,#9502,#9503,#9504,#9505,
    #9506,#9507,#9508,#9509,#9510,#9511,#9512,#9513,#9514,#9515,#9516,
    #9517,#9518,#9519),.UNSPECIFIED.,.F.,.F.,(4,1,1,1,1,1,1,1,1,1,1,1,1,
    1,1,1,4),(0.,7.894218639162E-02,0.154810290657,0.227070077551,
    0.296854885564,0.363923766026,0.428505730618,0.491620089841,
    0.553097446576,0.612889261804,0.669669109195,0.724301146261,
    0.777908380095,0.831486403586,0.885426346487,0.941719653073,1.),
  .UNSPECIFIED.);
#9501 = CARTESIAN_POINT('',(9.111369016628E-02,0.188504058191,0.8));
#9502 = CARTESIAN_POINT('',(9.109317674513E-02,0.190379135651,0.8));
#9503 = CARTESIAN_POINT('',(9.105294871452E-02,0.194056273311,0.8));
#9504 = CARTESIAN_POINT('',(9.053494358321E-02,0.199426956672,0.8));
#9505 = CARTESIAN_POINT('',(8.985666274603E-02,0.204558333005,0.8));
#9506 = CARTESIAN_POINT('',(8.881262219497E-02,0.209418887998,0.8));
#9507 = CARTESIAN_POINT('',(8.742633382598E-02,0.2140013996,0.8));
#9508 = CARTESIAN_POINT('',(8.575039580686E-02,0.218315990825,0.8));
#9509 = CARTESIAN_POINT('',(8.380565869421E-02,0.222370258298,0.8));
#9510 = CARTESIAN_POINT('',(8.157045543474E-02,0.226141715877,0.8));
#9511 = CARTESIAN_POINT('',(7.907471895117E-02,0.229562226544,0.8));
#9512 = CARTESIAN_POINT('',(7.630485094172E-02,0.232556651091,0.8));
#9513 = CARTESIAN_POINT('',(7.325379709591E-02,0.235024382573,0.8));
#9514 = CARTESIAN_POINT('',(7.006978566405E-02,0.237199247428,0.8));
#9515 = CARTESIAN_POINT('',(6.654603374132E-02,0.238729930343,0.8));
#9516 = CARTESIAN_POINT('',(6.283437759381E-02,0.239915131413,0.8));
#9517 = CARTESIAN_POINT('',(5.887018173271E-02,0.240567493647,0.8));
#9518 = CARTESIAN_POINT('',(5.615012533243E-02,0.240664884233,0.8));
#9519 = CARTESIAN_POINT('',(5.476651028823E-02,0.240714424044,0.8));
#9520 = PCURVE('',#2493,#9521);
#9521 = DEFINITIONAL_REPRESENTATION('',(#9522),#9526);
#9522 = LINE('',#9523,#9524);
#9523 = CARTESIAN_POINT('',(2.461495653181E-16,-2.636888103702E-15));
#9524 = VECTOR('',#9525,1.);
#9525 = DIRECTION('',(1.,-9.466330862652E-29));
#9526 = ( GEOMETRIC_REPRESENTATION_CONTEXT(2) 
PARAMETRIC_REPRESENTATION_CONTEXT() REPRESENTATION_CONTEXT('2D SPACE',''
  ) );
#9527 = PCURVE('',#8905,#9528);
#9528 = DEFINITIONAL_REPRESENTATION('',(#9529),#9549);
#9529 = B_SPLINE_CURVE_WITH_KNOTS('',3,(#9530,#9531,#9532,#9533,#9534,
    #9535,#9536,#9537,#9538,#9539,#9540,#9541,#9542,#9543,#9544,#9545,
    #9546,#9547,#9548),.UNSPECIFIED.,.F.,.F.,(4,1,1,1,1,1,1,1,1,1,1,1,1,
    1,1,1,4),(0.,7.894218639162E-02,0.154810290657,0.227070077551,
    0.296854885564,0.363923766026,0.428505730618,0.491620089841,
    0.553097446576,0.612889261804,0.669669109195,0.724301146261,
    0.777908380095,0.831486403586,0.885426346487,0.941719653073,1.),
  .UNSPECIFIED.);
#9530 = CARTESIAN_POINT('',(-0.195385692323,-5.419994374927E-02));
#9531 = CARTESIAN_POINT('',(-0.195365178902,-5.232486628942E-02));
#9532 = CARTESIAN_POINT('',(-0.195324950872,-4.864772862918E-02));
#9533 = CARTESIAN_POINT('',(-0.19480694574,-4.327704526824E-02));
#9534 = CARTESIAN_POINT('',(-0.194128664903,-3.814566893547E-02));
#9535 = CARTESIAN_POINT('',(-0.193084624352,-3.328511394242E-02));
#9536 = CARTESIAN_POINT('',(-0.191698335983,-2.870260234038E-02));
#9537 = CARTESIAN_POINT('',(-0.190022397964,-2.438801111491E-02));
#9538 = CARTESIAN_POINT('',(-0.188077660851,-2.033374364211E-02));
#9539 = CARTESIAN_POINT('',(-0.185842457592,-1.656228606294E-02));
#9540 = CARTESIAN_POINT('',(-0.183346721108,-1.314177539577E-02));
#9541 = CARTESIAN_POINT('',(-0.180576853099,-1.014735084889E-02));
#9542 = CARTESIAN_POINT('',(-0.177525799253,-7.679619367159E-03));
#9543 = CARTESIAN_POINT('',(-0.174341787821,-5.504754512321E-03));
#9544 = CARTESIAN_POINT('',(-0.170818035899,-3.974071597177E-03));
#9545 = CARTESIAN_POINT('',(-0.167106379751,-2.788870526714E-03));
#9546 = CARTESIAN_POINT('',(-0.16314218389,-2.136508293149E-03));
#9547 = CARTESIAN_POINT('',(-0.16042212749,-2.039117706784E-03));
#9548 = CARTESIAN_POINT('',(-0.159038512445,-1.989577895608E-03));
#9549 = ( GEOMETRIC_REPRESENTATION_CONTEXT(2) 
PARAMETRIC_REPRESENTATION_CONTEXT() REPRESENTATION_CONTEXT('2D SPACE',''
  ) );
#9550 = ORIENTED_EDGE('',*,*,#9551,.T.);
#9551 = EDGE_CURVE('',#9497,#2446,#9552,.T.);
#9552 = SURFACE_CURVE('',#9553,(#9557,#9563),.PCURVE_S1.);
#9553 = LINE('',#9554,#9555);
#9554 = CARTESIAN_POINT('',(5.476651028823E-02,0.240714424044,0.8));
#9555 = VECTOR('',#9556,1.);
#9556 = DIRECTION('',(-0.,-0.,1.));
#9557 = PCURVE('',#2493,#9558);
#9558 = DEFINITIONAL_REPRESENTATION('',(#9559),#9562);
#9559 = B_SPLINE_CURVE_WITH_KNOTS('',1,(#9560,#9561),.UNSPECIFIED.,.F.,
  .F.,(2,2),(0.,1.E-02),.PIECEWISE_BEZIER_KNOTS.);
#9560 = CARTESIAN_POINT('',(1.,-2.636888103702E-15));
#9561 = CARTESIAN_POINT('',(1.,1.));
#9562 = ( GEOMETRIC_REPRESENTATION_CONTEXT(2) 
PARAMETRIC_REPRESENTATION_CONTEXT() REPRESENTATION_CONTEXT('2D SPACE',''
  ) );
#9563 = PCURVE('',#2587,#9564);
#9564 = DEFINITIONAL_REPRESENTATION('',(#9565),#9568);
#9565 = B_SPLINE_CURVE_WITH_KNOTS('',1,(#9566,#9567),.UNSPECIFIED.,.F.,
  .F.,(2,2),(0.,1.E-02),.PIECEWISE_BEZIER_KNOTS.);
#9566 = CARTESIAN_POINT('',(-6.132335069461E-17,-8.188057436939E-15));
#9567 = CARTESIAN_POINT('',(-1.359513092808E-16,1.));
#9568 = ( GEOMETRIC_REPRESENTATION_CONTEXT(2) 
PARAMETRIC_REPRESENTATION_CONTEXT() REPRESENTATION_CONTEXT('2D SPACE',''
  ) );
#9569 = ADVANCED_FACE('',(#9570),#2587,.T.);
#9570 = FACE_BOUND('',#9571,.T.);
#9571 = EDGE_LOOP('',(#9572,#9573,#9574,#9629));
#9572 = ORIENTED_EDGE('',*,*,#2539,.F.);
#9573 = ORIENTED_EDGE('',*,*,#9551,.F.);
#9574 = ORIENTED_EDGE('',*,*,#9575,.T.);
#9575 = EDGE_CURVE('',#9497,#9576,#9578,.T.);
#9576 = VERTEX_POINT('',#9577);
#9577 = CARTESIAN_POINT('',(4.032897483352E-03,0.187598951483,0.8));
#9578 = SURFACE_CURVE('',#9579,(#9599,#9606),.PCURVE_S1.);
#9579 = B_SPLINE_CURVE_WITH_KNOTS('',3,(#9580,#9581,#9582,#9583,#9584,
    #9585,#9586,#9587,#9588,#9589,#9590,#9591,#9592,#9593,#9594,#9595,
    #9596,#9597,#9598),.UNSPECIFIED.,.F.,.F.,(4,1,1,1,1,1,1,1,1,1,1,1,1,
    1,1,1,4),(0.,4.769920765445E-02,9.332988950386E-02,0.137804337076,
    0.180514168756,0.223153998616,0.265911890068,0.308199972696,
    0.351860949634,0.400379037659,0.457943610727,0.524727310222,
    0.600709947944,0.686439427963,0.78134533194,0.885767916446,1.),
  .UNSPECIFIED.);
#9580 = CARTESIAN_POINT('',(5.476651028823E-02,0.240714424044,0.8));
#9581 = CARTESIAN_POINT('',(5.352599776913E-02,0.240693449078,0.8));
#9582 = CARTESIAN_POINT('',(5.109876884796E-02,0.240652408747,0.8));
#9583 = CARTESIAN_POINT('',(4.75478851654E-02,0.240139665149,0.8));
#9584 = CARTESIAN_POINT('',(4.416904476239E-02,0.239414305238,0.8));
#9585 = CARTESIAN_POINT('',(4.097652258643E-02,0.238294860188,0.8));
#9586 = CARTESIAN_POINT('',(3.79734249128E-02,0.236848755143,0.8));
#9587 = CARTESIAN_POINT('',(3.511230563624E-02,0.23515603997,0.8));
#9588 = CARTESIAN_POINT('',(3.245706066568E-02,0.233111051687,0.8));
#9589 = CARTESIAN_POINT('',(2.990631380051E-02,0.230713492958,0.8));
#9590 = CARTESIAN_POINT('',(2.738696278314E-02,0.227740554635,0.8));
#9591 = CARTESIAN_POINT('',(2.468508073349E-02,0.224151649565,0.8));
#9592 = CARTESIAN_POINT('',(2.171313098262E-02,0.219873618319,0.8));
#9593 = CARTESIAN_POINT('',(1.866891691271E-02,0.214773399578,0.8));
#9594 = CARTESIAN_POINT('',(1.526193393857E-02,0.209041023067,0.8));
#9595 = CARTESIAN_POINT('',(1.171853654066E-02,0.202534843376,0.8));
#9596 = CARTESIAN_POINT('',(7.880268275353E-03,0.195347079122,0.8));
#9597 = CARTESIAN_POINT('',(5.353145825002E-03,0.190257767911,0.8));
#9598 = CARTESIAN_POINT('',(4.032897483352E-03,0.187598951483,0.8));
#9599 = PCURVE('',#2587,#9600);
#9600 = DEFINITIONAL_REPRESENTATION('',(#9601),#9605);
#9601 = LINE('',#9602,#9603);
#9602 = CARTESIAN_POINT('',(-6.132335069461E-17,-8.188057436939E-15));
#9603 = VECTOR('',#9604,1.);
#9604 = DIRECTION('',(1.,-5.551169333231E-15));
#9605 = ( GEOMETRIC_REPRESENTATION_CONTEXT(2) 
PARAMETRIC_REPRESENTATION_CONTEXT() REPRESENTATION_CONTEXT('2D SPACE',''
  ) );
#9606 = PCURVE('',#8905,#9607);
#9607 = DEFINITIONAL_REPRESENTATION('',(#9608),#9628);
#9608 = B_SPLINE_CURVE_WITH_KNOTS('',3,(#9609,#9610,#9611,#9612,#9613,
    #9614,#9615,#9616,#9617,#9618,#9619,#9620,#9621,#9622,#9623,#9624,
    #9625,#9626,#9627),.UNSPECIFIED.,.F.,.F.,(4,1,1,1,1,1,1,1,1,1,1,1,1,
    1,1,1,4),(0.,4.769920765445E-02,9.332988950386E-02,0.137804337076,
    0.180514168756,0.223153998616,0.265911890068,0.308199972696,
    0.351860949634,0.400379037659,0.457943610727,0.524727310222,
    0.600709947944,0.686439427963,0.78134533194,0.885767916446,1.),
  .UNSPECIFIED.);
#9609 = CARTESIAN_POINT('',(-0.159038512445,-1.989577895608E-03));
#9610 = CARTESIAN_POINT('',(-0.157797999926,-2.010552861647E-03));
#9611 = CARTESIAN_POINT('',(-0.155370771005,-2.051593192483E-03));
#9612 = CARTESIAN_POINT('',(-0.151819887323,-2.564336791126E-03));
#9613 = CARTESIAN_POINT('',(-0.14844104692,-3.289696702121E-03));
#9614 = CARTESIAN_POINT('',(-0.145248524744,-4.409141751934E-03));
#9615 = CARTESIAN_POINT('',(-0.14224542707,-5.855246797323E-03));
#9616 = CARTESIAN_POINT('',(-0.139384307793,-7.547961969669E-03));
#9617 = CARTESIAN_POINT('',(-0.136729062823,-9.592950253142E-03));
#9618 = CARTESIAN_POINT('',(-0.134178315958,-1.199050898167E-02));
#9619 = CARTESIAN_POINT('',(-0.13165896494,-1.49634473052E-02));
#9620 = CARTESIAN_POINT('',(-0.128957082891,-1.855235237522E-02));
#9621 = CARTESIAN_POINT('',(-0.12598513314,-2.283038362061E-02));
#9622 = CARTESIAN_POINT('',(-0.12294091907,-2.793060236238E-02));
#9623 = CARTESIAN_POINT('',(-0.119533936096,-3.366297887255E-02));
#9624 = CARTESIAN_POINT('',(-0.115990538698,-4.016915856422E-02));
#9625 = CARTESIAN_POINT('',(-0.112152270433,-4.735692281835E-02));
#9626 = CARTESIAN_POINT('',(-0.109625147982,-5.244623402887E-02));
#9627 = CARTESIAN_POINT('',(-0.108304899641,-5.510505045658E-02));
#9628 = ( GEOMETRIC_REPRESENTATION_CONTEXT(2) 
PARAMETRIC_REPRESENTATION_CONTEXT() REPRESENTATION_CONTEXT('2D SPACE',''
  ) );
#9629 = ORIENTED_EDGE('',*,*,#9630,.T.);
#9630 = EDGE_CURVE('',#9576,#2540,#9631,.T.);
#9631 = SURFACE_CURVE('',#9632,(#9636,#9642),.PCURVE_S1.);
#9632 = LINE('',#9633,#9634);
#9633 = CARTESIAN_POINT('',(4.032897483352E-03,0.187598951483,0.8));
#9634 = VECTOR('',#9635,1.);
#9635 = DIRECTION('',(-0.,-0.,1.));
#9636 = PCURVE('',#2587,#9637);
#9637 = DEFINITIONAL_REPRESENTATION('',(#9638),#9641);
#9638 = B_SPLINE_CURVE_WITH_KNOTS('',1,(#9639,#9640),.UNSPECIFIED.,.F.,
  .F.,(2,2),(0.,1.E-02),.PIECEWISE_BEZIER_KNOTS.);
#9639 = CARTESIAN_POINT('',(1.,-1.373922677017E-14));
#9640 = CARTESIAN_POINT('',(1.,1.));
#9641 = ( GEOMETRIC_REPRESENTATION_CONTEXT(2) 
PARAMETRIC_REPRESENTATION_CONTEXT() REPRESENTATION_CONTEXT('2D SPACE',''
  ) );
#9642 = PCURVE('',#2681,#9643);
#9643 = DEFINITIONAL_REPRESENTATION('',(#9644),#9647);
#9644 = B_SPLINE_CURVE_WITH_KNOTS('',1,(#9645,#9646),.UNSPECIFIED.,.F.,
  .F.,(2,2),(0.,1.E-02),.PIECEWISE_BEZIER_KNOTS.);
#9645 = CARTESIAN_POINT('',(-4.111218963447E-16,-2.912058615079E-15));
#9646 = CARTESIAN_POINT('',(-3.324799871585E-16,1.));
#9647 = ( GEOMETRIC_REPRESENTATION_CONTEXT(2) 
PARAMETRIC_REPRESENTATION_CONTEXT() REPRESENTATION_CONTEXT('2D SPACE',''
  ) );
#9648 = ADVANCED_FACE('',(#9649),#2681,.T.);
#9649 = FACE_BOUND('',#9650,.T.);
#9650 = EDGE_LOOP('',(#9651,#9652,#9653,#9708));
#9651 = ORIENTED_EDGE('',*,*,#2633,.F.);
#9652 = ORIENTED_EDGE('',*,*,#9630,.F.);
#9653 = ORIENTED_EDGE('',*,*,#9654,.T.);
#9654 = EDGE_CURVE('',#9576,#9655,#9657,.T.);
#9655 = VERTEX_POINT('',#9656);
#9656 = CARTESIAN_POINT('',(-7.004294093128E-02,0.12181198502,0.8));
#9657 = SURFACE_CURVE('',#9658,(#9678,#9685),.PCURVE_S1.);
#9658 = B_SPLINE_CURVE_WITH_KNOTS('',3,(#9659,#9660,#9661,#9662,#9663,
    #9664,#9665,#9666,#9667,#9668,#9669,#9670,#9671,#9672,#9673,#9674,
    #9675,#9676,#9677),.UNSPECIFIED.,.F.,.F.,(4,1,1,1,1,1,1,1,1,1,1,1,1,
    1,1,1,4),(0.,9.345291554147E-02,0.181071133874,0.262934527246,
    0.339628854164,0.410448153521,0.476498243863,0.537117724101,
    0.593587178877,0.646899295393,0.698700436238,0.748988102318,
    0.799163283898,0.848759790813,0.898465958271,0.948729103748,1.),
  .UNSPECIFIED.);
#9659 = CARTESIAN_POINT('',(4.032897483352E-03,0.187598951483,0.8));
#9660 = CARTESIAN_POINT('',(2.614426817087E-03,0.184647753106,0.8));
#9661 = CARTESIAN_POINT('',(-1.339528393297E-04,0.178929613297,0.8));
#9662 = CARTESIAN_POINT('',(-4.558678152991E-03,0.170848216748,0.8));
#9663 = CARTESIAN_POINT('',(-8.860012578571E-03,0.163371071489,0.8));
#9664 = CARTESIAN_POINT('',(-1.324426478126E-02,0.156633584086,0.8));
#9665 = CARTESIAN_POINT('',(-1.757133816706E-02,0.150525789294,0.8));
#9666 = CARTESIAN_POINT('',(-2.194637848229E-02,0.145160923209,0.8));
#9667 = CARTESIAN_POINT('',(-2.628661367155E-02,0.140428023043,0.8));
#9668 = CARTESIAN_POINT('',(-3.070472204647E-02,0.136402850534,0.8));
#9669 = CARTESIAN_POINT('',(-3.517758904201E-02,0.13292363684,0.8));
#9670 = CARTESIAN_POINT('',(-3.975734680929E-02,0.12996826351,0.8));
#9671 = CARTESIAN_POINT('',(-4.447063519608E-02,0.12745547002,0.8));
#9672 = CARTESIAN_POINT('',(-4.93260397354E-02,0.125425176362,0.8));
#9673 = CARTESIAN_POINT('',(-5.430263746985E-02,0.123774190165,0.8));
#9674 = CARTESIAN_POINT('',(-5.94251431278E-02,0.122635357665,0.8));
#9675 = CARTESIAN_POINT('',(-6.468931734372E-02,0.121957992141,0.8));
#9676 = CARTESIAN_POINT('',(-6.824663066045E-02,0.121860975033,0.8));
#9677 = CARTESIAN_POINT('',(-7.004294093128E-02,0.12181198502,0.8));
#9678 = PCURVE('',#2681,#9679);
#9679 = DEFINITIONAL_REPRESENTATION('',(#9680),#9684);
#9680 = LINE('',#9681,#9682);
#9681 = CARTESIAN_POINT('',(-3.324799871585E-16,-2.912058615079E-15));
#9682 = VECTOR('',#9683,1.);
#9683 = DIRECTION('',(1.,1.025519176787E-29));
#9684 = ( GEOMETRIC_REPRESENTATION_CONTEXT(2) 
PARAMETRIC_REPRESENTATION_CONTEXT() REPRESENTATION_CONTEXT('2D SPACE',''
  ) );
#9685 = PCURVE('',#8905,#9686);
#9686 = DEFINITIONAL_REPRESENTATION('',(#9687),#9707);
#9687 = B_SPLINE_CURVE_WITH_KNOTS('',3,(#9688,#9689,#9690,#9691,#9692,
    #9693,#9694,#9695,#9696,#9697,#9698,#9699,#9700,#9701,#9702,#9703,
    #9704,#9705,#9706),.UNSPECIFIED.,.F.,.F.,(4,1,1,1,1,1,1,1,1,1,1,1,1,
    1,1,1,4),(0.,9.345291554147E-02,0.181071133874,0.262934527246,
    0.339628854164,0.410448153521,0.476498243863,0.537117724101,
    0.593587178877,0.646899295393,0.698700436238,0.748988102318,
    0.799163283898,0.848759790813,0.898465958271,0.948729103748,1.),
  .UNSPECIFIED.);
#9688 = CARTESIAN_POINT('',(-0.108304899641,-5.510505045658E-02));
#9689 = CARTESIAN_POINT('',(-0.106886428974,-5.805624883438E-02));
#9690 = CARTESIAN_POINT('',(-0.104138049318,-6.377438864261E-02));
#9691 = CARTESIAN_POINT('',(-9.971332400421E-02,-7.185578519219E-02));
#9692 = CARTESIAN_POINT('',(-9.541198957863E-02,-7.933293045106E-02));
#9693 = CARTESIAN_POINT('',(-9.102773737594E-02,-8.60704178542E-02));
#9694 = CARTESIAN_POINT('',(-8.670066399014E-02,-9.21782126464E-02));
#9695 = CARTESIAN_POINT('',(-8.232562367491E-02,-9.754307873092E-02));
#9696 = CARTESIAN_POINT('',(-7.798538848565E-02,-0.102275978897));
#9697 = CARTESIAN_POINT('',(-7.356728011073E-02,-0.106301151405));
#9698 = CARTESIAN_POINT('',(-6.909441311519E-02,-0.1097803651));
#9699 = CARTESIAN_POINT('',(-6.451465534791E-02,-0.11273573843));
#9700 = CARTESIAN_POINT('',(-5.980136696112E-02,-0.11524853192));
#9701 = CARTESIAN_POINT('',(-5.49459624218E-02,-0.117278825578));
#9702 = CARTESIAN_POINT('',(-4.996936468735E-02,-0.118929811775));
#9703 = CARTESIAN_POINT('',(-4.48468590294E-02,-0.120068644275));
#9704 = CARTESIAN_POINT('',(-3.958268481348E-02,-0.120746009799));
#9705 = CARTESIAN_POINT('',(-3.602537149675E-02,-0.120843026907));
#9706 = CARTESIAN_POINT('',(-3.422906122592E-02,-0.12089201692));
#9707 = ( GEOMETRIC_REPRESENTATION_CONTEXT(2) 
PARAMETRIC_REPRESENTATION_CONTEXT() REPRESENTATION_CONTEXT('2D SPACE',''
  ) );
#9708 = ORIENTED_EDGE('',*,*,#9709,.T.);
#9709 = EDGE_CURVE('',#9655,#2634,#9710,.T.);
#9710 = SURFACE_CURVE('',#9711,(#9715,#9721),.PCURVE_S1.);
#9711 = LINE('',#9712,#9713);
#9712 = CARTESIAN_POINT('',(-7.004294093128E-02,0.12181198502,0.8));
#9713 = VECTOR('',#9714,1.);
#9714 = DIRECTION('',(-0.,-0.,1.));
#9715 = PCURVE('',#2681,#9716);
#9716 = DEFINITIONAL_REPRESENTATION('',(#9717),#9720);
#9717 = B_SPLINE_CURVE_WITH_KNOTS('',1,(#9718,#9719),.UNSPECIFIED.,.F.,
  .F.,(2,2),(0.,1.E-02),.PIECEWISE_BEZIER_KNOTS.);
#9718 = CARTESIAN_POINT('',(1.,-2.912058615079E-15));
#9719 = CARTESIAN_POINT('',(1.,1.));
#9720 = ( GEOMETRIC_REPRESENTATION_CONTEXT(2) 
PARAMETRIC_REPRESENTATION_CONTEXT() REPRESENTATION_CONTEXT('2D SPACE',''
  ) );
#9721 = PCURVE('',#2775,#9722);
#9722 = DEFINITIONAL_REPRESENTATION('',(#9723),#9726);
#9723 = B_SPLINE_CURVE_WITH_KNOTS('',1,(#9724,#9725),.UNSPECIFIED.,.F.,
  .F.,(2,2),(0.,1.E-02),.PIECEWISE_BEZIER_KNOTS.);
#9724 = CARTESIAN_POINT('',(-7.40733166147E-18,-2.636888103702E-15));
#9725 = CARTESIAN_POINT('',(-4.312601493128E-18,1.));
#9726 = ( GEOMETRIC_REPRESENTATION_CONTEXT(2) 
PARAMETRIC_REPRESENTATION_CONTEXT() REPRESENTATION_CONTEXT('2D SPACE',''
  ) );
#9727 = ADVANCED_FACE('',(#9728),#2775,.T.);
#9728 = FACE_BOUND('',#9729,.T.);
#9729 = EDGE_LOOP('',(#9730,#9731,#9732,#9787));
#9730 = ORIENTED_EDGE('',*,*,#2727,.F.);
#9731 = ORIENTED_EDGE('',*,*,#9709,.F.);
#9732 = ORIENTED_EDGE('',*,*,#9733,.T.);
#9733 = EDGE_CURVE('',#9655,#9734,#9736,.T.);
#9734 = VERTEX_POINT('',#9735);
#9735 = CARTESIAN_POINT('',(-0.137544846419,0.211322274654,0.8));
#9736 = SURFACE_CURVE('',#9737,(#9757,#9764),.PCURVE_S1.);
#9737 = B_SPLINE_CURVE_WITH_KNOTS('',3,(#9738,#9739,#9740,#9741,#9742,
    #9743,#9744,#9745,#9746,#9747,#9748,#9749,#9750,#9751,#9752,#9753,
    #9754,#9755,#9756),.UNSPECIFIED.,.F.,.F.,(4,1,1,1,1,1,1,1,1,1,1,1,1,
    1,1,1,4),(0.,6.241509289714E-02,0.122007152923,0.17876126194,
    0.233716159352,0.288177345339,0.342408848512,0.397668320959,
    0.454217030752,0.513069601657,0.573205914223,0.636042164851,
    0.701619912517,0.770219791365,0.842718178823,0.919223451485,1.),
  .UNSPECIFIED.);
#9738 = CARTESIAN_POINT('',(-7.004294093128E-02,0.12181198502,0.8));
#9739 = CARTESIAN_POINT('',(-7.268246671938E-02,0.12188672174,0.8));
#9740 = CARTESIAN_POINT('',(-7.78421326195E-02,0.122032814841,0.8));
#9741 = CARTESIAN_POINT('',(-8.534144053581E-02,0.123125215962,0.8));
#9742 = CARTESIAN_POINT('',(-9.235525095775E-02,0.124992421149,0.8));
#9743 = CARTESIAN_POINT('',(-9.890464339489E-02,0.127579141172,0.8));
#9744 = CARTESIAN_POINT('',(-0.104994969442,0.130910225711,0.8));
#9745 = CARTESIAN_POINT('',(-0.110554995228,0.13508084469,0.8));
#9746 = CARTESIAN_POINT('',(-0.115686036487,0.139896153897,0.8));
#9747 = CARTESIAN_POINT('',(-0.120274181729,0.145489048018,0.8));
#9748 = CARTESIAN_POINT('',(-0.124343419106,0.151711336365,0.8));
#9749 = CARTESIAN_POINT('',(-0.127888622077,0.158545725006,0.8));
#9750 = CARTESIAN_POINT('',(-0.130895620899,0.165943117812,0.8));
#9751 = CARTESIAN_POINT('',(-0.133274001876,0.173934178786,0.8));
#9752 = CARTESIAN_POINT('',(-0.13528349531,0.182447427742,0.8));
#9753 = CARTESIAN_POINT('',(-0.136549491252,0.191569858002,0.8));
#9754 = CARTESIAN_POINT('',(-0.137384819843,0.201255178747,0.8));
#9755 = CARTESIAN_POINT('',(-0.137490547154,0.207906367614,0.8));
#9756 = CARTESIAN_POINT('',(-0.137544846419,0.211322274654,0.8));
#9757 = PCURVE('',#2775,#9758);
#9758 = DEFINITIONAL_REPRESENTATION('',(#9759),#9763);
#9759 = LINE('',#9760,#9761);
#9760 = CARTESIAN_POINT('',(-4.312601493128E-18,-2.636888103702E-15));
#9761 = VECTOR('',#9762,1.);
#9762 = DIRECTION('',(1.,-1.110233866647E-14));
#9763 = ( GEOMETRIC_REPRESENTATION_CONTEXT(2) 
PARAMETRIC_REPRESENTATION_CONTEXT() REPRESENTATION_CONTEXT('2D SPACE',''
  ) );
#9764 = PCURVE('',#8905,#9765);
#9765 = DEFINITIONAL_REPRESENTATION('',(#9766),#9786);
#9766 = B_SPLINE_CURVE_WITH_KNOTS('',3,(#9767,#9768,#9769,#9770,#9771,
    #9772,#9773,#9774,#9775,#9776,#9777,#9778,#9779,#9780,#9781,#9782,
    #9783,#9784,#9785),.UNSPECIFIED.,.F.,.F.,(4,1,1,1,1,1,1,1,1,1,1,1,1,
    1,1,1,4),(0.,6.241509289714E-02,0.122007152923,0.17876126194,
    0.233716159352,0.288177345339,0.342408848512,0.397668320959,
    0.454217030752,0.513069601657,0.573205914223,0.636042164851,
    0.701619912517,0.770219791365,0.842718178823,0.919223451485,1.),
  .UNSPECIFIED.);
#9767 = CARTESIAN_POINT('',(-3.422906122592E-02,-0.12089201692));
#9768 = CARTESIAN_POINT('',(-3.158953543782E-02,-0.1208172802));
#9769 = CARTESIAN_POINT('',(-2.64298695377E-02,-0.120671187099));
#9770 = CARTESIAN_POINT('',(-1.893056162139E-02,-0.119578785978));
#9771 = CARTESIAN_POINT('',(-1.191675119945E-02,-0.117711580791));
#9772 = CARTESIAN_POINT('',(-5.367358762307E-03,-0.115124860768));
#9773 = CARTESIAN_POINT('',(7.229672851474E-04,-0.111793776229));
#9774 = CARTESIAN_POINT('',(6.282993070313E-03,-0.10762315725));
#9775 = CARTESIAN_POINT('',(1.141403432969E-02,-0.102807848043));
#9776 = CARTESIAN_POINT('',(1.60021795723E-02,-9.721495392197E-02));
#9777 = CARTESIAN_POINT('',(2.007141694888E-02,-9.099266557539E-02));
#9778 = CARTESIAN_POINT('',(2.361661991959E-02,-8.415827693373E-02));
#9779 = CARTESIAN_POINT('',(2.662361874158E-02,-7.676088412803E-02));
#9780 = CARTESIAN_POINT('',(2.900199971875E-02,-6.876982315392E-02));
#9781 = CARTESIAN_POINT('',(3.101149315317E-02,-6.025657419768E-02));
#9782 = CARTESIAN_POINT('',(3.227748909493E-02,-5.113414393764E-02));
#9783 = CARTESIAN_POINT('',(3.311281768616E-02,-4.144882319306E-02));
#9784 = CARTESIAN_POINT('',(3.321854499707E-02,-3.479763432582E-02));
#9785 = CARTESIAN_POINT('',(3.327284426189E-02,-3.138172728585E-02));
#9786 = ( GEOMETRIC_REPRESENTATION_CONTEXT(2) 
PARAMETRIC_REPRESENTATION_CONTEXT() REPRESENTATION_CONTEXT('2D SPACE',''
  ) );
#9787 = ORIENTED_EDGE('',*,*,#9788,.T.);
#9788 = EDGE_CURVE('',#9734,#2728,#9789,.T.);
#9789 = SURFACE_CURVE('',#9790,(#9794,#9800),.PCURVE_S1.);
#9790 = LINE('',#9791,#9792);
#9791 = CARTESIAN_POINT('',(-0.137544846419,0.211322274654,0.8));
#9792 = VECTOR('',#9793,1.);
#9793 = DIRECTION('',(-0.,-0.,1.));
#9794 = PCURVE('',#2775,#9795);
#9795 = DEFINITIONAL_REPRESENTATION('',(#9796),#9799);
#9796 = B_SPLINE_CURVE_WITH_KNOTS('',1,(#9797,#9798),.UNSPECIFIED.,.F.,
  .F.,(2,2),(0.,1.E-02),.PIECEWISE_BEZIER_KNOTS.);
#9797 = CARTESIAN_POINT('',(1.,-1.373922677017E-14));
#9798 = CARTESIAN_POINT('',(1.,1.));
#9799 = ( GEOMETRIC_REPRESENTATION_CONTEXT(2) 
PARAMETRIC_REPRESENTATION_CONTEXT() REPRESENTATION_CONTEXT('2D SPACE',''
  ) );
#9800 = PCURVE('',#2851,#9801);
#9801 = DEFINITIONAL_REPRESENTATION('',(#9802),#9805);
#9802 = B_SPLINE_CURVE_WITH_KNOTS('',1,(#9803,#9804),.UNSPECIFIED.,.F.,
  .F.,(2,2),(0.,1.E-02),.PIECEWISE_BEZIER_KNOTS.);
#9803 = CARTESIAN_POINT('',(-8.589774670633E-15,-2.621164621227E-15));
#9804 = CARTESIAN_POINT('',(-4.59843216151E-16,1.));
#9805 = ( GEOMETRIC_REPRESENTATION_CONTEXT(2) 
PARAMETRIC_REPRESENTATION_CONTEXT() REPRESENTATION_CONTEXT('2D SPACE',''
  ) );
#9806 = ADVANCED_FACE('',(#9807),#2851,.T.);
#9807 = FACE_BOUND('',#9808,.T.);
#9808 = EDGE_LOOP('',(#9809,#9810,#9811,#9848));
#9809 = ORIENTED_EDGE('',*,*,#2821,.F.);
#9810 = ORIENTED_EDGE('',*,*,#9788,.F.);
#9811 = ORIENTED_EDGE('',*,*,#9812,.T.);
#9812 = EDGE_CURVE('',#9734,#8868,#9813,.T.);
#9813 = SURFACE_CURVE('',#9814,(#9826,#9833),.PCURVE_S1.);
#9814 = B_SPLINE_CURVE_WITH_KNOTS('',3,(#9815,#9816,#9817,#9818,#9819,
    #9820,#9821,#9822,#9823,#9824,#9825),.UNSPECIFIED.,.F.,.F.,(4,1,1,1,
    1,1,1,1,4),(0.,0.118472505016,0.246924071128,0.384861109402,
    0.534071457583,0.678471190356,0.803948779649,0.910522627572,1.),
  .UNSPECIFIED.);
#9815 = CARTESIAN_POINT('',(-0.137544846419,0.211322274654,0.8));
#9816 = CARTESIAN_POINT('',(-0.137495814783,0.213880362229,0.8));
#9817 = CARTESIAN_POINT('',(-0.137393621525,0.219212007729,0.8));
#9818 = CARTESIAN_POINT('',(-0.136617592442,0.227490375554,0.8));
#9819 = CARTESIAN_POINT('',(-0.135480216257,0.236392286805,0.8));
#9820 = CARTESIAN_POINT('',(-0.13389371551,0.245573503209,0.8));
#9821 = CARTESIAN_POINT('',(-0.132093893024,0.254450086067,0.8));
#9822 = CARTESIAN_POINT('',(-0.129811563512,0.262248984391,0.8));
#9823 = CARTESIAN_POINT('',(-0.12757843963,0.268848090593,0.8));
#9824 = CARTESIAN_POINT('',(-0.125524804281,0.272557872571,0.8));
#9825 = CARTESIAN_POINT('',(-0.124587529346,0.27425100941,0.8));
#9826 = PCURVE('',#2851,#9827);
#9827 = DEFINITIONAL_REPRESENTATION('',(#9828),#9832);
#9828 = LINE('',#9829,#9830);
#9829 = CARTESIAN_POINT('',(-4.59843216151E-16,-2.621164621227E-15));
#9830 = VECTOR('',#9831,1.);
#9831 = DIRECTION('',(1.,-2.550973465731E-21));
#9832 = ( GEOMETRIC_REPRESENTATION_CONTEXT(2) 
PARAMETRIC_REPRESENTATION_CONTEXT() REPRESENTATION_CONTEXT('2D SPACE',''
  ) );
#9833 = PCURVE('',#8905,#9834);
#9834 = DEFINITIONAL_REPRESENTATION('',(#9835),#9847);
#9835 = B_SPLINE_CURVE_WITH_KNOTS('',3,(#9836,#9837,#9838,#9839,#9840,
    #9841,#9842,#9843,#9844,#9845,#9846),.UNSPECIFIED.,.F.,.F.,(4,1,1,1,
    1,1,1,1,4),(0.,0.118472505016,0.246924071128,0.384861109402,
    0.534071457583,0.678471190356,0.803948779649,0.910522627572,1.),
  .UNSPECIFIED.);
#9836 = CARTESIAN_POINT('',(3.327284426189E-02,-3.138172728585E-02));
#9837 = CARTESIAN_POINT('',(3.322381262548E-02,-2.882363971108E-02));
#9838 = CARTESIAN_POINT('',(3.312161936743E-02,-2.349199421087E-02));
#9839 = CARTESIAN_POINT('',(3.234559028498E-02,-1.521362638554E-02));
#9840 = CARTESIAN_POINT('',(3.120821409955E-02,-6.311715134506E-03));
#9841 = CARTESIAN_POINT('',(2.96217133531E-02,2.869501268795E-03));
#9842 = CARTESIAN_POINT('',(2.782189086703E-02,1.174608412706E-02));
#9843 = CARTESIAN_POINT('',(2.553956135432E-02,1.954498245079E-02));
#9844 = CARTESIAN_POINT('',(2.330643747237E-02,2.614408865324E-02));
#9845 = CARTESIAN_POINT('',(2.12528021241E-02,2.985387063067E-02));
#9846 = CARTESIAN_POINT('',(2.031552718872E-02,3.154700747025E-02));
#9847 = ( GEOMETRIC_REPRESENTATION_CONTEXT(2) 
PARAMETRIC_REPRESENTATION_CONTEXT() REPRESENTATION_CONTEXT('2D SPACE',''
  ) );
#9848 = ORIENTED_EDGE('',*,*,#8867,.T.);
#9849 = ADVANCED_FACE('',(#9850),#8905,.F.);
#9850 = FACE_BOUND('',#9851,.T.);
#9851 = EDGE_LOOP('',(#9852,#9853,#9854,#9855,#9856,#9857,#9858,#9859,
    #9860,#9861,#9862,#9863,#9864,#9865));
#9852 = ORIENTED_EDGE('',*,*,#8889,.F.);
#9853 = ORIENTED_EDGE('',*,*,#9812,.F.);
#9854 = ORIENTED_EDGE('',*,*,#9733,.F.);
#9855 = ORIENTED_EDGE('',*,*,#9654,.F.);
#9856 = ORIENTED_EDGE('',*,*,#9575,.F.);
#9857 = ORIENTED_EDGE('',*,*,#9496,.F.);
#9858 = ORIENTED_EDGE('',*,*,#9433,.F.);
#9859 = ORIENTED_EDGE('',*,*,#9385,.F.);
#9860 = ORIENTED_EDGE('',*,*,#9321,.F.);
#9861 = ORIENTED_EDGE('',*,*,#9242,.F.);
#9862 = ORIENTED_EDGE('',*,*,#9163,.F.);
#9863 = ORIENTED_EDGE('',*,*,#9084,.F.);
#9864 = ORIENTED_EDGE('',*,*,#9005,.F.);
#9865 = ORIENTED_EDGE('',*,*,#8942,.F.);
#9866 = ADVANCED_FACE('',(#9867),#4638,.T.);
#9867 = FACE_BOUND('',#9868,.T.);
#9868 = EDGE_LOOP('',(#9869,#9870,#9893,#9921));
#9869 = ORIENTED_EDGE('',*,*,#4620,.F.);
#9870 = ORIENTED_EDGE('',*,*,#9871,.F.);
#9871 = EDGE_CURVE('',#9872,#4621,#9874,.T.);
#9872 = VERTEX_POINT('',#9873);
#9873 = CARTESIAN_POINT('',(0.115503934069,0.332177838679,0.8));
#9874 = SURFACE_CURVE('',#9875,(#9879,#9886),.PCURVE_S1.);
#9875 = LINE('',#9876,#9877);
#9876 = CARTESIAN_POINT('',(0.115503934069,0.332177838679,0.8));
#9877 = VECTOR('',#9878,1.);
#9878 = DIRECTION('',(-0.,-0.,1.));
#9879 = PCURVE('',#4638,#9880);
#9880 = DEFINITIONAL_REPRESENTATION('',(#9881),#9885);
#9881 = LINE('',#9882,#9883);
#9882 = CARTESIAN_POINT('',(0.,0.));
#9883 = VECTOR('',#9884,1.);
#9884 = DIRECTION('',(1.,0.));
#9885 = ( GEOMETRIC_REPRESENTATION_CONTEXT(2) 
PARAMETRIC_REPRESENTATION_CONTEXT() REPRESENTATION_CONTEXT('2D SPACE',''
  ) );
#9886 = PCURVE('',#5268,#9887);
#9887 = DEFINITIONAL_REPRESENTATION('',(#9888),#9892);
#9888 = LINE('',#9889,#9890);
#9889 = CARTESIAN_POINT('',(0.195508718964,0.));
#9890 = VECTOR('',#9891,1.);
#9891 = DIRECTION('',(0.,1.));
#9892 = ( GEOMETRIC_REPRESENTATION_CONTEXT(2) 
PARAMETRIC_REPRESENTATION_CONTEXT() REPRESENTATION_CONTEXT('2D SPACE',''
  ) );
#9893 = ORIENTED_EDGE('',*,*,#9894,.T.);
#9894 = EDGE_CURVE('',#9872,#9895,#9897,.T.);
#9895 = VERTEX_POINT('',#9896);
#9896 = CARTESIAN_POINT('',(0.115503934069,0.298641253313,0.8));
#9897 = SURFACE_CURVE('',#9898,(#9902,#9909),.PCURVE_S1.);
#9898 = LINE('',#9899,#9900);
#9899 = CARTESIAN_POINT('',(0.115503934069,0.332177838679,0.8));
#9900 = VECTOR('',#9901,1.);
#9901 = DIRECTION('',(0.,-1.,0.));
#9902 = PCURVE('',#4638,#9903);
#9903 = DEFINITIONAL_REPRESENTATION('',(#9904),#9908);
#9904 = LINE('',#9905,#9906);
#9905 = CARTESIAN_POINT('',(0.,0.));
#9906 = VECTOR('',#9907,1.);
#9907 = DIRECTION('',(0.,-1.));
#9908 = ( GEOMETRIC_REPRESENTATION_CONTEXT(2) 
PARAMETRIC_REPRESENTATION_CONTEXT() REPRESENTATION_CONTEXT('2D SPACE',''
  ) );
#9909 = PCURVE('',#9910,#9915);
#9910 = PLANE('',#9911);
#9911 = AXIS2_PLACEMENT_3D('',#9912,#9913,#9914);
#9912 = CARTESIAN_POINT('',(5.970341588014E-02,0.458919098713,0.8));
#9913 = DIRECTION('',(1.220424956742E-13,-4.8011358546E-13,1.));
#9914 = DIRECTION('',(0.,-1.,-4.8011358546E-13));
#9915 = DEFINITIONAL_REPRESENTATION('',(#9916),#9920);
#9916 = LINE('',#9917,#9918);
#9917 = CARTESIAN_POINT('',(0.126741260034,5.580051818857E-02));
#9918 = VECTOR('',#9919,1.);
#9919 = DIRECTION('',(1.,-5.859426017663E-26));
#9920 = ( GEOMETRIC_REPRESENTATION_CONTEXT(2) 
PARAMETRIC_REPRESENTATION_CONTEXT() REPRESENTATION_CONTEXT('2D SPACE',''
  ) );
#9921 = ORIENTED_EDGE('',*,*,#9922,.T.);
#9922 = EDGE_CURVE('',#9895,#4623,#9923,.T.);
#9923 = SURFACE_CURVE('',#9924,(#9928,#9935),.PCURVE_S1.);
#9924 = LINE('',#9925,#9926);
#9925 = CARTESIAN_POINT('',(0.115503934069,0.298641253313,0.8));
#9926 = VECTOR('',#9927,1.);
#9927 = DIRECTION('',(-0.,-0.,1.));
#9928 = PCURVE('',#4638,#9929);
#9929 = DEFINITIONAL_REPRESENTATION('',(#9930),#9934);
#9930 = LINE('',#9931,#9932);
#9931 = CARTESIAN_POINT('',(0.,-3.353658536585E-02));
#9932 = VECTOR('',#9933,1.);
#9933 = DIRECTION('',(1.,0.));
#9934 = ( GEOMETRIC_REPRESENTATION_CONTEXT(2) 
PARAMETRIC_REPRESENTATION_CONTEXT() REPRESENTATION_CONTEXT('2D SPACE',''
  ) );
#9935 = PCURVE('',#4666,#9936);
#9936 = DEFINITIONAL_REPRESENTATION('',(#9937),#9941);
#9937 = LINE('',#9938,#9939);
#9938 = CARTESIAN_POINT('',(0.,0.));
#9939 = VECTOR('',#9940,1.);
#9940 = DIRECTION('',(0.,1.));
#9941 = ( GEOMETRIC_REPRESENTATION_CONTEXT(2) 
PARAMETRIC_REPRESENTATION_CONTEXT() REPRESENTATION_CONTEXT('2D SPACE',''
  ) );
#9942 = ADVANCED_FACE('',(#9943),#4666,.T.);
#9943 = FACE_BOUND('',#9944,.T.);
#9944 = EDGE_LOOP('',(#9945,#9946,#9947,#9970));
#9945 = ORIENTED_EDGE('',*,*,#4650,.F.);
#9946 = ORIENTED_EDGE('',*,*,#9922,.F.);
#9947 = ORIENTED_EDGE('',*,*,#9948,.T.);
#9948 = EDGE_CURVE('',#9895,#9949,#9951,.T.);
#9949 = VERTEX_POINT('',#9950);
#9950 = CARTESIAN_POINT('',(-0.134496065931,0.368763204532,0.8));
#9951 = SURFACE_CURVE('',#9952,(#9956,#9963),.PCURVE_S1.);
#9952 = LINE('',#9953,#9954);
#9953 = CARTESIAN_POINT('',(0.115503934069,0.298641253313,0.8));
#9954 = VECTOR('',#9955,1.);
#9955 = DIRECTION('',(-0.962841971924,0.270065431149,0.));
#9956 = PCURVE('',#4666,#9957);
#9957 = DEFINITIONAL_REPRESENTATION('',(#9958),#9962);
#9958 = LINE('',#9959,#9960);
#9959 = CARTESIAN_POINT('',(0.,0.));
#9960 = VECTOR('',#9961,1.);
#9961 = DIRECTION('',(1.,0.));
#9962 = ( GEOMETRIC_REPRESENTATION_CONTEXT(2) 
PARAMETRIC_REPRESENTATION_CONTEXT() REPRESENTATION_CONTEXT('2D SPACE',''
  ) );
#9963 = PCURVE('',#9910,#9964);
#9964 = DEFINITIONAL_REPRESENTATION('',(#9965),#9969);
#9965 = LINE('',#9966,#9967);
#9966 = CARTESIAN_POINT('',(0.1602778454,5.580051818857E-02));
#9967 = VECTOR('',#9968,1.);
#9968 = DIRECTION('',(-0.270065431149,-0.962841971924));
#9969 = ( GEOMETRIC_REPRESENTATION_CONTEXT(2) 
PARAMETRIC_REPRESENTATION_CONTEXT() REPRESENTATION_CONTEXT('2D SPACE',''
  ) );
#9970 = ORIENTED_EDGE('',*,*,#9971,.T.);
#9971 = EDGE_CURVE('',#9949,#4651,#9972,.T.);
#9972 = SURFACE_CURVE('',#9973,(#9977,#9984),.PCURVE_S1.);
#9973 = LINE('',#9974,#9975);
#9974 = CARTESIAN_POINT('',(-0.134496065931,0.368763204532,0.8));
#9975 = VECTOR('',#9976,1.);
#9976 = DIRECTION('',(-0.,-0.,1.));
#9977 = PCURVE('',#4666,#9978);
#9978 = DEFINITIONAL_REPRESENTATION('',(#9979),#9983);
#9979 = LINE('',#9980,#9981);
#9980 = CARTESIAN_POINT('',(0.25964800797,0.));
#9981 = VECTOR('',#9982,1.);
#9982 = DIRECTION('',(0.,1.));
#9983 = ( GEOMETRIC_REPRESENTATION_CONTEXT(2) 
PARAMETRIC_REPRESENTATION_CONTEXT() REPRESENTATION_CONTEXT('2D SPACE',''
  ) );
#9984 = PCURVE('',#4694,#9985);
#9985 = DEFINITIONAL_REPRESENTATION('',(#9986),#9990);
#9986 = LINE('',#9987,#9988);
#9987 = CARTESIAN_POINT('',(0.,0.));
#9988 = VECTOR('',#9989,1.);
#9989 = DIRECTION('',(-1.,0.));
#9990 = ( GEOMETRIC_REPRESENTATION_CONTEXT(2) 
PARAMETRIC_REPRESENTATION_CONTEXT() REPRESENTATION_CONTEXT('2D SPACE',''
  ) );
#9991 = ADVANCED_FACE('',(#9992),#4694,.T.);
#9992 = FACE_BOUND('',#9993,.T.);
#9993 = EDGE_LOOP('',(#9994,#9995,#9996,#10019));
#9994 = ORIENTED_EDGE('',*,*,#4678,.F.);
#9995 = ORIENTED_EDGE('',*,*,#9971,.F.);
#9996 = ORIENTED_EDGE('',*,*,#9997,.T.);
#9997 = EDGE_CURVE('',#9949,#9998,#10000,.T.);
#9998 = VERTEX_POINT('',#9999);
#9999 = CARTESIAN_POINT('',(-0.134496065931,0.405348570386,0.8));
#10000 = SURFACE_CURVE('',#10001,(#10005,#10012),.PCURVE_S1.);
#10001 = LINE('',#10002,#10003);
#10002 = CARTESIAN_POINT('',(-0.134496065931,0.368763204532,0.8));
#10003 = VECTOR('',#10004,1.);
#10004 = DIRECTION('',(0.,1.,0.));
#10005 = PCURVE('',#4694,#10006);
#10006 = DEFINITIONAL_REPRESENTATION('',(#10007),#10011);
#10007 = LINE('',#10008,#10009);
#10008 = CARTESIAN_POINT('',(0.,0.));
#10009 = VECTOR('',#10010,1.);
#10010 = DIRECTION('',(0.,1.));
#10011 = ( GEOMETRIC_REPRESENTATION_CONTEXT(2) 
PARAMETRIC_REPRESENTATION_CONTEXT() REPRESENTATION_CONTEXT('2D SPACE',''
  ) );
#10012 = PCURVE('',#9910,#10013);
#10013 = DEFINITIONAL_REPRESENTATION('',(#10014),#10018);
#10014 = LINE('',#10015,#10016);
#10015 = CARTESIAN_POINT('',(9.015589418082E-02,-0.194199481811));
#10016 = VECTOR('',#10017,1.);
#10017 = DIRECTION('',(-1.,5.859426017663E-26));
#10018 = ( GEOMETRIC_REPRESENTATION_CONTEXT(2) 
PARAMETRIC_REPRESENTATION_CONTEXT() REPRESENTATION_CONTEXT('2D SPACE',''
  ) );
#10019 = ORIENTED_EDGE('',*,*,#10020,.T.);
#10020 = EDGE_CURVE('',#9998,#4679,#10021,.T.);
#10021 = SURFACE_CURVE('',#10022,(#10026,#10033),.PCURVE_S1.);
#10022 = LINE('',#10023,#10024);
#10023 = CARTESIAN_POINT('',(-0.134496065931,0.405348570386,0.8));
#10024 = VECTOR('',#10025,1.);
#10025 = DIRECTION('',(-0.,-0.,1.));
#10026 = PCURVE('',#4694,#10027);
#10027 = DEFINITIONAL_REPRESENTATION('',(#10028),#10032);
#10028 = LINE('',#10029,#10030);
#10029 = CARTESIAN_POINT('',(0.,3.658536585366E-02));
#10030 = VECTOR('',#10031,1.);
#10031 = DIRECTION('',(-1.,0.));
#10032 = ( GEOMETRIC_REPRESENTATION_CONTEXT(2) 
PARAMETRIC_REPRESENTATION_CONTEXT() REPRESENTATION_CONTEXT('2D SPACE',''
  ) );
#10033 = PCURVE('',#4722,#10034);
#10034 = DEFINITIONAL_REPRESENTATION('',(#10035),#10039);
#10035 = LINE('',#10036,#10037);
#10036 = CARTESIAN_POINT('',(0.,0.));
#10037 = VECTOR('',#10038,1.);
#10038 = DIRECTION('',(0.,1.));
#10039 = ( GEOMETRIC_REPRESENTATION_CONTEXT(2) 
PARAMETRIC_REPRESENTATION_CONTEXT() REPRESENTATION_CONTEXT('2D SPACE',''
  ) );
#10040 = ADVANCED_FACE('',(#10041),#4722,.T.);
#10041 = FACE_BOUND('',#10042,.T.);
#10042 = EDGE_LOOP('',(#10043,#10044,#10045,#10068));
#10043 = ORIENTED_EDGE('',*,*,#4706,.F.);
#10044 = ORIENTED_EDGE('',*,*,#10020,.F.);
#10045 = ORIENTED_EDGE('',*,*,#10046,.T.);
#10046 = EDGE_CURVE('',#9998,#10047,#10049,.T.);
#10047 = VERTEX_POINT('',#10048);
#10048 = CARTESIAN_POINT('',(4.681109870286E-02,0.456177457581,0.8));
#10049 = SURFACE_CURVE('',#10050,(#10054,#10061),.PCURVE_S1.);
#10050 = LINE('',#10051,#10052);
#10051 = CARTESIAN_POINT('',(-0.134496065931,0.405348570386,0.8));
#10052 = VECTOR('',#10053,1.);
#10053 = DIRECTION('',(0.962877262909,0.269939579486,0.));
#10054 = PCURVE('',#4722,#10055);
#10055 = DEFINITIONAL_REPRESENTATION('',(#10056),#10060);
#10056 = LINE('',#10057,#10058);
#10057 = CARTESIAN_POINT('',(0.,0.));
#10058 = VECTOR('',#10059,1.);
#10059 = DIRECTION('',(1.,0.));
#10060 = ( GEOMETRIC_REPRESENTATION_CONTEXT(2) 
PARAMETRIC_REPRESENTATION_CONTEXT() REPRESENTATION_CONTEXT('2D SPACE',''
  ) );
#10061 = PCURVE('',#9910,#10062);
#10062 = DEFINITIONAL_REPRESENTATION('',(#10063),#10067);
#10063 = LINE('',#10064,#10065);
#10064 = CARTESIAN_POINT('',(5.357052832716E-02,-0.194199481811));
#10065 = VECTOR('',#10066,1.);
#10066 = DIRECTION('',(-0.269939579486,0.962877262909));
#10067 = ( GEOMETRIC_REPRESENTATION_CONTEXT(2) 
PARAMETRIC_REPRESENTATION_CONTEXT() REPRESENTATION_CONTEXT('2D SPACE',''
  ) );
#10068 = ORIENTED_EDGE('',*,*,#10069,.T.);
#10069 = EDGE_CURVE('',#10047,#4707,#10070,.T.);
#10070 = SURFACE_CURVE('',#10071,(#10075,#10082),.PCURVE_S1.);
#10071 = LINE('',#10072,#10073);
#10072 = CARTESIAN_POINT('',(4.681109870286E-02,0.456177457581,0.8));
#10073 = VECTOR('',#10074,1.);
#10074 = DIRECTION('',(-0.,-0.,1.));
#10075 = PCURVE('',#4722,#10076);
#10076 = DEFINITIONAL_REPRESENTATION('',(#10077),#10081);
#10077 = LINE('',#10078,#10079);
#10078 = CARTESIAN_POINT('',(0.188297274864,0.));
#10079 = VECTOR('',#10080,1.);
#10080 = DIRECTION('',(0.,1.));
#10081 = ( GEOMETRIC_REPRESENTATION_CONTEXT(2) 
PARAMETRIC_REPRESENTATION_CONTEXT() REPRESENTATION_CONTEXT('2D SPACE',''
  ) );
#10082 = PCURVE('',#4758,#10083);
#10083 = DEFINITIONAL_REPRESENTATION('',(#10084),#10087);
#10084 = B_SPLINE_CURVE_WITH_KNOTS('',1,(#10085,#10086),.UNSPECIFIED.,
  .F.,.F.,(2,2),(0.,1.E-02),.PIECEWISE_BEZIER_KNOTS.);
#10085 = CARTESIAN_POINT('',(6.294612273482E-16,-2.636888103702E-15));
#10086 = CARTESIAN_POINT('',(3.830587784431E-16,1.));
#10087 = ( GEOMETRIC_REPRESENTATION_CONTEXT(2) 
PARAMETRIC_REPRESENTATION_CONTEXT() REPRESENTATION_CONTEXT('2D SPACE',''
  ) );
#10088 = ADVANCED_FACE('',(#10089),#4758,.T.);
#10089 = FACE_BOUND('',#10090,.T.);
#10090 = EDGE_LOOP('',(#10091,#10092,#10093,#10124));
#10091 = ORIENTED_EDGE('',*,*,#4734,.F.);
#10092 = ORIENTED_EDGE('',*,*,#10069,.F.);
#10093 = ORIENTED_EDGE('',*,*,#10094,.T.);
#10094 = EDGE_CURVE('',#10047,#10095,#10097,.T.);
#10095 = VERTEX_POINT('',#10096);
#10096 = CARTESIAN_POINT('',(7.282100723945E-02,0.460226619166,0.8));
#10097 = SURFACE_CURVE('',#10098,(#10106,#10113),.PCURVE_S1.);
#10098 = B_SPLINE_CURVE_WITH_KNOTS('',3,(#10099,#10100,#10101,#10102,
    #10103,#10104,#10105),.UNSPECIFIED.,.F.,.F.,(4,1,1,1,4),(0.,
    0.24535006136,0.493358925446,0.744525100238,1.),.UNSPECIFIED.);
#10099 = CARTESIAN_POINT('',(4.681109870286E-02,0.456177457581,0.8));
#10100 = CARTESIAN_POINT('',(4.890180120309E-02,0.456708903802,0.8));
#10101 = CARTESIAN_POINT('',(5.310586267031E-02,0.457777555407,0.8));
#10102 = CARTESIAN_POINT('',(5.954783277456E-02,0.458963428274,0.8));
#10103 = CARTESIAN_POINT('',(6.613690935385E-02,0.459763534337,0.8));
#10104 = CARTESIAN_POINT('',(7.058037812935E-02,0.460071384853,0.8));
#10105 = CARTESIAN_POINT('',(7.282100723945E-02,0.460226619166,0.8));
#10106 = PCURVE('',#4758,#10107);
#10107 = DEFINITIONAL_REPRESENTATION('',(#10108),#10112);
#10108 = LINE('',#10109,#10110);
#10109 = CARTESIAN_POINT('',(3.830587784431E-16,-2.636888103702E-15));
#10110 = VECTOR('',#10111,1.);
#10111 = DIRECTION('',(1.,-1.684880754693E-23));
#10112 = ( GEOMETRIC_REPRESENTATION_CONTEXT(2) 
PARAMETRIC_REPRESENTATION_CONTEXT() REPRESENTATION_CONTEXT('2D SPACE',''
  ) );
#10113 = PCURVE('',#9910,#10114);
#10114 = DEFINITIONAL_REPRESENTATION('',(#10115),#10123);
#10115 = B_SPLINE_CURVE_WITH_KNOTS('',3,(#10116,#10117,#10118,#10119,
    #10120,#10121,#10122),.UNSPECIFIED.,.F.,.F.,(4,1,1,1,4),(0.,
    0.24535006136,0.493358925446,0.744525100238,1.),.UNSPECIFIED.);
#10116 = CARTESIAN_POINT('',(2.741641132037E-03,-1.289231717728E-02));
#10117 = CARTESIAN_POINT('',(2.210194910627E-03,-1.080161467705E-02));
#10118 = CARTESIAN_POINT('',(1.141543306164E-03,-6.597553209834E-03));
#10119 = CARTESIAN_POINT('',(-4.432956085504E-05,-1.555831055864E-04));
#10120 = CARTESIAN_POINT('',(-8.444356244575E-04,6.433493473706E-03));
#10121 = CARTESIAN_POINT('',(-1.152286139623E-03,1.087696224921E-02));
#10122 = CARTESIAN_POINT('',(-1.307520453329E-03,1.311759135931E-02));
#10123 = ( GEOMETRIC_REPRESENTATION_CONTEXT(2) 
PARAMETRIC_REPRESENTATION_CONTEXT() REPRESENTATION_CONTEXT('2D SPACE',''
  ) );
#10124 = ORIENTED_EDGE('',*,*,#10125,.T.);
#10125 = EDGE_CURVE('',#10095,#4735,#10126,.T.);
#10126 = SURFACE_CURVE('',#10127,(#10131,#10137),.PCURVE_S1.);
#10127 = LINE('',#10128,#10129);
#10128 = CARTESIAN_POINT('',(7.282100723945E-02,0.460226619166,0.8));
#10129 = VECTOR('',#10130,1.);
#10130 = DIRECTION('',(-0.,-0.,1.));
#10131 = PCURVE('',#4758,#10132);
#10132 = DEFINITIONAL_REPRESENTATION('',(#10133),#10136);
#10133 = B_SPLINE_CURVE_WITH_KNOTS('',1,(#10134,#10135),.UNSPECIFIED.,
  .F.,.F.,(2,2),(0.,1.E-02),.PIECEWISE_BEZIER_KNOTS.);
#10134 = CARTESIAN_POINT('',(1.,-2.636888120551E-15));
#10135 = CARTESIAN_POINT('',(1.,1.));
#10136 = ( GEOMETRIC_REPRESENTATION_CONTEXT(2) 
PARAMETRIC_REPRESENTATION_CONTEXT() REPRESENTATION_CONTEXT('2D SPACE',''
  ) );
#10137 = PCURVE('',#4796,#10138);
#10138 = DEFINITIONAL_REPRESENTATION('',(#10139),#10143);
#10139 = LINE('',#10140,#10141);
#10140 = CARTESIAN_POINT('',(0.,0.));
#10141 = VECTOR('',#10142,1.);
#10142 = DIRECTION('',(-1.,0.));
#10143 = ( GEOMETRIC_REPRESENTATION_CONTEXT(2) 
PARAMETRIC_REPRESENTATION_CONTEXT() REPRESENTATION_CONTEXT('2D SPACE',''
  ) );
#10144 = ADVANCED_FACE('',(#10145),#4796,.T.);
#10145 = FACE_BOUND('',#10146,.T.);
#10146 = EDGE_LOOP('',(#10147,#10148,#10149,#10172));
#10147 = ORIENTED_EDGE('',*,*,#4780,.F.);
#10148 = ORIENTED_EDGE('',*,*,#10125,.F.);
#10149 = ORIENTED_EDGE('',*,*,#10150,.T.);
#10150 = EDGE_CURVE('',#10095,#10151,#10153,.T.);
#10151 = VERTEX_POINT('',#10152);
#10152 = CARTESIAN_POINT('',(7.282100723945E-02,0.463275399654,0.8));
#10153 = SURFACE_CURVE('',#10154,(#10158,#10165),.PCURVE_S1.);
#10154 = LINE('',#10155,#10156);
#10155 = CARTESIAN_POINT('',(7.282100723945E-02,0.460226619166,0.8));
#10156 = VECTOR('',#10157,1.);
#10157 = DIRECTION('',(0.,1.,0.));
#10158 = PCURVE('',#4796,#10159);
#10159 = DEFINITIONAL_REPRESENTATION('',(#10160),#10164);
#10160 = LINE('',#10161,#10162);
#10161 = CARTESIAN_POINT('',(0.,0.));
#10162 = VECTOR('',#10163,1.);
#10163 = DIRECTION('',(0.,1.));
#10164 = ( GEOMETRIC_REPRESENTATION_CONTEXT(2) 
PARAMETRIC_REPRESENTATION_CONTEXT() REPRESENTATION_CONTEXT('2D SPACE',''
  ) );
#10165 = PCURVE('',#9910,#10166);
#10166 = DEFINITIONAL_REPRESENTATION('',(#10167),#10171);
#10167 = LINE('',#10168,#10169);
#10168 = CARTESIAN_POINT('',(-1.307520453329E-03,1.311759135931E-02));
#10169 = VECTOR('',#10170,1.);
#10170 = DIRECTION('',(-1.,5.859426017663E-26));
#10171 = ( GEOMETRIC_REPRESENTATION_CONTEXT(2) 
PARAMETRIC_REPRESENTATION_CONTEXT() REPRESENTATION_CONTEXT('2D SPACE',''
  ) );
#10172 = ORIENTED_EDGE('',*,*,#10173,.T.);
#10173 = EDGE_CURVE('',#10151,#4781,#10174,.T.);
#10174 = SURFACE_CURVE('',#10175,(#10179,#10186),.PCURVE_S1.);
#10175 = LINE('',#10176,#10177);
#10176 = CARTESIAN_POINT('',(7.282100723945E-02,0.463275399654,0.8));
#10177 = VECTOR('',#10178,1.);
#10178 = DIRECTION('',(-0.,-0.,1.));
#10179 = PCURVE('',#4796,#10180);
#10180 = DEFINITIONAL_REPRESENTATION('',(#10181),#10185);
#10181 = LINE('',#10182,#10183);
#10182 = CARTESIAN_POINT('',(0.,3.048780487805E-03));
#10183 = VECTOR('',#10184,1.);
#10184 = DIRECTION('',(-1.,0.));
#10185 = ( GEOMETRIC_REPRESENTATION_CONTEXT(2) 
PARAMETRIC_REPRESENTATION_CONTEXT() REPRESENTATION_CONTEXT('2D SPACE',''
  ) );
#10186 = PCURVE('',#4832,#10187);
#10187 = DEFINITIONAL_REPRESENTATION('',(#10188),#10191);
#10188 = B_SPLINE_CURVE_WITH_KNOTS('',1,(#10189,#10190),.UNSPECIFIED.,
  .F.,.F.,(2,2),(0.,1.E-02),.PIECEWISE_BEZIER_KNOTS.);
#10189 = CARTESIAN_POINT('',(2.331223458275E-16,-2.636888033634E-15));
#10190 = CARTESIAN_POINT('',(3.986059226919E-16,1.));
#10191 = ( GEOMETRIC_REPRESENTATION_CONTEXT(2) 
PARAMETRIC_REPRESENTATION_CONTEXT() REPRESENTATION_CONTEXT('2D SPACE',''
  ) );
#10192 = ADVANCED_FACE('',(#10193),#4832,.T.);
#10193 = FACE_BOUND('',#10194,.T.);
#10194 = EDGE_LOOP('',(#10195,#10196,#10197,#10228));
#10195 = ORIENTED_EDGE('',*,*,#4808,.F.);
#10196 = ORIENTED_EDGE('',*,*,#10173,.F.);
#10197 = ORIENTED_EDGE('',*,*,#10198,.T.);
#10198 = EDGE_CURVE('',#10151,#10199,#10201,.T.);
#10199 = VERTEX_POINT('',#10200);
#10200 = CARTESIAN_POINT('',(4.714455906872E-02,0.467753295996,0.8));
#10201 = SURFACE_CURVE('',#10202,(#10210,#10217),.PCURVE_S1.);
#10202 = B_SPLINE_CURVE_WITH_KNOTS('',3,(#10203,#10204,#10205,#10206,
    #10207,#10208,#10209),.UNSPECIFIED.,.F.,.F.,(4,1,1,1,4),(0.,
    0.25652472308,0.507593360919,0.754841108053,1.),.UNSPECIFIED.);
#10203 = CARTESIAN_POINT('',(7.282100723945E-02,0.463275399654,0.8));
#10204 = CARTESIAN_POINT('',(7.059399408305E-02,0.463449361583,0.8));
#10205 = CARTESIAN_POINT('',(6.618733464182E-02,0.463793585402,0.8));
#10206 = CARTESIAN_POINT('',(5.970309315054E-02,0.464872582987,0.8));
#10207 = CARTESIAN_POINT('',(5.333335750924E-02,0.466035365062,0.8));
#10208 = CARTESIAN_POINT('',(4.920164946182E-02,0.467182274132,0.8));
#10209 = CARTESIAN_POINT('',(4.714455906872E-02,0.467753295996,0.8));
#10210 = PCURVE('',#4832,#10211);
#10211 = DEFINITIONAL_REPRESENTATION('',(#10212),#10216);
#10212 = LINE('',#10213,#10214);
#10213 = CARTESIAN_POINT('',(3.986059226919E-16,-2.636888033634E-15));
#10214 = VECTOR('',#10215,1.);
#10215 = DIRECTION('',(1.,-1.53889893607E-22));
#10216 = ( GEOMETRIC_REPRESENTATION_CONTEXT(2) 
PARAMETRIC_REPRESENTATION_CONTEXT() REPRESENTATION_CONTEXT('2D SPACE',''
  ) );
#10217 = PCURVE('',#9910,#10218);
#10218 = DEFINITIONAL_REPRESENTATION('',(#10219),#10227);
#10219 = B_SPLINE_CURVE_WITH_KNOTS('',3,(#10220,#10221,#10222,#10223,
    #10224,#10225,#10226),.UNSPECIFIED.,.F.,.F.,(4,1,1,1,4),(0.,
    0.25652472308,0.507593360919,0.754841108053,1.),.UNSPECIFIED.);
#10220 = CARTESIAN_POINT('',(-4.356300941133E-03,1.311759135931E-02));
#10221 = CARTESIAN_POINT('',(-4.530262869678E-03,1.08905782029E-02));
#10222 = CARTESIAN_POINT('',(-4.874486689206E-03,6.483918761674E-03));
#10223 = CARTESIAN_POINT('',(-5.953484274466E-03,-3.227296047348E-07));
#10224 = CARTESIAN_POINT('',(-7.116266348989E-03,-6.370058370903E-03));
#10225 = CARTESIAN_POINT('',(-8.263175418902E-03,-1.050176641832E-02));
#10226 = CARTESIAN_POINT('',(-8.834197282597E-03,-1.255885681143E-02));
#10227 = ( GEOMETRIC_REPRESENTATION_CONTEXT(2) 
PARAMETRIC_REPRESENTATION_CONTEXT() REPRESENTATION_CONTEXT('2D SPACE',''
  ) );
#10228 = ORIENTED_EDGE('',*,*,#10229,.T.);
#10229 = EDGE_CURVE('',#10199,#4809,#10230,.T.);
#10230 = SURFACE_CURVE('',#10231,(#10235,#10241),.PCURVE_S1.);
#10231 = LINE('',#10232,#10233);
#10232 = CARTESIAN_POINT('',(4.714455906872E-02,0.467753295996,0.8));
#10233 = VECTOR('',#10234,1.);
#10234 = DIRECTION('',(-0.,-0.,1.));
#10235 = PCURVE('',#4832,#10236);
#10236 = DEFINITIONAL_REPRESENTATION('',(#10237),#10240);
#10237 = B_SPLINE_CURVE_WITH_KNOTS('',1,(#10238,#10239),.UNSPECIFIED.,
  .F.,.F.,(2,2),(0.,1.E-02),.PIECEWISE_BEZIER_KNOTS.);
#10238 = CARTESIAN_POINT('',(1.,-2.636888187524E-15));
#10239 = CARTESIAN_POINT('',(1.,1.));
#10240 = ( GEOMETRIC_REPRESENTATION_CONTEXT(2) 
PARAMETRIC_REPRESENTATION_CONTEXT() REPRESENTATION_CONTEXT('2D SPACE',''
  ) );
#10241 = PCURVE('',#4870,#10242);
#10242 = DEFINITIONAL_REPRESENTATION('',(#10243),#10247);
#10243 = LINE('',#10244,#10245);
#10244 = CARTESIAN_POINT('',(0.,0.));
#10245 = VECTOR('',#10246,1.);
#10246 = DIRECTION('',(0.,1.));
#10247 = ( GEOMETRIC_REPRESENTATION_CONTEXT(2) 
PARAMETRIC_REPRESENTATION_CONTEXT() REPRESENTATION_CONTEXT('2D SPACE',''
  ) );
#10248 = ADVANCED_FACE('',(#10249),#4870,.T.);
#10249 = FACE_BOUND('',#10250,.T.);
#10250 = EDGE_LOOP('',(#10251,#10252,#10253,#10276));
#10251 = ORIENTED_EDGE('',*,*,#4854,.F.);
#10252 = ORIENTED_EDGE('',*,*,#10229,.F.);
#10253 = ORIENTED_EDGE('',*,*,#10254,.T.);
#10254 = EDGE_CURVE('',#10199,#10255,#10257,.T.);
#10255 = VERTEX_POINT('',#10256);
#10256 = CARTESIAN_POINT('',(-0.134496065931,0.518153448435,0.8));
#10257 = SURFACE_CURVE('',#10258,(#10262,#10269),.PCURVE_S1.);
#10258 = LINE('',#10259,#10260);
#10259 = CARTESIAN_POINT('',(4.714455906872E-02,0.467753295996,0.8));
#10260 = VECTOR('',#10261,1.);
#10261 = DIRECTION('',(-0.963593901824,0.26737014113,0.));
#10262 = PCURVE('',#4870,#10263);
#10263 = DEFINITIONAL_REPRESENTATION('',(#10264),#10268);
#10264 = LINE('',#10265,#10266);
#10265 = CARTESIAN_POINT('',(0.,0.));
#10266 = VECTOR('',#10267,1.);
#10267 = DIRECTION('',(1.,0.));
#10268 = ( GEOMETRIC_REPRESENTATION_CONTEXT(2) 
PARAMETRIC_REPRESENTATION_CONTEXT() REPRESENTATION_CONTEXT('2D SPACE',''
  ) );
#10269 = PCURVE('',#9910,#10270);
#10270 = DEFINITIONAL_REPRESENTATION('',(#10271),#10275);
#10271 = LINE('',#10272,#10273);
#10272 = CARTESIAN_POINT('',(-8.834197282597E-03,-1.255885681143E-02));
#10273 = VECTOR('',#10274,1.);
#10274 = DIRECTION('',(-0.26737014113,-0.963593901824));
#10275 = ( GEOMETRIC_REPRESENTATION_CONTEXT(2) 
PARAMETRIC_REPRESENTATION_CONTEXT() REPRESENTATION_CONTEXT('2D SPACE',''
  ) );
#10276 = ORIENTED_EDGE('',*,*,#10277,.T.);
#10277 = EDGE_CURVE('',#10255,#4855,#10278,.T.);
#10278 = SURFACE_CURVE('',#10279,(#10283,#10290),.PCURVE_S1.);
#10279 = LINE('',#10280,#10281);
#10280 = CARTESIAN_POINT('',(-0.134496065931,0.518153448435,0.8));
#10281 = VECTOR('',#10282,1.);
#10282 = DIRECTION('',(-0.,-0.,1.));
#10283 = PCURVE('',#4870,#10284);
#10284 = DEFINITIONAL_REPRESENTATION('',(#10285),#10289);
#10285 = LINE('',#10286,#10287);
#10286 = CARTESIAN_POINT('',(0.188503294444,0.));
#10287 = VECTOR('',#10288,1.);
#10288 = DIRECTION('',(0.,1.));
#10289 = ( GEOMETRIC_REPRESENTATION_CONTEXT(2) 
PARAMETRIC_REPRESENTATION_CONTEXT() REPRESENTATION_CONTEXT('2D SPACE',''
  ) );
#10290 = PCURVE('',#4898,#10291);
#10291 = DEFINITIONAL_REPRESENTATION('',(#10292),#10296);
#10292 = LINE('',#10293,#10294);
#10293 = CARTESIAN_POINT('',(0.,0.));
#10294 = VECTOR('',#10295,1.);
#10295 = DIRECTION('',(-1.,0.));
#10296 = ( GEOMETRIC_REPRESENTATION_CONTEXT(2) 
PARAMETRIC_REPRESENTATION_CONTEXT() REPRESENTATION_CONTEXT('2D SPACE',''
  ) );
#10297 = ADVANCED_FACE('',(#10298),#4898,.T.);
#10298 = FACE_BOUND('',#10299,.T.);
#10299 = EDGE_LOOP('',(#10300,#10301,#10302,#10325));
#10300 = ORIENTED_EDGE('',*,*,#4882,.F.);
#10301 = ORIENTED_EDGE('',*,*,#10277,.F.);
#10302 = ORIENTED_EDGE('',*,*,#10303,.T.);
#10303 = EDGE_CURVE('',#10255,#10304,#10306,.T.);
#10304 = VERTEX_POINT('',#10305);
#10305 = CARTESIAN_POINT('',(-0.134496065931,0.554738814288,0.8));
#10306 = SURFACE_CURVE('',#10307,(#10311,#10318),.PCURVE_S1.);
#10307 = LINE('',#10308,#10309);
#10308 = CARTESIAN_POINT('',(-0.134496065931,0.518153448435,0.8));
#10309 = VECTOR('',#10310,1.);
#10310 = DIRECTION('',(0.,1.,0.));
#10311 = PCURVE('',#4898,#10312);
#10312 = DEFINITIONAL_REPRESENTATION('',(#10313),#10317);
#10313 = LINE('',#10314,#10315);
#10314 = CARTESIAN_POINT('',(0.,0.));
#10315 = VECTOR('',#10316,1.);
#10316 = DIRECTION('',(0.,1.));
#10317 = ( GEOMETRIC_REPRESENTATION_CONTEXT(2) 
PARAMETRIC_REPRESENTATION_CONTEXT() REPRESENTATION_CONTEXT('2D SPACE',''
  ) );
#10318 = PCURVE('',#9910,#10319);
#10319 = DEFINITIONAL_REPRESENTATION('',(#10320),#10324);
#10320 = LINE('',#10321,#10322);
#10321 = CARTESIAN_POINT('',(-5.923434972162E-02,-0.194199481811));
#10322 = VECTOR('',#10323,1.);
#10323 = DIRECTION('',(-1.,5.859426017663E-26));
#10324 = ( GEOMETRIC_REPRESENTATION_CONTEXT(2) 
PARAMETRIC_REPRESENTATION_CONTEXT() REPRESENTATION_CONTEXT('2D SPACE',''
  ) );
#10325 = ORIENTED_EDGE('',*,*,#10326,.T.);
#10326 = EDGE_CURVE('',#10304,#4883,#10327,.T.);
#10327 = SURFACE_CURVE('',#10328,(#10332,#10339),.PCURVE_S1.);
#10328 = LINE('',#10329,#10330);
#10329 = CARTESIAN_POINT('',(-0.134496065931,0.554738814288,0.8));
#10330 = VECTOR('',#10331,1.);
#10331 = DIRECTION('',(-0.,-0.,1.));
#10332 = PCURVE('',#4898,#10333);
#10333 = DEFINITIONAL_REPRESENTATION('',(#10334),#10338);
#10334 = LINE('',#10335,#10336);
#10335 = CARTESIAN_POINT('',(0.,3.658536585366E-02));
#10336 = VECTOR('',#10337,1.);
#10337 = DIRECTION('',(-1.,0.));
#10338 = ( GEOMETRIC_REPRESENTATION_CONTEXT(2) 
PARAMETRIC_REPRESENTATION_CONTEXT() REPRESENTATION_CONTEXT('2D SPACE',''
  ) );
#10339 = PCURVE('',#4926,#10340);
#10340 = DEFINITIONAL_REPRESENTATION('',(#10341),#10345);
#10341 = LINE('',#10342,#10343);
#10342 = CARTESIAN_POINT('',(0.,0.));
#10343 = VECTOR('',#10344,1.);
#10344 = DIRECTION('',(0.,1.));
#10345 = ( GEOMETRIC_REPRESENTATION_CONTEXT(2) 
PARAMETRIC_REPRESENTATION_CONTEXT() REPRESENTATION_CONTEXT('2D SPACE',''
  ) );
#10346 = ADVANCED_FACE('',(#10347),#4926,.T.);
#10347 = FACE_BOUND('',#10348,.T.);
#10348 = EDGE_LOOP('',(#10349,#10350,#10351,#10374));
#10349 = ORIENTED_EDGE('',*,*,#4910,.F.);
#10350 = ORIENTED_EDGE('',*,*,#10326,.F.);
#10351 = ORIENTED_EDGE('',*,*,#10352,.T.);
#10352 = EDGE_CURVE('',#10304,#10353,#10355,.T.);
#10353 = VERTEX_POINT('',#10354);
#10354 = CARTESIAN_POINT('',(0.115503934069,0.627909545996,0.8));
#10355 = SURFACE_CURVE('',#10356,(#10360,#10367),.PCURVE_S1.);
#10356 = LINE('',#10357,#10358);
#10357 = CARTESIAN_POINT('',(-0.134496065931,0.554738814288,0.8));
#10358 = VECTOR('',#10359,1.);
#10359 = DIRECTION('',(0.959737407008,0.280898753271,0.));
#10360 = PCURVE('',#4926,#10361);
#10361 = DEFINITIONAL_REPRESENTATION('',(#10362),#10366);
#10362 = LINE('',#10363,#10364);
#10363 = CARTESIAN_POINT('',(0.,0.));
#10364 = VECTOR('',#10365,1.);
#10365 = DIRECTION('',(1.,0.));
#10366 = ( GEOMETRIC_REPRESENTATION_CONTEXT(2) 
PARAMETRIC_REPRESENTATION_CONTEXT() REPRESENTATION_CONTEXT('2D SPACE',''
  ) );
#10367 = PCURVE('',#9910,#10368);
#10368 = DEFINITIONAL_REPRESENTATION('',(#10369),#10373);
#10369 = LINE('',#10370,#10371);
#10370 = CARTESIAN_POINT('',(-9.581971557528E-02,-0.194199481811));
#10371 = VECTOR('',#10372,1.);
#10372 = DIRECTION('',(-0.280898753271,0.959737407008));
#10373 = ( GEOMETRIC_REPRESENTATION_CONTEXT(2) 
PARAMETRIC_REPRESENTATION_CONTEXT() REPRESENTATION_CONTEXT('2D SPACE',''
  ) );
#10374 = ORIENTED_EDGE('',*,*,#10375,.T.);
#10375 = EDGE_CURVE('',#10353,#4911,#10376,.T.);
#10376 = SURFACE_CURVE('',#10377,(#10381,#10388),.PCURVE_S1.);
#10377 = LINE('',#10378,#10379);
#10378 = CARTESIAN_POINT('',(0.115503934069,0.627909545996,0.8));
#10379 = VECTOR('',#10380,1.);
#10380 = DIRECTION('',(-0.,-0.,1.));
#10381 = PCURVE('',#4926,#10382);
#10382 = DEFINITIONAL_REPRESENTATION('',(#10383),#10387);
#10383 = LINE('',#10384,#10385);
#10384 = CARTESIAN_POINT('',(0.260487919065,0.));
#10385 = VECTOR('',#10386,1.);
#10386 = DIRECTION('',(0.,1.));
#10387 = ( GEOMETRIC_REPRESENTATION_CONTEXT(2) 
PARAMETRIC_REPRESENTATION_CONTEXT() REPRESENTATION_CONTEXT('2D SPACE',''
  ) );
#10388 = PCURVE('',#4954,#10389);
#10389 = DEFINITIONAL_REPRESENTATION('',(#10390),#10394);
#10390 = LINE('',#10391,#10392);
#10391 = CARTESIAN_POINT('',(0.,0.));
#10392 = VECTOR('',#10393,1.);
#10393 = DIRECTION('',(1.,0.));
#10394 = ( GEOMETRIC_REPRESENTATION_CONTEXT(2) 
PARAMETRIC_REPRESENTATION_CONTEXT() REPRESENTATION_CONTEXT('2D SPACE',''
  ) );
#10395 = ADVANCED_FACE('',(#10396),#4954,.T.);
#10396 = FACE_BOUND('',#10397,.T.);
#10397 = EDGE_LOOP('',(#10398,#10399,#10400,#10423));
#10398 = ORIENTED_EDGE('',*,*,#4938,.F.);
#10399 = ORIENTED_EDGE('',*,*,#10375,.F.);
#10400 = ORIENTED_EDGE('',*,*,#10401,.T.);
#10401 = EDGE_CURVE('',#10353,#10402,#10404,.T.);
#10402 = VERTEX_POINT('',#10403);
#10403 = CARTESIAN_POINT('',(0.115503934069,0.591324180142,0.8));
#10404 = SURFACE_CURVE('',#10405,(#10409,#10416),.PCURVE_S1.);
#10405 = LINE('',#10406,#10407);
#10406 = CARTESIAN_POINT('',(0.115503934069,0.627909545996,0.8));
#10407 = VECTOR('',#10408,1.);
#10408 = DIRECTION('',(0.,-1.,0.));
#10409 = PCURVE('',#4954,#10410);
#10410 = DEFINITIONAL_REPRESENTATION('',(#10411),#10415);
#10411 = LINE('',#10412,#10413);
#10412 = CARTESIAN_POINT('',(0.,0.));
#10413 = VECTOR('',#10414,1.);
#10414 = DIRECTION('',(0.,-1.));
#10415 = ( GEOMETRIC_REPRESENTATION_CONTEXT(2) 
PARAMETRIC_REPRESENTATION_CONTEXT() REPRESENTATION_CONTEXT('2D SPACE',''
  ) );
#10416 = PCURVE('',#9910,#10417);
#10417 = DEFINITIONAL_REPRESENTATION('',(#10418),#10422);
#10418 = LINE('',#10419,#10420);
#10419 = CARTESIAN_POINT('',(-0.168990447283,5.580051818857E-02));
#10420 = VECTOR('',#10421,1.);
#10421 = DIRECTION('',(1.,-5.859426017663E-26));
#10422 = ( GEOMETRIC_REPRESENTATION_CONTEXT(2) 
PARAMETRIC_REPRESENTATION_CONTEXT() REPRESENTATION_CONTEXT('2D SPACE',''
  ) );
#10423 = ORIENTED_EDGE('',*,*,#10424,.T.);
#10424 = EDGE_CURVE('',#10402,#4939,#10425,.T.);
#10425 = SURFACE_CURVE('',#10426,(#10430,#10437),.PCURVE_S1.);
#10426 = LINE('',#10427,#10428);
#10427 = CARTESIAN_POINT('',(0.115503934069,0.591324180142,0.8));
#10428 = VECTOR('',#10429,1.);
#10429 = DIRECTION('',(-0.,-0.,1.));
#10430 = PCURVE('',#4954,#10431);
#10431 = DEFINITIONAL_REPRESENTATION('',(#10432),#10436);
#10432 = LINE('',#10433,#10434);
#10433 = CARTESIAN_POINT('',(0.,-3.658536585366E-02));
#10434 = VECTOR('',#10435,1.);
#10435 = DIRECTION('',(1.,0.));
#10436 = ( GEOMETRIC_REPRESENTATION_CONTEXT(2) 
PARAMETRIC_REPRESENTATION_CONTEXT() REPRESENTATION_CONTEXT('2D SPACE',''
  ) );
#10437 = PCURVE('',#4982,#10438);
#10438 = DEFINITIONAL_REPRESENTATION('',(#10439),#10443);
#10439 = LINE('',#10440,#10441);
#10440 = CARTESIAN_POINT('',(0.,0.));
#10441 = VECTOR('',#10442,1.);
#10442 = DIRECTION('',(0.,1.));
#10443 = ( GEOMETRIC_REPRESENTATION_CONTEXT(2) 
PARAMETRIC_REPRESENTATION_CONTEXT() REPRESENTATION_CONTEXT('2D SPACE',''
  ) );
#10444 = ADVANCED_FACE('',(#10445),#4982,.T.);
#10445 = FACE_BOUND('',#10446,.T.);
#10446 = EDGE_LOOP('',(#10447,#10448,#10449,#10472));
#10447 = ORIENTED_EDGE('',*,*,#4966,.F.);
#10448 = ORIENTED_EDGE('',*,*,#10424,.F.);
#10449 = ORIENTED_EDGE('',*,*,#10450,.T.);
#10450 = EDGE_CURVE('',#10402,#10451,#10453,.T.);
#10451 = VERTEX_POINT('',#10452);
#10452 = CARTESIAN_POINT('',(-7.237716349226E-02,0.540447655752,0.8));
#10453 = SURFACE_CURVE('',#10454,(#10458,#10465),.PCURVE_S1.);
#10454 = LINE('',#10455,#10456);
#10455 = CARTESIAN_POINT('',(0.115503934069,0.591324180142,0.8));
#10456 = VECTOR('',#10457,1.);
#10457 = DIRECTION('',(-0.965236663322,-0.261377473739,0.));
#10458 = PCURVE('',#4982,#10459);
#10459 = DEFINITIONAL_REPRESENTATION('',(#10460),#10464);
#10460 = LINE('',#10461,#10462);
#10461 = CARTESIAN_POINT('',(0.,0.));
#10462 = VECTOR('',#10463,1.);
#10463 = DIRECTION('',(1.,0.));
#10464 = ( GEOMETRIC_REPRESENTATION_CONTEXT(2) 
PARAMETRIC_REPRESENTATION_CONTEXT() REPRESENTATION_CONTEXT('2D SPACE',''
  ) );
#10465 = PCURVE('',#9910,#10466);
#10466 = DEFINITIONAL_REPRESENTATION('',(#10467),#10471);
#10467 = LINE('',#10468,#10469);
#10468 = CARTESIAN_POINT('',(-0.132405081429,5.580051818857E-02));
#10469 = VECTOR('',#10470,1.);
#10470 = DIRECTION('',(0.261377473739,-0.965236663322));
#10471 = ( GEOMETRIC_REPRESENTATION_CONTEXT(2) 
PARAMETRIC_REPRESENTATION_CONTEXT() REPRESENTATION_CONTEXT('2D SPACE',''
  ) );
#10472 = ORIENTED_EDGE('',*,*,#10473,.T.);
#10473 = EDGE_CURVE('',#10451,#4967,#10474,.T.);
#10474 = SURFACE_CURVE('',#10475,(#10479,#10486),.PCURVE_S1.);
#10475 = LINE('',#10476,#10477);
#10476 = CARTESIAN_POINT('',(-7.237716349226E-02,0.540447655752,0.8));
#10477 = VECTOR('',#10478,1.);
#10478 = DIRECTION('',(-0.,-0.,1.));
#10479 = PCURVE('',#4982,#10480);
#10480 = DEFINITIONAL_REPRESENTATION('',(#10481),#10485);
#10481 = LINE('',#10482,#10483);
#10482 = CARTESIAN_POINT('',(0.194647701129,0.));
#10483 = VECTOR('',#10484,1.);
#10484 = DIRECTION('',(0.,1.));
#10485 = ( GEOMETRIC_REPRESENTATION_CONTEXT(2) 
PARAMETRIC_REPRESENTATION_CONTEXT() REPRESENTATION_CONTEXT('2D SPACE',''
  ) );
#10486 = PCURVE('',#5014,#10487);
#10487 = DEFINITIONAL_REPRESENTATION('',(#10488),#10491);
#10488 = B_SPLINE_CURVE_WITH_KNOTS('',1,(#10489,#10490),.UNSPECIFIED.,
  .F.,.F.,(2,2),(0.,1.E-02),.PIECEWISE_BEZIER_KNOTS.);
#10489 = CARTESIAN_POINT('',(-6.864115388937E-16,-2.636888166814E-15));
#10490 = CARTESIAN_POINT('',(-6.314270661643E-16,1.));
#10491 = ( GEOMETRIC_REPRESENTATION_CONTEXT(2) 
PARAMETRIC_REPRESENTATION_CONTEXT() REPRESENTATION_CONTEXT('2D SPACE',''
  ) );
#10492 = ADVANCED_FACE('',(#10493),#5014,.T.);
#10493 = FACE_BOUND('',#10494,.T.);
#10494 = EDGE_LOOP('',(#10495,#10496,#10497,#10524));
#10495 = ORIENTED_EDGE('',*,*,#4994,.F.);
#10496 = ORIENTED_EDGE('',*,*,#10473,.F.);
#10497 = ORIENTED_EDGE('',*,*,#10498,.T.);
#10498 = EDGE_CURVE('',#10451,#10499,#10501,.T.);
#10499 = VERTEX_POINT('',#10500);
#10500 = CARTESIAN_POINT('',(-9.791070007762E-02,0.536446131361,0.8));
#10501 = SURFACE_CURVE('',#10502,(#10508,#10515),.PCURVE_S1.);
#10502 = B_SPLINE_CURVE_WITH_KNOTS('',3,(#10503,#10504,#10505,#10506,
    #10507),.UNSPECIFIED.,.F.,.F.,(4,1,4),(0.,0.502168503213,1.),
  .UNSPECIFIED.);
#10503 = CARTESIAN_POINT('',(-7.237716349226E-02,0.540447655752,0.8));
#10504 = CARTESIAN_POINT('',(-7.659955650394E-02,0.539447765127,0.8));
#10505 = CARTESIAN_POINT('',(-8.500787559339E-02,0.537456619489,0.8));
#10506 = CARTESIAN_POINT('',(-9.362221206041E-02,0.53678198544,0.8));
#10507 = CARTESIAN_POINT('',(-9.791070007762E-02,0.536446131361,0.8));
#10508 = PCURVE('',#5014,#10509);
#10509 = DEFINITIONAL_REPRESENTATION('',(#10510),#10514);
#10510 = LINE('',#10511,#10512);
#10511 = CARTESIAN_POINT('',(-6.314270661643E-16,-2.636888166814E-15));
#10512 = VECTOR('',#10513,1.);
#10513 = DIRECTION('',(1.,1.110223034138E-14));
#10514 = ( GEOMETRIC_REPRESENTATION_CONTEXT(2) 
PARAMETRIC_REPRESENTATION_CONTEXT() REPRESENTATION_CONTEXT('2D SPACE',''
  ) );
#10515 = PCURVE('',#9910,#10516);
#10516 = DEFINITIONAL_REPRESENTATION('',(#10517),#10523);
#10517 = B_SPLINE_CURVE_WITH_KNOTS('',3,(#10518,#10519,#10520,#10521,
    #10522),.UNSPECIFIED.,.F.,.F.,(4,1,4),(0.,0.502168503213,1.),
  .UNSPECIFIED.);
#10518 = CARTESIAN_POINT('',(-8.152855703869E-02,-0.132080579372));
#10519 = CARTESIAN_POINT('',(-8.052866641383E-02,-0.136302972384));
#10520 = CARTESIAN_POINT('',(-7.853752077553E-02,-0.144711291474));
#10521 = CARTESIAN_POINT('',(-7.786288672674E-02,-0.153325627941));
#10522 = CARTESIAN_POINT('',(-7.752703264845E-02,-0.157614115958));
#10523 = ( GEOMETRIC_REPRESENTATION_CONTEXT(2) 
PARAMETRIC_REPRESENTATION_CONTEXT() REPRESENTATION_CONTEXT('2D SPACE',''
  ) );
#10524 = ORIENTED_EDGE('',*,*,#10525,.T.);
#10525 = EDGE_CURVE('',#10499,#4995,#10526,.T.);
#10526 = SURFACE_CURVE('',#10527,(#10531,#10537),.PCURVE_S1.);
#10527 = LINE('',#10528,#10529);
#10528 = CARTESIAN_POINT('',(-9.791070007762E-02,0.536446131361,0.8));
#10529 = VECTOR('',#10530,1.);
#10530 = DIRECTION('',(-0.,-0.,1.));
#10531 = PCURVE('',#5014,#10532);
#10532 = DEFINITIONAL_REPRESENTATION('',(#10533),#10536);
#10533 = B_SPLINE_CURVE_WITH_KNOTS('',1,(#10534,#10535),.UNSPECIFIED.,
  .F.,.F.,(2,2),(0.,1.E-02),.PIECEWISE_BEZIER_KNOTS.);
#10534 = CARTESIAN_POINT('',(1.,8.465342174566E-15));
#10535 = CARTESIAN_POINT('',(1.,1.));
#10536 = ( GEOMETRIC_REPRESENTATION_CONTEXT(2) 
PARAMETRIC_REPRESENTATION_CONTEXT() REPRESENTATION_CONTEXT('2D SPACE',''
  ) );
#10537 = PCURVE('',#5056,#10538);
#10538 = DEFINITIONAL_REPRESENTATION('',(#10539),#10542);
#10539 = B_SPLINE_CURVE_WITH_KNOTS('',1,(#10540,#10541),.UNSPECIFIED.,
  .F.,.F.,(2,2),(0.,1.E-02),.PIECEWISE_BEZIER_KNOTS.);
#10540 = CARTESIAN_POINT('',(3.896340402839E-16,2.914172865842E-15));
#10541 = CARTESIAN_POINT('',(3.504896075924E-16,1.));
#10542 = ( GEOMETRIC_REPRESENTATION_CONTEXT(2) 
PARAMETRIC_REPRESENTATION_CONTEXT() REPRESENTATION_CONTEXT('2D SPACE',''
  ) );
#10543 = ADVANCED_FACE('',(#10544),#5056,.T.);
#10544 = FACE_BOUND('',#10545,.T.);
#10545 = EDGE_LOOP('',(#10546,#10547,#10548,#10579));
#10546 = ORIENTED_EDGE('',*,*,#5032,.F.);
#10547 = ORIENTED_EDGE('',*,*,#10525,.F.);
#10548 = ORIENTED_EDGE('',*,*,#10549,.T.);
#10549 = EDGE_CURVE('',#10499,#10550,#10552,.T.);
#10550 = VERTEX_POINT('',#10551);
#10551 = CARTESIAN_POINT('',(-7.237716349226E-02,0.530967853922,0.8));
#10552 = SURFACE_CURVE('',#10553,(#10561,#10568),.PCURVE_S1.);
#10553 = B_SPLINE_CURVE_WITH_KNOTS('',3,(#10554,#10555,#10556,#10557,
    #10558,#10559,#10560),.UNSPECIFIED.,.F.,.F.,(4,1,1,1,4),(0.,
    0.20018586204,0.433500499914,0.699479573833,1.),.UNSPECIFIED.);
#10554 = CARTESIAN_POINT('',(-9.791070007762E-02,0.536446131361,0.8));
#10555 = CARTESIAN_POINT('',(-9.617736893632E-02,0.536241479778,0.8));
#10556 = CARTESIAN_POINT('',(-9.242385753139E-02,0.535798308803,0.8));
#10557 = CARTESIAN_POINT('',(-8.642438266586E-02,0.534682455643,0.8));
#10558 = CARTESIAN_POINT('',(-7.964805069528E-02,0.533032340151,0.8));
#10559 = CARTESIAN_POINT('',(-7.489734792482E-02,0.531683431803,0.8));
#10560 = CARTESIAN_POINT('',(-7.237716349226E-02,0.530967853922,0.8));
#10561 = PCURVE('',#5056,#10562);
#10562 = DEFINITIONAL_REPRESENTATION('',(#10563),#10567);
#10563 = LINE('',#10564,#10565);
#10564 = CARTESIAN_POINT('',(3.896340402839E-16,2.914172865842E-15));
#10565 = VECTOR('',#10566,1.);
#10566 = DIRECTION('',(1.,-5.119621131274E-23));
#10567 = ( GEOMETRIC_REPRESENTATION_CONTEXT(2) 
PARAMETRIC_REPRESENTATION_CONTEXT() REPRESENTATION_CONTEXT('2D SPACE',''
  ) );
#10568 = PCURVE('',#9910,#10569);
#10569 = DEFINITIONAL_REPRESENTATION('',(#10570),#10578);
#10570 = B_SPLINE_CURVE_WITH_KNOTS('',3,(#10571,#10572,#10573,#10574,
    #10575,#10576,#10577),.UNSPECIFIED.,.F.,.F.,(4,1,1,1,4),(0.,
    0.20018586204,0.433500499914,0.699479573833,1.),.UNSPECIFIED.);
#10571 = CARTESIAN_POINT('',(-7.752703264845E-02,-0.157614115958));
#10572 = CARTESIAN_POINT('',(-7.732238106517E-02,-0.155880784816));
#10573 = CARTESIAN_POINT('',(-7.687921009018E-02,-0.152127273412));
#10574 = CARTESIAN_POINT('',(-7.576335692952E-02,-0.146127798546));
#10575 = CARTESIAN_POINT('',(-7.411324143805E-02,-0.139351466575));
#10576 = CARTESIAN_POINT('',(-7.276433309E-02,-0.134600763805));
#10577 = CARTESIAN_POINT('',(-7.204875520943E-02,-0.132080579372));
#10578 = ( GEOMETRIC_REPRESENTATION_CONTEXT(2) 
PARAMETRIC_REPRESENTATION_CONTEXT() REPRESENTATION_CONTEXT('2D SPACE',''
  ) );
#10579 = ORIENTED_EDGE('',*,*,#10580,.T.);
#10580 = EDGE_CURVE('',#10550,#5033,#10581,.T.);
#10581 = SURFACE_CURVE('',#10582,(#10586,#10592),.PCURVE_S1.);
#10582 = LINE('',#10583,#10584);
#10583 = CARTESIAN_POINT('',(-7.237716349226E-02,0.530967853922,0.8));
#10584 = VECTOR('',#10585,1.);
#10585 = DIRECTION('',(-0.,-0.,1.));
#10586 = PCURVE('',#5056,#10587);
#10587 = DEFINITIONAL_REPRESENTATION('',(#10588),#10591);
#10588 = B_SPLINE_CURVE_WITH_KNOTS('',1,(#10589,#10590),.UNSPECIFIED.,
  .F.,.F.,(2,2),(0.,1.E-02),.PIECEWISE_BEZIER_KNOTS.);
#10589 = CARTESIAN_POINT('',(1.,2.914172814646E-15));
#10590 = CARTESIAN_POINT('',(1.,1.));
#10591 = ( GEOMETRIC_REPRESENTATION_CONTEXT(2) 
PARAMETRIC_REPRESENTATION_CONTEXT() REPRESENTATION_CONTEXT('2D SPACE',''
  ) );
#10592 = PCURVE('',#5094,#10593);
#10593 = DEFINITIONAL_REPRESENTATION('',(#10594),#10598);
#10594 = LINE('',#10595,#10596);
#10595 = CARTESIAN_POINT('',(0.,0.));
#10596 = VECTOR('',#10597,1.);
#10597 = DIRECTION('',(0.,1.));
#10598 = ( GEOMETRIC_REPRESENTATION_CONTEXT(2) 
PARAMETRIC_REPRESENTATION_CONTEXT() REPRESENTATION_CONTEXT('2D SPACE',''
  ) );
#10599 = ADVANCED_FACE('',(#10600),#5094,.T.);
#10600 = FACE_BOUND('',#10601,.T.);
#10601 = EDGE_LOOP('',(#10602,#10603,#10604,#10627));
#10602 = ORIENTED_EDGE('',*,*,#5078,.F.);
#10603 = ORIENTED_EDGE('',*,*,#10580,.F.);
#10604 = ORIENTED_EDGE('',*,*,#10605,.T.);
#10605 = EDGE_CURVE('',#10550,#10606,#10608,.T.);
#10606 = VERTEX_POINT('',#10607);
#10607 = CARTESIAN_POINT('',(0.115503934069,0.475470521605,0.8));
#10608 = SURFACE_CURVE('',#10609,(#10613,#10620),.PCURVE_S1.);
#10609 = LINE('',#10610,#10611);
#10610 = CARTESIAN_POINT('',(-7.237716349226E-02,0.530967853922,0.8));
#10611 = VECTOR('',#10612,1.);
#10612 = DIRECTION('',(0.959035726766,-0.283285147485,0.));
#10613 = PCURVE('',#5094,#10614);
#10614 = DEFINITIONAL_REPRESENTATION('',(#10615),#10619);
#10615 = LINE('',#10616,#10617);
#10616 = CARTESIAN_POINT('',(0.,0.));
#10617 = VECTOR('',#10618,1.);
#10618 = DIRECTION('',(1.,0.));
#10619 = ( GEOMETRIC_REPRESENTATION_CONTEXT(2) 
PARAMETRIC_REPRESENTATION_CONTEXT() REPRESENTATION_CONTEXT('2D SPACE',''
  ) );
#10620 = PCURVE('',#9910,#10621);
#10621 = DEFINITIONAL_REPRESENTATION('',(#10622),#10626);
#10622 = LINE('',#10623,#10624);
#10623 = CARTESIAN_POINT('',(-7.204875520943E-02,-0.132080579372));
#10624 = VECTOR('',#10625,1.);
#10625 = DIRECTION('',(0.283285147485,0.959035726766));
#10626 = ( GEOMETRIC_REPRESENTATION_CONTEXT(2) 
PARAMETRIC_REPRESENTATION_CONTEXT() REPRESENTATION_CONTEXT('2D SPACE',''
  ) );
#10627 = ORIENTED_EDGE('',*,*,#10628,.T.);
#10628 = EDGE_CURVE('',#10606,#5079,#10629,.T.);
#10629 = SURFACE_CURVE('',#10630,(#10634,#10641),.PCURVE_S1.);
#10630 = LINE('',#10631,#10632);
#10631 = CARTESIAN_POINT('',(0.115503934069,0.475470521605,0.8));
#10632 = VECTOR('',#10633,1.);
#10633 = DIRECTION('',(-0.,-0.,1.));
#10634 = PCURVE('',#5094,#10635);
#10635 = DEFINITIONAL_REPRESENTATION('',(#10636),#10640);
#10636 = LINE('',#10637,#10638);
#10637 = CARTESIAN_POINT('',(0.195906254916,0.));
#10638 = VECTOR('',#10639,1.);
#10639 = DIRECTION('',(0.,1.));
#10640 = ( GEOMETRIC_REPRESENTATION_CONTEXT(2) 
PARAMETRIC_REPRESENTATION_CONTEXT() REPRESENTATION_CONTEXT('2D SPACE',''
  ) );
#10641 = PCURVE('',#5122,#10642);
#10642 = DEFINITIONAL_REPRESENTATION('',(#10643),#10647);
#10643 = LINE('',#10644,#10645);
#10644 = CARTESIAN_POINT('',(0.,0.));
#10645 = VECTOR('',#10646,1.);
#10646 = DIRECTION('',(1.,0.));
#10647 = ( GEOMETRIC_REPRESENTATION_CONTEXT(2) 
PARAMETRIC_REPRESENTATION_CONTEXT() REPRESENTATION_CONTEXT('2D SPACE',''
  ) );
#10648 = ADVANCED_FACE('',(#10649),#5122,.T.);
#10649 = FACE_BOUND('',#10650,.T.);
#10650 = EDGE_LOOP('',(#10651,#10652,#10653,#10676));
#10651 = ORIENTED_EDGE('',*,*,#5106,.F.);
#10652 = ORIENTED_EDGE('',*,*,#10628,.F.);
#10653 = ORIENTED_EDGE('',*,*,#10654,.T.);
#10654 = EDGE_CURVE('',#10606,#10655,#10657,.T.);
#10655 = VERTEX_POINT('',#10656);
#10656 = CARTESIAN_POINT('',(0.115503934069,0.444982716727,0.8));
#10657 = SURFACE_CURVE('',#10658,(#10662,#10669),.PCURVE_S1.);
#10658 = LINE('',#10659,#10660);
#10659 = CARTESIAN_POINT('',(0.115503934069,0.475470521605,0.8));
#10660 = VECTOR('',#10661,1.);
#10661 = DIRECTION('',(0.,-1.,0.));
#10662 = PCURVE('',#5122,#10663);
#10663 = DEFINITIONAL_REPRESENTATION('',(#10664),#10668);
#10664 = LINE('',#10665,#10666);
#10665 = CARTESIAN_POINT('',(0.,0.));
#10666 = VECTOR('',#10667,1.);
#10667 = DIRECTION('',(0.,-1.));
#10668 = ( GEOMETRIC_REPRESENTATION_CONTEXT(2) 
PARAMETRIC_REPRESENTATION_CONTEXT() REPRESENTATION_CONTEXT('2D SPACE',''
  ) );
#10669 = PCURVE('',#9910,#10670);
#10670 = DEFINITIONAL_REPRESENTATION('',(#10671),#10675);
#10671 = LINE('',#10672,#10673);
#10672 = CARTESIAN_POINT('',(-1.655142289235E-02,5.580051818857E-02));
#10673 = VECTOR('',#10674,1.);
#10674 = DIRECTION('',(1.,-5.859426017663E-26));
#10675 = ( GEOMETRIC_REPRESENTATION_CONTEXT(2) 
PARAMETRIC_REPRESENTATION_CONTEXT() REPRESENTATION_CONTEXT('2D SPACE',''
  ) );
#10676 = ORIENTED_EDGE('',*,*,#10677,.T.);
#10677 = EDGE_CURVE('',#10655,#5107,#10678,.T.);
#10678 = SURFACE_CURVE('',#10679,(#10683,#10690),.PCURVE_S1.);
#10679 = LINE('',#10680,#10681);
#10680 = CARTESIAN_POINT('',(0.115503934069,0.444982716727,0.8));
#10681 = VECTOR('',#10682,1.);
#10682 = DIRECTION('',(-0.,-0.,1.));
#10683 = PCURVE('',#5122,#10684);
#10684 = DEFINITIONAL_REPRESENTATION('',(#10685),#10689);
#10685 = LINE('',#10686,#10687);
#10686 = CARTESIAN_POINT('',(0.,-3.048780487805E-02));
#10687 = VECTOR('',#10688,1.);
#10688 = DIRECTION('',(1.,0.));
#10689 = ( GEOMETRIC_REPRESENTATION_CONTEXT(2) 
PARAMETRIC_REPRESENTATION_CONTEXT() REPRESENTATION_CONTEXT('2D SPACE',''
  ) );
#10690 = PCURVE('',#5150,#10691);
#10691 = DEFINITIONAL_REPRESENTATION('',(#10692),#10696);
#10692 = LINE('',#10693,#10694);
#10693 = CARTESIAN_POINT('',(0.,0.));
#10694 = VECTOR('',#10695,1.);
#10695 = DIRECTION('',(0.,1.));
#10696 = ( GEOMETRIC_REPRESENTATION_CONTEXT(2) 
PARAMETRIC_REPRESENTATION_CONTEXT() REPRESENTATION_CONTEXT('2D SPACE',''
  ) );
#10697 = ADVANCED_FACE('',(#10698),#5150,.T.);
#10698 = FACE_BOUND('',#10699,.T.);
#10699 = EDGE_LOOP('',(#10700,#10701,#10702,#10725));
#10700 = ORIENTED_EDGE('',*,*,#5134,.F.);
#10701 = ORIENTED_EDGE('',*,*,#10677,.F.);
#10702 = ORIENTED_EDGE('',*,*,#10703,.T.);
#10703 = EDGE_CURVE('',#10655,#10704,#10706,.T.);
#10704 = VERTEX_POINT('',#10705);
#10705 = CARTESIAN_POINT('',(-7.409210251665E-02,0.391390872215,0.8));
#10706 = SURFACE_CURVE('',#10707,(#10711,#10718),.PCURVE_S1.);
#10707 = LINE('',#10708,#10709);
#10708 = CARTESIAN_POINT('',(0.115503934069,0.444982716727,0.8));
#10709 = VECTOR('',#10710,1.);
#10710 = DIRECTION('',(-0.962295646179,-0.272005678882,0.));
#10711 = PCURVE('',#5150,#10712);
#10712 = DEFINITIONAL_REPRESENTATION('',(#10713),#10717);
#10713 = LINE('',#10714,#10715);
#10714 = CARTESIAN_POINT('',(0.,0.));
#10715 = VECTOR('',#10716,1.);
#10716 = DIRECTION('',(1.,0.));
#10717 = ( GEOMETRIC_REPRESENTATION_CONTEXT(2) 
PARAMETRIC_REPRESENTATION_CONTEXT() REPRESENTATION_CONTEXT('2D SPACE',''
  ) );
#10718 = PCURVE('',#9910,#10719);
#10719 = DEFINITIONAL_REPRESENTATION('',(#10720),#10724);
#10720 = LINE('',#10721,#10722);
#10721 = CARTESIAN_POINT('',(1.39363819857E-02,5.580051818857E-02));
#10722 = VECTOR('',#10723,1.);
#10723 = DIRECTION('',(0.272005678882,-0.962295646179));
#10724 = ( GEOMETRIC_REPRESENTATION_CONTEXT(2) 
PARAMETRIC_REPRESENTATION_CONTEXT() REPRESENTATION_CONTEXT('2D SPACE',''
  ) );
#10725 = ORIENTED_EDGE('',*,*,#10726,.T.);
#10726 = EDGE_CURVE('',#10704,#5135,#10727,.T.);
#10727 = SURFACE_CURVE('',#10728,(#10732,#10739),.PCURVE_S1.);
#10728 = LINE('',#10729,#10730);
#10729 = CARTESIAN_POINT('',(-7.409210251665E-02,0.391390872215,0.8));
#10730 = VECTOR('',#10731,1.);
#10731 = DIRECTION('',(-0.,-0.,1.));
#10732 = PCURVE('',#5150,#10733);
#10733 = DEFINITIONAL_REPRESENTATION('',(#10734),#10738);
#10734 = LINE('',#10735,#10736);
#10735 = CARTESIAN_POINT('',(0.197024726588,0.));
#10736 = VECTOR('',#10737,1.);
#10737 = DIRECTION('',(0.,1.));
#10738 = ( GEOMETRIC_REPRESENTATION_CONTEXT(2) 
PARAMETRIC_REPRESENTATION_CONTEXT() REPRESENTATION_CONTEXT('2D SPACE',''
  ) );
#10739 = PCURVE('',#5186,#10740);
#10740 = DEFINITIONAL_REPRESENTATION('',(#10741),#10744);
#10741 = B_SPLINE_CURVE_WITH_KNOTS('',1,(#10742,#10743),.UNSPECIFIED.,
  .F.,.F.,(2,2),(0.,1.E-02),.PIECEWISE_BEZIER_KNOTS.);
#10742 = CARTESIAN_POINT('',(4.867914503225E-16,-1.956540398446E-14));
#10743 = CARTESIAN_POINT('',(-1.613300696401E-16,1.));
#10744 = ( GEOMETRIC_REPRESENTATION_CONTEXT(2) 
PARAMETRIC_REPRESENTATION_CONTEXT() REPRESENTATION_CONTEXT('2D SPACE',''
  ) );
#10745 = ADVANCED_FACE('',(#10746),#5186,.T.);
#10746 = FACE_BOUND('',#10747,.T.);
#10747 = EDGE_LOOP('',(#10748,#10749,#10750,#10781));
#10748 = ORIENTED_EDGE('',*,*,#5162,.F.);
#10749 = ORIENTED_EDGE('',*,*,#10726,.F.);
#10750 = ORIENTED_EDGE('',*,*,#10751,.T.);
#10751 = EDGE_CURVE('',#10704,#10752,#10754,.T.);
#10752 = VERTEX_POINT('',#10753);
#10753 = CARTESIAN_POINT('',(-9.791070007762E-02,0.387055887459,0.8));
#10754 = SURFACE_CURVE('',#10755,(#10763,#10770),.PCURVE_S1.);
#10755 = B_SPLINE_CURVE_WITH_KNOTS('',3,(#10756,#10757,#10758,#10759,
    #10760,#10761,#10762),.UNSPECIFIED.,.F.,.F.,(4,1,1,1,4),(0.,
    0.213110248343,0.449808741458,0.712540759869,1.),.UNSPECIFIED.);
#10756 = CARTESIAN_POINT('',(-7.409210251665E-02,0.391390872215,0.8));
#10757 = CARTESIAN_POINT('',(-7.575514514208E-02,0.390944354354,0.8));
#10758 = CARTESIAN_POINT('',(-7.926530533454E-02,0.390001895516,0.8));
#10759 = CARTESIAN_POINT('',(-8.491591363923E-02,0.388885442882,0.8));
#10760 = CARTESIAN_POINT('',(-9.119635508423E-02,0.387898996131,0.8));
#10761 = CARTESIAN_POINT('',(-9.560651651558E-02,0.387345219798,0.8));
#10762 = CARTESIAN_POINT('',(-9.791070007762E-02,0.387055887459,0.8));
#10763 = PCURVE('',#5186,#10764);
#10764 = DEFINITIONAL_REPRESENTATION('',(#10765),#10769);
#10765 = LINE('',#10766,#10767);
#10766 = CARTESIAN_POINT('',(-2.52324198046E-17,-1.956540398446E-14));
#10767 = VECTOR('',#10768,1.);
#10768 = DIRECTION('',(1.,3.885780586188E-14));
#10769 = ( GEOMETRIC_REPRESENTATION_CONTEXT(2) 
PARAMETRIC_REPRESENTATION_CONTEXT() REPRESENTATION_CONTEXT('2D SPACE',''
  ) );
#10770 = PCURVE('',#9910,#10771);
#10771 = DEFINITIONAL_REPRESENTATION('',(#10772),#10780);
#10772 = B_SPLINE_CURVE_WITH_KNOTS('',3,(#10773,#10774,#10775,#10776,
    #10777,#10778,#10779),.UNSPECIFIED.,.F.,.F.,(4,1,1,1,4),(0.,
    0.213110248343,0.449808741458,0.712540759869,1.),.UNSPECIFIED.);
#10773 = CARTESIAN_POINT('',(6.752822649789E-02,-0.133795518397));
#10774 = CARTESIAN_POINT('',(6.797474435887E-02,-0.135458561022));
#10775 = CARTESIAN_POINT('',(6.891720319719E-02,-0.138968721215));
#10776 = CARTESIAN_POINT('',(7.003365583123E-02,-0.144619329519));
#10777 = CARTESIAN_POINT('',(7.102010258169E-02,-0.150899770964));
#10778 = CARTESIAN_POINT('',(7.15738789147E-02,-0.155309932396));
#10779 = CARTESIAN_POINT('',(7.186321125399E-02,-0.157614115958));
#10780 = ( GEOMETRIC_REPRESENTATION_CONTEXT(2) 
PARAMETRIC_REPRESENTATION_CONTEXT() REPRESENTATION_CONTEXT('2D SPACE',''
  ) );
#10781 = ORIENTED_EDGE('',*,*,#10782,.T.);
#10782 = EDGE_CURVE('',#10752,#5163,#10783,.T.);
#10783 = SURFACE_CURVE('',#10784,(#10788,#10794),.PCURVE_S1.);
#10784 = LINE('',#10785,#10786);
#10785 = CARTESIAN_POINT('',(-9.791070007762E-02,0.387055887459,0.8));
#10786 = VECTOR('',#10787,1.);
#10787 = DIRECTION('',(-0.,-0.,1.));
#10788 = PCURVE('',#5186,#10789);
#10789 = DEFINITIONAL_REPRESENTATION('',(#10790),#10793);
#10790 = B_SPLINE_CURVE_WITH_KNOTS('',1,(#10791,#10792),.UNSPECIFIED.,
  .F.,.F.,(2,2),(0.,1.E-02),.PIECEWISE_BEZIER_KNOTS.);
#10791 = CARTESIAN_POINT('',(1.,1.929240187742E-14));
#10792 = CARTESIAN_POINT('',(1.,1.));
#10793 = ( GEOMETRIC_REPRESENTATION_CONTEXT(2) 
PARAMETRIC_REPRESENTATION_CONTEXT() REPRESENTATION_CONTEXT('2D SPACE',''
  ) );
#10794 = PCURVE('',#5232,#10795);
#10795 = DEFINITIONAL_REPRESENTATION('',(#10796),#10799);
#10796 = B_SPLINE_CURVE_WITH_KNOTS('',1,(#10797,#10798),.UNSPECIFIED.,
  .F.,.F.,(2,2),(0.,1.E-02),.PIECEWISE_BEZIER_KNOTS.);
#10797 = CARTESIAN_POINT('',(2.686627340045E-16,-2.636888084726E-15));
#10798 = CARTESIAN_POINT('',(2.686627340045E-16,1.));
#10799 = ( GEOMETRIC_REPRESENTATION_CONTEXT(2) 
PARAMETRIC_REPRESENTATION_CONTEXT() REPRESENTATION_CONTEXT('2D SPACE',''
  ) );
#10800 = ADVANCED_FACE('',(#10801),#5232,.T.);
#10801 = FACE_BOUND('',#10802,.T.);
#10802 = EDGE_LOOP('',(#10803,#10804,#10805,#10836));
#10803 = ORIENTED_EDGE('',*,*,#5208,.F.);
#10804 = ORIENTED_EDGE('',*,*,#10782,.F.);
#10805 = ORIENTED_EDGE('',*,*,#10806,.T.);
#10806 = EDGE_CURVE('',#10752,#10807,#10809,.T.);
#10807 = VERTEX_POINT('',#10808);
#10808 = CARTESIAN_POINT('',(-7.347281898006E-02,0.382292167947,0.8));
#10809 = SURFACE_CURVE('',#10810,(#10818,#10825),.PCURVE_S1.);
#10810 = B_SPLINE_CURVE_WITH_KNOTS('',3,(#10811,#10812,#10813,#10814,
    #10815,#10816,#10817),.UNSPECIFIED.,.F.,.F.,(4,1,1,1,4),(0.,
    0.219208145973,0.459171379778,0.719651312403,1.),.UNSPECIFIED.);
#10811 = CARTESIAN_POINT('',(-9.791070007762E-02,0.387055887459,0.8));
#10812 = CARTESIAN_POINT('',(-9.609871804169E-02,0.386864539517,0.8));
#10813 = CARTESIAN_POINT('',(-9.230319170358E-02,0.386463726408,0.8));
#10814 = CARTESIAN_POINT('',(-8.639101645499E-02,0.385524436588,0.8));
#10815 = CARTESIAN_POINT('',(-8.00680215358E-02,0.384048289019,0.8));
#10816 = CARTESIAN_POINT('',(-7.572441113115E-02,0.382891705018,0.8));
#10817 = CARTESIAN_POINT('',(-7.347281898006E-02,0.382292167947,0.8));
#10818 = PCURVE('',#5232,#10819);
#10819 = DEFINITIONAL_REPRESENTATION('',(#10820),#10824);
#10820 = LINE('',#10821,#10822);
#10821 = CARTESIAN_POINT('',(2.686627340045E-16,-2.636888084726E-15));
#10822 = VECTOR('',#10823,1.);
#10823 = DIRECTION('',(1.,-2.044183862283E-23));
#10824 = ( GEOMETRIC_REPRESENTATION_CONTEXT(2) 
PARAMETRIC_REPRESENTATION_CONTEXT() REPRESENTATION_CONTEXT('2D SPACE',''
  ) );
#10825 = PCURVE('',#9910,#10826);
#10826 = DEFINITIONAL_REPRESENTATION('',(#10827),#10835);
#10827 = B_SPLINE_CURVE_WITH_KNOTS('',3,(#10828,#10829,#10830,#10831,
    #10832,#10833,#10834),.UNSPECIFIED.,.F.,.F.,(4,1,1,1,4),(0.,
    0.219208145973,0.459171379778,0.719651312403,1.),.UNSPECIFIED.);
#10828 = CARTESIAN_POINT('',(7.186321125399E-02,-0.157614115958));
#10829 = CARTESIAN_POINT('',(7.205455919587E-02,-0.155802133922));
#10830 = CARTESIAN_POINT('',(7.24553723048E-02,-0.152006607584));
#10831 = CARTESIAN_POINT('',(7.33946621253E-02,-0.146094432335));
#10832 = CARTESIAN_POINT('',(7.487080969413E-02,-0.139771437416));
#10833 = CARTESIAN_POINT('',(7.602739369529E-02,-0.135427827011));
#10834 = CARTESIAN_POINT('',(7.662693076618E-02,-0.13317623486));
#10835 = ( GEOMETRIC_REPRESENTATION_CONTEXT(2) 
PARAMETRIC_REPRESENTATION_CONTEXT() REPRESENTATION_CONTEXT('2D SPACE',''
  ) );
#10836 = ORIENTED_EDGE('',*,*,#10837,.T.);
#10837 = EDGE_CURVE('',#10807,#5209,#10838,.T.);
#10838 = SURFACE_CURVE('',#10839,(#10843,#10849),.PCURVE_S1.);
#10839 = LINE('',#10840,#10841);
#10840 = CARTESIAN_POINT('',(-7.347281898006E-02,0.382292167947,0.8));
#10841 = VECTOR('',#10842,1.);
#10842 = DIRECTION('',(-0.,-0.,1.));
#10843 = PCURVE('',#5232,#10844);
#10844 = DEFINITIONAL_REPRESENTATION('',(#10845),#10848);
#10845 = B_SPLINE_CURVE_WITH_KNOTS('',1,(#10846,#10847),.UNSPECIFIED.,
  .F.,.F.,(2,2),(0.,1.E-02),.PIECEWISE_BEZIER_KNOTS.);
#10846 = CARTESIAN_POINT('',(1.,-2.636888105168E-15));
#10847 = CARTESIAN_POINT('',(1.,1.));
#10848 = ( GEOMETRIC_REPRESENTATION_CONTEXT(2) 
PARAMETRIC_REPRESENTATION_CONTEXT() REPRESENTATION_CONTEXT('2D SPACE',''
  ) );
#10849 = PCURVE('',#5268,#10850);
#10850 = DEFINITIONAL_REPRESENTATION('',(#10851),#10855);
#10851 = LINE('',#10852,#10853);
#10852 = CARTESIAN_POINT('',(0.,0.));
#10853 = VECTOR('',#10854,1.);
#10854 = DIRECTION('',(0.,1.));
#10855 = ( GEOMETRIC_REPRESENTATION_CONTEXT(2) 
PARAMETRIC_REPRESENTATION_CONTEXT() REPRESENTATION_CONTEXT('2D SPACE',''
  ) );
#10856 = ADVANCED_FACE('',(#10857),#5268,.T.);
#10857 = FACE_BOUND('',#10858,.T.);
#10858 = EDGE_LOOP('',(#10859,#10860,#10861,#10882));
#10859 = ORIENTED_EDGE('',*,*,#5254,.F.);
#10860 = ORIENTED_EDGE('',*,*,#10837,.F.);
#10861 = ORIENTED_EDGE('',*,*,#10862,.T.);
#10862 = EDGE_CURVE('',#10807,#9872,#10863,.T.);
#10863 = SURFACE_CURVE('',#10864,(#10868,#10875),.PCURVE_S1.);
#10864 = LINE('',#10865,#10866);
#10865 = CARTESIAN_POINT('',(-7.347281898006E-02,0.382292167947,0.8));
#10866 = VECTOR('',#10867,1.);
#10867 = DIRECTION('',(0.966589899675,-0.256327848363,0.));
#10868 = PCURVE('',#5268,#10869);
#10869 = DEFINITIONAL_REPRESENTATION('',(#10870),#10874);
#10870 = LINE('',#10871,#10872);
#10871 = CARTESIAN_POINT('',(0.,0.));
#10872 = VECTOR('',#10873,1.);
#10873 = DIRECTION('',(1.,0.));
#10874 = ( GEOMETRIC_REPRESENTATION_CONTEXT(2) 
PARAMETRIC_REPRESENTATION_CONTEXT() REPRESENTATION_CONTEXT('2D SPACE',''
  ) );
#10875 = PCURVE('',#9910,#10876);
#10876 = DEFINITIONAL_REPRESENTATION('',(#10877),#10881);
#10877 = LINE('',#10878,#10879);
#10878 = CARTESIAN_POINT('',(7.662693076618E-02,-0.13317623486));
#10879 = VECTOR('',#10880,1.);
#10880 = DIRECTION('',(0.256327848363,0.966589899675));
#10881 = ( GEOMETRIC_REPRESENTATION_CONTEXT(2) 
PARAMETRIC_REPRESENTATION_CONTEXT() REPRESENTATION_CONTEXT('2D SPACE',''
  ) );
#10882 = ORIENTED_EDGE('',*,*,#9871,.T.);
#10883 = ADVANCED_FACE('',(#10884),#9910,.T.);
#10884 = FACE_BOUND('',#10885,.T.);
#10885 = EDGE_LOOP('',(#10886,#10887,#10888,#10889,#10890,#10891,#10892,
    #10893,#10894,#10895,#10896,#10897,#10898,#10899,#10900,#10901,
    #10902,#10903,#10904,#10905));
#10886 = ORIENTED_EDGE('',*,*,#9894,.F.);
#10887 = ORIENTED_EDGE('',*,*,#10862,.F.);
#10888 = ORIENTED_EDGE('',*,*,#10806,.F.);
#10889 = ORIENTED_EDGE('',*,*,#10751,.F.);
#10890 = ORIENTED_EDGE('',*,*,#10703,.F.);
#10891 = ORIENTED_EDGE('',*,*,#10654,.F.);
#10892 = ORIENTED_EDGE('',*,*,#10605,.F.);
#10893 = ORIENTED_EDGE('',*,*,#10549,.F.);
#10894 = ORIENTED_EDGE('',*,*,#10498,.F.);
#10895 = ORIENTED_EDGE('',*,*,#10450,.F.);
#10896 = ORIENTED_EDGE('',*,*,#10401,.F.);
#10897 = ORIENTED_EDGE('',*,*,#10352,.F.);
#10898 = ORIENTED_EDGE('',*,*,#10303,.F.);
#10899 = ORIENTED_EDGE('',*,*,#10254,.F.);
#10900 = ORIENTED_EDGE('',*,*,#10198,.F.);
#10901 = ORIENTED_EDGE('',*,*,#10150,.F.);
#10902 = ORIENTED_EDGE('',*,*,#10094,.F.);
#10903 = ORIENTED_EDGE('',*,*,#10046,.F.);
#10904 = ORIENTED_EDGE('',*,*,#9997,.F.);
#10905 = ORIENTED_EDGE('',*,*,#9948,.F.);
#10906 = ADVANCED_FACE('',(#10907),#6700,.F.);
#10907 = FACE_BOUND('',#10908,.T.);
#10908 = EDGE_LOOP('',(#10909,#10910,#10911,#10912));
#10909 = ORIENTED_EDGE('',*,*,#6666,.T.);
#10910 = ORIENTED_EDGE('',*,*,#6928,.T.);
#10911 = ORIENTED_EDGE('',*,*,#6849,.T.);
#10912 = ORIENTED_EDGE('',*,*,#6770,.T.);
#10913 = ADVANCED_FACE('',(#10914),#8579,.F.);
#10914 = FACE_BOUND('',#10915,.T.);
#10915 = EDGE_LOOP('',(#10916,#10917,#10918,#10919));
#10916 = ORIENTED_EDGE('',*,*,#8545,.T.);
#10917 = ORIENTED_EDGE('',*,*,#8807,.T.);
#10918 = ORIENTED_EDGE('',*,*,#8728,.T.);
#10919 = ORIENTED_EDGE('',*,*,#8649,.T.);
#10920 = ADVANCED_FACE('',(#10921),#1666,.T.);
#10921 = FACE_BOUND('',#10922,.T.);
#10922 = EDGE_LOOP('',(#10923,#10924,#10947,#10975));
#10923 = ORIENTED_EDGE('',*,*,#1650,.F.);
#10924 = ORIENTED_EDGE('',*,*,#10925,.T.);
#10925 = EDGE_CURVE('',#1628,#10926,#10928,.T.);
#10926 = VERTEX_POINT('',#10927);
#10927 = CARTESIAN_POINT('',(-1.01,0.75,0.2));
#10928 = SURFACE_CURVE('',#10929,(#10933,#10940),.PCURVE_S1.);
#10929 = LINE('',#10930,#10931);
#10930 = CARTESIAN_POINT('',(-1.01,0.75,0.2));
#10931 = VECTOR('',#10932,1.);
#10932 = DIRECTION('',(-1.,-0.,-0.));
#10933 = PCURVE('',#1666,#10934);
#10934 = DEFINITIONAL_REPRESENTATION('',(#10935),#10939);
#10935 = LINE('',#10936,#10937);
#10936 = CARTESIAN_POINT('',(-0.25,0.1));
#10937 = VECTOR('',#10938,1.);
#10938 = DIRECTION('',(-1.,0.));
#10939 = ( GEOMETRIC_REPRESENTATION_CONTEXT(2) 
PARAMETRIC_REPRESENTATION_CONTEXT() REPRESENTATION_CONTEXT('2D SPACE',''
  ) );
#10940 = PCURVE('',#1137,#10941);
#10941 = DEFINITIONAL_REPRESENTATION('',(#10942),#10946);
#10942 = LINE('',#10943,#10944);
#10943 = CARTESIAN_POINT('',(0.,0.));
#10944 = VECTOR('',#10945,1.);
#10945 = DIRECTION('',(0.,-1.));
#10946 = ( GEOMETRIC_REPRESENTATION_CONTEXT(2) 
PARAMETRIC_REPRESENTATION_CONTEXT() REPRESENTATION_CONTEXT('2D SPACE',''
  ) );
#10947 = ORIENTED_EDGE('',*,*,#10948,.T.);
#10948 = EDGE_CURVE('',#10926,#10949,#10951,.T.);
#10949 = VERTEX_POINT('',#10950);
#10950 = CARTESIAN_POINT('',(-1.01,0.55,0.2));
#10951 = SURFACE_CURVE('',#10952,(#10956,#10963),.PCURVE_S1.);
#10952 = LINE('',#10953,#10954);
#10953 = CARTESIAN_POINT('',(-1.01,0.75,0.2));
#10954 = VECTOR('',#10955,1.);
#10955 = DIRECTION('',(0.,-1.,0.));
#10956 = PCURVE('',#1666,#10957);
#10957 = DEFINITIONAL_REPRESENTATION('',(#10958),#10962);
#10958 = LINE('',#10959,#10960);
#10959 = CARTESIAN_POINT('',(-0.25,0.1));
#10960 = VECTOR('',#10961,1.);
#10961 = DIRECTION('',(0.,-1.));
#10962 = ( GEOMETRIC_REPRESENTATION_CONTEXT(2) 
PARAMETRIC_REPRESENTATION_CONTEXT() REPRESENTATION_CONTEXT('2D SPACE',''
  ) );
#10963 = PCURVE('',#10964,#10969);
#10964 = PLANE('',#10965);
#10965 = AXIS2_PLACEMENT_3D('',#10966,#10967,#10968);
#10966 = CARTESIAN_POINT('',(-1.01,0.75,0.2));
#10967 = DIRECTION('',(1.,0.,-0.));
#10968 = DIRECTION('',(-0.,0.,-1.));
#10969 = DEFINITIONAL_REPRESENTATION('',(#10970),#10974);
#10970 = LINE('',#10971,#10972);
#10971 = CARTESIAN_POINT('',(0.,0.));
#10972 = VECTOR('',#10973,1.);
#10973 = DIRECTION('',(-0.,-1.));
#10974 = ( GEOMETRIC_REPRESENTATION_CONTEXT(2) 
PARAMETRIC_REPRESENTATION_CONTEXT() REPRESENTATION_CONTEXT('2D SPACE',''
  ) );
#10975 = ORIENTED_EDGE('',*,*,#10976,.T.);
#10976 = EDGE_CURVE('',#10949,#1651,#10977,.T.);
#10977 = SURFACE_CURVE('',#10978,(#10982,#10989),.PCURVE_S1.);
#10978 = LINE('',#10979,#10980);
#10979 = CARTESIAN_POINT('',(-1.01,0.55,0.2));
#10980 = VECTOR('',#10981,1.);
#10981 = DIRECTION('',(1.,0.,0.));
#10982 = PCURVE('',#1666,#10983);
#10983 = DEFINITIONAL_REPRESENTATION('',(#10984),#10988);
#10984 = LINE('',#10985,#10986);
#10985 = CARTESIAN_POINT('',(-0.25,-1.E-01));
#10986 = VECTOR('',#10987,1.);
#10987 = DIRECTION('',(1.,0.));
#10988 = ( GEOMETRIC_REPRESENTATION_CONTEXT(2) 
PARAMETRIC_REPRESENTATION_CONTEXT() REPRESENTATION_CONTEXT('2D SPACE',''
  ) );
#10989 = PCURVE('',#1076,#10990);
#10990 = DEFINITIONAL_REPRESENTATION('',(#10991),#10995);
#10991 = LINE('',#10992,#10993);
#10992 = CARTESIAN_POINT('',(0.,0.));
#10993 = VECTOR('',#10994,1.);
#10994 = DIRECTION('',(0.,1.));
#10995 = ( GEOMETRIC_REPRESENTATION_CONTEXT(2) 
PARAMETRIC_REPRESENTATION_CONTEXT() REPRESENTATION_CONTEXT('2D SPACE',''
  ) );
#10996 = ADVANCED_FACE('',(#10997),#1076,.F.);
#10997 = FACE_BOUND('',#10998,.T.);
#10998 = EDGE_LOOP('',(#10999,#11000,#11001,#11002,#11025,#11053));
#10999 = ORIENTED_EDGE('',*,*,#1060,.F.);
#11000 = ORIENTED_EDGE('',*,*,#1678,.T.);
#11001 = ORIENTED_EDGE('',*,*,#10976,.F.);
#11002 = ORIENTED_EDGE('',*,*,#11003,.T.);
#11003 = EDGE_CURVE('',#10949,#11004,#11006,.T.);
#11004 = VERTEX_POINT('',#11005);
#11005 = CARTESIAN_POINT('',(-1.01,0.55,0.));
#11006 = SURFACE_CURVE('',#11007,(#11011,#11018),.PCURVE_S1.);
#11007 = LINE('',#11008,#11009);
#11008 = CARTESIAN_POINT('',(-1.01,0.55,0.2));
#11009 = VECTOR('',#11010,1.);
#11010 = DIRECTION('',(-0.,-0.,-1.));
#11011 = PCURVE('',#1076,#11012);
#11012 = DEFINITIONAL_REPRESENTATION('',(#11013),#11017);
#11013 = LINE('',#11014,#11015);
#11014 = CARTESIAN_POINT('',(0.,0.));
#11015 = VECTOR('',#11016,1.);
#11016 = DIRECTION('',(-1.,0.));
#11017 = ( GEOMETRIC_REPRESENTATION_CONTEXT(2) 
PARAMETRIC_REPRESENTATION_CONTEXT() REPRESENTATION_CONTEXT('2D SPACE',''
  ) );
#11018 = PCURVE('',#10964,#11019);
#11019 = DEFINITIONAL_REPRESENTATION('',(#11020),#11024);
#11020 = LINE('',#11021,#11022);
#11021 = CARTESIAN_POINT('',(-0.,-0.2));
#11022 = VECTOR('',#11023,1.);
#11023 = DIRECTION('',(1.,-0.));
#11024 = ( GEOMETRIC_REPRESENTATION_CONTEXT(2) 
PARAMETRIC_REPRESENTATION_CONTEXT() REPRESENTATION_CONTEXT('2D SPACE',''
  ) );
#11025 = ORIENTED_EDGE('',*,*,#11026,.T.);
#11026 = EDGE_CURVE('',#11004,#11027,#11029,.T.);
#11027 = VERTEX_POINT('',#11028);
#11028 = CARTESIAN_POINT('',(-0.76,0.55,0.));
#11029 = SURFACE_CURVE('',#11030,(#11034,#11041),.PCURVE_S1.);
#11030 = LINE('',#11031,#11032);
#11031 = CARTESIAN_POINT('',(-1.01,0.55,0.));
#11032 = VECTOR('',#11033,1.);
#11033 = DIRECTION('',(1.,0.,0.));
#11034 = PCURVE('',#1076,#11035);
#11035 = DEFINITIONAL_REPRESENTATION('',(#11036),#11040);
#11036 = LINE('',#11037,#11038);
#11037 = CARTESIAN_POINT('',(-0.2,0.));
#11038 = VECTOR('',#11039,1.);
#11039 = DIRECTION('',(0.,1.));
#11040 = ( GEOMETRIC_REPRESENTATION_CONTEXT(2) 
PARAMETRIC_REPRESENTATION_CONTEXT() REPRESENTATION_CONTEXT('2D SPACE',''
  ) );
#11041 = PCURVE('',#11042,#11047);
#11042 = PLANE('',#11043);
#11043 = AXIS2_PLACEMENT_3D('',#11044,#11045,#11046);
#11044 = CARTESIAN_POINT('',(-0.76,0.65,0.));
#11045 = DIRECTION('',(0.,0.,1.));
#11046 = DIRECTION('',(1.,0.,-0.));
#11047 = DEFINITIONAL_REPRESENTATION('',(#11048),#11052);
#11048 = LINE('',#11049,#11050);
#11049 = CARTESIAN_POINT('',(-0.25,-1.E-01));
#11050 = VECTOR('',#11051,1.);
#11051 = DIRECTION('',(1.,0.));
#11052 = ( GEOMETRIC_REPRESENTATION_CONTEXT(2) 
PARAMETRIC_REPRESENTATION_CONTEXT() REPRESENTATION_CONTEXT('2D SPACE',''
  ) );
#11053 = ORIENTED_EDGE('',*,*,#11054,.F.);
#11054 = EDGE_CURVE('',#1061,#11027,#11055,.T.);
#11055 = SURFACE_CURVE('',#11056,(#11060,#11067),.PCURVE_S1.);
#11056 = LINE('',#11057,#11058);
#11057 = CARTESIAN_POINT('',(-0.76,0.55,0.2));
#11058 = VECTOR('',#11059,1.);
#11059 = DIRECTION('',(-0.,-0.,-1.));
#11060 = PCURVE('',#1076,#11061);
#11061 = DEFINITIONAL_REPRESENTATION('',(#11062),#11066);
#11062 = LINE('',#11063,#11064);
#11063 = CARTESIAN_POINT('',(0.,0.25));
#11064 = VECTOR('',#11065,1.);
#11065 = DIRECTION('',(-1.,0.));
#11066 = ( GEOMETRIC_REPRESENTATION_CONTEXT(2) 
PARAMETRIC_REPRESENTATION_CONTEXT() REPRESENTATION_CONTEXT('2D SPACE',''
  ) );
#11067 = PCURVE('',#1109,#11068);
#11068 = DEFINITIONAL_REPRESENTATION('',(#11069),#11073);
#11069 = LINE('',#11070,#11071);
#11070 = CARTESIAN_POINT('',(4.712388980385,0.));
#11071 = VECTOR('',#11072,1.);
#11072 = DIRECTION('',(0.,1.));
#11073 = ( GEOMETRIC_REPRESENTATION_CONTEXT(2) 
PARAMETRIC_REPRESENTATION_CONTEXT() REPRESENTATION_CONTEXT('2D SPACE',''
  ) );
#11074 = ADVANCED_FACE('',(#11075),#1137,.F.);
#11075 = FACE_BOUND('',#11076,.T.);
#11076 = EDGE_LOOP('',(#11077,#11078,#11079,#11080,#11103,#11126));
#11077 = ORIENTED_EDGE('',*,*,#10925,.F.);
#11078 = ORIENTED_EDGE('',*,*,#1627,.T.);
#11079 = ORIENTED_EDGE('',*,*,#1121,.F.);
#11080 = ORIENTED_EDGE('',*,*,#11081,.T.);
#11081 = EDGE_CURVE('',#1089,#11082,#11084,.T.);
#11082 = VERTEX_POINT('',#11083);
#11083 = CARTESIAN_POINT('',(-0.76,0.75,0.));
#11084 = SURFACE_CURVE('',#11085,(#11089,#11096),.PCURVE_S1.);
#11085 = LINE('',#11086,#11087);
#11086 = CARTESIAN_POINT('',(-0.76,0.75,0.2));
#11087 = VECTOR('',#11088,1.);
#11088 = DIRECTION('',(-0.,-0.,-1.));
#11089 = PCURVE('',#1137,#11090);
#11090 = DEFINITIONAL_REPRESENTATION('',(#11091),#11095);
#11091 = LINE('',#11092,#11093);
#11092 = CARTESIAN_POINT('',(0.,0.25));
#11093 = VECTOR('',#11094,1.);
#11094 = DIRECTION('',(1.,0.));
#11095 = ( GEOMETRIC_REPRESENTATION_CONTEXT(2) 
PARAMETRIC_REPRESENTATION_CONTEXT() REPRESENTATION_CONTEXT('2D SPACE',''
  ) );
#11096 = PCURVE('',#1109,#11097);
#11097 = DEFINITIONAL_REPRESENTATION('',(#11098),#11102);
#11098 = LINE('',#11099,#11100);
#11099 = CARTESIAN_POINT('',(1.570796326795,0.));
#11100 = VECTOR('',#11101,1.);
#11101 = DIRECTION('',(0.,1.));
#11102 = ( GEOMETRIC_REPRESENTATION_CONTEXT(2) 
PARAMETRIC_REPRESENTATION_CONTEXT() REPRESENTATION_CONTEXT('2D SPACE',''
  ) );
#11103 = ORIENTED_EDGE('',*,*,#11104,.T.);
#11104 = EDGE_CURVE('',#11082,#11105,#11107,.T.);
#11105 = VERTEX_POINT('',#11106);
#11106 = CARTESIAN_POINT('',(-1.01,0.75,0.));
#11107 = SURFACE_CURVE('',#11108,(#11112,#11119),.PCURVE_S1.);
#11108 = LINE('',#11109,#11110);
#11109 = CARTESIAN_POINT('',(-1.01,0.75,0.));
#11110 = VECTOR('',#11111,1.);
#11111 = DIRECTION('',(-1.,-0.,-0.));
#11112 = PCURVE('',#1137,#11113);
#11113 = DEFINITIONAL_REPRESENTATION('',(#11114),#11118);
#11114 = LINE('',#11115,#11116);
#11115 = CARTESIAN_POINT('',(0.2,0.));
#11116 = VECTOR('',#11117,1.);
#11117 = DIRECTION('',(0.,-1.));
#11118 = ( GEOMETRIC_REPRESENTATION_CONTEXT(2) 
PARAMETRIC_REPRESENTATION_CONTEXT() REPRESENTATION_CONTEXT('2D SPACE',''
  ) );
#11119 = PCURVE('',#11042,#11120);
#11120 = DEFINITIONAL_REPRESENTATION('',(#11121),#11125);
#11121 = LINE('',#11122,#11123);
#11122 = CARTESIAN_POINT('',(-0.25,0.1));
#11123 = VECTOR('',#11124,1.);
#11124 = DIRECTION('',(-1.,0.));
#11125 = ( GEOMETRIC_REPRESENTATION_CONTEXT(2) 
PARAMETRIC_REPRESENTATION_CONTEXT() REPRESENTATION_CONTEXT('2D SPACE',''
  ) );
#11126 = ORIENTED_EDGE('',*,*,#11127,.F.);
#11127 = EDGE_CURVE('',#10926,#11105,#11128,.T.);
#11128 = SURFACE_CURVE('',#11129,(#11133,#11140),.PCURVE_S1.);
#11129 = LINE('',#11130,#11131);
#11130 = CARTESIAN_POINT('',(-1.01,0.75,0.2));
#11131 = VECTOR('',#11132,1.);
#11132 = DIRECTION('',(-0.,-0.,-1.));
#11133 = PCURVE('',#1137,#11134);
#11134 = DEFINITIONAL_REPRESENTATION('',(#11135),#11139);
#11135 = LINE('',#11136,#11137);
#11136 = CARTESIAN_POINT('',(0.,0.));
#11137 = VECTOR('',#11138,1.);
#11138 = DIRECTION('',(1.,0.));
#11139 = ( GEOMETRIC_REPRESENTATION_CONTEXT(2) 
PARAMETRIC_REPRESENTATION_CONTEXT() REPRESENTATION_CONTEXT('2D SPACE',''
  ) );
#11140 = PCURVE('',#10964,#11141);
#11141 = DEFINITIONAL_REPRESENTATION('',(#11142),#11146);
#11142 = LINE('',#11143,#11144);
#11143 = CARTESIAN_POINT('',(0.,0.));
#11144 = VECTOR('',#11145,1.);
#11145 = DIRECTION('',(1.,-0.));
#11146 = ( GEOMETRIC_REPRESENTATION_CONTEXT(2) 
PARAMETRIC_REPRESENTATION_CONTEXT() REPRESENTATION_CONTEXT('2D SPACE',''
  ) );
#11147 = ADVANCED_FACE('',(#11148),#10964,.F.);
#11148 = FACE_BOUND('',#11149,.T.);
#11149 = EDGE_LOOP('',(#11150,#11171,#11172,#11173));
#11150 = ORIENTED_EDGE('',*,*,#11151,.T.);
#11151 = EDGE_CURVE('',#11105,#11004,#11152,.T.);
#11152 = SURFACE_CURVE('',#11153,(#11157,#11164),.PCURVE_S1.);
#11153 = LINE('',#11154,#11155);
#11154 = CARTESIAN_POINT('',(-1.01,0.75,0.));
#11155 = VECTOR('',#11156,1.);
#11156 = DIRECTION('',(0.,-1.,0.));
#11157 = PCURVE('',#10964,#11158);
#11158 = DEFINITIONAL_REPRESENTATION('',(#11159),#11163);
#11159 = LINE('',#11160,#11161);
#11160 = CARTESIAN_POINT('',(0.2,0.));
#11161 = VECTOR('',#11162,1.);
#11162 = DIRECTION('',(-0.,-1.));
#11163 = ( GEOMETRIC_REPRESENTATION_CONTEXT(2) 
PARAMETRIC_REPRESENTATION_CONTEXT() REPRESENTATION_CONTEXT('2D SPACE',''
  ) );
#11164 = PCURVE('',#11042,#11165);
#11165 = DEFINITIONAL_REPRESENTATION('',(#11166),#11170);
#11166 = LINE('',#11167,#11168);
#11167 = CARTESIAN_POINT('',(-0.25,0.1));
#11168 = VECTOR('',#11169,1.);
#11169 = DIRECTION('',(0.,-1.));
#11170 = ( GEOMETRIC_REPRESENTATION_CONTEXT(2) 
PARAMETRIC_REPRESENTATION_CONTEXT() REPRESENTATION_CONTEXT('2D SPACE',''
  ) );
#11171 = ORIENTED_EDGE('',*,*,#11003,.F.);
#11172 = ORIENTED_EDGE('',*,*,#10948,.F.);
#11173 = ORIENTED_EDGE('',*,*,#11127,.T.);
#11174 = ADVANCED_FACE('',(#11175),#1109,.T.);
#11175 = FACE_BOUND('',#11176,.T.);
#11176 = EDGE_LOOP('',(#11177,#11178,#11179,#11201));
#11177 = ORIENTED_EDGE('',*,*,#1088,.F.);
#11178 = ORIENTED_EDGE('',*,*,#11054,.T.);
#11179 = ORIENTED_EDGE('',*,*,#11180,.T.);
#11180 = EDGE_CURVE('',#11027,#11082,#11181,.T.);
#11181 = SURFACE_CURVE('',#11182,(#11187,#11194),.PCURVE_S1.);
#11182 = CIRCLE('',#11183,0.1);
#11183 = AXIS2_PLACEMENT_3D('',#11184,#11185,#11186);
#11184 = CARTESIAN_POINT('',(-0.76,0.65,0.));
#11185 = DIRECTION('',(0.,0.,1.));
#11186 = DIRECTION('',(1.,0.,-0.));
#11187 = PCURVE('',#1109,#11188);
#11188 = DEFINITIONAL_REPRESENTATION('',(#11189),#11193);
#11189 = LINE('',#11190,#11191);
#11190 = CARTESIAN_POINT('',(9.424777960769,0.2));
#11191 = VECTOR('',#11192,1.);
#11192 = DIRECTION('',(-1.,0.));
#11193 = ( GEOMETRIC_REPRESENTATION_CONTEXT(2) 
PARAMETRIC_REPRESENTATION_CONTEXT() REPRESENTATION_CONTEXT('2D SPACE',''
  ) );
#11194 = PCURVE('',#11042,#11195);
#11195 = DEFINITIONAL_REPRESENTATION('',(#11196),#11200);
#11196 = CIRCLE('',#11197,0.1);
#11197 = AXIS2_PLACEMENT_2D('',#11198,#11199);
#11198 = CARTESIAN_POINT('',(0.,0.));
#11199 = DIRECTION('',(1.,0.));
#11200 = ( GEOMETRIC_REPRESENTATION_CONTEXT(2) 
PARAMETRIC_REPRESENTATION_CONTEXT() REPRESENTATION_CONTEXT('2D SPACE',''
  ) );
#11201 = ORIENTED_EDGE('',*,*,#11081,.F.);
#11202 = ADVANCED_FACE('',(#11203),#11042,.F.);
#11203 = FACE_BOUND('',#11204,.T.);
#11204 = EDGE_LOOP('',(#11205,#11206,#11207,#11208));
#11205 = ORIENTED_EDGE('',*,*,#11151,.F.);
#11206 = ORIENTED_EDGE('',*,*,#11104,.F.);
#11207 = ORIENTED_EDGE('',*,*,#11180,.F.);
#11208 = ORIENTED_EDGE('',*,*,#11026,.F.);
#11209 = ADVANCED_FACE('',(#11210),#1739,.T.);
#11210 = FACE_BOUND('',#11211,.T.);
#11211 = EDGE_LOOP('',(#11212,#11213,#11236,#11264));
#11212 = ORIENTED_EDGE('',*,*,#1723,.F.);
#11213 = ORIENTED_EDGE('',*,*,#11214,.T.);
#11214 = EDGE_CURVE('',#1701,#11215,#11217,.T.);
#11215 = VERTEX_POINT('',#11216);
#11216 = CARTESIAN_POINT('',(-1.01,0.1,0.2));
#11217 = SURFACE_CURVE('',#11218,(#11222,#11229),.PCURVE_S1.);
#11218 = LINE('',#11219,#11220);
#11219 = CARTESIAN_POINT('',(-1.01,0.1,0.2));
#11220 = VECTOR('',#11221,1.);
#11221 = DIRECTION('',(-1.,-0.,-0.));
#11222 = PCURVE('',#1739,#11223);
#11223 = DEFINITIONAL_REPRESENTATION('',(#11224),#11228);
#11224 = LINE('',#11225,#11226);
#11225 = CARTESIAN_POINT('',(-0.25,0.1));
#11226 = VECTOR('',#11227,1.);
#11227 = DIRECTION('',(-1.,0.));
#11228 = ( GEOMETRIC_REPRESENTATION_CONTEXT(2) 
PARAMETRIC_REPRESENTATION_CONTEXT() REPRESENTATION_CONTEXT('2D SPACE',''
  ) );
#11229 = PCURVE('',#1025,#11230);
#11230 = DEFINITIONAL_REPRESENTATION('',(#11231),#11235);
#11231 = LINE('',#11232,#11233);
#11232 = CARTESIAN_POINT('',(0.,0.));
#11233 = VECTOR('',#11234,1.);
#11234 = DIRECTION('',(0.,-1.));
#11235 = ( GEOMETRIC_REPRESENTATION_CONTEXT(2) 
PARAMETRIC_REPRESENTATION_CONTEXT() REPRESENTATION_CONTEXT('2D SPACE',''
  ) );
#11236 = ORIENTED_EDGE('',*,*,#11237,.T.);
#11237 = EDGE_CURVE('',#11215,#11238,#11240,.T.);
#11238 = VERTEX_POINT('',#11239);
#11239 = CARTESIAN_POINT('',(-1.01,-1.E-01,0.2));
#11240 = SURFACE_CURVE('',#11241,(#11245,#11252),.PCURVE_S1.);
#11241 = LINE('',#11242,#11243);
#11242 = CARTESIAN_POINT('',(-1.01,0.1,0.2));
#11243 = VECTOR('',#11244,1.);
#11244 = DIRECTION('',(0.,-1.,0.));
#11245 = PCURVE('',#1739,#11246);
#11246 = DEFINITIONAL_REPRESENTATION('',(#11247),#11251);
#11247 = LINE('',#11248,#11249);
#11248 = CARTESIAN_POINT('',(-0.25,0.1));
#11249 = VECTOR('',#11250,1.);
#11250 = DIRECTION('',(0.,-1.));
#11251 = ( GEOMETRIC_REPRESENTATION_CONTEXT(2) 
PARAMETRIC_REPRESENTATION_CONTEXT() REPRESENTATION_CONTEXT('2D SPACE',''
  ) );
#11252 = PCURVE('',#11253,#11258);
#11253 = PLANE('',#11254);
#11254 = AXIS2_PLACEMENT_3D('',#11255,#11256,#11257);
#11255 = CARTESIAN_POINT('',(-1.01,0.1,0.2));
#11256 = DIRECTION('',(1.,0.,-0.));
#11257 = DIRECTION('',(-0.,0.,-1.));
#11258 = DEFINITIONAL_REPRESENTATION('',(#11259),#11263);
#11259 = LINE('',#11260,#11261);
#11260 = CARTESIAN_POINT('',(0.,0.));
#11261 = VECTOR('',#11262,1.);
#11262 = DIRECTION('',(-0.,-1.));
#11263 = ( GEOMETRIC_REPRESENTATION_CONTEXT(2) 
PARAMETRIC_REPRESENTATION_CONTEXT() REPRESENTATION_CONTEXT('2D SPACE',''
  ) );
#11264 = ORIENTED_EDGE('',*,*,#11265,.T.);
#11265 = EDGE_CURVE('',#11238,#1724,#11266,.T.);
#11266 = SURFACE_CURVE('',#11267,(#11271,#11278),.PCURVE_S1.);
#11267 = LINE('',#11268,#11269);
#11268 = CARTESIAN_POINT('',(-1.01,-1.E-01,0.2));
#11269 = VECTOR('',#11270,1.);
#11270 = DIRECTION('',(1.,0.,0.));
#11271 = PCURVE('',#1739,#11272);
#11272 = DEFINITIONAL_REPRESENTATION('',(#11273),#11277);
#11273 = LINE('',#11274,#11275);
#11274 = CARTESIAN_POINT('',(-0.25,-0.1));
#11275 = VECTOR('',#11276,1.);
#11276 = DIRECTION('',(1.,0.));
#11277 = ( GEOMETRIC_REPRESENTATION_CONTEXT(2) 
PARAMETRIC_REPRESENTATION_CONTEXT() REPRESENTATION_CONTEXT('2D SPACE',''
  ) );
#11278 = PCURVE('',#964,#11279);
#11279 = DEFINITIONAL_REPRESENTATION('',(#11280),#11284);
#11280 = LINE('',#11281,#11282);
#11281 = CARTESIAN_POINT('',(0.,0.));
#11282 = VECTOR('',#11283,1.);
#11283 = DIRECTION('',(0.,1.));
#11284 = ( GEOMETRIC_REPRESENTATION_CONTEXT(2) 
PARAMETRIC_REPRESENTATION_CONTEXT() REPRESENTATION_CONTEXT('2D SPACE',''
  ) );
#11285 = ADVANCED_FACE('',(#11286),#964,.F.);
#11286 = FACE_BOUND('',#11287,.T.);
#11287 = EDGE_LOOP('',(#11288,#11289,#11290,#11291,#11314,#11342));
#11288 = ORIENTED_EDGE('',*,*,#948,.F.);
#11289 = ORIENTED_EDGE('',*,*,#1751,.T.);
#11290 = ORIENTED_EDGE('',*,*,#11265,.F.);
#11291 = ORIENTED_EDGE('',*,*,#11292,.T.);
#11292 = EDGE_CURVE('',#11238,#11293,#11295,.T.);
#11293 = VERTEX_POINT('',#11294);
#11294 = CARTESIAN_POINT('',(-1.01,-1.E-01,0.));
#11295 = SURFACE_CURVE('',#11296,(#11300,#11307),.PCURVE_S1.);
#11296 = LINE('',#11297,#11298);
#11297 = CARTESIAN_POINT('',(-1.01,-1.E-01,0.2));
#11298 = VECTOR('',#11299,1.);
#11299 = DIRECTION('',(-0.,-0.,-1.));
#11300 = PCURVE('',#964,#11301);
#11301 = DEFINITIONAL_REPRESENTATION('',(#11302),#11306);
#11302 = LINE('',#11303,#11304);
#11303 = CARTESIAN_POINT('',(0.,0.));
#11304 = VECTOR('',#11305,1.);
#11305 = DIRECTION('',(-1.,0.));
#11306 = ( GEOMETRIC_REPRESENTATION_CONTEXT(2) 
PARAMETRIC_REPRESENTATION_CONTEXT() REPRESENTATION_CONTEXT('2D SPACE',''
  ) );
#11307 = PCURVE('',#11253,#11308);
#11308 = DEFINITIONAL_REPRESENTATION('',(#11309),#11313);
#11309 = LINE('',#11310,#11311);
#11310 = CARTESIAN_POINT('',(-0.,-0.2));
#11311 = VECTOR('',#11312,1.);
#11312 = DIRECTION('',(1.,-0.));
#11313 = ( GEOMETRIC_REPRESENTATION_CONTEXT(2) 
PARAMETRIC_REPRESENTATION_CONTEXT() REPRESENTATION_CONTEXT('2D SPACE',''
  ) );
#11314 = ORIENTED_EDGE('',*,*,#11315,.T.);
#11315 = EDGE_CURVE('',#11293,#11316,#11318,.T.);
#11316 = VERTEX_POINT('',#11317);
#11317 = CARTESIAN_POINT('',(-0.76,-1.E-01,0.));
#11318 = SURFACE_CURVE('',#11319,(#11323,#11330),.PCURVE_S1.);
#11319 = LINE('',#11320,#11321);
#11320 = CARTESIAN_POINT('',(-1.01,-1.E-01,0.));
#11321 = VECTOR('',#11322,1.);
#11322 = DIRECTION('',(1.,0.,0.));
#11323 = PCURVE('',#964,#11324);
#11324 = DEFINITIONAL_REPRESENTATION('',(#11325),#11329);
#11325 = LINE('',#11326,#11327);
#11326 = CARTESIAN_POINT('',(-0.2,0.));
#11327 = VECTOR('',#11328,1.);
#11328 = DIRECTION('',(0.,1.));
#11329 = ( GEOMETRIC_REPRESENTATION_CONTEXT(2) 
PARAMETRIC_REPRESENTATION_CONTEXT() REPRESENTATION_CONTEXT('2D SPACE',''
  ) );
#11330 = PCURVE('',#11331,#11336);
#11331 = PLANE('',#11332);
#11332 = AXIS2_PLACEMENT_3D('',#11333,#11334,#11335);
#11333 = CARTESIAN_POINT('',(-0.76,4.336808689942E-16,0.));
#11334 = DIRECTION('',(0.,0.,1.));
#11335 = DIRECTION('',(1.,0.,-0.));
#11336 = DEFINITIONAL_REPRESENTATION('',(#11337),#11341);
#11337 = LINE('',#11338,#11339);
#11338 = CARTESIAN_POINT('',(-0.25,-0.1));
#11339 = VECTOR('',#11340,1.);
#11340 = DIRECTION('',(1.,0.));
#11341 = ( GEOMETRIC_REPRESENTATION_CONTEXT(2) 
PARAMETRIC_REPRESENTATION_CONTEXT() REPRESENTATION_CONTEXT('2D SPACE',''
  ) );
#11342 = ORIENTED_EDGE('',*,*,#11343,.F.);
#11343 = EDGE_CURVE('',#949,#11316,#11344,.T.);
#11344 = SURFACE_CURVE('',#11345,(#11349,#11356),.PCURVE_S1.);
#11345 = LINE('',#11346,#11347);
#11346 = CARTESIAN_POINT('',(-0.76,-1.E-01,0.2));
#11347 = VECTOR('',#11348,1.);
#11348 = DIRECTION('',(-0.,-0.,-1.));
#11349 = PCURVE('',#964,#11350);
#11350 = DEFINITIONAL_REPRESENTATION('',(#11351),#11355);
#11351 = LINE('',#11352,#11353);
#11352 = CARTESIAN_POINT('',(0.,0.25));
#11353 = VECTOR('',#11354,1.);
#11354 = DIRECTION('',(-1.,0.));
#11355 = ( GEOMETRIC_REPRESENTATION_CONTEXT(2) 
PARAMETRIC_REPRESENTATION_CONTEXT() REPRESENTATION_CONTEXT('2D SPACE',''
  ) );
#11356 = PCURVE('',#997,#11357);
#11357 = DEFINITIONAL_REPRESENTATION('',(#11358),#11362);
#11358 = LINE('',#11359,#11360);
#11359 = CARTESIAN_POINT('',(4.712388980385,0.));
#11360 = VECTOR('',#11361,1.);
#11361 = DIRECTION('',(0.,1.));
#11362 = ( GEOMETRIC_REPRESENTATION_CONTEXT(2) 
PARAMETRIC_REPRESENTATION_CONTEXT() REPRESENTATION_CONTEXT('2D SPACE',''
  ) );
#11363 = ADVANCED_FACE('',(#11364),#1025,.F.);
#11364 = FACE_BOUND('',#11365,.T.);
#11365 = EDGE_LOOP('',(#11366,#11367,#11368,#11369,#11392,#11415));
#11366 = ORIENTED_EDGE('',*,*,#11214,.F.);
#11367 = ORIENTED_EDGE('',*,*,#1700,.T.);
#11368 = ORIENTED_EDGE('',*,*,#1009,.F.);
#11369 = ORIENTED_EDGE('',*,*,#11370,.T.);
#11370 = EDGE_CURVE('',#977,#11371,#11373,.T.);
#11371 = VERTEX_POINT('',#11372);
#11372 = CARTESIAN_POINT('',(-0.76,0.1,0.));
#11373 = SURFACE_CURVE('',#11374,(#11378,#11385),.PCURVE_S1.);
#11374 = LINE('',#11375,#11376);
#11375 = CARTESIAN_POINT('',(-0.76,0.1,0.2));
#11376 = VECTOR('',#11377,1.);
#11377 = DIRECTION('',(-0.,-0.,-1.));
#11378 = PCURVE('',#1025,#11379);
#11379 = DEFINITIONAL_REPRESENTATION('',(#11380),#11384);
#11380 = LINE('',#11381,#11382);
#11381 = CARTESIAN_POINT('',(0.,0.25));
#11382 = VECTOR('',#11383,1.);
#11383 = DIRECTION('',(1.,0.));
#11384 = ( GEOMETRIC_REPRESENTATION_CONTEXT(2) 
PARAMETRIC_REPRESENTATION_CONTEXT() REPRESENTATION_CONTEXT('2D SPACE',''
  ) );
#11385 = PCURVE('',#997,#11386);
#11386 = DEFINITIONAL_REPRESENTATION('',(#11387),#11391);
#11387 = LINE('',#11388,#11389);
#11388 = CARTESIAN_POINT('',(1.570796326795,0.));
#11389 = VECTOR('',#11390,1.);
#11390 = DIRECTION('',(0.,1.));
#11391 = ( GEOMETRIC_REPRESENTATION_CONTEXT(2) 
PARAMETRIC_REPRESENTATION_CONTEXT() REPRESENTATION_CONTEXT('2D SPACE',''
  ) );
#11392 = ORIENTED_EDGE('',*,*,#11393,.T.);
#11393 = EDGE_CURVE('',#11371,#11394,#11396,.T.);
#11394 = VERTEX_POINT('',#11395);
#11395 = CARTESIAN_POINT('',(-1.01,0.1,0.));
#11396 = SURFACE_CURVE('',#11397,(#11401,#11408),.PCURVE_S1.);
#11397 = LINE('',#11398,#11399);
#11398 = CARTESIAN_POINT('',(-1.01,0.1,0.));
#11399 = VECTOR('',#11400,1.);
#11400 = DIRECTION('',(-1.,-0.,-0.));
#11401 = PCURVE('',#1025,#11402);
#11402 = DEFINITIONAL_REPRESENTATION('',(#11403),#11407);
#11403 = LINE('',#11404,#11405);
#11404 = CARTESIAN_POINT('',(0.2,0.));
#11405 = VECTOR('',#11406,1.);
#11406 = DIRECTION('',(0.,-1.));
#11407 = ( GEOMETRIC_REPRESENTATION_CONTEXT(2) 
PARAMETRIC_REPRESENTATION_CONTEXT() REPRESENTATION_CONTEXT('2D SPACE',''
  ) );
#11408 = PCURVE('',#11331,#11409);
#11409 = DEFINITIONAL_REPRESENTATION('',(#11410),#11414);
#11410 = LINE('',#11411,#11412);
#11411 = CARTESIAN_POINT('',(-0.25,0.1));
#11412 = VECTOR('',#11413,1.);
#11413 = DIRECTION('',(-1.,0.));
#11414 = ( GEOMETRIC_REPRESENTATION_CONTEXT(2) 
PARAMETRIC_REPRESENTATION_CONTEXT() REPRESENTATION_CONTEXT('2D SPACE',''
  ) );
#11415 = ORIENTED_EDGE('',*,*,#11416,.F.);
#11416 = EDGE_CURVE('',#11215,#11394,#11417,.T.);
#11417 = SURFACE_CURVE('',#11418,(#11422,#11429),.PCURVE_S1.);
#11418 = LINE('',#11419,#11420);
#11419 = CARTESIAN_POINT('',(-1.01,0.1,0.2));
#11420 = VECTOR('',#11421,1.);
#11421 = DIRECTION('',(-0.,-0.,-1.));
#11422 = PCURVE('',#1025,#11423);
#11423 = DEFINITIONAL_REPRESENTATION('',(#11424),#11428);
#11424 = LINE('',#11425,#11426);
#11425 = CARTESIAN_POINT('',(0.,0.));
#11426 = VECTOR('',#11427,1.);
#11427 = DIRECTION('',(1.,0.));
#11428 = ( GEOMETRIC_REPRESENTATION_CONTEXT(2) 
PARAMETRIC_REPRESENTATION_CONTEXT() REPRESENTATION_CONTEXT('2D SPACE',''
  ) );
#11429 = PCURVE('',#11253,#11430);
#11430 = DEFINITIONAL_REPRESENTATION('',(#11431),#11435);
#11431 = LINE('',#11432,#11433);
#11432 = CARTESIAN_POINT('',(0.,0.));
#11433 = VECTOR('',#11434,1.);
#11434 = DIRECTION('',(1.,-0.));
#11435 = ( GEOMETRIC_REPRESENTATION_CONTEXT(2) 
PARAMETRIC_REPRESENTATION_CONTEXT() REPRESENTATION_CONTEXT('2D SPACE',''
  ) );
#11436 = ADVANCED_FACE('',(#11437),#11253,.F.);
#11437 = FACE_BOUND('',#11438,.T.);
#11438 = EDGE_LOOP('',(#11439,#11460,#11461,#11462));
#11439 = ORIENTED_EDGE('',*,*,#11440,.T.);
#11440 = EDGE_CURVE('',#11394,#11293,#11441,.T.);
#11441 = SURFACE_CURVE('',#11442,(#11446,#11453),.PCURVE_S1.);
#11442 = LINE('',#11443,#11444);
#11443 = CARTESIAN_POINT('',(-1.01,0.1,0.));
#11444 = VECTOR('',#11445,1.);
#11445 = DIRECTION('',(0.,-1.,0.));
#11446 = PCURVE('',#11253,#11447);
#11447 = DEFINITIONAL_REPRESENTATION('',(#11448),#11452);
#11448 = LINE('',#11449,#11450);
#11449 = CARTESIAN_POINT('',(0.2,0.));
#11450 = VECTOR('',#11451,1.);
#11451 = DIRECTION('',(-0.,-1.));
#11452 = ( GEOMETRIC_REPRESENTATION_CONTEXT(2) 
PARAMETRIC_REPRESENTATION_CONTEXT() REPRESENTATION_CONTEXT('2D SPACE',''
  ) );
#11453 = PCURVE('',#11331,#11454);
#11454 = DEFINITIONAL_REPRESENTATION('',(#11455),#11459);
#11455 = LINE('',#11456,#11457);
#11456 = CARTESIAN_POINT('',(-0.25,0.1));
#11457 = VECTOR('',#11458,1.);
#11458 = DIRECTION('',(0.,-1.));
#11459 = ( GEOMETRIC_REPRESENTATION_CONTEXT(2) 
PARAMETRIC_REPRESENTATION_CONTEXT() REPRESENTATION_CONTEXT('2D SPACE',''
  ) );
#11460 = ORIENTED_EDGE('',*,*,#11292,.F.);
#11461 = ORIENTED_EDGE('',*,*,#11237,.F.);
#11462 = ORIENTED_EDGE('',*,*,#11416,.T.);
#11463 = ADVANCED_FACE('',(#11464),#997,.T.);
#11464 = FACE_BOUND('',#11465,.T.);
#11465 = EDGE_LOOP('',(#11466,#11467,#11468,#11490));
#11466 = ORIENTED_EDGE('',*,*,#976,.F.);
#11467 = ORIENTED_EDGE('',*,*,#11343,.T.);
#11468 = ORIENTED_EDGE('',*,*,#11469,.T.);
#11469 = EDGE_CURVE('',#11316,#11371,#11470,.T.);
#11470 = SURFACE_CURVE('',#11471,(#11476,#11483),.PCURVE_S1.);
#11471 = CIRCLE('',#11472,0.1);
#11472 = AXIS2_PLACEMENT_3D('',#11473,#11474,#11475);
#11473 = CARTESIAN_POINT('',(-0.76,4.336808689942E-16,0.));
#11474 = DIRECTION('',(0.,0.,1.));
#11475 = DIRECTION('',(1.,0.,-0.));
#11476 = PCURVE('',#997,#11477);
#11477 = DEFINITIONAL_REPRESENTATION('',(#11478),#11482);
#11478 = LINE('',#11479,#11480);
#11479 = CARTESIAN_POINT('',(9.424777960769,0.2));
#11480 = VECTOR('',#11481,1.);
#11481 = DIRECTION('',(-1.,0.));
#11482 = ( GEOMETRIC_REPRESENTATION_CONTEXT(2) 
PARAMETRIC_REPRESENTATION_CONTEXT() REPRESENTATION_CONTEXT('2D SPACE',''
  ) );
#11483 = PCURVE('',#11331,#11484);
#11484 = DEFINITIONAL_REPRESENTATION('',(#11485),#11489);
#11485 = CIRCLE('',#11486,0.1);
#11486 = AXIS2_PLACEMENT_2D('',#11487,#11488);
#11487 = CARTESIAN_POINT('',(0.,0.));
#11488 = DIRECTION('',(1.,0.));
#11489 = ( GEOMETRIC_REPRESENTATION_CONTEXT(2) 
PARAMETRIC_REPRESENTATION_CONTEXT() REPRESENTATION_CONTEXT('2D SPACE',''
  ) );
#11490 = ORIENTED_EDGE('',*,*,#11370,.F.);
#11491 = ADVANCED_FACE('',(#11492),#11331,.F.);
#11492 = FACE_BOUND('',#11493,.T.);
#11493 = EDGE_LOOP('',(#11494,#11495,#11496,#11497));
#11494 = ORIENTED_EDGE('',*,*,#11440,.F.);
#11495 = ORIENTED_EDGE('',*,*,#11393,.F.);
#11496 = ORIENTED_EDGE('',*,*,#11469,.F.);
#11497 = ORIENTED_EDGE('',*,*,#11315,.F.);
#11498 = ADVANCED_FACE('',(#11499),#1810,.T.);
#11499 = FACE_BOUND('',#11500,.T.);
#11500 = EDGE_LOOP('',(#11501,#11502,#11525,#11553));
#11501 = ORIENTED_EDGE('',*,*,#1796,.F.);
#11502 = ORIENTED_EDGE('',*,*,#11503,.T.);
#11503 = EDGE_CURVE('',#1774,#11504,#11506,.T.);
#11504 = VERTEX_POINT('',#11505);
#11505 = CARTESIAN_POINT('',(-1.01,-0.55,0.2));
#11506 = SURFACE_CURVE('',#11507,(#11511,#11518),.PCURVE_S1.);
#11507 = LINE('',#11508,#11509);
#11508 = CARTESIAN_POINT('',(-1.01,-0.55,0.2));
#11509 = VECTOR('',#11510,1.);
#11510 = DIRECTION('',(-1.,-0.,-0.));
#11511 = PCURVE('',#1810,#11512);
#11512 = DEFINITIONAL_REPRESENTATION('',(#11513),#11517);
#11513 = LINE('',#11514,#11515);
#11514 = CARTESIAN_POINT('',(-0.25,0.1));
#11515 = VECTOR('',#11516,1.);
#11516 = DIRECTION('',(-1.,0.));
#11517 = ( GEOMETRIC_REPRESENTATION_CONTEXT(2) 
PARAMETRIC_REPRESENTATION_CONTEXT() REPRESENTATION_CONTEXT('2D SPACE',''
  ) );
#11518 = PCURVE('',#913,#11519);
#11519 = DEFINITIONAL_REPRESENTATION('',(#11520),#11524);
#11520 = LINE('',#11521,#11522);
#11521 = CARTESIAN_POINT('',(0.,0.));
#11522 = VECTOR('',#11523,1.);
#11523 = DIRECTION('',(0.,-1.));
#11524 = ( GEOMETRIC_REPRESENTATION_CONTEXT(2) 
PARAMETRIC_REPRESENTATION_CONTEXT() REPRESENTATION_CONTEXT('2D SPACE',''
  ) );
#11525 = ORIENTED_EDGE('',*,*,#11526,.T.);
#11526 = EDGE_CURVE('',#11504,#11527,#11529,.T.);
#11527 = VERTEX_POINT('',#11528);
#11528 = CARTESIAN_POINT('',(-1.01,-0.75,0.2));
#11529 = SURFACE_CURVE('',#11530,(#11534,#11541),.PCURVE_S1.);
#11530 = LINE('',#11531,#11532);
#11531 = CARTESIAN_POINT('',(-1.01,-0.55,0.2));
#11532 = VECTOR('',#11533,1.);
#11533 = DIRECTION('',(0.,-1.,0.));
#11534 = PCURVE('',#1810,#11535);
#11535 = DEFINITIONAL_REPRESENTATION('',(#11536),#11540);
#11536 = LINE('',#11537,#11538);
#11537 = CARTESIAN_POINT('',(-0.25,0.1));
#11538 = VECTOR('',#11539,1.);
#11539 = DIRECTION('',(0.,-1.));
#11540 = ( GEOMETRIC_REPRESENTATION_CONTEXT(2) 
PARAMETRIC_REPRESENTATION_CONTEXT() REPRESENTATION_CONTEXT('2D SPACE',''
  ) );
#11541 = PCURVE('',#11542,#11547);
#11542 = PLANE('',#11543);
#11543 = AXIS2_PLACEMENT_3D('',#11544,#11545,#11546);
#11544 = CARTESIAN_POINT('',(-1.01,-0.55,0.2));
#11545 = DIRECTION('',(1.,0.,-0.));
#11546 = DIRECTION('',(-0.,0.,-1.));
#11547 = DEFINITIONAL_REPRESENTATION('',(#11548),#11552);
#11548 = LINE('',#11549,#11550);
#11549 = CARTESIAN_POINT('',(0.,0.));
#11550 = VECTOR('',#11551,1.);
#11551 = DIRECTION('',(-0.,-1.));
#11552 = ( GEOMETRIC_REPRESENTATION_CONTEXT(2) 
PARAMETRIC_REPRESENTATION_CONTEXT() REPRESENTATION_CONTEXT('2D SPACE',''
  ) );
#11553 = ORIENTED_EDGE('',*,*,#11554,.T.);
#11554 = EDGE_CURVE('',#11527,#1536,#11555,.T.);
#11555 = SURFACE_CURVE('',#11556,(#11560,#11567),.PCURVE_S1.);
#11556 = LINE('',#11557,#11558);
#11557 = CARTESIAN_POINT('',(-1.01,-0.75,0.2));
#11558 = VECTOR('',#11559,1.);
#11559 = DIRECTION('',(1.,0.,0.));
#11560 = PCURVE('',#1810,#11561);
#11561 = DEFINITIONAL_REPRESENTATION('',(#11562),#11566);
#11562 = LINE('',#11563,#11564);
#11563 = CARTESIAN_POINT('',(-0.25,-1.E-01));
#11564 = VECTOR('',#11565,1.);
#11565 = DIRECTION('',(1.,0.));
#11566 = ( GEOMETRIC_REPRESENTATION_CONTEXT(2) 
PARAMETRIC_REPRESENTATION_CONTEXT() REPRESENTATION_CONTEXT('2D SPACE',''
  ) );
#11567 = PCURVE('',#852,#11568);
#11568 = DEFINITIONAL_REPRESENTATION('',(#11569),#11573);
#11569 = LINE('',#11570,#11571);
#11570 = CARTESIAN_POINT('',(0.,0.));
#11571 = VECTOR('',#11572,1.);
#11572 = DIRECTION('',(0.,1.));
#11573 = ( GEOMETRIC_REPRESENTATION_CONTEXT(2) 
PARAMETRIC_REPRESENTATION_CONTEXT() REPRESENTATION_CONTEXT('2D SPACE',''
  ) );
#11574 = ADVANCED_FACE('',(#11575),#852,.F.);
#11575 = FACE_BOUND('',#11576,.T.);
#11576 = EDGE_LOOP('',(#11577,#11578,#11579,#11580,#11603,#11631));
#11577 = ORIENTED_EDGE('',*,*,#836,.F.);
#11578 = ORIENTED_EDGE('',*,*,#1535,.T.);
#11579 = ORIENTED_EDGE('',*,*,#11554,.F.);
#11580 = ORIENTED_EDGE('',*,*,#11581,.T.);
#11581 = EDGE_CURVE('',#11527,#11582,#11584,.T.);
#11582 = VERTEX_POINT('',#11583);
#11583 = CARTESIAN_POINT('',(-1.01,-0.75,0.));
#11584 = SURFACE_CURVE('',#11585,(#11589,#11596),.PCURVE_S1.);
#11585 = LINE('',#11586,#11587);
#11586 = CARTESIAN_POINT('',(-1.01,-0.75,0.2));
#11587 = VECTOR('',#11588,1.);
#11588 = DIRECTION('',(-0.,-0.,-1.));
#11589 = PCURVE('',#852,#11590);
#11590 = DEFINITIONAL_REPRESENTATION('',(#11591),#11595);
#11591 = LINE('',#11592,#11593);
#11592 = CARTESIAN_POINT('',(0.,0.));
#11593 = VECTOR('',#11594,1.);
#11594 = DIRECTION('',(-1.,0.));
#11595 = ( GEOMETRIC_REPRESENTATION_CONTEXT(2) 
PARAMETRIC_REPRESENTATION_CONTEXT() REPRESENTATION_CONTEXT('2D SPACE',''
  ) );
#11596 = PCURVE('',#11542,#11597);
#11597 = DEFINITIONAL_REPRESENTATION('',(#11598),#11602);
#11598 = LINE('',#11599,#11600);
#11599 = CARTESIAN_POINT('',(-0.,-0.2));
#11600 = VECTOR('',#11601,1.);
#11601 = DIRECTION('',(1.,-0.));
#11602 = ( GEOMETRIC_REPRESENTATION_CONTEXT(2) 
PARAMETRIC_REPRESENTATION_CONTEXT() REPRESENTATION_CONTEXT('2D SPACE',''
  ) );
#11603 = ORIENTED_EDGE('',*,*,#11604,.T.);
#11604 = EDGE_CURVE('',#11582,#11605,#11607,.T.);
#11605 = VERTEX_POINT('',#11606);
#11606 = CARTESIAN_POINT('',(-0.76,-0.75,0.));
#11607 = SURFACE_CURVE('',#11608,(#11612,#11619),.PCURVE_S1.);
#11608 = LINE('',#11609,#11610);
#11609 = CARTESIAN_POINT('',(-1.01,-0.75,0.));
#11610 = VECTOR('',#11611,1.);
#11611 = DIRECTION('',(1.,0.,0.));
#11612 = PCURVE('',#852,#11613);
#11613 = DEFINITIONAL_REPRESENTATION('',(#11614),#11618);
#11614 = LINE('',#11615,#11616);
#11615 = CARTESIAN_POINT('',(-0.2,0.));
#11616 = VECTOR('',#11617,1.);
#11617 = DIRECTION('',(0.,1.));
#11618 = ( GEOMETRIC_REPRESENTATION_CONTEXT(2) 
PARAMETRIC_REPRESENTATION_CONTEXT() REPRESENTATION_CONTEXT('2D SPACE',''
  ) );
#11619 = PCURVE('',#11620,#11625);
#11620 = PLANE('',#11621);
#11621 = AXIS2_PLACEMENT_3D('',#11622,#11623,#11624);
#11622 = CARTESIAN_POINT('',(-0.76,-0.65,0.));
#11623 = DIRECTION('',(0.,0.,1.));
#11624 = DIRECTION('',(1.,0.,-0.));
#11625 = DEFINITIONAL_REPRESENTATION('',(#11626),#11630);
#11626 = LINE('',#11627,#11628);
#11627 = CARTESIAN_POINT('',(-0.25,-1.E-01));
#11628 = VECTOR('',#11629,1.);
#11629 = DIRECTION('',(1.,0.));
#11630 = ( GEOMETRIC_REPRESENTATION_CONTEXT(2) 
PARAMETRIC_REPRESENTATION_CONTEXT() REPRESENTATION_CONTEXT('2D SPACE',''
  ) );
#11631 = ORIENTED_EDGE('',*,*,#11632,.F.);
#11632 = EDGE_CURVE('',#837,#11605,#11633,.T.);
#11633 = SURFACE_CURVE('',#11634,(#11638,#11645),.PCURVE_S1.);
#11634 = LINE('',#11635,#11636);
#11635 = CARTESIAN_POINT('',(-0.76,-0.75,0.2));
#11636 = VECTOR('',#11637,1.);
#11637 = DIRECTION('',(-0.,-0.,-1.));
#11638 = PCURVE('',#852,#11639);
#11639 = DEFINITIONAL_REPRESENTATION('',(#11640),#11644);
#11640 = LINE('',#11641,#11642);
#11641 = CARTESIAN_POINT('',(0.,0.25));
#11642 = VECTOR('',#11643,1.);
#11643 = DIRECTION('',(-1.,0.));
#11644 = ( GEOMETRIC_REPRESENTATION_CONTEXT(2) 
PARAMETRIC_REPRESENTATION_CONTEXT() REPRESENTATION_CONTEXT('2D SPACE',''
  ) );
#11645 = PCURVE('',#885,#11646);
#11646 = DEFINITIONAL_REPRESENTATION('',(#11647),#11651);
#11647 = LINE('',#11648,#11649);
#11648 = CARTESIAN_POINT('',(4.712388980385,0.));
#11649 = VECTOR('',#11650,1.);
#11650 = DIRECTION('',(0.,1.));
#11651 = ( GEOMETRIC_REPRESENTATION_CONTEXT(2) 
PARAMETRIC_REPRESENTATION_CONTEXT() REPRESENTATION_CONTEXT('2D SPACE',''
  ) );
#11652 = ADVANCED_FACE('',(#11653),#913,.F.);
#11653 = FACE_BOUND('',#11654,.T.);
#11654 = EDGE_LOOP('',(#11655,#11656,#11657,#11658,#11681,#11704));
#11655 = ORIENTED_EDGE('',*,*,#11503,.F.);
#11656 = ORIENTED_EDGE('',*,*,#1773,.T.);
#11657 = ORIENTED_EDGE('',*,*,#897,.F.);
#11658 = ORIENTED_EDGE('',*,*,#11659,.T.);
#11659 = EDGE_CURVE('',#865,#11660,#11662,.T.);
#11660 = VERTEX_POINT('',#11661);
#11661 = CARTESIAN_POINT('',(-0.76,-0.55,0.));
#11662 = SURFACE_CURVE('',#11663,(#11667,#11674),.PCURVE_S1.);
#11663 = LINE('',#11664,#11665);
#11664 = CARTESIAN_POINT('',(-0.76,-0.55,0.2));
#11665 = VECTOR('',#11666,1.);
#11666 = DIRECTION('',(-0.,-0.,-1.));
#11667 = PCURVE('',#913,#11668);
#11668 = DEFINITIONAL_REPRESENTATION('',(#11669),#11673);
#11669 = LINE('',#11670,#11671);
#11670 = CARTESIAN_POINT('',(0.,0.25));
#11671 = VECTOR('',#11672,1.);
#11672 = DIRECTION('',(1.,0.));
#11673 = ( GEOMETRIC_REPRESENTATION_CONTEXT(2) 
PARAMETRIC_REPRESENTATION_CONTEXT() REPRESENTATION_CONTEXT('2D SPACE',''
  ) );
#11674 = PCURVE('',#885,#11675);
#11675 = DEFINITIONAL_REPRESENTATION('',(#11676),#11680);
#11676 = LINE('',#11677,#11678);
#11677 = CARTESIAN_POINT('',(1.570796326795,0.));
#11678 = VECTOR('',#11679,1.);
#11679 = DIRECTION('',(0.,1.));
#11680 = ( GEOMETRIC_REPRESENTATION_CONTEXT(2) 
PARAMETRIC_REPRESENTATION_CONTEXT() REPRESENTATION_CONTEXT('2D SPACE',''
  ) );
#11681 = ORIENTED_EDGE('',*,*,#11682,.T.);
#11682 = EDGE_CURVE('',#11660,#11683,#11685,.T.);
#11683 = VERTEX_POINT('',#11684);
#11684 = CARTESIAN_POINT('',(-1.01,-0.55,0.));
#11685 = SURFACE_CURVE('',#11686,(#11690,#11697),.PCURVE_S1.);
#11686 = LINE('',#11687,#11688);
#11687 = CARTESIAN_POINT('',(-1.01,-0.55,0.));
#11688 = VECTOR('',#11689,1.);
#11689 = DIRECTION('',(-1.,-0.,-0.));
#11690 = PCURVE('',#913,#11691);
#11691 = DEFINITIONAL_REPRESENTATION('',(#11692),#11696);
#11692 = LINE('',#11693,#11694);
#11693 = CARTESIAN_POINT('',(0.2,0.));
#11694 = VECTOR('',#11695,1.);
#11695 = DIRECTION('',(0.,-1.));
#11696 = ( GEOMETRIC_REPRESENTATION_CONTEXT(2) 
PARAMETRIC_REPRESENTATION_CONTEXT() REPRESENTATION_CONTEXT('2D SPACE',''
  ) );
#11697 = PCURVE('',#11620,#11698);
#11698 = DEFINITIONAL_REPRESENTATION('',(#11699),#11703);
#11699 = LINE('',#11700,#11701);
#11700 = CARTESIAN_POINT('',(-0.25,0.1));
#11701 = VECTOR('',#11702,1.);
#11702 = DIRECTION('',(-1.,0.));
#11703 = ( GEOMETRIC_REPRESENTATION_CONTEXT(2) 
PARAMETRIC_REPRESENTATION_CONTEXT() REPRESENTATION_CONTEXT('2D SPACE',''
  ) );
#11704 = ORIENTED_EDGE('',*,*,#11705,.F.);
#11705 = EDGE_CURVE('',#11504,#11683,#11706,.T.);
#11706 = SURFACE_CURVE('',#11707,(#11711,#11718),.PCURVE_S1.);
#11707 = LINE('',#11708,#11709);
#11708 = CARTESIAN_POINT('',(-1.01,-0.55,0.2));
#11709 = VECTOR('',#11710,1.);
#11710 = DIRECTION('',(-0.,-0.,-1.));
#11711 = PCURVE('',#913,#11712);
#11712 = DEFINITIONAL_REPRESENTATION('',(#11713),#11717);
#11713 = LINE('',#11714,#11715);
#11714 = CARTESIAN_POINT('',(0.,0.));
#11715 = VECTOR('',#11716,1.);
#11716 = DIRECTION('',(1.,0.));
#11717 = ( GEOMETRIC_REPRESENTATION_CONTEXT(2) 
PARAMETRIC_REPRESENTATION_CONTEXT() REPRESENTATION_CONTEXT('2D SPACE',''
  ) );
#11718 = PCURVE('',#11542,#11719);
#11719 = DEFINITIONAL_REPRESENTATION('',(#11720),#11724);
#11720 = LINE('',#11721,#11722);
#11721 = CARTESIAN_POINT('',(0.,0.));
#11722 = VECTOR('',#11723,1.);
#11723 = DIRECTION('',(1.,-0.));
#11724 = ( GEOMETRIC_REPRESENTATION_CONTEXT(2) 
PARAMETRIC_REPRESENTATION_CONTEXT() REPRESENTATION_CONTEXT('2D SPACE',''
  ) );
#11725 = ADVANCED_FACE('',(#11726),#11542,.F.);
#11726 = FACE_BOUND('',#11727,.T.);
#11727 = EDGE_LOOP('',(#11728,#11749,#11750,#11751));
#11728 = ORIENTED_EDGE('',*,*,#11729,.T.);
#11729 = EDGE_CURVE('',#11683,#11582,#11730,.T.);
#11730 = SURFACE_CURVE('',#11731,(#11735,#11742),.PCURVE_S1.);
#11731 = LINE('',#11732,#11733);
#11732 = CARTESIAN_POINT('',(-1.01,-0.55,0.));
#11733 = VECTOR('',#11734,1.);
#11734 = DIRECTION('',(0.,-1.,0.));
#11735 = PCURVE('',#11542,#11736);
#11736 = DEFINITIONAL_REPRESENTATION('',(#11737),#11741);
#11737 = LINE('',#11738,#11739);
#11738 = CARTESIAN_POINT('',(0.2,0.));
#11739 = VECTOR('',#11740,1.);
#11740 = DIRECTION('',(-0.,-1.));
#11741 = ( GEOMETRIC_REPRESENTATION_CONTEXT(2) 
PARAMETRIC_REPRESENTATION_CONTEXT() REPRESENTATION_CONTEXT('2D SPACE',''
  ) );
#11742 = PCURVE('',#11620,#11743);
#11743 = DEFINITIONAL_REPRESENTATION('',(#11744),#11748);
#11744 = LINE('',#11745,#11746);
#11745 = CARTESIAN_POINT('',(-0.25,0.1));
#11746 = VECTOR('',#11747,1.);
#11747 = DIRECTION('',(0.,-1.));
#11748 = ( GEOMETRIC_REPRESENTATION_CONTEXT(2) 
PARAMETRIC_REPRESENTATION_CONTEXT() REPRESENTATION_CONTEXT('2D SPACE',''
  ) );
#11749 = ORIENTED_EDGE('',*,*,#11581,.F.);
#11750 = ORIENTED_EDGE('',*,*,#11526,.F.);
#11751 = ORIENTED_EDGE('',*,*,#11705,.T.);
#11752 = ADVANCED_FACE('',(#11753),#885,.T.);
#11753 = FACE_BOUND('',#11754,.T.);
#11754 = EDGE_LOOP('',(#11755,#11756,#11757,#11779));
#11755 = ORIENTED_EDGE('',*,*,#864,.F.);
#11756 = ORIENTED_EDGE('',*,*,#11632,.T.);
#11757 = ORIENTED_EDGE('',*,*,#11758,.T.);
#11758 = EDGE_CURVE('',#11605,#11660,#11759,.T.);
#11759 = SURFACE_CURVE('',#11760,(#11765,#11772),.PCURVE_S1.);
#11760 = CIRCLE('',#11761,0.1);
#11761 = AXIS2_PLACEMENT_3D('',#11762,#11763,#11764);
#11762 = CARTESIAN_POINT('',(-0.76,-0.65,0.));
#11763 = DIRECTION('',(0.,0.,1.));
#11764 = DIRECTION('',(1.,0.,-0.));
#11765 = PCURVE('',#885,#11766);
#11766 = DEFINITIONAL_REPRESENTATION('',(#11767),#11771);
#11767 = LINE('',#11768,#11769);
#11768 = CARTESIAN_POINT('',(9.424777960769,0.2));
#11769 = VECTOR('',#11770,1.);
#11770 = DIRECTION('',(-1.,0.));
#11771 = ( GEOMETRIC_REPRESENTATION_CONTEXT(2) 
PARAMETRIC_REPRESENTATION_CONTEXT() REPRESENTATION_CONTEXT('2D SPACE',''
  ) );
#11772 = PCURVE('',#11620,#11773);
#11773 = DEFINITIONAL_REPRESENTATION('',(#11774),#11778);
#11774 = CIRCLE('',#11775,0.1);
#11775 = AXIS2_PLACEMENT_2D('',#11776,#11777);
#11776 = CARTESIAN_POINT('',(0.,0.));
#11777 = DIRECTION('',(1.,0.));
#11778 = ( GEOMETRIC_REPRESENTATION_CONTEXT(2) 
PARAMETRIC_REPRESENTATION_CONTEXT() REPRESENTATION_CONTEXT('2D SPACE',''
  ) );
#11779 = ORIENTED_EDGE('',*,*,#11659,.F.);
#11780 = ADVANCED_FACE('',(#11781),#11620,.F.);
#11781 = FACE_BOUND('',#11782,.T.);
#11782 = EDGE_LOOP('',(#11783,#11784,#11785,#11786));
#11783 = ORIENTED_EDGE('',*,*,#11729,.F.);
#11784 = ORIENTED_EDGE('',*,*,#11682,.F.);
#11785 = ORIENTED_EDGE('',*,*,#11758,.F.);
#11786 = ORIENTED_EDGE('',*,*,#11604,.F.);
#11787 = ADVANCED_FACE('',(#11788),#5447,.T.);
#11788 = FACE_BOUND('',#11789,.T.);
#11789 = EDGE_LOOP('',(#11790,#11791,#11814,#11842));
#11790 = ORIENTED_EDGE('',*,*,#5431,.F.);
#11791 = ORIENTED_EDGE('',*,*,#11792,.F.);
#11792 = EDGE_CURVE('',#11793,#5409,#11795,.T.);
#11793 = VERTEX_POINT('',#11794);
#11794 = CARTESIAN_POINT('',(1.01,0.55,0.2));
#11795 = SURFACE_CURVE('',#11796,(#11800,#11807),.PCURVE_S1.);
#11796 = LINE('',#11797,#11798);
#11797 = CARTESIAN_POINT('',(1.01,0.55,0.2));
#11798 = VECTOR('',#11799,1.);
#11799 = DIRECTION('',(-1.,0.,0.));
#11800 = PCURVE('',#5447,#11801);
#11801 = DEFINITIONAL_REPRESENTATION('',(#11802),#11806);
#11802 = LINE('',#11803,#11804);
#11803 = CARTESIAN_POINT('',(-0.25,1.E-01));
#11804 = VECTOR('',#11805,1.);
#11805 = DIRECTION('',(1.,0.));
#11806 = ( GEOMETRIC_REPRESENTATION_CONTEXT(2) 
PARAMETRIC_REPRESENTATION_CONTEXT() REPRESENTATION_CONTEXT('2D SPACE',''
  ) );
#11807 = PCURVE('',#392,#11808);
#11808 = DEFINITIONAL_REPRESENTATION('',(#11809),#11813);
#11809 = LINE('',#11810,#11811);
#11810 = CARTESIAN_POINT('',(0.,0.));
#11811 = VECTOR('',#11812,1.);
#11812 = DIRECTION('',(-0.,-1.));
#11813 = ( GEOMETRIC_REPRESENTATION_CONTEXT(2) 
PARAMETRIC_REPRESENTATION_CONTEXT() REPRESENTATION_CONTEXT('2D SPACE',''
  ) );
#11814 = ORIENTED_EDGE('',*,*,#11815,.F.);
#11815 = EDGE_CURVE('',#11816,#11793,#11818,.T.);
#11816 = VERTEX_POINT('',#11817);
#11817 = CARTESIAN_POINT('',(1.01,0.75,0.2));
#11818 = SURFACE_CURVE('',#11819,(#11823,#11830),.PCURVE_S1.);
#11819 = LINE('',#11820,#11821);
#11820 = CARTESIAN_POINT('',(1.01,0.75,0.2));
#11821 = VECTOR('',#11822,1.);
#11822 = DIRECTION('',(0.,-1.,0.));
#11823 = PCURVE('',#5447,#11824);
#11824 = DEFINITIONAL_REPRESENTATION('',(#11825),#11829);
#11825 = LINE('',#11826,#11827);
#11826 = CARTESIAN_POINT('',(-0.25,-0.1));
#11827 = VECTOR('',#11828,1.);
#11828 = DIRECTION('',(0.,1.));
#11829 = ( GEOMETRIC_REPRESENTATION_CONTEXT(2) 
PARAMETRIC_REPRESENTATION_CONTEXT() REPRESENTATION_CONTEXT('2D SPACE',''
  ) );
#11830 = PCURVE('',#11831,#11836);
#11831 = PLANE('',#11832);
#11832 = AXIS2_PLACEMENT_3D('',#11833,#11834,#11835);
#11833 = CARTESIAN_POINT('',(1.01,0.75,0.2));
#11834 = DIRECTION('',(1.,0.,-0.));
#11835 = DIRECTION('',(-0.,0.,-1.));
#11836 = DEFINITIONAL_REPRESENTATION('',(#11837),#11841);
#11837 = LINE('',#11838,#11839);
#11838 = CARTESIAN_POINT('',(0.,0.));
#11839 = VECTOR('',#11840,1.);
#11840 = DIRECTION('',(-0.,-1.));
#11841 = ( GEOMETRIC_REPRESENTATION_CONTEXT(2) 
PARAMETRIC_REPRESENTATION_CONTEXT() REPRESENTATION_CONTEXT('2D SPACE',''
  ) );
#11842 = ORIENTED_EDGE('',*,*,#11843,.F.);
#11843 = EDGE_CURVE('',#5432,#11816,#11844,.T.);
#11844 = SURFACE_CURVE('',#11845,(#11849,#11856),.PCURVE_S1.);
#11845 = LINE('',#11846,#11847);
#11846 = CARTESIAN_POINT('',(1.01,0.75,0.2));
#11847 = VECTOR('',#11848,1.);
#11848 = DIRECTION('',(1.,-0.,-0.));
#11849 = PCURVE('',#5447,#11850);
#11850 = DEFINITIONAL_REPRESENTATION('',(#11851),#11855);
#11851 = LINE('',#11852,#11853);
#11852 = CARTESIAN_POINT('',(-0.25,-0.1));
#11853 = VECTOR('',#11854,1.);
#11854 = DIRECTION('',(-1.,0.));
#11855 = ( GEOMETRIC_REPRESENTATION_CONTEXT(2) 
PARAMETRIC_REPRESENTATION_CONTEXT() REPRESENTATION_CONTEXT('2D SPACE',''
  ) );
#11856 = PCURVE('',#1239,#11857);
#11857 = DEFINITIONAL_REPRESENTATION('',(#11858),#11862);
#11858 = LINE('',#11859,#11860);
#11859 = CARTESIAN_POINT('',(0.,0.));
#11860 = VECTOR('',#11861,1.);
#11861 = DIRECTION('',(0.,1.));
#11862 = ( GEOMETRIC_REPRESENTATION_CONTEXT(2) 
PARAMETRIC_REPRESENTATION_CONTEXT() REPRESENTATION_CONTEXT('2D SPACE',''
  ) );
#11863 = ADVANCED_FACE('',(#11864),#11831,.T.);
#11864 = FACE_BOUND('',#11865,.T.);
#11865 = EDGE_LOOP('',(#11866,#11891,#11912,#11913));
#11866 = ORIENTED_EDGE('',*,*,#11867,.F.);
#11867 = EDGE_CURVE('',#11868,#11870,#11872,.T.);
#11868 = VERTEX_POINT('',#11869);
#11869 = CARTESIAN_POINT('',(1.01,0.75,0.));
#11870 = VERTEX_POINT('',#11871);
#11871 = CARTESIAN_POINT('',(1.01,0.55,0.));
#11872 = SURFACE_CURVE('',#11873,(#11877,#11884),.PCURVE_S1.);
#11873 = LINE('',#11874,#11875);
#11874 = CARTESIAN_POINT('',(1.01,0.75,0.));
#11875 = VECTOR('',#11876,1.);
#11876 = DIRECTION('',(0.,-1.,0.));
#11877 = PCURVE('',#11831,#11878);
#11878 = DEFINITIONAL_REPRESENTATION('',(#11879),#11883);
#11879 = LINE('',#11880,#11881);
#11880 = CARTESIAN_POINT('',(0.2,0.));
#11881 = VECTOR('',#11882,1.);
#11882 = DIRECTION('',(-0.,-1.));
#11883 = ( GEOMETRIC_REPRESENTATION_CONTEXT(2) 
PARAMETRIC_REPRESENTATION_CONTEXT() REPRESENTATION_CONTEXT('2D SPACE',''
  ) );
#11884 = PCURVE('',#362,#11885);
#11885 = DEFINITIONAL_REPRESENTATION('',(#11886),#11890);
#11886 = LINE('',#11887,#11888);
#11887 = CARTESIAN_POINT('',(-0.25,-0.1));
#11888 = VECTOR('',#11889,1.);
#11889 = DIRECTION('',(0.,1.));
#11890 = ( GEOMETRIC_REPRESENTATION_CONTEXT(2) 
PARAMETRIC_REPRESENTATION_CONTEXT() REPRESENTATION_CONTEXT('2D SPACE',''
  ) );
#11891 = ORIENTED_EDGE('',*,*,#11892,.F.);
#11892 = EDGE_CURVE('',#11816,#11868,#11893,.T.);
#11893 = SURFACE_CURVE('',#11894,(#11898,#11905),.PCURVE_S1.);
#11894 = LINE('',#11895,#11896);
#11895 = CARTESIAN_POINT('',(1.01,0.75,0.2));
#11896 = VECTOR('',#11897,1.);
#11897 = DIRECTION('',(-0.,-0.,-1.));
#11898 = PCURVE('',#11831,#11899);
#11899 = DEFINITIONAL_REPRESENTATION('',(#11900),#11904);
#11900 = LINE('',#11901,#11902);
#11901 = CARTESIAN_POINT('',(0.,0.));
#11902 = VECTOR('',#11903,1.);
#11903 = DIRECTION('',(1.,-0.));
#11904 = ( GEOMETRIC_REPRESENTATION_CONTEXT(2) 
PARAMETRIC_REPRESENTATION_CONTEXT() REPRESENTATION_CONTEXT('2D SPACE',''
  ) );
#11905 = PCURVE('',#1239,#11906);
#11906 = DEFINITIONAL_REPRESENTATION('',(#11907),#11911);
#11907 = LINE('',#11908,#11909);
#11908 = CARTESIAN_POINT('',(0.,0.));
#11909 = VECTOR('',#11910,1.);
#11910 = DIRECTION('',(-1.,0.));
#11911 = ( GEOMETRIC_REPRESENTATION_CONTEXT(2) 
PARAMETRIC_REPRESENTATION_CONTEXT() REPRESENTATION_CONTEXT('2D SPACE',''
  ) );
#11912 = ORIENTED_EDGE('',*,*,#11815,.T.);
#11913 = ORIENTED_EDGE('',*,*,#11914,.T.);
#11914 = EDGE_CURVE('',#11793,#11870,#11915,.T.);
#11915 = SURFACE_CURVE('',#11916,(#11920,#11927),.PCURVE_S1.);
#11916 = LINE('',#11917,#11918);
#11917 = CARTESIAN_POINT('',(1.01,0.55,0.2));
#11918 = VECTOR('',#11919,1.);
#11919 = DIRECTION('',(-0.,-0.,-1.));
#11920 = PCURVE('',#11831,#11921);
#11921 = DEFINITIONAL_REPRESENTATION('',(#11922),#11926);
#11922 = LINE('',#11923,#11924);
#11923 = CARTESIAN_POINT('',(-0.,-0.2));
#11924 = VECTOR('',#11925,1.);
#11925 = DIRECTION('',(1.,-0.));
#11926 = ( GEOMETRIC_REPRESENTATION_CONTEXT(2) 
PARAMETRIC_REPRESENTATION_CONTEXT() REPRESENTATION_CONTEXT('2D SPACE',''
  ) );
#11927 = PCURVE('',#392,#11928);
#11928 = DEFINITIONAL_REPRESENTATION('',(#11929),#11933);
#11929 = LINE('',#11930,#11931);
#11930 = CARTESIAN_POINT('',(0.,0.));
#11931 = VECTOR('',#11932,1.);
#11932 = DIRECTION('',(1.,0.));
#11933 = ( GEOMETRIC_REPRESENTATION_CONTEXT(2) 
PARAMETRIC_REPRESENTATION_CONTEXT() REPRESENTATION_CONTEXT('2D SPACE',''
  ) );
#11934 = ADVANCED_FACE('',(#11935),#1239,.T.);
#11935 = FACE_BOUND('',#11936,.T.);
#11936 = EDGE_LOOP('',(#11937,#11960,#11961,#11962,#11963,#11964));
#11937 = ORIENTED_EDGE('',*,*,#11938,.F.);
#11938 = EDGE_CURVE('',#1224,#11939,#11941,.T.);
#11939 = VERTEX_POINT('',#11940);
#11940 = CARTESIAN_POINT('',(0.76,0.75,0.));
#11941 = SURFACE_CURVE('',#11942,(#11946,#11953),.PCURVE_S1.);
#11942 = LINE('',#11943,#11944);
#11943 = CARTESIAN_POINT('',(0.76,0.75,0.2));
#11944 = VECTOR('',#11945,1.);
#11945 = DIRECTION('',(-0.,-0.,-1.));
#11946 = PCURVE('',#1239,#11947);
#11947 = DEFINITIONAL_REPRESENTATION('',(#11948),#11952);
#11948 = LINE('',#11949,#11950);
#11949 = CARTESIAN_POINT('',(0.,-0.25));
#11950 = VECTOR('',#11951,1.);
#11951 = DIRECTION('',(-1.,0.));
#11952 = ( GEOMETRIC_REPRESENTATION_CONTEXT(2) 
PARAMETRIC_REPRESENTATION_CONTEXT() REPRESENTATION_CONTEXT('2D SPACE',''
  ) );
#11953 = PCURVE('',#333,#11954);
#11954 = DEFINITIONAL_REPRESENTATION('',(#11955),#11959);
#11955 = LINE('',#11956,#11957);
#11956 = CARTESIAN_POINT('',(1.570796326795,0.));
#11957 = VECTOR('',#11958,1.);
#11958 = DIRECTION('',(0.,1.));
#11959 = ( GEOMETRIC_REPRESENTATION_CONTEXT(2) 
PARAMETRIC_REPRESENTATION_CONTEXT() REPRESENTATION_CONTEXT('2D SPACE',''
  ) );
#11960 = ORIENTED_EDGE('',*,*,#1223,.T.);
#11961 = ORIENTED_EDGE('',*,*,#5459,.F.);
#11962 = ORIENTED_EDGE('',*,*,#11843,.T.);
#11963 = ORIENTED_EDGE('',*,*,#11892,.T.);
#11964 = ORIENTED_EDGE('',*,*,#11965,.F.);
#11965 = EDGE_CURVE('',#11939,#11868,#11966,.T.);
#11966 = SURFACE_CURVE('',#11967,(#11971,#11978),.PCURVE_S1.);
#11967 = LINE('',#11968,#11969);
#11968 = CARTESIAN_POINT('',(1.01,0.75,0.));
#11969 = VECTOR('',#11970,1.);
#11970 = DIRECTION('',(1.,-0.,-0.));
#11971 = PCURVE('',#1239,#11972);
#11972 = DEFINITIONAL_REPRESENTATION('',(#11973),#11977);
#11973 = LINE('',#11974,#11975);
#11974 = CARTESIAN_POINT('',(-0.2,0.));
#11975 = VECTOR('',#11976,1.);
#11976 = DIRECTION('',(0.,1.));
#11977 = ( GEOMETRIC_REPRESENTATION_CONTEXT(2) 
PARAMETRIC_REPRESENTATION_CONTEXT() REPRESENTATION_CONTEXT('2D SPACE',''
  ) );
#11978 = PCURVE('',#362,#11979);
#11979 = DEFINITIONAL_REPRESENTATION('',(#11980),#11984);
#11980 = LINE('',#11981,#11982);
#11981 = CARTESIAN_POINT('',(-0.25,-0.1));
#11982 = VECTOR('',#11983,1.);
#11983 = DIRECTION('',(-1.,0.));
#11984 = ( GEOMETRIC_REPRESENTATION_CONTEXT(2) 
PARAMETRIC_REPRESENTATION_CONTEXT() REPRESENTATION_CONTEXT('2D SPACE',''
  ) );
#11985 = ADVANCED_FACE('',(#11986),#333,.T.);
#11986 = FACE_BOUND('',#11987,.T.);
#11987 = EDGE_LOOP('',(#11988,#11989,#11990,#11991));
#11988 = ORIENTED_EDGE('',*,*,#317,.F.);
#11989 = ORIENTED_EDGE('',*,*,#1251,.T.);
#11990 = ORIENTED_EDGE('',*,*,#11938,.T.);
#11991 = ORIENTED_EDGE('',*,*,#11992,.F.);
#11992 = EDGE_CURVE('',#318,#11939,#11993,.T.);
#11993 = SURFACE_CURVE('',#11994,(#11999,#12006),.PCURVE_S1.);
#11994 = CIRCLE('',#11995,0.1);
#11995 = AXIS2_PLACEMENT_3D('',#11996,#11997,#11998);
#11996 = CARTESIAN_POINT('',(0.76,0.65,0.));
#11997 = DIRECTION('',(-0.,0.,-1.));
#11998 = DIRECTION('',(-1.,0.,0.));
#11999 = PCURVE('',#333,#12000);
#12000 = DEFINITIONAL_REPRESENTATION('',(#12001),#12005);
#12001 = LINE('',#12002,#12003);
#12002 = CARTESIAN_POINT('',(0.,0.2));
#12003 = VECTOR('',#12004,1.);
#12004 = DIRECTION('',(1.,0.));
#12005 = ( GEOMETRIC_REPRESENTATION_CONTEXT(2) 
PARAMETRIC_REPRESENTATION_CONTEXT() REPRESENTATION_CONTEXT('2D SPACE',''
  ) );
#12006 = PCURVE('',#362,#12007);
#12007 = DEFINITIONAL_REPRESENTATION('',(#12008),#12016);
#12008 = ( BOUNDED_CURVE() B_SPLINE_CURVE(2,(#12009,#12010,#12011,#12012
    ,#12013,#12014,#12015),.UNSPECIFIED.,.T.,.F.) 
B_SPLINE_CURVE_WITH_KNOTS((1,2,2,2,2,1),(-2.094395102393,0.,
    2.094395102393,4.188790204786,6.28318530718,8.377580409573),
.UNSPECIFIED.) CURVE() GEOMETRIC_REPRESENTATION_ITEM() 
RATIONAL_B_SPLINE_CURVE((1.,0.5,1.,0.5,1.,0.5,1.)) REPRESENTATION_ITEM(
  '') );
#12009 = CARTESIAN_POINT('',(0.1,0.));
#12010 = CARTESIAN_POINT('',(0.1,-0.173205080757));
#12011 = CARTESIAN_POINT('',(-5.E-02,-8.660254037844E-02));
#12012 = CARTESIAN_POINT('',(-0.2,-2.449293598295E-17));
#12013 = CARTESIAN_POINT('',(-5.E-02,8.660254037844E-02));
#12014 = CARTESIAN_POINT('',(1.E-01,0.173205080757));
#12015 = CARTESIAN_POINT('',(0.1,0.));
#12016 = ( GEOMETRIC_REPRESENTATION_CONTEXT(2) 
PARAMETRIC_REPRESENTATION_CONTEXT() REPRESENTATION_CONTEXT('2D SPACE',''
  ) );
#12017 = ADVANCED_FACE('',(#12018),#392,.T.);
#12018 = FACE_BOUND('',#12019,.T.);
#12019 = EDGE_LOOP('',(#12020,#12021,#12022,#12023,#12044,#12045));
#12020 = ORIENTED_EDGE('',*,*,#5408,.F.);
#12021 = ORIENTED_EDGE('',*,*,#1274,.T.);
#12022 = ORIENTED_EDGE('',*,*,#378,.T.);
#12023 = ORIENTED_EDGE('',*,*,#12024,.F.);
#12024 = EDGE_CURVE('',#11870,#346,#12025,.T.);
#12025 = SURFACE_CURVE('',#12026,(#12030,#12037),.PCURVE_S1.);
#12026 = LINE('',#12027,#12028);
#12027 = CARTESIAN_POINT('',(1.01,0.55,0.));
#12028 = VECTOR('',#12029,1.);
#12029 = DIRECTION('',(-1.,0.,0.));
#12030 = PCURVE('',#392,#12031);
#12031 = DEFINITIONAL_REPRESENTATION('',(#12032),#12036);
#12032 = LINE('',#12033,#12034);
#12033 = CARTESIAN_POINT('',(0.2,0.));
#12034 = VECTOR('',#12035,1.);
#12035 = DIRECTION('',(-0.,-1.));
#12036 = ( GEOMETRIC_REPRESENTATION_CONTEXT(2) 
PARAMETRIC_REPRESENTATION_CONTEXT() REPRESENTATION_CONTEXT('2D SPACE',''
  ) );
#12037 = PCURVE('',#362,#12038);
#12038 = DEFINITIONAL_REPRESENTATION('',(#12039),#12043);
#12039 = LINE('',#12040,#12041);
#12040 = CARTESIAN_POINT('',(-0.25,1.E-01));
#12041 = VECTOR('',#12042,1.);
#12042 = DIRECTION('',(1.,0.));
#12043 = ( GEOMETRIC_REPRESENTATION_CONTEXT(2) 
PARAMETRIC_REPRESENTATION_CONTEXT() REPRESENTATION_CONTEXT('2D SPACE',''
  ) );
#12044 = ORIENTED_EDGE('',*,*,#11914,.F.);
#12045 = ORIENTED_EDGE('',*,*,#11792,.T.);
#12046 = ADVANCED_FACE('',(#12047),#362,.F.);
#12047 = FACE_BOUND('',#12048,.T.);
#12048 = EDGE_LOOP('',(#12049,#12050,#12051,#12052,#12053));
#12049 = ORIENTED_EDGE('',*,*,#11867,.T.);
#12050 = ORIENTED_EDGE('',*,*,#12024,.T.);
#12051 = ORIENTED_EDGE('',*,*,#345,.T.);
#12052 = ORIENTED_EDGE('',*,*,#11992,.T.);
#12053 = ORIENTED_EDGE('',*,*,#11965,.T.);
#12054 = ADVANCED_FACE('',(#12055),#5374,.T.);
#12055 = FACE_BOUND('',#12056,.T.);
#12056 = EDGE_LOOP('',(#12057,#12058,#12081,#12109));
#12057 = ORIENTED_EDGE('',*,*,#5358,.F.);
#12058 = ORIENTED_EDGE('',*,*,#12059,.F.);
#12059 = EDGE_CURVE('',#12060,#5336,#12062,.T.);
#12060 = VERTEX_POINT('',#12061);
#12061 = CARTESIAN_POINT('',(1.01,-1.E-01,0.2));
#12062 = SURFACE_CURVE('',#12063,(#12067,#12074),.PCURVE_S1.);
#12063 = LINE('',#12064,#12065);
#12064 = CARTESIAN_POINT('',(1.01,-1.E-01,0.2));
#12065 = VECTOR('',#12066,1.);
#12066 = DIRECTION('',(-1.,0.,0.));
#12067 = PCURVE('',#5374,#12068);
#12068 = DEFINITIONAL_REPRESENTATION('',(#12069),#12073);
#12069 = LINE('',#12070,#12071);
#12070 = CARTESIAN_POINT('',(-0.25,0.1));
#12071 = VECTOR('',#12072,1.);
#12072 = DIRECTION('',(1.,0.));
#12073 = ( GEOMETRIC_REPRESENTATION_CONTEXT(2) 
PARAMETRIC_REPRESENTATION_CONTEXT() REPRESENTATION_CONTEXT('2D SPACE',''
  ) );
#12074 = PCURVE('',#271,#12075);
#12075 = DEFINITIONAL_REPRESENTATION('',(#12076),#12080);
#12076 = LINE('',#12077,#12078);
#12077 = CARTESIAN_POINT('',(0.,0.));
#12078 = VECTOR('',#12079,1.);
#12079 = DIRECTION('',(-0.,-1.));
#12080 = ( GEOMETRIC_REPRESENTATION_CONTEXT(2) 
PARAMETRIC_REPRESENTATION_CONTEXT() REPRESENTATION_CONTEXT('2D SPACE',''
  ) );
#12081 = ORIENTED_EDGE('',*,*,#12082,.F.);
#12082 = EDGE_CURVE('',#12083,#12060,#12085,.T.);
#12083 = VERTEX_POINT('',#12084);
#12084 = CARTESIAN_POINT('',(1.01,0.1,0.2));
#12085 = SURFACE_CURVE('',#12086,(#12090,#12097),.PCURVE_S1.);
#12086 = LINE('',#12087,#12088);
#12087 = CARTESIAN_POINT('',(1.01,0.1,0.2));
#12088 = VECTOR('',#12089,1.);
#12089 = DIRECTION('',(0.,-1.,0.));
#12090 = PCURVE('',#5374,#12091);
#12091 = DEFINITIONAL_REPRESENTATION('',(#12092),#12096);
#12092 = LINE('',#12093,#12094);
#12093 = CARTESIAN_POINT('',(-0.25,-0.1));
#12094 = VECTOR('',#12095,1.);
#12095 = DIRECTION('',(0.,1.));
#12096 = ( GEOMETRIC_REPRESENTATION_CONTEXT(2) 
PARAMETRIC_REPRESENTATION_CONTEXT() REPRESENTATION_CONTEXT('2D SPACE',''
  ) );
#12097 = PCURVE('',#12098,#12103);
#12098 = PLANE('',#12099);
#12099 = AXIS2_PLACEMENT_3D('',#12100,#12101,#12102);
#12100 = CARTESIAN_POINT('',(1.01,0.1,0.2));
#12101 = DIRECTION('',(1.,0.,-0.));
#12102 = DIRECTION('',(-0.,0.,-1.));
#12103 = DEFINITIONAL_REPRESENTATION('',(#12104),#12108);
#12104 = LINE('',#12105,#12106);
#12105 = CARTESIAN_POINT('',(0.,0.));
#12106 = VECTOR('',#12107,1.);
#12107 = DIRECTION('',(-0.,-1.));
#12108 = ( GEOMETRIC_REPRESENTATION_CONTEXT(2) 
PARAMETRIC_REPRESENTATION_CONTEXT() REPRESENTATION_CONTEXT('2D SPACE',''
  ) );
#12109 = ORIENTED_EDGE('',*,*,#12110,.F.);
#12110 = EDGE_CURVE('',#5359,#12083,#12111,.T.);
#12111 = SURFACE_CURVE('',#12112,(#12116,#12123),.PCURVE_S1.);
#12112 = LINE('',#12113,#12114);
#12113 = CARTESIAN_POINT('',(1.01,0.1,0.2));
#12114 = VECTOR('',#12115,1.);
#12115 = DIRECTION('',(1.,-0.,-0.));
#12116 = PCURVE('',#5374,#12117);
#12117 = DEFINITIONAL_REPRESENTATION('',(#12118),#12122);
#12118 = LINE('',#12119,#12120);
#12119 = CARTESIAN_POINT('',(-0.25,-0.1));
#12120 = VECTOR('',#12121,1.);
#12121 = DIRECTION('',(-1.,0.));
#12122 = ( GEOMETRIC_REPRESENTATION_CONTEXT(2) 
PARAMETRIC_REPRESENTATION_CONTEXT() REPRESENTATION_CONTEXT('2D SPACE',''
  ) );
#12123 = PCURVE('',#1336,#12124);
#12124 = DEFINITIONAL_REPRESENTATION('',(#12125),#12129);
#12125 = LINE('',#12126,#12127);
#12126 = CARTESIAN_POINT('',(0.,0.));
#12127 = VECTOR('',#12128,1.);
#12128 = DIRECTION('',(0.,1.));
#12129 = ( GEOMETRIC_REPRESENTATION_CONTEXT(2) 
PARAMETRIC_REPRESENTATION_CONTEXT() REPRESENTATION_CONTEXT('2D SPACE',''
  ) );
#12130 = ADVANCED_FACE('',(#12131),#12098,.T.);
#12131 = FACE_BOUND('',#12132,.T.);
#12132 = EDGE_LOOP('',(#12133,#12158,#12179,#12180));
#12133 = ORIENTED_EDGE('',*,*,#12134,.F.);
#12134 = EDGE_CURVE('',#12135,#12137,#12139,.T.);
#12135 = VERTEX_POINT('',#12136);
#12136 = CARTESIAN_POINT('',(1.01,0.1,0.));
#12137 = VERTEX_POINT('',#12138);
#12138 = CARTESIAN_POINT('',(1.01,-1.E-01,0.));
#12139 = SURFACE_CURVE('',#12140,(#12144,#12151),.PCURVE_S1.);
#12140 = LINE('',#12141,#12142);
#12141 = CARTESIAN_POINT('',(1.01,0.1,0.));
#12142 = VECTOR('',#12143,1.);
#12143 = DIRECTION('',(0.,-1.,0.));
#12144 = PCURVE('',#12098,#12145);
#12145 = DEFINITIONAL_REPRESENTATION('',(#12146),#12150);
#12146 = LINE('',#12147,#12148);
#12147 = CARTESIAN_POINT('',(0.2,0.));
#12148 = VECTOR('',#12149,1.);
#12149 = DIRECTION('',(-0.,-1.));
#12150 = ( GEOMETRIC_REPRESENTATION_CONTEXT(2) 
PARAMETRIC_REPRESENTATION_CONTEXT() REPRESENTATION_CONTEXT('2D SPACE',''
  ) );
#12151 = PCURVE('',#241,#12152);
#12152 = DEFINITIONAL_REPRESENTATION('',(#12153),#12157);
#12153 = LINE('',#12154,#12155);
#12154 = CARTESIAN_POINT('',(-0.25,-0.1));
#12155 = VECTOR('',#12156,1.);
#12156 = DIRECTION('',(0.,1.));
#12157 = ( GEOMETRIC_REPRESENTATION_CONTEXT(2) 
PARAMETRIC_REPRESENTATION_CONTEXT() REPRESENTATION_CONTEXT('2D SPACE',''
  ) );
#12158 = ORIENTED_EDGE('',*,*,#12159,.F.);
#12159 = EDGE_CURVE('',#12083,#12135,#12160,.T.);
#12160 = SURFACE_CURVE('',#12161,(#12165,#12172),.PCURVE_S1.);
#12161 = LINE('',#12162,#12163);
#12162 = CARTESIAN_POINT('',(1.01,0.1,0.2));
#12163 = VECTOR('',#12164,1.);
#12164 = DIRECTION('',(-0.,-0.,-1.));
#12165 = PCURVE('',#12098,#12166);
#12166 = DEFINITIONAL_REPRESENTATION('',(#12167),#12171);
#12167 = LINE('',#12168,#12169);
#12168 = CARTESIAN_POINT('',(0.,0.));
#12169 = VECTOR('',#12170,1.);
#12170 = DIRECTION('',(1.,-0.));
#12171 = ( GEOMETRIC_REPRESENTATION_CONTEXT(2) 
PARAMETRIC_REPRESENTATION_CONTEXT() REPRESENTATION_CONTEXT('2D SPACE',''
  ) );
#12172 = PCURVE('',#1336,#12173);
#12173 = DEFINITIONAL_REPRESENTATION('',(#12174),#12178);
#12174 = LINE('',#12175,#12176);
#12175 = CARTESIAN_POINT('',(0.,0.));
#12176 = VECTOR('',#12177,1.);
#12177 = DIRECTION('',(-1.,0.));
#12178 = ( GEOMETRIC_REPRESENTATION_CONTEXT(2) 
PARAMETRIC_REPRESENTATION_CONTEXT() REPRESENTATION_CONTEXT('2D SPACE',''
  ) );
#12179 = ORIENTED_EDGE('',*,*,#12082,.T.);
#12180 = ORIENTED_EDGE('',*,*,#12181,.T.);
#12181 = EDGE_CURVE('',#12060,#12137,#12182,.T.);
#12182 = SURFACE_CURVE('',#12183,(#12187,#12194),.PCURVE_S1.);
#12183 = LINE('',#12184,#12185);
#12184 = CARTESIAN_POINT('',(1.01,-1.E-01,0.2));
#12185 = VECTOR('',#12186,1.);
#12186 = DIRECTION('',(-0.,-0.,-1.));
#12187 = PCURVE('',#12098,#12188);
#12188 = DEFINITIONAL_REPRESENTATION('',(#12189),#12193);
#12189 = LINE('',#12190,#12191);
#12190 = CARTESIAN_POINT('',(-0.,-0.2));
#12191 = VECTOR('',#12192,1.);
#12192 = DIRECTION('',(1.,-0.));
#12193 = ( GEOMETRIC_REPRESENTATION_CONTEXT(2) 
PARAMETRIC_REPRESENTATION_CONTEXT() REPRESENTATION_CONTEXT('2D SPACE',''
  ) );
#12194 = PCURVE('',#271,#12195);
#12195 = DEFINITIONAL_REPRESENTATION('',(#12196),#12200);
#12196 = LINE('',#12197,#12198);
#12197 = CARTESIAN_POINT('',(0.,0.));
#12198 = VECTOR('',#12199,1.);
#12199 = DIRECTION('',(1.,0.));
#12200 = ( GEOMETRIC_REPRESENTATION_CONTEXT(2) 
PARAMETRIC_REPRESENTATION_CONTEXT() REPRESENTATION_CONTEXT('2D SPACE',''
  ) );
#12201 = ADVANCED_FACE('',(#12202),#1336,.T.);
#12202 = FACE_BOUND('',#12203,.T.);
#12203 = EDGE_LOOP('',(#12204,#12227,#12228,#12229,#12230,#12231));
#12204 = ORIENTED_EDGE('',*,*,#12205,.F.);
#12205 = EDGE_CURVE('',#1321,#12206,#12208,.T.);
#12206 = VERTEX_POINT('',#12207);
#12207 = CARTESIAN_POINT('',(0.76,0.1,0.));
#12208 = SURFACE_CURVE('',#12209,(#12213,#12220),.PCURVE_S1.);
#12209 = LINE('',#12210,#12211);
#12210 = CARTESIAN_POINT('',(0.76,0.1,0.2));
#12211 = VECTOR('',#12212,1.);
#12212 = DIRECTION('',(-0.,-0.,-1.));
#12213 = PCURVE('',#1336,#12214);
#12214 = DEFINITIONAL_REPRESENTATION('',(#12215),#12219);
#12215 = LINE('',#12216,#12217);
#12216 = CARTESIAN_POINT('',(0.,-0.25));
#12217 = VECTOR('',#12218,1.);
#12218 = DIRECTION('',(-1.,0.));
#12219 = ( GEOMETRIC_REPRESENTATION_CONTEXT(2) 
PARAMETRIC_REPRESENTATION_CONTEXT() REPRESENTATION_CONTEXT('2D SPACE',''
  ) );
#12220 = PCURVE('',#212,#12221);
#12221 = DEFINITIONAL_REPRESENTATION('',(#12222),#12226);
#12222 = LINE('',#12223,#12224);
#12223 = CARTESIAN_POINT('',(1.570796326795,0.));
#12224 = VECTOR('',#12225,1.);
#12225 = DIRECTION('',(0.,1.));
#12226 = ( GEOMETRIC_REPRESENTATION_CONTEXT(2) 
PARAMETRIC_REPRESENTATION_CONTEXT() REPRESENTATION_CONTEXT('2D SPACE',''
  ) );
#12227 = ORIENTED_EDGE('',*,*,#1320,.T.);
#12228 = ORIENTED_EDGE('',*,*,#5386,.F.);
#12229 = ORIENTED_EDGE('',*,*,#12110,.T.);
#12230 = ORIENTED_EDGE('',*,*,#12159,.T.);
#12231 = ORIENTED_EDGE('',*,*,#12232,.F.);
#12232 = EDGE_CURVE('',#12206,#12135,#12233,.T.);
#12233 = SURFACE_CURVE('',#12234,(#12238,#12245),.PCURVE_S1.);
#12234 = LINE('',#12235,#12236);
#12235 = CARTESIAN_POINT('',(1.01,0.1,0.));
#12236 = VECTOR('',#12237,1.);
#12237 = DIRECTION('',(1.,-0.,-0.));
#12238 = PCURVE('',#1336,#12239);
#12239 = DEFINITIONAL_REPRESENTATION('',(#12240),#12244);
#12240 = LINE('',#12241,#12242);
#12241 = CARTESIAN_POINT('',(-0.2,0.));
#12242 = VECTOR('',#12243,1.);
#12243 = DIRECTION('',(0.,1.));
#12244 = ( GEOMETRIC_REPRESENTATION_CONTEXT(2) 
PARAMETRIC_REPRESENTATION_CONTEXT() REPRESENTATION_CONTEXT('2D SPACE',''
  ) );
#12245 = PCURVE('',#241,#12246);
#12246 = DEFINITIONAL_REPRESENTATION('',(#12247),#12251);
#12247 = LINE('',#12248,#12249);
#12248 = CARTESIAN_POINT('',(-0.25,-0.1));
#12249 = VECTOR('',#12250,1.);
#12250 = DIRECTION('',(-1.,0.));
#12251 = ( GEOMETRIC_REPRESENTATION_CONTEXT(2) 
PARAMETRIC_REPRESENTATION_CONTEXT() REPRESENTATION_CONTEXT('2D SPACE',''
  ) );
#12252 = ADVANCED_FACE('',(#12253),#212,.T.);
#12253 = FACE_BOUND('',#12254,.T.);
#12254 = EDGE_LOOP('',(#12255,#12256,#12257,#12258));
#12255 = ORIENTED_EDGE('',*,*,#196,.F.);
#12256 = ORIENTED_EDGE('',*,*,#1348,.T.);
#12257 = ORIENTED_EDGE('',*,*,#12205,.T.);
#12258 = ORIENTED_EDGE('',*,*,#12259,.F.);
#12259 = EDGE_CURVE('',#197,#12206,#12260,.T.);
#12260 = SURFACE_CURVE('',#12261,(#12266,#12273),.PCURVE_S1.);
#12261 = CIRCLE('',#12262,0.1);
#12262 = AXIS2_PLACEMENT_3D('',#12263,#12264,#12265);
#12263 = CARTESIAN_POINT('',(0.76,4.336808689942E-16,0.));
#12264 = DIRECTION('',(-0.,0.,-1.));
#12265 = DIRECTION('',(-1.,0.,0.));
#12266 = PCURVE('',#212,#12267);
#12267 = DEFINITIONAL_REPRESENTATION('',(#12268),#12272);
#12268 = LINE('',#12269,#12270);
#12269 = CARTESIAN_POINT('',(0.,0.2));
#12270 = VECTOR('',#12271,1.);
#12271 = DIRECTION('',(1.,0.));
#12272 = ( GEOMETRIC_REPRESENTATION_CONTEXT(2) 
PARAMETRIC_REPRESENTATION_CONTEXT() REPRESENTATION_CONTEXT('2D SPACE',''
  ) );
#12273 = PCURVE('',#241,#12274);
#12274 = DEFINITIONAL_REPRESENTATION('',(#12275),#12283);
#12275 = ( BOUNDED_CURVE() B_SPLINE_CURVE(2,(#12276,#12277,#12278,#12279
    ,#12280,#12281,#12282),.UNSPECIFIED.,.T.,.F.) 
B_SPLINE_CURVE_WITH_KNOTS((1,2,2,2,2,1),(-2.094395102393,0.,
    2.094395102393,4.188790204786,6.28318530718,8.377580409573),
.UNSPECIFIED.) CURVE() GEOMETRIC_REPRESENTATION_ITEM() 
RATIONAL_B_SPLINE_CURVE((1.,0.5,1.,0.5,1.,0.5,1.)) REPRESENTATION_ITEM(
  '') );
#12276 = CARTESIAN_POINT('',(0.1,0.));
#12277 = CARTESIAN_POINT('',(0.1,-0.173205080757));
#12278 = CARTESIAN_POINT('',(-5.E-02,-8.660254037844E-02));
#12279 = CARTESIAN_POINT('',(-0.2,-2.449293598295E-17));
#12280 = CARTESIAN_POINT('',(-5.E-02,8.660254037844E-02));
#12281 = CARTESIAN_POINT('',(1.E-01,0.173205080757));
#12282 = CARTESIAN_POINT('',(0.1,0.));
#12283 = ( GEOMETRIC_REPRESENTATION_CONTEXT(2) 
PARAMETRIC_REPRESENTATION_CONTEXT() REPRESENTATION_CONTEXT('2D SPACE',''
  ) );
#12284 = ADVANCED_FACE('',(#12285),#271,.T.);
#12285 = FACE_BOUND('',#12286,.T.);
#12286 = EDGE_LOOP('',(#12287,#12288,#12289,#12290,#12311,#12312));
#12287 = ORIENTED_EDGE('',*,*,#5335,.F.);
#12288 = ORIENTED_EDGE('',*,*,#1371,.T.);
#12289 = ORIENTED_EDGE('',*,*,#257,.T.);
#12290 = ORIENTED_EDGE('',*,*,#12291,.F.);
#12291 = EDGE_CURVE('',#12137,#225,#12292,.T.);
#12292 = SURFACE_CURVE('',#12293,(#12297,#12304),.PCURVE_S1.);
#12293 = LINE('',#12294,#12295);
#12294 = CARTESIAN_POINT('',(1.01,-1.E-01,0.));
#12295 = VECTOR('',#12296,1.);
#12296 = DIRECTION('',(-1.,0.,0.));
#12297 = PCURVE('',#271,#12298);
#12298 = DEFINITIONAL_REPRESENTATION('',(#12299),#12303);
#12299 = LINE('',#12300,#12301);
#12300 = CARTESIAN_POINT('',(0.2,0.));
#12301 = VECTOR('',#12302,1.);
#12302 = DIRECTION('',(-0.,-1.));
#12303 = ( GEOMETRIC_REPRESENTATION_CONTEXT(2) 
PARAMETRIC_REPRESENTATION_CONTEXT() REPRESENTATION_CONTEXT('2D SPACE',''
  ) );
#12304 = PCURVE('',#241,#12305);
#12305 = DEFINITIONAL_REPRESENTATION('',(#12306),#12310);
#12306 = LINE('',#12307,#12308);
#12307 = CARTESIAN_POINT('',(-0.25,0.1));
#12308 = VECTOR('',#12309,1.);
#12309 = DIRECTION('',(1.,0.));
#12310 = ( GEOMETRIC_REPRESENTATION_CONTEXT(2) 
PARAMETRIC_REPRESENTATION_CONTEXT() REPRESENTATION_CONTEXT('2D SPACE',''
  ) );
#12311 = ORIENTED_EDGE('',*,*,#12181,.F.);
#12312 = ORIENTED_EDGE('',*,*,#12059,.T.);
#12313 = ADVANCED_FACE('',(#12314),#241,.F.);
#12314 = FACE_BOUND('',#12315,.T.);
#12315 = EDGE_LOOP('',(#12316,#12317,#12318,#12319,#12320));
#12316 = ORIENTED_EDGE('',*,*,#12134,.T.);
#12317 = ORIENTED_EDGE('',*,*,#12291,.T.);
#12318 = ORIENTED_EDGE('',*,*,#224,.T.);
#12319 = ORIENTED_EDGE('',*,*,#12259,.T.);
#12320 = ORIENTED_EDGE('',*,*,#12232,.T.);
#12321 = ADVANCED_FACE('',(#12322),#5301,.T.);
#12322 = FACE_BOUND('',#12323,.T.);
#12323 = EDGE_LOOP('',(#12324,#12325,#12348,#12376));
#12324 = ORIENTED_EDGE('',*,*,#5283,.F.);
#12325 = ORIENTED_EDGE('',*,*,#12326,.F.);
#12326 = EDGE_CURVE('',#12327,#5284,#12329,.T.);
#12327 = VERTEX_POINT('',#12328);
#12328 = CARTESIAN_POINT('',(1.01,-0.75,0.2));
#12329 = SURFACE_CURVE('',#12330,(#12334,#12341),.PCURVE_S1.);
#12330 = LINE('',#12331,#12332);
#12331 = CARTESIAN_POINT('',(1.01,-0.75,0.2));
#12332 = VECTOR('',#12333,1.);
#12333 = DIRECTION('',(-1.,0.,0.));
#12334 = PCURVE('',#5301,#12335);
#12335 = DEFINITIONAL_REPRESENTATION('',(#12336),#12340);
#12336 = LINE('',#12337,#12338);
#12337 = CARTESIAN_POINT('',(-0.25,1.E-01));
#12338 = VECTOR('',#12339,1.);
#12339 = DIRECTION('',(1.,0.));
#12340 = ( GEOMETRIC_REPRESENTATION_CONTEXT(2) 
PARAMETRIC_REPRESENTATION_CONTEXT() REPRESENTATION_CONTEXT('2D SPACE',''
  ) );
#12341 = PCURVE('',#150,#12342);
#12342 = DEFINITIONAL_REPRESENTATION('',(#12343),#12347);
#12343 = LINE('',#12344,#12345);
#12344 = CARTESIAN_POINT('',(0.,0.));
#12345 = VECTOR('',#12346,1.);
#12346 = DIRECTION('',(-0.,-1.));
#12347 = ( GEOMETRIC_REPRESENTATION_CONTEXT(2) 
PARAMETRIC_REPRESENTATION_CONTEXT() REPRESENTATION_CONTEXT('2D SPACE',''
  ) );
#12348 = ORIENTED_EDGE('',*,*,#12349,.F.);
#12349 = EDGE_CURVE('',#12350,#12327,#12352,.T.);
#12350 = VERTEX_POINT('',#12351);
#12351 = CARTESIAN_POINT('',(1.01,-0.55,0.2));
#12352 = SURFACE_CURVE('',#12353,(#12357,#12364),.PCURVE_S1.);
#12353 = LINE('',#12354,#12355);
#12354 = CARTESIAN_POINT('',(1.01,-0.55,0.2));
#12355 = VECTOR('',#12356,1.);
#12356 = DIRECTION('',(0.,-1.,0.));
#12357 = PCURVE('',#5301,#12358);
#12358 = DEFINITIONAL_REPRESENTATION('',(#12359),#12363);
#12359 = LINE('',#12360,#12361);
#12360 = CARTESIAN_POINT('',(-0.25,-0.1));
#12361 = VECTOR('',#12362,1.);
#12362 = DIRECTION('',(0.,1.));
#12363 = ( GEOMETRIC_REPRESENTATION_CONTEXT(2) 
PARAMETRIC_REPRESENTATION_CONTEXT() REPRESENTATION_CONTEXT('2D SPACE',''
  ) );
#12364 = PCURVE('',#12365,#12370);
#12365 = PLANE('',#12366);
#12366 = AXIS2_PLACEMENT_3D('',#12367,#12368,#12369);
#12367 = CARTESIAN_POINT('',(1.01,-0.55,0.2));
#12368 = DIRECTION('',(1.,0.,-0.));
#12369 = DIRECTION('',(-0.,0.,-1.));
#12370 = DEFINITIONAL_REPRESENTATION('',(#12371),#12375);
#12371 = LINE('',#12372,#12373);
#12372 = CARTESIAN_POINT('',(0.,0.));
#12373 = VECTOR('',#12374,1.);
#12374 = DIRECTION('',(-0.,-1.));
#12375 = ( GEOMETRIC_REPRESENTATION_CONTEXT(2) 
PARAMETRIC_REPRESENTATION_CONTEXT() REPRESENTATION_CONTEXT('2D SPACE',''
  ) );
#12376 = ORIENTED_EDGE('',*,*,#12377,.F.);
#12377 = EDGE_CURVE('',#5286,#12350,#12378,.T.);
#12378 = SURFACE_CURVE('',#12379,(#12383,#12390),.PCURVE_S1.);
#12379 = LINE('',#12380,#12381);
#12380 = CARTESIAN_POINT('',(1.01,-0.55,0.2));
#12381 = VECTOR('',#12382,1.);
#12382 = DIRECTION('',(1.,-0.,-0.));
#12383 = PCURVE('',#5301,#12384);
#12384 = DEFINITIONAL_REPRESENTATION('',(#12385),#12389);
#12385 = LINE('',#12386,#12387);
#12386 = CARTESIAN_POINT('',(-0.25,-0.1));
#12387 = VECTOR('',#12388,1.);
#12388 = DIRECTION('',(-1.,0.));
#12389 = ( GEOMETRIC_REPRESENTATION_CONTEXT(2) 
PARAMETRIC_REPRESENTATION_CONTEXT() REPRESENTATION_CONTEXT('2D SPACE',''
  ) );
#12390 = PCURVE('',#694,#12391);
#12391 = DEFINITIONAL_REPRESENTATION('',(#12392),#12396);
#12392 = LINE('',#12393,#12394);
#12393 = CARTESIAN_POINT('',(0.,0.));
#12394 = VECTOR('',#12395,1.);
#12395 = DIRECTION('',(0.,1.));
#12396 = ( GEOMETRIC_REPRESENTATION_CONTEXT(2) 
PARAMETRIC_REPRESENTATION_CONTEXT() REPRESENTATION_CONTEXT('2D SPACE',''
  ) );
#12397 = ADVANCED_FACE('',(#12398),#12365,.T.);
#12398 = FACE_BOUND('',#12399,.T.);
#12399 = EDGE_LOOP('',(#12400,#12425,#12446,#12447));
#12400 = ORIENTED_EDGE('',*,*,#12401,.F.);
#12401 = EDGE_CURVE('',#12402,#12404,#12406,.T.);
#12402 = VERTEX_POINT('',#12403);
#12403 = CARTESIAN_POINT('',(1.01,-0.55,0.));
#12404 = VERTEX_POINT('',#12405);
#12405 = CARTESIAN_POINT('',(1.01,-0.75,0.));
#12406 = SURFACE_CURVE('',#12407,(#12411,#12418),.PCURVE_S1.);
#12407 = LINE('',#12408,#12409);
#12408 = CARTESIAN_POINT('',(1.01,-0.55,0.));
#12409 = VECTOR('',#12410,1.);
#12410 = DIRECTION('',(0.,-1.,0.));
#12411 = PCURVE('',#12365,#12412);
#12412 = DEFINITIONAL_REPRESENTATION('',(#12413),#12417);
#12413 = LINE('',#12414,#12415);
#12414 = CARTESIAN_POINT('',(0.2,0.));
#12415 = VECTOR('',#12416,1.);
#12416 = DIRECTION('',(-0.,-1.));
#12417 = ( GEOMETRIC_REPRESENTATION_CONTEXT(2) 
PARAMETRIC_REPRESENTATION_CONTEXT() REPRESENTATION_CONTEXT('2D SPACE',''
  ) );
#12418 = PCURVE('',#120,#12419);
#12419 = DEFINITIONAL_REPRESENTATION('',(#12420),#12424);
#12420 = LINE('',#12421,#12422);
#12421 = CARTESIAN_POINT('',(-0.25,-0.1));
#12422 = VECTOR('',#12423,1.);
#12423 = DIRECTION('',(0.,1.));
#12424 = ( GEOMETRIC_REPRESENTATION_CONTEXT(2) 
PARAMETRIC_REPRESENTATION_CONTEXT() REPRESENTATION_CONTEXT('2D SPACE',''
  ) );
#12425 = ORIENTED_EDGE('',*,*,#12426,.F.);
#12426 = EDGE_CURVE('',#12350,#12402,#12427,.T.);
#12427 = SURFACE_CURVE('',#12428,(#12432,#12439),.PCURVE_S1.);
#12428 = LINE('',#12429,#12430);
#12429 = CARTESIAN_POINT('',(1.01,-0.55,0.2));
#12430 = VECTOR('',#12431,1.);
#12431 = DIRECTION('',(-0.,-0.,-1.));
#12432 = PCURVE('',#12365,#12433);
#12433 = DEFINITIONAL_REPRESENTATION('',(#12434),#12438);
#12434 = LINE('',#12435,#12436);
#12435 = CARTESIAN_POINT('',(0.,0.));
#12436 = VECTOR('',#12437,1.);
#12437 = DIRECTION('',(1.,-0.));
#12438 = ( GEOMETRIC_REPRESENTATION_CONTEXT(2) 
PARAMETRIC_REPRESENTATION_CONTEXT() REPRESENTATION_CONTEXT('2D SPACE',''
  ) );
#12439 = PCURVE('',#694,#12440);
#12440 = DEFINITIONAL_REPRESENTATION('',(#12441),#12445);
#12441 = LINE('',#12442,#12443);
#12442 = CARTESIAN_POINT('',(0.,0.));
#12443 = VECTOR('',#12444,1.);
#12444 = DIRECTION('',(-1.,0.));
#12445 = ( GEOMETRIC_REPRESENTATION_CONTEXT(2) 
PARAMETRIC_REPRESENTATION_CONTEXT() REPRESENTATION_CONTEXT('2D SPACE',''
  ) );
#12446 = ORIENTED_EDGE('',*,*,#12349,.T.);
#12447 = ORIENTED_EDGE('',*,*,#12448,.T.);
#12448 = EDGE_CURVE('',#12327,#12404,#12449,.T.);
#12449 = SURFACE_CURVE('',#12450,(#12454,#12461),.PCURVE_S1.);
#12450 = LINE('',#12451,#12452);
#12451 = CARTESIAN_POINT('',(1.01,-0.75,0.2));
#12452 = VECTOR('',#12453,1.);
#12453 = DIRECTION('',(-0.,-0.,-1.));
#12454 = PCURVE('',#12365,#12455);
#12455 = DEFINITIONAL_REPRESENTATION('',(#12456),#12460);
#12456 = LINE('',#12457,#12458);
#12457 = CARTESIAN_POINT('',(-0.,-0.2));
#12458 = VECTOR('',#12459,1.);
#12459 = DIRECTION('',(1.,-0.));
#12460 = ( GEOMETRIC_REPRESENTATION_CONTEXT(2) 
PARAMETRIC_REPRESENTATION_CONTEXT() REPRESENTATION_CONTEXT('2D SPACE',''
  ) );
#12461 = PCURVE('',#150,#12462);
#12462 = DEFINITIONAL_REPRESENTATION('',(#12463),#12467);
#12463 = LINE('',#12464,#12465);
#12464 = CARTESIAN_POINT('',(0.,0.));
#12465 = VECTOR('',#12466,1.);
#12466 = DIRECTION('',(1.,0.));
#12467 = ( GEOMETRIC_REPRESENTATION_CONTEXT(2) 
PARAMETRIC_REPRESENTATION_CONTEXT() REPRESENTATION_CONTEXT('2D SPACE',''
  ) );
#12468 = ADVANCED_FACE('',(#12469),#694,.T.);
#12469 = FACE_BOUND('',#12470,.T.);
#12470 = EDGE_LOOP('',(#12471,#12494,#12495,#12496,#12497,#12498));
#12471 = ORIENTED_EDGE('',*,*,#12472,.F.);
#12472 = EDGE_CURVE('',#677,#12473,#12475,.T.);
#12473 = VERTEX_POINT('',#12474);
#12474 = CARTESIAN_POINT('',(0.76,-0.55,0.));
#12475 = SURFACE_CURVE('',#12476,(#12480,#12487),.PCURVE_S1.);
#12476 = LINE('',#12477,#12478);
#12477 = CARTESIAN_POINT('',(0.76,-0.55,0.2));
#12478 = VECTOR('',#12479,1.);
#12479 = DIRECTION('',(-0.,-0.,-1.));
#12480 = PCURVE('',#694,#12481);
#12481 = DEFINITIONAL_REPRESENTATION('',(#12482),#12486);
#12482 = LINE('',#12483,#12484);
#12483 = CARTESIAN_POINT('',(0.,-0.25));
#12484 = VECTOR('',#12485,1.);
#12485 = DIRECTION('',(-1.,0.));
#12486 = ( GEOMETRIC_REPRESENTATION_CONTEXT(2) 
PARAMETRIC_REPRESENTATION_CONTEXT() REPRESENTATION_CONTEXT('2D SPACE',''
  ) );
#12487 = PCURVE('',#91,#12488);
#12488 = DEFINITIONAL_REPRESENTATION('',(#12489),#12493);
#12489 = LINE('',#12490,#12491);
#12490 = CARTESIAN_POINT('',(1.570796326795,0.));
#12491 = VECTOR('',#12492,1.);
#12492 = DIRECTION('',(0.,1.));
#12493 = ( GEOMETRIC_REPRESENTATION_CONTEXT(2) 
PARAMETRIC_REPRESENTATION_CONTEXT() REPRESENTATION_CONTEXT('2D SPACE',''
  ) );
#12494 = ORIENTED_EDGE('',*,*,#676,.T.);
#12495 = ORIENTED_EDGE('',*,*,#5313,.F.);
#12496 = ORIENTED_EDGE('',*,*,#12377,.T.);
#12497 = ORIENTED_EDGE('',*,*,#12426,.T.);
#12498 = ORIENTED_EDGE('',*,*,#12499,.F.);
#12499 = EDGE_CURVE('',#12473,#12402,#12500,.T.);
#12500 = SURFACE_CURVE('',#12501,(#12505,#12512),.PCURVE_S1.);
#12501 = LINE('',#12502,#12503);
#12502 = CARTESIAN_POINT('',(1.01,-0.55,0.));
#12503 = VECTOR('',#12504,1.);
#12504 = DIRECTION('',(1.,-0.,-0.));
#12505 = PCURVE('',#694,#12506);
#12506 = DEFINITIONAL_REPRESENTATION('',(#12507),#12511);
#12507 = LINE('',#12508,#12509);
#12508 = CARTESIAN_POINT('',(-0.2,0.));
#12509 = VECTOR('',#12510,1.);
#12510 = DIRECTION('',(0.,1.));
#12511 = ( GEOMETRIC_REPRESENTATION_CONTEXT(2) 
PARAMETRIC_REPRESENTATION_CONTEXT() REPRESENTATION_CONTEXT('2D SPACE',''
  ) );
#12512 = PCURVE('',#120,#12513);
#12513 = DEFINITIONAL_REPRESENTATION('',(#12514),#12518);
#12514 = LINE('',#12515,#12516);
#12515 = CARTESIAN_POINT('',(-0.25,-0.1));
#12516 = VECTOR('',#12517,1.);
#12517 = DIRECTION('',(-1.,0.));
#12518 = ( GEOMETRIC_REPRESENTATION_CONTEXT(2) 
PARAMETRIC_REPRESENTATION_CONTEXT() REPRESENTATION_CONTEXT('2D SPACE',''
  ) );
#12519 = ADVANCED_FACE('',(#12520),#91,.T.);
#12520 = FACE_BOUND('',#12521,.T.);
#12521 = EDGE_LOOP('',(#12522,#12523,#12524,#12525));
#12522 = ORIENTED_EDGE('',*,*,#75,.F.);
#12523 = ORIENTED_EDGE('',*,*,#706,.T.);
#12524 = ORIENTED_EDGE('',*,*,#12472,.T.);
#12525 = ORIENTED_EDGE('',*,*,#12526,.F.);
#12526 = EDGE_CURVE('',#76,#12473,#12527,.T.);
#12527 = SURFACE_CURVE('',#12528,(#12533,#12540),.PCURVE_S1.);
#12528 = CIRCLE('',#12529,0.1);
#12529 = AXIS2_PLACEMENT_3D('',#12530,#12531,#12532);
#12530 = CARTESIAN_POINT('',(0.76,-0.65,0.));
#12531 = DIRECTION('',(-0.,0.,-1.));
#12532 = DIRECTION('',(-1.,0.,0.));
#12533 = PCURVE('',#91,#12534);
#12534 = DEFINITIONAL_REPRESENTATION('',(#12535),#12539);
#12535 = LINE('',#12536,#12537);
#12536 = CARTESIAN_POINT('',(0.,0.2));
#12537 = VECTOR('',#12538,1.);
#12538 = DIRECTION('',(1.,0.));
#12539 = ( GEOMETRIC_REPRESENTATION_CONTEXT(2) 
PARAMETRIC_REPRESENTATION_CONTEXT() REPRESENTATION_CONTEXT('2D SPACE',''
  ) );
#12540 = PCURVE('',#120,#12541);
#12541 = DEFINITIONAL_REPRESENTATION('',(#12542),#12550);
#12542 = ( BOUNDED_CURVE() B_SPLINE_CURVE(2,(#12543,#12544,#12545,#12546
    ,#12547,#12548,#12549),.UNSPECIFIED.,.T.,.F.) 
B_SPLINE_CURVE_WITH_KNOTS((1,2,2,2,2,1),(-2.094395102393,0.,
    2.094395102393,4.188790204786,6.28318530718,8.377580409573),
.UNSPECIFIED.) CURVE() GEOMETRIC_REPRESENTATION_ITEM() 
RATIONAL_B_SPLINE_CURVE((1.,0.5,1.,0.5,1.,0.5,1.)) REPRESENTATION_ITEM(
  '') );
#12543 = CARTESIAN_POINT('',(0.1,0.));
#12544 = CARTESIAN_POINT('',(0.1,-0.173205080757));
#12545 = CARTESIAN_POINT('',(-5.E-02,-8.660254037844E-02));
#12546 = CARTESIAN_POINT('',(-0.2,-2.449293598295E-17));
#12547 = CARTESIAN_POINT('',(-5.E-02,8.660254037844E-02));
#12548 = CARTESIAN_POINT('',(1.E-01,0.173205080757));
#12549 = CARTESIAN_POINT('',(0.1,0.));
#12550 = ( GEOMETRIC_REPRESENTATION_CONTEXT(2) 
PARAMETRIC_REPRESENTATION_CONTEXT() REPRESENTATION_CONTEXT('2D SPACE',''
  ) );
#12551 = ADVANCED_FACE('',(#12552),#150,.T.);
#12552 = FACE_BOUND('',#12553,.T.);
#12553 = EDGE_LOOP('',(#12554,#12555,#12556,#12557,#12578,#12579));
#12554 = ORIENTED_EDGE('',*,*,#5525,.F.);
#12555 = ORIENTED_EDGE('',*,*,#729,.T.);
#12556 = ORIENTED_EDGE('',*,*,#136,.T.);
#12557 = ORIENTED_EDGE('',*,*,#12558,.F.);
#12558 = EDGE_CURVE('',#12404,#104,#12559,.T.);
#12559 = SURFACE_CURVE('',#12560,(#12564,#12571),.PCURVE_S1.);
#12560 = LINE('',#12561,#12562);
#12561 = CARTESIAN_POINT('',(1.01,-0.75,0.));
#12562 = VECTOR('',#12563,1.);
#12563 = DIRECTION('',(-1.,0.,0.));
#12564 = PCURVE('',#150,#12565);
#12565 = DEFINITIONAL_REPRESENTATION('',(#12566),#12570);
#12566 = LINE('',#12567,#12568);
#12567 = CARTESIAN_POINT('',(0.2,0.));
#12568 = VECTOR('',#12569,1.);
#12569 = DIRECTION('',(-0.,-1.));
#12570 = ( GEOMETRIC_REPRESENTATION_CONTEXT(2) 
PARAMETRIC_REPRESENTATION_CONTEXT() REPRESENTATION_CONTEXT('2D SPACE',''
  ) );
#12571 = PCURVE('',#120,#12572);
#12572 = DEFINITIONAL_REPRESENTATION('',(#12573),#12577);
#12573 = LINE('',#12574,#12575);
#12574 = CARTESIAN_POINT('',(-0.25,1.E-01));
#12575 = VECTOR('',#12576,1.);
#12576 = DIRECTION('',(1.,0.));
#12577 = ( GEOMETRIC_REPRESENTATION_CONTEXT(2) 
PARAMETRIC_REPRESENTATION_CONTEXT() REPRESENTATION_CONTEXT('2D SPACE',''
  ) );
#12578 = ORIENTED_EDGE('',*,*,#12448,.F.);
#12579 = ORIENTED_EDGE('',*,*,#12326,.T.);
#12580 = ADVANCED_FACE('',(#12581),#120,.F.);
#12581 = FACE_BOUND('',#12582,.T.);
#12582 = EDGE_LOOP('',(#12583,#12584,#12585,#12586,#12587));
#12583 = ORIENTED_EDGE('',*,*,#12401,.T.);
#12584 = ORIENTED_EDGE('',*,*,#12558,.T.);
#12585 = ORIENTED_EDGE('',*,*,#103,.T.);
#12586 = ORIENTED_EDGE('',*,*,#12526,.T.);
#12587 = ORIENTED_EDGE('',*,*,#12499,.T.);
#12588 = ADVANCED_FACE('',(#12589),#551,.F.);
#12589 = FACE_BOUND('',#12590,.T.);
#12590 = EDGE_LOOP('',(#12591,#12592,#12613,#12614));
#12591 = ORIENTED_EDGE('',*,*,#1465,.F.);
#12592 = ORIENTED_EDGE('',*,*,#12593,.T.);
#12593 = EDGE_CURVE('',#1443,#529,#12594,.T.);
#12594 = SURFACE_CURVE('',#12595,(#12599,#12606),.PCURVE_S1.);
#12595 = LINE('',#12596,#12597);
#12596 = CARTESIAN_POINT('',(-0.492488408909,0.58447406944,0.2));
#12597 = VECTOR('',#12598,1.);
#12598 = DIRECTION('',(0.,0.,-1.));
#12599 = PCURVE('',#551,#12600);
#12600 = DEFINITIONAL_REPRESENTATION('',(#12601),#12605);
#12601 = LINE('',#12602,#12603);
#12602 = CARTESIAN_POINT('',(0.,1.36894813888));
#12603 = VECTOR('',#12604,1.);
#12604 = DIRECTION('',(1.,0.));
#12605 = ( GEOMETRIC_REPRESENTATION_CONTEXT(2) 
PARAMETRIC_REPRESENTATION_CONTEXT() REPRESENTATION_CONTEXT('2D SPACE',''
  ) );
#12606 = PCURVE('',#579,#12607);
#12607 = DEFINITIONAL_REPRESENTATION('',(#12608),#12612);
#12608 = LINE('',#12609,#12610);
#12609 = CARTESIAN_POINT('',(0.,0.));
#12610 = VECTOR('',#12611,1.);
#12611 = DIRECTION('',(1.,0.));
#12612 = ( GEOMETRIC_REPRESENTATION_CONTEXT(2) 
PARAMETRIC_REPRESENTATION_CONTEXT() REPRESENTATION_CONTEXT('2D SPACE',''
  ) );
#12613 = ORIENTED_EDGE('',*,*,#528,.T.);
#12614 = ORIENTED_EDGE('',*,*,#12615,.F.);
#12615 = EDGE_CURVE('',#1466,#531,#12616,.T.);
#12616 = SURFACE_CURVE('',#12617,(#12621,#12628),.PCURVE_S1.);
#12617 = LINE('',#12618,#12619);
#12618 = CARTESIAN_POINT('',(-0.492488408909,-0.78447406944,0.2));
#12619 = VECTOR('',#12620,1.);
#12620 = DIRECTION('',(-0.,-0.,-1.));
#12621 = PCURVE('',#551,#12622);
#12622 = DEFINITIONAL_REPRESENTATION('',(#12623),#12627);
#12623 = LINE('',#12624,#12625);
#12624 = CARTESIAN_POINT('',(0.,0.));
#12625 = VECTOR('',#12626,1.);
#12626 = DIRECTION('',(1.,0.));
#12627 = ( GEOMETRIC_REPRESENTATION_CONTEXT(2) 
PARAMETRIC_REPRESENTATION_CONTEXT() REPRESENTATION_CONTEXT('2D SPACE',''
  ) );
#12628 = PCURVE('',#661,#12629);
#12629 = DEFINITIONAL_REPRESENTATION('',(#12630),#12634);
#12630 = LINE('',#12631,#12632);
#12631 = CARTESIAN_POINT('',(0.,-0.984976817819));
#12632 = VECTOR('',#12633,1.);
#12633 = DIRECTION('',(-1.,0.));
#12634 = ( GEOMETRIC_REPRESENTATION_CONTEXT(2) 
PARAMETRIC_REPRESENTATION_CONTEXT() REPRESENTATION_CONTEXT('2D SPACE',''
  ) );
#12635 = ADVANCED_FACE('',(#12636),#661,.F.);
#12636 = FACE_BOUND('',#12637,.T.);
#12637 = EDGE_LOOP('',(#12638,#12639,#12640,#12641));
#12638 = ORIENTED_EDGE('',*,*,#1488,.F.);
#12639 = ORIENTED_EDGE('',*,*,#12615,.T.);
#12640 = ORIENTED_EDGE('',*,*,#647,.T.);
#12641 = ORIENTED_EDGE('',*,*,#12642,.F.);
#12642 = EDGE_CURVE('',#1489,#620,#12643,.T.);
#12643 = SURFACE_CURVE('',#12644,(#12648,#12655),.PCURVE_S1.);
#12644 = LINE('',#12645,#12646);
#12645 = CARTESIAN_POINT('',(0.492488408909,-0.78447406944,0.2));
#12646 = VECTOR('',#12647,1.);
#12647 = DIRECTION('',(-0.,-0.,-1.));
#12648 = PCURVE('',#661,#12649);
#12649 = DEFINITIONAL_REPRESENTATION('',(#12650),#12654);
#12650 = LINE('',#12651,#12652);
#12651 = CARTESIAN_POINT('',(0.,0.));
#12652 = VECTOR('',#12653,1.);
#12653 = DIRECTION('',(-1.,0.));
#12654 = ( GEOMETRIC_REPRESENTATION_CONTEXT(2) 
PARAMETRIC_REPRESENTATION_CONTEXT() REPRESENTATION_CONTEXT('2D SPACE',''
  ) );
#12655 = PCURVE('',#635,#12656);
#12656 = DEFINITIONAL_REPRESENTATION('',(#12657),#12661);
#12657 = LINE('',#12658,#12659);
#12658 = CARTESIAN_POINT('',(0.,0.));
#12659 = VECTOR('',#12660,1.);
#12660 = DIRECTION('',(-1.,0.));
#12661 = ( GEOMETRIC_REPRESENTATION_CONTEXT(2) 
PARAMETRIC_REPRESENTATION_CONTEXT() REPRESENTATION_CONTEXT('2D SPACE',''
  ) );
#12662 = ADVANCED_FACE('',(#12663),#635,.F.);
#12663 = FACE_BOUND('',#12664,.T.);
#12664 = EDGE_LOOP('',(#12665,#12666,#12667,#12668));
#12665 = ORIENTED_EDGE('',*,*,#1511,.F.);
#12666 = ORIENTED_EDGE('',*,*,#12642,.T.);
#12667 = ORIENTED_EDGE('',*,*,#619,.T.);
#12668 = ORIENTED_EDGE('',*,*,#12669,.F.);
#12669 = EDGE_CURVE('',#1418,#592,#12670,.T.);
#12670 = SURFACE_CURVE('',#12671,(#12675,#12682),.PCURVE_S1.);
#12671 = LINE('',#12672,#12673);
#12672 = CARTESIAN_POINT('',(0.492488408909,0.78447406944,0.2));
#12673 = VECTOR('',#12674,1.);
#12674 = DIRECTION('',(-0.,-0.,-1.));
#12675 = PCURVE('',#635,#12676);
#12676 = DEFINITIONAL_REPRESENTATION('',(#12677),#12681);
#12677 = LINE('',#12678,#12679);
#12678 = CARTESIAN_POINT('',(0.,1.56894813888));
#12679 = VECTOR('',#12680,1.);
#12680 = DIRECTION('',(-1.,0.));
#12681 = ( GEOMETRIC_REPRESENTATION_CONTEXT(2) 
PARAMETRIC_REPRESENTATION_CONTEXT() REPRESENTATION_CONTEXT('2D SPACE',''
  ) );
#12682 = PCURVE('',#607,#12683);
#12683 = DEFINITIONAL_REPRESENTATION('',(#12684),#12688);
#12684 = LINE('',#12685,#12686);
#12685 = CARTESIAN_POINT('',(0.,0.));
#12686 = VECTOR('',#12687,1.);
#12687 = DIRECTION('',(1.,0.));
#12688 = ( GEOMETRIC_REPRESENTATION_CONTEXT(2) 
PARAMETRIC_REPRESENTATION_CONTEXT() REPRESENTATION_CONTEXT('2D SPACE',''
  ) );
#12689 = ADVANCED_FACE('',(#12690),#607,.F.);
#12690 = FACE_BOUND('',#12691,.T.);
#12691 = EDGE_LOOP('',(#12692,#12693,#12714,#12715));
#12692 = ORIENTED_EDGE('',*,*,#591,.T.);
#12693 = ORIENTED_EDGE('',*,*,#12694,.T.);
#12694 = EDGE_CURVE('',#564,#1420,#12695,.T.);
#12695 = SURFACE_CURVE('',#12696,(#12700,#12707),.PCURVE_S1.);
#12696 = LINE('',#12697,#12698);
#12697 = CARTESIAN_POINT('',(-0.292488408909,0.78447406944,0.2));
#12698 = VECTOR('',#12699,1.);
#12699 = DIRECTION('',(0.,0.,1.));
#12700 = PCURVE('',#607,#12701);
#12701 = DEFINITIONAL_REPRESENTATION('',(#12702),#12706);
#12702 = LINE('',#12703,#12704);
#12703 = CARTESIAN_POINT('',(-0.,-0.784976817819));
#12704 = VECTOR('',#12705,1.);
#12705 = DIRECTION('',(-1.,0.));
#12706 = ( GEOMETRIC_REPRESENTATION_CONTEXT(2) 
PARAMETRIC_REPRESENTATION_CONTEXT() REPRESENTATION_CONTEXT('2D SPACE',''
  ) );
#12707 = PCURVE('',#579,#12708);
#12708 = DEFINITIONAL_REPRESENTATION('',(#12709),#12713);
#12709 = LINE('',#12710,#12711);
#12710 = CARTESIAN_POINT('',(0.,0.282842712475));
#12711 = VECTOR('',#12712,1.);
#12712 = DIRECTION('',(-1.,0.));
#12713 = ( GEOMETRIC_REPRESENTATION_CONTEXT(2) 
PARAMETRIC_REPRESENTATION_CONTEXT() REPRESENTATION_CONTEXT('2D SPACE',''
  ) );
#12714 = ORIENTED_EDGE('',*,*,#1417,.F.);
#12715 = ORIENTED_EDGE('',*,*,#12669,.T.);
#12716 = ADVANCED_FACE('',(#12717),#579,.F.);
#12717 = FACE_BOUND('',#12718,.T.);
#12718 = EDGE_LOOP('',(#12719,#12720,#12721,#12722));
#12719 = ORIENTED_EDGE('',*,*,#1442,.F.);
#12720 = ORIENTED_EDGE('',*,*,#12694,.F.);
#12721 = ORIENTED_EDGE('',*,*,#563,.F.);
#12722 = ORIENTED_EDGE('',*,*,#12593,.F.);
#12723 = ( GEOMETRIC_REPRESENTATION_CONTEXT(3) 
GLOBAL_UNCERTAINTY_ASSIGNED_CONTEXT((#12727)) 
GLOBAL_UNIT_ASSIGNED_CONTEXT((#12724,#12725,#12726)) 
REPRESENTATION_CONTEXT('Context #1',
  '3D Context with UNIT and UNCERTAINTY') );
#12724 = ( LENGTH_UNIT() NAMED_UNIT(*) SI_UNIT(.MILLI.,.METRE.) );
#12725 = ( NAMED_UNIT(*) PLANE_ANGLE_UNIT() SI_UNIT($,.RADIAN.) );
#12726 = ( NAMED_UNIT(*) SI_UNIT($,.STERADIAN.) SOLID_ANGLE_UNIT() );
#12727 = UNCERTAINTY_MEASURE_WITH_UNIT(LENGTH_MEASURE(1.E-07),#12724,
  'distance_accuracy_value','confusion accuracy');
#12728 = CONTEXT_DEPENDENT_SHAPE_REPRESENTATION(#12729,#12731);
#12729 = ( REPRESENTATION_RELATIONSHIP('','',#32,#10) 
REPRESENTATION_RELATIONSHIP_WITH_TRANSFORMATION(#12730) 
SHAPE_REPRESENTATION_RELATIONSHIP() );
#12730 = ITEM_DEFINED_TRANSFORMATION('','',#11,#15);
#12731 = PRODUCT_DEFINITION_SHAPE('Placement','Placement of an item',
  #12732);
#12732 = NEXT_ASSEMBLY_USAGE_OCCURRENCE('1','=>[0:1:1:1]','',#5,#27,$);
#12733 = PRODUCT_RELATED_PRODUCT_CATEGORY('part',$,(#29));
#12734 = MECHANICAL_DESIGN_GEOMETRIC_PRESENTATION_REPRESENTATION('',(
    #12735,#12743,#12751,#12758,#12765,#12772,#12779,#12786,#12793,
    #12800,#12807,#12815,#12822,#12829,#12836,#12843,#12850,#12857,
    #12864,#12871,#12878,#12885,#12892,#12899,#12906,#12913,#12920,
    #12927,#12934,#12941,#12948,#12955,#12962,#12969,#12976,#12983,
    #12990,#12997,#13004,#13011,#13018,#13025,#13032,#13039,#13046,
    #13053,#13060,#13067,#13074,#13081,#13088,#13095,#13102,#13109,
    #13116,#13123,#13130,#13137,#13144,#13151,#13158,#13165,#13172,
    #13179,#13186,#13193,#13200,#13207,#13214,#13221,#13228,#13235,
    #13242,#13249,#13256,#13263,#13270,#13277,#13284,#13291,#13298,
    #13305,#13312,#13319,#13326,#13333,#13340,#13347,#13354),#12723);
#12735 = STYLED_ITEM('color',(#12736),#33);
#12736 = PRESENTATION_STYLE_ASSIGNMENT((#12737));
#12737 = SURFACE_STYLE_USAGE(.BOTH.,#12738);
#12738 = SURFACE_SIDE_STYLE('',(#12739));
#12739 = SURFACE_STYLE_FILL_AREA(#12740);
#12740 = FILL_AREA_STYLE('',(#12741));
#12741 = FILL_AREA_STYLE_COLOUR('',#12742);
#12742 = DRAUGHTING_PRE_DEFINED_COLOUR('white');
#12743 = OVER_RIDING_STYLED_ITEM('overriding color',(#12744),#403,#12735
  );
#12744 = PRESENTATION_STYLE_ASSIGNMENT((#12745));
#12745 = SURFACE_STYLE_USAGE(.BOTH.,#12746);
#12746 = SURFACE_SIDE_STYLE('',(#12747));
#12747 = SURFACE_STYLE_FILL_AREA(#12748);
#12748 = FILL_AREA_STYLE('',(#12749));
#12749 = FILL_AREA_STYLE_COLOUR('',#12750);
#12750 = COLOUR_RGB('',0.250980388104,0.250980388104,0.250980388104);
#12751 = OVER_RIDING_STYLED_ITEM('overriding color',(#12752),#672,#12735
  );
#12752 = PRESENTATION_STYLE_ASSIGNMENT((#12753));
#12753 = SURFACE_STYLE_USAGE(.BOTH.,#12754);
#12754 = SURFACE_SIDE_STYLE('',(#12755));
#12755 = SURFACE_STYLE_FILL_AREA(#12756);
#12756 = FILL_AREA_STYLE('',(#12757));
#12757 = FILL_AREA_STYLE_COLOUR('',#12750);
#12758 = OVER_RIDING_STYLED_ITEM('overriding color',(#12759),#1531,
  #12735);
#12759 = PRESENTATION_STYLE_ASSIGNMENT((#12760));
#12760 = SURFACE_STYLE_USAGE(.BOTH.,#12761);
#12761 = SURFACE_SIDE_STYLE('',(#12762));
#12762 = SURFACE_STYLE_FILL_AREA(#12763);
#12763 = FILL_AREA_STYLE('',(#12764));
#12764 = FILL_AREA_STYLE_COLOUR('',#12750);
#12765 = OVER_RIDING_STYLED_ITEM('overriding color',(#12766),#1821,
  #12735);
#12766 = PRESENTATION_STYLE_ASSIGNMENT((#12767));
#12767 = SURFACE_STYLE_USAGE(.BOTH.,#12768);
#12768 = SURFACE_SIDE_STYLE('',(#12769));
#12769 = SURFACE_STYLE_FILL_AREA(#12770);
#12770 = FILL_AREA_STYLE('',(#12771));
#12771 = FILL_AREA_STYLE_COLOUR('',#12750);
#12772 = OVER_RIDING_STYLED_ITEM('overriding color',(#12773),#5279,
  #12735);
#12773 = PRESENTATION_STYLE_ASSIGNMENT((#12774));
#12774 = SURFACE_STYLE_USAGE(.BOTH.,#12775);
#12775 = SURFACE_SIDE_STYLE('',(#12776));
#12776 = SURFACE_STYLE_FILL_AREA(#12777);
#12777 = FILL_AREA_STYLE('',(#12778));
#12778 = FILL_AREA_STYLE_COLOUR('',#12750);
#12779 = OVER_RIDING_STYLED_ITEM('overriding color',(#12780),#5545,
  #12735);
#12780 = PRESENTATION_STYLE_ASSIGNMENT((#12781));
#12781 = SURFACE_STYLE_USAGE(.BOTH.,#12782);
#12782 = SURFACE_SIDE_STYLE('',(#12783));
#12783 = SURFACE_STYLE_FILL_AREA(#12784);
#12784 = FILL_AREA_STYLE('',(#12785));
#12785 = FILL_AREA_STYLE_COLOUR('',#12750);
#12786 = OVER_RIDING_STYLED_ITEM('overriding color',(#12787),#5552,
  #12735);
#12787 = PRESENTATION_STYLE_ASSIGNMENT((#12788));
#12788 = SURFACE_STYLE_USAGE(.BOTH.,#12789);
#12789 = SURFACE_SIDE_STYLE('',(#12790));
#12790 = SURFACE_STYLE_FILL_AREA(#12791);
#12791 = FILL_AREA_STYLE('',(#12792));
#12792 = FILL_AREA_STYLE_COLOUR('',#12750);
#12793 = OVER_RIDING_STYLED_ITEM('overriding color',(#12794),#5559,
  #12735);
#12794 = PRESENTATION_STYLE_ASSIGNMENT((#12795));
#12795 = SURFACE_STYLE_USAGE(.BOTH.,#12796);
#12796 = SURFACE_SIDE_STYLE('',(#12797));
#12797 = SURFACE_STYLE_FILL_AREA(#12798);
#12798 = FILL_AREA_STYLE('',(#12799));
#12799 = FILL_AREA_STYLE_COLOUR('',#12750);
#12800 = OVER_RIDING_STYLED_ITEM('overriding color',(#12801),#5587,
  #12735);
#12801 = PRESENTATION_STYLE_ASSIGNMENT((#12802));
#12802 = SURFACE_STYLE_USAGE(.BOTH.,#12803);
#12803 = SURFACE_SIDE_STYLE('',(#12804));
#12804 = SURFACE_STYLE_FILL_AREA(#12805);
#12805 = FILL_AREA_STYLE('',(#12806));
#12806 = FILL_AREA_STYLE_COLOUR('',#12750);
#12807 = OVER_RIDING_STYLED_ITEM('overriding color',(#12808),#5592,
  #12735);
#12808 = PRESENTATION_STYLE_ASSIGNMENT((#12809));
#12809 = SURFACE_STYLE_USAGE(.BOTH.,#12810);
#12810 = SURFACE_SIDE_STYLE('',(#12811));
#12811 = SURFACE_STYLE_FILL_AREA(#12812);
#12812 = FILL_AREA_STYLE('',(#12813));
#12813 = FILL_AREA_STYLE_COLOUR('',#12814);
#12814 = COLOUR_RGB('',0.666666664908,0.666666664908,0.666666664908);
#12815 = OVER_RIDING_STYLED_ITEM('overriding color',(#12816),#5666,
  #12735);
#12816 = PRESENTATION_STYLE_ASSIGNMENT((#12817));
#12817 = SURFACE_STYLE_USAGE(.BOTH.,#12818);
#12818 = SURFACE_SIDE_STYLE('',(#12819));
#12819 = SURFACE_STYLE_FILL_AREA(#12820);
#12820 = FILL_AREA_STYLE('',(#12821));
#12821 = FILL_AREA_STYLE_COLOUR('',#12814);
#12822 = OVER_RIDING_STYLED_ITEM('overriding color',(#12823),#5721,
  #12735);
#12823 = PRESENTATION_STYLE_ASSIGNMENT((#12824));
#12824 = SURFACE_STYLE_USAGE(.BOTH.,#12825);
#12825 = SURFACE_SIDE_STYLE('',(#12826));
#12826 = SURFACE_STYLE_FILL_AREA(#12827);
#12827 = FILL_AREA_STYLE('',(#12828));
#12828 = FILL_AREA_STYLE_COLOUR('',#12814);
#12829 = OVER_RIDING_STYLED_ITEM('overriding color',(#12830),#5801,
  #12735);
#12830 = PRESENTATION_STYLE_ASSIGNMENT((#12831));
#12831 = SURFACE_STYLE_USAGE(.BOTH.,#12832);
#12832 = SURFACE_SIDE_STYLE('',(#12833));
#12833 = SURFACE_STYLE_FILL_AREA(#12834);
#12834 = FILL_AREA_STYLE('',(#12835));
#12835 = FILL_AREA_STYLE_COLOUR('',#12814);
#12836 = OVER_RIDING_STYLED_ITEM('overriding color',(#12837),#5849,
  #12735);
#12837 = PRESENTATION_STYLE_ASSIGNMENT((#12838));
#12838 = SURFACE_STYLE_USAGE(.BOTH.,#12839);
#12839 = SURFACE_SIDE_STYLE('',(#12840));
#12840 = SURFACE_STYLE_FILL_AREA(#12841);
#12841 = FILL_AREA_STYLE('',(#12842));
#12842 = FILL_AREA_STYLE_COLOUR('',#12814);
#12843 = OVER_RIDING_STYLED_ITEM('overriding color',(#12844),#5912,
  #12735);
#12844 = PRESENTATION_STYLE_ASSIGNMENT((#12845));
#12845 = SURFACE_STYLE_USAGE(.BOTH.,#12846);
#12846 = SURFACE_SIDE_STYLE('',(#12847));
#12847 = SURFACE_STYLE_FILL_AREA(#12848);
#12848 = FILL_AREA_STYLE('',(#12849));
#12849 = FILL_AREA_STYLE_COLOUR('',#12814);
#12850 = OVER_RIDING_STYLED_ITEM('overriding color',(#12851),#5991,
  #12735);
#12851 = PRESENTATION_STYLE_ASSIGNMENT((#12852));
#12852 = SURFACE_STYLE_USAGE(.BOTH.,#12853);
#12853 = SURFACE_SIDE_STYLE('',(#12854));
#12854 = SURFACE_STYLE_FILL_AREA(#12855);
#12855 = FILL_AREA_STYLE('',(#12856));
#12856 = FILL_AREA_STYLE_COLOUR('',#12814);
#12857 = OVER_RIDING_STYLED_ITEM('overriding color',(#12858),#6070,
  #12735);
#12858 = PRESENTATION_STYLE_ASSIGNMENT((#12859));
#12859 = SURFACE_STYLE_USAGE(.BOTH.,#12860);
#12860 = SURFACE_SIDE_STYLE('',(#12861));
#12861 = SURFACE_STYLE_FILL_AREA(#12862);
#12862 = FILL_AREA_STYLE('',(#12863));
#12863 = FILL_AREA_STYLE_COLOUR('',#12814);
#12864 = OVER_RIDING_STYLED_ITEM('overriding color',(#12865),#6149,
  #12735);
#12865 = PRESENTATION_STYLE_ASSIGNMENT((#12866));
#12866 = SURFACE_STYLE_USAGE(.BOTH.,#12867);
#12867 = SURFACE_SIDE_STYLE('',(#12868));
#12868 = SURFACE_STYLE_FILL_AREA(#12869);
#12869 = FILL_AREA_STYLE('',(#12870));
#12870 = FILL_AREA_STYLE_COLOUR('',#12814);
#12871 = OVER_RIDING_STYLED_ITEM('overriding color',(#12872),#6228,
  #12735);
#12872 = PRESENTATION_STYLE_ASSIGNMENT((#12873));
#12873 = SURFACE_STYLE_USAGE(.BOTH.,#12874);
#12874 = SURFACE_SIDE_STYLE('',(#12875));
#12875 = SURFACE_STYLE_FILL_AREA(#12876);
#12876 = FILL_AREA_STYLE('',(#12877));
#12877 = FILL_AREA_STYLE_COLOUR('',#12814);
#12878 = OVER_RIDING_STYLED_ITEM('overriding color',(#12879),#6271,
  #12735);
#12879 = PRESENTATION_STYLE_ASSIGNMENT((#12880));
#12880 = SURFACE_STYLE_USAGE(.BOTH.,#12881);
#12881 = SURFACE_SIDE_STYLE('',(#12882));
#12882 = SURFACE_STYLE_FILL_AREA(#12883);
#12883 = FILL_AREA_STYLE('',(#12884));
#12884 = FILL_AREA_STYLE_COLOUR('',#12814);
#12885 = OVER_RIDING_STYLED_ITEM('overriding color',(#12886),#6662,
  #12735);
#12886 = PRESENTATION_STYLE_ASSIGNMENT((#12887));
#12887 = SURFACE_STYLE_USAGE(.BOTH.,#12888);
#12888 = SURFACE_SIDE_STYLE('',(#12889));
#12889 = SURFACE_STYLE_FILL_AREA(#12890);
#12890 = FILL_AREA_STYLE('',(#12891));
#12891 = FILL_AREA_STYLE_COLOUR('',#12814);
#12892 = OVER_RIDING_STYLED_ITEM('overriding color',(#12893),#6766,
  #12735);
#12893 = PRESENTATION_STYLE_ASSIGNMENT((#12894));
#12894 = SURFACE_STYLE_USAGE(.BOTH.,#12895);
#12895 = SURFACE_SIDE_STYLE('',(#12896));
#12896 = SURFACE_STYLE_FILL_AREA(#12897);
#12897 = FILL_AREA_STYLE('',(#12898));
#12898 = FILL_AREA_STYLE_COLOUR('',#12814);
#12899 = OVER_RIDING_STYLED_ITEM('overriding color',(#12900),#6845,
  #12735);
#12900 = PRESENTATION_STYLE_ASSIGNMENT((#12901));
#12901 = SURFACE_STYLE_USAGE(.BOTH.,#12902);
#12902 = SURFACE_SIDE_STYLE('',(#12903));
#12903 = SURFACE_STYLE_FILL_AREA(#12904);
#12904 = FILL_AREA_STYLE('',(#12905));
#12905 = FILL_AREA_STYLE_COLOUR('',#12814);
#12906 = OVER_RIDING_STYLED_ITEM('overriding color',(#12907),#6924,
  #12735);
#12907 = PRESENTATION_STYLE_ASSIGNMENT((#12908));
#12908 = SURFACE_STYLE_USAGE(.BOTH.,#12909);
#12909 = SURFACE_SIDE_STYLE('',(#12910));
#12910 = SURFACE_STYLE_FILL_AREA(#12911);
#12911 = FILL_AREA_STYLE('',(#12912));
#12912 = FILL_AREA_STYLE_COLOUR('',#12814);
#12913 = OVER_RIDING_STYLED_ITEM('overriding color',(#12914),#6983,
  #12735);
#12914 = PRESENTATION_STYLE_ASSIGNMENT((#12915));
#12915 = SURFACE_STYLE_USAGE(.BOTH.,#12916);
#12916 = SURFACE_SIDE_STYLE('',(#12917));
#12917 = SURFACE_STYLE_FILL_AREA(#12918);
#12918 = FILL_AREA_STYLE('',(#12919));
#12919 = FILL_AREA_STYLE_COLOUR('',#12814);
#12920 = OVER_RIDING_STYLED_ITEM('overriding color',(#12921),#7059,
  #12735);
#12921 = PRESENTATION_STYLE_ASSIGNMENT((#12922));
#12922 = SURFACE_STYLE_USAGE(.BOTH.,#12923);
#12923 = SURFACE_SIDE_STYLE('',(#12924));
#12924 = SURFACE_STYLE_FILL_AREA(#12925);
#12925 = FILL_AREA_STYLE('',(#12926));
#12926 = FILL_AREA_STYLE_COLOUR('',#12814);
#12927 = OVER_RIDING_STYLED_ITEM('overriding color',(#12928),#7108,
  #12735);
#12928 = PRESENTATION_STYLE_ASSIGNMENT((#12929));
#12929 = SURFACE_STYLE_USAGE(.BOTH.,#12930);
#12930 = SURFACE_SIDE_STYLE('',(#12931));
#12931 = SURFACE_STYLE_FILL_AREA(#12932);
#12932 = FILL_AREA_STYLE('',(#12933));
#12933 = FILL_AREA_STYLE_COLOUR('',#12814);
#12934 = OVER_RIDING_STYLED_ITEM('overriding color',(#12935),#7156,
  #12735);
#12935 = PRESENTATION_STYLE_ASSIGNMENT((#12936));
#12936 = SURFACE_STYLE_USAGE(.BOTH.,#12937);
#12937 = SURFACE_SIDE_STYLE('',(#12938));
#12938 = SURFACE_STYLE_FILL_AREA(#12939);
#12939 = FILL_AREA_STYLE('',(#12940));
#12940 = FILL_AREA_STYLE_COLOUR('',#12814);
#12941 = OVER_RIDING_STYLED_ITEM('overriding color',(#12942),#7208,
  #12735);
#12942 = PRESENTATION_STYLE_ASSIGNMENT((#12943));
#12943 = SURFACE_STYLE_USAGE(.BOTH.,#12944);
#12944 = SURFACE_SIDE_STYLE('',(#12945));
#12945 = SURFACE_STYLE_FILL_AREA(#12946);
#12946 = FILL_AREA_STYLE('',(#12947));
#12947 = FILL_AREA_STYLE_COLOUR('',#12814);
#12948 = OVER_RIDING_STYLED_ITEM('overriding color',(#12949),#7256,
  #12735);
#12949 = PRESENTATION_STYLE_ASSIGNMENT((#12950));
#12950 = SURFACE_STYLE_USAGE(.BOTH.,#12951);
#12951 = SURFACE_SIDE_STYLE('',(#12952));
#12952 = SURFACE_STYLE_FILL_AREA(#12953);
#12953 = FILL_AREA_STYLE('',(#12954));
#12954 = FILL_AREA_STYLE_COLOUR('',#12814);
#12955 = OVER_RIDING_STYLED_ITEM('overriding color',(#12956),#7320,
  #12735);
#12956 = PRESENTATION_STYLE_ASSIGNMENT((#12957));
#12957 = SURFACE_STYLE_USAGE(.BOTH.,#12958);
#12958 = SURFACE_SIDE_STYLE('',(#12959));
#12959 = SURFACE_STYLE_FILL_AREA(#12960);
#12960 = FILL_AREA_STYLE('',(#12961));
#12961 = FILL_AREA_STYLE_COLOUR('',#12814);
#12962 = OVER_RIDING_STYLED_ITEM('overriding color',(#12963),#7369,
  #12735);
#12963 = PRESENTATION_STYLE_ASSIGNMENT((#12964));
#12964 = SURFACE_STYLE_USAGE(.BOTH.,#12965);
#12965 = SURFACE_SIDE_STYLE('',(#12966));
#12966 = SURFACE_STYLE_FILL_AREA(#12967);
#12967 = FILL_AREA_STYLE('',(#12968));
#12968 = FILL_AREA_STYLE_COLOUR('',#12814);
#12969 = OVER_RIDING_STYLED_ITEM('overriding color',(#12970),#7418,
  #12735);
#12970 = PRESENTATION_STYLE_ASSIGNMENT((#12971));
#12971 = SURFACE_STYLE_USAGE(.BOTH.,#12972);
#12972 = SURFACE_SIDE_STYLE('',(#12973));
#12973 = SURFACE_STYLE_FILL_AREA(#12974);
#12974 = FILL_AREA_STYLE('',(#12975));
#12975 = FILL_AREA_STYLE_COLOUR('',#12814);
#12976 = OVER_RIDING_STYLED_ITEM('overriding color',(#12977),#7467,
  #12735);
#12977 = PRESENTATION_STYLE_ASSIGNMENT((#12978));
#12978 = SURFACE_STYLE_USAGE(.BOTH.,#12979);
#12979 = SURFACE_SIDE_STYLE('',(#12980));
#12980 = SURFACE_STYLE_FILL_AREA(#12981);
#12981 = FILL_AREA_STYLE('',(#12982));
#12982 = FILL_AREA_STYLE_COLOUR('',#12814);
#12983 = OVER_RIDING_STYLED_ITEM('overriding color',(#12984),#7516,
  #12735);
#12984 = PRESENTATION_STYLE_ASSIGNMENT((#12985));
#12985 = SURFACE_STYLE_USAGE(.BOTH.,#12986);
#12986 = SURFACE_SIDE_STYLE('',(#12987));
#12987 = SURFACE_STYLE_FILL_AREA(#12988);
#12988 = FILL_AREA_STYLE('',(#12989));
#12989 = FILL_AREA_STYLE_COLOUR('',#12814);
#12990 = OVER_RIDING_STYLED_ITEM('overriding color',(#12991),#7564,
  #12735);
#12991 = PRESENTATION_STYLE_ASSIGNMENT((#12992));
#12992 = SURFACE_STYLE_USAGE(.BOTH.,#12993);
#12993 = SURFACE_SIDE_STYLE('',(#12994));
#12994 = SURFACE_STYLE_FILL_AREA(#12995);
#12995 = FILL_AREA_STYLE('',(#12996));
#12996 = FILL_AREA_STYLE_COLOUR('',#12814);
#12997 = OVER_RIDING_STYLED_ITEM('overriding color',(#12998),#7628,
  #12735);
#12998 = PRESENTATION_STYLE_ASSIGNMENT((#12999));
#12999 = SURFACE_STYLE_USAGE(.BOTH.,#13000);
#13000 = SURFACE_SIDE_STYLE('',(#13001));
#13001 = SURFACE_STYLE_FILL_AREA(#13002);
#13002 = FILL_AREA_STYLE('',(#13003));
#13003 = FILL_AREA_STYLE_COLOUR('',#12814);
#13004 = OVER_RIDING_STYLED_ITEM('overriding color',(#13005),#7676,
  #12735);
#13005 = PRESENTATION_STYLE_ASSIGNMENT((#13006));
#13006 = SURFACE_STYLE_USAGE(.BOTH.,#13007);
#13007 = SURFACE_SIDE_STYLE('',(#13008));
#13008 = SURFACE_STYLE_FILL_AREA(#13009);
#13009 = FILL_AREA_STYLE('',(#13010));
#13010 = FILL_AREA_STYLE_COLOUR('',#12814);
#13011 = OVER_RIDING_STYLED_ITEM('overriding color',(#13012),#7740,
  #12735);
#13012 = PRESENTATION_STYLE_ASSIGNMENT((#13013));
#13013 = SURFACE_STYLE_USAGE(.BOTH.,#13014);
#13014 = SURFACE_SIDE_STYLE('',(#13015));
#13015 = SURFACE_STYLE_FILL_AREA(#13016);
#13016 = FILL_AREA_STYLE('',(#13017));
#13017 = FILL_AREA_STYLE_COLOUR('',#12814);
#13018 = OVER_RIDING_STYLED_ITEM('overriding color',(#13019),#7789,
  #12735);
#13019 = PRESENTATION_STYLE_ASSIGNMENT((#13020));
#13020 = SURFACE_STYLE_USAGE(.BOTH.,#13021);
#13021 = SURFACE_SIDE_STYLE('',(#13022));
#13022 = SURFACE_STYLE_FILL_AREA(#13023);
#13023 = FILL_AREA_STYLE('',(#13024));
#13024 = FILL_AREA_STYLE_COLOUR('',#12814);
#13025 = OVER_RIDING_STYLED_ITEM('overriding color',(#13026),#7816,
  #12735);
#13026 = PRESENTATION_STYLE_ASSIGNMENT((#13027));
#13027 = SURFACE_STYLE_USAGE(.BOTH.,#13028);
#13028 = SURFACE_SIDE_STYLE('',(#13029));
#13029 = SURFACE_STYLE_FILL_AREA(#13030);
#13030 = FILL_AREA_STYLE('',(#13031));
#13031 = FILL_AREA_STYLE_COLOUR('',#12814);
#13032 = OVER_RIDING_STYLED_ITEM('overriding color',(#13033),#7835,
  #12735);
#13033 = PRESENTATION_STYLE_ASSIGNMENT((#13034));
#13034 = SURFACE_STYLE_USAGE(.BOTH.,#13035);
#13035 = SURFACE_SIDE_STYLE('',(#13036));
#13036 = SURFACE_STYLE_FILL_AREA(#13037);
#13037 = FILL_AREA_STYLE('',(#13038));
#13038 = FILL_AREA_STYLE_COLOUR('',#12814);
#13039 = OVER_RIDING_STYLED_ITEM('overriding color',(#13040),#7939,
  #12735);
#13040 = PRESENTATION_STYLE_ASSIGNMENT((#13041));
#13041 = SURFACE_STYLE_USAGE(.BOTH.,#13042);
#13042 = SURFACE_SIDE_STYLE('',(#13043));
#13043 = SURFACE_STYLE_FILL_AREA(#13044);
#13044 = FILL_AREA_STYLE('',(#13045));
#13045 = FILL_AREA_STYLE_COLOUR('',#12814);
#13046 = OVER_RIDING_STYLED_ITEM('overriding color',(#13047),#8018,
  #12735);
#13047 = PRESENTATION_STYLE_ASSIGNMENT((#13048));
#13048 = SURFACE_STYLE_USAGE(.BOTH.,#13049);
#13049 = SURFACE_SIDE_STYLE('',(#13050));
#13050 = SURFACE_STYLE_FILL_AREA(#13051);
#13051 = FILL_AREA_STYLE('',(#13052));
#13052 = FILL_AREA_STYLE_COLOUR('',#12814);
#13053 = OVER_RIDING_STYLED_ITEM('overriding color',(#13054),#8097,
  #12735);
#13054 = PRESENTATION_STYLE_ASSIGNMENT((#13055));
#13055 = SURFACE_STYLE_USAGE(.BOTH.,#13056);
#13056 = SURFACE_SIDE_STYLE('',(#13057));
#13057 = SURFACE_STYLE_FILL_AREA(#13058);
#13058 = FILL_AREA_STYLE('',(#13059));
#13059 = FILL_AREA_STYLE_COLOUR('',#12814);
#13060 = OVER_RIDING_STYLED_ITEM('overriding color',(#13061),#8156,
  #12735);
#13061 = PRESENTATION_STYLE_ASSIGNMENT((#13062));
#13062 = SURFACE_STYLE_USAGE(.BOTH.,#13063);
#13063 = SURFACE_SIDE_STYLE('',(#13064));
#13064 = SURFACE_STYLE_FILL_AREA(#13065);
#13065 = FILL_AREA_STYLE('',(#13066));
#13066 = FILL_AREA_STYLE_COLOUR('',#12814);
#13067 = OVER_RIDING_STYLED_ITEM('overriding color',(#13068),#8541,
  #12735);
#13068 = PRESENTATION_STYLE_ASSIGNMENT((#13069));
#13069 = SURFACE_STYLE_USAGE(.BOTH.,#13070);
#13070 = SURFACE_SIDE_STYLE('',(#13071));
#13071 = SURFACE_STYLE_FILL_AREA(#13072);
#13072 = FILL_AREA_STYLE('',(#13073));
#13073 = FILL_AREA_STYLE_COLOUR('',#12814);
#13074 = OVER_RIDING_STYLED_ITEM('overriding color',(#13075),#8645,
  #12735);
#13075 = PRESENTATION_STYLE_ASSIGNMENT((#13076));
#13076 = SURFACE_STYLE_USAGE(.BOTH.,#13077);
#13077 = SURFACE_SIDE_STYLE('',(#13078));
#13078 = SURFACE_STYLE_FILL_AREA(#13079);
#13079 = FILL_AREA_STYLE('',(#13080));
#13080 = FILL_AREA_STYLE_COLOUR('',#12814);
#13081 = OVER_RIDING_STYLED_ITEM('overriding color',(#13082),#8724,
  #12735);
#13082 = PRESENTATION_STYLE_ASSIGNMENT((#13083));
#13083 = SURFACE_STYLE_USAGE(.BOTH.,#13084);
#13084 = SURFACE_SIDE_STYLE('',(#13085));
#13085 = SURFACE_STYLE_FILL_AREA(#13086);
#13086 = FILL_AREA_STYLE('',(#13087));
#13087 = FILL_AREA_STYLE_COLOUR('',#12814);
#13088 = OVER_RIDING_STYLED_ITEM('overriding color',(#13089),#8803,
  #12735);
#13089 = PRESENTATION_STYLE_ASSIGNMENT((#13090));
#13090 = SURFACE_STYLE_USAGE(.BOTH.,#13091);
#13091 = SURFACE_SIDE_STYLE('',(#13092));
#13092 = SURFACE_STYLE_FILL_AREA(#13093);
#13093 = FILL_AREA_STYLE('',(#13094));
#13094 = FILL_AREA_STYLE_COLOUR('',#12814);
#13095 = OVER_RIDING_STYLED_ITEM('overriding color',(#13096),#8862,
  #12735);
#13096 = PRESENTATION_STYLE_ASSIGNMENT((#13097));
#13097 = SURFACE_STYLE_USAGE(.BOTH.,#13098);
#13098 = SURFACE_SIDE_STYLE('',(#13099));
#13099 = SURFACE_STYLE_FILL_AREA(#13100);
#13100 = FILL_AREA_STYLE('',(#13101));
#13101 = FILL_AREA_STYLE_COLOUR('',#12814);
#13102 = OVER_RIDING_STYLED_ITEM('overriding color',(#13103),#8936,
  #12735);
#13103 = PRESENTATION_STYLE_ASSIGNMENT((#13104));
#13104 = SURFACE_STYLE_USAGE(.BOTH.,#13105);
#13105 = SURFACE_SIDE_STYLE('',(#13106));
#13106 = SURFACE_STYLE_FILL_AREA(#13107);
#13107 = FILL_AREA_STYLE('',(#13108));
#13108 = FILL_AREA_STYLE_COLOUR('',#12814);
#13109 = OVER_RIDING_STYLED_ITEM('overriding color',(#13110),#8999,
  #12735);
#13110 = PRESENTATION_STYLE_ASSIGNMENT((#13111));
#13111 = SURFACE_STYLE_USAGE(.BOTH.,#13112);
#13112 = SURFACE_SIDE_STYLE('',(#13113));
#13113 = SURFACE_STYLE_FILL_AREA(#13114);
#13114 = FILL_AREA_STYLE('',(#13115));
#13115 = FILL_AREA_STYLE_COLOUR('',#12814);
#13116 = OVER_RIDING_STYLED_ITEM('overriding color',(#13117),#9078,
  #12735);
#13117 = PRESENTATION_STYLE_ASSIGNMENT((#13118));
#13118 = SURFACE_STYLE_USAGE(.BOTH.,#13119);
#13119 = SURFACE_SIDE_STYLE('',(#13120));
#13120 = SURFACE_STYLE_FILL_AREA(#13121);
#13121 = FILL_AREA_STYLE('',(#13122));
#13122 = FILL_AREA_STYLE_COLOUR('',#12814);
#13123 = OVER_RIDING_STYLED_ITEM('overriding color',(#13124),#9157,
  #12735);
#13124 = PRESENTATION_STYLE_ASSIGNMENT((#13125));
#13125 = SURFACE_STYLE_USAGE(.BOTH.,#13126);
#13126 = SURFACE_SIDE_STYLE('',(#13127));
#13127 = SURFACE_STYLE_FILL_AREA(#13128);
#13128 = FILL_AREA_STYLE('',(#13129));
#13129 = FILL_AREA_STYLE_COLOUR('',#12814);
#13130 = OVER_RIDING_STYLED_ITEM('overriding color',(#13131),#9236,
  #12735);
#13131 = PRESENTATION_STYLE_ASSIGNMENT((#13132));
#13132 = SURFACE_STYLE_USAGE(.BOTH.,#13133);
#13133 = SURFACE_SIDE_STYLE('',(#13134));
#13134 = SURFACE_STYLE_FILL_AREA(#13135);
#13135 = FILL_AREA_STYLE('',(#13136));
#13136 = FILL_AREA_STYLE_COLOUR('',#12814);
#13137 = OVER_RIDING_STYLED_ITEM('overriding color',(#13138),#9315,
  #12735);
#13138 = PRESENTATION_STYLE_ASSIGNMENT((#13139));
#13139 = SURFACE_STYLE_USAGE(.BOTH.,#13140);
#13140 = SURFACE_SIDE_STYLE('',(#13141));
#13141 = SURFACE_STYLE_FILL_AREA(#13142);
#13142 = FILL_AREA_STYLE('',(#13143));
#13143 = FILL_AREA_STYLE_COLOUR('',#12814);
#13144 = OVER_RIDING_STYLED_ITEM('overriding color',(#13145),#9379,
  #12735);
#13145 = PRESENTATION_STYLE_ASSIGNMENT((#13146));
#13146 = SURFACE_STYLE_USAGE(.BOTH.,#13147);
#13147 = SURFACE_SIDE_STYLE('',(#13148));
#13148 = SURFACE_STYLE_FILL_AREA(#13149);
#13149 = FILL_AREA_STYLE('',(#13150));
#13150 = FILL_AREA_STYLE_COLOUR('',#12814);
#13151 = OVER_RIDING_STYLED_ITEM('overriding color',(#13152),#9427,
  #12735);
#13152 = PRESENTATION_STYLE_ASSIGNMENT((#13153));
#13153 = SURFACE_STYLE_USAGE(.BOTH.,#13154);
#13154 = SURFACE_SIDE_STYLE('',(#13155));
#13155 = SURFACE_STYLE_FILL_AREA(#13156);
#13156 = FILL_AREA_STYLE('',(#13157));
#13157 = FILL_AREA_STYLE_COLOUR('',#12814);
#13158 = OVER_RIDING_STYLED_ITEM('overriding color',(#13159),#9490,
  #12735);
#13159 = PRESENTATION_STYLE_ASSIGNMENT((#13160));
#13160 = SURFACE_STYLE_USAGE(.BOTH.,#13161);
#13161 = SURFACE_SIDE_STYLE('',(#13162));
#13162 = SURFACE_STYLE_FILL_AREA(#13163);
#13163 = FILL_AREA_STYLE('',(#13164));
#13164 = FILL_AREA_STYLE_COLOUR('',#12814);
#13165 = OVER_RIDING_STYLED_ITEM('overriding color',(#13166),#9569,
  #12735);
#13166 = PRESENTATION_STYLE_ASSIGNMENT((#13167));
#13167 = SURFACE_STYLE_USAGE(.BOTH.,#13168);
#13168 = SURFACE_SIDE_STYLE('',(#13169));
#13169 = SURFACE_STYLE_FILL_AREA(#13170);
#13170 = FILL_AREA_STYLE('',(#13171));
#13171 = FILL_AREA_STYLE_COLOUR('',#12814);
#13172 = OVER_RIDING_STYLED_ITEM('overriding color',(#13173),#9648,
  #12735);
#13173 = PRESENTATION_STYLE_ASSIGNMENT((#13174));
#13174 = SURFACE_STYLE_USAGE(.BOTH.,#13175);
#13175 = SURFACE_SIDE_STYLE('',(#13176));
#13176 = SURFACE_STYLE_FILL_AREA(#13177);
#13177 = FILL_AREA_STYLE('',(#13178));
#13178 = FILL_AREA_STYLE_COLOUR('',#12814);
#13179 = OVER_RIDING_STYLED_ITEM('overriding color',(#13180),#9727,
  #12735);
#13180 = PRESENTATION_STYLE_ASSIGNMENT((#13181));
#13181 = SURFACE_STYLE_USAGE(.BOTH.,#13182);
#13182 = SURFACE_SIDE_STYLE('',(#13183));
#13183 = SURFACE_STYLE_FILL_AREA(#13184);
#13184 = FILL_AREA_STYLE('',(#13185));
#13185 = FILL_AREA_STYLE_COLOUR('',#12814);
#13186 = OVER_RIDING_STYLED_ITEM('overriding color',(#13187),#9806,
  #12735);
#13187 = PRESENTATION_STYLE_ASSIGNMENT((#13188));
#13188 = SURFACE_STYLE_USAGE(.BOTH.,#13189);
#13189 = SURFACE_SIDE_STYLE('',(#13190));
#13190 = SURFACE_STYLE_FILL_AREA(#13191);
#13191 = FILL_AREA_STYLE('',(#13192));
#13192 = FILL_AREA_STYLE_COLOUR('',#12814);
#13193 = OVER_RIDING_STYLED_ITEM('overriding color',(#13194),#9849,
  #12735);
#13194 = PRESENTATION_STYLE_ASSIGNMENT((#13195));
#13195 = SURFACE_STYLE_USAGE(.BOTH.,#13196);
#13196 = SURFACE_SIDE_STYLE('',(#13197));
#13197 = SURFACE_STYLE_FILL_AREA(#13198);
#13198 = FILL_AREA_STYLE('',(#13199));
#13199 = FILL_AREA_STYLE_COLOUR('',#12814);
#13200 = OVER_RIDING_STYLED_ITEM('overriding color',(#13201),#9866,
  #12735);
#13201 = PRESENTATION_STYLE_ASSIGNMENT((#13202));
#13202 = SURFACE_STYLE_USAGE(.BOTH.,#13203);
#13203 = SURFACE_SIDE_STYLE('',(#13204));
#13204 = SURFACE_STYLE_FILL_AREA(#13205);
#13205 = FILL_AREA_STYLE('',(#13206));
#13206 = FILL_AREA_STYLE_COLOUR('',#12814);
#13207 = OVER_RIDING_STYLED_ITEM('overriding color',(#13208),#9942,
  #12735);
#13208 = PRESENTATION_STYLE_ASSIGNMENT((#13209));
#13209 = SURFACE_STYLE_USAGE(.BOTH.,#13210);
#13210 = SURFACE_SIDE_STYLE('',(#13211));
#13211 = SURFACE_STYLE_FILL_AREA(#13212);
#13212 = FILL_AREA_STYLE('',(#13213));
#13213 = FILL_AREA_STYLE_COLOUR('',#12814);
#13214 = OVER_RIDING_STYLED_ITEM('overriding color',(#13215),#9991,
  #12735);
#13215 = PRESENTATION_STYLE_ASSIGNMENT((#13216));
#13216 = SURFACE_STYLE_USAGE(.BOTH.,#13217);
#13217 = SURFACE_SIDE_STYLE('',(#13218));
#13218 = SURFACE_STYLE_FILL_AREA(#13219);
#13219 = FILL_AREA_STYLE('',(#13220));
#13220 = FILL_AREA_STYLE_COLOUR('',#12814);
#13221 = OVER_RIDING_STYLED_ITEM('overriding color',(#13222),#10040,
  #12735);
#13222 = PRESENTATION_STYLE_ASSIGNMENT((#13223));
#13223 = SURFACE_STYLE_USAGE(.BOTH.,#13224);
#13224 = SURFACE_SIDE_STYLE('',(#13225));
#13225 = SURFACE_STYLE_FILL_AREA(#13226);
#13226 = FILL_AREA_STYLE('',(#13227));
#13227 = FILL_AREA_STYLE_COLOUR('',#12814);
#13228 = OVER_RIDING_STYLED_ITEM('overriding color',(#13229),#10088,
  #12735);
#13229 = PRESENTATION_STYLE_ASSIGNMENT((#13230));
#13230 = SURFACE_STYLE_USAGE(.BOTH.,#13231);
#13231 = SURFACE_SIDE_STYLE('',(#13232));
#13232 = SURFACE_STYLE_FILL_AREA(#13233);
#13233 = FILL_AREA_STYLE('',(#13234));
#13234 = FILL_AREA_STYLE_COLOUR('',#12814);
#13235 = OVER_RIDING_STYLED_ITEM('overriding color',(#13236),#10144,
  #12735);
#13236 = PRESENTATION_STYLE_ASSIGNMENT((#13237));
#13237 = SURFACE_STYLE_USAGE(.BOTH.,#13238);
#13238 = SURFACE_SIDE_STYLE('',(#13239));
#13239 = SURFACE_STYLE_FILL_AREA(#13240);
#13240 = FILL_AREA_STYLE('',(#13241));
#13241 = FILL_AREA_STYLE_COLOUR('',#12814);
#13242 = OVER_RIDING_STYLED_ITEM('overriding color',(#13243),#10192,
  #12735);
#13243 = PRESENTATION_STYLE_ASSIGNMENT((#13244));
#13244 = SURFACE_STYLE_USAGE(.BOTH.,#13245);
#13245 = SURFACE_SIDE_STYLE('',(#13246));
#13246 = SURFACE_STYLE_FILL_AREA(#13247);
#13247 = FILL_AREA_STYLE('',(#13248));
#13248 = FILL_AREA_STYLE_COLOUR('',#12814);
#13249 = OVER_RIDING_STYLED_ITEM('overriding color',(#13250),#10248,
  #12735);
#13250 = PRESENTATION_STYLE_ASSIGNMENT((#13251));
#13251 = SURFACE_STYLE_USAGE(.BOTH.,#13252);
#13252 = SURFACE_SIDE_STYLE('',(#13253));
#13253 = SURFACE_STYLE_FILL_AREA(#13254);
#13254 = FILL_AREA_STYLE('',(#13255));
#13255 = FILL_AREA_STYLE_COLOUR('',#12814);
#13256 = OVER_RIDING_STYLED_ITEM('overriding color',(#13257),#10297,
  #12735);
#13257 = PRESENTATION_STYLE_ASSIGNMENT((#13258));
#13258 = SURFACE_STYLE_USAGE(.BOTH.,#13259);
#13259 = SURFACE_SIDE_STYLE('',(#13260));
#13260 = SURFACE_STYLE_FILL_AREA(#13261);
#13261 = FILL_AREA_STYLE('',(#13262));
#13262 = FILL_AREA_STYLE_COLOUR('',#12814);
#13263 = OVER_RIDING_STYLED_ITEM('overriding color',(#13264),#10346,
  #12735);
#13264 = PRESENTATION_STYLE_ASSIGNMENT((#13265));
#13265 = SURFACE_STYLE_USAGE(.BOTH.,#13266);
#13266 = SURFACE_SIDE_STYLE('',(#13267));
#13267 = SURFACE_STYLE_FILL_AREA(#13268);
#13268 = FILL_AREA_STYLE('',(#13269));
#13269 = FILL_AREA_STYLE_COLOUR('',#12814);
#13270 = OVER_RIDING_STYLED_ITEM('overriding color',(#13271),#10395,
  #12735);
#13271 = PRESENTATION_STYLE_ASSIGNMENT((#13272));
#13272 = SURFACE_STYLE_USAGE(.BOTH.,#13273);
#13273 = SURFACE_SIDE_STYLE('',(#13274));
#13274 = SURFACE_STYLE_FILL_AREA(#13275);
#13275 = FILL_AREA_STYLE('',(#13276));
#13276 = FILL_AREA_STYLE_COLOUR('',#12814);
#13277 = OVER_RIDING_STYLED_ITEM('overriding color',(#13278),#10444,
  #12735);
#13278 = PRESENTATION_STYLE_ASSIGNMENT((#13279));
#13279 = SURFACE_STYLE_USAGE(.BOTH.,#13280);
#13280 = SURFACE_SIDE_STYLE('',(#13281));
#13281 = SURFACE_STYLE_FILL_AREA(#13282);
#13282 = FILL_AREA_STYLE('',(#13283));
#13283 = FILL_AREA_STYLE_COLOUR('',#12814);
#13284 = OVER_RIDING_STYLED_ITEM('overriding color',(#13285),#10492,
  #12735);
#13285 = PRESENTATION_STYLE_ASSIGNMENT((#13286));
#13286 = SURFACE_STYLE_USAGE(.BOTH.,#13287);
#13287 = SURFACE_SIDE_STYLE('',(#13288));
#13288 = SURFACE_STYLE_FILL_AREA(#13289);
#13289 = FILL_AREA_STYLE('',(#13290));
#13290 = FILL_AREA_STYLE_COLOUR('',#12814);
#13291 = OVER_RIDING_STYLED_ITEM('overriding color',(#13292),#10543,
  #12735);
#13292 = PRESENTATION_STYLE_ASSIGNMENT((#13293));
#13293 = SURFACE_STYLE_USAGE(.BOTH.,#13294);
#13294 = SURFACE_SIDE_STYLE('',(#13295));
#13295 = SURFACE_STYLE_FILL_AREA(#13296);
#13296 = FILL_AREA_STYLE('',(#13297));
#13297 = FILL_AREA_STYLE_COLOUR('',#12814);
#13298 = OVER_RIDING_STYLED_ITEM('overriding color',(#13299),#10599,
  #12735);
#13299 = PRESENTATION_STYLE_ASSIGNMENT((#13300));
#13300 = SURFACE_STYLE_USAGE(.BOTH.,#13301);
#13301 = SURFACE_SIDE_STYLE('',(#13302));
#13302 = SURFACE_STYLE_FILL_AREA(#13303);
#13303 = FILL_AREA_STYLE('',(#13304));
#13304 = FILL_AREA_STYLE_COLOUR('',#12814);
#13305 = OVER_RIDING_STYLED_ITEM('overriding color',(#13306),#10648,
  #12735);
#13306 = PRESENTATION_STYLE_ASSIGNMENT((#13307));
#13307 = SURFACE_STYLE_USAGE(.BOTH.,#13308);
#13308 = SURFACE_SIDE_STYLE('',(#13309));
#13309 = SURFACE_STYLE_FILL_AREA(#13310);
#13310 = FILL_AREA_STYLE('',(#13311));
#13311 = FILL_AREA_STYLE_COLOUR('',#12814);
#13312 = OVER_RIDING_STYLED_ITEM('overriding color',(#13313),#10697,
  #12735);
#13313 = PRESENTATION_STYLE_ASSIGNMENT((#13314));
#13314 = SURFACE_STYLE_USAGE(.BOTH.,#13315);
#13315 = SURFACE_SIDE_STYLE('',(#13316));
#13316 = SURFACE_STYLE_FILL_AREA(#13317);
#13317 = FILL_AREA_STYLE('',(#13318));
#13318 = FILL_AREA_STYLE_COLOUR('',#12814);
#13319 = OVER_RIDING_STYLED_ITEM('overriding color',(#13320),#10745,
  #12735);
#13320 = PRESENTATION_STYLE_ASSIGNMENT((#13321));
#13321 = SURFACE_STYLE_USAGE(.BOTH.,#13322);
#13322 = SURFACE_SIDE_STYLE('',(#13323));
#13323 = SURFACE_STYLE_FILL_AREA(#13324);
#13324 = FILL_AREA_STYLE('',(#13325));
#13325 = FILL_AREA_STYLE_COLOUR('',#12814);
#13326 = OVER_RIDING_STYLED_ITEM('overriding color',(#13327),#10800,
  #12735);
#13327 = PRESENTATION_STYLE_ASSIGNMENT((#13328));
#13328 = SURFACE_STYLE_USAGE(.BOTH.,#13329);
#13329 = SURFACE_SIDE_STYLE('',(#13330));
#13330 = SURFACE_STYLE_FILL_AREA(#13331);
#13331 = FILL_AREA_STYLE('',(#13332));
#13332 = FILL_AREA_STYLE_COLOUR('',#12814);
#13333 = OVER_RIDING_STYLED_ITEM('overriding color',(#13334),#10856,
  #12735);
#13334 = PRESENTATION_STYLE_ASSIGNMENT((#13335));
#13335 = SURFACE_STYLE_USAGE(.BOTH.,#13336);
#13336 = SURFACE_SIDE_STYLE('',(#13337));
#13337 = SURFACE_STYLE_FILL_AREA(#13338);
#13338 = FILL_AREA_STYLE('',(#13339));
#13339 = FILL_AREA_STYLE_COLOUR('',#12814);
#13340 = OVER_RIDING_STYLED_ITEM('overriding color',(#13341),#10883,
  #12735);
#13341 = PRESENTATION_STYLE_ASSIGNMENT((#13342));
#13342 = SURFACE_STYLE_USAGE(.BOTH.,#13343);
#13343 = SURFACE_SIDE_STYLE('',(#13344));
#13344 = SURFACE_STYLE_FILL_AREA(#13345);
#13345 = FILL_AREA_STYLE('',(#13346));
#13346 = FILL_AREA_STYLE_COLOUR('',#12814);
#13347 = OVER_RIDING_STYLED_ITEM('overriding color',(#13348),#10906,
  #12735);
#13348 = PRESENTATION_STYLE_ASSIGNMENT((#13349));
#13349 = SURFACE_STYLE_USAGE(.BOTH.,#13350);
#13350 = SURFACE_SIDE_STYLE('',(#13351));
#13351 = SURFACE_STYLE_FILL_AREA(#13352);
#13352 = FILL_AREA_STYLE('',(#13353));
#13353 = FILL_AREA_STYLE_COLOUR('',#12750);
#13354 = OVER_RIDING_STYLED_ITEM('overriding color',(#13355),#10913,
  #12735);
#13355 = PRESENTATION_STYLE_ASSIGNMENT((#13356));
#13356 = SURFACE_STYLE_USAGE(.BOTH.,#13357);
#13357 = SURFACE_SIDE_STYLE('',(#13358));
#13358 = SURFACE_STYLE_FILL_AREA(#13359);
#13359 = FILL_AREA_STYLE('',(#13360));
#13360 = FILL_AREA_STYLE_COLOUR('',#12750);
ENDSEC;
END-ISO-10303-21;
