ISO-10303-21;
HEADER;
FILE_DESCRIPTION(('Open CASCADE Model'),'2;1');
FILE_NAME('Open CASCADE Shape Model','2026-09-10T01:00:58',('Author'),(
    'Open CASCADE'),'Open CASCADE STEP processor 7.8','Open CASCADE 7.8'
  ,'Unknown');
FILE_SCHEMA(('AUTOMOTIVE_DESIGN { 1 0 10303 214 1 1 1 1 }'));
ENDSEC;
DATA;
#1 = APPLICATION_PROTOCOL_DEFINITION('international standard',
  'automotive_design',2000,#2);
#2 = APPLICATION_CONTEXT(
  'core data for automotive mechanical design processes');
#3 = SHAPE_DEFINITION_REPRESENTATION(#4,#10);
#4 = PRODUCT_DEFINITION_SHAPE('','',#5);
#5 = PRODUCT_DEFINITION('design','',#6,#9);
#6 = PRODUCT_DEFINITION_FORMATION('','',#7);
#7 = PRODUCT('Open CASCADE STEP translator 7.8 1',
  'Open CASCADE STEP translator 7.8 1','',(#8));
#8 = PRODUCT_CONTEXT('',#2,'mechanical');
#9 = PRODUCT_DEFINITION_CONTEXT('part definition',#2,'design');
#10 = SHAPE_REPRESENTATION('',(#11,#15),#19);
#11 = AXIS2_PLACEMENT_3D('',#12,#13,#14);
#12 = CARTESIAN_POINT('',(0.,0.,0.));
#13 = DIRECTION('',(0.,0.,1.));
#14 = DIRECTION('',(1.,0.,-0.));
#15 = AXIS2_PLACEMENT_3D('',#16,#17,#18);
#16 = CARTESIAN_POINT('',(-1.52000000071E-04,1.52000000071E-04,
    2.00001E-02));
#17 = DIRECTION('',(0.,0.,1.));
#18 = DIRECTION('',(1.,0.,0.));
#19 = ( GEOMETRIC_REPRESENTATION_CONTEXT(3) 
GLOBAL_UNCERTAINTY_ASSIGNED_CONTEXT((#23)) GLOBAL_UNIT_ASSIGNED_CONTEXT(
(#20,#21,#22)) REPRESENTATION_CONTEXT('Context #1',
  '3D Context with UNIT and UNCERTAINTY') );
#20 = ( LENGTH_UNIT() NAMED_UNIT(*) SI_UNIT(.MILLI.,.METRE.) );
#21 = ( NAMED_UNIT(*) PLANE_ANGLE_UNIT() SI_UNIT($,.RADIAN.) );
#22 = ( NAMED_UNIT(*) SI_UNIT($,.STERADIAN.) SOLID_ANGLE_UNIT() );
#23 = UNCERTAINTY_MEASURE_WITH_UNIT(LENGTH_MEASURE(1.E-07),#20,
  'distance_accuracy_value','confusion accuracy');
#24 = PRODUCT_RELATED_PRODUCT_CATEGORY('part',$,(#7));
#25 = SHAPE_DEFINITION_REPRESENTATION(#26,#32);
#26 = PRODUCT_DEFINITION_SHAPE('','',#27);
#27 = PRODUCT_DEFINITION('design','',#28,#31);
#28 = PRODUCT_DEFINITION_FORMATION('','',#29);
#29 = PRODUCT('VQFN-20_L5.0-W5.0-H1.0-P0.65',
  'VQFN-20_L5.0-W5.0-H1.0-P0.65','',(#30));
#30 = PRODUCT_CONTEXT('',#2,'mechanical');
#31 = PRODUCT_DEFINITION_CONTEXT('part definition',#2,'design');
#32 = SHAPE_REPRESENTATION('',(#11,#33,#9125,#9465,#9805,#10145,#10485,
    #10825,#11165,#11505,#11845,#12185,#12525,#12865,#13205,#13545,
    #13885,#14225,#14565,#14905,#15245,#15585),#15925);
#33 = MANIFOLD_SOLID_BREP('',#34);
#34 = CLOSED_SHELL('',(#35,#156,#276,#3284,#3331,#3358,#3385,#3620,#3696
    ,#3745,#3794,#3843,#3892,#3940,#3996,#4044,#4100,#4127,#4140,#4168,
    #4173,#4277,#4356,#4435,#4494,#4879,#4983,#5062,#5141,#5200,#5304,
    #5383,#5447,#5495,#5558,#5637,#5716,#5796,#5845,#5894,#5943,#5991,
    #6050,#6066,#6142,#6191,#6239,#6291,#6339,#6403,#6452,#6501,#6550,
    #6599,#6647,#6711,#6759,#6823,#6872,#6899,#6918,#6994,#7043,#7092,
    #7141,#7190,#7239,#7288,#7337,#7386,#7413,#7426,#7530,#7609,#7688,
    #7751,#7803,#7852,#7901,#7949,#7984,#8374,#8478,#8557,#8636,#8695,
    #8702,#8709,#8785,#8834,#8883,#8910,#8917,#8993,#9042,#9091,#9118));
#35 = ADVANCED_FACE('',(#36),#50,.F.);
#36 = FACE_BOUND('',#37,.F.);
#37 = EDGE_LOOP('',(#38,#73,#106,#129));
#38 = ORIENTED_EDGE('',*,*,#39,.T.);
#39 = EDGE_CURVE('',#40,#42,#44,.T.);
#40 = VERTEX_POINT('',#41);
#41 = CARTESIAN_POINT('',(-2.037581610142,2.15,0.99));
#42 = VERTEX_POINT('',#43);
#43 = CARTESIAN_POINT('',(-2.037581610142,2.15,1.));
#44 = SURFACE_CURVE('',#45,(#49,#61),.PCURVE_S1.);
#45 = LINE('',#46,#47);
#46 = CARTESIAN_POINT('',(-2.037581610142,2.15,0.99));
#47 = VECTOR('',#48,1.);
#48 = DIRECTION('',(-0.,-0.,1.));
#49 = PCURVE('',#50,#55);
#50 = CYLINDRICAL_SURFACE('',#51,0.112418389858);
#51 = AXIS2_PLACEMENT_3D('',#52,#53,#54);
#52 = CARTESIAN_POINT('',(-2.15,2.15,0.99));
#53 = DIRECTION('',(-0.,-0.,1.));
#54 = DIRECTION('',(1.,0.,0.));
#55 = DEFINITIONAL_REPRESENTATION('',(#56),#60);
#56 = LINE('',#57,#58);
#57 = CARTESIAN_POINT('',(6.28318530718,0.));
#58 = VECTOR('',#59,1.);
#59 = DIRECTION('',(0.,1.));
#60 = ( GEOMETRIC_REPRESENTATION_CONTEXT(2) 
PARAMETRIC_REPRESENTATION_CONTEXT() REPRESENTATION_CONTEXT('2D SPACE',''
  ) );
#61 = PCURVE('',#62,#67);
#62 = CYLINDRICAL_SURFACE('',#63,0.112418389858);
#63 = AXIS2_PLACEMENT_3D('',#64,#65,#66);
#64 = CARTESIAN_POINT('',(-2.15,2.15,0.99));
#65 = DIRECTION('',(-0.,-0.,1.));
#66 = DIRECTION('',(1.,0.,0.));
#67 = DEFINITIONAL_REPRESENTATION('',(#68),#72);
#68 = LINE('',#69,#70);
#69 = CARTESIAN_POINT('',(0.,0.));
#70 = VECTOR('',#71,1.);
#71 = DIRECTION('',(0.,1.));
#72 = ( GEOMETRIC_REPRESENTATION_CONTEXT(2) 
PARAMETRIC_REPRESENTATION_CONTEXT() REPRESENTATION_CONTEXT('2D SPACE',''
  ) );
#73 = ORIENTED_EDGE('',*,*,#74,.F.);
#74 = EDGE_CURVE('',#75,#42,#77,.T.);
#75 = VERTEX_POINT('',#76);
#76 = CARTESIAN_POINT('',(-2.262418389858,2.15,1.));
#77 = SURFACE_CURVE('',#78,(#83,#90),.PCURVE_S1.);
#78 = CIRCLE('',#79,0.112418389858);
#79 = AXIS2_PLACEMENT_3D('',#80,#81,#82);
#80 = CARTESIAN_POINT('',(-2.15,2.15,1.));
#81 = DIRECTION('',(0.,0.,1.));
#82 = DIRECTION('',(1.,0.,-0.));
#83 = PCURVE('',#50,#84);
#84 = DEFINITIONAL_REPRESENTATION('',(#85),#89);
#85 = LINE('',#86,#87);
#86 = CARTESIAN_POINT('',(0.,1.E-02));
#87 = VECTOR('',#88,1.);
#88 = DIRECTION('',(1.,0.));
#89 = ( GEOMETRIC_REPRESENTATION_CONTEXT(2) 
PARAMETRIC_REPRESENTATION_CONTEXT() REPRESENTATION_CONTEXT('2D SPACE',''
  ) );
#90 = PCURVE('',#91,#96);
#91 = PLANE('',#92);
#92 = AXIS2_PLACEMENT_3D('',#93,#94,#95);
#93 = CARTESIAN_POINT('',(0.,0.,1.));
#94 = DIRECTION('',(0.,0.,-1.));
#95 = DIRECTION('',(-1.,0.,-0.));
#96 = DEFINITIONAL_REPRESENTATION('',(#97),#105);
#97 = ( BOUNDED_CURVE() B_SPLINE_CURVE(2,(#98,#99,#100,#101,#102,#103,
#104),.UNSPECIFIED.,.T.,.F.) B_SPLINE_CURVE_WITH_KNOTS((1,2,2,2,2,1),(
    -2.094395102393,0.,2.094395102393,4.188790204786,6.28318530718,
8.377580409573),.UNSPECIFIED.) CURVE() GEOMETRIC_REPRESENTATION_ITEM() 
RATIONAL_B_SPLINE_CURVE((1.,0.5,1.,0.5,1.,0.5,1.)) REPRESENTATION_ITEM(
  '') );
#98 = CARTESIAN_POINT('',(2.037581610142,2.15));
#99 = CARTESIAN_POINT('',(2.037581610142,2.344714362939));
#100 = CARTESIAN_POINT('',(2.206209194929,2.247357181469));
#101 = CARTESIAN_POINT('',(2.374836779716,2.15));
#102 = CARTESIAN_POINT('',(2.206209194929,2.052642818531));
#103 = CARTESIAN_POINT('',(2.037581610142,1.955285637061));
#104 = CARTESIAN_POINT('',(2.037581610142,2.15));
#105 = ( GEOMETRIC_REPRESENTATION_CONTEXT(2) 
PARAMETRIC_REPRESENTATION_CONTEXT() REPRESENTATION_CONTEXT('2D SPACE',''
  ) );
#106 = ORIENTED_EDGE('',*,*,#107,.F.);
#107 = EDGE_CURVE('',#108,#75,#110,.T.);
#108 = VERTEX_POINT('',#109);
#109 = CARTESIAN_POINT('',(-2.262418389858,2.15,0.99));
#110 = SURFACE_CURVE('',#111,(#115,#122),.PCURVE_S1.);
#111 = LINE('',#112,#113);
#112 = CARTESIAN_POINT('',(-2.262418389858,2.15,0.99));
#113 = VECTOR('',#114,1.);
#114 = DIRECTION('',(-0.,-0.,1.));
#115 = PCURVE('',#50,#116);
#116 = DEFINITIONAL_REPRESENTATION('',(#117),#121);
#117 = LINE('',#118,#119);
#118 = CARTESIAN_POINT('',(3.14159265359,0.));
#119 = VECTOR('',#120,1.);
#120 = DIRECTION('',(0.,1.));
#121 = ( GEOMETRIC_REPRESENTATION_CONTEXT(2) 
PARAMETRIC_REPRESENTATION_CONTEXT() REPRESENTATION_CONTEXT('2D SPACE',''
  ) );
#122 = PCURVE('',#62,#123);
#123 = DEFINITIONAL_REPRESENTATION('',(#124),#128);
#124 = LINE('',#125,#126);
#125 = CARTESIAN_POINT('',(3.14159265359,0.));
#126 = VECTOR('',#127,1.);
#127 = DIRECTION('',(0.,1.));
#128 = ( GEOMETRIC_REPRESENTATION_CONTEXT(2) 
PARAMETRIC_REPRESENTATION_CONTEXT() REPRESENTATION_CONTEXT('2D SPACE',''
  ) );
#129 = ORIENTED_EDGE('',*,*,#130,.T.);
#130 = EDGE_CURVE('',#108,#40,#131,.T.);
#131 = SURFACE_CURVE('',#132,(#137,#144),.PCURVE_S1.);
#132 = CIRCLE('',#133,0.112418389858);
#133 = AXIS2_PLACEMENT_3D('',#134,#135,#136);
#134 = CARTESIAN_POINT('',(-2.15,2.15,0.99));
#135 = DIRECTION('',(0.,0.,1.));
#136 = DIRECTION('',(1.,0.,-0.));
#137 = PCURVE('',#50,#138);
#138 = DEFINITIONAL_REPRESENTATION('',(#139),#143);
#139 = LINE('',#140,#141);
#140 = CARTESIAN_POINT('',(0.,0.));
#141 = VECTOR('',#142,1.);
#142 = DIRECTION('',(1.,0.));
#143 = ( GEOMETRIC_REPRESENTATION_CONTEXT(2) 
PARAMETRIC_REPRESENTATION_CONTEXT() REPRESENTATION_CONTEXT('2D SPACE',''
  ) );
#144 = PCURVE('',#145,#150);
#145 = PLANE('',#146);
#146 = AXIS2_PLACEMENT_3D('',#147,#148,#149);
#147 = CARTESIAN_POINT('',(-2.15,2.15,0.99));
#148 = DIRECTION('',(0.,0.,1.));
#149 = DIRECTION('',(1.,0.,-0.));
#150 = DEFINITIONAL_REPRESENTATION('',(#151),#155);
#151 = CIRCLE('',#152,0.112418389858);
#152 = AXIS2_PLACEMENT_2D('',#153,#154);
#153 = CARTESIAN_POINT('',(0.,0.));
#154 = DIRECTION('',(1.,0.));
#155 = ( GEOMETRIC_REPRESENTATION_CONTEXT(2) 
PARAMETRIC_REPRESENTATION_CONTEXT() REPRESENTATION_CONTEXT('2D SPACE',''
  ) );
#156 = ADVANCED_FACE('',(#157),#171,.T.);
#157 = FACE_BOUND('',#158,.T.);
#158 = EDGE_LOOP('',(#159,#194,#222,#250));
#159 = ORIENTED_EDGE('',*,*,#160,.F.);
#160 = EDGE_CURVE('',#161,#163,#165,.T.);
#161 = VERTEX_POINT('',#162);
#162 = CARTESIAN_POINT('',(2.5,-2.5,0.));
#163 = VERTEX_POINT('',#164);
#164 = CARTESIAN_POINT('',(2.5,2.5,0.));
#165 = SURFACE_CURVE('',#166,(#170,#182),.PCURVE_S1.);
#166 = LINE('',#167,#168);
#167 = CARTESIAN_POINT('',(2.5,-2.5,0.));
#168 = VECTOR('',#169,1.);
#169 = DIRECTION('',(0.,1.,0.));
#170 = PCURVE('',#171,#176);
#171 = PLANE('',#172);
#172 = AXIS2_PLACEMENT_3D('',#173,#174,#175);
#173 = CARTESIAN_POINT('',(0.,0.,0.));
#174 = DIRECTION('',(0.,0.,-1.));
#175 = DIRECTION('',(-1.,0.,-0.));
#176 = DEFINITIONAL_REPRESENTATION('',(#177),#181);
#177 = LINE('',#178,#179);
#178 = CARTESIAN_POINT('',(-2.5,-2.5));
#179 = VECTOR('',#180,1.);
#180 = DIRECTION('',(0.,1.));
#181 = ( GEOMETRIC_REPRESENTATION_CONTEXT(2) 
PARAMETRIC_REPRESENTATION_CONTEXT() REPRESENTATION_CONTEXT('2D SPACE',''
  ) );
#182 = PCURVE('',#183,#188);
#183 = PLANE('',#184);
#184 = AXIS2_PLACEMENT_3D('',#185,#186,#187);
#185 = CARTESIAN_POINT('',(2.5,-2.5,1.));
#186 = DIRECTION('',(-1.,0.,0.));
#187 = DIRECTION('',(0.,0.,1.));
#188 = DEFINITIONAL_REPRESENTATION('',(#189),#193);
#189 = LINE('',#190,#191);
#190 = CARTESIAN_POINT('',(-1.,0.));
#191 = VECTOR('',#192,1.);
#192 = DIRECTION('',(0.,1.));
#193 = ( GEOMETRIC_REPRESENTATION_CONTEXT(2) 
PARAMETRIC_REPRESENTATION_CONTEXT() REPRESENTATION_CONTEXT('2D SPACE',''
  ) );
#194 = ORIENTED_EDGE('',*,*,#195,.F.);
#195 = EDGE_CURVE('',#196,#161,#198,.T.);
#196 = VERTEX_POINT('',#197);
#197 = CARTESIAN_POINT('',(-2.5,-2.5,0.));
#198 = SURFACE_CURVE('',#199,(#203,#210),.PCURVE_S1.);
#199 = LINE('',#200,#201);
#200 = CARTESIAN_POINT('',(-2.5,-2.5,0.));
#201 = VECTOR('',#202,1.);
#202 = DIRECTION('',(1.,0.,0.));
#203 = PCURVE('',#171,#204);
#204 = DEFINITIONAL_REPRESENTATION('',(#205),#209);
#205 = LINE('',#206,#207);
#206 = CARTESIAN_POINT('',(2.5,-2.5));
#207 = VECTOR('',#208,1.);
#208 = DIRECTION('',(-1.,0.));
#209 = ( GEOMETRIC_REPRESENTATION_CONTEXT(2) 
PARAMETRIC_REPRESENTATION_CONTEXT() REPRESENTATION_CONTEXT('2D SPACE',''
  ) );
#210 = PCURVE('',#211,#216);
#211 = PLANE('',#212);
#212 = AXIS2_PLACEMENT_3D('',#213,#214,#215);
#213 = CARTESIAN_POINT('',(-2.5,-2.5,1.));
#214 = DIRECTION('',(0.,1.,0.));
#215 = DIRECTION('',(0.,-0.,1.));
#216 = DEFINITIONAL_REPRESENTATION('',(#217),#221);
#217 = LINE('',#218,#219);
#218 = CARTESIAN_POINT('',(-1.,0.));
#219 = VECTOR('',#220,1.);
#220 = DIRECTION('',(0.,1.));
#221 = ( GEOMETRIC_REPRESENTATION_CONTEXT(2) 
PARAMETRIC_REPRESENTATION_CONTEXT() REPRESENTATION_CONTEXT('2D SPACE',''
  ) );
#222 = ORIENTED_EDGE('',*,*,#223,.F.);
#223 = EDGE_CURVE('',#224,#196,#226,.T.);
#224 = VERTEX_POINT('',#225);
#225 = CARTESIAN_POINT('',(-2.5,2.5,0.));
#226 = SURFACE_CURVE('',#227,(#231,#238),.PCURVE_S1.);
#227 = LINE('',#228,#229);
#228 = CARTESIAN_POINT('',(-2.5,-2.5,0.));
#229 = VECTOR('',#230,1.);
#230 = DIRECTION('',(-0.,-1.,-0.));
#231 = PCURVE('',#171,#232);
#232 = DEFINITIONAL_REPRESENTATION('',(#233),#237);
#233 = LINE('',#234,#235);
#234 = CARTESIAN_POINT('',(2.5,-2.5));
#235 = VECTOR('',#236,1.);
#236 = DIRECTION('',(0.,-1.));
#237 = ( GEOMETRIC_REPRESENTATION_CONTEXT(2) 
PARAMETRIC_REPRESENTATION_CONTEXT() REPRESENTATION_CONTEXT('2D SPACE',''
  ) );
#238 = PCURVE('',#239,#244);
#239 = PLANE('',#240);
#240 = AXIS2_PLACEMENT_3D('',#241,#242,#243);
#241 = CARTESIAN_POINT('',(-2.5,-2.5,1.));
#242 = DIRECTION('',(1.,0.,0.));
#243 = DIRECTION('',(0.,0.,-1.));
#244 = DEFINITIONAL_REPRESENTATION('',(#245),#249);
#245 = LINE('',#246,#247);
#246 = CARTESIAN_POINT('',(1.,0.));
#247 = VECTOR('',#248,1.);
#248 = DIRECTION('',(0.,-1.));
#249 = ( GEOMETRIC_REPRESENTATION_CONTEXT(2) 
PARAMETRIC_REPRESENTATION_CONTEXT() REPRESENTATION_CONTEXT('2D SPACE',''
  ) );
#250 = ORIENTED_EDGE('',*,*,#251,.F.);
#251 = EDGE_CURVE('',#163,#224,#252,.T.);
#252 = SURFACE_CURVE('',#253,(#257,#264),.PCURVE_S1.);
#253 = LINE('',#254,#255);
#254 = CARTESIAN_POINT('',(-2.5,2.5,0.));
#255 = VECTOR('',#256,1.);
#256 = DIRECTION('',(-1.,-0.,-0.));
#257 = PCURVE('',#171,#258);
#258 = DEFINITIONAL_REPRESENTATION('',(#259),#263);
#259 = LINE('',#260,#261);
#260 = CARTESIAN_POINT('',(2.5,2.5));
#261 = VECTOR('',#262,1.);
#262 = DIRECTION('',(1.,0.));
#263 = ( GEOMETRIC_REPRESENTATION_CONTEXT(2) 
PARAMETRIC_REPRESENTATION_CONTEXT() REPRESENTATION_CONTEXT('2D SPACE',''
  ) );
#264 = PCURVE('',#265,#270);
#265 = PLANE('',#266);
#266 = AXIS2_PLACEMENT_3D('',#267,#268,#269);
#267 = CARTESIAN_POINT('',(-2.5,2.5,1.));
#268 = DIRECTION('',(0.,-1.,0.));
#269 = DIRECTION('',(0.,-0.,-1.));
#270 = DEFINITIONAL_REPRESENTATION('',(#271),#275);
#271 = LINE('',#272,#273);
#272 = CARTESIAN_POINT('',(1.,0.));
#273 = VECTOR('',#274,1.);
#274 = DIRECTION('',(0.,-1.));
#275 = ( GEOMETRIC_REPRESENTATION_CONTEXT(2) 
PARAMETRIC_REPRESENTATION_CONTEXT() REPRESENTATION_CONTEXT('2D SPACE',''
  ) );
#276 = ADVANCED_FACE('',(#277,#559,#1389,#1707,#1801,#1830,#2208,#2770),
  #91,.F.);
#277 = FACE_BOUND('',#278,.T.);
#278 = EDGE_LOOP('',(#279,#309,#337,#365,#393,#421,#449,#477,#505,#533)
  );
#279 = ORIENTED_EDGE('',*,*,#280,.T.);
#280 = EDGE_CURVE('',#281,#283,#285,.T.);
#281 = VERTEX_POINT('',#282);
#282 = CARTESIAN_POINT('',(1.045487472278E-02,0.248852345009,1.));
#283 = VERTEX_POINT('',#284);
#284 = CARTESIAN_POINT('',(1.045487472278E-02,0.204949905984,1.));
#285 = SURFACE_CURVE('',#286,(#290,#297),.PCURVE_S1.);
#286 = LINE('',#287,#288);
#287 = CARTESIAN_POINT('',(1.045487472278E-02,0.248852345009,1.));
#288 = VECTOR('',#289,1.);
#289 = DIRECTION('',(0.,-1.,0.));
#290 = PCURVE('',#91,#291);
#291 = DEFINITIONAL_REPRESENTATION('',(#292),#296);
#292 = LINE('',#293,#294);
#293 = CARTESIAN_POINT('',(-1.045487472278E-02,0.248852345009));
#294 = VECTOR('',#295,1.);
#295 = DIRECTION('',(-0.,-1.));
#296 = ( GEOMETRIC_REPRESENTATION_CONTEXT(2) 
PARAMETRIC_REPRESENTATION_CONTEXT() REPRESENTATION_CONTEXT('2D SPACE',''
  ) );
#297 = PCURVE('',#298,#303);
#298 = PLANE('',#299);
#299 = AXIS2_PLACEMENT_3D('',#300,#301,#302);
#300 = CARTESIAN_POINT('',(1.045487472278E-02,0.248852345009,0.99));
#301 = DIRECTION('',(-1.,0.,-0.));
#302 = DIRECTION('',(0.,0.,1.));
#303 = DEFINITIONAL_REPRESENTATION('',(#304),#308);
#304 = LINE('',#305,#306);
#305 = CARTESIAN_POINT('',(1.E-02,0.));
#306 = VECTOR('',#307,1.);
#307 = DIRECTION('',(0.,-1.));
#308 = ( GEOMETRIC_REPRESENTATION_CONTEXT(2) 
PARAMETRIC_REPRESENTATION_CONTEXT() REPRESENTATION_CONTEXT('2D SPACE',''
  ) );
#309 = ORIENTED_EDGE('',*,*,#310,.T.);
#310 = EDGE_CURVE('',#283,#311,#313,.T.);
#311 = VERTEX_POINT('',#312);
#312 = CARTESIAN_POINT('',(-0.140764637472,0.204949905984,1.));
#313 = SURFACE_CURVE('',#314,(#318,#325),.PCURVE_S1.);
#314 = LINE('',#315,#316);
#315 = CARTESIAN_POINT('',(1.045487472278E-02,0.204949905984,1.));
#316 = VECTOR('',#317,1.);
#317 = DIRECTION('',(-1.,0.,0.));
#318 = PCURVE('',#91,#319);
#319 = DEFINITIONAL_REPRESENTATION('',(#320),#324);
#320 = LINE('',#321,#322);
#321 = CARTESIAN_POINT('',(-1.045487472278E-02,0.204949905984));
#322 = VECTOR('',#323,1.);
#323 = DIRECTION('',(1.,0.));
#324 = ( GEOMETRIC_REPRESENTATION_CONTEXT(2) 
PARAMETRIC_REPRESENTATION_CONTEXT() REPRESENTATION_CONTEXT('2D SPACE',''
  ) );
#325 = PCURVE('',#326,#331);
#326 = PLANE('',#327);
#327 = AXIS2_PLACEMENT_3D('',#328,#329,#330);
#328 = CARTESIAN_POINT('',(1.045487472278E-02,0.204949905984,0.99));
#329 = DIRECTION('',(0.,1.,0.));
#330 = DIRECTION('',(0.,-0.,1.));
#331 = DEFINITIONAL_REPRESENTATION('',(#332),#336);
#332 = LINE('',#333,#334);
#333 = CARTESIAN_POINT('',(1.E-02,0.));
#334 = VECTOR('',#335,1.);
#335 = DIRECTION('',(0.,-1.));
#336 = ( GEOMETRIC_REPRESENTATION_CONTEXT(2) 
PARAMETRIC_REPRESENTATION_CONTEXT() REPRESENTATION_CONTEXT('2D SPACE',''
  ) );
#337 = ORIENTED_EDGE('',*,*,#338,.T.);
#338 = EDGE_CURVE('',#311,#339,#341,.T.);
#339 = VERTEX_POINT('',#340);
#340 = CARTESIAN_POINT('',(-0.140764637472,6.836454013082E-02,1.));
#341 = SURFACE_CURVE('',#342,(#346,#353),.PCURVE_S1.);
#342 = LINE('',#343,#344);
#343 = CARTESIAN_POINT('',(-0.140764637472,0.204949905984,1.));
#344 = VECTOR('',#345,1.);
#345 = DIRECTION('',(0.,-1.,0.));
#346 = PCURVE('',#91,#347);
#347 = DEFINITIONAL_REPRESENTATION('',(#348),#352);
#348 = LINE('',#349,#350);
#349 = CARTESIAN_POINT('',(0.140764637472,0.204949905984));
#350 = VECTOR('',#351,1.);
#351 = DIRECTION('',(-0.,-1.));
#352 = ( GEOMETRIC_REPRESENTATION_CONTEXT(2) 
PARAMETRIC_REPRESENTATION_CONTEXT() REPRESENTATION_CONTEXT('2D SPACE',''
  ) );
#353 = PCURVE('',#354,#359);
#354 = PLANE('',#355);
#355 = AXIS2_PLACEMENT_3D('',#356,#357,#358);
#356 = CARTESIAN_POINT('',(-0.140764637472,0.204949905984,0.99));
#357 = DIRECTION('',(-1.,0.,-0.));
#358 = DIRECTION('',(0.,0.,1.));
#359 = DEFINITIONAL_REPRESENTATION('',(#360),#364);
#360 = LINE('',#361,#362);
#361 = CARTESIAN_POINT('',(1.E-02,0.));
#362 = VECTOR('',#363,1.);
#363 = DIRECTION('',(0.,-1.));
#364 = ( GEOMETRIC_REPRESENTATION_CONTEXT(2) 
PARAMETRIC_REPRESENTATION_CONTEXT() REPRESENTATION_CONTEXT('2D SPACE',''
  ) );
#365 = ORIENTED_EDGE('',*,*,#366,.T.);
#366 = EDGE_CURVE('',#339,#367,#369,.T.);
#367 = VERTEX_POINT('',#368);
#368 = CARTESIAN_POINT('',(6.987771618005E-04,6.836454013082E-02,1.));
#369 = SURFACE_CURVE('',#370,(#374,#381),.PCURVE_S1.);
#370 = LINE('',#371,#372);
#371 = CARTESIAN_POINT('',(-0.140764637472,6.836454013082E-02,1.));
#372 = VECTOR('',#373,1.);
#373 = DIRECTION('',(1.,0.,0.));
#374 = PCURVE('',#91,#375);
#375 = DEFINITIONAL_REPRESENTATION('',(#376),#380);
#376 = LINE('',#377,#378);
#377 = CARTESIAN_POINT('',(0.140764637472,6.836454013082E-02));
#378 = VECTOR('',#379,1.);
#379 = DIRECTION('',(-1.,0.));
#380 = ( GEOMETRIC_REPRESENTATION_CONTEXT(2) 
PARAMETRIC_REPRESENTATION_CONTEXT() REPRESENTATION_CONTEXT('2D SPACE',''
  ) );
#381 = PCURVE('',#382,#387);
#382 = PLANE('',#383);
#383 = AXIS2_PLACEMENT_3D('',#384,#385,#386);
#384 = CARTESIAN_POINT('',(-0.140764637472,6.836454013082E-02,0.99));
#385 = DIRECTION('',(0.,-1.,0.));
#386 = DIRECTION('',(0.,-0.,-1.));
#387 = DEFINITIONAL_REPRESENTATION('',(#388),#392);
#388 = LINE('',#389,#390);
#389 = CARTESIAN_POINT('',(-1.E-02,0.));
#390 = VECTOR('',#391,1.);
#391 = DIRECTION('',(0.,1.));
#392 = ( GEOMETRIC_REPRESENTATION_CONTEXT(2) 
PARAMETRIC_REPRESENTATION_CONTEXT() REPRESENTATION_CONTEXT('2D SPACE',''
  ) );
#393 = ORIENTED_EDGE('',*,*,#394,.T.);
#394 = EDGE_CURVE('',#367,#395,#397,.T.);
#395 = VERTEX_POINT('',#396);
#396 = CARTESIAN_POINT('',(6.987771618005E-04,2.446210110643E-02,1.));
#397 = SURFACE_CURVE('',#398,(#402,#409),.PCURVE_S1.);
#398 = LINE('',#399,#400);
#399 = CARTESIAN_POINT('',(6.987771618005E-04,6.836454013082E-02,1.));
#400 = VECTOR('',#401,1.);
#401 = DIRECTION('',(0.,-1.,0.));
#402 = PCURVE('',#91,#403);
#403 = DEFINITIONAL_REPRESENTATION('',(#404),#408);
#404 = LINE('',#405,#406);
#405 = CARTESIAN_POINT('',(-6.987771618005E-04,6.836454013082E-02));
#406 = VECTOR('',#407,1.);
#407 = DIRECTION('',(-0.,-1.));
#408 = ( GEOMETRIC_REPRESENTATION_CONTEXT(2) 
PARAMETRIC_REPRESENTATION_CONTEXT() REPRESENTATION_CONTEXT('2D SPACE',''
  ) );
#409 = PCURVE('',#410,#415);
#410 = PLANE('',#411);
#411 = AXIS2_PLACEMENT_3D('',#412,#413,#414);
#412 = CARTESIAN_POINT('',(6.987771618005E-04,6.836454013082E-02,0.99));
#413 = DIRECTION('',(-1.,0.,-0.));
#414 = DIRECTION('',(0.,0.,1.));
#415 = DEFINITIONAL_REPRESENTATION('',(#416),#420);
#416 = LINE('',#417,#418);
#417 = CARTESIAN_POINT('',(1.E-02,0.));
#418 = VECTOR('',#419,1.);
#419 = DIRECTION('',(0.,-1.));
#420 = ( GEOMETRIC_REPRESENTATION_CONTEXT(2) 
PARAMETRIC_REPRESENTATION_CONTEXT() REPRESENTATION_CONTEXT('2D SPACE',''
  ) );
#421 = ORIENTED_EDGE('',*,*,#422,.T.);
#422 = EDGE_CURVE('',#395,#423,#425,.T.);
#423 = VERTEX_POINT('',#424);
#424 = CARTESIAN_POINT('',(-0.140764637472,2.446210110643E-02,1.));
#425 = SURFACE_CURVE('',#426,(#430,#437),.PCURVE_S1.);
#426 = LINE('',#427,#428);
#427 = CARTESIAN_POINT('',(6.987771618005E-04,2.446210110643E-02,1.));
#428 = VECTOR('',#429,1.);
#429 = DIRECTION('',(-1.,0.,0.));
#430 = PCURVE('',#91,#431);
#431 = DEFINITIONAL_REPRESENTATION('',(#432),#436);
#432 = LINE('',#433,#434);
#433 = CARTESIAN_POINT('',(-6.987771618005E-04,2.446210110643E-02));
#434 = VECTOR('',#435,1.);
#435 = DIRECTION('',(1.,0.));
#436 = ( GEOMETRIC_REPRESENTATION_CONTEXT(2) 
PARAMETRIC_REPRESENTATION_CONTEXT() REPRESENTATION_CONTEXT('2D SPACE',''
  ) );
#437 = PCURVE('',#438,#443);
#438 = PLANE('',#439);
#439 = AXIS2_PLACEMENT_3D('',#440,#441,#442);
#440 = CARTESIAN_POINT('',(6.987771618005E-04,2.446210110643E-02,0.99));
#441 = DIRECTION('',(0.,1.,0.));
#442 = DIRECTION('',(0.,-0.,1.));
#443 = DEFINITIONAL_REPRESENTATION('',(#444),#448);
#444 = LINE('',#445,#446);
#445 = CARTESIAN_POINT('',(1.E-02,0.));
#446 = VECTOR('',#447,1.);
#447 = DIRECTION('',(0.,-1.));
#448 = ( GEOMETRIC_REPRESENTATION_CONTEXT(2) 
PARAMETRIC_REPRESENTATION_CONTEXT() REPRESENTATION_CONTEXT('2D SPACE',''
  ) );
#449 = ORIENTED_EDGE('',*,*,#450,.T.);
#450 = EDGE_CURVE('',#423,#451,#453,.T.);
#451 = VERTEX_POINT('',#452);
#452 = CARTESIAN_POINT('',(-0.140764637472,-0.151147654991,1.));
#453 = SURFACE_CURVE('',#454,(#458,#465),.PCURVE_S1.);
#454 = LINE('',#455,#456);
#455 = CARTESIAN_POINT('',(-0.140764637472,2.446210110643E-02,1.));
#456 = VECTOR('',#457,1.);
#457 = DIRECTION('',(0.,-1.,0.));
#458 = PCURVE('',#91,#459);
#459 = DEFINITIONAL_REPRESENTATION('',(#460),#464);
#460 = LINE('',#461,#462);
#461 = CARTESIAN_POINT('',(0.140764637472,2.446210110643E-02));
#462 = VECTOR('',#463,1.);
#463 = DIRECTION('',(-0.,-1.));
#464 = ( GEOMETRIC_REPRESENTATION_CONTEXT(2) 
PARAMETRIC_REPRESENTATION_CONTEXT() REPRESENTATION_CONTEXT('2D SPACE',''
  ) );
#465 = PCURVE('',#466,#471);
#466 = PLANE('',#467);
#467 = AXIS2_PLACEMENT_3D('',#468,#469,#470);
#468 = CARTESIAN_POINT('',(-0.140764637472,2.446210110643E-02,0.99));
#469 = DIRECTION('',(-1.,0.,-0.));
#470 = DIRECTION('',(0.,0.,1.));
#471 = DEFINITIONAL_REPRESENTATION('',(#472),#476);
#472 = LINE('',#473,#474);
#473 = CARTESIAN_POINT('',(1.E-02,0.));
#474 = VECTOR('',#475,1.);
#475 = DIRECTION('',(0.,-1.));
#476 = ( GEOMETRIC_REPRESENTATION_CONTEXT(2) 
PARAMETRIC_REPRESENTATION_CONTEXT() REPRESENTATION_CONTEXT('2D SPACE',''
  ) );
#477 = ORIENTED_EDGE('',*,*,#478,.T.);
#478 = EDGE_CURVE('',#451,#479,#481,.T.);
#479 = VERTEX_POINT('',#480);
#480 = CARTESIAN_POINT('',(-0.194423174058,-0.151147654991,1.));
#481 = SURFACE_CURVE('',#482,(#486,#493),.PCURVE_S1.);
#482 = LINE('',#483,#484);
#483 = CARTESIAN_POINT('',(-0.140764637472,-0.151147654991,1.));
#484 = VECTOR('',#485,1.);
#485 = DIRECTION('',(-1.,0.,0.));
#486 = PCURVE('',#91,#487);
#487 = DEFINITIONAL_REPRESENTATION('',(#488),#492);
#488 = LINE('',#489,#490);
#489 = CARTESIAN_POINT('',(0.140764637472,-0.151147654991));
#490 = VECTOR('',#491,1.);
#491 = DIRECTION('',(1.,0.));
#492 = ( GEOMETRIC_REPRESENTATION_CONTEXT(2) 
PARAMETRIC_REPRESENTATION_CONTEXT() REPRESENTATION_CONTEXT('2D SPACE',''
  ) );
#493 = PCURVE('',#494,#499);
#494 = PLANE('',#495);
#495 = AXIS2_PLACEMENT_3D('',#496,#497,#498);
#496 = CARTESIAN_POINT('',(-0.140764637472,-0.151147654991,0.99));
#497 = DIRECTION('',(0.,1.,0.));
#498 = DIRECTION('',(0.,-0.,1.));
#499 = DEFINITIONAL_REPRESENTATION('',(#500),#504);
#500 = LINE('',#501,#502);
#501 = CARTESIAN_POINT('',(1.E-02,0.));
#502 = VECTOR('',#503,1.);
#503 = DIRECTION('',(0.,-1.));
#504 = ( GEOMETRIC_REPRESENTATION_CONTEXT(2) 
PARAMETRIC_REPRESENTATION_CONTEXT() REPRESENTATION_CONTEXT('2D SPACE',''
  ) );
#505 = ORIENTED_EDGE('',*,*,#506,.T.);
#506 = EDGE_CURVE('',#479,#507,#509,.T.);
#507 = VERTEX_POINT('',#508);
#508 = CARTESIAN_POINT('',(-0.194423174058,0.248852345009,1.));
#509 = SURFACE_CURVE('',#510,(#514,#521),.PCURVE_S1.);
#510 = LINE('',#511,#512);
#511 = CARTESIAN_POINT('',(-0.194423174058,-0.151147654991,1.));
#512 = VECTOR('',#513,1.);
#513 = DIRECTION('',(0.,1.,0.));
#514 = PCURVE('',#91,#515);
#515 = DEFINITIONAL_REPRESENTATION('',(#516),#520);
#516 = LINE('',#517,#518);
#517 = CARTESIAN_POINT('',(0.194423174058,-0.151147654991));
#518 = VECTOR('',#519,1.);
#519 = DIRECTION('',(0.,1.));
#520 = ( GEOMETRIC_REPRESENTATION_CONTEXT(2) 
PARAMETRIC_REPRESENTATION_CONTEXT() REPRESENTATION_CONTEXT('2D SPACE',''
  ) );
#521 = PCURVE('',#522,#527);
#522 = PLANE('',#523);
#523 = AXIS2_PLACEMENT_3D('',#524,#525,#526);
#524 = CARTESIAN_POINT('',(-0.194423174058,-0.151147654991,0.99));
#525 = DIRECTION('',(1.,-0.,0.));
#526 = DIRECTION('',(0.,0.,-1.));
#527 = DEFINITIONAL_REPRESENTATION('',(#528),#532);
#528 = LINE('',#529,#530);
#529 = CARTESIAN_POINT('',(-1.E-02,0.));
#530 = VECTOR('',#531,1.);
#531 = DIRECTION('',(0.,1.));
#532 = ( GEOMETRIC_REPRESENTATION_CONTEXT(2) 
PARAMETRIC_REPRESENTATION_CONTEXT() REPRESENTATION_CONTEXT('2D SPACE',''
  ) );
#533 = ORIENTED_EDGE('',*,*,#534,.T.);
#534 = EDGE_CURVE('',#507,#281,#535,.T.);
#535 = SURFACE_CURVE('',#536,(#540,#547),.PCURVE_S1.);
#536 = LINE('',#537,#538);
#537 = CARTESIAN_POINT('',(-0.194423174058,0.248852345009,1.));
#538 = VECTOR('',#539,1.);
#539 = DIRECTION('',(1.,0.,0.));
#540 = PCURVE('',#91,#541);
#541 = DEFINITIONAL_REPRESENTATION('',(#542),#546);
#542 = LINE('',#543,#544);
#543 = CARTESIAN_POINT('',(0.194423174058,0.248852345009));
#544 = VECTOR('',#545,1.);
#545 = DIRECTION('',(-1.,0.));
#546 = ( GEOMETRIC_REPRESENTATION_CONTEXT(2) 
PARAMETRIC_REPRESENTATION_CONTEXT() REPRESENTATION_CONTEXT('2D SPACE',''
  ) );
#547 = PCURVE('',#548,#553);
#548 = PLANE('',#549);
#549 = AXIS2_PLACEMENT_3D('',#550,#551,#552);
#550 = CARTESIAN_POINT('',(-0.194423174058,0.248852345009,0.99));
#551 = DIRECTION('',(0.,-1.,0.));
#552 = DIRECTION('',(0.,-0.,-1.));
#553 = DEFINITIONAL_REPRESENTATION('',(#554),#558);
#554 = LINE('',#555,#556);
#555 = CARTESIAN_POINT('',(-1.E-02,0.));
#556 = VECTOR('',#557,1.);
#557 = DIRECTION('',(0.,1.));
#558 = ( GEOMETRIC_REPRESENTATION_CONTEXT(2) 
PARAMETRIC_REPRESENTATION_CONTEXT() REPRESENTATION_CONTEXT('2D SPACE',''
  ) );
#559 = FACE_BOUND('',#560,.T.);
#560 = EDGE_LOOP('',(#561,#657,#751,#813,#841,#903,#997,#1091,#1185,
    #1213,#1241,#1269,#1297));
#561 = ORIENTED_EDGE('',*,*,#562,.T.);
#562 = EDGE_CURVE('',#563,#565,#567,.T.);
#563 = VERTEX_POINT('',#564);
#564 = CARTESIAN_POINT('',(0.601994508869,2.857795476496E-02,1.));
#565 = VERTEX_POINT('',#566);
#566 = CARTESIAN_POINT('',(0.68362560643,0.142678564521,1.));
#567 = SURFACE_CURVE('',#568,(#588,#611),.PCURVE_S1.);
#568 = B_SPLINE_CURVE_WITH_KNOTS('',3,(#569,#570,#571,#572,#573,#574,
    #575,#576,#577,#578,#579,#580,#581,#582,#583,#584,#585,#586,#587),
  .UNSPECIFIED.,.F.,.F.,(4,1,1,1,1,1,1,1,1,1,1,1,1,1,1,1,4),(0.,
    9.494637101735E-02,0.183528990617,0.265917511755,0.342850332499,
    0.41302406156,0.478019871153,0.537269670907,0.591374949314,
    0.642508483092,0.693149292469,0.743128277156,0.793215033365,
    0.843588945081,0.894814666004,0.946997228792,1.),.UNSPECIFIED.);
#569 = CARTESIAN_POINT('',(0.601994508869,2.857795476496E-02,1.));
#570 = CARTESIAN_POINT('',(0.605799333793,3.124470594851E-02,1.));
#571 = CARTESIAN_POINT('',(0.613153966415,3.639947013484E-02,1.));
#572 = CARTESIAN_POINT('',(0.623497451926,4.429603695956E-02,1.));
#573 = CARTESIAN_POINT('',(0.633025120727,5.180815844172E-02,1.));
#574 = CARTESIAN_POINT('',(0.641487021574,5.919382578938E-02,1.));
#575 = CARTESIAN_POINT('',(0.649142263485,6.620694902857E-02,1.));
#576 = CARTESIAN_POINT('',(0.655740147437,7.306710283836E-02,1.));
#577 = CARTESIAN_POINT('',(0.661512397099,7.961707181455E-02,1.));
#578 = CARTESIAN_POINT('',(0.666407217216,8.601742300478E-02,1.));
#579 = CARTESIAN_POINT('',(0.670509827428,9.245741350331E-02,1.));
#580 = CARTESIAN_POINT('',(0.674012585968,9.901256625942E-02,1.));
#581 = CARTESIAN_POINT('',(0.677005518715,0.105758133128,1.));
#582 = CARTESIAN_POINT('',(0.679480352557,0.112702753124,1.));
#583 = CARTESIAN_POINT('',(0.681257014775,0.119916303966,1.));
#584 = CARTESIAN_POINT('',(0.682685983584,0.127310396488,1.));
#585 = CARTESIAN_POINT('',(0.683408608236,0.13494080761,1.));
#586 = CARTESIAN_POINT('',(0.683552898652,0.140085938744,1.));
#587 = CARTESIAN_POINT('',(0.68362560643,0.142678564521,1.));
#588 = PCURVE('',#91,#589);
#589 = DEFINITIONAL_REPRESENTATION('',(#590),#610);
#590 = B_SPLINE_CURVE_WITH_KNOTS('',3,(#591,#592,#593,#594,#595,#596,
    #597,#598,#599,#600,#601,#602,#603,#604,#605,#606,#607,#608,#609),
  .UNSPECIFIED.,.F.,.F.,(4,1,1,1,1,1,1,1,1,1,1,1,1,1,1,1,4),(0.,
    9.494637101735E-02,0.183528990617,0.265917511755,0.342850332499,
    0.41302406156,0.478019871153,0.537269670907,0.591374949314,
    0.642508483092,0.693149292469,0.743128277156,0.793215033365,
    0.843588945081,0.894814666004,0.946997228792,1.),.UNSPECIFIED.);
#591 = CARTESIAN_POINT('',(-0.601994508869,2.857795476496E-02));
#592 = CARTESIAN_POINT('',(-0.605799333793,3.124470594851E-02));
#593 = CARTESIAN_POINT('',(-0.613153966415,3.639947013484E-02));
#594 = CARTESIAN_POINT('',(-0.623497451926,4.429603695956E-02));
#595 = CARTESIAN_POINT('',(-0.633025120727,5.180815844172E-02));
#596 = CARTESIAN_POINT('',(-0.641487021574,5.919382578938E-02));
#597 = CARTESIAN_POINT('',(-0.649142263485,6.620694902857E-02));
#598 = CARTESIAN_POINT('',(-0.655740147437,7.306710283836E-02));
#599 = CARTESIAN_POINT('',(-0.661512397099,7.961707181455E-02));
#600 = CARTESIAN_POINT('',(-0.666407217216,8.601742300478E-02));
#601 = CARTESIAN_POINT('',(-0.670509827428,9.245741350331E-02));
#602 = CARTESIAN_POINT('',(-0.674012585968,9.901256625942E-02));
#603 = CARTESIAN_POINT('',(-0.677005518715,0.105758133128));
#604 = CARTESIAN_POINT('',(-0.679480352557,0.112702753124));
#605 = CARTESIAN_POINT('',(-0.681257014775,0.119916303966));
#606 = CARTESIAN_POINT('',(-0.682685983584,0.127310396488));
#607 = CARTESIAN_POINT('',(-0.683408608236,0.13494080761));
#608 = CARTESIAN_POINT('',(-0.683552898652,0.140085938744));
#609 = CARTESIAN_POINT('',(-0.68362560643,0.142678564521));
#610 = ( GEOMETRIC_REPRESENTATION_CONTEXT(2) 
PARAMETRIC_REPRESENTATION_CONTEXT() REPRESENTATION_CONTEXT('2D SPACE',''
  ) );
#611 = PCURVE('',#612,#651);
#612 = B_SPLINE_SURFACE_WITH_KNOTS('',3,1,(
    (#613,#614)
    ,(#615,#616)
    ,(#617,#618)
    ,(#619,#620)
    ,(#621,#622)
    ,(#623,#624)
    ,(#625,#626)
    ,(#627,#628)
    ,(#629,#630)
    ,(#631,#632)
    ,(#633,#634)
    ,(#635,#636)
    ,(#637,#638)
    ,(#639,#640)
    ,(#641,#642)
    ,(#643,#644)
    ,(#645,#646)
    ,(#647,#648)
    ,(#649,#650
    )),.UNSPECIFIED.,.F.,.F.,.F.,(4,1,1,1,1,1,1,1,1,1,1,1,1,1,1,1,4),(2,
    2),(0.,9.494637101735E-02,0.183528990617,0.265917511755,
    0.342850332499,0.41302406156,0.478019871153,0.537269670907,
    0.591374949314,0.642508483092,0.693149292469,0.743128277156,
    0.793215033365,0.843588945081,0.894814666004,0.946997228792,1.),(0.,
    1.),.UNSPECIFIED.);
#613 = CARTESIAN_POINT('',(0.601994508869,2.857795476496E-02,0.99));
#614 = CARTESIAN_POINT('',(0.601994508869,2.857795476496E-02,1.));
#615 = CARTESIAN_POINT('',(0.605799333793,3.124470594851E-02,0.99));
#616 = CARTESIAN_POINT('',(0.605799333793,3.124470594851E-02,1.));
#617 = CARTESIAN_POINT('',(0.613153966415,3.639947013484E-02,0.99));
#618 = CARTESIAN_POINT('',(0.613153966415,3.639947013484E-02,1.));
#619 = CARTESIAN_POINT('',(0.623497451926,4.429603695956E-02,0.99));
#620 = CARTESIAN_POINT('',(0.623497451926,4.429603695956E-02,1.));
#621 = CARTESIAN_POINT('',(0.633025120727,5.180815844172E-02,0.99));
#622 = CARTESIAN_POINT('',(0.633025120727,5.180815844172E-02,1.));
#623 = CARTESIAN_POINT('',(0.641487021574,5.919382578938E-02,0.99));
#624 = CARTESIAN_POINT('',(0.641487021574,5.919382578938E-02,1.));
#625 = CARTESIAN_POINT('',(0.649142263485,6.620694902857E-02,0.99));
#626 = CARTESIAN_POINT('',(0.649142263485,6.620694902857E-02,1.));
#627 = CARTESIAN_POINT('',(0.655740147437,7.306710283836E-02,0.99));
#628 = CARTESIAN_POINT('',(0.655740147437,7.306710283836E-02,1.));
#629 = CARTESIAN_POINT('',(0.661512397099,7.961707181455E-02,0.99));
#630 = CARTESIAN_POINT('',(0.661512397099,7.961707181455E-02,1.));
#631 = CARTESIAN_POINT('',(0.666407217216,8.601742300478E-02,0.99));
#632 = CARTESIAN_POINT('',(0.666407217216,8.601742300478E-02,1.));
#633 = CARTESIAN_POINT('',(0.670509827428,9.245741350331E-02,0.99));
#634 = CARTESIAN_POINT('',(0.670509827428,9.245741350331E-02,1.));
#635 = CARTESIAN_POINT('',(0.674012585968,9.901256625942E-02,0.99));
#636 = CARTESIAN_POINT('',(0.674012585968,9.901256625942E-02,1.));
#637 = CARTESIAN_POINT('',(0.677005518715,0.105758133128,0.99));
#638 = CARTESIAN_POINT('',(0.677005518715,0.105758133128,1.));
#639 = CARTESIAN_POINT('',(0.679480352557,0.112702753124,0.99));
#640 = CARTESIAN_POINT('',(0.679480352557,0.112702753124,1.));
#641 = CARTESIAN_POINT('',(0.681257014775,0.119916303966,0.99));
#642 = CARTESIAN_POINT('',(0.681257014775,0.119916303966,1.));
#643 = CARTESIAN_POINT('',(0.682685983584,0.127310396488,0.99));
#644 = CARTESIAN_POINT('',(0.682685983584,0.127310396488,1.));
#645 = CARTESIAN_POINT('',(0.683408608236,0.13494080761,0.99));
#646 = CARTESIAN_POINT('',(0.683408608236,0.13494080761,1.));
#647 = CARTESIAN_POINT('',(0.683552898652,0.140085938744,0.99));
#648 = CARTESIAN_POINT('',(0.683552898652,0.140085938744,1.));
#649 = CARTESIAN_POINT('',(0.68362560643,0.142678564521,0.99));
#650 = CARTESIAN_POINT('',(0.68362560643,0.142678564521,1.));
#651 = DEFINITIONAL_REPRESENTATION('',(#652),#656);
#652 = LINE('',#653,#654);
#653 = CARTESIAN_POINT('',(-2.228308463011E-16,1.));
#654 = VECTOR('',#655,1.);
#655 = DIRECTION('',(1.,-2.22044604925E-14));
#656 = ( GEOMETRIC_REPRESENTATION_CONTEXT(2) 
PARAMETRIC_REPRESENTATION_CONTEXT() REPRESENTATION_CONTEXT('2D SPACE',''
  ) );
#657 = ORIENTED_EDGE('',*,*,#658,.T.);
#658 = EDGE_CURVE('',#565,#659,#661,.T.);
#659 = VERTEX_POINT('',#660);
#660 = CARTESIAN_POINT('',(0.606643899113,0.209827954765,1.));
#661 = SURFACE_CURVE('',#662,(#682,#705),.PCURVE_S1.);
#662 = B_SPLINE_CURVE_WITH_KNOTS('',3,(#663,#664,#665,#666,#667,#668,
    #669,#670,#671,#672,#673,#674,#675,#676,#677,#678,#679,#680,#681),
  .UNSPECIFIED.,.F.,.F.,(4,1,1,1,1,1,1,1,1,1,1,1,1,1,1,1,4),(0.,
    6.603084471948E-02,0.129294159676,0.189627139685,0.247856302637,
    0.305101558447,0.362384823195,0.419576824054,0.477910554597,
    0.537166073287,0.597031868114,0.657821282833,0.720448352392,
    0.78543257793,0.853770076473,0.924738698815,1.),.UNSPECIFIED.);
#663 = CARTESIAN_POINT('',(0.68362560643,0.142678564521,1.));
#664 = CARTESIAN_POINT('',(0.683577244174,0.145223039733,1.));
#665 = CARTESIAN_POINT('',(0.683482546654,0.150205344378,1.));
#666 = CARTESIAN_POINT('',(0.682445117293,0.157448035775,1.));
#667 = CARTESIAN_POINT('',(0.680893291832,0.164288369604,1.));
#668 = CARTESIAN_POINT('',(0.678556380802,0.170658305176,1.));
#669 = CARTESIAN_POINT('',(0.675667985917,0.176665753605,1.));
#670 = CARTESIAN_POINT('',(0.672063053695,0.182227929796,1.));
#671 = CARTESIAN_POINT('',(0.667849785097,0.187399652723,1.));
#672 = CARTESIAN_POINT('',(0.662936096405,0.192022321942,1.));
#673 = CARTESIAN_POINT('',(0.6575295627,0.196215487592,1.));
#674 = CARTESIAN_POINT('',(0.651646333967,0.199901332904,1.));
#675 = CARTESIAN_POINT('',(0.645263345211,0.202944000073,1.));
#676 = CARTESIAN_POINT('',(0.638449461781,0.205456683141,1.));
#677 = CARTESIAN_POINT('',(0.631164581273,0.207469201053,1.));
#678 = CARTESIAN_POINT('',(0.623399017229,0.208780218407,1.));
#679 = CARTESIAN_POINT('',(0.615174815564,0.209653650247,1.));
#680 = CARTESIAN_POINT('',(0.609542649947,0.209768727205,1.));
#681 = CARTESIAN_POINT('',(0.606643899113,0.209827954765,1.));
#682 = PCURVE('',#91,#683);
#683 = DEFINITIONAL_REPRESENTATION('',(#684),#704);
#684 = B_SPLINE_CURVE_WITH_KNOTS('',3,(#685,#686,#687,#688,#689,#690,
    #691,#692,#693,#694,#695,#696,#697,#698,#699,#700,#701,#702,#703),
  .UNSPECIFIED.,.F.,.F.,(4,1,1,1,1,1,1,1,1,1,1,1,1,1,1,1,4),(0.,
    6.603084471948E-02,0.129294159676,0.189627139685,0.247856302637,
    0.305101558447,0.362384823195,0.419576824054,0.477910554597,
    0.537166073287,0.597031868114,0.657821282833,0.720448352392,
    0.78543257793,0.853770076473,0.924738698815,1.),.UNSPECIFIED.);
#685 = CARTESIAN_POINT('',(-0.68362560643,0.142678564521));
#686 = CARTESIAN_POINT('',(-0.683577244174,0.145223039733));
#687 = CARTESIAN_POINT('',(-0.683482546654,0.150205344378));
#688 = CARTESIAN_POINT('',(-0.682445117293,0.157448035775));
#689 = CARTESIAN_POINT('',(-0.680893291832,0.164288369604));
#690 = CARTESIAN_POINT('',(-0.678556380802,0.170658305176));
#691 = CARTESIAN_POINT('',(-0.675667985917,0.176665753605));
#692 = CARTESIAN_POINT('',(-0.672063053695,0.182227929796));
#693 = CARTESIAN_POINT('',(-0.667849785097,0.187399652723));
#694 = CARTESIAN_POINT('',(-0.662936096405,0.192022321942));
#695 = CARTESIAN_POINT('',(-0.6575295627,0.196215487592));
#696 = CARTESIAN_POINT('',(-0.651646333967,0.199901332904));
#697 = CARTESIAN_POINT('',(-0.645263345211,0.202944000073));
#698 = CARTESIAN_POINT('',(-0.638449461781,0.205456683141));
#699 = CARTESIAN_POINT('',(-0.631164581273,0.207469201053));
#700 = CARTESIAN_POINT('',(-0.623399017229,0.208780218407));
#701 = CARTESIAN_POINT('',(-0.615174815564,0.209653650247));
#702 = CARTESIAN_POINT('',(-0.609542649947,0.209768727205));
#703 = CARTESIAN_POINT('',(-0.606643899113,0.209827954765));
#704 = ( GEOMETRIC_REPRESENTATION_CONTEXT(2) 
PARAMETRIC_REPRESENTATION_CONTEXT() REPRESENTATION_CONTEXT('2D SPACE',''
  ) );
#705 = PCURVE('',#706,#745);
#706 = B_SPLINE_SURFACE_WITH_KNOTS('',3,1,(
    (#707,#708)
    ,(#709,#710)
    ,(#711,#712)
    ,(#713,#714)
    ,(#715,#716)
    ,(#717,#718)
    ,(#719,#720)
    ,(#721,#722)
    ,(#723,#724)
    ,(#725,#726)
    ,(#727,#728)
    ,(#729,#730)
    ,(#731,#732)
    ,(#733,#734)
    ,(#735,#736)
    ,(#737,#738)
    ,(#739,#740)
    ,(#741,#742)
    ,(#743,#744
    )),.UNSPECIFIED.,.F.,.F.,.F.,(4,1,1,1,1,1,1,1,1,1,1,1,1,1,1,1,4),(2,
    2),(0.,6.603084471948E-02,0.129294159676,0.189627139685,
    0.247856302637,0.305101558447,0.362384823195,0.419576824054,
    0.477910554597,0.537166073287,0.597031868114,0.657821282833,
    0.720448352392,0.78543257793,0.853770076473,0.924738698815,1.),(0.,
    1.),.UNSPECIFIED.);
#707 = CARTESIAN_POINT('',(0.68362560643,0.142678564521,0.99));
#708 = CARTESIAN_POINT('',(0.68362560643,0.142678564521,1.));
#709 = CARTESIAN_POINT('',(0.683577244174,0.145223039733,0.99));
#710 = CARTESIAN_POINT('',(0.683577244174,0.145223039733,1.));
#711 = CARTESIAN_POINT('',(0.683482546654,0.150205344378,0.99));
#712 = CARTESIAN_POINT('',(0.683482546654,0.150205344378,1.));
#713 = CARTESIAN_POINT('',(0.682445117293,0.157448035775,0.99));
#714 = CARTESIAN_POINT('',(0.682445117293,0.157448035775,1.));
#715 = CARTESIAN_POINT('',(0.680893291832,0.164288369604,0.99));
#716 = CARTESIAN_POINT('',(0.680893291832,0.164288369604,1.));
#717 = CARTESIAN_POINT('',(0.678556380802,0.170658305176,0.99));
#718 = CARTESIAN_POINT('',(0.678556380802,0.170658305176,1.));
#719 = CARTESIAN_POINT('',(0.675667985917,0.176665753605,0.99));
#720 = CARTESIAN_POINT('',(0.675667985917,0.176665753605,1.));
#721 = CARTESIAN_POINT('',(0.672063053695,0.182227929796,0.99));
#722 = CARTESIAN_POINT('',(0.672063053695,0.182227929796,1.));
#723 = CARTESIAN_POINT('',(0.667849785097,0.187399652723,0.99));
#724 = CARTESIAN_POINT('',(0.667849785097,0.187399652723,1.));
#725 = CARTESIAN_POINT('',(0.662936096405,0.192022321942,0.99));
#726 = CARTESIAN_POINT('',(0.662936096405,0.192022321942,1.));
#727 = CARTESIAN_POINT('',(0.6575295627,0.196215487592,0.99));
#728 = CARTESIAN_POINT('',(0.6575295627,0.196215487592,1.));
#729 = CARTESIAN_POINT('',(0.651646333967,0.199901332904,0.99));
#730 = CARTESIAN_POINT('',(0.651646333967,0.199901332904,1.));
#731 = CARTESIAN_POINT('',(0.645263345211,0.202944000073,0.99));
#732 = CARTESIAN_POINT('',(0.645263345211,0.202944000073,1.));
#733 = CARTESIAN_POINT('',(0.638449461781,0.205456683141,0.99));
#734 = CARTESIAN_POINT('',(0.638449461781,0.205456683141,1.));
#735 = CARTESIAN_POINT('',(0.631164581273,0.207469201053,0.99));
#736 = CARTESIAN_POINT('',(0.631164581273,0.207469201053,1.));
#737 = CARTESIAN_POINT('',(0.623399017229,0.208780218407,0.99));
#738 = CARTESIAN_POINT('',(0.623399017229,0.208780218407,1.));
#739 = CARTESIAN_POINT('',(0.615174815564,0.209653650247,0.99));
#740 = CARTESIAN_POINT('',(0.615174815564,0.209653650247,1.));
#741 = CARTESIAN_POINT('',(0.609542649947,0.209768727205,0.99));
#742 = CARTESIAN_POINT('',(0.609542649947,0.209768727205,1.));
#743 = CARTESIAN_POINT('',(0.606643899113,0.209827954765,0.99));
#744 = CARTESIAN_POINT('',(0.606643899113,0.209827954765,1.));
#745 = DEFINITIONAL_REPRESENTATION('',(#746),#750);
#746 = LINE('',#747,#748);
#747 = CARTESIAN_POINT('',(2.182377650633E-16,1.));
#748 = VECTOR('',#749,1.);
#749 = DIRECTION('',(1.,-1.099120794379E-14));
#750 = ( GEOMETRIC_REPRESENTATION_CONTEXT(2) 
PARAMETRIC_REPRESENTATION_CONTEXT() REPRESENTATION_CONTEXT('2D SPACE',''
  ) );
#751 = ORIENTED_EDGE('',*,*,#752,.T.);
#752 = EDGE_CURVE('',#659,#753,#755,.T.);
#753 = VERTEX_POINT('',#754);
#754 = CARTESIAN_POINT('',(0.508015850333,0.161199905984,1.));
#755 = SURFACE_CURVE('',#756,(#768,#783),.PCURVE_S1.);
#756 = B_SPLINE_CURVE_WITH_KNOTS('',3,(#757,#758,#759,#760,#761,#762,
    #763,#764,#765,#766,#767),.UNSPECIFIED.,.F.,.F.,(4,1,1,1,1,1,1,1,4),
  (0.,0.111554841178,0.225516891655,0.34355421977,0.467170028746,
    0.594332573775,0.724983929808,0.85969250806,1.),.UNSPECIFIED.);
#757 = CARTESIAN_POINT('',(0.606643899113,0.209827954765,1.));
#758 = CARTESIAN_POINT('',(0.602440967634,0.20968394223,1.));
#759 = CARTESIAN_POINT('',(0.593944410846,0.209392809555,1.));
#760 = CARTESIAN_POINT('',(0.581203494976,0.206893789921,1.));
#761 = CARTESIAN_POINT('',(0.568400326883,0.202906440761,1.));
#762 = CARTESIAN_POINT('',(0.555668278606,0.197303336543,1.));
#763 = CARTESIAN_POINT('',(0.543070330897,0.190371181674,1.));
#764 = CARTESIAN_POINT('',(0.530856524322,0.182016769592,1.));
#765 = CARTESIAN_POINT('',(0.519038341577,0.172300981707,1.));
#766 = CARTESIAN_POINT('',(0.511739544923,0.164950148529,1.));
#767 = CARTESIAN_POINT('',(0.508015850333,0.161199905984,1.));
#768 = PCURVE('',#91,#769);
#769 = DEFINITIONAL_REPRESENTATION('',(#770),#782);
#770 = B_SPLINE_CURVE_WITH_KNOTS('',3,(#771,#772,#773,#774,#775,#776,
    #777,#778,#779,#780,#781),.UNSPECIFIED.,.F.,.F.,(4,1,1,1,1,1,1,1,4),
  (0.,0.111554841178,0.225516891655,0.34355421977,0.467170028746,
    0.594332573775,0.724983929808,0.85969250806,1.),.UNSPECIFIED.);
#771 = CARTESIAN_POINT('',(-0.606643899113,0.209827954765));
#772 = CARTESIAN_POINT('',(-0.602440967634,0.20968394223));
#773 = CARTESIAN_POINT('',(-0.593944410846,0.209392809555));
#774 = CARTESIAN_POINT('',(-0.581203494976,0.206893789921));
#775 = CARTESIAN_POINT('',(-0.568400326883,0.202906440761));
#776 = CARTESIAN_POINT('',(-0.555668278606,0.197303336543));
#777 = CARTESIAN_POINT('',(-0.543070330897,0.190371181674));
#778 = CARTESIAN_POINT('',(-0.530856524322,0.182016769592));
#779 = CARTESIAN_POINT('',(-0.519038341577,0.172300981707));
#780 = CARTESIAN_POINT('',(-0.511739544923,0.164950148529));
#781 = CARTESIAN_POINT('',(-0.508015850333,0.161199905984));
#782 = ( GEOMETRIC_REPRESENTATION_CONTEXT(2) 
PARAMETRIC_REPRESENTATION_CONTEXT() REPRESENTATION_CONTEXT('2D SPACE',''
  ) );
#783 = PCURVE('',#784,#807);
#784 = B_SPLINE_SURFACE_WITH_KNOTS('',3,1,(
    (#785,#786)
    ,(#787,#788)
    ,(#789,#790)
    ,(#791,#792)
    ,(#793,#794)
    ,(#795,#796)
    ,(#797,#798)
    ,(#799,#800)
    ,(#801,#802)
    ,(#803,#804)
    ,(#805,#806
    )),.UNSPECIFIED.,.F.,.F.,.F.,(4,1,1,1,1,1,1,1,4),(2,2),(0.,
    0.111554841178,0.225516891655,0.34355421977,0.467170028746,
    0.594332573775,0.724983929808,0.85969250806,1.),(0.,1.),
  .UNSPECIFIED.);
#785 = CARTESIAN_POINT('',(0.606643899113,0.209827954765,0.99));
#786 = CARTESIAN_POINT('',(0.606643899113,0.209827954765,1.));
#787 = CARTESIAN_POINT('',(0.602440967634,0.20968394223,0.99));
#788 = CARTESIAN_POINT('',(0.602440967634,0.20968394223,1.));
#789 = CARTESIAN_POINT('',(0.593944410846,0.209392809555,0.99));
#790 = CARTESIAN_POINT('',(0.593944410846,0.209392809555,1.));
#791 = CARTESIAN_POINT('',(0.581203494976,0.206893789921,0.99));
#792 = CARTESIAN_POINT('',(0.581203494976,0.206893789921,1.));
#793 = CARTESIAN_POINT('',(0.568400326883,0.202906440761,0.99));
#794 = CARTESIAN_POINT('',(0.568400326883,0.202906440761,1.));
#795 = CARTESIAN_POINT('',(0.555668278606,0.197303336543,0.99));
#796 = CARTESIAN_POINT('',(0.555668278606,0.197303336543,1.));
#797 = CARTESIAN_POINT('',(0.543070330897,0.190371181674,0.99));
#798 = CARTESIAN_POINT('',(0.543070330897,0.190371181674,1.));
#799 = CARTESIAN_POINT('',(0.530856524322,0.182016769592,0.99));
#800 = CARTESIAN_POINT('',(0.530856524322,0.182016769592,1.));
#801 = CARTESIAN_POINT('',(0.519038341577,0.172300981707,0.99));
#802 = CARTESIAN_POINT('',(0.519038341577,0.172300981707,1.));
#803 = CARTESIAN_POINT('',(0.511739544923,0.164950148529,0.99));
#804 = CARTESIAN_POINT('',(0.511739544923,0.164950148529,1.));
#805 = CARTESIAN_POINT('',(0.508015850333,0.161199905984,0.99));
#806 = CARTESIAN_POINT('',(0.508015850333,0.161199905984,1.));
#807 = DEFINITIONAL_REPRESENTATION('',(#808),#812);
#808 = LINE('',#809,#810);
#809 = CARTESIAN_POINT('',(1.7690772431E-15,1.));
#810 = VECTOR('',#811,1.);
#811 = DIRECTION('',(1.,2.231548279497E-14));
#812 = ( GEOMETRIC_REPRESENTATION_CONTEXT(2) 
PARAMETRIC_REPRESENTATION_CONTEXT() REPRESENTATION_CONTEXT('2D SPACE',''
  ) );
#813 = ORIENTED_EDGE('',*,*,#814,.T.);
#814 = EDGE_CURVE('',#753,#815,#817,.T.);
#815 = VERTEX_POINT('',#816);
#816 = CARTESIAN_POINT('',(0.508015850333,0.210132832814,1.));
#817 = SURFACE_CURVE('',#818,(#822,#829),.PCURVE_S1.);
#818 = LINE('',#819,#820);
#819 = CARTESIAN_POINT('',(0.508015850333,0.161199905984,1.));
#820 = VECTOR('',#821,1.);
#821 = DIRECTION('',(0.,1.,0.));
#822 = PCURVE('',#91,#823);
#823 = DEFINITIONAL_REPRESENTATION('',(#824),#828);
#824 = LINE('',#825,#826);
#825 = CARTESIAN_POINT('',(-0.508015850333,0.161199905984));
#826 = VECTOR('',#827,1.);
#827 = DIRECTION('',(0.,1.));
#828 = ( GEOMETRIC_REPRESENTATION_CONTEXT(2) 
PARAMETRIC_REPRESENTATION_CONTEXT() REPRESENTATION_CONTEXT('2D SPACE',''
  ) );
#829 = PCURVE('',#830,#835);
#830 = PLANE('',#831);
#831 = AXIS2_PLACEMENT_3D('',#832,#833,#834);
#832 = CARTESIAN_POINT('',(0.508015850333,0.161199905984,0.99));
#833 = DIRECTION('',(1.,-0.,0.));
#834 = DIRECTION('',(0.,0.,-1.));
#835 = DEFINITIONAL_REPRESENTATION('',(#836),#840);
#836 = LINE('',#837,#838);
#837 = CARTESIAN_POINT('',(-1.E-02,0.));
#838 = VECTOR('',#839,1.);
#839 = DIRECTION('',(0.,1.));
#840 = ( GEOMETRIC_REPRESENTATION_CONTEXT(2) 
PARAMETRIC_REPRESENTATION_CONTEXT() REPRESENTATION_CONTEXT('2D SPACE',''
  ) );
#841 = ORIENTED_EDGE('',*,*,#842,.T.);
#842 = EDGE_CURVE('',#815,#843,#845,.T.);
#843 = VERTEX_POINT('',#844);
#844 = CARTESIAN_POINT('',(0.611521947894,0.253730393789,1.));
#845 = SURFACE_CURVE('',#846,(#858,#873),.PCURVE_S1.);
#846 = B_SPLINE_CURVE_WITH_KNOTS('',3,(#847,#848,#849,#850,#851,#852,
    #853,#854,#855,#856,#857),.UNSPECIFIED.,.F.,.F.,(4,1,1,1,1,1,1,1,4),
  (0.,0.122881588572,0.243149494644,0.361274925635,0.479609211096,
    0.600631177827,0.726103079565,0.859023881483,1.),.UNSPECIFIED.);
#847 = CARTESIAN_POINT('',(0.508015850333,0.210132832814,1.));
#848 = CARTESIAN_POINT('',(0.511362759497,0.213496742081,1.));
#849 = CARTESIAN_POINT('',(0.517985389309,0.22015301051,1.));
#850 = CARTESIAN_POINT('',(0.52882999561,0.228977269628,1.));
#851 = CARTESIAN_POINT('',(0.540467797756,0.236379434678,1.));
#852 = CARTESIAN_POINT('',(0.552739615132,0.242735928294,1.));
#853 = CARTESIAN_POINT('',(0.565945560327,0.247737418304,1.));
#854 = CARTESIAN_POINT('',(0.580202966003,0.251200506703,1.));
#855 = CARTESIAN_POINT('',(0.595498700033,0.253388944766,1.));
#856 = CARTESIAN_POINT('',(0.606077160989,0.253614367551,1.));
#857 = CARTESIAN_POINT('',(0.611521947894,0.253730393789,1.));
#858 = PCURVE('',#91,#859);
#859 = DEFINITIONAL_REPRESENTATION('',(#860),#872);
#860 = B_SPLINE_CURVE_WITH_KNOTS('',3,(#861,#862,#863,#864,#865,#866,
    #867,#868,#869,#870,#871),.UNSPECIFIED.,.F.,.F.,(4,1,1,1,1,1,1,1,4),
  (0.,0.122881588572,0.243149494644,0.361274925635,0.479609211096,
    0.600631177827,0.726103079565,0.859023881483,1.),.UNSPECIFIED.);
#861 = CARTESIAN_POINT('',(-0.508015850333,0.210132832814));
#862 = CARTESIAN_POINT('',(-0.511362759497,0.213496742081));
#863 = CARTESIAN_POINT('',(-0.517985389309,0.22015301051));
#864 = CARTESIAN_POINT('',(-0.52882999561,0.228977269628));
#865 = CARTESIAN_POINT('',(-0.540467797756,0.236379434678));
#866 = CARTESIAN_POINT('',(-0.552739615132,0.242735928294));
#867 = CARTESIAN_POINT('',(-0.565945560327,0.247737418304));
#868 = CARTESIAN_POINT('',(-0.580202966003,0.251200506703));
#869 = CARTESIAN_POINT('',(-0.595498700033,0.253388944766));
#870 = CARTESIAN_POINT('',(-0.606077160989,0.253614367551));
#871 = CARTESIAN_POINT('',(-0.611521947894,0.253730393789));
#872 = ( GEOMETRIC_REPRESENTATION_CONTEXT(2) 
PARAMETRIC_REPRESENTATION_CONTEXT() REPRESENTATION_CONTEXT('2D SPACE',''
  ) );
#873 = PCURVE('',#874,#897);
#874 = B_SPLINE_SURFACE_WITH_KNOTS('',3,1,(
    (#875,#876)
    ,(#877,#878)
    ,(#879,#880)
    ,(#881,#882)
    ,(#883,#884)
    ,(#885,#886)
    ,(#887,#888)
    ,(#889,#890)
    ,(#891,#892)
    ,(#893,#894)
    ,(#895,#896
    )),.UNSPECIFIED.,.F.,.F.,.F.,(4,1,1,1,1,1,1,1,4),(2,2),(0.,
    0.122881588572,0.243149494644,0.361274925635,0.479609211096,
    0.600631177827,0.726103079565,0.859023881483,1.),(0.,1.),
  .UNSPECIFIED.);
#875 = CARTESIAN_POINT('',(0.508015850333,0.210132832814,0.99));
#876 = CARTESIAN_POINT('',(0.508015850333,0.210132832814,1.));
#877 = CARTESIAN_POINT('',(0.511362759497,0.213496742081,0.99));
#878 = CARTESIAN_POINT('',(0.511362759497,0.213496742081,1.));
#879 = CARTESIAN_POINT('',(0.517985389309,0.22015301051,0.99));
#880 = CARTESIAN_POINT('',(0.517985389309,0.22015301051,1.));
#881 = CARTESIAN_POINT('',(0.52882999561,0.228977269628,0.99));
#882 = CARTESIAN_POINT('',(0.52882999561,0.228977269628,1.));
#883 = CARTESIAN_POINT('',(0.540467797756,0.236379434678,0.99));
#884 = CARTESIAN_POINT('',(0.540467797756,0.236379434678,1.));
#885 = CARTESIAN_POINT('',(0.552739615132,0.242735928294,0.99));
#886 = CARTESIAN_POINT('',(0.552739615132,0.242735928294,1.));
#887 = CARTESIAN_POINT('',(0.565945560327,0.247737418304,0.99));
#888 = CARTESIAN_POINT('',(0.565945560327,0.247737418304,1.));
#889 = CARTESIAN_POINT('',(0.580202966003,0.251200506703,0.99));
#890 = CARTESIAN_POINT('',(0.580202966003,0.251200506703,1.));
#891 = CARTESIAN_POINT('',(0.595498700033,0.253388944766,0.99));
#892 = CARTESIAN_POINT('',(0.595498700033,0.253388944766,1.));
#893 = CARTESIAN_POINT('',(0.606077160989,0.253614367551,0.99));
#894 = CARTESIAN_POINT('',(0.606077160989,0.253614367551,1.));
#895 = CARTESIAN_POINT('',(0.611521947894,0.253730393789,0.99));
#896 = CARTESIAN_POINT('',(0.611521947894,0.253730393789,1.));
#897 = DEFINITIONAL_REPRESENTATION('',(#898),#902);
#898 = LINE('',#899,#900);
#899 = CARTESIAN_POINT('',(-9.303066100331E-16,1.));
#900 = VECTOR('',#901,1.);
#901 = DIRECTION('',(1.,2.231548279497E-14));
#902 = ( GEOMETRIC_REPRESENTATION_CONTEXT(2) 
PARAMETRIC_REPRESENTATION_CONTEXT() REPRESENTATION_CONTEXT('2D SPACE',''
  ) );
#903 = ORIENTED_EDGE('',*,*,#904,.T.);
#904 = EDGE_CURVE('',#843,#905,#907,.T.);
#905 = VERTEX_POINT('',#906);
#906 = CARTESIAN_POINT('',(0.732406094235,0.146565759643,1.));
#907 = SURFACE_CURVE('',#908,(#928,#951),.PCURVE_S1.);
#908 = B_SPLINE_CURVE_WITH_KNOTS('',3,(#909,#910,#911,#912,#913,#914,
    #915,#916,#917,#918,#919,#920,#921,#922,#923,#924,#925,#926,#927),
  .UNSPECIFIED.,.F.,.F.,(4,1,1,1,1,1,1,1,1,1,1,1,1,1,1,1,4),(0.,
    7.28537084432E-02,0.142723709845,0.209531835111,0.273908006947,
    0.33615739325,0.397538572412,0.457907256518,0.518097293836,
    0.577577682084,0.635816047572,0.693618322728,0.751444827289,
    0.810218915018,0.87091158883,0.93381992442,1.),.UNSPECIFIED.);
#909 = CARTESIAN_POINT('',(0.611521947894,0.253730393789,1.));
#910 = CARTESIAN_POINT('',(0.615946893201,0.253648947477,1.));
#911 = CARTESIAN_POINT('',(0.624615561187,0.253489390467,1.));
#912 = CARTESIAN_POINT('',(0.637270758915,0.252055155183,1.));
#913 = CARTESIAN_POINT('',(0.649306384166,0.249929890566,1.));
#914 = CARTESIAN_POINT('',(0.660607684215,0.246671796993,1.));
#915 = CARTESIAN_POINT('',(0.671313843577,0.242663934453,1.));
#916 = CARTESIAN_POINT('',(0.681291404063,0.237593708866,1.));
#917 = CARTESIAN_POINT('',(0.69066633591,0.231719554557,1.));
#918 = CARTESIAN_POINT('',(0.699264603732,0.2249343559,1.));
#919 = CARTESIAN_POINT('',(0.707031783821,0.217402988723,1.));
#920 = CARTESIAN_POINT('',(0.713893262008,0.209218364922,1.));
#921 = CARTESIAN_POINT('',(0.719631273257,0.20032404992,1.));
#922 = CARTESIAN_POINT('',(0.724290293996,0.190792762278,1.));
#923 = CARTESIAN_POINT('',(0.727995268899,0.180661661875,1.));
#924 = CARTESIAN_POINT('',(0.73055463019,0.169866811971,1.));
#925 = CARTESIAN_POINT('',(0.732101173464,0.158424678308,1.));
#926 = CARTESIAN_POINT('',(0.732302750987,0.150584964926,1.));
#927 = CARTESIAN_POINT('',(0.732406094235,0.146565759643,1.));
#928 = PCURVE('',#91,#929);
#929 = DEFINITIONAL_REPRESENTATION('',(#930),#950);
#930 = B_SPLINE_CURVE_WITH_KNOTS('',3,(#931,#932,#933,#934,#935,#936,
    #937,#938,#939,#940,#941,#942,#943,#944,#945,#946,#947,#948,#949),
  .UNSPECIFIED.,.F.,.F.,(4,1,1,1,1,1,1,1,1,1,1,1,1,1,1,1,4),(0.,
    7.28537084432E-02,0.142723709845,0.209531835111,0.273908006947,
    0.33615739325,0.397538572412,0.457907256518,0.518097293836,
    0.577577682084,0.635816047572,0.693618322728,0.751444827289,
    0.810218915018,0.87091158883,0.93381992442,1.),.UNSPECIFIED.);
#931 = CARTESIAN_POINT('',(-0.611521947894,0.253730393789));
#932 = CARTESIAN_POINT('',(-0.615946893201,0.253648947477));
#933 = CARTESIAN_POINT('',(-0.624615561187,0.253489390467));
#934 = CARTESIAN_POINT('',(-0.637270758915,0.252055155183));
#935 = CARTESIAN_POINT('',(-0.649306384166,0.249929890566));
#936 = CARTESIAN_POINT('',(-0.660607684215,0.246671796993));
#937 = CARTESIAN_POINT('',(-0.671313843577,0.242663934453));
#938 = CARTESIAN_POINT('',(-0.681291404063,0.237593708866));
#939 = CARTESIAN_POINT('',(-0.69066633591,0.231719554557));
#940 = CARTESIAN_POINT('',(-0.699264603732,0.2249343559));
#941 = CARTESIAN_POINT('',(-0.707031783821,0.217402988723));
#942 = CARTESIAN_POINT('',(-0.713893262008,0.209218364922));
#943 = CARTESIAN_POINT('',(-0.719631273257,0.20032404992));
#944 = CARTESIAN_POINT('',(-0.724290293996,0.190792762278));
#945 = CARTESIAN_POINT('',(-0.727995268899,0.180661661875));
#946 = CARTESIAN_POINT('',(-0.73055463019,0.169866811971));
#947 = CARTESIAN_POINT('',(-0.732101173464,0.158424678308));
#948 = CARTESIAN_POINT('',(-0.732302750987,0.150584964926));
#949 = CARTESIAN_POINT('',(-0.732406094235,0.146565759643));
#950 = ( GEOMETRIC_REPRESENTATION_CONTEXT(2) 
PARAMETRIC_REPRESENTATION_CONTEXT() REPRESENTATION_CONTEXT('2D SPACE',''
  ) );
#951 = PCURVE('',#952,#991);
#952 = B_SPLINE_SURFACE_WITH_KNOTS('',3,1,(
    (#953,#954)
    ,(#955,#956)
    ,(#957,#958)
    ,(#959,#960)
    ,(#961,#962)
    ,(#963,#964)
    ,(#965,#966)
    ,(#967,#968)
    ,(#969,#970)
    ,(#971,#972)
    ,(#973,#974)
    ,(#975,#976)
    ,(#977,#978)
    ,(#979,#980)
    ,(#981,#982)
    ,(#983,#984)
    ,(#985,#986)
    ,(#987,#988)
    ,(#989,#990
    )),.UNSPECIFIED.,.F.,.F.,.F.,(4,1,1,1,1,1,1,1,1,1,1,1,1,1,1,1,4),(2,
    2),(0.,7.28537084432E-02,0.142723709845,0.209531835111,
    0.273908006947,0.33615739325,0.397538572412,0.457907256518,
    0.518097293836,0.577577682084,0.635816047572,0.693618322728,
    0.751444827289,0.810218915018,0.87091158883,0.93381992442,1.),(0.,1.
    ),.UNSPECIFIED.);
#953 = CARTESIAN_POINT('',(0.611521947894,0.253730393789,0.99));
#954 = CARTESIAN_POINT('',(0.611521947894,0.253730393789,1.));
#955 = CARTESIAN_POINT('',(0.615946893201,0.253648947477,0.99));
#956 = CARTESIAN_POINT('',(0.615946893201,0.253648947477,1.));
#957 = CARTESIAN_POINT('',(0.624615561187,0.253489390467,0.99));
#958 = CARTESIAN_POINT('',(0.624615561187,0.253489390467,1.));
#959 = CARTESIAN_POINT('',(0.637270758915,0.252055155183,0.99));
#960 = CARTESIAN_POINT('',(0.637270758915,0.252055155183,1.));
#961 = CARTESIAN_POINT('',(0.649306384166,0.249929890566,0.99));
#962 = CARTESIAN_POINT('',(0.649306384166,0.249929890566,1.));
#963 = CARTESIAN_POINT('',(0.660607684215,0.246671796993,0.99));
#964 = CARTESIAN_POINT('',(0.660607684215,0.246671796993,1.));
#965 = CARTESIAN_POINT('',(0.671313843577,0.242663934453,0.99));
#966 = CARTESIAN_POINT('',(0.671313843577,0.242663934453,1.));
#967 = CARTESIAN_POINT('',(0.681291404063,0.237593708866,0.99));
#968 = CARTESIAN_POINT('',(0.681291404063,0.237593708866,1.));
#969 = CARTESIAN_POINT('',(0.69066633591,0.231719554557,0.99));
#970 = CARTESIAN_POINT('',(0.69066633591,0.231719554557,1.));
#971 = CARTESIAN_POINT('',(0.699264603732,0.2249343559,0.99));
#972 = CARTESIAN_POINT('',(0.699264603732,0.2249343559,1.));
#973 = CARTESIAN_POINT('',(0.707031783821,0.217402988723,0.99));
#974 = CARTESIAN_POINT('',(0.707031783821,0.217402988723,1.));
#975 = CARTESIAN_POINT('',(0.713893262008,0.209218364922,0.99));
#976 = CARTESIAN_POINT('',(0.713893262008,0.209218364922,1.));
#977 = CARTESIAN_POINT('',(0.719631273257,0.20032404992,0.99));
#978 = CARTESIAN_POINT('',(0.719631273257,0.20032404992,1.));
#979 = CARTESIAN_POINT('',(0.724290293996,0.190792762278,0.99));
#980 = CARTESIAN_POINT('',(0.724290293996,0.190792762278,1.));
#981 = CARTESIAN_POINT('',(0.727995268899,0.180661661875,0.99));
#982 = CARTESIAN_POINT('',(0.727995268899,0.180661661875,1.));
#983 = CARTESIAN_POINT('',(0.73055463019,0.169866811971,0.99));
#984 = CARTESIAN_POINT('',(0.73055463019,0.169866811971,1.));
#985 = CARTESIAN_POINT('',(0.732101173464,0.158424678308,0.99));
#986 = CARTESIAN_POINT('',(0.732101173464,0.158424678308,1.));
#987 = CARTESIAN_POINT('',(0.732302750987,0.150584964926,0.99));
#988 = CARTESIAN_POINT('',(0.732302750987,0.150584964926,1.));
#989 = CARTESIAN_POINT('',(0.732406094235,0.146565759643,0.99));
#990 = CARTESIAN_POINT('',(0.732406094235,0.146565759643,1.));
#991 = DEFINITIONAL_REPRESENTATION('',(#992),#996);
#992 = LINE('',#993,#994);
#993 = CARTESIAN_POINT('',(-1.707648200167E-17,1.));
#994 = VECTOR('',#995,1.);
#995 = DIRECTION('',(1.,-1.099120794379E-14));
#996 = ( GEOMETRIC_REPRESENTATION_CONTEXT(2) 
PARAMETRIC_REPRESENTATION_CONTEXT() REPRESENTATION_CONTEXT('2D SPACE',''
  ) );
#997 = ORIENTED_EDGE('',*,*,#998,.T.);
#998 = EDGE_CURVE('',#905,#999,#1001,.T.);
#999 = VERTEX_POINT('',#1000);
#1000 = CARTESIAN_POINT('',(0.64300060643,4.187710862524E-03,1.));
#1001 = SURFACE_CURVE('',#1002,(#1022,#1045),.PCURVE_S1.);
#1002 = B_SPLINE_CURVE_WITH_KNOTS('',3,(#1003,#1004,#1005,#1006,#1007,
    #1008,#1009,#1010,#1011,#1012,#1013,#1014,#1015,#1016,#1017,#1018,
    #1019,#1020,#1021),.UNSPECIFIED.,.F.,.F.,(4,1,1,1,1,1,1,1,1,1,1,1,1,
    1,1,1,4),(0.,6.142313690763E-02,0.121356548907,0.1790828856,
    0.235830946565,0.291494634484,0.346255914794,0.400407811522,
    0.454253298306,0.509659450129,0.568478222516,0.630635089559,
    0.696370529068,0.766466386813,0.840152334238,0.917818258664,1.),
  .UNSPECIFIED.);
#1003 = CARTESIAN_POINT('',(0.732406094235,0.146565759643,1.));
#1004 = CARTESIAN_POINT('',(0.73235774737,0.142955268864,1.));
#1005 = CARTESIAN_POINT('',(0.732262226221,0.135821854276,1.));
#1006 = CARTESIAN_POINT('',(0.731200538894,0.125343069806,1.));
#1007 = CARTESIAN_POINT('',(0.729726150723,0.115197085505,1.));
#1008 = CARTESIAN_POINT('',(0.727516892926,0.105434764628,1.));
#1009 = CARTESIAN_POINT('',(0.724603830871,9.604494030731E-02,1.));
#1010 = CARTESIAN_POINT('',(0.721097619838,8.702364128413E-02,1.));
#1011 = CARTESIAN_POINT('',(0.716971221137,7.838623509848E-02,1.));
#1012 = CARTESIAN_POINT('',(0.712189735606,7.004885106622E-02,1.));
#1013 = CARTESIAN_POINT('',(0.706614942902,6.188707492455E-02,1.));
#1014 = CARTESIAN_POINT('',(0.700211615447,5.372689848039E-02,1.));
#1015 = CARTESIAN_POINT('',(0.692836945836,4.559626196559E-02,1.));
#1016 = CARTESIAN_POINT('',(0.684663567213,3.731186578002E-02,1.));
#1017 = CARTESIAN_POINT('',(0.675522431361,2.905572959836E-02,1.));
#1018 = CARTESIAN_POINT('',(0.665494592062,2.076190144086E-02,1.));
#1019 = CARTESIAN_POINT('',(0.654678498341,1.230863159183E-02,1.));
#1020 = CARTESIAN_POINT('',(0.646965866288,6.945191512463E-03,1.));
#1021 = CARTESIAN_POINT('',(0.64300060643,4.187710862524E-03,1.));
#1022 = PCURVE('',#91,#1023);
#1023 = DEFINITIONAL_REPRESENTATION('',(#1024),#1044);
#1024 = B_SPLINE_CURVE_WITH_KNOTS('',3,(#1025,#1026,#1027,#1028,#1029,
    #1030,#1031,#1032,#1033,#1034,#1035,#1036,#1037,#1038,#1039,#1040,
    #1041,#1042,#1043),.UNSPECIFIED.,.F.,.F.,(4,1,1,1,1,1,1,1,1,1,1,1,1,
    1,1,1,4),(0.,6.142313690763E-02,0.121356548907,0.1790828856,
    0.235830946565,0.291494634484,0.346255914794,0.400407811522,
    0.454253298306,0.509659450129,0.568478222516,0.630635089559,
    0.696370529068,0.766466386813,0.840152334238,0.917818258664,1.),
  .UNSPECIFIED.);
#1025 = CARTESIAN_POINT('',(-0.732406094235,0.146565759643));
#1026 = CARTESIAN_POINT('',(-0.73235774737,0.142955268864));
#1027 = CARTESIAN_POINT('',(-0.732262226221,0.135821854276));
#1028 = CARTESIAN_POINT('',(-0.731200538894,0.125343069806));
#1029 = CARTESIAN_POINT('',(-0.729726150723,0.115197085505));
#1030 = CARTESIAN_POINT('',(-0.727516892926,0.105434764628));
#1031 = CARTESIAN_POINT('',(-0.724603830871,9.604494030731E-02));
#1032 = CARTESIAN_POINT('',(-0.721097619838,8.702364128413E-02));
#1033 = CARTESIAN_POINT('',(-0.716971221137,7.838623509848E-02));
#1034 = CARTESIAN_POINT('',(-0.712189735606,7.004885106622E-02));
#1035 = CARTESIAN_POINT('',(-0.706614942902,6.188707492455E-02));
#1036 = CARTESIAN_POINT('',(-0.700211615447,5.372689848039E-02));
#1037 = CARTESIAN_POINT('',(-0.692836945836,4.559626196559E-02));
#1038 = CARTESIAN_POINT('',(-0.684663567213,3.731186578002E-02));
#1039 = CARTESIAN_POINT('',(-0.675522431361,2.905572959836E-02));
#1040 = CARTESIAN_POINT('',(-0.665494592062,2.076190144086E-02));
#1041 = CARTESIAN_POINT('',(-0.654678498341,1.230863159183E-02));
#1042 = CARTESIAN_POINT('',(-0.646965866288,6.945191512463E-03));
#1043 = CARTESIAN_POINT('',(-0.64300060643,4.187710862524E-03));
#1044 = ( GEOMETRIC_REPRESENTATION_CONTEXT(2) 
PARAMETRIC_REPRESENTATION_CONTEXT() REPRESENTATION_CONTEXT('2D SPACE',''
  ) );
#1045 = PCURVE('',#1046,#1085);
#1046 = B_SPLINE_SURFACE_WITH_KNOTS('',3,1,(
    (#1047,#1048)
    ,(#1049,#1050)
    ,(#1051,#1052)
    ,(#1053,#1054)
    ,(#1055,#1056)
    ,(#1057,#1058)
    ,(#1059,#1060)
    ,(#1061,#1062)
    ,(#1063,#1064)
    ,(#1065,#1066)
    ,(#1067,#1068)
    ,(#1069,#1070)
    ,(#1071,#1072)
    ,(#1073,#1074)
    ,(#1075,#1076)
    ,(#1077,#1078)
    ,(#1079,#1080)
    ,(#1081,#1082)
    ,(#1083,#1084
    )),.UNSPECIFIED.,.F.,.F.,.F.,(4,1,1,1,1,1,1,1,1,1,1,1,1,1,1,1,4),(2,
    2),(0.,6.142313690763E-02,0.121356548907,0.1790828856,0.235830946565
    ,0.291494634484,0.346255914794,0.400407811522,0.454253298306,
    0.509659450129,0.568478222516,0.630635089559,0.696370529068,
    0.766466386813,0.840152334238,0.917818258664,1.),(0.,1.),
  .UNSPECIFIED.);
#1047 = CARTESIAN_POINT('',(0.732406094235,0.146565759643,0.99));
#1048 = CARTESIAN_POINT('',(0.732406094235,0.146565759643,1.));
#1049 = CARTESIAN_POINT('',(0.73235774737,0.142955268864,0.99));
#1050 = CARTESIAN_POINT('',(0.73235774737,0.142955268864,1.));
#1051 = CARTESIAN_POINT('',(0.732262226221,0.135821854276,0.99));
#1052 = CARTESIAN_POINT('',(0.732262226221,0.135821854276,1.));
#1053 = CARTESIAN_POINT('',(0.731200538894,0.125343069806,0.99));
#1054 = CARTESIAN_POINT('',(0.731200538894,0.125343069806,1.));
#1055 = CARTESIAN_POINT('',(0.729726150723,0.115197085505,0.99));
#1056 = CARTESIAN_POINT('',(0.729726150723,0.115197085505,1.));
#1057 = CARTESIAN_POINT('',(0.727516892926,0.105434764628,0.99));
#1058 = CARTESIAN_POINT('',(0.727516892926,0.105434764628,1.));
#1059 = CARTESIAN_POINT('',(0.724603830871,9.604494030731E-02,0.99));
#1060 = CARTESIAN_POINT('',(0.724603830871,9.604494030731E-02,1.));
#1061 = CARTESIAN_POINT('',(0.721097619838,8.702364128413E-02,0.99));
#1062 = CARTESIAN_POINT('',(0.721097619838,8.702364128413E-02,1.));
#1063 = CARTESIAN_POINT('',(0.716971221137,7.838623509848E-02,0.99));
#1064 = CARTESIAN_POINT('',(0.716971221137,7.838623509848E-02,1.));
#1065 = CARTESIAN_POINT('',(0.712189735606,7.004885106622E-02,0.99));
#1066 = CARTESIAN_POINT('',(0.712189735606,7.004885106622E-02,1.));
#1067 = CARTESIAN_POINT('',(0.706614942902,6.188707492455E-02,0.99));
#1068 = CARTESIAN_POINT('',(0.706614942902,6.188707492455E-02,1.));
#1069 = CARTESIAN_POINT('',(0.700211615447,5.372689848039E-02,0.99));
#1070 = CARTESIAN_POINT('',(0.700211615447,5.372689848039E-02,1.));
#1071 = CARTESIAN_POINT('',(0.692836945836,4.559626196559E-02,0.99));
#1072 = CARTESIAN_POINT('',(0.692836945836,4.559626196559E-02,1.));
#1073 = CARTESIAN_POINT('',(0.684663567213,3.731186578002E-02,0.99));
#1074 = CARTESIAN_POINT('',(0.684663567213,3.731186578002E-02,1.));
#1075 = CARTESIAN_POINT('',(0.675522431361,2.905572959836E-02,0.99));
#1076 = CARTESIAN_POINT('',(0.675522431361,2.905572959836E-02,1.));
#1077 = CARTESIAN_POINT('',(0.665494592062,2.076190144086E-02,0.99));
#1078 = CARTESIAN_POINT('',(0.665494592062,2.076190144086E-02,1.));
#1079 = CARTESIAN_POINT('',(0.654678498341,1.230863159183E-02,0.99));
#1080 = CARTESIAN_POINT('',(0.654678498341,1.230863159183E-02,1.));
#1081 = CARTESIAN_POINT('',(0.646965866288,6.945191512463E-03,0.99));
#1082 = CARTESIAN_POINT('',(0.646965866288,6.945191512463E-03,1.));
#1083 = CARTESIAN_POINT('',(0.64300060643,4.187710862524E-03,0.99));
#1084 = CARTESIAN_POINT('',(0.64300060643,4.187710862524E-03,1.));
#1085 = DEFINITIONAL_REPRESENTATION('',(#1086),#1090);
#1086 = LINE('',#1087,#1088);
#1087 = CARTESIAN_POINT('',(1.457276471324E-16,1.));
#1088 = VECTOR('',#1089,1.);
#1089 = DIRECTION('',(1.,1.110223024625E-14));
#1090 = ( GEOMETRIC_REPRESENTATION_CONTEXT(2) 
PARAMETRIC_REPRESENTATION_CONTEXT() REPRESENTATION_CONTEXT('2D SPACE',''
  ) );
#1091 = ORIENTED_EDGE('',*,*,#1092,.T.);
#1092 = EDGE_CURVE('',#999,#1093,#1095,.T.);
#1093 = VERTEX_POINT('',#1094);
#1094 = CARTESIAN_POINT('',(0.545820728381,-0.107245215967,1.));
#1095 = SURFACE_CURVE('',#1096,(#1116,#1139),.PCURVE_S1.);
#1096 = B_SPLINE_CURVE_WITH_KNOTS('',3,(#1097,#1098,#1099,#1100,#1101,
    #1102,#1103,#1104,#1105,#1106,#1107,#1108,#1109,#1110,#1111,#1112,
    #1113,#1114,#1115),.UNSPECIFIED.,.F.,.F.,(4,1,1,1,1,1,1,1,1,1,1,1,1,
    1,1,1,4),(0.,9.411756336215E-02,0.181014635353,0.259725157265,
    0.330541192164,0.394164029877,0.450008890077,0.497997598119,
    0.538163229729,0.607477229206,0.670579594661,0.727603929466,
    0.779215356773,0.829143152911,0.882179650141,0.938867052006,1.),
  .UNSPECIFIED.);
#1097 = CARTESIAN_POINT('',(0.64300060643,4.187710862524E-03,1.));
#1098 = CARTESIAN_POINT('',(0.639005050262,1.42801902957E-03,1.));
#1099 = CARTESIAN_POINT('',(0.63132046816,-3.879647180461E-03,1.));
#1100 = CARTESIAN_POINT('',(0.620401639896,-1.164837092893E-02,1.));
#1101 = CARTESIAN_POINT('',(0.610467878639,-1.872719132518E-02,1.));
#1102 = CARTESIAN_POINT('',(0.601583116812,-2.520925554905E-02,1.));
#1103 = CARTESIAN_POINT('',(0.593780284999,-3.116771983115E-02,1.));
#1104 = CARTESIAN_POINT('',(0.586896637494,-3.63892632306E-02,1.));
#1105 = CARTESIAN_POINT('',(0.581094583006,-4.103144221821E-02,1.));
#1106 = CARTESIAN_POINT('',(0.574907218052,-4.629890834078E-02,1.));
#1107 = CARTESIAN_POINT('',(0.568446158093,-5.243622616996E-02,1.));
#1108 = CARTESIAN_POINT('',(0.561833650155,-5.964894256521E-02,1.));
#1109 = CARTESIAN_POINT('',(0.556507992082,-6.675115594907E-02,1.));
#1110 = CARTESIAN_POINT('',(0.552392493334,-7.385165317605E-02,1.));
#1111 = CARTESIAN_POINT('',(0.549436693015,-8.128303427122E-02,1.));
#1112 = CARTESIAN_POINT('',(0.547277808581,-8.925231032308E-02,1.));
#1113 = CARTESIAN_POINT('',(0.546102942141,-9.801352724879E-02,1.));
#1114 = CARTESIAN_POINT('',(0.545917136546,-0.104091542058,1.));
#1115 = CARTESIAN_POINT('',(0.545820728381,-0.107245215967,1.));
#1116 = PCURVE('',#91,#1117);
#1117 = DEFINITIONAL_REPRESENTATION('',(#1118),#1138);
#1118 = B_SPLINE_CURVE_WITH_KNOTS('',3,(#1119,#1120,#1121,#1122,#1123,
    #1124,#1125,#1126,#1127,#1128,#1129,#1130,#1131,#1132,#1133,#1134,
    #1135,#1136,#1137),.UNSPECIFIED.,.F.,.F.,(4,1,1,1,1,1,1,1,1,1,1,1,1,
    1,1,1,4),(0.,9.411756336215E-02,0.181014635353,0.259725157265,
    0.330541192164,0.394164029877,0.450008890077,0.497997598119,
    0.538163229729,0.607477229206,0.670579594661,0.727603929466,
    0.779215356773,0.829143152911,0.882179650141,0.938867052006,1.),
  .UNSPECIFIED.);
#1119 = CARTESIAN_POINT('',(-0.64300060643,4.187710862524E-03));
#1120 = CARTESIAN_POINT('',(-0.639005050262,1.42801902957E-03));
#1121 = CARTESIAN_POINT('',(-0.63132046816,-3.879647180461E-03));
#1122 = CARTESIAN_POINT('',(-0.620401639896,-1.164837092893E-02));
#1123 = CARTESIAN_POINT('',(-0.610467878639,-1.872719132518E-02));
#1124 = CARTESIAN_POINT('',(-0.601583116812,-2.520925554905E-02));
#1125 = CARTESIAN_POINT('',(-0.593780284999,-3.116771983115E-02));
#1126 = CARTESIAN_POINT('',(-0.586896637494,-3.63892632306E-02));
#1127 = CARTESIAN_POINT('',(-0.581094583006,-4.103144221821E-02));
#1128 = CARTESIAN_POINT('',(-0.574907218052,-4.629890834078E-02));
#1129 = CARTESIAN_POINT('',(-0.568446158093,-5.243622616996E-02));
#1130 = CARTESIAN_POINT('',(-0.561833650155,-5.964894256521E-02));
#1131 = CARTESIAN_POINT('',(-0.556507992082,-6.675115594907E-02));
#1132 = CARTESIAN_POINT('',(-0.552392493334,-7.385165317605E-02));
#1133 = CARTESIAN_POINT('',(-0.549436693015,-8.128303427122E-02));
#1134 = CARTESIAN_POINT('',(-0.547277808581,-8.925231032308E-02));
#1135 = CARTESIAN_POINT('',(-0.546102942141,-9.801352724879E-02));
#1136 = CARTESIAN_POINT('',(-0.545917136546,-0.104091542058));
#1137 = CARTESIAN_POINT('',(-0.545820728381,-0.107245215967));
#1138 = ( GEOMETRIC_REPRESENTATION_CONTEXT(2) 
PARAMETRIC_REPRESENTATION_CONTEXT() REPRESENTATION_CONTEXT('2D SPACE',''
  ) );
#1139 = PCURVE('',#1140,#1179);
#1140 = B_SPLINE_SURFACE_WITH_KNOTS('',3,1,(
    (#1141,#1142)
    ,(#1143,#1144)
    ,(#1145,#1146)
    ,(#1147,#1148)
    ,(#1149,#1150)
    ,(#1151,#1152)
    ,(#1153,#1154)
    ,(#1155,#1156)
    ,(#1157,#1158)
    ,(#1159,#1160)
    ,(#1161,#1162)
    ,(#1163,#1164)
    ,(#1165,#1166)
    ,(#1167,#1168)
    ,(#1169,#1170)
    ,(#1171,#1172)
    ,(#1173,#1174)
    ,(#1175,#1176)
    ,(#1177,#1178
    )),.UNSPECIFIED.,.F.,.F.,.F.,(4,1,1,1,1,1,1,1,1,1,1,1,1,1,1,1,4),(2,
    2),(0.,9.411756336215E-02,0.181014635353,0.259725157265,
    0.330541192164,0.394164029877,0.450008890077,0.497997598119,
    0.538163229729,0.607477229206,0.670579594661,0.727603929466,
    0.779215356773,0.829143152911,0.882179650141,0.938867052006,1.),(0.,
    1.),.UNSPECIFIED.);
#1141 = CARTESIAN_POINT('',(0.64300060643,4.187710862524E-03,0.99));
#1142 = CARTESIAN_POINT('',(0.64300060643,4.187710862524E-03,1.));
#1143 = CARTESIAN_POINT('',(0.639005050262,1.42801902957E-03,0.99));
#1144 = CARTESIAN_POINT('',(0.639005050262,1.42801902957E-03,1.));
#1145 = CARTESIAN_POINT('',(0.63132046816,-3.879647180461E-03,0.99));
#1146 = CARTESIAN_POINT('',(0.63132046816,-3.879647180461E-03,1.));
#1147 = CARTESIAN_POINT('',(0.620401639896,-1.164837092893E-02,0.99));
#1148 = CARTESIAN_POINT('',(0.620401639896,-1.164837092893E-02,1.));
#1149 = CARTESIAN_POINT('',(0.610467878639,-1.872719132518E-02,0.99));
#1150 = CARTESIAN_POINT('',(0.610467878639,-1.872719132518E-02,1.));
#1151 = CARTESIAN_POINT('',(0.601583116812,-2.520925554905E-02,0.99));
#1152 = CARTESIAN_POINT('',(0.601583116812,-2.520925554905E-02,1.));
#1153 = CARTESIAN_POINT('',(0.593780284999,-3.116771983115E-02,0.99));
#1154 = CARTESIAN_POINT('',(0.593780284999,-3.116771983115E-02,1.));
#1155 = CARTESIAN_POINT('',(0.586896637494,-3.63892632306E-02,0.99));
#1156 = CARTESIAN_POINT('',(0.586896637494,-3.63892632306E-02,1.));
#1157 = CARTESIAN_POINT('',(0.581094583006,-4.103144221821E-02,0.99));
#1158 = CARTESIAN_POINT('',(0.581094583006,-4.103144221821E-02,1.));
#1159 = CARTESIAN_POINT('',(0.574907218052,-4.629890834078E-02,0.99));
#1160 = CARTESIAN_POINT('',(0.574907218052,-4.629890834078E-02,1.));
#1161 = CARTESIAN_POINT('',(0.568446158093,-5.243622616996E-02,0.99));
#1162 = CARTESIAN_POINT('',(0.568446158093,-5.243622616996E-02,1.));
#1163 = CARTESIAN_POINT('',(0.561833650155,-5.964894256521E-02,0.99));
#1164 = CARTESIAN_POINT('',(0.561833650155,-5.964894256521E-02,1.));
#1165 = CARTESIAN_POINT('',(0.556507992082,-6.675115594907E-02,0.99));
#1166 = CARTESIAN_POINT('',(0.556507992082,-6.675115594907E-02,1.));
#1167 = CARTESIAN_POINT('',(0.552392493334,-7.385165317605E-02,0.99));
#1168 = CARTESIAN_POINT('',(0.552392493334,-7.385165317605E-02,1.));
#1169 = CARTESIAN_POINT('',(0.549436693015,-8.128303427122E-02,0.99));
#1170 = CARTESIAN_POINT('',(0.549436693015,-8.128303427122E-02,1.));
#1171 = CARTESIAN_POINT('',(0.547277808581,-8.925231032308E-02,0.99));
#1172 = CARTESIAN_POINT('',(0.547277808581,-8.925231032308E-02,1.));
#1173 = CARTESIAN_POINT('',(0.546102942141,-9.801352724879E-02,0.99));
#1174 = CARTESIAN_POINT('',(0.546102942141,-9.801352724879E-02,1.));
#1175 = CARTESIAN_POINT('',(0.545917136546,-0.104091542058,0.99));
#1176 = CARTESIAN_POINT('',(0.545917136546,-0.104091542058,1.));
#1177 = CARTESIAN_POINT('',(0.545820728381,-0.107245215967,0.99));
#1178 = CARTESIAN_POINT('',(0.545820728381,-0.107245215967,1.));
#1179 = DEFINITIONAL_REPRESENTATION('',(#1180),#1184);
#1180 = LINE('',#1181,#1182);
#1181 = CARTESIAN_POINT('',(-2.113313672987E-16,1.));
#1182 = VECTOR('',#1183,1.);
#1183 = DIRECTION('',(1.,-1.099120794379E-14));
#1184 = ( GEOMETRIC_REPRESENTATION_CONTEXT(2) 
PARAMETRIC_REPRESENTATION_CONTEXT() REPRESENTATION_CONTEXT('2D SPACE',''
  ) );
#1185 = ORIENTED_EDGE('',*,*,#1186,.T.);
#1186 = EDGE_CURVE('',#1093,#1187,#1189,.T.);
#1187 = VERTEX_POINT('',#1188);
#1188 = CARTESIAN_POINT('',(0.742162191796,-0.107245215967,1.));
#1189 = SURFACE_CURVE('',#1190,(#1194,#1201),.PCURVE_S1.);
#1190 = LINE('',#1191,#1192);
#1191 = CARTESIAN_POINT('',(0.545820728381,-0.107245215967,1.));
#1192 = VECTOR('',#1193,1.);
#1193 = DIRECTION('',(1.,0.,0.));
#1194 = PCURVE('',#91,#1195);
#1195 = DEFINITIONAL_REPRESENTATION('',(#1196),#1200);
#1196 = LINE('',#1197,#1198);
#1197 = CARTESIAN_POINT('',(-0.545820728381,-0.107245215967));
#1198 = VECTOR('',#1199,1.);
#1199 = DIRECTION('',(-1.,0.));
#1200 = ( GEOMETRIC_REPRESENTATION_CONTEXT(2) 
PARAMETRIC_REPRESENTATION_CONTEXT() REPRESENTATION_CONTEXT('2D SPACE',''
  ) );
#1201 = PCURVE('',#1202,#1207);
#1202 = PLANE('',#1203);
#1203 = AXIS2_PLACEMENT_3D('',#1204,#1205,#1206);
#1204 = CARTESIAN_POINT('',(0.545820728381,-0.107245215967,0.99));
#1205 = DIRECTION('',(0.,-1.,0.));
#1206 = DIRECTION('',(0.,-0.,-1.));
#1207 = DEFINITIONAL_REPRESENTATION('',(#1208),#1212);
#1208 = LINE('',#1209,#1210);
#1209 = CARTESIAN_POINT('',(-1.E-02,0.));
#1210 = VECTOR('',#1211,1.);
#1211 = DIRECTION('',(0.,1.));
#1212 = ( GEOMETRIC_REPRESENTATION_CONTEXT(2) 
PARAMETRIC_REPRESENTATION_CONTEXT() REPRESENTATION_CONTEXT('2D SPACE',''
  ) );
#1213 = ORIENTED_EDGE('',*,*,#1214,.T.);
#1214 = EDGE_CURVE('',#1187,#1215,#1217,.T.);
#1215 = VERTEX_POINT('',#1216);
#1216 = CARTESIAN_POINT('',(0.742162191796,-0.151147654991,1.));
#1217 = SURFACE_CURVE('',#1218,(#1222,#1229),.PCURVE_S1.);
#1218 = LINE('',#1219,#1220);
#1219 = CARTESIAN_POINT('',(0.742162191796,-0.107245215967,1.));
#1220 = VECTOR('',#1221,1.);
#1221 = DIRECTION('',(0.,-1.,0.));
#1222 = PCURVE('',#91,#1223);
#1223 = DEFINITIONAL_REPRESENTATION('',(#1224),#1228);
#1224 = LINE('',#1225,#1226);
#1225 = CARTESIAN_POINT('',(-0.742162191796,-0.107245215967));
#1226 = VECTOR('',#1227,1.);
#1227 = DIRECTION('',(-0.,-1.));
#1228 = ( GEOMETRIC_REPRESENTATION_CONTEXT(2) 
PARAMETRIC_REPRESENTATION_CONTEXT() REPRESENTATION_CONTEXT('2D SPACE',''
  ) );
#1229 = PCURVE('',#1230,#1235);
#1230 = PLANE('',#1231);
#1231 = AXIS2_PLACEMENT_3D('',#1232,#1233,#1234);
#1232 = CARTESIAN_POINT('',(0.742162191796,-0.107245215967,0.99));
#1233 = DIRECTION('',(-1.,0.,-0.));
#1234 = DIRECTION('',(0.,0.,1.));
#1235 = DEFINITIONAL_REPRESENTATION('',(#1236),#1240);
#1236 = LINE('',#1237,#1238);
#1237 = CARTESIAN_POINT('',(1.E-02,0.));
#1238 = VECTOR('',#1239,1.);
#1239 = DIRECTION('',(0.,-1.));
#1240 = ( GEOMETRIC_REPRESENTATION_CONTEXT(2) 
PARAMETRIC_REPRESENTATION_CONTEXT() REPRESENTATION_CONTEXT('2D SPACE',''
  ) );
#1241 = ORIENTED_EDGE('',*,*,#1242,.T.);
#1242 = EDGE_CURVE('',#1215,#1243,#1245,.T.);
#1243 = VERTEX_POINT('',#1244);
#1244 = CARTESIAN_POINT('',(0.493381703991,-0.151147654991,1.));
#1245 = SURFACE_CURVE('',#1246,(#1250,#1257),.PCURVE_S1.);
#1246 = LINE('',#1247,#1248);
#1247 = CARTESIAN_POINT('',(0.742162191796,-0.151147654991,1.));
#1248 = VECTOR('',#1249,1.);
#1249 = DIRECTION('',(-1.,0.,0.));
#1250 = PCURVE('',#91,#1251);
#1251 = DEFINITIONAL_REPRESENTATION('',(#1252),#1256);
#1252 = LINE('',#1253,#1254);
#1253 = CARTESIAN_POINT('',(-0.742162191796,-0.151147654991));
#1254 = VECTOR('',#1255,1.);
#1255 = DIRECTION('',(1.,0.));
#1256 = ( GEOMETRIC_REPRESENTATION_CONTEXT(2) 
PARAMETRIC_REPRESENTATION_CONTEXT() REPRESENTATION_CONTEXT('2D SPACE',''
  ) );
#1257 = PCURVE('',#1258,#1263);
#1258 = PLANE('',#1259);
#1259 = AXIS2_PLACEMENT_3D('',#1260,#1261,#1262);
#1260 = CARTESIAN_POINT('',(0.742162191796,-0.151147654991,0.99));
#1261 = DIRECTION('',(0.,1.,0.));
#1262 = DIRECTION('',(0.,-0.,1.));
#1263 = DEFINITIONAL_REPRESENTATION('',(#1264),#1268);
#1264 = LINE('',#1265,#1266);
#1265 = CARTESIAN_POINT('',(1.E-02,0.));
#1266 = VECTOR('',#1267,1.);
#1267 = DIRECTION('',(0.,-1.));
#1268 = ( GEOMETRIC_REPRESENTATION_CONTEXT(2) 
PARAMETRIC_REPRESENTATION_CONTEXT() REPRESENTATION_CONTEXT('2D SPACE',''
  ) );
#1269 = ORIENTED_EDGE('',*,*,#1270,.T.);
#1270 = EDGE_CURVE('',#1243,#1271,#1273,.T.);
#1271 = VERTEX_POINT('',#1272);
#1272 = CARTESIAN_POINT('',(0.493381703991,-0.13133058182,1.));
#1273 = SURFACE_CURVE('',#1274,(#1278,#1285),.PCURVE_S1.);
#1274 = LINE('',#1275,#1276);
#1275 = CARTESIAN_POINT('',(0.493381703991,-0.151147654991,1.));
#1276 = VECTOR('',#1277,1.);
#1277 = DIRECTION('',(0.,1.,0.));
#1278 = PCURVE('',#91,#1279);
#1279 = DEFINITIONAL_REPRESENTATION('',(#1280),#1284);
#1280 = LINE('',#1281,#1282);
#1281 = CARTESIAN_POINT('',(-0.493381703991,-0.151147654991));
#1282 = VECTOR('',#1283,1.);
#1283 = DIRECTION('',(0.,1.));
#1284 = ( GEOMETRIC_REPRESENTATION_CONTEXT(2) 
PARAMETRIC_REPRESENTATION_CONTEXT() REPRESENTATION_CONTEXT('2D SPACE',''
  ) );
#1285 = PCURVE('',#1286,#1291);
#1286 = PLANE('',#1287);
#1287 = AXIS2_PLACEMENT_3D('',#1288,#1289,#1290);
#1288 = CARTESIAN_POINT('',(0.493381703991,-0.151147654991,0.99));
#1289 = DIRECTION('',(1.,-0.,0.));
#1290 = DIRECTION('',(0.,0.,-1.));
#1291 = DEFINITIONAL_REPRESENTATION('',(#1292),#1296);
#1292 = LINE('',#1293,#1294);
#1293 = CARTESIAN_POINT('',(-1.E-02,0.));
#1294 = VECTOR('',#1295,1.);
#1295 = DIRECTION('',(0.,1.));
#1296 = ( GEOMETRIC_REPRESENTATION_CONTEXT(2) 
PARAMETRIC_REPRESENTATION_CONTEXT() REPRESENTATION_CONTEXT('2D SPACE',''
  ) );
#1297 = ORIENTED_EDGE('',*,*,#1298,.T.);
#1298 = EDGE_CURVE('',#1271,#563,#1299,.T.);
#1299 = SURFACE_CURVE('',#1300,(#1320,#1343),.PCURVE_S1.);
#1300 = B_SPLINE_CURVE_WITH_KNOTS('',3,(#1301,#1302,#1303,#1304,#1305,
    #1306,#1307,#1308,#1309,#1310,#1311,#1312,#1313,#1314,#1315,#1316,
    #1317,#1318,#1319),.UNSPECIFIED.,.F.,.F.,(4,1,1,1,1,1,1,1,1,1,1,1,1,
    1,1,1,4),(0.,8.13584627196E-02,0.15715841667,0.22726263074,
    0.292665763214,0.357039133309,0.424764165763,0.495504263261,
    0.570614939055,0.611150275169,0.655432632097,0.703226099241,
    0.755132330954,0.810603631011,0.869726631125,0.933055712687,1.),
  .UNSPECIFIED.);
#1301 = CARTESIAN_POINT('',(0.493381703991,-0.13133058182,1.));
#1302 = CARTESIAN_POINT('',(0.493498620634,-0.125812920369,1.));
#1303 = CARTESIAN_POINT('',(0.493724466034,-0.115154570783,1.));
#1304 = CARTESIAN_POINT('',(0.495448614616,-9.981384905297E-02,1.));
#1305 = CARTESIAN_POINT('',(0.498407593814,-8.577257228435E-02,1.));
#1306 = CARTESIAN_POINT('',(0.502549343,-7.283485732163E-02,1.));
#1307 = CARTESIAN_POINT('',(0.508213142565,-6.06623942061E-02,1.));
#1308 = CARTESIAN_POINT('',(0.515347129628,-4.88787752828E-02,1.));
#1309 = CARTESIAN_POINT('',(0.523942300939,-3.719361782795E-02,1.));
#1310 = CARTESIAN_POINT('',(0.532417369599,-2.779919255763E-02,1.));
#1311 = CARTESIAN_POINT('',(0.539995575027,-2.003718485911E-02,1.));
#1312 = CARTESIAN_POINT('',(0.546673540063,-1.4009728522E-02,1.));
#1313 = CARTESIAN_POINT('',(0.55399155041,-7.545729288442E-03,1.));
#1314 = CARTESIAN_POINT('',(0.562157703636,-9.070949320353E-04,1.));
#1315 = CARTESIAN_POINT('',(0.570981006619,6.137830812699E-03,1.));
#1316 = CARTESIAN_POINT('',(0.580629855674,1.338406000646E-02,1.));
#1317 = CARTESIAN_POINT('',(0.591051023881,2.089089347684E-02,1.));
#1318 = CARTESIAN_POINT('',(0.598279812034,2.596863037985E-02,1.));
#1319 = CARTESIAN_POINT('',(0.601994508869,2.857795476496E-02,1.));
#1320 = PCURVE('',#91,#1321);
#1321 = DEFINITIONAL_REPRESENTATION('',(#1322),#1342);
#1322 = B_SPLINE_CURVE_WITH_KNOTS('',3,(#1323,#1324,#1325,#1326,#1327,
    #1328,#1329,#1330,#1331,#1332,#1333,#1334,#1335,#1336,#1337,#1338,
    #1339,#1340,#1341),.UNSPECIFIED.,.F.,.F.,(4,1,1,1,1,1,1,1,1,1,1,1,1,
    1,1,1,4),(0.,8.13584627196E-02,0.15715841667,0.22726263074,
    0.292665763214,0.357039133309,0.424764165763,0.495504263261,
    0.570614939055,0.611150275169,0.655432632097,0.703226099241,
    0.755132330954,0.810603631011,0.869726631125,0.933055712687,1.),
  .UNSPECIFIED.);
#1323 = CARTESIAN_POINT('',(-0.493381703991,-0.13133058182));
#1324 = CARTESIAN_POINT('',(-0.493498620634,-0.125812920369));
#1325 = CARTESIAN_POINT('',(-0.493724466034,-0.115154570783));
#1326 = CARTESIAN_POINT('',(-0.495448614616,-9.981384905297E-02));
#1327 = CARTESIAN_POINT('',(-0.498407593814,-8.577257228435E-02));
#1328 = CARTESIAN_POINT('',(-0.502549343,-7.283485732163E-02));
#1329 = CARTESIAN_POINT('',(-0.508213142565,-6.06623942061E-02));
#1330 = CARTESIAN_POINT('',(-0.515347129628,-4.88787752828E-02));
#1331 = CARTESIAN_POINT('',(-0.523942300939,-3.719361782795E-02));
#1332 = CARTESIAN_POINT('',(-0.532417369599,-2.779919255763E-02));
#1333 = CARTESIAN_POINT('',(-0.539995575027,-2.003718485911E-02));
#1334 = CARTESIAN_POINT('',(-0.546673540063,-1.4009728522E-02));
#1335 = CARTESIAN_POINT('',(-0.55399155041,-7.545729288442E-03));
#1336 = CARTESIAN_POINT('',(-0.562157703636,-9.070949320353E-04));
#1337 = CARTESIAN_POINT('',(-0.570981006619,6.137830812699E-03));
#1338 = CARTESIAN_POINT('',(-0.580629855674,1.338406000646E-02));
#1339 = CARTESIAN_POINT('',(-0.591051023881,2.089089347684E-02));
#1340 = CARTESIAN_POINT('',(-0.598279812034,2.596863037985E-02));
#1341 = CARTESIAN_POINT('',(-0.601994508869,2.857795476496E-02));
#1342 = ( GEOMETRIC_REPRESENTATION_CONTEXT(2) 
PARAMETRIC_REPRESENTATION_CONTEXT() REPRESENTATION_CONTEXT('2D SPACE',''
  ) );
#1343 = PCURVE('',#1344,#1383);
#1344 = B_SPLINE_SURFACE_WITH_KNOTS('',3,1,(
    (#1345,#1346)
    ,(#1347,#1348)
    ,(#1349,#1350)
    ,(#1351,#1352)
    ,(#1353,#1354)
    ,(#1355,#1356)
    ,(#1357,#1358)
    ,(#1359,#1360)
    ,(#1361,#1362)
    ,(#1363,#1364)
    ,(#1365,#1366)
    ,(#1367,#1368)
    ,(#1369,#1370)
    ,(#1371,#1372)
    ,(#1373,#1374)
    ,(#1375,#1376)
    ,(#1377,#1378)
    ,(#1379,#1380)
    ,(#1381,#1382
    )),.UNSPECIFIED.,.F.,.F.,.F.,(4,1,1,1,1,1,1,1,1,1,1,1,1,1,1,1,4),(2,
    2),(0.,8.13584627196E-02,0.15715841667,0.22726263074,0.292665763214,
    0.357039133309,0.424764165763,0.495504263261,0.570614939055,
    0.611150275169,0.655432632097,0.703226099241,0.755132330954,
    0.810603631011,0.869726631125,0.933055712687,1.),(0.,1.),
  .UNSPECIFIED.);
#1345 = CARTESIAN_POINT('',(0.493381703991,-0.13133058182,0.99));
#1346 = CARTESIAN_POINT('',(0.493381703991,-0.13133058182,1.));
#1347 = CARTESIAN_POINT('',(0.493498620634,-0.125812920369,0.99));
#1348 = CARTESIAN_POINT('',(0.493498620634,-0.125812920369,1.));
#1349 = CARTESIAN_POINT('',(0.493724466034,-0.115154570783,0.99));
#1350 = CARTESIAN_POINT('',(0.493724466034,-0.115154570783,1.));
#1351 = CARTESIAN_POINT('',(0.495448614616,-9.981384905297E-02,0.99));
#1352 = CARTESIAN_POINT('',(0.495448614616,-9.981384905297E-02,1.));
#1353 = CARTESIAN_POINT('',(0.498407593814,-8.577257228435E-02,0.99));
#1354 = CARTESIAN_POINT('',(0.498407593814,-8.577257228435E-02,1.));
#1355 = CARTESIAN_POINT('',(0.502549343,-7.283485732163E-02,0.99));
#1356 = CARTESIAN_POINT('',(0.502549343,-7.283485732163E-02,1.));
#1357 = CARTESIAN_POINT('',(0.508213142565,-6.06623942061E-02,0.99));
#1358 = CARTESIAN_POINT('',(0.508213142565,-6.06623942061E-02,1.));
#1359 = CARTESIAN_POINT('',(0.515347129628,-4.88787752828E-02,0.99));
#1360 = CARTESIAN_POINT('',(0.515347129628,-4.88787752828E-02,1.));
#1361 = CARTESIAN_POINT('',(0.523942300939,-3.719361782795E-02,0.99));
#1362 = CARTESIAN_POINT('',(0.523942300939,-3.719361782795E-02,1.));
#1363 = CARTESIAN_POINT('',(0.532417369599,-2.779919255763E-02,0.99));
#1364 = CARTESIAN_POINT('',(0.532417369599,-2.779919255763E-02,1.));
#1365 = CARTESIAN_POINT('',(0.539995575027,-2.003718485911E-02,0.99));
#1366 = CARTESIAN_POINT('',(0.539995575027,-2.003718485911E-02,1.));
#1367 = CARTESIAN_POINT('',(0.546673540063,-1.4009728522E-02,0.99));
#1368 = CARTESIAN_POINT('',(0.546673540063,-1.4009728522E-02,1.));
#1369 = CARTESIAN_POINT('',(0.55399155041,-7.545729288442E-03,0.99));
#1370 = CARTESIAN_POINT('',(0.55399155041,-7.545729288442E-03,1.));
#1371 = CARTESIAN_POINT('',(0.562157703636,-9.070949320353E-04,0.99));
#1372 = CARTESIAN_POINT('',(0.562157703636,-9.070949320353E-04,1.));
#1373 = CARTESIAN_POINT('',(0.570981006619,6.137830812699E-03,0.99));
#1374 = CARTESIAN_POINT('',(0.570981006619,6.137830812699E-03,1.));
#1375 = CARTESIAN_POINT('',(0.580629855674,1.338406000646E-02,0.99));
#1376 = CARTESIAN_POINT('',(0.580629855674,1.338406000646E-02,1.));
#1377 = CARTESIAN_POINT('',(0.591051023881,2.089089347684E-02,0.99));
#1378 = CARTESIAN_POINT('',(0.591051023881,2.089089347684E-02,1.));
#1379 = CARTESIAN_POINT('',(0.598279812034,2.596863037985E-02,0.99));
#1380 = CARTESIAN_POINT('',(0.598279812034,2.596863037985E-02,1.));
#1381 = CARTESIAN_POINT('',(0.601994508869,2.857795476496E-02,0.99));
#1382 = CARTESIAN_POINT('',(0.601994508869,2.857795476496E-02,1.));
#1383 = DEFINITIONAL_REPRESENTATION('',(#1384),#1388);
#1384 = LINE('',#1385,#1386);
#1385 = CARTESIAN_POINT('',(2.171641505958E-16,1.));
#1386 = VECTOR('',#1387,1.);
#1387 = DIRECTION('',(1.,3.341771304122E-14));
#1388 = ( GEOMETRIC_REPRESENTATION_CONTEXT(2) 
PARAMETRIC_REPRESENTATION_CONTEXT() REPRESENTATION_CONTEXT('2D SPACE',''
  ) );
#1389 = FACE_BOUND('',#1390,.T.);
#1390 = EDGE_LOOP('',(#1391,#1421,#1449,#1477,#1505,#1533,#1561,#1607,
    #1635,#1681));
#1391 = ORIENTED_EDGE('',*,*,#1392,.T.);
#1392 = EDGE_CURVE('',#1393,#1395,#1397,.T.);
#1393 = VERTEX_POINT('',#1394);
#1394 = CARTESIAN_POINT('',(-0.731008539911,0.248852345009,1.));
#1395 = VERTEX_POINT('',#1396);
#1396 = CARTESIAN_POINT('',(-0.677350003326,0.248852345009,1.));
#1397 = SURFACE_CURVE('',#1398,(#1402,#1409),.PCURVE_S1.);
#1398 = LINE('',#1399,#1400);
#1399 = CARTESIAN_POINT('',(-0.731008539911,0.248852345009,1.));
#1400 = VECTOR('',#1401,1.);
#1401 = DIRECTION('',(1.,0.,0.));
#1402 = PCURVE('',#91,#1403);
#1403 = DEFINITIONAL_REPRESENTATION('',(#1404),#1408);
#1404 = LINE('',#1405,#1406);
#1405 = CARTESIAN_POINT('',(0.731008539911,0.248852345009));
#1406 = VECTOR('',#1407,1.);
#1407 = DIRECTION('',(-1.,0.));
#1408 = ( GEOMETRIC_REPRESENTATION_CONTEXT(2) 
PARAMETRIC_REPRESENTATION_CONTEXT() REPRESENTATION_CONTEXT('2D SPACE',''
  ) );
#1409 = PCURVE('',#1410,#1415);
#1410 = PLANE('',#1411);
#1411 = AXIS2_PLACEMENT_3D('',#1412,#1413,#1414);
#1412 = CARTESIAN_POINT('',(-0.731008539911,0.248852345009,0.99));
#1413 = DIRECTION('',(0.,-1.,0.));
#1414 = DIRECTION('',(0.,-0.,-1.));
#1415 = DEFINITIONAL_REPRESENTATION('',(#1416),#1420);
#1416 = LINE('',#1417,#1418);
#1417 = CARTESIAN_POINT('',(-1.E-02,0.));
#1418 = VECTOR('',#1419,1.);
#1419 = DIRECTION('',(0.,1.));
#1420 = ( GEOMETRIC_REPRESENTATION_CONTEXT(2) 
PARAMETRIC_REPRESENTATION_CONTEXT() REPRESENTATION_CONTEXT('2D SPACE',''
  ) );
#1421 = ORIENTED_EDGE('',*,*,#1422,.T.);
#1422 = EDGE_CURVE('',#1395,#1423,#1425,.T.);
#1423 = VERTEX_POINT('',#1424);
#1424 = CARTESIAN_POINT('',(-0.81881341796,-0.151147654991,1.));
#1425 = SURFACE_CURVE('',#1426,(#1430,#1437),.PCURVE_S1.);
#1426 = LINE('',#1427,#1428);
#1427 = CARTESIAN_POINT('',(-0.677350003326,0.248852345009,1.));
#1428 = VECTOR('',#1429,1.);
#1429 = DIRECTION('',(-0.333421446825,-0.942777884126,0.));
#1430 = PCURVE('',#91,#1431);
#1431 = DEFINITIONAL_REPRESENTATION('',(#1432),#1436);
#1432 = LINE('',#1433,#1434);
#1433 = CARTESIAN_POINT('',(0.677350003326,0.248852345009));
#1434 = VECTOR('',#1435,1.);
#1435 = DIRECTION('',(0.333421446825,-0.942777884126));
#1436 = ( GEOMETRIC_REPRESENTATION_CONTEXT(2) 
PARAMETRIC_REPRESENTATION_CONTEXT() REPRESENTATION_CONTEXT('2D SPACE',''
  ) );
#1437 = PCURVE('',#1438,#1443);
#1438 = PLANE('',#1439);
#1439 = AXIS2_PLACEMENT_3D('',#1440,#1441,#1442);
#1440 = CARTESIAN_POINT('',(-0.677350003326,0.248852345009,0.99));
#1441 = DIRECTION('',(-0.942777884126,0.333421446825,0.));
#1442 = DIRECTION('',(-0.333421446825,-0.942777884126,0.));
#1443 = DEFINITIONAL_REPRESENTATION('',(#1444),#1448);
#1444 = LINE('',#1445,#1446);
#1445 = CARTESIAN_POINT('',(0.,1.E-02));
#1446 = VECTOR('',#1447,1.);
#1447 = DIRECTION('',(1.,0.));
#1448 = ( GEOMETRIC_REPRESENTATION_CONTEXT(2) 
PARAMETRIC_REPRESENTATION_CONTEXT() REPRESENTATION_CONTEXT('2D SPACE',''
  ) );
#1449 = ORIENTED_EDGE('',*,*,#1450,.T.);
#1450 = EDGE_CURVE('',#1423,#1451,#1453,.T.);
#1451 = VERTEX_POINT('',#1452);
#1452 = CARTESIAN_POINT('',(-0.877350003326,-0.151147654991,1.));
#1453 = SURFACE_CURVE('',#1454,(#1458,#1465),.PCURVE_S1.);
#1454 = LINE('',#1455,#1456);
#1455 = CARTESIAN_POINT('',(-0.81881341796,-0.151147654991,1.));
#1456 = VECTOR('',#1457,1.);
#1457 = DIRECTION('',(-1.,0.,0.));
#1458 = PCURVE('',#91,#1459);
#1459 = DEFINITIONAL_REPRESENTATION('',(#1460),#1464);
#1460 = LINE('',#1461,#1462);
#1461 = CARTESIAN_POINT('',(0.81881341796,-0.151147654991));
#1462 = VECTOR('',#1463,1.);
#1463 = DIRECTION('',(1.,0.));
#1464 = ( GEOMETRIC_REPRESENTATION_CONTEXT(2) 
PARAMETRIC_REPRESENTATION_CONTEXT() REPRESENTATION_CONTEXT('2D SPACE',''
  ) );
#1465 = PCURVE('',#1466,#1471);
#1466 = PLANE('',#1467);
#1467 = AXIS2_PLACEMENT_3D('',#1468,#1469,#1470);
#1468 = CARTESIAN_POINT('',(-0.81881341796,-0.151147654991,0.99));
#1469 = DIRECTION('',(0.,1.,0.));
#1470 = DIRECTION('',(0.,-0.,1.));
#1471 = DEFINITIONAL_REPRESENTATION('',(#1472),#1476);
#1472 = LINE('',#1473,#1474);
#1473 = CARTESIAN_POINT('',(1.E-02,0.));
#1474 = VECTOR('',#1475,1.);
#1475 = DIRECTION('',(0.,-1.));
#1476 = ( GEOMETRIC_REPRESENTATION_CONTEXT(2) 
PARAMETRIC_REPRESENTATION_CONTEXT() REPRESENTATION_CONTEXT('2D SPACE',''
  ) );
#1477 = ORIENTED_EDGE('',*,*,#1478,.T.);
#1478 = EDGE_CURVE('',#1451,#1479,#1481,.T.);
#1479 = VERTEX_POINT('',#1480);
#1480 = CARTESIAN_POINT('',(-1.023691466741,0.248852345009,1.));
#1481 = SURFACE_CURVE('',#1482,(#1486,#1493),.PCURVE_S1.);
#1482 = LINE('',#1483,#1484);
#1483 = CARTESIAN_POINT('',(-0.877350003326,-0.151147654991,1.));
#1484 = VECTOR('',#1485,1.);
#1485 = DIRECTION('',(-0.343581531264,0.93912285212,0.));
#1486 = PCURVE('',#91,#1487);
#1487 = DEFINITIONAL_REPRESENTATION('',(#1488),#1492);
#1488 = LINE('',#1489,#1490);
#1489 = CARTESIAN_POINT('',(0.877350003326,-0.151147654991));
#1490 = VECTOR('',#1491,1.);
#1491 = DIRECTION('',(0.343581531264,0.93912285212));
#1492 = ( GEOMETRIC_REPRESENTATION_CONTEXT(2) 
PARAMETRIC_REPRESENTATION_CONTEXT() REPRESENTATION_CONTEXT('2D SPACE',''
  ) );
#1493 = PCURVE('',#1494,#1499);
#1494 = PLANE('',#1495);
#1495 = AXIS2_PLACEMENT_3D('',#1496,#1497,#1498);
#1496 = CARTESIAN_POINT('',(-0.877350003326,-0.151147654991,0.99));
#1497 = DIRECTION('',(0.93912285212,0.343581531264,0.));
#1498 = DIRECTION('',(-0.343581531264,0.93912285212,0.));
#1499 = DEFINITIONAL_REPRESENTATION('',(#1500),#1504);
#1500 = LINE('',#1501,#1502);
#1501 = CARTESIAN_POINT('',(0.,1.E-02));
#1502 = VECTOR('',#1503,1.);
#1503 = DIRECTION('',(1.,0.));
#1504 = ( GEOMETRIC_REPRESENTATION_CONTEXT(2) 
PARAMETRIC_REPRESENTATION_CONTEXT() REPRESENTATION_CONTEXT('2D SPACE',''
  ) );
#1505 = ORIENTED_EDGE('',*,*,#1506,.T.);
#1506 = EDGE_CURVE('',#1479,#1507,#1509,.T.);
#1507 = VERTEX_POINT('',#1508);
#1508 = CARTESIAN_POINT('',(-0.965154881375,0.248852345009,1.));
#1509 = SURFACE_CURVE('',#1510,(#1514,#1521),.PCURVE_S1.);
#1510 = LINE('',#1511,#1512);
#1511 = CARTESIAN_POINT('',(-1.023691466741,0.248852345009,1.));
#1512 = VECTOR('',#1513,1.);
#1513 = DIRECTION('',(1.,0.,0.));
#1514 = PCURVE('',#91,#1515);
#1515 = DEFINITIONAL_REPRESENTATION('',(#1516),#1520);
#1516 = LINE('',#1517,#1518);
#1517 = CARTESIAN_POINT('',(1.023691466741,0.248852345009));
#1518 = VECTOR('',#1519,1.);
#1519 = DIRECTION('',(-1.,0.));
#1520 = ( GEOMETRIC_REPRESENTATION_CONTEXT(2) 
PARAMETRIC_REPRESENTATION_CONTEXT() REPRESENTATION_CONTEXT('2D SPACE',''
  ) );
#1521 = PCURVE('',#1522,#1527);
#1522 = PLANE('',#1523);
#1523 = AXIS2_PLACEMENT_3D('',#1524,#1525,#1526);
#1524 = CARTESIAN_POINT('',(-1.023691466741,0.248852345009,0.99));
#1525 = DIRECTION('',(0.,-1.,0.));
#1526 = DIRECTION('',(0.,-0.,-1.));
#1527 = DEFINITIONAL_REPRESENTATION('',(#1528),#1532);
#1528 = LINE('',#1529,#1530);
#1529 = CARTESIAN_POINT('',(-1.E-02,0.));
#1530 = VECTOR('',#1531,1.);
#1531 = DIRECTION('',(0.,1.));
#1532 = ( GEOMETRIC_REPRESENTATION_CONTEXT(2) 
PARAMETRIC_REPRESENTATION_CONTEXT() REPRESENTATION_CONTEXT('2D SPACE',''
  ) );
#1533 = ORIENTED_EDGE('',*,*,#1534,.T.);
#1534 = EDGE_CURVE('',#1507,#1535,#1537,.T.);
#1535 = VERTEX_POINT('',#1536);
#1536 = CARTESIAN_POINT('',(-0.855932320399,-6.181838669845E-02,1.));
#1537 = SURFACE_CURVE('',#1538,(#1542,#1549),.PCURVE_S1.);
#1538 = LINE('',#1539,#1540);
#1539 = CARTESIAN_POINT('',(-0.965154881375,0.248852345009,1.));
#1540 = VECTOR('',#1541,1.);
#1541 = DIRECTION('',(0.331669735186,-0.943395562191,0.));
#1542 = PCURVE('',#91,#1543);
#1543 = DEFINITIONAL_REPRESENTATION('',(#1544),#1548);
#1544 = LINE('',#1545,#1546);
#1545 = CARTESIAN_POINT('',(0.965154881375,0.248852345009));
#1546 = VECTOR('',#1547,1.);
#1547 = DIRECTION('',(-0.331669735186,-0.943395562191));
#1548 = ( GEOMETRIC_REPRESENTATION_CONTEXT(2) 
PARAMETRIC_REPRESENTATION_CONTEXT() REPRESENTATION_CONTEXT('2D SPACE',''
  ) );
#1549 = PCURVE('',#1550,#1555);
#1550 = PLANE('',#1551);
#1551 = AXIS2_PLACEMENT_3D('',#1552,#1553,#1554);
#1552 = CARTESIAN_POINT('',(-0.965154881375,0.248852345009,0.99));
#1553 = DIRECTION('',(-0.943395562191,-0.331669735186,0.));
#1554 = DIRECTION('',(0.331669735186,-0.943395562191,0.));
#1555 = DEFINITIONAL_REPRESENTATION('',(#1556),#1560);
#1556 = LINE('',#1557,#1558);
#1557 = CARTESIAN_POINT('',(0.,1.E-02));
#1558 = VECTOR('',#1559,1.);
#1559 = DIRECTION('',(1.,0.));
#1560 = ( GEOMETRIC_REPRESENTATION_CONTEXT(2) 
PARAMETRIC_REPRESENTATION_CONTEXT() REPRESENTATION_CONTEXT('2D SPACE',''
  ) );
#1561 = ORIENTED_EDGE('',*,*,#1562,.T.);
#1562 = EDGE_CURVE('',#1535,#1563,#1565,.T.);
#1563 = VERTEX_POINT('',#1564);
#1564 = CARTESIAN_POINT('',(-0.847853052106,-9.748911840577E-02,1.));
#1565 = SURFACE_CURVE('',#1566,(#1574,#1585),.PCURVE_S1.);
#1566 = B_SPLINE_CURVE_WITH_KNOTS('',3,(#1567,#1568,#1569,#1570,#1571,
    #1572,#1573),.UNSPECIFIED.,.F.,.F.,(4,1,1,1,4),(0.,0.229560165132,
    0.472212301603,0.728790397111,1.),.UNSPECIFIED.);
#1567 = CARTESIAN_POINT('',(-0.855932320399,-6.181838669845E-02,1.));
#1568 = CARTESIAN_POINT('',(-0.855033045154,-6.447541383141E-02,1.));
#1569 = CARTESIAN_POINT('',(-0.853183208388,-6.994100015016E-02,1.));
#1570 = CARTESIAN_POINT('',(-0.851022856634,-7.858509383712E-02,1.));
#1571 = CARTESIAN_POINT('',(-0.849172491758,-8.781673409222E-02,1.));
#1572 = CARTESIAN_POINT('',(-0.848300919331,-9.420594898274E-02,1.));
#1573 = CARTESIAN_POINT('',(-0.847853052106,-9.748911840577E-02,1.));
#1574 = PCURVE('',#91,#1575);
#1575 = DEFINITIONAL_REPRESENTATION('',(#1576),#1584);
#1576 = B_SPLINE_CURVE_WITH_KNOTS('',3,(#1577,#1578,#1579,#1580,#1581,
    #1582,#1583),.UNSPECIFIED.,.F.,.F.,(4,1,1,1,4),(0.,0.229560165132,
    0.472212301603,0.728790397111,1.),.UNSPECIFIED.);
#1577 = CARTESIAN_POINT('',(0.855932320399,-6.181838669845E-02));
#1578 = CARTESIAN_POINT('',(0.855033045154,-6.447541383141E-02));
#1579 = CARTESIAN_POINT('',(0.853183208388,-6.994100015016E-02));
#1580 = CARTESIAN_POINT('',(0.851022856634,-7.858509383712E-02));
#1581 = CARTESIAN_POINT('',(0.849172491758,-8.781673409222E-02));
#1582 = CARTESIAN_POINT('',(0.848300919331,-9.420594898274E-02));
#1583 = CARTESIAN_POINT('',(0.847853052106,-9.748911840577E-02));
#1584 = ( GEOMETRIC_REPRESENTATION_CONTEXT(2) 
PARAMETRIC_REPRESENTATION_CONTEXT() REPRESENTATION_CONTEXT('2D SPACE',''
  ) );
#1585 = PCURVE('',#1586,#1601);
#1586 = B_SPLINE_SURFACE_WITH_KNOTS('',3,1,(
    (#1587,#1588)
    ,(#1589,#1590)
    ,(#1591,#1592)
    ,(#1593,#1594)
    ,(#1595,#1596)
    ,(#1597,#1598)
    ,(#1599,#1600
    )),.UNSPECIFIED.,.F.,.F.,.F.,(4,1,1,1,4),(2,2),(0.,0.229560165132,
    0.472212301603,0.728790397111,1.),(0.,1.),.UNSPECIFIED.);
#1587 = CARTESIAN_POINT('',(-0.855932320399,-6.181838669845E-02,0.99));
#1588 = CARTESIAN_POINT('',(-0.855932320399,-6.181838669845E-02,1.));
#1589 = CARTESIAN_POINT('',(-0.855033045154,-6.447541383141E-02,0.99));
#1590 = CARTESIAN_POINT('',(-0.855033045154,-6.447541383141E-02,1.));
#1591 = CARTESIAN_POINT('',(-0.853183208388,-6.994100015016E-02,0.99));
#1592 = CARTESIAN_POINT('',(-0.853183208388,-6.994100015016E-02,1.));
#1593 = CARTESIAN_POINT('',(-0.851022856634,-7.858509383712E-02,0.99));
#1594 = CARTESIAN_POINT('',(-0.851022856634,-7.858509383712E-02,1.));
#1595 = CARTESIAN_POINT('',(-0.849172491758,-8.781673409222E-02,0.99));
#1596 = CARTESIAN_POINT('',(-0.849172491758,-8.781673409222E-02,1.));
#1597 = CARTESIAN_POINT('',(-0.848300919331,-9.420594898274E-02,0.99));
#1598 = CARTESIAN_POINT('',(-0.848300919331,-9.420594898274E-02,1.));
#1599 = CARTESIAN_POINT('',(-0.847853052106,-9.748911840577E-02,0.99));
#1600 = CARTESIAN_POINT('',(-0.847853052106,-9.748911840577E-02,1.));
#1601 = DEFINITIONAL_REPRESENTATION('',(#1602),#1606);
#1602 = LINE('',#1603,#1604);
#1603 = CARTESIAN_POINT('',(9.745306500955E-16,1.));
#1604 = VECTOR('',#1605,1.);
#1605 = DIRECTION('',(1.,-1.110223024625E-14));
#1606 = ( GEOMETRIC_REPRESENTATION_CONTEXT(2) 
PARAMETRIC_REPRESENTATION_CONTEXT() REPRESENTATION_CONTEXT('2D SPACE',''
  ) );
#1607 = ORIENTED_EDGE('',*,*,#1608,.T.);
#1608 = EDGE_CURVE('',#1563,#1609,#1611,.T.);
#1609 = VERTEX_POINT('',#1610);
#1610 = CARTESIAN_POINT('',(-0.846633539911,-9.748911840577E-02,1.));
#1611 = SURFACE_CURVE('',#1612,(#1616,#1623),.PCURVE_S1.);
#1612 = LINE('',#1613,#1614);
#1613 = CARTESIAN_POINT('',(-0.847853052106,-9.748911840577E-02,1.));
#1614 = VECTOR('',#1615,1.);
#1615 = DIRECTION('',(1.,0.,0.));
#1616 = PCURVE('',#91,#1617);
#1617 = DEFINITIONAL_REPRESENTATION('',(#1618),#1622);
#1618 = LINE('',#1619,#1620);
#1619 = CARTESIAN_POINT('',(0.847853052106,-9.748911840577E-02));
#1620 = VECTOR('',#1621,1.);
#1621 = DIRECTION('',(-1.,0.));
#1622 = ( GEOMETRIC_REPRESENTATION_CONTEXT(2) 
PARAMETRIC_REPRESENTATION_CONTEXT() REPRESENTATION_CONTEXT('2D SPACE',''
  ) );
#1623 = PCURVE('',#1624,#1629);
#1624 = PLANE('',#1625);
#1625 = AXIS2_PLACEMENT_3D('',#1626,#1627,#1628);
#1626 = CARTESIAN_POINT('',(-0.847853052106,-9.748911840577E-02,0.99));
#1627 = DIRECTION('',(0.,-1.,0.));
#1628 = DIRECTION('',(0.,-0.,-1.));
#1629 = DEFINITIONAL_REPRESENTATION('',(#1630),#1634);
#1630 = LINE('',#1631,#1632);
#1631 = CARTESIAN_POINT('',(-1.E-02,0.));
#1632 = VECTOR('',#1633,1.);
#1633 = DIRECTION('',(0.,1.));
#1634 = ( GEOMETRIC_REPRESENTATION_CONTEXT(2) 
PARAMETRIC_REPRESENTATION_CONTEXT() REPRESENTATION_CONTEXT('2D SPACE',''
  ) );
#1635 = ORIENTED_EDGE('',*,*,#1636,.T.);
#1636 = EDGE_CURVE('',#1609,#1637,#1639,.T.);
#1637 = VERTEX_POINT('',#1638);
#1638 = CARTESIAN_POINT('',(-0.837792076497,-6.128485011309E-02,1.));
#1639 = SURFACE_CURVE('',#1640,(#1648,#1659),.PCURVE_S1.);
#1640 = B_SPLINE_CURVE_WITH_KNOTS('',3,(#1641,#1642,#1643,#1644,#1645,
    #1646,#1647),.UNSPECIFIED.,.F.,.F.,(4,1,1,1,4),(0.,0.241261143934,
    0.48783174424,0.73929368481,1.),.UNSPECIFIED.);
#1641 = CARTESIAN_POINT('',(-0.846633539911,-9.748911840577E-02,1.));
#1642 = CARTESIAN_POINT('',(-0.846252253796,-9.450751172352E-02,1.));
#1643 = CARTESIAN_POINT('',(-0.845481290568,-8.847868186422E-02,1.));
#1644 = CARTESIAN_POINT('',(-0.843371910752,-7.951032152314E-02,1.));
#1645 = CARTESIAN_POINT('',(-0.841022042257,-7.035501660361E-02,1.));
#1646 = CARTESIAN_POINT('',(-0.838881609654,-6.434440178264E-02,1.));
#1647 = CARTESIAN_POINT('',(-0.837792076497,-6.128485011309E-02,1.));
#1648 = PCURVE('',#91,#1649);
#1649 = DEFINITIONAL_REPRESENTATION('',(#1650),#1658);
#1650 = B_SPLINE_CURVE_WITH_KNOTS('',3,(#1651,#1652,#1653,#1654,#1655,
    #1656,#1657),.UNSPECIFIED.,.F.,.F.,(4,1,1,1,4),(0.,0.241261143934,
    0.48783174424,0.73929368481,1.),.UNSPECIFIED.);
#1651 = CARTESIAN_POINT('',(0.846633539911,-9.748911840577E-02));
#1652 = CARTESIAN_POINT('',(0.846252253796,-9.450751172352E-02));
#1653 = CARTESIAN_POINT('',(0.845481290568,-8.847868186422E-02));
#1654 = CARTESIAN_POINT('',(0.843371910752,-7.951032152314E-02));
#1655 = CARTESIAN_POINT('',(0.841022042257,-7.035501660361E-02));
#1656 = CARTESIAN_POINT('',(0.838881609654,-6.434440178264E-02));
#1657 = CARTESIAN_POINT('',(0.837792076497,-6.128485011309E-02));
#1658 = ( GEOMETRIC_REPRESENTATION_CONTEXT(2) 
PARAMETRIC_REPRESENTATION_CONTEXT() REPRESENTATION_CONTEXT('2D SPACE',''
  ) );
#1659 = PCURVE('',#1660,#1675);
#1660 = B_SPLINE_SURFACE_WITH_KNOTS('',3,1,(
    (#1661,#1662)
    ,(#1663,#1664)
    ,(#1665,#1666)
    ,(#1667,#1668)
    ,(#1669,#1670)
    ,(#1671,#1672)
    ,(#1673,#1674
    )),.UNSPECIFIED.,.F.,.F.,.F.,(4,1,1,1,4),(2,2),(0.,0.241261143934,
    0.48783174424,0.73929368481,1.),(0.,1.),.UNSPECIFIED.);
#1661 = CARTESIAN_POINT('',(-0.846633539911,-9.748911840577E-02,0.99));
#1662 = CARTESIAN_POINT('',(-0.846633539911,-9.748911840577E-02,1.));
#1663 = CARTESIAN_POINT('',(-0.846252253796,-9.450751172352E-02,0.99));
#1664 = CARTESIAN_POINT('',(-0.846252253796,-9.450751172352E-02,1.));
#1665 = CARTESIAN_POINT('',(-0.845481290568,-8.847868186422E-02,0.99));
#1666 = CARTESIAN_POINT('',(-0.845481290568,-8.847868186422E-02,1.));
#1667 = CARTESIAN_POINT('',(-0.843371910752,-7.951032152314E-02,0.99));
#1668 = CARTESIAN_POINT('',(-0.843371910752,-7.951032152314E-02,1.));
#1669 = CARTESIAN_POINT('',(-0.841022042257,-7.035501660361E-02,0.99));
#1670 = CARTESIAN_POINT('',(-0.841022042257,-7.035501660361E-02,1.));
#1671 = CARTESIAN_POINT('',(-0.838881609654,-6.434440178264E-02,0.99));
#1672 = CARTESIAN_POINT('',(-0.838881609654,-6.434440178264E-02,1.));
#1673 = CARTESIAN_POINT('',(-0.837792076497,-6.128485011309E-02,0.99));
#1674 = CARTESIAN_POINT('',(-0.837792076497,-6.128485011309E-02,1.));
#1675 = DEFINITIONAL_REPRESENTATION('',(#1676),#1680);
#1676 = LINE('',#1677,#1678);
#1677 = CARTESIAN_POINT('',(-3.836480838815E-16,1.));
#1678 = VECTOR('',#1679,1.);
#1679 = DIRECTION('',(1.,2.22044604925E-16));
#1680 = ( GEOMETRIC_REPRESENTATION_CONTEXT(2) 
PARAMETRIC_REPRESENTATION_CONTEXT() REPRESENTATION_CONTEXT('2D SPACE',''
  ) );
#1681 = ORIENTED_EDGE('',*,*,#1682,.T.);
#1682 = EDGE_CURVE('',#1637,#1393,#1683,.T.);
#1683 = SURFACE_CURVE('',#1684,(#1688,#1695),.PCURVE_S1.);
#1684 = LINE('',#1685,#1686);
#1685 = CARTESIAN_POINT('',(-0.837792076497,-6.128485011309E-02,1.));
#1686 = VECTOR('',#1687,1.);
#1687 = DIRECTION('',(0.325553808058,0.945523515339,0.));
#1688 = PCURVE('',#91,#1689);
#1689 = DEFINITIONAL_REPRESENTATION('',(#1690),#1694);
#1690 = LINE('',#1691,#1692);
#1691 = CARTESIAN_POINT('',(0.837792076497,-6.128485011309E-02));
#1692 = VECTOR('',#1693,1.);
#1693 = DIRECTION('',(-0.325553808058,0.945523515339));
#1694 = ( GEOMETRIC_REPRESENTATION_CONTEXT(2) 
PARAMETRIC_REPRESENTATION_CONTEXT() REPRESENTATION_CONTEXT('2D SPACE',''
  ) );
#1695 = PCURVE('',#1696,#1701);
#1696 = PLANE('',#1697);
#1697 = AXIS2_PLACEMENT_3D('',#1698,#1699,#1700);
#1698 = CARTESIAN_POINT('',(-0.837792076497,-6.128485011309E-02,0.99));
#1699 = DIRECTION('',(0.945523515339,-0.325553808058,0.));
#1700 = DIRECTION('',(0.325553808058,0.945523515339,0.));
#1701 = DEFINITIONAL_REPRESENTATION('',(#1702),#1706);
#1702 = LINE('',#1703,#1704);
#1703 = CARTESIAN_POINT('',(0.,1.E-02));
#1704 = VECTOR('',#1705,1.);
#1705 = DIRECTION('',(1.,0.));
#1706 = ( GEOMETRIC_REPRESENTATION_CONTEXT(2) 
PARAMETRIC_REPRESENTATION_CONTEXT() REPRESENTATION_CONTEXT('2D SPACE',''
  ) );
#1707 = FACE_BOUND('',#1708,.T.);
#1708 = EDGE_LOOP('',(#1709,#1734,#1757,#1780));
#1709 = ORIENTED_EDGE('',*,*,#1710,.T.);
#1710 = EDGE_CURVE('',#1711,#1713,#1715,.T.);
#1711 = VERTEX_POINT('',#1712);
#1712 = CARTESIAN_POINT('',(2.5,-2.5,1.));
#1713 = VERTEX_POINT('',#1714);
#1714 = CARTESIAN_POINT('',(2.5,2.5,1.));
#1715 = SURFACE_CURVE('',#1716,(#1720,#1727),.PCURVE_S1.);
#1716 = LINE('',#1717,#1718);
#1717 = CARTESIAN_POINT('',(2.5,-2.5,1.));
#1718 = VECTOR('',#1719,1.);
#1719 = DIRECTION('',(0.,1.,0.));
#1720 = PCURVE('',#91,#1721);
#1721 = DEFINITIONAL_REPRESENTATION('',(#1722),#1726);
#1722 = LINE('',#1723,#1724);
#1723 = CARTESIAN_POINT('',(-2.5,-2.5));
#1724 = VECTOR('',#1725,1.);
#1725 = DIRECTION('',(0.,1.));
#1726 = ( GEOMETRIC_REPRESENTATION_CONTEXT(2) 
PARAMETRIC_REPRESENTATION_CONTEXT() REPRESENTATION_CONTEXT('2D SPACE',''
  ) );
#1727 = PCURVE('',#183,#1728);
#1728 = DEFINITIONAL_REPRESENTATION('',(#1729),#1733);
#1729 = LINE('',#1730,#1731);
#1730 = CARTESIAN_POINT('',(0.,0.));
#1731 = VECTOR('',#1732,1.);
#1732 = DIRECTION('',(0.,1.));
#1733 = ( GEOMETRIC_REPRESENTATION_CONTEXT(2) 
PARAMETRIC_REPRESENTATION_CONTEXT() REPRESENTATION_CONTEXT('2D SPACE',''
  ) );
#1734 = ORIENTED_EDGE('',*,*,#1735,.T.);
#1735 = EDGE_CURVE('',#1713,#1736,#1738,.T.);
#1736 = VERTEX_POINT('',#1737);
#1737 = CARTESIAN_POINT('',(-2.5,2.5,1.));
#1738 = SURFACE_CURVE('',#1739,(#1743,#1750),.PCURVE_S1.);
#1739 = LINE('',#1740,#1741);
#1740 = CARTESIAN_POINT('',(-2.5,2.5,1.));
#1741 = VECTOR('',#1742,1.);
#1742 = DIRECTION('',(-1.,-0.,-0.));
#1743 = PCURVE('',#91,#1744);
#1744 = DEFINITIONAL_REPRESENTATION('',(#1745),#1749);
#1745 = LINE('',#1746,#1747);
#1746 = CARTESIAN_POINT('',(2.5,2.5));
#1747 = VECTOR('',#1748,1.);
#1748 = DIRECTION('',(1.,0.));
#1749 = ( GEOMETRIC_REPRESENTATION_CONTEXT(2) 
PARAMETRIC_REPRESENTATION_CONTEXT() REPRESENTATION_CONTEXT('2D SPACE',''
  ) );
#1750 = PCURVE('',#265,#1751);
#1751 = DEFINITIONAL_REPRESENTATION('',(#1752),#1756);
#1752 = LINE('',#1753,#1754);
#1753 = CARTESIAN_POINT('',(0.,0.));
#1754 = VECTOR('',#1755,1.);
#1755 = DIRECTION('',(0.,-1.));
#1756 = ( GEOMETRIC_REPRESENTATION_CONTEXT(2) 
PARAMETRIC_REPRESENTATION_CONTEXT() REPRESENTATION_CONTEXT('2D SPACE',''
  ) );
#1757 = ORIENTED_EDGE('',*,*,#1758,.T.);
#1758 = EDGE_CURVE('',#1736,#1759,#1761,.T.);
#1759 = VERTEX_POINT('',#1760);
#1760 = CARTESIAN_POINT('',(-2.5,-2.5,1.));
#1761 = SURFACE_CURVE('',#1762,(#1766,#1773),.PCURVE_S1.);
#1762 = LINE('',#1763,#1764);
#1763 = CARTESIAN_POINT('',(-2.5,-2.5,1.));
#1764 = VECTOR('',#1765,1.);
#1765 = DIRECTION('',(-0.,-1.,-0.));
#1766 = PCURVE('',#91,#1767);
#1767 = DEFINITIONAL_REPRESENTATION('',(#1768),#1772);
#1768 = LINE('',#1769,#1770);
#1769 = CARTESIAN_POINT('',(2.5,-2.5));
#1770 = VECTOR('',#1771,1.);
#1771 = DIRECTION('',(0.,-1.));
#1772 = ( GEOMETRIC_REPRESENTATION_CONTEXT(2) 
PARAMETRIC_REPRESENTATION_CONTEXT() REPRESENTATION_CONTEXT('2D SPACE',''
  ) );
#1773 = PCURVE('',#239,#1774);
#1774 = DEFINITIONAL_REPRESENTATION('',(#1775),#1779);
#1775 = LINE('',#1776,#1777);
#1776 = CARTESIAN_POINT('',(0.,0.));
#1777 = VECTOR('',#1778,1.);
#1778 = DIRECTION('',(0.,-1.));
#1779 = ( GEOMETRIC_REPRESENTATION_CONTEXT(2) 
PARAMETRIC_REPRESENTATION_CONTEXT() REPRESENTATION_CONTEXT('2D SPACE',''
  ) );
#1780 = ORIENTED_EDGE('',*,*,#1781,.T.);
#1781 = EDGE_CURVE('',#1759,#1711,#1782,.T.);
#1782 = SURFACE_CURVE('',#1783,(#1787,#1794),.PCURVE_S1.);
#1783 = LINE('',#1784,#1785);
#1784 = CARTESIAN_POINT('',(-2.5,-2.5,1.));
#1785 = VECTOR('',#1786,1.);
#1786 = DIRECTION('',(1.,0.,0.));
#1787 = PCURVE('',#91,#1788);
#1788 = DEFINITIONAL_REPRESENTATION('',(#1789),#1793);
#1789 = LINE('',#1790,#1791);
#1790 = CARTESIAN_POINT('',(2.5,-2.5));
#1791 = VECTOR('',#1792,1.);
#1792 = DIRECTION('',(-1.,0.));
#1793 = ( GEOMETRIC_REPRESENTATION_CONTEXT(2) 
PARAMETRIC_REPRESENTATION_CONTEXT() REPRESENTATION_CONTEXT('2D SPACE',''
  ) );
#1794 = PCURVE('',#211,#1795);
#1795 = DEFINITIONAL_REPRESENTATION('',(#1796),#1800);
#1796 = LINE('',#1797,#1798);
#1797 = CARTESIAN_POINT('',(0.,0.));
#1798 = VECTOR('',#1799,1.);
#1799 = DIRECTION('',(0.,1.));
#1800 = ( GEOMETRIC_REPRESENTATION_CONTEXT(2) 
PARAMETRIC_REPRESENTATION_CONTEXT() REPRESENTATION_CONTEXT('2D SPACE',''
  ) );
#1801 = FACE_BOUND('',#1802,.T.);
#1802 = EDGE_LOOP('',(#1803,#1829));
#1803 = ORIENTED_EDGE('',*,*,#1804,.F.);
#1804 = EDGE_CURVE('',#42,#75,#1805,.T.);
#1805 = SURFACE_CURVE('',#1806,(#1811,#1822),.PCURVE_S1.);
#1806 = CIRCLE('',#1807,0.112418389858);
#1807 = AXIS2_PLACEMENT_3D('',#1808,#1809,#1810);
#1808 = CARTESIAN_POINT('',(-2.15,2.15,1.));
#1809 = DIRECTION('',(0.,0.,1.));
#1810 = DIRECTION('',(1.,0.,-0.));
#1811 = PCURVE('',#91,#1812);
#1812 = DEFINITIONAL_REPRESENTATION('',(#1813),#1821);
#1813 = ( BOUNDED_CURVE() B_SPLINE_CURVE(2,(#1814,#1815,#1816,#1817,
#1818,#1819,#1820),.UNSPECIFIED.,.T.,.F.) B_SPLINE_CURVE_WITH_KNOTS((1,2
    ,2,2,2,1),(-2.094395102393,0.,2.094395102393,4.188790204786,
6.28318530718,8.377580409573),.UNSPECIFIED.) CURVE() 
GEOMETRIC_REPRESENTATION_ITEM() RATIONAL_B_SPLINE_CURVE((1.,0.5,1.,0.5,
1.,0.5,1.)) REPRESENTATION_ITEM('') );
#1814 = CARTESIAN_POINT('',(2.037581610142,2.15));
#1815 = CARTESIAN_POINT('',(2.037581610142,2.344714362939));
#1816 = CARTESIAN_POINT('',(2.206209194929,2.247357181469));
#1817 = CARTESIAN_POINT('',(2.374836779716,2.15));
#1818 = CARTESIAN_POINT('',(2.206209194929,2.052642818531));
#1819 = CARTESIAN_POINT('',(2.037581610142,1.955285637061));
#1820 = CARTESIAN_POINT('',(2.037581610142,2.15));
#1821 = ( GEOMETRIC_REPRESENTATION_CONTEXT(2) 
PARAMETRIC_REPRESENTATION_CONTEXT() REPRESENTATION_CONTEXT('2D SPACE',''
  ) );
#1822 = PCURVE('',#62,#1823);
#1823 = DEFINITIONAL_REPRESENTATION('',(#1824),#1828);
#1824 = LINE('',#1825,#1826);
#1825 = CARTESIAN_POINT('',(0.,1.E-02));
#1826 = VECTOR('',#1827,1.);
#1827 = DIRECTION('',(1.,0.));
#1828 = ( GEOMETRIC_REPRESENTATION_CONTEXT(2) 
PARAMETRIC_REPRESENTATION_CONTEXT() REPRESENTATION_CONTEXT('2D SPACE',''
  ) );
#1829 = ORIENTED_EDGE('',*,*,#74,.F.);
#1830 = FACE_BOUND('',#1831,.T.);
#1831 = EDGE_LOOP('',(#1832,#1928,#2022,#2116));
#1832 = ORIENTED_EDGE('',*,*,#1833,.T.);
#1833 = EDGE_CURVE('',#1834,#1836,#1838,.T.);
#1834 = VERTEX_POINT('',#1835);
#1835 = CARTESIAN_POINT('',(0.923412191796,-0.156025703772,1.));
#1836 = VERTEX_POINT('',#1837);
#1837 = CARTESIAN_POINT('',(0.795820728381,4.107795476496E-02,1.));
#1838 = SURFACE_CURVE('',#1839,(#1859,#1882),.PCURVE_S1.);
#1839 = B_SPLINE_CURVE_WITH_KNOTS('',3,(#1840,#1841,#1842,#1843,#1844,
    #1845,#1846,#1847,#1848,#1849,#1850,#1851,#1852,#1853,#1854,#1855,
    #1856,#1857,#1858),.UNSPECIFIED.,.F.,.F.,(4,1,1,1,1,1,1,1,1,1,1,1,1,
    1,1,1,4),(0.,5.603985952508E-02,0.109299809663,0.161136788093,
    0.211752066677,0.262421575052,0.31383701262,0.367096962758,
    0.422774785611,0.481354444662,0.542928345088,0.607800942841,
    0.676724660858,0.750162520877,0.828418351305,0.911701335112,1.),
  .UNSPECIFIED.);
#1840 = CARTESIAN_POINT('',(0.923412191796,-0.156025703772,1.));
#1841 = CARTESIAN_POINT('',(0.918473141249,-0.155894230825,1.));
#1842 = CARTESIAN_POINT('',(0.908840046354,-0.15563780677,1.));
#1843 = CARTESIAN_POINT('',(0.894809740571,-0.153197223473,1.));
#1844 = CARTESIAN_POINT('',(0.881642985224,-0.149252475733,1.));
#1845 = CARTESIAN_POINT('',(0.869303723063,-0.143713922744,1.));
#1846 = CARTESIAN_POINT('',(0.857847738926,-0.136582362332,1.));
#1847 = CARTESIAN_POINT('',(0.847356868557,-0.1277452185,1.));
#1848 = CARTESIAN_POINT('',(0.837598053406,-0.117492314893,1.));
#1849 = CARTESIAN_POINT('',(0.828850210121,-0.105570052015,1.));
#1850 = CARTESIAN_POINT('',(0.820984611874,-9.220083356838E-02,1.));
#1851 = CARTESIAN_POINT('',(0.814234746059,-7.734012734176E-02,1.));
#1852 = CARTESIAN_POINT('',(0.808512628186,-6.109176167355E-02,1.));
#1853 = CARTESIAN_POINT('',(0.803912157419,-4.341124880455E-02,1.));
#1854 = CARTESIAN_POINT('',(0.800287327343,-2.431112730228E-02,1.));
#1855 = CARTESIAN_POINT('',(0.797615240477,-3.777742563079E-03,1.));
#1856 = CARTESIAN_POINT('',(0.796133380177,1.819003407027E-02,1.));
#1857 = CARTESIAN_POINT('',(0.795926957036,3.330140250699E-02,1.));
#1858 = CARTESIAN_POINT('',(0.795820728381,4.107795476496E-02,1.));
#1859 = PCURVE('',#91,#1860);
#1860 = DEFINITIONAL_REPRESENTATION('',(#1861),#1881);
#1861 = B_SPLINE_CURVE_WITH_KNOTS('',3,(#1862,#1863,#1864,#1865,#1866,
    #1867,#1868,#1869,#1870,#1871,#1872,#1873,#1874,#1875,#1876,#1877,
    #1878,#1879,#1880),.UNSPECIFIED.,.F.,.F.,(4,1,1,1,1,1,1,1,1,1,1,1,1,
    1,1,1,4),(0.,5.603985952508E-02,0.109299809663,0.161136788093,
    0.211752066677,0.262421575052,0.31383701262,0.367096962758,
    0.422774785611,0.481354444662,0.542928345088,0.607800942841,
    0.676724660858,0.750162520877,0.828418351305,0.911701335112,1.),
  .UNSPECIFIED.);
#1862 = CARTESIAN_POINT('',(-0.923412191796,-0.156025703772));
#1863 = CARTESIAN_POINT('',(-0.918473141249,-0.155894230825));
#1864 = CARTESIAN_POINT('',(-0.908840046354,-0.15563780677));
#1865 = CARTESIAN_POINT('',(-0.894809740571,-0.153197223473));
#1866 = CARTESIAN_POINT('',(-0.881642985224,-0.149252475733));
#1867 = CARTESIAN_POINT('',(-0.869303723063,-0.143713922744));
#1868 = CARTESIAN_POINT('',(-0.857847738926,-0.136582362332));
#1869 = CARTESIAN_POINT('',(-0.847356868557,-0.1277452185));
#1870 = CARTESIAN_POINT('',(-0.837598053406,-0.117492314893));
#1871 = CARTESIAN_POINT('',(-0.828850210121,-0.105570052015));
#1872 = CARTESIAN_POINT('',(-0.820984611874,-9.220083356838E-02));
#1873 = CARTESIAN_POINT('',(-0.814234746059,-7.734012734176E-02));
#1874 = CARTESIAN_POINT('',(-0.808512628186,-6.109176167355E-02));
#1875 = CARTESIAN_POINT('',(-0.803912157419,-4.341124880455E-02));
#1876 = CARTESIAN_POINT('',(-0.800287327343,-2.431112730228E-02));
#1877 = CARTESIAN_POINT('',(-0.797615240477,-3.777742563079E-03));
#1878 = CARTESIAN_POINT('',(-0.796133380177,1.819003407027E-02));
#1879 = CARTESIAN_POINT('',(-0.795926957036,3.330140250699E-02));
#1880 = CARTESIAN_POINT('',(-0.795820728381,4.107795476496E-02));
#1881 = ( GEOMETRIC_REPRESENTATION_CONTEXT(2) 
PARAMETRIC_REPRESENTATION_CONTEXT() REPRESENTATION_CONTEXT('2D SPACE',''
  ) );
#1882 = PCURVE('',#1883,#1922);
#1883 = B_SPLINE_SURFACE_WITH_KNOTS('',3,1,(
    (#1884,#1885)
    ,(#1886,#1887)
    ,(#1888,#1889)
    ,(#1890,#1891)
    ,(#1892,#1893)
    ,(#1894,#1895)
    ,(#1896,#1897)
    ,(#1898,#1899)
    ,(#1900,#1901)
    ,(#1902,#1903)
    ,(#1904,#1905)
    ,(#1906,#1907)
    ,(#1908,#1909)
    ,(#1910,#1911)
    ,(#1912,#1913)
    ,(#1914,#1915)
    ,(#1916,#1917)
    ,(#1918,#1919)
    ,(#1920,#1921
    )),.UNSPECIFIED.,.F.,.F.,.F.,(4,1,1,1,1,1,1,1,1,1,1,1,1,1,1,1,4),(2,
    2),(0.,5.603985952508E-02,0.109299809663,0.161136788093,
    0.211752066677,0.262421575052,0.31383701262,0.367096962758,
    0.422774785611,0.481354444662,0.542928345088,0.607800942841,
    0.676724660858,0.750162520877,0.828418351305,0.911701335112,1.),(0.,
    1.),.UNSPECIFIED.);
#1884 = CARTESIAN_POINT('',(0.923412191796,-0.156025703772,0.99));
#1885 = CARTESIAN_POINT('',(0.923412191796,-0.156025703772,1.));
#1886 = CARTESIAN_POINT('',(0.918473141249,-0.155894230825,0.99));
#1887 = CARTESIAN_POINT('',(0.918473141249,-0.155894230825,1.));
#1888 = CARTESIAN_POINT('',(0.908840046354,-0.15563780677,0.99));
#1889 = CARTESIAN_POINT('',(0.908840046354,-0.15563780677,1.));
#1890 = CARTESIAN_POINT('',(0.894809740571,-0.153197223473,0.99));
#1891 = CARTESIAN_POINT('',(0.894809740571,-0.153197223473,1.));
#1892 = CARTESIAN_POINT('',(0.881642985224,-0.149252475733,0.99));
#1893 = CARTESIAN_POINT('',(0.881642985224,-0.149252475733,1.));
#1894 = CARTESIAN_POINT('',(0.869303723063,-0.143713922744,0.99));
#1895 = CARTESIAN_POINT('',(0.869303723063,-0.143713922744,1.));
#1896 = CARTESIAN_POINT('',(0.857847738926,-0.136582362332,0.99));
#1897 = CARTESIAN_POINT('',(0.857847738926,-0.136582362332,1.));
#1898 = CARTESIAN_POINT('',(0.847356868557,-0.1277452185,0.99));
#1899 = CARTESIAN_POINT('',(0.847356868557,-0.1277452185,1.));
#1900 = CARTESIAN_POINT('',(0.837598053406,-0.117492314893,0.99));
#1901 = CARTESIAN_POINT('',(0.837598053406,-0.117492314893,1.));
#1902 = CARTESIAN_POINT('',(0.828850210121,-0.105570052015,0.99));
#1903 = CARTESIAN_POINT('',(0.828850210121,-0.105570052015,1.));
#1904 = CARTESIAN_POINT('',(0.820984611874,-9.220083356838E-02,0.99));
#1905 = CARTESIAN_POINT('',(0.820984611874,-9.220083356838E-02,1.));
#1906 = CARTESIAN_POINT('',(0.814234746059,-7.734012734176E-02,0.99));
#1907 = CARTESIAN_POINT('',(0.814234746059,-7.734012734176E-02,1.));
#1908 = CARTESIAN_POINT('',(0.808512628186,-6.109176167355E-02,0.99));
#1909 = CARTESIAN_POINT('',(0.808512628186,-6.109176167355E-02,1.));
#1910 = CARTESIAN_POINT('',(0.803912157419,-4.341124880455E-02,0.99));
#1911 = CARTESIAN_POINT('',(0.803912157419,-4.341124880455E-02,1.));
#1912 = CARTESIAN_POINT('',(0.800287327343,-2.431112730228E-02,0.99));
#1913 = CARTESIAN_POINT('',(0.800287327343,-2.431112730228E-02,1.));
#1914 = CARTESIAN_POINT('',(0.797615240477,-3.777742563079E-03,0.99));
#1915 = CARTESIAN_POINT('',(0.797615240477,-3.777742563079E-03,1.));
#1916 = CARTESIAN_POINT('',(0.796133380177,1.819003407027E-02,0.99));
#1917 = CARTESIAN_POINT('',(0.796133380177,1.819003407027E-02,1.));
#1918 = CARTESIAN_POINT('',(0.795926957036,3.330140250699E-02,0.99));
#1919 = CARTESIAN_POINT('',(0.795926957036,3.330140250699E-02,1.));
#1920 = CARTESIAN_POINT('',(0.795820728381,4.107795476496E-02,0.99));
#1921 = CARTESIAN_POINT('',(0.795820728381,4.107795476496E-02,1.));
#1922 = DEFINITIONAL_REPRESENTATION('',(#1923),#1927);
#1923 = LINE('',#1924,#1925);
#1924 = CARTESIAN_POINT('',(-3.615054206877E-16,1.));
#1925 = VECTOR('',#1926,1.);
#1926 = DIRECTION('',(1.,-2.209343819004E-14));
#1927 = ( GEOMETRIC_REPRESENTATION_CONTEXT(2) 
PARAMETRIC_REPRESENTATION_CONTEXT() REPRESENTATION_CONTEXT('2D SPACE',''
  ) );
#1928 = ORIENTED_EDGE('',*,*,#1929,.T.);
#1929 = EDGE_CURVE('',#1836,#1930,#1932,.T.);
#1930 = VERTEX_POINT('',#1931);
#1931 = CARTESIAN_POINT('',(0.932406094235,0.253730393789,1.));
#1932 = SURFACE_CURVE('',#1933,(#1953,#1976),.PCURVE_S1.);
#1933 = B_SPLINE_CURVE_WITH_KNOTS('',3,(#1934,#1935,#1936,#1937,#1938,
    #1939,#1940,#1941,#1942,#1943,#1944,#1945,#1946,#1947,#1948,#1949,
    #1950,#1951,#1952),.UNSPECIFIED.,.F.,.F.,(4,1,1,1,1,1,1,1,1,1,1,1,1,
    1,1,1,4),(0.,8.934862503629E-02,0.17300087667,0.251688181746,
    0.325391018468,0.394477064713,0.459265650657,0.520203077444,
    0.577958494658,0.632898264495,0.685494612979,0.736586369198,
    0.786907896375,0.837662530129,0.889537901093,0.943223876691,1.),
  .UNSPECIFIED.);
#1934 = CARTESIAN_POINT('',(0.795820728381,4.107795476496E-02,1.));
#1935 = CARTESIAN_POINT('',(0.795908425808,4.956684111143E-02,1.));
#1936 = CARTESIAN_POINT('',(0.796078229559,6.600340943346E-02,1.));
#1937 = CARTESIAN_POINT('',(0.797800338448,8.986499372986E-02,1.));
#1938 = CARTESIAN_POINT('',(0.800492976213,0.112134062758,1.));
#1939 = CARTESIAN_POINT('',(0.804246796148,0.132851977866,1.));
#1940 = CARTESIAN_POINT('',(0.809188760627,0.151961406498,1.));
#1941 = CARTESIAN_POINT('',(0.815188327643,0.169486907894,1.));
#1942 = CARTESIAN_POINT('',(0.822238427751,0.185460723505,1.));
#1943 = CARTESIAN_POINT('',(0.830515709461,0.199757946441,1.));
#1944 = CARTESIAN_POINT('',(0.839689635344,0.212549725798,1.));
#1945 = CARTESIAN_POINT('',(0.85010193121,0.223495211094,1.));
#1946 = CARTESIAN_POINT('',(0.861326377466,0.232944429342,1.));
#1947 = CARTESIAN_POINT('',(0.873691493148,0.240519667908,1.));
#1948 = CARTESIAN_POINT('',(0.88695662881,0.2465553323,1.));
#1949 = CARTESIAN_POINT('',(0.901259850254,0.250690770173,1.));
#1950 = CARTESIAN_POINT('',(0.916508341384,0.253290774549,1.));
#1951 = CARTESIAN_POINT('',(0.927008926266,0.253581146351,1.));
#1952 = CARTESIAN_POINT('',(0.932406094235,0.253730393789,1.));
#1953 = PCURVE('',#91,#1954);
#1954 = DEFINITIONAL_REPRESENTATION('',(#1955),#1975);
#1955 = B_SPLINE_CURVE_WITH_KNOTS('',3,(#1956,#1957,#1958,#1959,#1960,
    #1961,#1962,#1963,#1964,#1965,#1966,#1967,#1968,#1969,#1970,#1971,
    #1972,#1973,#1974),.UNSPECIFIED.,.F.,.F.,(4,1,1,1,1,1,1,1,1,1,1,1,1,
    1,1,1,4),(0.,8.934862503629E-02,0.17300087667,0.251688181746,
    0.325391018468,0.394477064713,0.459265650657,0.520203077444,
    0.577958494658,0.632898264495,0.685494612979,0.736586369198,
    0.786907896375,0.837662530129,0.889537901093,0.943223876691,1.),
  .UNSPECIFIED.);
#1956 = CARTESIAN_POINT('',(-0.795820728381,4.107795476496E-02));
#1957 = CARTESIAN_POINT('',(-0.795908425808,4.956684111143E-02));
#1958 = CARTESIAN_POINT('',(-0.796078229559,6.600340943346E-02));
#1959 = CARTESIAN_POINT('',(-0.797800338448,8.986499372986E-02));
#1960 = CARTESIAN_POINT('',(-0.800492976213,0.112134062758));
#1961 = CARTESIAN_POINT('',(-0.804246796148,0.132851977866));
#1962 = CARTESIAN_POINT('',(-0.809188760627,0.151961406498));
#1963 = CARTESIAN_POINT('',(-0.815188327643,0.169486907894));
#1964 = CARTESIAN_POINT('',(-0.822238427751,0.185460723505));
#1965 = CARTESIAN_POINT('',(-0.830515709461,0.199757946441));
#1966 = CARTESIAN_POINT('',(-0.839689635344,0.212549725798));
#1967 = CARTESIAN_POINT('',(-0.85010193121,0.223495211094));
#1968 = CARTESIAN_POINT('',(-0.861326377466,0.232944429342));
#1969 = CARTESIAN_POINT('',(-0.873691493148,0.240519667908));
#1970 = CARTESIAN_POINT('',(-0.88695662881,0.2465553323));
#1971 = CARTESIAN_POINT('',(-0.901259850254,0.250690770173));
#1972 = CARTESIAN_POINT('',(-0.916508341384,0.253290774549));
#1973 = CARTESIAN_POINT('',(-0.927008926266,0.253581146351));
#1974 = CARTESIAN_POINT('',(-0.932406094235,0.253730393789));
#1975 = ( GEOMETRIC_REPRESENTATION_CONTEXT(2) 
PARAMETRIC_REPRESENTATION_CONTEXT() REPRESENTATION_CONTEXT('2D SPACE',''
  ) );
#1976 = PCURVE('',#1977,#2016);
#1977 = B_SPLINE_SURFACE_WITH_KNOTS('',3,1,(
    (#1978,#1979)
    ,(#1980,#1981)
    ,(#1982,#1983)
    ,(#1984,#1985)
    ,(#1986,#1987)
    ,(#1988,#1989)
    ,(#1990,#1991)
    ,(#1992,#1993)
    ,(#1994,#1995)
    ,(#1996,#1997)
    ,(#1998,#1999)
    ,(#2000,#2001)
    ,(#2002,#2003)
    ,(#2004,#2005)
    ,(#2006,#2007)
    ,(#2008,#2009)
    ,(#2010,#2011)
    ,(#2012,#2013)
    ,(#2014,#2015
    )),.UNSPECIFIED.,.F.,.F.,.F.,(4,1,1,1,1,1,1,1,1,1,1,1,1,1,1,1,4),(2,
    2),(0.,8.934862503629E-02,0.17300087667,0.251688181746,
    0.325391018468,0.394477064713,0.459265650657,0.520203077444,
    0.577958494658,0.632898264495,0.685494612979,0.736586369198,
    0.786907896375,0.837662530129,0.889537901093,0.943223876691,1.),(0.,
    1.),.UNSPECIFIED.);
#1978 = CARTESIAN_POINT('',(0.795820728381,4.107795476496E-02,0.99));
#1979 = CARTESIAN_POINT('',(0.795820728381,4.107795476496E-02,1.));
#1980 = CARTESIAN_POINT('',(0.795908425808,4.956684111143E-02,0.99));
#1981 = CARTESIAN_POINT('',(0.795908425808,4.956684111143E-02,1.));
#1982 = CARTESIAN_POINT('',(0.796078229559,6.600340943346E-02,0.99));
#1983 = CARTESIAN_POINT('',(0.796078229559,6.600340943346E-02,1.));
#1984 = CARTESIAN_POINT('',(0.797800338448,8.986499372986E-02,0.99));
#1985 = CARTESIAN_POINT('',(0.797800338448,8.986499372986E-02,1.));
#1986 = CARTESIAN_POINT('',(0.800492976213,0.112134062758,0.99));
#1987 = CARTESIAN_POINT('',(0.800492976213,0.112134062758,1.));
#1988 = CARTESIAN_POINT('',(0.804246796148,0.132851977866,0.99));
#1989 = CARTESIAN_POINT('',(0.804246796148,0.132851977866,1.));
#1990 = CARTESIAN_POINT('',(0.809188760627,0.151961406498,0.99));
#1991 = CARTESIAN_POINT('',(0.809188760627,0.151961406498,1.));
#1992 = CARTESIAN_POINT('',(0.815188327643,0.169486907894,0.99));
#1993 = CARTESIAN_POINT('',(0.815188327643,0.169486907894,1.));
#1994 = CARTESIAN_POINT('',(0.822238427751,0.185460723505,0.99));
#1995 = CARTESIAN_POINT('',(0.822238427751,0.185460723505,1.));
#1996 = CARTESIAN_POINT('',(0.830515709461,0.199757946441,0.99));
#1997 = CARTESIAN_POINT('',(0.830515709461,0.199757946441,1.));
#1998 = CARTESIAN_POINT('',(0.839689635344,0.212549725798,0.99));
#1999 = CARTESIAN_POINT('',(0.839689635344,0.212549725798,1.));
#2000 = CARTESIAN_POINT('',(0.85010193121,0.223495211094,0.99));
#2001 = CARTESIAN_POINT('',(0.85010193121,0.223495211094,1.));
#2002 = CARTESIAN_POINT('',(0.861326377466,0.232944429342,0.99));
#2003 = CARTESIAN_POINT('',(0.861326377466,0.232944429342,1.));
#2004 = CARTESIAN_POINT('',(0.873691493148,0.240519667908,0.99));
#2005 = CARTESIAN_POINT('',(0.873691493148,0.240519667908,1.));
#2006 = CARTESIAN_POINT('',(0.88695662881,0.2465553323,0.99));
#2007 = CARTESIAN_POINT('',(0.88695662881,0.2465553323,1.));
#2008 = CARTESIAN_POINT('',(0.901259850254,0.250690770173,0.99));
#2009 = CARTESIAN_POINT('',(0.901259850254,0.250690770173,1.));
#2010 = CARTESIAN_POINT('',(0.916508341384,0.253290774549,0.99));
#2011 = CARTESIAN_POINT('',(0.916508341384,0.253290774549,1.));
#2012 = CARTESIAN_POINT('',(0.927008926266,0.253581146351,0.99));
#2013 = CARTESIAN_POINT('',(0.927008926266,0.253581146351,1.));
#2014 = CARTESIAN_POINT('',(0.932406094235,0.253730393789,0.99));
#2015 = CARTESIAN_POINT('',(0.932406094235,0.253730393789,1.));
#2016 = DEFINITIONAL_REPRESENTATION('',(#2017),#2021);
#2017 = LINE('',#2018,#2019);
#2018 = CARTESIAN_POINT('',(-7.677794596164E-18,1.));
#2019 = VECTOR('',#2020,1.);
#2020 = DIRECTION('',(1.,-2.209343819004E-14));
#2021 = ( GEOMETRIC_REPRESENTATION_CONTEXT(2) 
PARAMETRIC_REPRESENTATION_CONTEXT() REPRESENTATION_CONTEXT('2D SPACE',''
  ) );
#2022 = ORIENTED_EDGE('',*,*,#2023,.T.);
#2023 = EDGE_CURVE('',#1930,#2024,#2026,.T.);
#2024 = VERTEX_POINT('',#2025);
#2025 = CARTESIAN_POINT('',(1.059235362528,5.052917427716E-02,1.));
#2026 = SURFACE_CURVE('',#2027,(#2047,#2070),.PCURVE_S1.);
#2027 = B_SPLINE_CURVE_WITH_KNOTS('',3,(#2028,#2029,#2030,#2031,#2032,
    #2033,#2034,#2035,#2036,#2037,#2038,#2039,#2040,#2041,#2042,#2043,
    #2044,#2045,#2046),.UNSPECIFIED.,.F.,.F.,(4,1,1,1,1,1,1,1,1,1,1,1,1,
    1,1,1,4),(0.,5.696610313175E-02,0.110680824974,0.162372387878,
    0.212420943299,0.262132306915,0.312298027733,0.363928931032,
    0.417693846662,0.474926719345,0.535248523298,0.600181427496,
    0.669727138117,0.744097492772,0.823757051532,0.909006355333,1.),
  .UNSPECIFIED.);
#2028 = CARTESIAN_POINT('',(0.932406094235,0.253730393789,1.));
#2029 = CARTESIAN_POINT('',(0.937549940018,0.25361014042,1.));
#2030 = CARTESIAN_POINT('',(0.947544042888,0.253376497229,1.));
#2031 = CARTESIAN_POINT('',(0.962010804279,0.250810595138,1.));
#2032 = CARTESIAN_POINT('',(0.97552414605,0.246937343194,1.));
#2033 = CARTESIAN_POINT('',(0.987993844215,0.241257099227,1.));
#2034 = CARTESIAN_POINT('',(0.999575367134,0.234184810397,1.));
#2035 = CARTESIAN_POINT('',(1.009972136123,0.225244206916,1.));
#2036 = CARTESIAN_POINT('',(1.019521262771,0.214915446179,1.));
#2037 = CARTESIAN_POINT('',(1.027920098253,0.202839871775,1.));
#2038 = CARTESIAN_POINT('',(1.035366869967,0.189269190693,1.));
#2039 = CARTESIAN_POINT('',(1.041759744968,0.174075466877,1.));
#2040 = CARTESIAN_POINT('',(1.047254831444,0.157363725948,1.));
#2041 = CARTESIAN_POINT('',(1.051568105667,0.139009490346,1.));
#2042 = CARTESIAN_POINT('',(1.055121562895,0.119145701681,1.));
#2043 = CARTESIAN_POINT('',(1.057439509599,9.767631705041E-02,1.));
#2044 = CARTESIAN_POINT('',(1.059042606148,7.463899918496E-02,1.));
#2045 = CARTESIAN_POINT('',(1.05916972928,5.87385321907E-02,1.));
#2046 = CARTESIAN_POINT('',(1.059235362528,5.052917427716E-02,1.));
#2047 = PCURVE('',#91,#2048);
#2048 = DEFINITIONAL_REPRESENTATION('',(#2049),#2069);
#2049 = B_SPLINE_CURVE_WITH_KNOTS('',3,(#2050,#2051,#2052,#2053,#2054,
    #2055,#2056,#2057,#2058,#2059,#2060,#2061,#2062,#2063,#2064,#2065,
    #2066,#2067,#2068),.UNSPECIFIED.,.F.,.F.,(4,1,1,1,1,1,1,1,1,1,1,1,1,
    1,1,1,4),(0.,5.696610313175E-02,0.110680824974,0.162372387878,
    0.212420943299,0.262132306915,0.312298027733,0.363928931032,
    0.417693846662,0.474926719345,0.535248523298,0.600181427496,
    0.669727138117,0.744097492772,0.823757051532,0.909006355333,1.),
  .UNSPECIFIED.);
#2050 = CARTESIAN_POINT('',(-0.932406094235,0.253730393789));
#2051 = CARTESIAN_POINT('',(-0.937549940018,0.25361014042));
#2052 = CARTESIAN_POINT('',(-0.947544042888,0.253376497229));
#2053 = CARTESIAN_POINT('',(-0.962010804279,0.250810595138));
#2054 = CARTESIAN_POINT('',(-0.97552414605,0.246937343194));
#2055 = CARTESIAN_POINT('',(-0.987993844215,0.241257099227));
#2056 = CARTESIAN_POINT('',(-0.999575367134,0.234184810397));
#2057 = CARTESIAN_POINT('',(-1.009972136123,0.225244206916));
#2058 = CARTESIAN_POINT('',(-1.019521262771,0.214915446179));
#2059 = CARTESIAN_POINT('',(-1.027920098253,0.202839871775));
#2060 = CARTESIAN_POINT('',(-1.035366869967,0.189269190693));
#2061 = CARTESIAN_POINT('',(-1.041759744968,0.174075466877));
#2062 = CARTESIAN_POINT('',(-1.047254831444,0.157363725948));
#2063 = CARTESIAN_POINT('',(-1.051568105667,0.139009490346));
#2064 = CARTESIAN_POINT('',(-1.055121562895,0.119145701681));
#2065 = CARTESIAN_POINT('',(-1.057439509599,9.767631705041E-02));
#2066 = CARTESIAN_POINT('',(-1.059042606148,7.463899918496E-02));
#2067 = CARTESIAN_POINT('',(-1.05916972928,5.87385321907E-02));
#2068 = CARTESIAN_POINT('',(-1.059235362528,5.052917427716E-02));
#2069 = ( GEOMETRIC_REPRESENTATION_CONTEXT(2) 
PARAMETRIC_REPRESENTATION_CONTEXT() REPRESENTATION_CONTEXT('2D SPACE',''
  ) );
#2070 = PCURVE('',#2071,#2110);
#2071 = B_SPLINE_SURFACE_WITH_KNOTS('',3,1,(
    (#2072,#2073)
    ,(#2074,#2075)
    ,(#2076,#2077)
    ,(#2078,#2079)
    ,(#2080,#2081)
    ,(#2082,#2083)
    ,(#2084,#2085)
    ,(#2086,#2087)
    ,(#2088,#2089)
    ,(#2090,#2091)
    ,(#2092,#2093)
    ,(#2094,#2095)
    ,(#2096,#2097)
    ,(#2098,#2099)
    ,(#2100,#2101)
    ,(#2102,#2103)
    ,(#2104,#2105)
    ,(#2106,#2107)
    ,(#2108,#2109
    )),.UNSPECIFIED.,.F.,.F.,.F.,(4,1,1,1,1,1,1,1,1,1,1,1,1,1,1,1,4),(2,
    2),(0.,5.696610313175E-02,0.110680824974,0.162372387878,
    0.212420943299,0.262132306915,0.312298027733,0.363928931032,
    0.417693846662,0.474926719345,0.535248523298,0.600181427496,
    0.669727138117,0.744097492772,0.823757051532,0.909006355333,1.),(0.,
    1.),.UNSPECIFIED.);
#2072 = CARTESIAN_POINT('',(0.932406094235,0.253730393789,0.99));
#2073 = CARTESIAN_POINT('',(0.932406094235,0.253730393789,1.));
#2074 = CARTESIAN_POINT('',(0.937549940018,0.25361014042,0.99));
#2075 = CARTESIAN_POINT('',(0.937549940018,0.25361014042,1.));
#2076 = CARTESIAN_POINT('',(0.947544042888,0.253376497229,0.99));
#2077 = CARTESIAN_POINT('',(0.947544042888,0.253376497229,1.));
#2078 = CARTESIAN_POINT('',(0.962010804279,0.250810595138,0.99));
#2079 = CARTESIAN_POINT('',(0.962010804279,0.250810595138,1.));
#2080 = CARTESIAN_POINT('',(0.97552414605,0.246937343194,0.99));
#2081 = CARTESIAN_POINT('',(0.97552414605,0.246937343194,1.));
#2082 = CARTESIAN_POINT('',(0.987993844215,0.241257099227,0.99));
#2083 = CARTESIAN_POINT('',(0.987993844215,0.241257099227,1.));
#2084 = CARTESIAN_POINT('',(0.999575367134,0.234184810397,0.99));
#2085 = CARTESIAN_POINT('',(0.999575367134,0.234184810397,1.));
#2086 = CARTESIAN_POINT('',(1.009972136123,0.225244206916,0.99));
#2087 = CARTESIAN_POINT('',(1.009972136123,0.225244206916,1.));
#2088 = CARTESIAN_POINT('',(1.019521262771,0.214915446179,0.99));
#2089 = CARTESIAN_POINT('',(1.019521262771,0.214915446179,1.));
#2090 = CARTESIAN_POINT('',(1.027920098253,0.202839871775,0.99));
#2091 = CARTESIAN_POINT('',(1.027920098253,0.202839871775,1.));
#2092 = CARTESIAN_POINT('',(1.035366869967,0.189269190693,0.99));
#2093 = CARTESIAN_POINT('',(1.035366869967,0.189269190693,1.));
#2094 = CARTESIAN_POINT('',(1.041759744968,0.174075466877,0.99));
#2095 = CARTESIAN_POINT('',(1.041759744968,0.174075466877,1.));
#2096 = CARTESIAN_POINT('',(1.047254831444,0.157363725948,0.99));
#2097 = CARTESIAN_POINT('',(1.047254831444,0.157363725948,1.));
#2098 = CARTESIAN_POINT('',(1.051568105667,0.139009490346,0.99));
#2099 = CARTESIAN_POINT('',(1.051568105667,0.139009490346,1.));
#2100 = CARTESIAN_POINT('',(1.055121562895,0.119145701681,0.99));
#2101 = CARTESIAN_POINT('',(1.055121562895,0.119145701681,1.));
#2102 = CARTESIAN_POINT('',(1.057439509599,9.767631705041E-02,0.99));
#2103 = CARTESIAN_POINT('',(1.057439509599,9.767631705041E-02,1.));
#2104 = CARTESIAN_POINT('',(1.059042606148,7.463899918496E-02,0.99));
#2105 = CARTESIAN_POINT('',(1.059042606148,7.463899918496E-02,1.));
#2106 = CARTESIAN_POINT('',(1.05916972928,5.87385321907E-02,0.99));
#2107 = CARTESIAN_POINT('',(1.05916972928,5.87385321907E-02,1.));
#2108 = CARTESIAN_POINT('',(1.059235362528,5.052917427716E-02,0.99));
#2109 = CARTESIAN_POINT('',(1.059235362528,5.052917427716E-02,1.));
#2110 = DEFINITIONAL_REPRESENTATION('',(#2111),#2115);
#2111 = LINE('',#2112,#2113);
#2112 = CARTESIAN_POINT('',(-7.554600664341E-17,1.));
#2113 = VECTOR('',#2114,1.);
#2114 = DIRECTION('',(1.,-2.209343819004E-14));
#2115 = ( GEOMETRIC_REPRESENTATION_CONTEXT(2) 
PARAMETRIC_REPRESENTATION_CONTEXT() REPRESENTATION_CONTEXT('2D SPACE',''
  ) );
#2116 = ORIENTED_EDGE('',*,*,#2117,.T.);
#2117 = EDGE_CURVE('',#2024,#1834,#2118,.T.);
#2118 = SURFACE_CURVE('',#2119,(#2139,#2162),.PCURVE_S1.);
#2119 = B_SPLINE_CURVE_WITH_KNOTS('',3,(#2120,#2121,#2122,#2123,#2124,
    #2125,#2126,#2127,#2128,#2129,#2130,#2131,#2132,#2133,#2134,#2135,
    #2136,#2137,#2138),.UNSPECIFIED.,.F.,.F.,(4,1,1,1,1,1,1,1,1,1,1,1,1,
    1,1,1,4),(0.,8.744171366995E-02,0.169876276114,0.24754788926,
    0.320426604589,0.389167913688,0.454186731064,0.515608500322,
    0.574356698595,0.630317130024,0.684011263885,0.735802329721,
    0.786754251388,0.837785704936,0.889811153416,0.943739754499,1.),
  .UNSPECIFIED.);
#2120 = CARTESIAN_POINT('',(1.059235362528,5.052917427716E-02,1.));
#2121 = CARTESIAN_POINT('',(1.059144455528,4.242152102391E-02,1.));
#2122 = CARTESIAN_POINT('',(1.058967847112,2.667048087526E-02,1.));
#2123 = CARTESIAN_POINT('',(1.057276029845,3.766821246805E-03,1.));
#2124 = CARTESIAN_POINT('',(1.05448442819,-1.766234359106E-02,1.));
#2125 = CARTESIAN_POINT('',(1.050641334819,-3.764165570688E-02,1.));
#2126 = CARTESIAN_POINT('',(1.045636214196,-5.615452576132E-02,1.));
#2127 = CARTESIAN_POINT('',(1.039478415472,-7.319220073522E-02,1.));
#2128 = CARTESIAN_POINT('',(1.032242742622,-8.879016525115E-02,1.));
#2129 = CARTESIAN_POINT('',(1.023870210686,-0.10284511282,1.));
#2130 = CARTESIAN_POINT('',(1.014469795708,-0.115349440072,1.));
#2131 = CARTESIAN_POINT('',(1.004158202693,-0.126244800526,1.));
#2132 = CARTESIAN_POINT('',(0.992948065257,-0.135511021056,1.));
#2133 = CARTESIAN_POINT('',(0.980796618354,-0.143048445407,1.));
#2134 = CARTESIAN_POINT('',(0.967720014904,-0.148897081851,1.));
#2135 = CARTESIAN_POINT('',(0.953715471662,-0.152975513319,1.));
#2136 = CARTESIAN_POINT('',(0.938854116825,-0.155576724737,1.));
#2137 = CARTESIAN_POINT('',(0.928631604424,-0.155873947638,1.));
#2138 = CARTESIAN_POINT('',(0.923412191796,-0.156025703772,1.));
#2139 = PCURVE('',#91,#2140);
#2140 = DEFINITIONAL_REPRESENTATION('',(#2141),#2161);
#2141 = B_SPLINE_CURVE_WITH_KNOTS('',3,(#2142,#2143,#2144,#2145,#2146,
    #2147,#2148,#2149,#2150,#2151,#2152,#2153,#2154,#2155,#2156,#2157,
    #2158,#2159,#2160),.UNSPECIFIED.,.F.,.F.,(4,1,1,1,1,1,1,1,1,1,1,1,1,
    1,1,1,4),(0.,8.744171366995E-02,0.169876276114,0.24754788926,
    0.320426604589,0.389167913688,0.454186731064,0.515608500322,
    0.574356698595,0.630317130024,0.684011263885,0.735802329721,
    0.786754251388,0.837785704936,0.889811153416,0.943739754499,1.),
  .UNSPECIFIED.);
#2142 = CARTESIAN_POINT('',(-1.059235362528,5.052917427716E-02));
#2143 = CARTESIAN_POINT('',(-1.059144455528,4.242152102391E-02));
#2144 = CARTESIAN_POINT('',(-1.058967847112,2.667048087526E-02));
#2145 = CARTESIAN_POINT('',(-1.057276029845,3.766821246805E-03));
#2146 = CARTESIAN_POINT('',(-1.05448442819,-1.766234359106E-02));
#2147 = CARTESIAN_POINT('',(-1.050641334819,-3.764165570688E-02));
#2148 = CARTESIAN_POINT('',(-1.045636214196,-5.615452576132E-02));
#2149 = CARTESIAN_POINT('',(-1.039478415472,-7.319220073522E-02));
#2150 = CARTESIAN_POINT('',(-1.032242742622,-8.879016525115E-02));
#2151 = CARTESIAN_POINT('',(-1.023870210686,-0.10284511282));
#2152 = CARTESIAN_POINT('',(-1.014469795708,-0.115349440072));
#2153 = CARTESIAN_POINT('',(-1.004158202693,-0.126244800526));
#2154 = CARTESIAN_POINT('',(-0.992948065257,-0.135511021056));
#2155 = CARTESIAN_POINT('',(-0.980796618354,-0.143048445407));
#2156 = CARTESIAN_POINT('',(-0.967720014904,-0.148897081851));
#2157 = CARTESIAN_POINT('',(-0.953715471662,-0.152975513319));
#2158 = CARTESIAN_POINT('',(-0.938854116825,-0.155576724737));
#2159 = CARTESIAN_POINT('',(-0.928631604424,-0.155873947638));
#2160 = CARTESIAN_POINT('',(-0.923412191796,-0.156025703772));
#2161 = ( GEOMETRIC_REPRESENTATION_CONTEXT(2) 
PARAMETRIC_REPRESENTATION_CONTEXT() REPRESENTATION_CONTEXT('2D SPACE',''
  ) );
#2162 = PCURVE('',#2163,#2202);
#2163 = B_SPLINE_SURFACE_WITH_KNOTS('',3,1,(
    (#2164,#2165)
    ,(#2166,#2167)
    ,(#2168,#2169)
    ,(#2170,#2171)
    ,(#2172,#2173)
    ,(#2174,#2175)
    ,(#2176,#2177)
    ,(#2178,#2179)
    ,(#2180,#2181)
    ,(#2182,#2183)
    ,(#2184,#2185)
    ,(#2186,#2187)
    ,(#2188,#2189)
    ,(#2190,#2191)
    ,(#2192,#2193)
    ,(#2194,#2195)
    ,(#2196,#2197)
    ,(#2198,#2199)
    ,(#2200,#2201
    )),.UNSPECIFIED.,.F.,.F.,.F.,(4,1,1,1,1,1,1,1,1,1,1,1,1,1,1,1,4),(2,
    2),(0.,8.744171366995E-02,0.169876276114,0.24754788926,
    0.320426604589,0.389167913688,0.454186731064,0.515608500322,
    0.574356698595,0.630317130024,0.684011263885,0.735802329721,
    0.786754251388,0.837785704936,0.889811153416,0.943739754499,1.),(0.,
    1.),.UNSPECIFIED.);
#2164 = CARTESIAN_POINT('',(1.059235362528,5.052917427716E-02,0.99));
#2165 = CARTESIAN_POINT('',(1.059235362528,5.052917427716E-02,1.));
#2166 = CARTESIAN_POINT('',(1.059144455528,4.242152102391E-02,0.99));
#2167 = CARTESIAN_POINT('',(1.059144455528,4.242152102391E-02,1.));
#2168 = CARTESIAN_POINT('',(1.058967847112,2.667048087526E-02,0.99));
#2169 = CARTESIAN_POINT('',(1.058967847112,2.667048087526E-02,1.));
#2170 = CARTESIAN_POINT('',(1.057276029845,3.766821246805E-03,0.99));
#2171 = CARTESIAN_POINT('',(1.057276029845,3.766821246805E-03,1.));
#2172 = CARTESIAN_POINT('',(1.05448442819,-1.766234359106E-02,0.99));
#2173 = CARTESIAN_POINT('',(1.05448442819,-1.766234359106E-02,1.));
#2174 = CARTESIAN_POINT('',(1.050641334819,-3.764165570688E-02,0.99));
#2175 = CARTESIAN_POINT('',(1.050641334819,-3.764165570688E-02,1.));
#2176 = CARTESIAN_POINT('',(1.045636214196,-5.615452576132E-02,0.99));
#2177 = CARTESIAN_POINT('',(1.045636214196,-5.615452576132E-02,1.));
#2178 = CARTESIAN_POINT('',(1.039478415472,-7.319220073522E-02,0.99));
#2179 = CARTESIAN_POINT('',(1.039478415472,-7.319220073522E-02,1.));
#2180 = CARTESIAN_POINT('',(1.032242742622,-8.879016525115E-02,0.99));
#2181 = CARTESIAN_POINT('',(1.032242742622,-8.879016525115E-02,1.));
#2182 = CARTESIAN_POINT('',(1.023870210686,-0.10284511282,0.99));
#2183 = CARTESIAN_POINT('',(1.023870210686,-0.10284511282,1.));
#2184 = CARTESIAN_POINT('',(1.014469795708,-0.115349440072,0.99));
#2185 = CARTESIAN_POINT('',(1.014469795708,-0.115349440072,1.));
#2186 = CARTESIAN_POINT('',(1.004158202693,-0.126244800526,0.99));
#2187 = CARTESIAN_POINT('',(1.004158202693,-0.126244800526,1.));
#2188 = CARTESIAN_POINT('',(0.992948065257,-0.135511021056,0.99));
#2189 = CARTESIAN_POINT('',(0.992948065257,-0.135511021056,1.));
#2190 = CARTESIAN_POINT('',(0.980796618354,-0.143048445407,0.99));
#2191 = CARTESIAN_POINT('',(0.980796618354,-0.143048445407,1.));
#2192 = CARTESIAN_POINT('',(0.967720014904,-0.148897081851,0.99));
#2193 = CARTESIAN_POINT('',(0.967720014904,-0.148897081851,1.));
#2194 = CARTESIAN_POINT('',(0.953715471662,-0.152975513319,0.99));
#2195 = CARTESIAN_POINT('',(0.953715471662,-0.152975513319,1.));
#2196 = CARTESIAN_POINT('',(0.938854116825,-0.155576724737,0.99));
#2197 = CARTESIAN_POINT('',(0.938854116825,-0.155576724737,1.));
#2198 = CARTESIAN_POINT('',(0.928631604424,-0.155873947638,0.99));
#2199 = CARTESIAN_POINT('',(0.928631604424,-0.155873947638,1.));
#2200 = CARTESIAN_POINT('',(0.923412191796,-0.156025703772,0.99));
#2201 = CARTESIAN_POINT('',(0.923412191796,-0.156025703772,1.));
#2202 = DEFINITIONAL_REPRESENTATION('',(#2203),#2207);
#2203 = LINE('',#2204,#2205);
#2204 = CARTESIAN_POINT('',(-3.086883125459E-17,1.));
#2205 = VECTOR('',#2206,1.);
#2206 = DIRECTION('',(1.,1.110223024625E-16));
#2207 = ( GEOMETRIC_REPRESENTATION_CONTEXT(2) 
PARAMETRIC_REPRESENTATION_CONTEXT() REPRESENTATION_CONTEXT('2D SPACE',''
  ) );
#2208 = FACE_BOUND('',#2209,.T.);
#2209 = EDGE_LOOP('',(#2210,#2240,#2268,#2296,#2334,#2362,#2424,#2452,
    #2480,#2508,#2536,#2564,#2626,#2654,#2716,#2744));
#2210 = ORIENTED_EDGE('',*,*,#2211,.T.);
#2211 = EDGE_CURVE('',#2212,#2214,#2216,.T.);
#2212 = VERTEX_POINT('',#2213);
#2213 = CARTESIAN_POINT('',(0.415332923503,0.248852345009,1.));
#2214 = VERTEX_POINT('',#2215);
#2215 = CARTESIAN_POINT('',(0.415332923503,-0.151147654991,1.));
#2216 = SURFACE_CURVE('',#2217,(#2221,#2228),.PCURVE_S1.);
#2217 = LINE('',#2218,#2219);
#2218 = CARTESIAN_POINT('',(0.415332923503,0.248852345009,1.));
#2219 = VECTOR('',#2220,1.);
#2220 = DIRECTION('',(0.,-1.,0.));
#2221 = PCURVE('',#91,#2222);
#2222 = DEFINITIONAL_REPRESENTATION('',(#2223),#2227);
#2223 = LINE('',#2224,#2225);
#2224 = CARTESIAN_POINT('',(-0.415332923503,0.248852345009));
#2225 = VECTOR('',#2226,1.);
#2226 = DIRECTION('',(-0.,-1.));
#2227 = ( GEOMETRIC_REPRESENTATION_CONTEXT(2) 
PARAMETRIC_REPRESENTATION_CONTEXT() REPRESENTATION_CONTEXT('2D SPACE',''
  ) );
#2228 = PCURVE('',#2229,#2234);
#2229 = PLANE('',#2230);
#2230 = AXIS2_PLACEMENT_3D('',#2231,#2232,#2233);
#2231 = CARTESIAN_POINT('',(0.415332923503,0.248852345009,0.99));
#2232 = DIRECTION('',(-1.,0.,-0.));
#2233 = DIRECTION('',(0.,0.,1.));
#2234 = DEFINITIONAL_REPRESENTATION('',(#2235),#2239);
#2235 = LINE('',#2236,#2237);
#2236 = CARTESIAN_POINT('',(1.E-02,0.));
#2237 = VECTOR('',#2238,1.);
#2238 = DIRECTION('',(0.,-1.));
#2239 = ( GEOMETRIC_REPRESENTATION_CONTEXT(2) 
PARAMETRIC_REPRESENTATION_CONTEXT() REPRESENTATION_CONTEXT('2D SPACE',''
  ) );
#2240 = ORIENTED_EDGE('',*,*,#2241,.T.);
#2241 = EDGE_CURVE('',#2214,#2242,#2244,.T.);
#2242 = VERTEX_POINT('',#2243);
#2243 = CARTESIAN_POINT('',(0.35168963082,-0.151147654991,1.));
#2244 = SURFACE_CURVE('',#2245,(#2249,#2256),.PCURVE_S1.);
#2245 = LINE('',#2246,#2247);
#2246 = CARTESIAN_POINT('',(0.415332923503,-0.151147654991,1.));
#2247 = VECTOR('',#2248,1.);
#2248 = DIRECTION('',(-1.,0.,0.));
#2249 = PCURVE('',#91,#2250);
#2250 = DEFINITIONAL_REPRESENTATION('',(#2251),#2255);
#2251 = LINE('',#2252,#2253);
#2252 = CARTESIAN_POINT('',(-0.415332923503,-0.151147654991));
#2253 = VECTOR('',#2254,1.);
#2254 = DIRECTION('',(1.,0.));
#2255 = ( GEOMETRIC_REPRESENTATION_CONTEXT(2) 
PARAMETRIC_REPRESENTATION_CONTEXT() REPRESENTATION_CONTEXT('2D SPACE',''
  ) );
#2256 = PCURVE('',#2257,#2262);
#2257 = PLANE('',#2258);
#2258 = AXIS2_PLACEMENT_3D('',#2259,#2260,#2261);
#2259 = CARTESIAN_POINT('',(0.415332923503,-0.151147654991,0.99));
#2260 = DIRECTION('',(0.,1.,0.));
#2261 = DIRECTION('',(0.,-0.,1.));
#2262 = DEFINITIONAL_REPRESENTATION('',(#2263),#2267);
#2263 = LINE('',#2264,#2265);
#2264 = CARTESIAN_POINT('',(1.E-02,0.));
#2265 = VECTOR('',#2266,1.);
#2266 = DIRECTION('',(0.,-1.));
#2267 = ( GEOMETRIC_REPRESENTATION_CONTEXT(2) 
PARAMETRIC_REPRESENTATION_CONTEXT() REPRESENTATION_CONTEXT('2D SPACE',''
  ) );
#2268 = ORIENTED_EDGE('',*,*,#2269,.T.);
#2269 = EDGE_CURVE('',#2242,#2270,#2272,.T.);
#2270 = VERTEX_POINT('',#2271);
#2271 = CARTESIAN_POINT('',(0.15550060643,0.159370637692,1.));
#2272 = SURFACE_CURVE('',#2273,(#2277,#2284),.PCURVE_S1.);
#2273 = LINE('',#2274,#2275);
#2274 = CARTESIAN_POINT('',(0.35168963082,-0.151147654991,1.));
#2275 = VECTOR('',#2276,1.);
#2276 = DIRECTION('',(-0.534133516267,0.845400134138,0.));
#2277 = PCURVE('',#91,#2278);
#2278 = DEFINITIONAL_REPRESENTATION('',(#2279),#2283);
#2279 = LINE('',#2280,#2281);
#2280 = CARTESIAN_POINT('',(-0.35168963082,-0.151147654991));
#2281 = VECTOR('',#2282,1.);
#2282 = DIRECTION('',(0.534133516267,0.845400134138));
#2283 = ( GEOMETRIC_REPRESENTATION_CONTEXT(2) 
PARAMETRIC_REPRESENTATION_CONTEXT() REPRESENTATION_CONTEXT('2D SPACE',''
  ) );
#2284 = PCURVE('',#2285,#2290);
#2285 = PLANE('',#2286);
#2286 = AXIS2_PLACEMENT_3D('',#2287,#2288,#2289);
#2287 = CARTESIAN_POINT('',(0.35168963082,-0.151147654991,0.99));
#2288 = DIRECTION('',(0.845400134138,0.534133516267,0.));
#2289 = DIRECTION('',(-0.534133516267,0.845400134138,0.));
#2290 = DEFINITIONAL_REPRESENTATION('',(#2291),#2295);
#2291 = LINE('',#2292,#2293);
#2292 = CARTESIAN_POINT('',(0.,1.E-02));
#2293 = VECTOR('',#2294,1.);
#2294 = DIRECTION('',(1.,0.));
#2295 = ( GEOMETRIC_REPRESENTATION_CONTEXT(2) 
PARAMETRIC_REPRESENTATION_CONTEXT() REPRESENTATION_CONTEXT('2D SPACE',''
  ) );
#2296 = ORIENTED_EDGE('',*,*,#2297,.T.);
#2297 = EDGE_CURVE('',#2270,#2298,#2300,.T.);
#2298 = VERTEX_POINT('',#2299);
#2299 = CARTESIAN_POINT('',(0.142162191796,0.185437710863,1.));
#2300 = SURFACE_CURVE('',#2301,(#2307,#2316),.PCURVE_S1.);
#2301 = B_SPLINE_CURVE_WITH_KNOTS('',3,(#2302,#2303,#2304,#2305,#2306),
  .UNSPECIFIED.,.F.,.F.,(4,1,4),(0.,0.514735756979,1.),.UNSPECIFIED.);
#2302 = CARTESIAN_POINT('',(0.15550060643,0.159370637692,1.));
#2303 = CARTESIAN_POINT('',(0.152904032209,0.163686123371,1.));
#2304 = CARTESIAN_POINT('',(0.147859552228,0.172070008929,1.));
#2305 = CARTESIAN_POINT('',(0.144023628446,0.181070226901,1.));
#2306 = CARTESIAN_POINT('',(0.142162191796,0.185437710863,1.));
#2307 = PCURVE('',#91,#2308);
#2308 = DEFINITIONAL_REPRESENTATION('',(#2309),#2315);
#2309 = B_SPLINE_CURVE_WITH_KNOTS('',3,(#2310,#2311,#2312,#2313,#2314),
  .UNSPECIFIED.,.F.,.F.,(4,1,4),(0.,0.514735756979,1.),.UNSPECIFIED.);
#2310 = CARTESIAN_POINT('',(-0.15550060643,0.159370637692));
#2311 = CARTESIAN_POINT('',(-0.152904032209,0.163686123371));
#2312 = CARTESIAN_POINT('',(-0.147859552228,0.172070008929));
#2313 = CARTESIAN_POINT('',(-0.144023628446,0.181070226901));
#2314 = CARTESIAN_POINT('',(-0.142162191796,0.185437710863));
#2315 = ( GEOMETRIC_REPRESENTATION_CONTEXT(2) 
PARAMETRIC_REPRESENTATION_CONTEXT() REPRESENTATION_CONTEXT('2D SPACE',''
  ) );
#2316 = PCURVE('',#2317,#2328);
#2317 = B_SPLINE_SURFACE_WITH_KNOTS('',3,1,(
    (#2318,#2319)
    ,(#2320,#2321)
    ,(#2322,#2323)
    ,(#2324,#2325)
    ,(#2326,#2327
    )),.UNSPECIFIED.,.F.,.F.,.F.,(4,1,4),(2,2),(0.,0.514735756979,1.),(
    0.,1.),.UNSPECIFIED.);
#2318 = CARTESIAN_POINT('',(0.15550060643,0.159370637692,0.99));
#2319 = CARTESIAN_POINT('',(0.15550060643,0.159370637692,1.));
#2320 = CARTESIAN_POINT('',(0.152904032209,0.163686123371,0.99));
#2321 = CARTESIAN_POINT('',(0.152904032209,0.163686123371,1.));
#2322 = CARTESIAN_POINT('',(0.147859552228,0.172070008929,0.99));
#2323 = CARTESIAN_POINT('',(0.147859552228,0.172070008929,1.));
#2324 = CARTESIAN_POINT('',(0.144023628446,0.181070226901,0.99));
#2325 = CARTESIAN_POINT('',(0.144023628446,0.181070226901,1.));
#2326 = CARTESIAN_POINT('',(0.142162191796,0.185437710863,0.99));
#2327 = CARTESIAN_POINT('',(0.142162191796,0.185437710863,1.));
#2328 = DEFINITIONAL_REPRESENTATION('',(#2329),#2333);
#2329 = LINE('',#2330,#2331);
#2330 = CARTESIAN_POINT('',(-8.727900719583E-16,1.));
#2331 = VECTOR('',#2332,1.);
#2332 = DIRECTION('',(1.,1.110223024625E-14));
#2333 = ( GEOMETRIC_REPRESENTATION_CONTEXT(2) 
PARAMETRIC_REPRESENTATION_CONTEXT() REPRESENTATION_CONTEXT('2D SPACE',''
  ) );
#2334 = ORIENTED_EDGE('',*,*,#2335,.T.);
#2335 = EDGE_CURVE('',#2298,#2336,#2338,.T.);
#2336 = VERTEX_POINT('',#2337);
#2337 = CARTESIAN_POINT('',(0.14056158204,0.185437710863,1.));
#2338 = SURFACE_CURVE('',#2339,(#2343,#2350),.PCURVE_S1.);
#2339 = LINE('',#2340,#2341);
#2340 = CARTESIAN_POINT('',(0.142162191796,0.185437710863,1.));
#2341 = VECTOR('',#2342,1.);
#2342 = DIRECTION('',(-1.,0.,0.));
#2343 = PCURVE('',#91,#2344);
#2344 = DEFINITIONAL_REPRESENTATION('',(#2345),#2349);
#2345 = LINE('',#2346,#2347);
#2346 = CARTESIAN_POINT('',(-0.142162191796,0.185437710863));
#2347 = VECTOR('',#2348,1.);
#2348 = DIRECTION('',(1.,0.));
#2349 = ( GEOMETRIC_REPRESENTATION_CONTEXT(2) 
PARAMETRIC_REPRESENTATION_CONTEXT() REPRESENTATION_CONTEXT('2D SPACE',''
  ) );
#2350 = PCURVE('',#2351,#2356);
#2351 = PLANE('',#2352);
#2352 = AXIS2_PLACEMENT_3D('',#2353,#2354,#2355);
#2353 = CARTESIAN_POINT('',(0.142162191796,0.185437710863,0.99));
#2354 = DIRECTION('',(0.,1.,0.));
#2355 = DIRECTION('',(0.,-0.,1.));
#2356 = DEFINITIONAL_REPRESENTATION('',(#2357),#2361);
#2357 = LINE('',#2358,#2359);
#2358 = CARTESIAN_POINT('',(1.E-02,0.));
#2359 = VECTOR('',#2360,1.);
#2360 = DIRECTION('',(0.,-1.));
#2361 = ( GEOMETRIC_REPRESENTATION_CONTEXT(2) 
PARAMETRIC_REPRESENTATION_CONTEXT() REPRESENTATION_CONTEXT('2D SPACE',''
  ) );
#2362 = ORIENTED_EDGE('',*,*,#2363,.T.);
#2363 = EDGE_CURVE('',#2336,#2364,#2366,.T.);
#2364 = VERTEX_POINT('',#2365);
#2365 = CARTESIAN_POINT('',(0.142162191796,0.129492588911,1.));
#2366 = SURFACE_CURVE('',#2367,(#2379,#2394),.PCURVE_S1.);
#2367 = B_SPLINE_CURVE_WITH_KNOTS('',3,(#2368,#2369,#2370,#2371,#2372,
    #2373,#2374,#2375,#2376,#2377,#2378),.UNSPECIFIED.,.F.,.F.,(4,1,1,1,
    1,1,1,1,4),(0.,6.840540825257E-02,0.152982627126,0.253867258679,
    0.369651378931,0.503088371486,0.652858156177,0.817583320403,1.),
  .UNSPECIFIED.);
#2368 = CARTESIAN_POINT('',(0.14056158204,0.185437710863,1.));
#2369 = CARTESIAN_POINT('',(0.140698867204,0.184168237278,1.));
#2370 = CARTESIAN_POINT('',(0.141005893295,0.181329172224,1.));
#2371 = CARTESIAN_POINT('',(0.141260103362,0.176596676498,1.));
#2372 = CARTESIAN_POINT('',(0.141591308207,0.170984499135,1.));
#2373 = CARTESIAN_POINT('',(0.141808598962,0.164453176061,1.));
#2374 = CARTESIAN_POINT('',(0.141933482965,0.157007865952,1.));
#2375 = CARTESIAN_POINT('',(0.142110466133,0.14864979239,1.));
#2376 = CARTESIAN_POINT('',(0.14217732184,0.139375815919,1.));
#2377 = CARTESIAN_POINT('',(0.142167403632,0.13289705768,1.));
#2378 = CARTESIAN_POINT('',(0.142162191796,0.129492588911,1.));
#2379 = PCURVE('',#91,#2380);
#2380 = DEFINITIONAL_REPRESENTATION('',(#2381),#2393);
#2381 = B_SPLINE_CURVE_WITH_KNOTS('',3,(#2382,#2383,#2384,#2385,#2386,
    #2387,#2388,#2389,#2390,#2391,#2392),.UNSPECIFIED.,.F.,.F.,(4,1,1,1,
    1,1,1,1,4),(0.,6.840540825257E-02,0.152982627126,0.253867258679,
    0.369651378931,0.503088371486,0.652858156177,0.817583320403,1.),
  .UNSPECIFIED.);
#2382 = CARTESIAN_POINT('',(-0.14056158204,0.185437710863));
#2383 = CARTESIAN_POINT('',(-0.140698867204,0.184168237278));
#2384 = CARTESIAN_POINT('',(-0.141005893295,0.181329172224));
#2385 = CARTESIAN_POINT('',(-0.141260103362,0.176596676498));
#2386 = CARTESIAN_POINT('',(-0.141591308207,0.170984499135));
#2387 = CARTESIAN_POINT('',(-0.141808598962,0.164453176061));
#2388 = CARTESIAN_POINT('',(-0.141933482965,0.157007865952));
#2389 = CARTESIAN_POINT('',(-0.142110466133,0.14864979239));
#2390 = CARTESIAN_POINT('',(-0.14217732184,0.139375815919));
#2391 = CARTESIAN_POINT('',(-0.142167403632,0.13289705768));
#2392 = CARTESIAN_POINT('',(-0.142162191796,0.129492588911));
#2393 = ( GEOMETRIC_REPRESENTATION_CONTEXT(2) 
PARAMETRIC_REPRESENTATION_CONTEXT() REPRESENTATION_CONTEXT('2D SPACE',''
  ) );
#2394 = PCURVE('',#2395,#2418);
#2395 = B_SPLINE_SURFACE_WITH_KNOTS('',3,1,(
    (#2396,#2397)
    ,(#2398,#2399)
    ,(#2400,#2401)
    ,(#2402,#2403)
    ,(#2404,#2405)
    ,(#2406,#2407)
    ,(#2408,#2409)
    ,(#2410,#2411)
    ,(#2412,#2413)
    ,(#2414,#2415)
    ,(#2416,#2417
  )),.UNSPECIFIED.,.F.,.F.,.F.,(4,1,1,1,1,1,1,1,4),(2,2),(0.,
    6.840540825257E-02,0.152982627126,0.253867258679,0.369651378931,
    0.503088371486,0.652858156177,0.817583320403,1.),(0.,1.),
  .UNSPECIFIED.);
#2396 = CARTESIAN_POINT('',(0.14056158204,0.185437710863,0.99));
#2397 = CARTESIAN_POINT('',(0.14056158204,0.185437710863,1.));
#2398 = CARTESIAN_POINT('',(0.140698867204,0.184168237278,0.99));
#2399 = CARTESIAN_POINT('',(0.140698867204,0.184168237278,1.));
#2400 = CARTESIAN_POINT('',(0.141005893295,0.181329172224,0.99));
#2401 = CARTESIAN_POINT('',(0.141005893295,0.181329172224,1.));
#2402 = CARTESIAN_POINT('',(0.141260103362,0.176596676498,0.99));
#2403 = CARTESIAN_POINT('',(0.141260103362,0.176596676498,1.));
#2404 = CARTESIAN_POINT('',(0.141591308207,0.170984499135,0.99));
#2405 = CARTESIAN_POINT('',(0.141591308207,0.170984499135,1.));
#2406 = CARTESIAN_POINT('',(0.141808598962,0.164453176061,0.99));
#2407 = CARTESIAN_POINT('',(0.141808598962,0.164453176061,1.));
#2408 = CARTESIAN_POINT('',(0.141933482965,0.157007865952,0.99));
#2409 = CARTESIAN_POINT('',(0.141933482965,0.157007865952,1.));
#2410 = CARTESIAN_POINT('',(0.142110466133,0.14864979239,0.99));
#2411 = CARTESIAN_POINT('',(0.142110466133,0.14864979239,1.));
#2412 = CARTESIAN_POINT('',(0.14217732184,0.139375815919,0.99));
#2413 = CARTESIAN_POINT('',(0.14217732184,0.139375815919,1.));
#2414 = CARTESIAN_POINT('',(0.142167403632,0.13289705768,0.99));
#2415 = CARTESIAN_POINT('',(0.142167403632,0.13289705768,1.));
#2416 = CARTESIAN_POINT('',(0.142162191796,0.129492588911,0.99));
#2417 = CARTESIAN_POINT('',(0.142162191796,0.129492588911,1.));
#2418 = DEFINITIONAL_REPRESENTATION('',(#2419),#2423);
#2419 = LINE('',#2420,#2421);
#2420 = CARTESIAN_POINT('',(-1.003458756788E-17,1.));
#2421 = VECTOR('',#2422,1.);
#2422 = DIRECTION('',(1.,-2.22044604925E-16));
#2423 = ( GEOMETRIC_REPRESENTATION_CONTEXT(2) 
PARAMETRIC_REPRESENTATION_CONTEXT() REPRESENTATION_CONTEXT('2D SPACE',''
  ) );
#2424 = ORIENTED_EDGE('',*,*,#2425,.T.);
#2425 = EDGE_CURVE('',#2364,#2426,#2428,.T.);
#2426 = VERTEX_POINT('',#2427);
#2427 = CARTESIAN_POINT('',(0.142162191796,-0.151147654991,1.));
#2428 = SURFACE_CURVE('',#2429,(#2433,#2440),.PCURVE_S1.);
#2429 = LINE('',#2430,#2431);
#2430 = CARTESIAN_POINT('',(0.142162191796,0.129492588911,1.));
#2431 = VECTOR('',#2432,1.);
#2432 = DIRECTION('',(0.,-1.,0.));
#2433 = PCURVE('',#91,#2434);
#2434 = DEFINITIONAL_REPRESENTATION('',(#2435),#2439);
#2435 = LINE('',#2436,#2437);
#2436 = CARTESIAN_POINT('',(-0.142162191796,0.129492588911));
#2437 = VECTOR('',#2438,1.);
#2438 = DIRECTION('',(-0.,-1.));
#2439 = ( GEOMETRIC_REPRESENTATION_CONTEXT(2) 
PARAMETRIC_REPRESENTATION_CONTEXT() REPRESENTATION_CONTEXT('2D SPACE',''
  ) );
#2440 = PCURVE('',#2441,#2446);
#2441 = PLANE('',#2442);
#2442 = AXIS2_PLACEMENT_3D('',#2443,#2444,#2445);
#2443 = CARTESIAN_POINT('',(0.142162191796,0.129492588911,0.99));
#2444 = DIRECTION('',(-1.,0.,-0.));
#2445 = DIRECTION('',(0.,0.,1.));
#2446 = DEFINITIONAL_REPRESENTATION('',(#2447),#2451);
#2447 = LINE('',#2448,#2449);
#2448 = CARTESIAN_POINT('',(1.E-02,0.));
#2449 = VECTOR('',#2450,1.);
#2450 = DIRECTION('',(0.,-1.));
#2451 = ( GEOMETRIC_REPRESENTATION_CONTEXT(2) 
PARAMETRIC_REPRESENTATION_CONTEXT() REPRESENTATION_CONTEXT('2D SPACE',''
  ) );
#2452 = ORIENTED_EDGE('',*,*,#2453,.T.);
#2453 = EDGE_CURVE('',#2426,#2454,#2456,.T.);
#2454 = VERTEX_POINT('',#2455);
#2455 = CARTESIAN_POINT('',(8.850365521058E-02,-0.151147654991,1.));
#2456 = SURFACE_CURVE('',#2457,(#2461,#2468),.PCURVE_S1.);
#2457 = LINE('',#2458,#2459);
#2458 = CARTESIAN_POINT('',(0.142162191796,-0.151147654991,1.));
#2459 = VECTOR('',#2460,1.);
#2460 = DIRECTION('',(-1.,0.,0.));
#2461 = PCURVE('',#91,#2462);
#2462 = DEFINITIONAL_REPRESENTATION('',(#2463),#2467);
#2463 = LINE('',#2464,#2465);
#2464 = CARTESIAN_POINT('',(-0.142162191796,-0.151147654991));
#2465 = VECTOR('',#2466,1.);
#2466 = DIRECTION('',(1.,0.));
#2467 = ( GEOMETRIC_REPRESENTATION_CONTEXT(2) 
PARAMETRIC_REPRESENTATION_CONTEXT() REPRESENTATION_CONTEXT('2D SPACE',''
  ) );
#2468 = PCURVE('',#2469,#2474);
#2469 = PLANE('',#2470);
#2470 = AXIS2_PLACEMENT_3D('',#2471,#2472,#2473);
#2471 = CARTESIAN_POINT('',(0.142162191796,-0.151147654991,0.99));
#2472 = DIRECTION('',(0.,1.,0.));
#2473 = DIRECTION('',(0.,-0.,1.));
#2474 = DEFINITIONAL_REPRESENTATION('',(#2475),#2479);
#2475 = LINE('',#2476,#2477);
#2476 = CARTESIAN_POINT('',(1.E-02,0.));
#2477 = VECTOR('',#2478,1.);
#2478 = DIRECTION('',(0.,-1.));
#2479 = ( GEOMETRIC_REPRESENTATION_CONTEXT(2) 
PARAMETRIC_REPRESENTATION_CONTEXT() REPRESENTATION_CONTEXT('2D SPACE',''
  ) );
#2480 = ORIENTED_EDGE('',*,*,#2481,.T.);
#2481 = EDGE_CURVE('',#2454,#2482,#2484,.T.);
#2482 = VERTEX_POINT('',#2483);
#2483 = CARTESIAN_POINT('',(8.850365521058E-02,0.248852345009,1.));
#2484 = SURFACE_CURVE('',#2485,(#2489,#2496),.PCURVE_S1.);
#2485 = LINE('',#2486,#2487);
#2486 = CARTESIAN_POINT('',(8.850365521058E-02,-0.151147654991,1.));
#2487 = VECTOR('',#2488,1.);
#2488 = DIRECTION('',(0.,1.,0.));
#2489 = PCURVE('',#91,#2490);
#2490 = DEFINITIONAL_REPRESENTATION('',(#2491),#2495);
#2491 = LINE('',#2492,#2493);
#2492 = CARTESIAN_POINT('',(-8.850365521058E-02,-0.151147654991));
#2493 = VECTOR('',#2494,1.);
#2494 = DIRECTION('',(0.,1.));
#2495 = ( GEOMETRIC_REPRESENTATION_CONTEXT(2) 
PARAMETRIC_REPRESENTATION_CONTEXT() REPRESENTATION_CONTEXT('2D SPACE',''
  ) );
#2496 = PCURVE('',#2497,#2502);
#2497 = PLANE('',#2498);
#2498 = AXIS2_PLACEMENT_3D('',#2499,#2500,#2501);
#2499 = CARTESIAN_POINT('',(8.850365521058E-02,-0.151147654991,0.99));
#2500 = DIRECTION('',(1.,-0.,0.));
#2501 = DIRECTION('',(0.,0.,-1.));
#2502 = DEFINITIONAL_REPRESENTATION('',(#2503),#2507);
#2503 = LINE('',#2504,#2505);
#2504 = CARTESIAN_POINT('',(-1.E-02,0.));
#2505 = VECTOR('',#2506,1.);
#2506 = DIRECTION('',(0.,1.));
#2507 = ( GEOMETRIC_REPRESENTATION_CONTEXT(2) 
PARAMETRIC_REPRESENTATION_CONTEXT() REPRESENTATION_CONTEXT('2D SPACE',''
  ) );
#2508 = ORIENTED_EDGE('',*,*,#2509,.T.);
#2509 = EDGE_CURVE('',#2482,#2510,#2512,.T.);
#2510 = VERTEX_POINT('',#2511);
#2511 = CARTESIAN_POINT('',(0.156796338137,0.248852345009,1.));
#2512 = SURFACE_CURVE('',#2513,(#2517,#2524),.PCURVE_S1.);
#2513 = LINE('',#2514,#2515);
#2514 = CARTESIAN_POINT('',(8.850365521058E-02,0.248852345009,1.));
#2515 = VECTOR('',#2516,1.);
#2516 = DIRECTION('',(1.,0.,0.));
#2517 = PCURVE('',#91,#2518);
#2518 = DEFINITIONAL_REPRESENTATION('',(#2519),#2523);
#2519 = LINE('',#2520,#2521);
#2520 = CARTESIAN_POINT('',(-8.850365521058E-02,0.248852345009));
#2521 = VECTOR('',#2522,1.);
#2522 = DIRECTION('',(-1.,0.));
#2523 = ( GEOMETRIC_REPRESENTATION_CONTEXT(2) 
PARAMETRIC_REPRESENTATION_CONTEXT() REPRESENTATION_CONTEXT('2D SPACE',''
  ) );
#2524 = PCURVE('',#2525,#2530);
#2525 = PLANE('',#2526);
#2526 = AXIS2_PLACEMENT_3D('',#2527,#2528,#2529);
#2527 = CARTESIAN_POINT('',(8.850365521058E-02,0.248852345009,0.99));
#2528 = DIRECTION('',(0.,-1.,0.));
#2529 = DIRECTION('',(0.,-0.,-1.));
#2530 = DEFINITIONAL_REPRESENTATION('',(#2531),#2535);
#2531 = LINE('',#2532,#2533);
#2532 = CARTESIAN_POINT('',(-1.E-02,0.));
#2533 = VECTOR('',#2534,1.);
#2534 = DIRECTION('',(0.,1.));
#2535 = ( GEOMETRIC_REPRESENTATION_CONTEXT(2) 
PARAMETRIC_REPRESENTATION_CONTEXT() REPRESENTATION_CONTEXT('2D SPACE',''
  ) );
#2536 = ORIENTED_EDGE('',*,*,#2537,.T.);
#2537 = EDGE_CURVE('',#2510,#2538,#2540,.T.);
#2538 = VERTEX_POINT('',#2539);
#2539 = CARTESIAN_POINT('',(0.347116460089,-5.533972816187E-02,1.));
#2540 = SURFACE_CURVE('',#2541,(#2545,#2552),.PCURVE_S1.);
#2541 = LINE('',#2542,#2543);
#2542 = CARTESIAN_POINT('',(0.156796338137,0.248852345009,1.));
#2543 = VECTOR('',#2544,1.);
#2544 = DIRECTION('',(0.530399843592,-0.847747607439,0.));
#2545 = PCURVE('',#91,#2546);
#2546 = DEFINITIONAL_REPRESENTATION('',(#2547),#2551);
#2547 = LINE('',#2548,#2549);
#2548 = CARTESIAN_POINT('',(-0.156796338137,0.248852345009));
#2549 = VECTOR('',#2550,1.);
#2550 = DIRECTION('',(-0.530399843592,-0.847747607439));
#2551 = ( GEOMETRIC_REPRESENTATION_CONTEXT(2) 
PARAMETRIC_REPRESENTATION_CONTEXT() REPRESENTATION_CONTEXT('2D SPACE',''
  ) );
#2552 = PCURVE('',#2553,#2558);
#2553 = PLANE('',#2554);
#2554 = AXIS2_PLACEMENT_3D('',#2555,#2556,#2557);
#2555 = CARTESIAN_POINT('',(0.156796338137,0.248852345009,0.99));
#2556 = DIRECTION('',(-0.847747607439,-0.530399843592,0.));
#2557 = DIRECTION('',(0.530399843592,-0.847747607439,0.));
#2558 = DEFINITIONAL_REPRESENTATION('',(#2559),#2563);
#2559 = LINE('',#2560,#2561);
#2560 = CARTESIAN_POINT('',(0.,1.E-02));
#2561 = VECTOR('',#2562,1.);
#2562 = DIRECTION('',(1.,0.));
#2563 = ( GEOMETRIC_REPRESENTATION_CONTEXT(2) 
PARAMETRIC_REPRESENTATION_CONTEXT() REPRESENTATION_CONTEXT('2D SPACE',''
  ) );
#2564 = ORIENTED_EDGE('',*,*,#2565,.T.);
#2565 = EDGE_CURVE('',#2538,#2566,#2568,.T.);
#2566 = VERTEX_POINT('',#2567);
#2567 = CARTESIAN_POINT('',(0.363198777162,-8.285497206431E-02,1.));
#2568 = SURFACE_CURVE('',#2569,(#2581,#2596),.PCURVE_S1.);
#2569 = B_SPLINE_CURVE_WITH_KNOTS('',3,(#2570,#2571,#2572,#2573,#2574,
    #2575,#2576,#2577,#2578,#2579,#2580),.UNSPECIFIED.,.F.,.F.,(4,1,1,1,
    1,1,1,1,4),(0.,0.191043767251,0.362828903116,0.514098510603,
    0.650198134495,0.765824892399,0.86101723428,0.93905934776,1.),
  .UNSPECIFIED.);
#2570 = CARTESIAN_POINT('',(0.347116460089,-5.533972816187E-02,1.));
#2571 = CARTESIAN_POINT('',(0.34818092315,-5.70689933025E-02,1.));
#2572 = CARTESIAN_POINT('',(0.350202543486,-6.035320080742E-02,1.));
#2573 = CARTESIAN_POINT('',(0.353107030746,-6.498176884757E-02,1.));
#2574 = CARTESIAN_POINT('',(0.355656287335,-6.914365501962E-02,1.));
#2575 = CARTESIAN_POINT('',(0.35783682671,-7.283061666743E-02,1.));
#2576 = CARTESIAN_POINT('',(0.359676362533,-7.602685555292E-02,1.));
#2577 = CARTESIAN_POINT('',(0.361136003665,-7.872806330361E-02,1.));
#2578 = CARTESIAN_POINT('',(0.362294261265,-8.093184919546E-02,1.));
#2579 = CARTESIAN_POINT('',(0.362923062644,-8.226876579012E-02,1.));
#2580 = CARTESIAN_POINT('',(0.363198777162,-8.285497206431E-02,1.));
#2581 = PCURVE('',#91,#2582);
#2582 = DEFINITIONAL_REPRESENTATION('',(#2583),#2595);
#2583 = B_SPLINE_CURVE_WITH_KNOTS('',3,(#2584,#2585,#2586,#2587,#2588,
    #2589,#2590,#2591,#2592,#2593,#2594),.UNSPECIFIED.,.F.,.F.,(4,1,1,1,
    1,1,1,1,4),(0.,0.191043767251,0.362828903116,0.514098510603,
    0.650198134495,0.765824892399,0.86101723428,0.93905934776,1.),
  .UNSPECIFIED.);
#2584 = CARTESIAN_POINT('',(-0.347116460089,-5.533972816187E-02));
#2585 = CARTESIAN_POINT('',(-0.34818092315,-5.70689933025E-02));
#2586 = CARTESIAN_POINT('',(-0.350202543486,-6.035320080742E-02));
#2587 = CARTESIAN_POINT('',(-0.353107030746,-6.498176884757E-02));
#2588 = CARTESIAN_POINT('',(-0.355656287335,-6.914365501962E-02));
#2589 = CARTESIAN_POINT('',(-0.35783682671,-7.283061666743E-02));
#2590 = CARTESIAN_POINT('',(-0.359676362533,-7.602685555292E-02));
#2591 = CARTESIAN_POINT('',(-0.361136003665,-7.872806330361E-02));
#2592 = CARTESIAN_POINT('',(-0.362294261265,-8.093184919546E-02));
#2593 = CARTESIAN_POINT('',(-0.362923062644,-8.226876579012E-02));
#2594 = CARTESIAN_POINT('',(-0.363198777162,-8.285497206431E-02));
#2595 = ( GEOMETRIC_REPRESENTATION_CONTEXT(2) 
PARAMETRIC_REPRESENTATION_CONTEXT() REPRESENTATION_CONTEXT('2D SPACE',''
  ) );
#2596 = PCURVE('',#2597,#2620);
#2597 = B_SPLINE_SURFACE_WITH_KNOTS('',3,1,(
    (#2598,#2599)
    ,(#2600,#2601)
    ,(#2602,#2603)
    ,(#2604,#2605)
    ,(#2606,#2607)
    ,(#2608,#2609)
    ,(#2610,#2611)
    ,(#2612,#2613)
    ,(#2614,#2615)
    ,(#2616,#2617)
    ,(#2618,#2619
  )),.UNSPECIFIED.,.F.,.F.,.F.,(4,1,1,1,1,1,1,1,4),(2,2),(0.,
    0.191043767251,0.362828903116,0.514098510603,0.650198134495,
    0.765824892399,0.86101723428,0.93905934776,1.),(0.,1.),
  .UNSPECIFIED.);
#2598 = CARTESIAN_POINT('',(0.347116460089,-5.533972816187E-02,0.99));
#2599 = CARTESIAN_POINT('',(0.347116460089,-5.533972816187E-02,1.));
#2600 = CARTESIAN_POINT('',(0.34818092315,-5.70689933025E-02,0.99));
#2601 = CARTESIAN_POINT('',(0.34818092315,-5.70689933025E-02,1.));
#2602 = CARTESIAN_POINT('',(0.350202543486,-6.035320080742E-02,0.99));
#2603 = CARTESIAN_POINT('',(0.350202543486,-6.035320080742E-02,1.));
#2604 = CARTESIAN_POINT('',(0.353107030746,-6.498176884757E-02,0.99));
#2605 = CARTESIAN_POINT('',(0.353107030746,-6.498176884757E-02,1.));
#2606 = CARTESIAN_POINT('',(0.355656287335,-6.914365501962E-02,0.99));
#2607 = CARTESIAN_POINT('',(0.355656287335,-6.914365501962E-02,1.));
#2608 = CARTESIAN_POINT('',(0.35783682671,-7.283061666743E-02,0.99));
#2609 = CARTESIAN_POINT('',(0.35783682671,-7.283061666743E-02,1.));
#2610 = CARTESIAN_POINT('',(0.359676362533,-7.602685555292E-02,0.99));
#2611 = CARTESIAN_POINT('',(0.359676362533,-7.602685555292E-02,1.));
#2612 = CARTESIAN_POINT('',(0.361136003665,-7.872806330361E-02,0.99));
#2613 = CARTESIAN_POINT('',(0.361136003665,-7.872806330361E-02,1.));
#2614 = CARTESIAN_POINT('',(0.362294261265,-8.093184919546E-02,0.99));
#2615 = CARTESIAN_POINT('',(0.362294261265,-8.093184919546E-02,1.));
#2616 = CARTESIAN_POINT('',(0.362923062644,-8.226876579012E-02,0.99));
#2617 = CARTESIAN_POINT('',(0.362923062644,-8.226876579012E-02,1.));
#2618 = CARTESIAN_POINT('',(0.363198777162,-8.285497206431E-02,0.99));
#2619 = CARTESIAN_POINT('',(0.363198777162,-8.285497206431E-02,1.));
#2620 = DEFINITIONAL_REPRESENTATION('',(#2621),#2625);
#2621 = LINE('',#2622,#2623);
#2622 = CARTESIAN_POINT('',(-1.827756462585E-15,1.));
#2623 = VECTOR('',#2624,1.);
#2624 = DIRECTION('',(1.,3.297362383137E-14));
#2625 = ( GEOMETRIC_REPRESENTATION_CONTEXT(2) 
PARAMETRIC_REPRESENTATION_CONTEXT() REPRESENTATION_CONTEXT('2D SPACE',''
  ) );
#2626 = ORIENTED_EDGE('',*,*,#2627,.T.);
#2627 = EDGE_CURVE('',#2566,#2628,#2630,.T.);
#2628 = VERTEX_POINT('',#2629);
#2629 = CARTESIAN_POINT('',(0.364265850333,-8.285497206431E-02,1.));
#2630 = SURFACE_CURVE('',#2631,(#2635,#2642),.PCURVE_S1.);
#2631 = LINE('',#2632,#2633);
#2632 = CARTESIAN_POINT('',(0.363198777162,-8.285497206431E-02,1.));
#2633 = VECTOR('',#2634,1.);
#2634 = DIRECTION('',(1.,0.,0.));
#2635 = PCURVE('',#91,#2636);
#2636 = DEFINITIONAL_REPRESENTATION('',(#2637),#2641);
#2637 = LINE('',#2638,#2639);
#2638 = CARTESIAN_POINT('',(-0.363198777162,-8.285497206431E-02));
#2639 = VECTOR('',#2640,1.);
#2640 = DIRECTION('',(-1.,0.));
#2641 = ( GEOMETRIC_REPRESENTATION_CONTEXT(2) 
PARAMETRIC_REPRESENTATION_CONTEXT() REPRESENTATION_CONTEXT('2D SPACE',''
  ) );
#2642 = PCURVE('',#2643,#2648);
#2643 = PLANE('',#2644);
#2644 = AXIS2_PLACEMENT_3D('',#2645,#2646,#2647);
#2645 = CARTESIAN_POINT('',(0.363198777162,-8.285497206431E-02,0.99));
#2646 = DIRECTION('',(0.,-1.,0.));
#2647 = DIRECTION('',(0.,-0.,-1.));
#2648 = DEFINITIONAL_REPRESENTATION('',(#2649),#2653);
#2649 = LINE('',#2650,#2651);
#2650 = CARTESIAN_POINT('',(-1.E-02,0.));
#2651 = VECTOR('',#2652,1.);
#2652 = DIRECTION('',(0.,1.));
#2653 = ( GEOMETRIC_REPRESENTATION_CONTEXT(2) 
PARAMETRIC_REPRESENTATION_CONTEXT() REPRESENTATION_CONTEXT('2D SPACE',''
  ) );
#2654 = ORIENTED_EDGE('',*,*,#2655,.T.);
#2655 = EDGE_CURVE('',#2628,#2656,#2658,.T.);
#2656 = VERTEX_POINT('',#2657);
#2657 = CARTESIAN_POINT('',(0.361674386918,-2.477570377162E-02,1.));
#2658 = SURFACE_CURVE('',#2659,(#2671,#2686),.PCURVE_S1.);
#2659 = B_SPLINE_CURVE_WITH_KNOTS('',3,(#2660,#2661,#2662,#2663,#2664,
    #2665,#2666,#2667,#2668,#2669,#2670),.UNSPECIFIED.,.F.,.F.,(4,1,1,1,
    1,1,1,1,4),(0.,7.9299964595E-02,0.172766071169,0.277866207321,
    0.397197901369,0.528309894313,0.672471430171,0.829685563571,1.),
  .UNSPECIFIED.);
#2660 = CARTESIAN_POINT('',(0.364265850333,-8.285497206431E-02,1.));
#2661 = CARTESIAN_POINT('',(0.364051200403,-8.133192713966E-02,1.));
#2662 = CARTESIAN_POINT('',(0.363583555489,-7.801376061601E-02,1.));
#2663 = CARTESIAN_POINT('',(0.363092456758,-7.264621766163E-02,1.));
#2664 = CARTESIAN_POINT('',(0.362599532905,-6.650006121196E-02,1.));
#2665 = CARTESIAN_POINT('',(0.362363491246,-5.960760844418E-02,1.));
#2666 = CARTESIAN_POINT('',(0.362025527092,-5.196279666286E-02,1.));
#2667 = CARTESIAN_POINT('',(0.361785186264,-4.357797207743E-02,1.));
#2668 = CARTESIAN_POINT('',(0.361758266506,-3.443005810611E-02,1.));
#2669 = CARTESIAN_POINT('',(0.36170308252,-2.807850384494E-02,1.));
#2670 = CARTESIAN_POINT('',(0.361674386918,-2.477570377162E-02,1.));
#2671 = PCURVE('',#91,#2672);
#2672 = DEFINITIONAL_REPRESENTATION('',(#2673),#2685);
#2673 = B_SPLINE_CURVE_WITH_KNOTS('',3,(#2674,#2675,#2676,#2677,#2678,
    #2679,#2680,#2681,#2682,#2683,#2684),.UNSPECIFIED.,.F.,.F.,(4,1,1,1,
    1,1,1,1,4),(0.,7.9299964595E-02,0.172766071169,0.277866207321,
    0.397197901369,0.528309894313,0.672471430171,0.829685563571,1.),
  .UNSPECIFIED.);
#2674 = CARTESIAN_POINT('',(-0.364265850333,-8.285497206431E-02));
#2675 = CARTESIAN_POINT('',(-0.364051200403,-8.133192713966E-02));
#2676 = CARTESIAN_POINT('',(-0.363583555489,-7.801376061601E-02));
#2677 = CARTESIAN_POINT('',(-0.363092456758,-7.264621766163E-02));
#2678 = CARTESIAN_POINT('',(-0.362599532905,-6.650006121196E-02));
#2679 = CARTESIAN_POINT('',(-0.362363491246,-5.960760844418E-02));
#2680 = CARTESIAN_POINT('',(-0.362025527092,-5.196279666286E-02));
#2681 = CARTESIAN_POINT('',(-0.361785186264,-4.357797207743E-02));
#2682 = CARTESIAN_POINT('',(-0.361758266506,-3.443005810611E-02));
#2683 = CARTESIAN_POINT('',(-0.36170308252,-2.807850384494E-02));
#2684 = CARTESIAN_POINT('',(-0.361674386918,-2.477570377162E-02));
#2685 = ( GEOMETRIC_REPRESENTATION_CONTEXT(2) 
PARAMETRIC_REPRESENTATION_CONTEXT() REPRESENTATION_CONTEXT('2D SPACE',''
  ) );
#2686 = PCURVE('',#2687,#2710);
#2687 = B_SPLINE_SURFACE_WITH_KNOTS('',3,1,(
    (#2688,#2689)
    ,(#2690,#2691)
    ,(#2692,#2693)
    ,(#2694,#2695)
    ,(#2696,#2697)
    ,(#2698,#2699)
    ,(#2700,#2701)
    ,(#2702,#2703)
    ,(#2704,#2705)
    ,(#2706,#2707)
    ,(#2708,#2709
  )),.UNSPECIFIED.,.F.,.F.,.F.,(4,1,1,1,1,1,1,1,4),(2,2),(0.,
    7.9299964595E-02,0.172766071169,0.277866207321,0.397197901369,
    0.528309894313,0.672471430171,0.829685563571,1.),(0.,1.),
  .UNSPECIFIED.);
#2688 = CARTESIAN_POINT('',(0.364265850333,-8.285497206431E-02,0.99));
#2689 = CARTESIAN_POINT('',(0.364265850333,-8.285497206431E-02,1.));
#2690 = CARTESIAN_POINT('',(0.364051200403,-8.133192713966E-02,0.99));
#2691 = CARTESIAN_POINT('',(0.364051200403,-8.133192713966E-02,1.));
#2692 = CARTESIAN_POINT('',(0.363583555489,-7.801376061601E-02,0.99));
#2693 = CARTESIAN_POINT('',(0.363583555489,-7.801376061601E-02,1.));
#2694 = CARTESIAN_POINT('',(0.363092456758,-7.264621766163E-02,0.99));
#2695 = CARTESIAN_POINT('',(0.363092456758,-7.264621766163E-02,1.));
#2696 = CARTESIAN_POINT('',(0.362599532905,-6.650006121196E-02,0.99));
#2697 = CARTESIAN_POINT('',(0.362599532905,-6.650006121196E-02,1.));
#2698 = CARTESIAN_POINT('',(0.362363491246,-5.960760844418E-02,0.99));
#2699 = CARTESIAN_POINT('',(0.362363491246,-5.960760844418E-02,1.));
#2700 = CARTESIAN_POINT('',(0.362025527092,-5.196279666286E-02,0.99));
#2701 = CARTESIAN_POINT('',(0.362025527092,-5.196279666286E-02,1.));
#2702 = CARTESIAN_POINT('',(0.361785186264,-4.357797207743E-02,0.99));
#2703 = CARTESIAN_POINT('',(0.361785186264,-4.357797207743E-02,1.));
#2704 = CARTESIAN_POINT('',(0.361758266506,-3.443005810611E-02,0.99));
#2705 = CARTESIAN_POINT('',(0.361758266506,-3.443005810611E-02,1.));
#2706 = CARTESIAN_POINT('',(0.36170308252,-2.807850384494E-02,0.99));
#2707 = CARTESIAN_POINT('',(0.36170308252,-2.807850384494E-02,1.));
#2708 = CARTESIAN_POINT('',(0.361674386918,-2.477570377162E-02,0.99));
#2709 = CARTESIAN_POINT('',(0.361674386918,-2.477570377162E-02,1.));
#2710 = DEFINITIONAL_REPRESENTATION('',(#2711),#2715);
#2711 = LINE('',#2712,#2713);
#2712 = CARTESIAN_POINT('',(-6.17749598762E-17,1.));
#2713 = VECTOR('',#2714,1.);
#2714 = DIRECTION('',(1.,0.));
#2715 = ( GEOMETRIC_REPRESENTATION_CONTEXT(2) 
PARAMETRIC_REPRESENTATION_CONTEXT() REPRESENTATION_CONTEXT('2D SPACE',''
  ) );
#2716 = ORIENTED_EDGE('',*,*,#2717,.T.);
#2717 = EDGE_CURVE('',#2656,#2718,#2720,.T.);
#2718 = VERTEX_POINT('',#2719);
#2719 = CARTESIAN_POINT('',(0.361674386918,0.248852345009,1.));
#2720 = SURFACE_CURVE('',#2721,(#2725,#2732),.PCURVE_S1.);
#2721 = LINE('',#2722,#2723);
#2722 = CARTESIAN_POINT('',(0.361674386918,-2.477570377162E-02,1.));
#2723 = VECTOR('',#2724,1.);
#2724 = DIRECTION('',(0.,1.,0.));
#2725 = PCURVE('',#91,#2726);
#2726 = DEFINITIONAL_REPRESENTATION('',(#2727),#2731);
#2727 = LINE('',#2728,#2729);
#2728 = CARTESIAN_POINT('',(-0.361674386918,-2.477570377162E-02));
#2729 = VECTOR('',#2730,1.);
#2730 = DIRECTION('',(0.,1.));
#2731 = ( GEOMETRIC_REPRESENTATION_CONTEXT(2) 
PARAMETRIC_REPRESENTATION_CONTEXT() REPRESENTATION_CONTEXT('2D SPACE',''
  ) );
#2732 = PCURVE('',#2733,#2738);
#2733 = PLANE('',#2734);
#2734 = AXIS2_PLACEMENT_3D('',#2735,#2736,#2737);
#2735 = CARTESIAN_POINT('',(0.361674386918,-2.477570377162E-02,0.99));
#2736 = DIRECTION('',(1.,-0.,0.));
#2737 = DIRECTION('',(0.,0.,-1.));
#2738 = DEFINITIONAL_REPRESENTATION('',(#2739),#2743);
#2739 = LINE('',#2740,#2741);
#2740 = CARTESIAN_POINT('',(-1.E-02,0.));
#2741 = VECTOR('',#2742,1.);
#2742 = DIRECTION('',(0.,1.));
#2743 = ( GEOMETRIC_REPRESENTATION_CONTEXT(2) 
PARAMETRIC_REPRESENTATION_CONTEXT() REPRESENTATION_CONTEXT('2D SPACE',''
  ) );
#2744 = ORIENTED_EDGE('',*,*,#2745,.T.);
#2745 = EDGE_CURVE('',#2718,#2212,#2746,.T.);
#2746 = SURFACE_CURVE('',#2747,(#2751,#2758),.PCURVE_S1.);
#2747 = LINE('',#2748,#2749);
#2748 = CARTESIAN_POINT('',(0.361674386918,0.248852345009,1.));
#2749 = VECTOR('',#2750,1.);
#2750 = DIRECTION('',(1.,0.,0.));
#2751 = PCURVE('',#91,#2752);
#2752 = DEFINITIONAL_REPRESENTATION('',(#2753),#2757);
#2753 = LINE('',#2754,#2755);
#2754 = CARTESIAN_POINT('',(-0.361674386918,0.248852345009));
#2755 = VECTOR('',#2756,1.);
#2756 = DIRECTION('',(-1.,0.));
#2757 = ( GEOMETRIC_REPRESENTATION_CONTEXT(2) 
PARAMETRIC_REPRESENTATION_CONTEXT() REPRESENTATION_CONTEXT('2D SPACE',''
  ) );
#2758 = PCURVE('',#2759,#2764);
#2759 = PLANE('',#2760);
#2760 = AXIS2_PLACEMENT_3D('',#2761,#2762,#2763);
#2761 = CARTESIAN_POINT('',(0.361674386918,0.248852345009,0.99));
#2762 = DIRECTION('',(0.,-1.,0.));
#2763 = DIRECTION('',(0.,-0.,-1.));
#2764 = DEFINITIONAL_REPRESENTATION('',(#2765),#2769);
#2765 = LINE('',#2766,#2767);
#2766 = CARTESIAN_POINT('',(-1.E-02,0.));
#2767 = VECTOR('',#2768,1.);
#2768 = DIRECTION('',(0.,1.));
#2769 = ( GEOMETRIC_REPRESENTATION_CONTEXT(2) 
PARAMETRIC_REPRESENTATION_CONTEXT() REPRESENTATION_CONTEXT('2D SPACE',''
  ) );
#2770 = FACE_BOUND('',#2771,.T.);
#2771 = EDGE_LOOP('',(#2772,#2868,#2962,#3056,#3118,#3156,#3184,#3212,
    #3240));
#2772 = ORIENTED_EDGE('',*,*,#2773,.T.);
#2773 = EDGE_CURVE('',#2774,#2776,#2778,.T.);
#2774 = VERTEX_POINT('',#2775);
#2775 = CARTESIAN_POINT('',(-0.459667076497,-0.156025703772,1.));
#2776 = VERTEX_POINT('',#2777);
#2777 = CARTESIAN_POINT('',(-0.648081710643,4.412673525277E-02,1.));
#2778 = SURFACE_CURVE('',#2779,(#2799,#2822),.PCURVE_S1.);
#2779 = B_SPLINE_CURVE_WITH_KNOTS('',3,(#2780,#2781,#2782,#2783,#2784,
    #2785,#2786,#2787,#2788,#2789,#2790,#2791,#2792,#2793,#2794,#2795,
    #2796,#2797,#2798),.UNSPECIFIED.,.F.,.F.,(4,1,1,1,1,1,1,1,1,1,1,1,1,
    1,1,1,4),(0.,6.728591742769E-02,0.131649276152,0.19378127125,
    0.253984280536,0.313256820684,0.372096496999,0.431256889497,
    0.49168914865,0.552355789772,0.61280611057,0.673402732462,
    0.734686051741,0.797478300358,0.86234241732,0.929761153062,1.),
  .UNSPECIFIED.);
#2780 = CARTESIAN_POINT('',(-0.459667076497,-0.156025703772,1.));
#2781 = CARTESIAN_POINT('',(-0.466613582384,-0.155890660789,1.));
#2782 = CARTESIAN_POINT('',(-0.480204873202,-0.155626440406,1.));
#2783 = CARTESIAN_POINT('',(-0.500032576617,-0.152796023594,1.));
#2784 = CARTESIAN_POINT('',(-0.518878832624,-0.148679054826,1.));
#2785 = CARTESIAN_POINT('',(-0.536591387539,-0.142457450383,1.));
#2786 = CARTESIAN_POINT('',(-0.55333875892,-0.134750864588,1.));
#2787 = CARTESIAN_POINT('',(-0.56884991851,-0.124986766729,1.));
#2788 = CARTESIAN_POINT('',(-0.583484166965,-0.113767769002,1.));
#2789 = CARTESIAN_POINT('',(-0.596807438844,-0.100732035455,1.));
#2790 = CARTESIAN_POINT('',(-0.608824624971,-8.633227814498E-02,1.));
#2791 = CARTESIAN_POINT('',(-0.619423855682,-7.082690400604E-02,1.));
#2792 = CARTESIAN_POINT('',(-0.628265108733,-5.418455652558E-02,1.));
#2793 = CARTESIAN_POINT('',(-0.635552339675,-3.654986071566E-02,1.));
#2794 = CARTESIAN_POINT('',(-0.641184152093,-1.785709169209E-02,1.));
#2795 = CARTESIAN_POINT('',(-0.645220692306,1.884195607751E-03,1.));
#2796 = CARTESIAN_POINT('',(-0.647581691352,2.267702983963E-02,1.));
#2797 = CARTESIAN_POINT('',(-0.647912776629,3.687984516355E-02,1.));
#2798 = CARTESIAN_POINT('',(-0.648081710643,4.412673525277E-02,1.));
#2799 = PCURVE('',#91,#2800);
#2800 = DEFINITIONAL_REPRESENTATION('',(#2801),#2821);
#2801 = B_SPLINE_CURVE_WITH_KNOTS('',3,(#2802,#2803,#2804,#2805,#2806,
    #2807,#2808,#2809,#2810,#2811,#2812,#2813,#2814,#2815,#2816,#2817,
    #2818,#2819,#2820),.UNSPECIFIED.,.F.,.F.,(4,1,1,1,1,1,1,1,1,1,1,1,1,
    1,1,1,4),(0.,6.728591742769E-02,0.131649276152,0.19378127125,
    0.253984280536,0.313256820684,0.372096496999,0.431256889497,
    0.49168914865,0.552355789772,0.61280611057,0.673402732462,
    0.734686051741,0.797478300358,0.86234241732,0.929761153062,1.),
  .UNSPECIFIED.);
#2802 = CARTESIAN_POINT('',(0.459667076497,-0.156025703772));
#2803 = CARTESIAN_POINT('',(0.466613582384,-0.155890660789));
#2804 = CARTESIAN_POINT('',(0.480204873202,-0.155626440406));
#2805 = CARTESIAN_POINT('',(0.500032576617,-0.152796023594));
#2806 = CARTESIAN_POINT('',(0.518878832624,-0.148679054826));
#2807 = CARTESIAN_POINT('',(0.536591387539,-0.142457450383));
#2808 = CARTESIAN_POINT('',(0.55333875892,-0.134750864588));
#2809 = CARTESIAN_POINT('',(0.56884991851,-0.124986766729));
#2810 = CARTESIAN_POINT('',(0.583484166965,-0.113767769002));
#2811 = CARTESIAN_POINT('',(0.596807438844,-0.100732035455));
#2812 = CARTESIAN_POINT('',(0.608824624971,-8.633227814498E-02));
#2813 = CARTESIAN_POINT('',(0.619423855682,-7.082690400604E-02));
#2814 = CARTESIAN_POINT('',(0.628265108733,-5.418455652558E-02));
#2815 = CARTESIAN_POINT('',(0.635552339675,-3.654986071566E-02));
#2816 = CARTESIAN_POINT('',(0.641184152093,-1.785709169209E-02));
#2817 = CARTESIAN_POINT('',(0.645220692306,1.884195607751E-03));
#2818 = CARTESIAN_POINT('',(0.647581691352,2.267702983963E-02));
#2819 = CARTESIAN_POINT('',(0.647912776629,3.687984516355E-02));
#2820 = CARTESIAN_POINT('',(0.648081710643,4.412673525277E-02));
#2821 = ( GEOMETRIC_REPRESENTATION_CONTEXT(2) 
PARAMETRIC_REPRESENTATION_CONTEXT() REPRESENTATION_CONTEXT('2D SPACE',''
  ) );
#2822 = PCURVE('',#2823,#2862);
#2823 = B_SPLINE_SURFACE_WITH_KNOTS('',3,1,(
    (#2824,#2825)
    ,(#2826,#2827)
    ,(#2828,#2829)
    ,(#2830,#2831)
    ,(#2832,#2833)
    ,(#2834,#2835)
    ,(#2836,#2837)
    ,(#2838,#2839)
    ,(#2840,#2841)
    ,(#2842,#2843)
    ,(#2844,#2845)
    ,(#2846,#2847)
    ,(#2848,#2849)
    ,(#2850,#2851)
    ,(#2852,#2853)
    ,(#2854,#2855)
    ,(#2856,#2857)
    ,(#2858,#2859)
    ,(#2860,#2861
    )),.UNSPECIFIED.,.F.,.F.,.F.,(4,1,1,1,1,1,1,1,1,1,1,1,1,1,1,1,4),(2,
    2),(0.,6.728591742769E-02,0.131649276152,0.19378127125,
    0.253984280536,0.313256820684,0.372096496999,0.431256889497,
    0.49168914865,0.552355789772,0.61280611057,0.673402732462,
    0.734686051741,0.797478300358,0.86234241732,0.929761153062,1.),(0.,
    1.),.UNSPECIFIED.);
#2824 = CARTESIAN_POINT('',(-0.459667076497,-0.156025703772,0.99));
#2825 = CARTESIAN_POINT('',(-0.459667076497,-0.156025703772,1.));
#2826 = CARTESIAN_POINT('',(-0.466613582384,-0.155890660789,0.99));
#2827 = CARTESIAN_POINT('',(-0.466613582384,-0.155890660789,1.));
#2828 = CARTESIAN_POINT('',(-0.480204873202,-0.155626440406,0.99));
#2829 = CARTESIAN_POINT('',(-0.480204873202,-0.155626440406,1.));
#2830 = CARTESIAN_POINT('',(-0.500032576617,-0.152796023594,0.99));
#2831 = CARTESIAN_POINT('',(-0.500032576617,-0.152796023594,1.));
#2832 = CARTESIAN_POINT('',(-0.518878832624,-0.148679054826,0.99));
#2833 = CARTESIAN_POINT('',(-0.518878832624,-0.148679054826,1.));
#2834 = CARTESIAN_POINT('',(-0.536591387539,-0.142457450383,0.99));
#2835 = CARTESIAN_POINT('',(-0.536591387539,-0.142457450383,1.));
#2836 = CARTESIAN_POINT('',(-0.55333875892,-0.134750864588,0.99));
#2837 = CARTESIAN_POINT('',(-0.55333875892,-0.134750864588,1.));
#2838 = CARTESIAN_POINT('',(-0.56884991851,-0.124986766729,0.99));
#2839 = CARTESIAN_POINT('',(-0.56884991851,-0.124986766729,1.));
#2840 = CARTESIAN_POINT('',(-0.583484166965,-0.113767769002,0.99));
#2841 = CARTESIAN_POINT('',(-0.583484166965,-0.113767769002,1.));
#2842 = CARTESIAN_POINT('',(-0.596807438844,-0.100732035455,0.99));
#2843 = CARTESIAN_POINT('',(-0.596807438844,-0.100732035455,1.));
#2844 = CARTESIAN_POINT('',(-0.608824624971,-8.633227814498E-02,0.99));
#2845 = CARTESIAN_POINT('',(-0.608824624971,-8.633227814498E-02,1.));
#2846 = CARTESIAN_POINT('',(-0.619423855682,-7.082690400604E-02,0.99));
#2847 = CARTESIAN_POINT('',(-0.619423855682,-7.082690400604E-02,1.));
#2848 = CARTESIAN_POINT('',(-0.628265108733,-5.418455652558E-02,0.99));
#2849 = CARTESIAN_POINT('',(-0.628265108733,-5.418455652558E-02,1.));
#2850 = CARTESIAN_POINT('',(-0.635552339675,-3.654986071566E-02,0.99));
#2851 = CARTESIAN_POINT('',(-0.635552339675,-3.654986071566E-02,1.));
#2852 = CARTESIAN_POINT('',(-0.641184152093,-1.785709169209E-02,0.99));
#2853 = CARTESIAN_POINT('',(-0.641184152093,-1.785709169209E-02,1.));
#2854 = CARTESIAN_POINT('',(-0.645220692306,1.884195607751E-03,0.99));
#2855 = CARTESIAN_POINT('',(-0.645220692306,1.884195607751E-03,1.));
#2856 = CARTESIAN_POINT('',(-0.647581691352,2.267702983963E-02,0.99));
#2857 = CARTESIAN_POINT('',(-0.647581691352,2.267702983963E-02,1.));
#2858 = CARTESIAN_POINT('',(-0.647912776629,3.687984516355E-02,0.99));
#2859 = CARTESIAN_POINT('',(-0.647912776629,3.687984516355E-02,1.));
#2860 = CARTESIAN_POINT('',(-0.648081710643,4.412673525277E-02,0.99));
#2861 = CARTESIAN_POINT('',(-0.648081710643,4.412673525277E-02,1.));
#2862 = DEFINITIONAL_REPRESENTATION('',(#2863),#2867);
#2863 = LINE('',#2864,#2865);
#2864 = CARTESIAN_POINT('',(9.506878514402E-17,1.));
#2865 = VECTOR('',#2866,1.);
#2866 = DIRECTION('',(1.,1.110223024625E-16));
#2867 = ( GEOMETRIC_REPRESENTATION_CONTEXT(2) 
PARAMETRIC_REPRESENTATION_CONTEXT() REPRESENTATION_CONTEXT('2D SPACE',''
  ) );
#2868 = ORIENTED_EDGE('',*,*,#2869,.T.);
#2869 = EDGE_CURVE('',#2776,#2870,#2872,.T.);
#2870 = VERTEX_POINT('',#2871);
#2871 = CARTESIAN_POINT('',(-0.45318841796,0.253730393789,1.));
#2872 = SURFACE_CURVE('',#2873,(#2893,#2916),.PCURVE_S1.);
#2873 = B_SPLINE_CURVE_WITH_KNOTS('',3,(#2874,#2875,#2876,#2877,#2878,
    #2879,#2880,#2881,#2882,#2883,#2884,#2885,#2886,#2887,#2888,#2889,
    #2890,#2891,#2892),.UNSPECIFIED.,.F.,.F.,(4,1,1,1,1,1,1,1,1,1,1,1,1,
    1,1,1,4),(0.,7.240692992351E-02,0.141175369146,0.207231231919,
    0.270786021061,0.332237363556,0.392439256453,0.452123995517,
    0.511545665211,0.570718119563,0.62903565709,0.687126024715,
    0.745863118281,0.805789843895,0.867888694742,0.932294438393,1.),
  .UNSPECIFIED.);
#2874 = CARTESIAN_POINT('',(-0.648081710643,4.412673525277E-02,1.));
#2875 = CARTESIAN_POINT('',(-0.647922465561,5.193294384042E-02,1.));
#2876 = CARTESIAN_POINT('',(-0.647611977555,6.715309445523E-02,1.));
#2877 = CARTESIAN_POINT('',(-0.645143530257,8.938740451669E-02,1.));
#2878 = CARTESIAN_POINT('',(-0.641044524601,0.110396748078,1.));
#2879 = CARTESIAN_POINT('',(-0.635368973119,0.130225532029,1.));
#2880 = CARTESIAN_POINT('',(-0.627949811733,0.148800065424,1.));
#2881 = CARTESIAN_POINT('',(-0.618809871249,0.166114591797,1.));
#2882 = CARTESIAN_POINT('',(-0.60813954698,0.182273051422,1.));
#2883 = CARTESIAN_POINT('',(-0.595825178373,0.197070835162,1.));
#2884 = CARTESIAN_POINT('',(-0.582170278628,0.210442656302,1.));
#2885 = CARTESIAN_POINT('',(-0.567101990552,0.221956825081,1.));
#2886 = CARTESIAN_POINT('',(-0.551024567378,0.231922594876,1.));
#2887 = CARTESIAN_POINT('',(-0.533685086627,0.239928224573,1.));
#2888 = CARTESIAN_POINT('',(-0.515171694036,0.246121029281,1.));
#2889 = CARTESIAN_POINT('',(-0.495527626948,0.250485554174,1.));
#2890 = CARTESIAN_POINT('',(-0.474733917392,0.25322618016,1.));
#2891 = CARTESIAN_POINT('',(-0.460488853414,0.253559547016,1.));
#2892 = CARTESIAN_POINT('',(-0.45318841796,0.253730393789,1.));
#2893 = PCURVE('',#91,#2894);
#2894 = DEFINITIONAL_REPRESENTATION('',(#2895),#2915);
#2895 = B_SPLINE_CURVE_WITH_KNOTS('',3,(#2896,#2897,#2898,#2899,#2900,
    #2901,#2902,#2903,#2904,#2905,#2906,#2907,#2908,#2909,#2910,#2911,
    #2912,#2913,#2914),.UNSPECIFIED.,.F.,.F.,(4,1,1,1,1,1,1,1,1,1,1,1,1,
    1,1,1,4),(0.,7.240692992351E-02,0.141175369146,0.207231231919,
    0.270786021061,0.332237363556,0.392439256453,0.452123995517,
    0.511545665211,0.570718119563,0.62903565709,0.687126024715,
    0.745863118281,0.805789843895,0.867888694742,0.932294438393,1.),
  .UNSPECIFIED.);
#2896 = CARTESIAN_POINT('',(0.648081710643,4.412673525277E-02));
#2897 = CARTESIAN_POINT('',(0.647922465561,5.193294384042E-02));
#2898 = CARTESIAN_POINT('',(0.647611977555,6.715309445523E-02));
#2899 = CARTESIAN_POINT('',(0.645143530257,8.938740451669E-02));
#2900 = CARTESIAN_POINT('',(0.641044524601,0.110396748078));
#2901 = CARTESIAN_POINT('',(0.635368973119,0.130225532029));
#2902 = CARTESIAN_POINT('',(0.627949811733,0.148800065424));
#2903 = CARTESIAN_POINT('',(0.618809871249,0.166114591797));
#2904 = CARTESIAN_POINT('',(0.60813954698,0.182273051422));
#2905 = CARTESIAN_POINT('',(0.595825178373,0.197070835162));
#2906 = CARTESIAN_POINT('',(0.582170278628,0.210442656302));
#2907 = CARTESIAN_POINT('',(0.567101990552,0.221956825081));
#2908 = CARTESIAN_POINT('',(0.551024567378,0.231922594876));
#2909 = CARTESIAN_POINT('',(0.533685086627,0.239928224573));
#2910 = CARTESIAN_POINT('',(0.515171694036,0.246121029281));
#2911 = CARTESIAN_POINT('',(0.495527626948,0.250485554174));
#2912 = CARTESIAN_POINT('',(0.474733917392,0.25322618016));
#2913 = CARTESIAN_POINT('',(0.460488853414,0.253559547016));
#2914 = CARTESIAN_POINT('',(0.45318841796,0.253730393789));
#2915 = ( GEOMETRIC_REPRESENTATION_CONTEXT(2) 
PARAMETRIC_REPRESENTATION_CONTEXT() REPRESENTATION_CONTEXT('2D SPACE',''
  ) );
#2916 = PCURVE('',#2917,#2956);
#2917 = B_SPLINE_SURFACE_WITH_KNOTS('',3,1,(
    (#2918,#2919)
    ,(#2920,#2921)
    ,(#2922,#2923)
    ,(#2924,#2925)
    ,(#2926,#2927)
    ,(#2928,#2929)
    ,(#2930,#2931)
    ,(#2932,#2933)
    ,(#2934,#2935)
    ,(#2936,#2937)
    ,(#2938,#2939)
    ,(#2940,#2941)
    ,(#2942,#2943)
    ,(#2944,#2945)
    ,(#2946,#2947)
    ,(#2948,#2949)
    ,(#2950,#2951)
    ,(#2952,#2953)
    ,(#2954,#2955
    )),.UNSPECIFIED.,.F.,.F.,.F.,(4,1,1,1,1,1,1,1,1,1,1,1,1,1,1,1,4),(2,
    2),(0.,7.240692992351E-02,0.141175369146,0.207231231919,
    0.270786021061,0.332237363556,0.392439256453,0.452123995517,
    0.511545665211,0.570718119563,0.62903565709,0.687126024715,
    0.745863118281,0.805789843895,0.867888694742,0.932294438393,1.),(0.,
    1.),.UNSPECIFIED.);
#2918 = CARTESIAN_POINT('',(-0.648081710643,4.412673525277E-02,0.99));
#2919 = CARTESIAN_POINT('',(-0.648081710643,4.412673525277E-02,1.));
#2920 = CARTESIAN_POINT('',(-0.647922465561,5.193294384042E-02,0.99));
#2921 = CARTESIAN_POINT('',(-0.647922465561,5.193294384042E-02,1.));
#2922 = CARTESIAN_POINT('',(-0.647611977555,6.715309445523E-02,0.99));
#2923 = CARTESIAN_POINT('',(-0.647611977555,6.715309445523E-02,1.));
#2924 = CARTESIAN_POINT('',(-0.645143530257,8.938740451669E-02,0.99));
#2925 = CARTESIAN_POINT('',(-0.645143530257,8.938740451669E-02,1.));
#2926 = CARTESIAN_POINT('',(-0.641044524601,0.110396748078,0.99));
#2927 = CARTESIAN_POINT('',(-0.641044524601,0.110396748078,1.));
#2928 = CARTESIAN_POINT('',(-0.635368973119,0.130225532029,0.99));
#2929 = CARTESIAN_POINT('',(-0.635368973119,0.130225532029,1.));
#2930 = CARTESIAN_POINT('',(-0.627949811733,0.148800065424,0.99));
#2931 = CARTESIAN_POINT('',(-0.627949811733,0.148800065424,1.));
#2932 = CARTESIAN_POINT('',(-0.618809871249,0.166114591797,0.99));
#2933 = CARTESIAN_POINT('',(-0.618809871249,0.166114591797,1.));
#2934 = CARTESIAN_POINT('',(-0.60813954698,0.182273051422,0.99));
#2935 = CARTESIAN_POINT('',(-0.60813954698,0.182273051422,1.));
#2936 = CARTESIAN_POINT('',(-0.595825178373,0.197070835162,0.99));
#2937 = CARTESIAN_POINT('',(-0.595825178373,0.197070835162,1.));
#2938 = CARTESIAN_POINT('',(-0.582170278628,0.210442656302,0.99));
#2939 = CARTESIAN_POINT('',(-0.582170278628,0.210442656302,1.));
#2940 = CARTESIAN_POINT('',(-0.567101990552,0.221956825081,0.99));
#2941 = CARTESIAN_POINT('',(-0.567101990552,0.221956825081,1.));
#2942 = CARTESIAN_POINT('',(-0.551024567378,0.231922594876,0.99));
#2943 = CARTESIAN_POINT('',(-0.551024567378,0.231922594876,1.));
#2944 = CARTESIAN_POINT('',(-0.533685086627,0.239928224573,0.99));
#2945 = CARTESIAN_POINT('',(-0.533685086627,0.239928224573,1.));
#2946 = CARTESIAN_POINT('',(-0.515171694036,0.246121029281,0.99));
#2947 = CARTESIAN_POINT('',(-0.515171694036,0.246121029281,1.));
#2948 = CARTESIAN_POINT('',(-0.495527626948,0.250485554174,0.99));
#2949 = CARTESIAN_POINT('',(-0.495527626948,0.250485554174,1.));
#2950 = CARTESIAN_POINT('',(-0.474733917392,0.25322618016,0.99));
#2951 = CARTESIAN_POINT('',(-0.474733917392,0.25322618016,1.));
#2952 = CARTESIAN_POINT('',(-0.460488853414,0.253559547016,0.99));
#2953 = CARTESIAN_POINT('',(-0.460488853414,0.253559547016,1.));
#2954 = CARTESIAN_POINT('',(-0.45318841796,0.253730393789,0.99));
#2955 = CARTESIAN_POINT('',(-0.45318841796,0.253730393789,1.));
#2956 = DEFINITIONAL_REPRESENTATION('',(#2957),#2961);
#2957 = LINE('',#2958,#2959);
#2958 = CARTESIAN_POINT('',(3.167968466602E-17,1.));
#2959 = VECTOR('',#2960,1.);
#2960 = DIRECTION('',(1.,-1.099120794379E-14));
#2961 = ( GEOMETRIC_REPRESENTATION_CONTEXT(2) 
PARAMETRIC_REPRESENTATION_CONTEXT() REPRESENTATION_CONTEXT('2D SPACE',''
  ) );
#2962 = ORIENTED_EDGE('',*,*,#2963,.T.);
#2963 = EDGE_CURVE('',#2870,#2964,#2966,.T.);
#2964 = VERTEX_POINT('',#2965);
#2965 = CARTESIAN_POINT('',(-0.267593905765,5.357795476496E-02,1.));
#2966 = SURFACE_CURVE('',#2967,(#2987,#3010),.PCURVE_S1.);
#2967 = B_SPLINE_CURVE_WITH_KNOTS('',3,(#2968,#2969,#2970,#2971,#2972,
    #2973,#2974,#2975,#2976,#2977,#2978,#2979,#2980,#2981,#2982,#2983,
    #2984,#2985,#2986),.UNSPECIFIED.,.F.,.F.,(4,1,1,1,1,1,1,1,1,1,1,1,1,
    1,1,1,4),(0.,6.656691929223E-02,0.130199026132,0.191659319963,
    0.251309166905,0.310250092502,0.368992664566,0.428177605512,
    0.488722658823,0.549700035676,0.610340637281,0.67107055211,
    0.732733941643,0.79594067723,0.861257413217,0.929226579475,1.),
  .UNSPECIFIED.);
#2968 = CARTESIAN_POINT('',(-0.45318841796,0.253730393789,1.));
#2969 = CARTESIAN_POINT('',(-0.446369732133,0.2535919621,1.));
#2970 = CARTESIAN_POINT('',(-0.433032983734,0.25332120192,1.));
#2971 = CARTESIAN_POINT('',(-0.41356523671,0.25053985013,1.));
#2972 = CARTESIAN_POINT('',(-0.39512654179,0.246237744581,1.));
#2973 = CARTESIAN_POINT('',(-0.377658786801,0.240221827697,1.));
#2974 = CARTESIAN_POINT('',(-0.361288605392,0.232288935751,1.));
#2975 = CARTESIAN_POINT('',(-0.345859042986,0.222745790059,1.));
#2976 = CARTESIAN_POINT('',(-0.331523852786,0.211351776099,1.));
#2977 = CARTESIAN_POINT('',(-0.318330080234,0.198340696844,1.));
#2978 = CARTESIAN_POINT('',(-0.306377397919,0.183984081705,1.));
#2979 = CARTESIAN_POINT('',(-0.295981176796,0.168439964449,1.));
#2980 = CARTESIAN_POINT('',(-0.287153831231,0.151875275605,1.));
#2981 = CARTESIAN_POINT('',(-0.279978742149,0.134247772088,1.));
#2982 = CARTESIAN_POINT('',(-0.274401111005,0.115560467208,1.));
#2983 = CARTESIAN_POINT('',(-0.27050678269,9.580518390504E-02,1.));
#2984 = CARTESIAN_POINT('',(-0.267965584751,7.50364694789E-02,1.));
#2985 = CARTESIAN_POINT('',(-0.267719456999,6.08265297316E-02,1.));
#2986 = CARTESIAN_POINT('',(-0.267593905765,5.357795476496E-02,1.));
#2987 = PCURVE('',#91,#2988);
#2988 = DEFINITIONAL_REPRESENTATION('',(#2989),#3009);
#2989 = B_SPLINE_CURVE_WITH_KNOTS('',3,(#2990,#2991,#2992,#2993,#2994,
    #2995,#2996,#2997,#2998,#2999,#3000,#3001,#3002,#3003,#3004,#3005,
    #3006,#3007,#3008),.UNSPECIFIED.,.F.,.F.,(4,1,1,1,1,1,1,1,1,1,1,1,1,
    1,1,1,4),(0.,6.656691929223E-02,0.130199026132,0.191659319963,
    0.251309166905,0.310250092502,0.368992664566,0.428177605512,
    0.488722658823,0.549700035676,0.610340637281,0.67107055211,
    0.732733941643,0.79594067723,0.861257413217,0.929226579475,1.),
  .UNSPECIFIED.);
#2990 = CARTESIAN_POINT('',(0.45318841796,0.253730393789));
#2991 = CARTESIAN_POINT('',(0.446369732133,0.2535919621));
#2992 = CARTESIAN_POINT('',(0.433032983734,0.25332120192));
#2993 = CARTESIAN_POINT('',(0.41356523671,0.25053985013));
#2994 = CARTESIAN_POINT('',(0.39512654179,0.246237744581));
#2995 = CARTESIAN_POINT('',(0.377658786801,0.240221827697));
#2996 = CARTESIAN_POINT('',(0.361288605392,0.232288935751));
#2997 = CARTESIAN_POINT('',(0.345859042986,0.222745790059));
#2998 = CARTESIAN_POINT('',(0.331523852786,0.211351776099));
#2999 = CARTESIAN_POINT('',(0.318330080234,0.198340696844));
#3000 = CARTESIAN_POINT('',(0.306377397919,0.183984081705));
#3001 = CARTESIAN_POINT('',(0.295981176796,0.168439964449));
#3002 = CARTESIAN_POINT('',(0.287153831231,0.151875275605));
#3003 = CARTESIAN_POINT('',(0.279978742149,0.134247772088));
#3004 = CARTESIAN_POINT('',(0.274401111005,0.115560467208));
#3005 = CARTESIAN_POINT('',(0.27050678269,9.580518390504E-02));
#3006 = CARTESIAN_POINT('',(0.267965584751,7.50364694789E-02));
#3007 = CARTESIAN_POINT('',(0.267719456999,6.08265297316E-02));
#3008 = CARTESIAN_POINT('',(0.267593905765,5.357795476496E-02));
#3009 = ( GEOMETRIC_REPRESENTATION_CONTEXT(2) 
PARAMETRIC_REPRESENTATION_CONTEXT() REPRESENTATION_CONTEXT('2D SPACE',''
  ) );
#3010 = PCURVE('',#3011,#3050);
#3011 = B_SPLINE_SURFACE_WITH_KNOTS('',3,1,(
    (#3012,#3013)
    ,(#3014,#3015)
    ,(#3016,#3017)
    ,(#3018,#3019)
    ,(#3020,#3021)
    ,(#3022,#3023)
    ,(#3024,#3025)
    ,(#3026,#3027)
    ,(#3028,#3029)
    ,(#3030,#3031)
    ,(#3032,#3033)
    ,(#3034,#3035)
    ,(#3036,#3037)
    ,(#3038,#3039)
    ,(#3040,#3041)
    ,(#3042,#3043)
    ,(#3044,#3045)
    ,(#3046,#3047)
    ,(#3048,#3049
    )),.UNSPECIFIED.,.F.,.F.,.F.,(4,1,1,1,1,1,1,1,1,1,1,1,1,1,1,1,4),(2,
    2),(0.,6.656691929223E-02,0.130199026132,0.191659319963,
    0.251309166905,0.310250092502,0.368992664566,0.428177605512,
    0.488722658823,0.549700035676,0.610340637281,0.67107055211,
    0.732733941643,0.79594067723,0.861257413217,0.929226579475,1.),(0.,
    1.),.UNSPECIFIED.);
#3012 = CARTESIAN_POINT('',(-0.45318841796,0.253730393789,0.99));
#3013 = CARTESIAN_POINT('',(-0.45318841796,0.253730393789,1.));
#3014 = CARTESIAN_POINT('',(-0.446369732133,0.2535919621,0.99));
#3015 = CARTESIAN_POINT('',(-0.446369732133,0.2535919621,1.));
#3016 = CARTESIAN_POINT('',(-0.433032983734,0.25332120192,0.99));
#3017 = CARTESIAN_POINT('',(-0.433032983734,0.25332120192,1.));
#3018 = CARTESIAN_POINT('',(-0.41356523671,0.25053985013,0.99));
#3019 = CARTESIAN_POINT('',(-0.41356523671,0.25053985013,1.));
#3020 = CARTESIAN_POINT('',(-0.39512654179,0.246237744581,0.99));
#3021 = CARTESIAN_POINT('',(-0.39512654179,0.246237744581,1.));
#3022 = CARTESIAN_POINT('',(-0.377658786801,0.240221827697,0.99));
#3023 = CARTESIAN_POINT('',(-0.377658786801,0.240221827697,1.));
#3024 = CARTESIAN_POINT('',(-0.361288605392,0.232288935751,0.99));
#3025 = CARTESIAN_POINT('',(-0.361288605392,0.232288935751,1.));
#3026 = CARTESIAN_POINT('',(-0.345859042986,0.222745790059,0.99));
#3027 = CARTESIAN_POINT('',(-0.345859042986,0.222745790059,1.));
#3028 = CARTESIAN_POINT('',(-0.331523852786,0.211351776099,0.99));
#3029 = CARTESIAN_POINT('',(-0.331523852786,0.211351776099,1.));
#3030 = CARTESIAN_POINT('',(-0.318330080234,0.198340696844,0.99));
#3031 = CARTESIAN_POINT('',(-0.318330080234,0.198340696844,1.));
#3032 = CARTESIAN_POINT('',(-0.306377397919,0.183984081705,0.99));
#3033 = CARTESIAN_POINT('',(-0.306377397919,0.183984081705,1.));
#3034 = CARTESIAN_POINT('',(-0.295981176796,0.168439964449,0.99));
#3035 = CARTESIAN_POINT('',(-0.295981176796,0.168439964449,1.));
#3036 = CARTESIAN_POINT('',(-0.287153831231,0.151875275605,0.99));
#3037 = CARTESIAN_POINT('',(-0.287153831231,0.151875275605,1.));
#3038 = CARTESIAN_POINT('',(-0.279978742149,0.134247772088,0.99));
#3039 = CARTESIAN_POINT('',(-0.279978742149,0.134247772088,1.));
#3040 = CARTESIAN_POINT('',(-0.274401111005,0.115560467208,0.99));
#3041 = CARTESIAN_POINT('',(-0.274401111005,0.115560467208,1.));
#3042 = CARTESIAN_POINT('',(-0.27050678269,9.580518390504E-02,0.99));
#3043 = CARTESIAN_POINT('',(-0.27050678269,9.580518390504E-02,1.));
#3044 = CARTESIAN_POINT('',(-0.267965584751,7.50364694789E-02,0.99));
#3045 = CARTESIAN_POINT('',(-0.267965584751,7.50364694789E-02,1.));
#3046 = CARTESIAN_POINT('',(-0.267719456999,6.08265297316E-02,0.99));
#3047 = CARTESIAN_POINT('',(-0.267719456999,6.08265297316E-02,1.));
#3048 = CARTESIAN_POINT('',(-0.267593905765,5.357795476496E-02,0.99));
#3049 = CARTESIAN_POINT('',(-0.267593905765,5.357795476496E-02,1.));
#3050 = DEFINITIONAL_REPRESENTATION('',(#3051),#3055);
#3051 = LINE('',#3052,#3053);
#3052 = CARTESIAN_POINT('',(9.63764623599E-17,1.));
#3053 = VECTOR('',#3054,1.);
#3054 = DIRECTION('',(1.,-2.209343819004E-14));
#3055 = ( GEOMETRIC_REPRESENTATION_CONTEXT(2) 
PARAMETRIC_REPRESENTATION_CONTEXT() REPRESENTATION_CONTEXT('2D SPACE',''
  ) );
#3056 = ORIENTED_EDGE('',*,*,#3057,.T.);
#3057 = EDGE_CURVE('',#2964,#3058,#3060,.T.);
#3058 = VERTEX_POINT('',#3059);
#3059 = CARTESIAN_POINT('',(-0.319880491131,-9.947082572284E-02,1.));
#3060 = SURFACE_CURVE('',#3061,(#3073,#3088),.PCURVE_S1.);
#3061 = B_SPLINE_CURVE_WITH_KNOTS('',3,(#3062,#3063,#3064,#3065,#3066,
    #3067,#3068,#3069,#3070,#3071,#3072),.UNSPECIFIED.,.F.,.F.,(4,1,1,1,
    1,1,1,1,4),(0.,0.141819197894,0.27698994453,0.406314151057,
    0.530391537591,0.650789632428,0.768107507864,0.883991661703,1.),
  .UNSPECIFIED.);
#3062 = CARTESIAN_POINT('',(-0.267593905765,5.357795476496E-02,1.));
#3063 = CARTESIAN_POINT('',(-0.26775165892,4.574593436051E-02,1.));
#3064 = CARTESIAN_POINT('',(-0.268059769798,3.044905686017E-02,1.));
#3065 = CARTESIAN_POINT('',(-0.270555040719,8.124640326315E-03,1.));
#3066 = CARTESIAN_POINT('',(-0.274518604674,-1.298401112689E-02,1.));
#3067 = CARTESIAN_POINT('',(-0.280250604515,-3.284444095218E-02,1.));
#3068 = CARTESIAN_POINT('',(-0.287639383239,-5.144225000003E-02,1.));
#3069 = CARTESIAN_POINT('',(-0.296707408504,-6.876036676741E-02,1.));
#3070 = CARTESIAN_POINT('',(-0.3072631404,-8.496150659659E-02,1.));
#3071 = CARTESIAN_POINT('',(-0.315673206284,-9.463265962948E-02,1.));
#3072 = CARTESIAN_POINT('',(-0.319880491131,-9.947082572284E-02,1.));
#3073 = PCURVE('',#91,#3074);
#3074 = DEFINITIONAL_REPRESENTATION('',(#3075),#3087);
#3075 = B_SPLINE_CURVE_WITH_KNOTS('',3,(#3076,#3077,#3078,#3079,#3080,
    #3081,#3082,#3083,#3084,#3085,#3086),.UNSPECIFIED.,.F.,.F.,(4,1,1,1,
    1,1,1,1,4),(0.,0.141819197894,0.27698994453,0.406314151057,
    0.530391537591,0.650789632428,0.768107507864,0.883991661703,1.),
  .UNSPECIFIED.);
#3076 = CARTESIAN_POINT('',(0.267593905765,5.357795476496E-02));
#3077 = CARTESIAN_POINT('',(0.26775165892,4.574593436051E-02));
#3078 = CARTESIAN_POINT('',(0.268059769798,3.044905686017E-02));
#3079 = CARTESIAN_POINT('',(0.270555040719,8.124640326315E-03));
#3080 = CARTESIAN_POINT('',(0.274518604674,-1.298401112689E-02));
#3081 = CARTESIAN_POINT('',(0.280250604515,-3.284444095218E-02));
#3082 = CARTESIAN_POINT('',(0.287639383239,-5.144225000003E-02));
#3083 = CARTESIAN_POINT('',(0.296707408504,-6.876036676741E-02));
#3084 = CARTESIAN_POINT('',(0.3072631404,-8.496150659659E-02));
#3085 = CARTESIAN_POINT('',(0.315673206284,-9.463265962948E-02));
#3086 = CARTESIAN_POINT('',(0.319880491131,-9.947082572284E-02));
#3087 = ( GEOMETRIC_REPRESENTATION_CONTEXT(2) 
PARAMETRIC_REPRESENTATION_CONTEXT() REPRESENTATION_CONTEXT('2D SPACE',''
  ) );
#3088 = PCURVE('',#3089,#3112);
#3089 = B_SPLINE_SURFACE_WITH_KNOTS('',3,1,(
    (#3090,#3091)
    ,(#3092,#3093)
    ,(#3094,#3095)
    ,(#3096,#3097)
    ,(#3098,#3099)
    ,(#3100,#3101)
    ,(#3102,#3103)
    ,(#3104,#3105)
    ,(#3106,#3107)
    ,(#3108,#3109)
    ,(#3110,#3111
  )),.UNSPECIFIED.,.F.,.F.,.F.,(4,1,1,1,1,1,1,1,4),(2,2),(0.,
    0.141819197894,0.27698994453,0.406314151057,0.530391537591,
    0.650789632428,0.768107507864,0.883991661703,1.),(0.,1.),
  .UNSPECIFIED.);
#3090 = CARTESIAN_POINT('',(-0.267593905765,5.357795476496E-02,0.99));
#3091 = CARTESIAN_POINT('',(-0.267593905765,5.357795476496E-02,1.));
#3092 = CARTESIAN_POINT('',(-0.26775165892,4.574593436051E-02,0.99));
#3093 = CARTESIAN_POINT('',(-0.26775165892,4.574593436051E-02,1.));
#3094 = CARTESIAN_POINT('',(-0.268059769798,3.044905686017E-02,0.99));
#3095 = CARTESIAN_POINT('',(-0.268059769798,3.044905686017E-02,1.));
#3096 = CARTESIAN_POINT('',(-0.270555040719,8.124640326315E-03,0.99));
#3097 = CARTESIAN_POINT('',(-0.270555040719,8.124640326315E-03,1.));
#3098 = CARTESIAN_POINT('',(-0.274518604674,-1.298401112689E-02,0.99));
#3099 = CARTESIAN_POINT('',(-0.274518604674,-1.298401112689E-02,1.));
#3100 = CARTESIAN_POINT('',(-0.280250604515,-3.284444095218E-02,0.99));
#3101 = CARTESIAN_POINT('',(-0.280250604515,-3.284444095218E-02,1.));
#3102 = CARTESIAN_POINT('',(-0.287639383239,-5.144225000003E-02,0.99));
#3103 = CARTESIAN_POINT('',(-0.287639383239,-5.144225000003E-02,1.));
#3104 = CARTESIAN_POINT('',(-0.296707408504,-6.876036676741E-02,0.99));
#3105 = CARTESIAN_POINT('',(-0.296707408504,-6.876036676741E-02,1.));
#3106 = CARTESIAN_POINT('',(-0.3072631404,-8.496150659659E-02,0.99));
#3107 = CARTESIAN_POINT('',(-0.3072631404,-8.496150659659E-02,1.));
#3108 = CARTESIAN_POINT('',(-0.315673206284,-9.463265962948E-02,0.99));
#3109 = CARTESIAN_POINT('',(-0.315673206284,-9.463265962948E-02,1.));
#3110 = CARTESIAN_POINT('',(-0.319880491131,-9.947082572284E-02,0.99));
#3111 = CARTESIAN_POINT('',(-0.319880491131,-9.947082572284E-02,1.));
#3112 = DEFINITIONAL_REPRESENTATION('',(#3113),#3117);
#3113 = LINE('',#3114,#3115);
#3114 = CARTESIAN_POINT('',(-4.500485085664E-19,1.));
#3115 = VECTOR('',#3116,1.);
#3116 = DIRECTION('',(1.,2.22044604925E-16));
#3117 = ( GEOMETRIC_REPRESENTATION_CONTEXT(2) 
PARAMETRIC_REPRESENTATION_CONTEXT() REPRESENTATION_CONTEXT('2D SPACE',''
  ) );
#3118 = ORIENTED_EDGE('',*,*,#3119,.T.);
#3119 = EDGE_CURVE('',#3058,#3120,#3122,.T.);
#3120 = VERTEX_POINT('',#3121);
#3121 = CARTESIAN_POINT('',(-0.346557320399,-0.123022654991,1.));
#3122 = SURFACE_CURVE('',#3123,(#3129,#3138),.PCURVE_S1.);
#3123 = B_SPLINE_CURVE_WITH_KNOTS('',3,(#3124,#3125,#3126,#3127,#3128),
  .UNSPECIFIED.,.F.,.F.,(4,1,4),(0.,0.505236979018,1.),.UNSPECIFIED.);
#3124 = CARTESIAN_POINT('',(-0.319880491131,-9.947082572284E-02,1.));
#3125 = CARTESIAN_POINT('',(-0.324072580012,-0.103778114817,1.));
#3126 = CARTESIAN_POINT('',(-0.33236985249,-0.112303399531,1.));
#3127 = CARTESIAN_POINT('',(-0.341861302111,-0.119474606812,1.));
#3128 = CARTESIAN_POINT('',(-0.346557320399,-0.123022654991,1.));
#3129 = PCURVE('',#91,#3130);
#3130 = DEFINITIONAL_REPRESENTATION('',(#3131),#3137);
#3131 = B_SPLINE_CURVE_WITH_KNOTS('',3,(#3132,#3133,#3134,#3135,#3136),
  .UNSPECIFIED.,.F.,.F.,(4,1,4),(0.,0.505236979018,1.),.UNSPECIFIED.);
#3132 = CARTESIAN_POINT('',(0.319880491131,-9.947082572284E-02));
#3133 = CARTESIAN_POINT('',(0.324072580012,-0.103778114817));
#3134 = CARTESIAN_POINT('',(0.33236985249,-0.112303399531));
#3135 = CARTESIAN_POINT('',(0.341861302111,-0.119474606812));
#3136 = CARTESIAN_POINT('',(0.346557320399,-0.123022654991));
#3137 = ( GEOMETRIC_REPRESENTATION_CONTEXT(2) 
PARAMETRIC_REPRESENTATION_CONTEXT() REPRESENTATION_CONTEXT('2D SPACE',''
  ) );
#3138 = PCURVE('',#3139,#3150);
#3139 = B_SPLINE_SURFACE_WITH_KNOTS('',3,1,(
    (#3140,#3141)
    ,(#3142,#3143)
    ,(#3144,#3145)
    ,(#3146,#3147)
    ,(#3148,#3149
    )),.UNSPECIFIED.,.F.,.F.,.F.,(4,1,4),(2,2),(0.,0.505236979018,1.),(
    0.,1.),.UNSPECIFIED.);
#3140 = CARTESIAN_POINT('',(-0.319880491131,-9.947082572284E-02,0.99));
#3141 = CARTESIAN_POINT('',(-0.319880491131,-9.947082572284E-02,1.));
#3142 = CARTESIAN_POINT('',(-0.324072580012,-0.103778114817,0.99));
#3143 = CARTESIAN_POINT('',(-0.324072580012,-0.103778114817,1.));
#3144 = CARTESIAN_POINT('',(-0.33236985249,-0.112303399531,0.99));
#3145 = CARTESIAN_POINT('',(-0.33236985249,-0.112303399531,1.));
#3146 = CARTESIAN_POINT('',(-0.341861302111,-0.119474606812,0.99));
#3147 = CARTESIAN_POINT('',(-0.341861302111,-0.119474606812,1.));
#3148 = CARTESIAN_POINT('',(-0.346557320399,-0.123022654991,0.99));
#3149 = CARTESIAN_POINT('',(-0.346557320399,-0.123022654991,1.));
#3150 = DEFINITIONAL_REPRESENTATION('',(#3151),#3155);
#3151 = LINE('',#3152,#3153);
#3152 = CARTESIAN_POINT('',(9.540504779422E-16,1.));
#3153 = VECTOR('',#3154,1.);
#3154 = DIRECTION('',(1.,-1.099120794379E-14));
#3155 = ( GEOMETRIC_REPRESENTATION_CONTEXT(2) 
PARAMETRIC_REPRESENTATION_CONTEXT() REPRESENTATION_CONTEXT('2D SPACE',''
  ) );
#3156 = ORIENTED_EDGE('',*,*,#3157,.T.);
#3157 = EDGE_CURVE('',#3120,#3158,#3160,.T.);
#3158 = VERTEX_POINT('',#3159);
#3159 = CARTESIAN_POINT('',(-0.233447564302,-0.204806191577,1.));
#3160 = SURFACE_CURVE('',#3161,(#3165,#3172),.PCURVE_S1.);
#3161 = LINE('',#3162,#3163);
#3162 = CARTESIAN_POINT('',(-0.346557320399,-0.123022654991,1.));
#3163 = VECTOR('',#3164,1.);
#3164 = DIRECTION('',(0.810362324852,-0.585929093373,0.));
#3165 = PCURVE('',#91,#3166);
#3166 = DEFINITIONAL_REPRESENTATION('',(#3167),#3171);
#3167 = LINE('',#3168,#3169);
#3168 = CARTESIAN_POINT('',(0.346557320399,-0.123022654991));
#3169 = VECTOR('',#3170,1.);
#3170 = DIRECTION('',(-0.810362324852,-0.585929093373));
#3171 = ( GEOMETRIC_REPRESENTATION_CONTEXT(2) 
PARAMETRIC_REPRESENTATION_CONTEXT() REPRESENTATION_CONTEXT('2D SPACE',''
  ) );
#3172 = PCURVE('',#3173,#3178);
#3173 = PLANE('',#3174);
#3174 = AXIS2_PLACEMENT_3D('',#3175,#3176,#3177);
#3175 = CARTESIAN_POINT('',(-0.346557320399,-0.123022654991,0.99));
#3176 = DIRECTION('',(-0.585929093373,-0.810362324852,0.));
#3177 = DIRECTION('',(0.810362324852,-0.585929093373,0.));
#3178 = DEFINITIONAL_REPRESENTATION('',(#3179),#3183);
#3179 = LINE('',#3180,#3181);
#3180 = CARTESIAN_POINT('',(0.,1.E-02));
#3181 = VECTOR('',#3182,1.);
#3182 = DIRECTION('',(1.,0.));
#3183 = ( GEOMETRIC_REPRESENTATION_CONTEXT(2) 
PARAMETRIC_REPRESENTATION_CONTEXT() REPRESENTATION_CONTEXT('2D SPACE',''
  ) );
#3184 = ORIENTED_EDGE('',*,*,#3185,.T.);
#3185 = EDGE_CURVE('',#3158,#3186,#3188,.T.);
#3186 = VERTEX_POINT('',#3187);
#3187 = CARTESIAN_POINT('',(-0.318889637472,-0.204806191577,1.));
#3188 = SURFACE_CURVE('',#3189,(#3193,#3200),.PCURVE_S1.);
#3189 = LINE('',#3190,#3191);
#3190 = CARTESIAN_POINT('',(-0.233447564302,-0.204806191577,1.));
#3191 = VECTOR('',#3192,1.);
#3192 = DIRECTION('',(-1.,0.,0.));
#3193 = PCURVE('',#91,#3194);
#3194 = DEFINITIONAL_REPRESENTATION('',(#3195),#3199);
#3195 = LINE('',#3196,#3197);
#3196 = CARTESIAN_POINT('',(0.233447564302,-0.204806191577));
#3197 = VECTOR('',#3198,1.);
#3198 = DIRECTION('',(1.,0.));
#3199 = ( GEOMETRIC_REPRESENTATION_CONTEXT(2) 
PARAMETRIC_REPRESENTATION_CONTEXT() REPRESENTATION_CONTEXT('2D SPACE',''
  ) );
#3200 = PCURVE('',#3201,#3206);
#3201 = PLANE('',#3202);
#3202 = AXIS2_PLACEMENT_3D('',#3203,#3204,#3205);
#3203 = CARTESIAN_POINT('',(-0.233447564302,-0.204806191577,0.99));
#3204 = DIRECTION('',(0.,1.,0.));
#3205 = DIRECTION('',(0.,-0.,1.));
#3206 = DEFINITIONAL_REPRESENTATION('',(#3207),#3211);
#3207 = LINE('',#3208,#3209);
#3208 = CARTESIAN_POINT('',(1.E-02,0.));
#3209 = VECTOR('',#3210,1.);
#3210 = DIRECTION('',(0.,-1.));
#3211 = ( GEOMETRIC_REPRESENTATION_CONTEXT(2) 
PARAMETRIC_REPRESENTATION_CONTEXT() REPRESENTATION_CONTEXT('2D SPACE',''
  ) );
#3212 = ORIENTED_EDGE('',*,*,#3213,.T.);
#3213 = EDGE_CURVE('',#3186,#3214,#3216,.T.);
#3214 = VERTEX_POINT('',#3215);
#3215 = CARTESIAN_POINT('',(-0.39518536918,-0.147031801333,1.));
#3216 = SURFACE_CURVE('',#3217,(#3221,#3228),.PCURVE_S1.);
#3217 = LINE('',#3218,#3219);
#3218 = CARTESIAN_POINT('',(-0.318889637472,-0.204806191577,1.));
#3219 = VECTOR('',#3220,1.);
#3220 = DIRECTION('',(-0.797219911206,0.60368900369,0.));
#3221 = PCURVE('',#91,#3222);
#3222 = DEFINITIONAL_REPRESENTATION('',(#3223),#3227);
#3223 = LINE('',#3224,#3225);
#3224 = CARTESIAN_POINT('',(0.318889637472,-0.204806191577));
#3225 = VECTOR('',#3226,1.);
#3226 = DIRECTION('',(0.797219911206,0.60368900369));
#3227 = ( GEOMETRIC_REPRESENTATION_CONTEXT(2) 
PARAMETRIC_REPRESENTATION_CONTEXT() REPRESENTATION_CONTEXT('2D SPACE',''
  ) );
#3228 = PCURVE('',#3229,#3234);
#3229 = PLANE('',#3230);
#3230 = AXIS2_PLACEMENT_3D('',#3231,#3232,#3233);
#3231 = CARTESIAN_POINT('',(-0.318889637472,-0.204806191577,0.99));
#3232 = DIRECTION('',(0.60368900369,0.797219911206,0.));
#3233 = DIRECTION('',(-0.797219911206,0.60368900369,0.));
#3234 = DEFINITIONAL_REPRESENTATION('',(#3235),#3239);
#3235 = LINE('',#3236,#3237);
#3236 = CARTESIAN_POINT('',(0.,1.E-02));
#3237 = VECTOR('',#3238,1.);
#3238 = DIRECTION('',(1.,0.));
#3239 = ( GEOMETRIC_REPRESENTATION_CONTEXT(2) 
PARAMETRIC_REPRESENTATION_CONTEXT() REPRESENTATION_CONTEXT('2D SPACE',''
  ) );
#3240 = ORIENTED_EDGE('',*,*,#3241,.T.);
#3241 = EDGE_CURVE('',#3214,#2774,#3242,.T.);
#3242 = SURFACE_CURVE('',#3243,(#3251,#3262),.PCURVE_S1.);
#3243 = B_SPLINE_CURVE_WITH_KNOTS('',3,(#3244,#3245,#3246,#3247,#3248,
    #3249,#3250),.UNSPECIFIED.,.F.,.F.,(4,1,1,1,4),(0.,0.238831099892,
    0.483953596691,0.737375641472,1.),.UNSPECIFIED.);
#3244 = CARTESIAN_POINT('',(-0.39518536918,-0.147031801333,1.));
#3245 = CARTESIAN_POINT('',(-0.400193947871,-0.148449608545,1.));
#3246 = CARTESIAN_POINT('',(-0.410343043501,-0.151322571489,1.));
#3247 = CARTESIAN_POINT('',(-0.426217911187,-0.153885617612,1.));
#3248 = CARTESIAN_POINT('',(-0.442700010729,-0.155788324588,1.));
#3249 = CARTESIAN_POINT('',(-0.453944549106,-0.155945642263,1.));
#3250 = CARTESIAN_POINT('',(-0.459667076497,-0.156025703772,1.));
#3251 = PCURVE('',#91,#3252);
#3252 = DEFINITIONAL_REPRESENTATION('',(#3253),#3261);
#3253 = B_SPLINE_CURVE_WITH_KNOTS('',3,(#3254,#3255,#3256,#3257,#3258,
    #3259,#3260),.UNSPECIFIED.,.F.,.F.,(4,1,1,1,4),(0.,0.238831099892,
    0.483953596691,0.737375641472,1.),.UNSPECIFIED.);
#3254 = CARTESIAN_POINT('',(0.39518536918,-0.147031801333));
#3255 = CARTESIAN_POINT('',(0.400193947871,-0.148449608545));
#3256 = CARTESIAN_POINT('',(0.410343043501,-0.151322571489));
#3257 = CARTESIAN_POINT('',(0.426217911187,-0.153885617612));
#3258 = CARTESIAN_POINT('',(0.442700010729,-0.155788324588));
#3259 = CARTESIAN_POINT('',(0.453944549106,-0.155945642263));
#3260 = CARTESIAN_POINT('',(0.459667076497,-0.156025703772));
#3261 = ( GEOMETRIC_REPRESENTATION_CONTEXT(2) 
PARAMETRIC_REPRESENTATION_CONTEXT() REPRESENTATION_CONTEXT('2D SPACE',''
  ) );
#3262 = PCURVE('',#3263,#3278);
#3263 = B_SPLINE_SURFACE_WITH_KNOTS('',3,1,(
    (#3264,#3265)
    ,(#3266,#3267)
    ,(#3268,#3269)
    ,(#3270,#3271)
    ,(#3272,#3273)
    ,(#3274,#3275)
    ,(#3276,#3277
    )),.UNSPECIFIED.,.F.,.F.,.F.,(4,1,1,1,4),(2,2),(0.,0.238831099892,
    0.483953596691,0.737375641472,1.),(0.,1.),.UNSPECIFIED.);
#3264 = CARTESIAN_POINT('',(-0.39518536918,-0.147031801333,0.99));
#3265 = CARTESIAN_POINT('',(-0.39518536918,-0.147031801333,1.));
#3266 = CARTESIAN_POINT('',(-0.400193947871,-0.148449608545,0.99));
#3267 = CARTESIAN_POINT('',(-0.400193947871,-0.148449608545,1.));
#3268 = CARTESIAN_POINT('',(-0.410343043501,-0.151322571489,0.99));
#3269 = CARTESIAN_POINT('',(-0.410343043501,-0.151322571489,1.));
#3270 = CARTESIAN_POINT('',(-0.426217911187,-0.153885617612,0.99));
#3271 = CARTESIAN_POINT('',(-0.426217911187,-0.153885617612,1.));
#3272 = CARTESIAN_POINT('',(-0.442700010729,-0.155788324588,0.99));
#3273 = CARTESIAN_POINT('',(-0.442700010729,-0.155788324588,1.));
#3274 = CARTESIAN_POINT('',(-0.453944549106,-0.155945642263,0.99));
#3275 = CARTESIAN_POINT('',(-0.453944549106,-0.155945642263,1.));
#3276 = CARTESIAN_POINT('',(-0.459667076497,-0.156025703772,0.99));
#3277 = CARTESIAN_POINT('',(-0.459667076497,-0.156025703772,1.));
#3278 = DEFINITIONAL_REPRESENTATION('',(#3279),#3283);
#3279 = LINE('',#3280,#3281);
#3280 = CARTESIAN_POINT('',(-2.490036307571E-15,1.));
#3281 = VECTOR('',#3282,1.);
#3282 = DIRECTION('',(1.,0.));
#3283 = ( GEOMETRIC_REPRESENTATION_CONTEXT(2) 
PARAMETRIC_REPRESENTATION_CONTEXT() REPRESENTATION_CONTEXT('2D SPACE',''
  ) );
#3284 = ADVANCED_FACE('',(#3285),#183,.F.);
#3285 = FACE_BOUND('',#3286,.T.);
#3286 = EDGE_LOOP('',(#3287,#3288,#3309,#3310));
#3287 = ORIENTED_EDGE('',*,*,#160,.T.);
#3288 = ORIENTED_EDGE('',*,*,#3289,.F.);
#3289 = EDGE_CURVE('',#1713,#163,#3290,.T.);
#3290 = SURFACE_CURVE('',#3291,(#3295,#3302),.PCURVE_S1.);
#3291 = LINE('',#3292,#3293);
#3292 = CARTESIAN_POINT('',(2.5,2.5,1.));
#3293 = VECTOR('',#3294,1.);
#3294 = DIRECTION('',(-0.,-0.,-1.));
#3295 = PCURVE('',#183,#3296);
#3296 = DEFINITIONAL_REPRESENTATION('',(#3297),#3301);
#3297 = LINE('',#3298,#3299);
#3298 = CARTESIAN_POINT('',(0.,5.));
#3299 = VECTOR('',#3300,1.);
#3300 = DIRECTION('',(-1.,0.));
#3301 = ( GEOMETRIC_REPRESENTATION_CONTEXT(2) 
PARAMETRIC_REPRESENTATION_CONTEXT() REPRESENTATION_CONTEXT('2D SPACE',''
  ) );
#3302 = PCURVE('',#265,#3303);
#3303 = DEFINITIONAL_REPRESENTATION('',(#3304),#3308);
#3304 = LINE('',#3305,#3306);
#3305 = CARTESIAN_POINT('',(0.,5.));
#3306 = VECTOR('',#3307,1.);
#3307 = DIRECTION('',(1.,0.));
#3308 = ( GEOMETRIC_REPRESENTATION_CONTEXT(2) 
PARAMETRIC_REPRESENTATION_CONTEXT() REPRESENTATION_CONTEXT('2D SPACE',''
  ) );
#3309 = ORIENTED_EDGE('',*,*,#1710,.F.);
#3310 = ORIENTED_EDGE('',*,*,#3311,.T.);
#3311 = EDGE_CURVE('',#1711,#161,#3312,.T.);
#3312 = SURFACE_CURVE('',#3313,(#3317,#3324),.PCURVE_S1.);
#3313 = LINE('',#3314,#3315);
#3314 = CARTESIAN_POINT('',(2.5,-2.5,1.));
#3315 = VECTOR('',#3316,1.);
#3316 = DIRECTION('',(-0.,-0.,-1.));
#3317 = PCURVE('',#183,#3318);
#3318 = DEFINITIONAL_REPRESENTATION('',(#3319),#3323);
#3319 = LINE('',#3320,#3321);
#3320 = CARTESIAN_POINT('',(0.,0.));
#3321 = VECTOR('',#3322,1.);
#3322 = DIRECTION('',(-1.,0.));
#3323 = ( GEOMETRIC_REPRESENTATION_CONTEXT(2) 
PARAMETRIC_REPRESENTATION_CONTEXT() REPRESENTATION_CONTEXT('2D SPACE',''
  ) );
#3324 = PCURVE('',#211,#3325);
#3325 = DEFINITIONAL_REPRESENTATION('',(#3326),#3330);
#3326 = LINE('',#3327,#3328);
#3327 = CARTESIAN_POINT('',(0.,5.));
#3328 = VECTOR('',#3329,1.);
#3329 = DIRECTION('',(-1.,0.));
#3330 = ( GEOMETRIC_REPRESENTATION_CONTEXT(2) 
PARAMETRIC_REPRESENTATION_CONTEXT() REPRESENTATION_CONTEXT('2D SPACE',''
  ) );
#3331 = ADVANCED_FACE('',(#3332),#265,.F.);
#3332 = FACE_BOUND('',#3333,.T.);
#3333 = EDGE_LOOP('',(#3334,#3335,#3356,#3357));
#3334 = ORIENTED_EDGE('',*,*,#251,.T.);
#3335 = ORIENTED_EDGE('',*,*,#3336,.F.);
#3336 = EDGE_CURVE('',#1736,#224,#3337,.T.);
#3337 = SURFACE_CURVE('',#3338,(#3342,#3349),.PCURVE_S1.);
#3338 = LINE('',#3339,#3340);
#3339 = CARTESIAN_POINT('',(-2.5,2.5,1.));
#3340 = VECTOR('',#3341,1.);
#3341 = DIRECTION('',(-0.,-0.,-1.));
#3342 = PCURVE('',#265,#3343);
#3343 = DEFINITIONAL_REPRESENTATION('',(#3344),#3348);
#3344 = LINE('',#3345,#3346);
#3345 = CARTESIAN_POINT('',(0.,0.));
#3346 = VECTOR('',#3347,1.);
#3347 = DIRECTION('',(1.,0.));
#3348 = ( GEOMETRIC_REPRESENTATION_CONTEXT(2) 
PARAMETRIC_REPRESENTATION_CONTEXT() REPRESENTATION_CONTEXT('2D SPACE',''
  ) );
#3349 = PCURVE('',#239,#3350);
#3350 = DEFINITIONAL_REPRESENTATION('',(#3351),#3355);
#3351 = LINE('',#3352,#3353);
#3352 = CARTESIAN_POINT('',(0.,5.));
#3353 = VECTOR('',#3354,1.);
#3354 = DIRECTION('',(1.,0.));
#3355 = ( GEOMETRIC_REPRESENTATION_CONTEXT(2) 
PARAMETRIC_REPRESENTATION_CONTEXT() REPRESENTATION_CONTEXT('2D SPACE',''
  ) );
#3356 = ORIENTED_EDGE('',*,*,#1735,.F.);
#3357 = ORIENTED_EDGE('',*,*,#3289,.T.);
#3358 = ADVANCED_FACE('',(#3359),#239,.F.);
#3359 = FACE_BOUND('',#3360,.T.);
#3360 = EDGE_LOOP('',(#3361,#3362,#3383,#3384));
#3361 = ORIENTED_EDGE('',*,*,#223,.T.);
#3362 = ORIENTED_EDGE('',*,*,#3363,.F.);
#3363 = EDGE_CURVE('',#1759,#196,#3364,.T.);
#3364 = SURFACE_CURVE('',#3365,(#3369,#3376),.PCURVE_S1.);
#3365 = LINE('',#3366,#3367);
#3366 = CARTESIAN_POINT('',(-2.5,-2.5,1.));
#3367 = VECTOR('',#3368,1.);
#3368 = DIRECTION('',(-0.,-0.,-1.));
#3369 = PCURVE('',#239,#3370);
#3370 = DEFINITIONAL_REPRESENTATION('',(#3371),#3375);
#3371 = LINE('',#3372,#3373);
#3372 = CARTESIAN_POINT('',(0.,0.));
#3373 = VECTOR('',#3374,1.);
#3374 = DIRECTION('',(1.,0.));
#3375 = ( GEOMETRIC_REPRESENTATION_CONTEXT(2) 
PARAMETRIC_REPRESENTATION_CONTEXT() REPRESENTATION_CONTEXT('2D SPACE',''
  ) );
#3376 = PCURVE('',#211,#3377);
#3377 = DEFINITIONAL_REPRESENTATION('',(#3378),#3382);
#3378 = LINE('',#3379,#3380);
#3379 = CARTESIAN_POINT('',(0.,0.));
#3380 = VECTOR('',#3381,1.);
#3381 = DIRECTION('',(-1.,0.));
#3382 = ( GEOMETRIC_REPRESENTATION_CONTEXT(2) 
PARAMETRIC_REPRESENTATION_CONTEXT() REPRESENTATION_CONTEXT('2D SPACE',''
  ) );
#3383 = ORIENTED_EDGE('',*,*,#1758,.F.);
#3384 = ORIENTED_EDGE('',*,*,#3336,.T.);
#3385 = ADVANCED_FACE('',(#3386,#3500,#3614),#211,.F.);
#3386 = FACE_BOUND('',#3387,.T.);
#3387 = EDGE_LOOP('',(#3388,#3418,#3446,#3474));
#3388 = ORIENTED_EDGE('',*,*,#3389,.T.);
#3389 = EDGE_CURVE('',#3390,#3392,#3394,.T.);
#3390 = VERTEX_POINT('',#3391);
#3391 = CARTESIAN_POINT('',(-0.6,-2.5,0.18));
#3392 = VERTEX_POINT('',#3393);
#3393 = CARTESIAN_POINT('',(-0.4,-2.5,0.18));
#3394 = SURFACE_CURVE('',#3395,(#3399,#3406),.PCURVE_S1.);
#3395 = LINE('',#3396,#3397);
#3396 = CARTESIAN_POINT('',(-2.5,-2.5,0.18));
#3397 = VECTOR('',#3398,1.);
#3398 = DIRECTION('',(1.,-0.,5.421010862428E-16));
#3399 = PCURVE('',#211,#3400);
#3400 = DEFINITIONAL_REPRESENTATION('',(#3401),#3405);
#3401 = LINE('',#3402,#3403);
#3402 = CARTESIAN_POINT('',(-0.82,4.440892098501E-16));
#3403 = VECTOR('',#3404,1.);
#3404 = DIRECTION('',(5.421010862428E-16,1.));
#3405 = ( GEOMETRIC_REPRESENTATION_CONTEXT(2) 
PARAMETRIC_REPRESENTATION_CONTEXT() REPRESENTATION_CONTEXT('2D SPACE',''
  ) );
#3406 = PCURVE('',#3407,#3412);
#3407 = PLANE('',#3408);
#3408 = AXIS2_PLACEMENT_3D('',#3409,#3410,#3411);
#3409 = CARTESIAN_POINT('',(-0.6,-0.499,0.18));
#3410 = DIRECTION('',(-5.421010862428E-16,0.,1.));
#3411 = DIRECTION('',(1.,0.,5.421010862428E-16));
#3412 = DEFINITIONAL_REPRESENTATION('',(#3413),#3417);
#3413 = LINE('',#3414,#3415);
#3414 = CARTESIAN_POINT('',(-1.9,-2.001));
#3415 = VECTOR('',#3416,1.);
#3416 = DIRECTION('',(1.,0.));
#3417 = ( GEOMETRIC_REPRESENTATION_CONTEXT(2) 
PARAMETRIC_REPRESENTATION_CONTEXT() REPRESENTATION_CONTEXT('2D SPACE',''
  ) );
#3418 = ORIENTED_EDGE('',*,*,#3419,.T.);
#3419 = EDGE_CURVE('',#3392,#3420,#3422,.T.);
#3420 = VERTEX_POINT('',#3421);
#3421 = CARTESIAN_POINT('',(-0.4,-2.5,0.12));
#3422 = SURFACE_CURVE('',#3423,(#3427,#3434),.PCURVE_S1.);
#3423 = LINE('',#3424,#3425);
#3424 = CARTESIAN_POINT('',(-0.4,-2.5,1.));
#3425 = VECTOR('',#3426,1.);
#3426 = DIRECTION('',(0.,0.,-1.));
#3427 = PCURVE('',#211,#3428);
#3428 = DEFINITIONAL_REPRESENTATION('',(#3429),#3433);
#3429 = LINE('',#3430,#3431);
#3430 = CARTESIAN_POINT('',(0.,2.1));
#3431 = VECTOR('',#3432,1.);
#3432 = DIRECTION('',(-1.,0.));
#3433 = ( GEOMETRIC_REPRESENTATION_CONTEXT(2) 
PARAMETRIC_REPRESENTATION_CONTEXT() REPRESENTATION_CONTEXT('2D SPACE',''
  ) );
#3434 = PCURVE('',#3435,#3440);
#3435 = PLANE('',#3436);
#3436 = AXIS2_PLACEMENT_3D('',#3437,#3438,#3439);
#3437 = CARTESIAN_POINT('',(-0.4,-0.499,0.18));
#3438 = DIRECTION('',(1.,0.,0.));
#3439 = DIRECTION('',(0.,0.,-1.));
#3440 = DEFINITIONAL_REPRESENTATION('',(#3441),#3445);
#3441 = LINE('',#3442,#3443);
#3442 = CARTESIAN_POINT('',(-0.82,-2.001));
#3443 = VECTOR('',#3444,1.);
#3444 = DIRECTION('',(1.,0.));
#3445 = ( GEOMETRIC_REPRESENTATION_CONTEXT(2) 
PARAMETRIC_REPRESENTATION_CONTEXT() REPRESENTATION_CONTEXT('2D SPACE',''
  ) );
#3446 = ORIENTED_EDGE('',*,*,#3447,.T.);
#3447 = EDGE_CURVE('',#3420,#3448,#3450,.T.);
#3448 = VERTEX_POINT('',#3449);
#3449 = CARTESIAN_POINT('',(-0.6,-2.5,0.12));
#3450 = SURFACE_CURVE('',#3451,(#3455,#3462),.PCURVE_S1.);
#3451 = LINE('',#3452,#3453);
#3452 = CARTESIAN_POINT('',(-2.5,-2.5,0.12));
#3453 = VECTOR('',#3454,1.);
#3454 = DIRECTION('',(-1.,0.,0.));
#3455 = PCURVE('',#211,#3456);
#3456 = DEFINITIONAL_REPRESENTATION('',(#3457),#3461);
#3457 = LINE('',#3458,#3459);
#3458 = CARTESIAN_POINT('',(-0.88,0.));
#3459 = VECTOR('',#3460,1.);
#3460 = DIRECTION('',(0.,-1.));
#3461 = ( GEOMETRIC_REPRESENTATION_CONTEXT(2) 
PARAMETRIC_REPRESENTATION_CONTEXT() REPRESENTATION_CONTEXT('2D SPACE',''
  ) );
#3462 = PCURVE('',#3463,#3468);
#3463 = PLANE('',#3464);
#3464 = AXIS2_PLACEMENT_3D('',#3465,#3466,#3467);
#3465 = CARTESIAN_POINT('',(-0.6,-0.499,0.12));
#3466 = DIRECTION('',(0.,0.,-1.));
#3467 = DIRECTION('',(-1.,0.,-0.));
#3468 = DEFINITIONAL_REPRESENTATION('',(#3469),#3473);
#3469 = LINE('',#3470,#3471);
#3470 = CARTESIAN_POINT('',(1.9,-2.001));
#3471 = VECTOR('',#3472,1.);
#3472 = DIRECTION('',(1.,0.));
#3473 = ( GEOMETRIC_REPRESENTATION_CONTEXT(2) 
PARAMETRIC_REPRESENTATION_CONTEXT() REPRESENTATION_CONTEXT('2D SPACE',''
  ) );
#3474 = ORIENTED_EDGE('',*,*,#3475,.T.);
#3475 = EDGE_CURVE('',#3448,#3390,#3476,.T.);
#3476 = SURFACE_CURVE('',#3477,(#3481,#3488),.PCURVE_S1.);
#3477 = LINE('',#3478,#3479);
#3478 = CARTESIAN_POINT('',(-0.6,-2.5,1.));
#3479 = VECTOR('',#3480,1.);
#3480 = DIRECTION('',(0.,0.,1.));
#3481 = PCURVE('',#211,#3482);
#3482 = DEFINITIONAL_REPRESENTATION('',(#3483),#3487);
#3483 = LINE('',#3484,#3485);
#3484 = CARTESIAN_POINT('',(0.,1.9));
#3485 = VECTOR('',#3486,1.);
#3486 = DIRECTION('',(1.,0.));
#3487 = ( GEOMETRIC_REPRESENTATION_CONTEXT(2) 
PARAMETRIC_REPRESENTATION_CONTEXT() REPRESENTATION_CONTEXT('2D SPACE',''
  ) );
#3488 = PCURVE('',#3489,#3494);
#3489 = PLANE('',#3490);
#3490 = AXIS2_PLACEMENT_3D('',#3491,#3492,#3493);
#3491 = CARTESIAN_POINT('',(-0.6,-0.499,0.18));
#3492 = DIRECTION('',(-1.,0.,-0.));
#3493 = DIRECTION('',(0.,0.,1.));
#3494 = DEFINITIONAL_REPRESENTATION('',(#3495),#3499);
#3495 = LINE('',#3496,#3497);
#3496 = CARTESIAN_POINT('',(0.82,-2.001));
#3497 = VECTOR('',#3498,1.);
#3498 = DIRECTION('',(1.,0.));
#3499 = ( GEOMETRIC_REPRESENTATION_CONTEXT(2) 
PARAMETRIC_REPRESENTATION_CONTEXT() REPRESENTATION_CONTEXT('2D SPACE',''
  ) );
#3500 = FACE_BOUND('',#3501,.T.);
#3501 = EDGE_LOOP('',(#3502,#3532,#3560,#3588));
#3502 = ORIENTED_EDGE('',*,*,#3503,.T.);
#3503 = EDGE_CURVE('',#3504,#3506,#3508,.T.);
#3504 = VERTEX_POINT('',#3505);
#3505 = CARTESIAN_POINT('',(0.4,-2.5,0.18));
#3506 = VERTEX_POINT('',#3507);
#3507 = CARTESIAN_POINT('',(0.6,-2.5,0.18));
#3508 = SURFACE_CURVE('',#3509,(#3513,#3520),.PCURVE_S1.);
#3509 = LINE('',#3510,#3511);
#3510 = CARTESIAN_POINT('',(-2.5,-2.5,0.18));
#3511 = VECTOR('',#3512,1.);
#3512 = DIRECTION('',(1.,-0.,0.));
#3513 = PCURVE('',#211,#3514);
#3514 = DEFINITIONAL_REPRESENTATION('',(#3515),#3519);
#3515 = LINE('',#3516,#3517);
#3516 = CARTESIAN_POINT('',(-0.82,0.));
#3517 = VECTOR('',#3518,1.);
#3518 = DIRECTION('',(0.,1.));
#3519 = ( GEOMETRIC_REPRESENTATION_CONTEXT(2) 
PARAMETRIC_REPRESENTATION_CONTEXT() REPRESENTATION_CONTEXT('2D SPACE',''
  ) );
#3520 = PCURVE('',#3521,#3526);
#3521 = PLANE('',#3522);
#3522 = AXIS2_PLACEMENT_3D('',#3523,#3524,#3525);
#3523 = CARTESIAN_POINT('',(0.4,-0.499,0.18));
#3524 = DIRECTION('',(-0.,0.,1.));
#3525 = DIRECTION('',(1.,0.,0.));
#3526 = DEFINITIONAL_REPRESENTATION('',(#3527),#3531);
#3527 = LINE('',#3528,#3529);
#3528 = CARTESIAN_POINT('',(-2.9,-2.001));
#3529 = VECTOR('',#3530,1.);
#3530 = DIRECTION('',(1.,0.));
#3531 = ( GEOMETRIC_REPRESENTATION_CONTEXT(2) 
PARAMETRIC_REPRESENTATION_CONTEXT() REPRESENTATION_CONTEXT('2D SPACE',''
  ) );
#3532 = ORIENTED_EDGE('',*,*,#3533,.T.);
#3533 = EDGE_CURVE('',#3506,#3534,#3536,.T.);
#3534 = VERTEX_POINT('',#3535);
#3535 = CARTESIAN_POINT('',(0.6,-2.5,0.12));
#3536 = SURFACE_CURVE('',#3537,(#3541,#3548),.PCURVE_S1.);
#3537 = LINE('',#3538,#3539);
#3538 = CARTESIAN_POINT('',(0.6,-2.5,1.));
#3539 = VECTOR('',#3540,1.);
#3540 = DIRECTION('',(0.,0.,-1.));
#3541 = PCURVE('',#211,#3542);
#3542 = DEFINITIONAL_REPRESENTATION('',(#3543),#3547);
#3543 = LINE('',#3544,#3545);
#3544 = CARTESIAN_POINT('',(0.,3.1));
#3545 = VECTOR('',#3546,1.);
#3546 = DIRECTION('',(-1.,0.));
#3547 = ( GEOMETRIC_REPRESENTATION_CONTEXT(2) 
PARAMETRIC_REPRESENTATION_CONTEXT() REPRESENTATION_CONTEXT('2D SPACE',''
  ) );
#3548 = PCURVE('',#3549,#3554);
#3549 = PLANE('',#3550);
#3550 = AXIS2_PLACEMENT_3D('',#3551,#3552,#3553);
#3551 = CARTESIAN_POINT('',(0.6,-0.499,0.18));
#3552 = DIRECTION('',(1.,0.,0.));
#3553 = DIRECTION('',(0.,0.,-1.));
#3554 = DEFINITIONAL_REPRESENTATION('',(#3555),#3559);
#3555 = LINE('',#3556,#3557);
#3556 = CARTESIAN_POINT('',(-0.82,-2.001));
#3557 = VECTOR('',#3558,1.);
#3558 = DIRECTION('',(1.,0.));
#3559 = ( GEOMETRIC_REPRESENTATION_CONTEXT(2) 
PARAMETRIC_REPRESENTATION_CONTEXT() REPRESENTATION_CONTEXT('2D SPACE',''
  ) );
#3560 = ORIENTED_EDGE('',*,*,#3561,.T.);
#3561 = EDGE_CURVE('',#3534,#3562,#3564,.T.);
#3562 = VERTEX_POINT('',#3563);
#3563 = CARTESIAN_POINT('',(0.4,-2.5,0.12));
#3564 = SURFACE_CURVE('',#3565,(#3569,#3576),.PCURVE_S1.);
#3565 = LINE('',#3566,#3567);
#3566 = CARTESIAN_POINT('',(-2.5,-2.5,0.12));
#3567 = VECTOR('',#3568,1.);
#3568 = DIRECTION('',(-1.,0.,0.));
#3569 = PCURVE('',#211,#3570);
#3570 = DEFINITIONAL_REPRESENTATION('',(#3571),#3575);
#3571 = LINE('',#3572,#3573);
#3572 = CARTESIAN_POINT('',(-0.88,0.));
#3573 = VECTOR('',#3574,1.);
#3574 = DIRECTION('',(0.,-1.));
#3575 = ( GEOMETRIC_REPRESENTATION_CONTEXT(2) 
PARAMETRIC_REPRESENTATION_CONTEXT() REPRESENTATION_CONTEXT('2D SPACE',''
  ) );
#3576 = PCURVE('',#3577,#3582);
#3577 = PLANE('',#3578);
#3578 = AXIS2_PLACEMENT_3D('',#3579,#3580,#3581);
#3579 = CARTESIAN_POINT('',(0.4,-0.499,0.12));
#3580 = DIRECTION('',(0.,0.,-1.));
#3581 = DIRECTION('',(-1.,0.,-0.));
#3582 = DEFINITIONAL_REPRESENTATION('',(#3583),#3587);
#3583 = LINE('',#3584,#3585);
#3584 = CARTESIAN_POINT('',(2.9,-2.001));
#3585 = VECTOR('',#3586,1.);
#3586 = DIRECTION('',(1.,0.));
#3587 = ( GEOMETRIC_REPRESENTATION_CONTEXT(2) 
PARAMETRIC_REPRESENTATION_CONTEXT() REPRESENTATION_CONTEXT('2D SPACE',''
  ) );
#3588 = ORIENTED_EDGE('',*,*,#3589,.T.);
#3589 = EDGE_CURVE('',#3562,#3504,#3590,.T.);
#3590 = SURFACE_CURVE('',#3591,(#3595,#3602),.PCURVE_S1.);
#3591 = LINE('',#3592,#3593);
#3592 = CARTESIAN_POINT('',(0.4,-2.5,1.));
#3593 = VECTOR('',#3594,1.);
#3594 = DIRECTION('',(0.,0.,1.));
#3595 = PCURVE('',#211,#3596);
#3596 = DEFINITIONAL_REPRESENTATION('',(#3597),#3601);
#3597 = LINE('',#3598,#3599);
#3598 = CARTESIAN_POINT('',(0.,2.9));
#3599 = VECTOR('',#3600,1.);
#3600 = DIRECTION('',(1.,0.));
#3601 = ( GEOMETRIC_REPRESENTATION_CONTEXT(2) 
PARAMETRIC_REPRESENTATION_CONTEXT() REPRESENTATION_CONTEXT('2D SPACE',''
  ) );
#3602 = PCURVE('',#3603,#3608);
#3603 = PLANE('',#3604);
#3604 = AXIS2_PLACEMENT_3D('',#3605,#3606,#3607);
#3605 = CARTESIAN_POINT('',(0.4,-0.499,0.18));
#3606 = DIRECTION('',(-1.,0.,-0.));
#3607 = DIRECTION('',(0.,0.,1.));
#3608 = DEFINITIONAL_REPRESENTATION('',(#3609),#3613);
#3609 = LINE('',#3610,#3611);
#3610 = CARTESIAN_POINT('',(0.82,-2.001));
#3611 = VECTOR('',#3612,1.);
#3612 = DIRECTION('',(1.,0.));
#3613 = ( GEOMETRIC_REPRESENTATION_CONTEXT(2) 
PARAMETRIC_REPRESENTATION_CONTEXT() REPRESENTATION_CONTEXT('2D SPACE',''
  ) );
#3614 = FACE_BOUND('',#3615,.T.);
#3615 = EDGE_LOOP('',(#3616,#3617,#3618,#3619));
#3616 = ORIENTED_EDGE('',*,*,#195,.T.);
#3617 = ORIENTED_EDGE('',*,*,#3311,.F.);
#3618 = ORIENTED_EDGE('',*,*,#1781,.F.);
#3619 = ORIENTED_EDGE('',*,*,#3363,.T.);
#3620 = ADVANCED_FACE('',(#3621),#1410,.T.);
#3621 = FACE_BOUND('',#3622,.T.);
#3622 = EDGE_LOOP('',(#3623,#3624,#3647,#3675));
#3623 = ORIENTED_EDGE('',*,*,#1392,.F.);
#3624 = ORIENTED_EDGE('',*,*,#3625,.F.);
#3625 = EDGE_CURVE('',#3626,#1393,#3628,.T.);
#3626 = VERTEX_POINT('',#3627);
#3627 = CARTESIAN_POINT('',(-0.731008539911,0.248852345009,0.99));
#3628 = SURFACE_CURVE('',#3629,(#3633,#3640),.PCURVE_S1.);
#3629 = LINE('',#3630,#3631);
#3630 = CARTESIAN_POINT('',(-0.731008539911,0.248852345009,0.99));
#3631 = VECTOR('',#3632,1.);
#3632 = DIRECTION('',(-0.,-0.,1.));
#3633 = PCURVE('',#1410,#3634);
#3634 = DEFINITIONAL_REPRESENTATION('',(#3635),#3639);
#3635 = LINE('',#3636,#3637);
#3636 = CARTESIAN_POINT('',(0.,0.));
#3637 = VECTOR('',#3638,1.);
#3638 = DIRECTION('',(-1.,0.));
#3639 = ( GEOMETRIC_REPRESENTATION_CONTEXT(2) 
PARAMETRIC_REPRESENTATION_CONTEXT() REPRESENTATION_CONTEXT('2D SPACE',''
  ) );
#3640 = PCURVE('',#1696,#3641);
#3641 = DEFINITIONAL_REPRESENTATION('',(#3642),#3646);
#3642 = LINE('',#3643,#3644);
#3643 = CARTESIAN_POINT('',(0.328005797942,0.));
#3644 = VECTOR('',#3645,1.);
#3645 = DIRECTION('',(0.,1.));
#3646 = ( GEOMETRIC_REPRESENTATION_CONTEXT(2) 
PARAMETRIC_REPRESENTATION_CONTEXT() REPRESENTATION_CONTEXT('2D SPACE',''
  ) );
#3647 = ORIENTED_EDGE('',*,*,#3648,.T.);
#3648 = EDGE_CURVE('',#3626,#3649,#3651,.T.);
#3649 = VERTEX_POINT('',#3650);
#3650 = CARTESIAN_POINT('',(-0.677350003326,0.248852345009,0.99));
#3651 = SURFACE_CURVE('',#3652,(#3656,#3663),.PCURVE_S1.);
#3652 = LINE('',#3653,#3654);
#3653 = CARTESIAN_POINT('',(-0.731008539911,0.248852345009,0.99));
#3654 = VECTOR('',#3655,1.);
#3655 = DIRECTION('',(1.,0.,0.));
#3656 = PCURVE('',#1410,#3657);
#3657 = DEFINITIONAL_REPRESENTATION('',(#3658),#3662);
#3658 = LINE('',#3659,#3660);
#3659 = CARTESIAN_POINT('',(0.,0.));
#3660 = VECTOR('',#3661,1.);
#3661 = DIRECTION('',(0.,1.));
#3662 = ( GEOMETRIC_REPRESENTATION_CONTEXT(2) 
PARAMETRIC_REPRESENTATION_CONTEXT() REPRESENTATION_CONTEXT('2D SPACE',''
  ) );
#3663 = PCURVE('',#3664,#3669);
#3664 = PLANE('',#3665);
#3665 = AXIS2_PLACEMENT_3D('',#3666,#3667,#3668);
#3666 = CARTESIAN_POINT('',(-0.850908809079,-7.942848227875E-02,0.99));
#3667 = DIRECTION('',(0.,0.,1.));
#3668 = DIRECTION('',(1.,0.,-0.));
#3669 = DEFINITIONAL_REPRESENTATION('',(#3670),#3674);
#3670 = LINE('',#3671,#3672);
#3671 = CARTESIAN_POINT('',(0.119900269168,0.328280827288));
#3672 = VECTOR('',#3673,1.);
#3673 = DIRECTION('',(1.,0.));
#3674 = ( GEOMETRIC_REPRESENTATION_CONTEXT(2) 
PARAMETRIC_REPRESENTATION_CONTEXT() REPRESENTATION_CONTEXT('2D SPACE',''
  ) );
#3675 = ORIENTED_EDGE('',*,*,#3676,.T.);
#3676 = EDGE_CURVE('',#3649,#1395,#3677,.T.);
#3677 = SURFACE_CURVE('',#3678,(#3682,#3689),.PCURVE_S1.);
#3678 = LINE('',#3679,#3680);
#3679 = CARTESIAN_POINT('',(-0.677350003326,0.248852345009,0.99));
#3680 = VECTOR('',#3681,1.);
#3681 = DIRECTION('',(-0.,-0.,1.));
#3682 = PCURVE('',#1410,#3683);
#3683 = DEFINITIONAL_REPRESENTATION('',(#3684),#3688);
#3684 = LINE('',#3685,#3686);
#3685 = CARTESIAN_POINT('',(0.,5.365853658537E-02));
#3686 = VECTOR('',#3687,1.);
#3687 = DIRECTION('',(-1.,0.));
#3688 = ( GEOMETRIC_REPRESENTATION_CONTEXT(2) 
PARAMETRIC_REPRESENTATION_CONTEXT() REPRESENTATION_CONTEXT('2D SPACE',''
  ) );
#3689 = PCURVE('',#1438,#3690);
#3690 = DEFINITIONAL_REPRESENTATION('',(#3691),#3695);
#3691 = LINE('',#3692,#3693);
#3692 = CARTESIAN_POINT('',(0.,0.));
#3693 = VECTOR('',#3694,1.);
#3694 = DIRECTION('',(0.,1.));
#3695 = ( GEOMETRIC_REPRESENTATION_CONTEXT(2) 
PARAMETRIC_REPRESENTATION_CONTEXT() REPRESENTATION_CONTEXT('2D SPACE',''
  ) );
#3696 = ADVANCED_FACE('',(#3697),#1438,.T.);
#3697 = FACE_BOUND('',#3698,.T.);
#3698 = EDGE_LOOP('',(#3699,#3700,#3701,#3724));
#3699 = ORIENTED_EDGE('',*,*,#1422,.F.);
#3700 = ORIENTED_EDGE('',*,*,#3676,.F.);
#3701 = ORIENTED_EDGE('',*,*,#3702,.T.);
#3702 = EDGE_CURVE('',#3649,#3703,#3705,.T.);
#3703 = VERTEX_POINT('',#3704);
#3704 = CARTESIAN_POINT('',(-0.81881341796,-0.151147654991,0.99));
#3705 = SURFACE_CURVE('',#3706,(#3710,#3717),.PCURVE_S1.);
#3706 = LINE('',#3707,#3708);
#3707 = CARTESIAN_POINT('',(-0.677350003326,0.248852345009,0.99));
#3708 = VECTOR('',#3709,1.);
#3709 = DIRECTION('',(-0.333421446825,-0.942777884126,0.));
#3710 = PCURVE('',#1438,#3711);
#3711 = DEFINITIONAL_REPRESENTATION('',(#3712),#3716);
#3712 = LINE('',#3713,#3714);
#3713 = CARTESIAN_POINT('',(0.,0.));
#3714 = VECTOR('',#3715,1.);
#3715 = DIRECTION('',(1.,0.));
#3716 = ( GEOMETRIC_REPRESENTATION_CONTEXT(2) 
PARAMETRIC_REPRESENTATION_CONTEXT() REPRESENTATION_CONTEXT('2D SPACE',''
  ) );
#3717 = PCURVE('',#3664,#3718);
#3718 = DEFINITIONAL_REPRESENTATION('',(#3719),#3723);
#3719 = LINE('',#3720,#3721);
#3720 = CARTESIAN_POINT('',(0.173558805753,0.328280827288));
#3721 = VECTOR('',#3722,1.);
#3722 = DIRECTION('',(-0.333421446825,-0.942777884126));
#3723 = ( GEOMETRIC_REPRESENTATION_CONTEXT(2) 
PARAMETRIC_REPRESENTATION_CONTEXT() REPRESENTATION_CONTEXT('2D SPACE',''
  ) );
#3724 = ORIENTED_EDGE('',*,*,#3725,.T.);
#3725 = EDGE_CURVE('',#3703,#1423,#3726,.T.);
#3726 = SURFACE_CURVE('',#3727,(#3731,#3738),.PCURVE_S1.);
#3727 = LINE('',#3728,#3729);
#3728 = CARTESIAN_POINT('',(-0.81881341796,-0.151147654991,0.99));
#3729 = VECTOR('',#3730,1.);
#3730 = DIRECTION('',(-0.,-0.,1.));
#3731 = PCURVE('',#1438,#3732);
#3732 = DEFINITIONAL_REPRESENTATION('',(#3733),#3737);
#3733 = LINE('',#3734,#3735);
#3734 = CARTESIAN_POINT('',(0.424278090031,0.));
#3735 = VECTOR('',#3736,1.);
#3736 = DIRECTION('',(0.,1.));
#3737 = ( GEOMETRIC_REPRESENTATION_CONTEXT(2) 
PARAMETRIC_REPRESENTATION_CONTEXT() REPRESENTATION_CONTEXT('2D SPACE',''
  ) );
#3738 = PCURVE('',#1466,#3739);
#3739 = DEFINITIONAL_REPRESENTATION('',(#3740),#3744);
#3740 = LINE('',#3741,#3742);
#3741 = CARTESIAN_POINT('',(0.,0.));
#3742 = VECTOR('',#3743,1.);
#3743 = DIRECTION('',(1.,-0.));
#3744 = ( GEOMETRIC_REPRESENTATION_CONTEXT(2) 
PARAMETRIC_REPRESENTATION_CONTEXT() REPRESENTATION_CONTEXT('2D SPACE',''
  ) );
#3745 = ADVANCED_FACE('',(#3746),#1466,.T.);
#3746 = FACE_BOUND('',#3747,.T.);
#3747 = EDGE_LOOP('',(#3748,#3749,#3750,#3773));
#3748 = ORIENTED_EDGE('',*,*,#1450,.F.);
#3749 = ORIENTED_EDGE('',*,*,#3725,.F.);
#3750 = ORIENTED_EDGE('',*,*,#3751,.T.);
#3751 = EDGE_CURVE('',#3703,#3752,#3754,.T.);
#3752 = VERTEX_POINT('',#3753);
#3753 = CARTESIAN_POINT('',(-0.877350003326,-0.151147654991,0.99));
#3754 = SURFACE_CURVE('',#3755,(#3759,#3766),.PCURVE_S1.);
#3755 = LINE('',#3756,#3757);
#3756 = CARTESIAN_POINT('',(-0.81881341796,-0.151147654991,0.99));
#3757 = VECTOR('',#3758,1.);
#3758 = DIRECTION('',(-1.,0.,0.));
#3759 = PCURVE('',#1466,#3760);
#3760 = DEFINITIONAL_REPRESENTATION('',(#3761),#3765);
#3761 = LINE('',#3762,#3763);
#3762 = CARTESIAN_POINT('',(0.,0.));
#3763 = VECTOR('',#3764,1.);
#3764 = DIRECTION('',(0.,-1.));
#3765 = ( GEOMETRIC_REPRESENTATION_CONTEXT(2) 
PARAMETRIC_REPRESENTATION_CONTEXT() REPRESENTATION_CONTEXT('2D SPACE',''
  ) );
#3766 = PCURVE('',#3664,#3767);
#3767 = DEFINITIONAL_REPRESENTATION('',(#3768),#3772);
#3768 = LINE('',#3769,#3770);
#3769 = CARTESIAN_POINT('',(3.209539111891E-02,-7.171917271238E-02));
#3770 = VECTOR('',#3771,1.);
#3771 = DIRECTION('',(-1.,0.));
#3772 = ( GEOMETRIC_REPRESENTATION_CONTEXT(2) 
PARAMETRIC_REPRESENTATION_CONTEXT() REPRESENTATION_CONTEXT('2D SPACE',''
  ) );
#3773 = ORIENTED_EDGE('',*,*,#3774,.T.);
#3774 = EDGE_CURVE('',#3752,#1451,#3775,.T.);
#3775 = SURFACE_CURVE('',#3776,(#3780,#3787),.PCURVE_S1.);
#3776 = LINE('',#3777,#3778);
#3777 = CARTESIAN_POINT('',(-0.877350003326,-0.151147654991,0.99));
#3778 = VECTOR('',#3779,1.);
#3779 = DIRECTION('',(-0.,-0.,1.));
#3780 = PCURVE('',#1466,#3781);
#3781 = DEFINITIONAL_REPRESENTATION('',(#3782),#3786);
#3782 = LINE('',#3783,#3784);
#3783 = CARTESIAN_POINT('',(0.,-5.853658536585E-02));
#3784 = VECTOR('',#3785,1.);
#3785 = DIRECTION('',(1.,-0.));
#3786 = ( GEOMETRIC_REPRESENTATION_CONTEXT(2) 
PARAMETRIC_REPRESENTATION_CONTEXT() REPRESENTATION_CONTEXT('2D SPACE',''
  ) );
#3787 = PCURVE('',#1494,#3788);
#3788 = DEFINITIONAL_REPRESENTATION('',(#3789),#3793);
#3789 = LINE('',#3790,#3791);
#3790 = CARTESIAN_POINT('',(0.,0.));
#3791 = VECTOR('',#3792,1.);
#3792 = DIRECTION('',(0.,1.));
#3793 = ( GEOMETRIC_REPRESENTATION_CONTEXT(2) 
PARAMETRIC_REPRESENTATION_CONTEXT() REPRESENTATION_CONTEXT('2D SPACE',''
  ) );
#3794 = ADVANCED_FACE('',(#3795),#1494,.T.);
#3795 = FACE_BOUND('',#3796,.T.);
#3796 = EDGE_LOOP('',(#3797,#3798,#3799,#3822));
#3797 = ORIENTED_EDGE('',*,*,#1478,.F.);
#3798 = ORIENTED_EDGE('',*,*,#3774,.F.);
#3799 = ORIENTED_EDGE('',*,*,#3800,.T.);
#3800 = EDGE_CURVE('',#3752,#3801,#3803,.T.);
#3801 = VERTEX_POINT('',#3802);
#3802 = CARTESIAN_POINT('',(-1.023691466741,0.248852345009,0.99));
#3803 = SURFACE_CURVE('',#3804,(#3808,#3815),.PCURVE_S1.);
#3804 = LINE('',#3805,#3806);
#3805 = CARTESIAN_POINT('',(-0.877350003326,-0.151147654991,0.99));
#3806 = VECTOR('',#3807,1.);
#3807 = DIRECTION('',(-0.343581531264,0.93912285212,0.));
#3808 = PCURVE('',#1494,#3809);
#3809 = DEFINITIONAL_REPRESENTATION('',(#3810),#3814);
#3810 = LINE('',#3811,#3812);
#3811 = CARTESIAN_POINT('',(0.,0.));
#3812 = VECTOR('',#3813,1.);
#3813 = DIRECTION('',(1.,0.));
#3814 = ( GEOMETRIC_REPRESENTATION_CONTEXT(2) 
PARAMETRIC_REPRESENTATION_CONTEXT() REPRESENTATION_CONTEXT('2D SPACE',''
  ) );
#3815 = PCURVE('',#3664,#3816);
#3816 = DEFINITIONAL_REPRESENTATION('',(#3817),#3821);
#3817 = LINE('',#3818,#3819);
#3818 = CARTESIAN_POINT('',(-2.644119424694E-02,-7.171917271238E-02));
#3819 = VECTOR('',#3820,1.);
#3820 = DIRECTION('',(-0.343581531264,0.93912285212));
#3821 = ( GEOMETRIC_REPRESENTATION_CONTEXT(2) 
PARAMETRIC_REPRESENTATION_CONTEXT() REPRESENTATION_CONTEXT('2D SPACE',''
  ) );
#3822 = ORIENTED_EDGE('',*,*,#3823,.T.);
#3823 = EDGE_CURVE('',#3801,#1479,#3824,.T.);
#3824 = SURFACE_CURVE('',#3825,(#3829,#3836),.PCURVE_S1.);
#3825 = LINE('',#3826,#3827);
#3826 = CARTESIAN_POINT('',(-1.023691466741,0.248852345009,0.99));
#3827 = VECTOR('',#3828,1.);
#3828 = DIRECTION('',(-0.,-0.,1.));
#3829 = PCURVE('',#1494,#3830);
#3830 = DEFINITIONAL_REPRESENTATION('',(#3831),#3835);
#3831 = LINE('',#3832,#3833);
#3832 = CARTESIAN_POINT('',(0.425929364935,0.));
#3833 = VECTOR('',#3834,1.);
#3834 = DIRECTION('',(0.,1.));
#3835 = ( GEOMETRIC_REPRESENTATION_CONTEXT(2) 
PARAMETRIC_REPRESENTATION_CONTEXT() REPRESENTATION_CONTEXT('2D SPACE',''
  ) );
#3836 = PCURVE('',#1522,#3837);
#3837 = DEFINITIONAL_REPRESENTATION('',(#3838),#3842);
#3838 = LINE('',#3839,#3840);
#3839 = CARTESIAN_POINT('',(0.,0.));
#3840 = VECTOR('',#3841,1.);
#3841 = DIRECTION('',(-1.,0.));
#3842 = ( GEOMETRIC_REPRESENTATION_CONTEXT(2) 
PARAMETRIC_REPRESENTATION_CONTEXT() REPRESENTATION_CONTEXT('2D SPACE',''
  ) );
#3843 = ADVANCED_FACE('',(#3844),#1522,.T.);
#3844 = FACE_BOUND('',#3845,.T.);
#3845 = EDGE_LOOP('',(#3846,#3847,#3848,#3871));
#3846 = ORIENTED_EDGE('',*,*,#1506,.F.);
#3847 = ORIENTED_EDGE('',*,*,#3823,.F.);
#3848 = ORIENTED_EDGE('',*,*,#3849,.T.);
#3849 = EDGE_CURVE('',#3801,#3850,#3852,.T.);
#3850 = VERTEX_POINT('',#3851);
#3851 = CARTESIAN_POINT('',(-0.965154881375,0.248852345009,0.99));
#3852 = SURFACE_CURVE('',#3853,(#3857,#3864),.PCURVE_S1.);
#3853 = LINE('',#3854,#3855);
#3854 = CARTESIAN_POINT('',(-1.023691466741,0.248852345009,0.99));
#3855 = VECTOR('',#3856,1.);
#3856 = DIRECTION('',(1.,0.,0.));
#3857 = PCURVE('',#1522,#3858);
#3858 = DEFINITIONAL_REPRESENTATION('',(#3859),#3863);
#3859 = LINE('',#3860,#3861);
#3860 = CARTESIAN_POINT('',(0.,0.));
#3861 = VECTOR('',#3862,1.);
#3862 = DIRECTION('',(0.,1.));
#3863 = ( GEOMETRIC_REPRESENTATION_CONTEXT(2) 
PARAMETRIC_REPRESENTATION_CONTEXT() REPRESENTATION_CONTEXT('2D SPACE',''
  ) );
#3864 = PCURVE('',#3664,#3865);
#3865 = DEFINITIONAL_REPRESENTATION('',(#3866),#3870);
#3866 = LINE('',#3867,#3868);
#3867 = CARTESIAN_POINT('',(-0.172782657662,0.328280827288));
#3868 = VECTOR('',#3869,1.);
#3869 = DIRECTION('',(1.,0.));
#3870 = ( GEOMETRIC_REPRESENTATION_CONTEXT(2) 
PARAMETRIC_REPRESENTATION_CONTEXT() REPRESENTATION_CONTEXT('2D SPACE',''
  ) );
#3871 = ORIENTED_EDGE('',*,*,#3872,.T.);
#3872 = EDGE_CURVE('',#3850,#1507,#3873,.T.);
#3873 = SURFACE_CURVE('',#3874,(#3878,#3885),.PCURVE_S1.);
#3874 = LINE('',#3875,#3876);
#3875 = CARTESIAN_POINT('',(-0.965154881375,0.248852345009,0.99));
#3876 = VECTOR('',#3877,1.);
#3877 = DIRECTION('',(-0.,-0.,1.));
#3878 = PCURVE('',#1522,#3879);
#3879 = DEFINITIONAL_REPRESENTATION('',(#3880),#3884);
#3880 = LINE('',#3881,#3882);
#3881 = CARTESIAN_POINT('',(0.,5.853658536585E-02));
#3882 = VECTOR('',#3883,1.);
#3883 = DIRECTION('',(-1.,0.));
#3884 = ( GEOMETRIC_REPRESENTATION_CONTEXT(2) 
PARAMETRIC_REPRESENTATION_CONTEXT() REPRESENTATION_CONTEXT('2D SPACE',''
  ) );
#3885 = PCURVE('',#1550,#3886);
#3886 = DEFINITIONAL_REPRESENTATION('',(#3887),#3891);
#3887 = LINE('',#3888,#3889);
#3888 = CARTESIAN_POINT('',(0.,0.));
#3889 = VECTOR('',#3890,1.);
#3890 = DIRECTION('',(0.,1.));
#3891 = ( GEOMETRIC_REPRESENTATION_CONTEXT(2) 
PARAMETRIC_REPRESENTATION_CONTEXT() REPRESENTATION_CONTEXT('2D SPACE',''
  ) );
#3892 = ADVANCED_FACE('',(#3893),#1550,.T.);
#3893 = FACE_BOUND('',#3894,.T.);
#3894 = EDGE_LOOP('',(#3895,#3896,#3897,#3920));
#3895 = ORIENTED_EDGE('',*,*,#1534,.F.);
#3896 = ORIENTED_EDGE('',*,*,#3872,.F.);
#3897 = ORIENTED_EDGE('',*,*,#3898,.T.);
#3898 = EDGE_CURVE('',#3850,#3899,#3901,.T.);
#3899 = VERTEX_POINT('',#3900);
#3900 = CARTESIAN_POINT('',(-0.855932320399,-6.181838669845E-02,0.99));
#3901 = SURFACE_CURVE('',#3902,(#3906,#3913),.PCURVE_S1.);
#3902 = LINE('',#3903,#3904);
#3903 = CARTESIAN_POINT('',(-0.965154881375,0.248852345009,0.99));
#3904 = VECTOR('',#3905,1.);
#3905 = DIRECTION('',(0.331669735186,-0.943395562191,0.));
#3906 = PCURVE('',#1550,#3907);
#3907 = DEFINITIONAL_REPRESENTATION('',(#3908),#3912);
#3908 = LINE('',#3909,#3910);
#3909 = CARTESIAN_POINT('',(0.,0.));
#3910 = VECTOR('',#3911,1.);
#3911 = DIRECTION('',(1.,0.));
#3912 = ( GEOMETRIC_REPRESENTATION_CONTEXT(2) 
PARAMETRIC_REPRESENTATION_CONTEXT() REPRESENTATION_CONTEXT('2D SPACE',''
  ) );
#3913 = PCURVE('',#3664,#3914);
#3914 = DEFINITIONAL_REPRESENTATION('',(#3915),#3919);
#3915 = LINE('',#3916,#3917);
#3916 = CARTESIAN_POINT('',(-0.114246072296,0.328280827288));
#3917 = VECTOR('',#3918,1.);
#3918 = DIRECTION('',(0.331669735186,-0.943395562191));
#3919 = ( GEOMETRIC_REPRESENTATION_CONTEXT(2) 
PARAMETRIC_REPRESENTATION_CONTEXT() REPRESENTATION_CONTEXT('2D SPACE',''
  ) );
#3920 = ORIENTED_EDGE('',*,*,#3921,.T.);
#3921 = EDGE_CURVE('',#3899,#1535,#3922,.T.);
#3922 = SURFACE_CURVE('',#3923,(#3927,#3934),.PCURVE_S1.);
#3923 = LINE('',#3924,#3925);
#3924 = CARTESIAN_POINT('',(-0.855932320399,-6.181838669845E-02,0.99));
#3925 = VECTOR('',#3926,1.);
#3926 = DIRECTION('',(-0.,-0.,1.));
#3927 = PCURVE('',#1550,#3928);
#3928 = DEFINITIONAL_REPRESENTATION('',(#3929),#3933);
#3929 = LINE('',#3930,#3931);
#3930 = CARTESIAN_POINT('',(0.32931120747,0.));
#3931 = VECTOR('',#3932,1.);
#3932 = DIRECTION('',(0.,1.));
#3933 = ( GEOMETRIC_REPRESENTATION_CONTEXT(2) 
PARAMETRIC_REPRESENTATION_CONTEXT() REPRESENTATION_CONTEXT('2D SPACE',''
  ) );
#3934 = PCURVE('',#1586,#3935);
#3935 = DEFINITIONAL_REPRESENTATION('',(#3936),#3939);
#3936 = B_SPLINE_CURVE_WITH_KNOTS('',1,(#3937,#3938),.UNSPECIFIED.,.F.,
  .F.,(2,2),(0.,1.E-02),.PIECEWISE_BEZIER_KNOTS.);
#3937 = CARTESIAN_POINT('',(7.380097615838E-16,1.401645726568E-14));
#3938 = CARTESIAN_POINT('',(7.805156030372E-17,1.));
#3939 = ( GEOMETRIC_REPRESENTATION_CONTEXT(2) 
PARAMETRIC_REPRESENTATION_CONTEXT() REPRESENTATION_CONTEXT('2D SPACE',''
  ) );
#3940 = ADVANCED_FACE('',(#3941),#1586,.T.);
#3941 = FACE_BOUND('',#3942,.T.);
#3942 = EDGE_LOOP('',(#3943,#3944,#3945,#3976));
#3943 = ORIENTED_EDGE('',*,*,#1562,.F.);
#3944 = ORIENTED_EDGE('',*,*,#3921,.F.);
#3945 = ORIENTED_EDGE('',*,*,#3946,.T.);
#3946 = EDGE_CURVE('',#3899,#3947,#3949,.T.);
#3947 = VERTEX_POINT('',#3948);
#3948 = CARTESIAN_POINT('',(-0.847853052106,-9.748911840577E-02,0.99));
#3949 = SURFACE_CURVE('',#3950,(#3958,#3965),.PCURVE_S1.);
#3950 = B_SPLINE_CURVE_WITH_KNOTS('',3,(#3951,#3952,#3953,#3954,#3955,
    #3956,#3957),.UNSPECIFIED.,.F.,.F.,(4,1,1,1,4),(0.,0.229560165132,
    0.472212301603,0.728790397111,1.),.UNSPECIFIED.);
#3951 = CARTESIAN_POINT('',(-0.855932320399,-6.181838669845E-02,0.99));
#3952 = CARTESIAN_POINT('',(-0.855033045154,-6.447541383141E-02,0.99));
#3953 = CARTESIAN_POINT('',(-0.853183208388,-6.994100015016E-02,0.99));
#3954 = CARTESIAN_POINT('',(-0.851022856634,-7.858509383712E-02,0.99));
#3955 = CARTESIAN_POINT('',(-0.849172491758,-8.781673409222E-02,0.99));
#3956 = CARTESIAN_POINT('',(-0.848300919331,-9.420594898274E-02,0.99));
#3957 = CARTESIAN_POINT('',(-0.847853052106,-9.748911840577E-02,0.99));
#3958 = PCURVE('',#1586,#3959);
#3959 = DEFINITIONAL_REPRESENTATION('',(#3960),#3964);
#3960 = LINE('',#3961,#3962);
#3961 = CARTESIAN_POINT('',(2.082648975036E-17,1.401645726568E-14));
#3962 = VECTOR('',#3963,1.);
#3963 = DIRECTION('',(1.,-1.665334536938E-14));
#3964 = ( GEOMETRIC_REPRESENTATION_CONTEXT(2) 
PARAMETRIC_REPRESENTATION_CONTEXT() REPRESENTATION_CONTEXT('2D SPACE',''
  ) );
#3965 = PCURVE('',#3664,#3966);
#3966 = DEFINITIONAL_REPRESENTATION('',(#3967),#3975);
#3967 = B_SPLINE_CURVE_WITH_KNOTS('',3,(#3968,#3969,#3970,#3971,#3972,
    #3973,#3974),.UNSPECIFIED.,.F.,.F.,(4,1,1,1,4),(0.,0.229560165132,
    0.472212301603,0.728790397111,1.),.UNSPECIFIED.);
#3968 = CARTESIAN_POINT('',(-5.023511320116E-03,1.76100955803E-02));
#3969 = CARTESIAN_POINT('',(-4.124236074743E-03,1.495306844734E-02));
#3970 = CARTESIAN_POINT('',(-2.274399309086E-03,9.487482128595E-03));
#3971 = CARTESIAN_POINT('',(-1.140475545534E-04,8.433884416303E-04));
#3972 = CARTESIAN_POINT('',(1.736317321186E-03,-8.388251813467E-03));
#3973 = CARTESIAN_POINT('',(2.607889747846E-03,-1.477746670399E-02));
#3974 = CARTESIAN_POINT('',(3.055756972567E-03,-1.806063612702E-02));
#3975 = ( GEOMETRIC_REPRESENTATION_CONTEXT(2) 
PARAMETRIC_REPRESENTATION_CONTEXT() REPRESENTATION_CONTEXT('2D SPACE',''
  ) );
#3976 = ORIENTED_EDGE('',*,*,#3977,.T.);
#3977 = EDGE_CURVE('',#3947,#1563,#3978,.T.);
#3978 = SURFACE_CURVE('',#3979,(#3983,#3989),.PCURVE_S1.);
#3979 = LINE('',#3980,#3981);
#3980 = CARTESIAN_POINT('',(-0.847853052106,-9.748911840577E-02,0.99));
#3981 = VECTOR('',#3982,1.);
#3982 = DIRECTION('',(-0.,-0.,1.));
#3983 = PCURVE('',#1586,#3984);
#3984 = DEFINITIONAL_REPRESENTATION('',(#3985),#3988);
#3985 = B_SPLINE_CURVE_WITH_KNOTS('',1,(#3986,#3987),.UNSPECIFIED.,.F.,
  .F.,(2,2),(0.,1.E-02),.PIECEWISE_BEZIER_KNOTS.);
#3986 = CARTESIAN_POINT('',(1.,-2.636888103702E-15));
#3987 = CARTESIAN_POINT('',(1.,1.));
#3988 = ( GEOMETRIC_REPRESENTATION_CONTEXT(2) 
PARAMETRIC_REPRESENTATION_CONTEXT() REPRESENTATION_CONTEXT('2D SPACE',''
  ) );
#3989 = PCURVE('',#1624,#3990);
#3990 = DEFINITIONAL_REPRESENTATION('',(#3991),#3995);
#3991 = LINE('',#3992,#3993);
#3992 = CARTESIAN_POINT('',(0.,0.));
#3993 = VECTOR('',#3994,1.);
#3994 = DIRECTION('',(-1.,0.));
#3995 = ( GEOMETRIC_REPRESENTATION_CONTEXT(2) 
PARAMETRIC_REPRESENTATION_CONTEXT() REPRESENTATION_CONTEXT('2D SPACE',''
  ) );
#3996 = ADVANCED_FACE('',(#3997),#1624,.T.);
#3997 = FACE_BOUND('',#3998,.T.);
#3998 = EDGE_LOOP('',(#3999,#4000,#4001,#4024));
#3999 = ORIENTED_EDGE('',*,*,#1608,.F.);
#4000 = ORIENTED_EDGE('',*,*,#3977,.F.);
#4001 = ORIENTED_EDGE('',*,*,#4002,.T.);
#4002 = EDGE_CURVE('',#3947,#4003,#4005,.T.);
#4003 = VERTEX_POINT('',#4004);
#4004 = CARTESIAN_POINT('',(-0.846633539911,-9.748911840577E-02,0.99));
#4005 = SURFACE_CURVE('',#4006,(#4010,#4017),.PCURVE_S1.);
#4006 = LINE('',#4007,#4008);
#4007 = CARTESIAN_POINT('',(-0.847853052106,-9.748911840577E-02,0.99));
#4008 = VECTOR('',#4009,1.);
#4009 = DIRECTION('',(1.,0.,0.));
#4010 = PCURVE('',#1624,#4011);
#4011 = DEFINITIONAL_REPRESENTATION('',(#4012),#4016);
#4012 = LINE('',#4013,#4014);
#4013 = CARTESIAN_POINT('',(0.,0.));
#4014 = VECTOR('',#4015,1.);
#4015 = DIRECTION('',(0.,1.));
#4016 = ( GEOMETRIC_REPRESENTATION_CONTEXT(2) 
PARAMETRIC_REPRESENTATION_CONTEXT() REPRESENTATION_CONTEXT('2D SPACE',''
  ) );
#4017 = PCURVE('',#3664,#4018);
#4018 = DEFINITIONAL_REPRESENTATION('',(#4019),#4023);
#4019 = LINE('',#4020,#4021);
#4020 = CARTESIAN_POINT('',(3.055756972567E-03,-1.806063612702E-02));
#4021 = VECTOR('',#4022,1.);
#4022 = DIRECTION('',(1.,0.));
#4023 = ( GEOMETRIC_REPRESENTATION_CONTEXT(2) 
PARAMETRIC_REPRESENTATION_CONTEXT() REPRESENTATION_CONTEXT('2D SPACE',''
  ) );
#4024 = ORIENTED_EDGE('',*,*,#4025,.T.);
#4025 = EDGE_CURVE('',#4003,#1609,#4026,.T.);
#4026 = SURFACE_CURVE('',#4027,(#4031,#4038),.PCURVE_S1.);
#4027 = LINE('',#4028,#4029);
#4028 = CARTESIAN_POINT('',(-0.846633539911,-9.748911840577E-02,0.99));
#4029 = VECTOR('',#4030,1.);
#4030 = DIRECTION('',(-0.,-0.,1.));
#4031 = PCURVE('',#1624,#4032);
#4032 = DEFINITIONAL_REPRESENTATION('',(#4033),#4037);
#4033 = LINE('',#4034,#4035);
#4034 = CARTESIAN_POINT('',(0.,1.219512195122E-03));
#4035 = VECTOR('',#4036,1.);
#4036 = DIRECTION('',(-1.,0.));
#4037 = ( GEOMETRIC_REPRESENTATION_CONTEXT(2) 
PARAMETRIC_REPRESENTATION_CONTEXT() REPRESENTATION_CONTEXT('2D SPACE',''
  ) );
#4038 = PCURVE('',#1660,#4039);
#4039 = DEFINITIONAL_REPRESENTATION('',(#4040),#4043);
#4040 = B_SPLINE_CURVE_WITH_KNOTS('',1,(#4041,#4042),.UNSPECIFIED.,.F.,
  .F.,(2,2),(0.,1.E-02),.PIECEWISE_BEZIER_KNOTS.);
#4041 = CARTESIAN_POINT('',(-3.836480838815E-16,-2.636888178113E-15));
#4042 = CARTESIAN_POINT('',(-3.921317869633E-16,1.));
#4043 = ( GEOMETRIC_REPRESENTATION_CONTEXT(2) 
PARAMETRIC_REPRESENTATION_CONTEXT() REPRESENTATION_CONTEXT('2D SPACE',''
  ) );
#4044 = ADVANCED_FACE('',(#4045),#1660,.T.);
#4045 = FACE_BOUND('',#4046,.T.);
#4046 = EDGE_LOOP('',(#4047,#4048,#4049,#4080));
#4047 = ORIENTED_EDGE('',*,*,#1636,.F.);
#4048 = ORIENTED_EDGE('',*,*,#4025,.F.);
#4049 = ORIENTED_EDGE('',*,*,#4050,.T.);
#4050 = EDGE_CURVE('',#4003,#4051,#4053,.T.);
#4051 = VERTEX_POINT('',#4052);
#4052 = CARTESIAN_POINT('',(-0.837792076497,-6.128485011309E-02,0.99));
#4053 = SURFACE_CURVE('',#4054,(#4062,#4069),.PCURVE_S1.);
#4054 = B_SPLINE_CURVE_WITH_KNOTS('',3,(#4055,#4056,#4057,#4058,#4059,
    #4060,#4061),.UNSPECIFIED.,.F.,.F.,(4,1,1,1,4),(0.,0.241261143934,
    0.48783174424,0.73929368481,1.),.UNSPECIFIED.);
#4055 = CARTESIAN_POINT('',(-0.846633539911,-9.748911840577E-02,0.99));
#4056 = CARTESIAN_POINT('',(-0.846252253796,-9.450751172352E-02,0.99));
#4057 = CARTESIAN_POINT('',(-0.845481290568,-8.847868186422E-02,0.99));
#4058 = CARTESIAN_POINT('',(-0.843371910752,-7.951032152314E-02,0.99));
#4059 = CARTESIAN_POINT('',(-0.841022042257,-7.035501660361E-02,0.99));
#4060 = CARTESIAN_POINT('',(-0.838881609654,-6.434440178264E-02,0.99));
#4061 = CARTESIAN_POINT('',(-0.837792076497,-6.128485011309E-02,0.99));
#4062 = PCURVE('',#1660,#4063);
#4063 = DEFINITIONAL_REPRESENTATION('',(#4064),#4068);
#4064 = LINE('',#4065,#4066);
#4065 = CARTESIAN_POINT('',(-3.921317869633E-16,-2.636888178113E-15));
#4066 = VECTOR('',#4067,1.);
#4067 = DIRECTION('',(1.,1.230152034574E-22));
#4068 = ( GEOMETRIC_REPRESENTATION_CONTEXT(2) 
PARAMETRIC_REPRESENTATION_CONTEXT() REPRESENTATION_CONTEXT('2D SPACE',''
  ) );
#4069 = PCURVE('',#3664,#4070);
#4070 = DEFINITIONAL_REPRESENTATION('',(#4071),#4079);
#4071 = B_SPLINE_CURVE_WITH_KNOTS('',3,(#4072,#4073,#4074,#4075,#4076,
    #4077,#4078),.UNSPECIFIED.,.F.,.F.,(4,1,1,1,4),(0.,0.241261143934,
    0.48783174424,0.73929368481,1.),.UNSPECIFIED.);
#4072 = CARTESIAN_POINT('',(4.275269167689E-03,-1.806063612702E-02));
#4073 = CARTESIAN_POINT('',(4.656555282577E-03,-1.507902944477E-02));
#4074 = CARTESIAN_POINT('',(5.427518511248E-03,-9.050199585469E-03));
#4075 = CARTESIAN_POINT('',(7.536898327274E-03,-8.183924438672E-05));
#4076 = CARTESIAN_POINT('',(9.886766822348E-03,9.073465675141E-03));
#4077 = CARTESIAN_POINT('',(1.202719942504E-02,1.508408049611E-02));
#4078 = CARTESIAN_POINT('',(1.311673258232E-02,1.814363216566E-02));
#4079 = ( GEOMETRIC_REPRESENTATION_CONTEXT(2) 
PARAMETRIC_REPRESENTATION_CONTEXT() REPRESENTATION_CONTEXT('2D SPACE',''
  ) );
#4080 = ORIENTED_EDGE('',*,*,#4081,.T.);
#4081 = EDGE_CURVE('',#4051,#1637,#4082,.T.);
#4082 = SURFACE_CURVE('',#4083,(#4087,#4093),.PCURVE_S1.);
#4083 = LINE('',#4084,#4085);
#4084 = CARTESIAN_POINT('',(-0.837792076497,-6.128485011309E-02,0.99));
#4085 = VECTOR('',#4086,1.);
#4086 = DIRECTION('',(-0.,-0.,1.));
#4087 = PCURVE('',#1660,#4088);
#4088 = DEFINITIONAL_REPRESENTATION('',(#4089),#4092);
#4089 = B_SPLINE_CURVE_WITH_KNOTS('',1,(#4090,#4091),.UNSPECIFIED.,.F.,
  .F.,(2,2),(0.,1.E-02),.PIECEWISE_BEZIER_KNOTS.);
#4090 = CARTESIAN_POINT('',(1.,-2.636888055098E-15));
#4091 = CARTESIAN_POINT('',(1.,1.));
#4092 = ( GEOMETRIC_REPRESENTATION_CONTEXT(2) 
PARAMETRIC_REPRESENTATION_CONTEXT() REPRESENTATION_CONTEXT('2D SPACE',''
  ) );
#4093 = PCURVE('',#1696,#4094);
#4094 = DEFINITIONAL_REPRESENTATION('',(#4095),#4099);
#4095 = LINE('',#4096,#4097);
#4096 = CARTESIAN_POINT('',(0.,0.));
#4097 = VECTOR('',#4098,1.);
#4098 = DIRECTION('',(0.,1.));
#4099 = ( GEOMETRIC_REPRESENTATION_CONTEXT(2) 
PARAMETRIC_REPRESENTATION_CONTEXT() REPRESENTATION_CONTEXT('2D SPACE',''
  ) );
#4100 = ADVANCED_FACE('',(#4101),#1696,.T.);
#4101 = FACE_BOUND('',#4102,.T.);
#4102 = EDGE_LOOP('',(#4103,#4104,#4105,#4126));
#4103 = ORIENTED_EDGE('',*,*,#1682,.F.);
#4104 = ORIENTED_EDGE('',*,*,#4081,.F.);
#4105 = ORIENTED_EDGE('',*,*,#4106,.T.);
#4106 = EDGE_CURVE('',#4051,#3626,#4107,.T.);
#4107 = SURFACE_CURVE('',#4108,(#4112,#4119),.PCURVE_S1.);
#4108 = LINE('',#4109,#4110);
#4109 = CARTESIAN_POINT('',(-0.837792076497,-6.128485011309E-02,0.99));
#4110 = VECTOR('',#4111,1.);
#4111 = DIRECTION('',(0.325553808058,0.945523515339,0.));
#4112 = PCURVE('',#1696,#4113);
#4113 = DEFINITIONAL_REPRESENTATION('',(#4114),#4118);
#4114 = LINE('',#4115,#4116);
#4115 = CARTESIAN_POINT('',(0.,0.));
#4116 = VECTOR('',#4117,1.);
#4117 = DIRECTION('',(1.,0.));
#4118 = ( GEOMETRIC_REPRESENTATION_CONTEXT(2) 
PARAMETRIC_REPRESENTATION_CONTEXT() REPRESENTATION_CONTEXT('2D SPACE',''
  ) );
#4119 = PCURVE('',#3664,#4120);
#4120 = DEFINITIONAL_REPRESENTATION('',(#4121),#4125);
#4121 = LINE('',#4122,#4123);
#4122 = CARTESIAN_POINT('',(1.311673258232E-02,1.814363216566E-02));
#4123 = VECTOR('',#4124,1.);
#4124 = DIRECTION('',(0.325553808058,0.945523515339));
#4125 = ( GEOMETRIC_REPRESENTATION_CONTEXT(2) 
PARAMETRIC_REPRESENTATION_CONTEXT() REPRESENTATION_CONTEXT('2D SPACE',''
  ) );
#4126 = ORIENTED_EDGE('',*,*,#3625,.T.);
#4127 = ADVANCED_FACE('',(#4128),#3664,.T.);
#4128 = FACE_BOUND('',#4129,.T.);
#4129 = EDGE_LOOP('',(#4130,#4131,#4132,#4133,#4134,#4135,#4136,#4137,
    #4138,#4139));
#4130 = ORIENTED_EDGE('',*,*,#3648,.F.);
#4131 = ORIENTED_EDGE('',*,*,#4106,.F.);
#4132 = ORIENTED_EDGE('',*,*,#4050,.F.);
#4133 = ORIENTED_EDGE('',*,*,#4002,.F.);
#4134 = ORIENTED_EDGE('',*,*,#3946,.F.);
#4135 = ORIENTED_EDGE('',*,*,#3898,.F.);
#4136 = ORIENTED_EDGE('',*,*,#3849,.F.);
#4137 = ORIENTED_EDGE('',*,*,#3800,.F.);
#4138 = ORIENTED_EDGE('',*,*,#3751,.F.);
#4139 = ORIENTED_EDGE('',*,*,#3702,.F.);
#4140 = ADVANCED_FACE('',(#4141),#62,.F.);
#4141 = FACE_BOUND('',#4142,.F.);
#4142 = EDGE_LOOP('',(#4143,#4144,#4145,#4167));
#4143 = ORIENTED_EDGE('',*,*,#1804,.F.);
#4144 = ORIENTED_EDGE('',*,*,#39,.F.);
#4145 = ORIENTED_EDGE('',*,*,#4146,.T.);
#4146 = EDGE_CURVE('',#40,#108,#4147,.T.);
#4147 = SURFACE_CURVE('',#4148,(#4153,#4160),.PCURVE_S1.);
#4148 = CIRCLE('',#4149,0.112418389858);
#4149 = AXIS2_PLACEMENT_3D('',#4150,#4151,#4152);
#4150 = CARTESIAN_POINT('',(-2.15,2.15,0.99));
#4151 = DIRECTION('',(0.,0.,1.));
#4152 = DIRECTION('',(1.,0.,-0.));
#4153 = PCURVE('',#62,#4154);
#4154 = DEFINITIONAL_REPRESENTATION('',(#4155),#4159);
#4155 = LINE('',#4156,#4157);
#4156 = CARTESIAN_POINT('',(0.,0.));
#4157 = VECTOR('',#4158,1.);
#4158 = DIRECTION('',(1.,0.));
#4159 = ( GEOMETRIC_REPRESENTATION_CONTEXT(2) 
PARAMETRIC_REPRESENTATION_CONTEXT() REPRESENTATION_CONTEXT('2D SPACE',''
  ) );
#4160 = PCURVE('',#145,#4161);
#4161 = DEFINITIONAL_REPRESENTATION('',(#4162),#4166);
#4162 = CIRCLE('',#4163,0.112418389858);
#4163 = AXIS2_PLACEMENT_2D('',#4164,#4165);
#4164 = CARTESIAN_POINT('',(0.,0.));
#4165 = DIRECTION('',(1.,0.));
#4166 = ( GEOMETRIC_REPRESENTATION_CONTEXT(2) 
PARAMETRIC_REPRESENTATION_CONTEXT() REPRESENTATION_CONTEXT('2D SPACE',''
  ) );
#4167 = ORIENTED_EDGE('',*,*,#107,.T.);
#4168 = ADVANCED_FACE('',(#4169),#145,.T.);
#4169 = FACE_BOUND('',#4170,.T.);
#4170 = EDGE_LOOP('',(#4171,#4172));
#4171 = ORIENTED_EDGE('',*,*,#4146,.T.);
#4172 = ORIENTED_EDGE('',*,*,#130,.T.);
#4173 = ADVANCED_FACE('',(#4174),#1883,.T.);
#4174 = FACE_BOUND('',#4175,.T.);
#4175 = EDGE_LOOP('',(#4176,#4177,#4198,#4258));
#4176 = ORIENTED_EDGE('',*,*,#1833,.F.);
#4177 = ORIENTED_EDGE('',*,*,#4178,.F.);
#4178 = EDGE_CURVE('',#4179,#1834,#4181,.T.);
#4179 = VERTEX_POINT('',#4180);
#4180 = CARTESIAN_POINT('',(0.923412191796,-0.156025703772,0.99));
#4181 = SURFACE_CURVE('',#4182,(#4186,#4192),.PCURVE_S1.);
#4182 = LINE('',#4183,#4184);
#4183 = CARTESIAN_POINT('',(0.923412191796,-0.156025703772,0.99));
#4184 = VECTOR('',#4185,1.);
#4185 = DIRECTION('',(-0.,-0.,1.));
#4186 = PCURVE('',#1883,#4187);
#4187 = DEFINITIONAL_REPRESENTATION('',(#4188),#4191);
#4188 = B_SPLINE_CURVE_WITH_KNOTS('',1,(#4189,#4190),.UNSPECIFIED.,.F.,
  .F.,(2,2),(0.,1.E-02),.PIECEWISE_BEZIER_KNOTS.);
#4189 = CARTESIAN_POINT('',(-3.800147846511E-16,1.401645726568E-14));
#4190 = CARTESIAN_POINT('',(-3.615054206877E-16,1.));
#4191 = ( GEOMETRIC_REPRESENTATION_CONTEXT(2) 
PARAMETRIC_REPRESENTATION_CONTEXT() REPRESENTATION_CONTEXT('2D SPACE',''
  ) );
#4192 = PCURVE('',#2163,#4193);
#4193 = DEFINITIONAL_REPRESENTATION('',(#4194),#4197);
#4194 = B_SPLINE_CURVE_WITH_KNOTS('',1,(#4195,#4196),.UNSPECIFIED.,.F.,
  .F.,(2,2),(0.,1.E-02),.PIECEWISE_BEZIER_KNOTS.);
#4195 = CARTESIAN_POINT('',(1.,-2.636888103702E-15));
#4196 = CARTESIAN_POINT('',(1.,1.));
#4197 = ( GEOMETRIC_REPRESENTATION_CONTEXT(2) 
PARAMETRIC_REPRESENTATION_CONTEXT() REPRESENTATION_CONTEXT('2D SPACE',''
  ) );
#4198 = ORIENTED_EDGE('',*,*,#4199,.T.);
#4199 = EDGE_CURVE('',#4179,#4200,#4202,.T.);
#4200 = VERTEX_POINT('',#4201);
#4201 = CARTESIAN_POINT('',(0.795820728381,4.107795476496E-02,0.99));
#4202 = SURFACE_CURVE('',#4203,(#4223,#4230),.PCURVE_S1.);
#4203 = B_SPLINE_CURVE_WITH_KNOTS('',3,(#4204,#4205,#4206,#4207,#4208,
    #4209,#4210,#4211,#4212,#4213,#4214,#4215,#4216,#4217,#4218,#4219,
    #4220,#4221,#4222),.UNSPECIFIED.,.F.,.F.,(4,1,1,1,1,1,1,1,1,1,1,1,1,
    1,1,1,4),(0.,5.603985952508E-02,0.109299809663,0.161136788093,
    0.211752066677,0.262421575052,0.31383701262,0.367096962758,
    0.422774785611,0.481354444662,0.542928345088,0.607800942841,
    0.676724660858,0.750162520877,0.828418351305,0.911701335112,1.),
  .UNSPECIFIED.);
#4204 = CARTESIAN_POINT('',(0.923412191796,-0.156025703772,0.99));
#4205 = CARTESIAN_POINT('',(0.918473141249,-0.155894230825,0.99));
#4206 = CARTESIAN_POINT('',(0.908840046354,-0.15563780677,0.99));
#4207 = CARTESIAN_POINT('',(0.894809740571,-0.153197223473,0.99));
#4208 = CARTESIAN_POINT('',(0.881642985224,-0.149252475733,0.99));
#4209 = CARTESIAN_POINT('',(0.869303723063,-0.143713922744,0.99));
#4210 = CARTESIAN_POINT('',(0.857847738926,-0.136582362332,0.99));
#4211 = CARTESIAN_POINT('',(0.847356868557,-0.1277452185,0.99));
#4212 = CARTESIAN_POINT('',(0.837598053406,-0.117492314893,0.99));
#4213 = CARTESIAN_POINT('',(0.828850210121,-0.105570052015,0.99));
#4214 = CARTESIAN_POINT('',(0.820984611874,-9.220083356838E-02,0.99));
#4215 = CARTESIAN_POINT('',(0.814234746059,-7.734012734176E-02,0.99));
#4216 = CARTESIAN_POINT('',(0.808512628186,-6.109176167355E-02,0.99));
#4217 = CARTESIAN_POINT('',(0.803912157419,-4.341124880455E-02,0.99));
#4218 = CARTESIAN_POINT('',(0.800287327343,-2.431112730228E-02,0.99));
#4219 = CARTESIAN_POINT('',(0.797615240477,-3.777742563079E-03,0.99));
#4220 = CARTESIAN_POINT('',(0.796133380177,1.819003407027E-02,0.99));
#4221 = CARTESIAN_POINT('',(0.795926957036,3.330140250699E-02,0.99));
#4222 = CARTESIAN_POINT('',(0.795820728381,4.107795476496E-02,0.99));
#4223 = PCURVE('',#1883,#4224);
#4224 = DEFINITIONAL_REPRESENTATION('',(#4225),#4229);
#4225 = LINE('',#4226,#4227);
#4226 = CARTESIAN_POINT('',(-3.800147846511E-16,1.401645726568E-14));
#4227 = VECTOR('',#4228,1.);
#4228 = DIRECTION('',(1.,-1.665334536938E-14));
#4229 = ( GEOMETRIC_REPRESENTATION_CONTEXT(2) 
PARAMETRIC_REPRESENTATION_CONTEXT() REPRESENTATION_CONTEXT('2D SPACE',''
  ) );
#4230 = PCURVE('',#4231,#4236);
#4231 = PLANE('',#4232);
#4232 = AXIS2_PLACEMENT_3D('',#4233,#4234,#4235);
#4233 = CARTESIAN_POINT('',(0.819147479051,-8.790050270321E-02,0.99));
#4234 = DIRECTION('',(-2.792348999738E-15,-1.049003101293E-13,1.));
#4235 = DIRECTION('',(0.,-1.,-1.049003101293E-13));
#4236 = DEFINITIONAL_REPRESENTATION('',(#4237),#4257);
#4237 = B_SPLINE_CURVE_WITH_KNOTS('',3,(#4238,#4239,#4240,#4241,#4242,
    #4243,#4244,#4245,#4246,#4247,#4248,#4249,#4250,#4251,#4252,#4253,
    #4254,#4255,#4256),.UNSPECIFIED.,.F.,.F.,(4,1,1,1,1,1,1,1,1,1,1,1,1,
    1,1,1,4),(0.,5.603985952508E-02,0.109299809663,0.161136788093,
    0.211752066677,0.262421575052,0.31383701262,0.367096962758,
    0.422774785611,0.481354444662,0.542928345088,0.607800942841,
    0.676724660858,0.750162520877,0.828418351305,0.911701335112,1.),
  .UNSPECIFIED.);
#4238 = CARTESIAN_POINT('',(6.812520106841E-02,0.104264712745));
#4239 = CARTESIAN_POINT('',(6.799372812198E-02,9.932566219762E-02));
#4240 = CARTESIAN_POINT('',(6.773730406697E-02,8.969256730249E-02));
#4241 = CARTESIAN_POINT('',(6.529672076937E-02,7.566226152011E-02));
#4242 = CARTESIAN_POINT('',(6.135197303008E-02,6.249550617304E-02));
#4243 = CARTESIAN_POINT('',(5.581342004093E-02,5.015624401215E-02));
#4244 = CARTESIAN_POINT('',(4.868185962921E-02,3.870025987505E-02));
#4245 = CARTESIAN_POINT('',(3.984471579726E-02,2.820938950616E-02));
#4246 = CARTESIAN_POINT('',(2.959181218996E-02,1.845057435479E-02));
#4247 = CARTESIAN_POINT('',(1.766954931168E-02,9.702731069266E-03));
#4248 = CARTESIAN_POINT('',(4.300330865168E-03,1.83713282277E-03));
#4249 = CARTESIAN_POINT('',(-1.056037536144E-02,-4.912732992287E-03));
#4250 = CARTESIAN_POINT('',(-2.680874102966E-02,-1.06348508654E-02));
#4251 = CARTESIAN_POINT('',(-4.448925389866E-02,-1.523532163211E-02));
#4252 = CARTESIAN_POINT('',(-6.358937540093E-02,-1.886015170811E-02));
#4253 = CARTESIAN_POINT('',(-8.412276014013E-02,-2.153223857385E-02));
#4254 = CARTESIAN_POINT('',(-0.106090536773,-2.301409887391E-02));
#4255 = CARTESIAN_POINT('',(-0.12120190521,-2.322052201496E-02));
#4256 = CARTESIAN_POINT('',(-0.128978457468,-2.332675066992E-02));
#4257 = ( GEOMETRIC_REPRESENTATION_CONTEXT(2) 
PARAMETRIC_REPRESENTATION_CONTEXT() REPRESENTATION_CONTEXT('2D SPACE',''
  ) );
#4258 = ORIENTED_EDGE('',*,*,#4259,.T.);
#4259 = EDGE_CURVE('',#4200,#1836,#4260,.T.);
#4260 = SURFACE_CURVE('',#4261,(#4265,#4271),.PCURVE_S1.);
#4261 = LINE('',#4262,#4263);
#4262 = CARTESIAN_POINT('',(0.795820728381,4.107795476496E-02,0.99));
#4263 = VECTOR('',#4264,1.);
#4264 = DIRECTION('',(-0.,-0.,1.));
#4265 = PCURVE('',#1883,#4266);
#4266 = DEFINITIONAL_REPRESENTATION('',(#4267),#4270);
#4267 = B_SPLINE_CURVE_WITH_KNOTS('',1,(#4268,#4269),.UNSPECIFIED.,.F.,
  .F.,(2,2),(0.,1.E-02),.PIECEWISE_BEZIER_KNOTS.);
#4268 = CARTESIAN_POINT('',(1.,-2.636888103702E-15));
#4269 = CARTESIAN_POINT('',(1.,1.));
#4270 = ( GEOMETRIC_REPRESENTATION_CONTEXT(2) 
PARAMETRIC_REPRESENTATION_CONTEXT() REPRESENTATION_CONTEXT('2D SPACE',''
  ) );
#4271 = PCURVE('',#1977,#4272);
#4272 = DEFINITIONAL_REPRESENTATION('',(#4273),#4276);
#4273 = B_SPLINE_CURVE_WITH_KNOTS('',1,(#4274,#4275),.UNSPECIFIED.,.F.,
  .F.,(2,2),(0.,1.E-02),.PIECEWISE_BEZIER_KNOTS.);
#4274 = CARTESIAN_POINT('',(2.593326922242E-18,1.401645726568E-14));
#4275 = CARTESIAN_POINT('',(-7.677794596164E-18,1.));
#4276 = ( GEOMETRIC_REPRESENTATION_CONTEXT(2) 
PARAMETRIC_REPRESENTATION_CONTEXT() REPRESENTATION_CONTEXT('2D SPACE',''
  ) );
#4277 = ADVANCED_FACE('',(#4278),#1977,.T.);
#4278 = FACE_BOUND('',#4279,.T.);
#4279 = EDGE_LOOP('',(#4280,#4281,#4282,#4337));
#4280 = ORIENTED_EDGE('',*,*,#1929,.F.);
#4281 = ORIENTED_EDGE('',*,*,#4259,.F.);
#4282 = ORIENTED_EDGE('',*,*,#4283,.T.);
#4283 = EDGE_CURVE('',#4200,#4284,#4286,.T.);
#4284 = VERTEX_POINT('',#4285);
#4285 = CARTESIAN_POINT('',(0.932406094235,0.253730393789,0.99));
#4286 = SURFACE_CURVE('',#4287,(#4307,#4314),.PCURVE_S1.);
#4287 = B_SPLINE_CURVE_WITH_KNOTS('',3,(#4288,#4289,#4290,#4291,#4292,
    #4293,#4294,#4295,#4296,#4297,#4298,#4299,#4300,#4301,#4302,#4303,
    #4304,#4305,#4306),.UNSPECIFIED.,.F.,.F.,(4,1,1,1,1,1,1,1,1,1,1,1,1,
    1,1,1,4),(0.,8.934862503629E-02,0.17300087667,0.251688181746,
    0.325391018468,0.394477064713,0.459265650657,0.520203077444,
    0.577958494658,0.632898264495,0.685494612979,0.736586369198,
    0.786907896375,0.837662530129,0.889537901093,0.943223876691,1.),
  .UNSPECIFIED.);
#4288 = CARTESIAN_POINT('',(0.795820728381,4.107795476496E-02,0.99));
#4289 = CARTESIAN_POINT('',(0.795908425808,4.956684111143E-02,0.99));
#4290 = CARTESIAN_POINT('',(0.796078229559,6.600340943346E-02,0.99));
#4291 = CARTESIAN_POINT('',(0.797800338448,8.986499372986E-02,0.99));
#4292 = CARTESIAN_POINT('',(0.800492976213,0.112134062758,0.99));
#4293 = CARTESIAN_POINT('',(0.804246796148,0.132851977866,0.99));
#4294 = CARTESIAN_POINT('',(0.809188760627,0.151961406498,0.99));
#4295 = CARTESIAN_POINT('',(0.815188327643,0.169486907894,0.99));
#4296 = CARTESIAN_POINT('',(0.822238427751,0.185460723505,0.99));
#4297 = CARTESIAN_POINT('',(0.830515709461,0.199757946441,0.99));
#4298 = CARTESIAN_POINT('',(0.839689635344,0.212549725798,0.99));
#4299 = CARTESIAN_POINT('',(0.85010193121,0.223495211094,0.99));
#4300 = CARTESIAN_POINT('',(0.861326377466,0.232944429342,0.99));
#4301 = CARTESIAN_POINT('',(0.873691493148,0.240519667908,0.99));
#4302 = CARTESIAN_POINT('',(0.88695662881,0.2465553323,0.99));
#4303 = CARTESIAN_POINT('',(0.901259850254,0.250690770173,0.99));
#4304 = CARTESIAN_POINT('',(0.916508341384,0.253290774549,0.99));
#4305 = CARTESIAN_POINT('',(0.927008926266,0.253581146351,0.99));
#4306 = CARTESIAN_POINT('',(0.932406094235,0.253730393789,0.99));
#4307 = PCURVE('',#1977,#4308);
#4308 = DEFINITIONAL_REPRESENTATION('',(#4309),#4313);
#4309 = LINE('',#4310,#4311);
#4310 = CARTESIAN_POINT('',(2.593326922242E-18,1.401645726568E-14));
#4311 = VECTOR('',#4312,1.);
#4312 = DIRECTION('',(1.,-1.665334536938E-14));
#4313 = ( GEOMETRIC_REPRESENTATION_CONTEXT(2) 
PARAMETRIC_REPRESENTATION_CONTEXT() REPRESENTATION_CONTEXT('2D SPACE',''
  ) );
#4314 = PCURVE('',#4231,#4315);
#4315 = DEFINITIONAL_REPRESENTATION('',(#4316),#4336);
#4316 = B_SPLINE_CURVE_WITH_KNOTS('',3,(#4317,#4318,#4319,#4320,#4321,
    #4322,#4323,#4324,#4325,#4326,#4327,#4328,#4329,#4330,#4331,#4332,
    #4333,#4334,#4335),.UNSPECIFIED.,.F.,.F.,(4,1,1,1,1,1,1,1,1,1,1,1,1,
    1,1,1,4),(0.,8.934862503629E-02,0.17300087667,0.251688181746,
    0.325391018468,0.394477064713,0.459265650657,0.520203077444,
    0.577958494658,0.632898264495,0.685494612979,0.736586369198,
    0.786907896375,0.837662530129,0.889537901093,0.943223876691,1.),
  .UNSPECIFIED.);
#4317 = CARTESIAN_POINT('',(-0.128978457468,-2.332675066992E-02));
#4318 = CARTESIAN_POINT('',(-0.137467343815,-2.323905324319E-02));
#4319 = CARTESIAN_POINT('',(-0.153903912137,-2.306924949188E-02));
#4320 = CARTESIAN_POINT('',(-0.177765496433,-2.134714060331E-02));
#4321 = CARTESIAN_POINT('',(-0.200034565461,-1.865450283821E-02));
#4322 = CARTESIAN_POINT('',(-0.220752480569,-1.490068290317E-02));
#4323 = CARTESIAN_POINT('',(-0.239861909201,-9.958718424073E-03));
#4324 = CARTESIAN_POINT('',(-0.257387410598,-3.959151408337E-03));
#4325 = CARTESIAN_POINT('',(-0.273361226209,3.09094869983E-03));
#4326 = CARTESIAN_POINT('',(-0.287658449144,1.136823041012E-02));
#4327 = CARTESIAN_POINT('',(-0.300450228501,2.054215629262E-02));
#4328 = CARTESIAN_POINT('',(-0.311395713797,3.095445215875E-02));
#4329 = CARTESIAN_POINT('',(-0.320844932046,4.217889841502E-02));
#4330 = CARTESIAN_POINT('',(-0.328420170611,5.454401409673E-02));
#4331 = CARTESIAN_POINT('',(-0.334455835004,6.780914975872E-02));
#4332 = CARTESIAN_POINT('',(-0.338591272876,8.211237120256E-02));
#4333 = CARTESIAN_POINT('',(-0.341191277252,9.736086233303E-02));
#4334 = CARTESIAN_POINT('',(-0.341481649055,0.107861447214));
#4335 = CARTESIAN_POINT('',(-0.341630896493,0.113258615184));
#4336 = ( GEOMETRIC_REPRESENTATION_CONTEXT(2) 
PARAMETRIC_REPRESENTATION_CONTEXT() REPRESENTATION_CONTEXT('2D SPACE',''
  ) );
#4337 = ORIENTED_EDGE('',*,*,#4338,.T.);
#4338 = EDGE_CURVE('',#4284,#1930,#4339,.T.);
#4339 = SURFACE_CURVE('',#4340,(#4344,#4350),.PCURVE_S1.);
#4340 = LINE('',#4341,#4342);
#4341 = CARTESIAN_POINT('',(0.932406094235,0.253730393789,0.99));
#4342 = VECTOR('',#4343,1.);
#4343 = DIRECTION('',(-0.,-0.,1.));
#4344 = PCURVE('',#1977,#4345);
#4345 = DEFINITIONAL_REPRESENTATION('',(#4346),#4349);
#4346 = B_SPLINE_CURVE_WITH_KNOTS('',1,(#4347,#4348),.UNSPECIFIED.,.F.,
  .F.,(2,2),(0.,1.E-02),.PIECEWISE_BEZIER_KNOTS.);
#4347 = CARTESIAN_POINT('',(1.,-2.636888103702E-15));
#4348 = CARTESIAN_POINT('',(1.,1.));
#4349 = ( GEOMETRIC_REPRESENTATION_CONTEXT(2) 
PARAMETRIC_REPRESENTATION_CONTEXT() REPRESENTATION_CONTEXT('2D SPACE',''
  ) );
#4350 = PCURVE('',#2071,#4351);
#4351 = DEFINITIONAL_REPRESENTATION('',(#4352),#4355);
#4352 = B_SPLINE_CURVE_WITH_KNOTS('',1,(#4353,#4354),.UNSPECIFIED.,.F.,
  .F.,(2,2),(0.,1.E-02),.PIECEWISE_BEZIER_KNOTS.);
#4353 = CARTESIAN_POINT('',(-9.289662953497E-17,1.401645726568E-14));
#4354 = CARTESIAN_POINT('',(-7.554600664341E-17,1.));
#4355 = ( GEOMETRIC_REPRESENTATION_CONTEXT(2) 
PARAMETRIC_REPRESENTATION_CONTEXT() REPRESENTATION_CONTEXT('2D SPACE',''
  ) );
#4356 = ADVANCED_FACE('',(#4357),#2071,.T.);
#4357 = FACE_BOUND('',#4358,.T.);
#4358 = EDGE_LOOP('',(#4359,#4360,#4361,#4416));
#4359 = ORIENTED_EDGE('',*,*,#2023,.F.);
#4360 = ORIENTED_EDGE('',*,*,#4338,.F.);
#4361 = ORIENTED_EDGE('',*,*,#4362,.T.);
#4362 = EDGE_CURVE('',#4284,#4363,#4365,.T.);
#4363 = VERTEX_POINT('',#4364);
#4364 = CARTESIAN_POINT('',(1.059235362528,5.052917427716E-02,0.99));
#4365 = SURFACE_CURVE('',#4366,(#4386,#4393),.PCURVE_S1.);
#4366 = B_SPLINE_CURVE_WITH_KNOTS('',3,(#4367,#4368,#4369,#4370,#4371,
    #4372,#4373,#4374,#4375,#4376,#4377,#4378,#4379,#4380,#4381,#4382,
    #4383,#4384,#4385),.UNSPECIFIED.,.F.,.F.,(4,1,1,1,1,1,1,1,1,1,1,1,1,
    1,1,1,4),(0.,5.696610313175E-02,0.110680824974,0.162372387878,
    0.212420943299,0.262132306915,0.312298027733,0.363928931032,
    0.417693846662,0.474926719345,0.535248523298,0.600181427496,
    0.669727138117,0.744097492772,0.823757051532,0.909006355333,1.),
  .UNSPECIFIED.);
#4367 = CARTESIAN_POINT('',(0.932406094235,0.253730393789,0.99));
#4368 = CARTESIAN_POINT('',(0.937549940018,0.25361014042,0.99));
#4369 = CARTESIAN_POINT('',(0.947544042888,0.253376497229,0.99));
#4370 = CARTESIAN_POINT('',(0.962010804279,0.250810595138,0.99));
#4371 = CARTESIAN_POINT('',(0.97552414605,0.246937343194,0.99));
#4372 = CARTESIAN_POINT('',(0.987993844215,0.241257099227,0.99));
#4373 = CARTESIAN_POINT('',(0.999575367134,0.234184810397,0.99));
#4374 = CARTESIAN_POINT('',(1.009972136123,0.225244206916,0.99));
#4375 = CARTESIAN_POINT('',(1.019521262771,0.214915446179,0.99));
#4376 = CARTESIAN_POINT('',(1.027920098253,0.202839871775,0.99));
#4377 = CARTESIAN_POINT('',(1.035366869967,0.189269190693,0.99));
#4378 = CARTESIAN_POINT('',(1.041759744968,0.174075466877,0.99));
#4379 = CARTESIAN_POINT('',(1.047254831444,0.157363725948,0.99));
#4380 = CARTESIAN_POINT('',(1.051568105667,0.139009490346,0.99));
#4381 = CARTESIAN_POINT('',(1.055121562895,0.119145701681,0.99));
#4382 = CARTESIAN_POINT('',(1.057439509599,9.767631705041E-02,0.99));
#4383 = CARTESIAN_POINT('',(1.059042606148,7.463899918496E-02,0.99));
#4384 = CARTESIAN_POINT('',(1.05916972928,5.87385321907E-02,0.99));
#4385 = CARTESIAN_POINT('',(1.059235362528,5.052917427716E-02,0.99));
#4386 = PCURVE('',#2071,#4387);
#4387 = DEFINITIONAL_REPRESENTATION('',(#4388),#4392);
#4388 = LINE('',#4389,#4390);
#4389 = CARTESIAN_POINT('',(-9.289662953497E-17,1.401645726568E-14));
#4390 = VECTOR('',#4391,1.);
#4391 = DIRECTION('',(1.,-1.665334536938E-14));
#4392 = ( GEOMETRIC_REPRESENTATION_CONTEXT(2) 
PARAMETRIC_REPRESENTATION_CONTEXT() REPRESENTATION_CONTEXT('2D SPACE',''
  ) );
#4393 = PCURVE('',#4231,#4394);
#4394 = DEFINITIONAL_REPRESENTATION('',(#4395),#4415);
#4395 = B_SPLINE_CURVE_WITH_KNOTS('',3,(#4396,#4397,#4398,#4399,#4400,
    #4401,#4402,#4403,#4404,#4405,#4406,#4407,#4408,#4409,#4410,#4411,
    #4412,#4413,#4414),.UNSPECIFIED.,.F.,.F.,(4,1,1,1,1,1,1,1,1,1,1,1,1,
    1,1,1,4),(0.,5.696610313175E-02,0.110680824974,0.162372387878,
    0.212420943299,0.262132306915,0.312298027733,0.363928931032,
    0.417693846662,0.474926719345,0.535248523298,0.600181427496,
    0.669727138117,0.744097492772,0.823757051532,0.909006355333,1.),
  .UNSPECIFIED.);
#4396 = CARTESIAN_POINT('',(-0.341630896493,0.113258615184));
#4397 = CARTESIAN_POINT('',(-0.341510643123,0.118402460967));
#4398 = CARTESIAN_POINT('',(-0.341276999933,0.128396563836));
#4399 = CARTESIAN_POINT('',(-0.338711097842,0.142863325228));
#4400 = CARTESIAN_POINT('',(-0.334837845897,0.156376666999));
#4401 = CARTESIAN_POINT('',(-0.32915760193,0.168846365164));
#4402 = CARTESIAN_POINT('',(-0.3220853131,0.180427888082));
#4403 = CARTESIAN_POINT('',(-0.313144709619,0.190824657072));
#4404 = CARTESIAN_POINT('',(-0.302815948883,0.20037378372));
#4405 = CARTESIAN_POINT('',(-0.290740374479,0.208772619202));
#4406 = CARTESIAN_POINT('',(-0.277169693397,0.216219390915));
#4407 = CARTESIAN_POINT('',(-0.26197596958,0.222612265917));
#4408 = CARTESIAN_POINT('',(-0.245264228652,0.228107352393));
#4409 = CARTESIAN_POINT('',(-0.226909993049,0.232420626616));
#4410 = CARTESIAN_POINT('',(-0.207046204384,0.235974083844));
#4411 = CARTESIAN_POINT('',(-0.185576819754,0.238292030548));
#4412 = CARTESIAN_POINT('',(-0.162539501888,0.239895127097));
#4413 = CARTESIAN_POINT('',(-0.146639034894,0.240022250229));
#4414 = CARTESIAN_POINT('',(-0.13842967698,0.240087883476));
#4415 = ( GEOMETRIC_REPRESENTATION_CONTEXT(2) 
PARAMETRIC_REPRESENTATION_CONTEXT() REPRESENTATION_CONTEXT('2D SPACE',''
  ) );
#4416 = ORIENTED_EDGE('',*,*,#4417,.T.);
#4417 = EDGE_CURVE('',#4363,#2024,#4418,.T.);
#4418 = SURFACE_CURVE('',#4419,(#4423,#4429),.PCURVE_S1.);
#4419 = LINE('',#4420,#4421);
#4420 = CARTESIAN_POINT('',(1.059235362528,5.052917427716E-02,0.99));
#4421 = VECTOR('',#4422,1.);
#4422 = DIRECTION('',(-0.,-0.,1.));
#4423 = PCURVE('',#2071,#4424);
#4424 = DEFINITIONAL_REPRESENTATION('',(#4425),#4428);
#4425 = B_SPLINE_CURVE_WITH_KNOTS('',1,(#4426,#4427),.UNSPECIFIED.,.F.,
  .F.,(2,2),(0.,1.E-02),.PIECEWISE_BEZIER_KNOTS.);
#4426 = CARTESIAN_POINT('',(1.,-2.636888103702E-15));
#4427 = CARTESIAN_POINT('',(1.,1.));
#4428 = ( GEOMETRIC_REPRESENTATION_CONTEXT(2) 
PARAMETRIC_REPRESENTATION_CONTEXT() REPRESENTATION_CONTEXT('2D SPACE',''
  ) );
#4429 = PCURVE('',#2163,#4430);
#4430 = DEFINITIONAL_REPRESENTATION('',(#4431),#4434);
#4431 = B_SPLINE_CURVE_WITH_KNOTS('',1,(#4432,#4433),.UNSPECIFIED.,.F.,
  .F.,(2,2),(0.,1.E-02),.PIECEWISE_BEZIER_KNOTS.);
#4432 = CARTESIAN_POINT('',(-1.985062667671E-17,-8.188057436936E-15));
#4433 = CARTESIAN_POINT('',(-5.926451335898E-18,1.));
#4434 = ( GEOMETRIC_REPRESENTATION_CONTEXT(2) 
PARAMETRIC_REPRESENTATION_CONTEXT() REPRESENTATION_CONTEXT('2D SPACE',''
  ) );
#4435 = ADVANCED_FACE('',(#4436),#2163,.T.);
#4436 = FACE_BOUND('',#4437,.T.);
#4437 = EDGE_LOOP('',(#4438,#4439,#4440,#4493));
#4438 = ORIENTED_EDGE('',*,*,#2117,.F.);
#4439 = ORIENTED_EDGE('',*,*,#4417,.F.);
#4440 = ORIENTED_EDGE('',*,*,#4441,.T.);
#4441 = EDGE_CURVE('',#4363,#4179,#4442,.T.);
#4442 = SURFACE_CURVE('',#4443,(#4463,#4470),.PCURVE_S1.);
#4443 = B_SPLINE_CURVE_WITH_KNOTS('',3,(#4444,#4445,#4446,#4447,#4448,
    #4449,#4450,#4451,#4452,#4453,#4454,#4455,#4456,#4457,#4458,#4459,
    #4460,#4461,#4462),.UNSPECIFIED.,.F.,.F.,(4,1,1,1,1,1,1,1,1,1,1,1,1,
    1,1,1,4),(0.,8.744171366995E-02,0.169876276114,0.24754788926,
    0.320426604589,0.389167913688,0.454186731064,0.515608500322,
    0.574356698595,0.630317130024,0.684011263885,0.735802329721,
    0.786754251388,0.837785704936,0.889811153416,0.943739754499,1.),
  .UNSPECIFIED.);
#4444 = CARTESIAN_POINT('',(1.059235362528,5.052917427716E-02,0.99));
#4445 = CARTESIAN_POINT('',(1.059144455528,4.242152102391E-02,0.99));
#4446 = CARTESIAN_POINT('',(1.058967847112,2.667048087526E-02,0.99));
#4447 = CARTESIAN_POINT('',(1.057276029845,3.766821246805E-03,0.99));
#4448 = CARTESIAN_POINT('',(1.05448442819,-1.766234359106E-02,0.99));
#4449 = CARTESIAN_POINT('',(1.050641334819,-3.764165570688E-02,0.99));
#4450 = CARTESIAN_POINT('',(1.045636214196,-5.615452576132E-02,0.99));
#4451 = CARTESIAN_POINT('',(1.039478415472,-7.319220073522E-02,0.99));
#4452 = CARTESIAN_POINT('',(1.032242742622,-8.879016525115E-02,0.99));
#4453 = CARTESIAN_POINT('',(1.023870210686,-0.10284511282,0.99));
#4454 = CARTESIAN_POINT('',(1.014469795708,-0.115349440072,0.99));
#4455 = CARTESIAN_POINT('',(1.004158202693,-0.126244800526,0.99));
#4456 = CARTESIAN_POINT('',(0.992948065257,-0.135511021056,0.99));
#4457 = CARTESIAN_POINT('',(0.980796618354,-0.143048445407,0.99));
#4458 = CARTESIAN_POINT('',(0.967720014904,-0.148897081851,0.99));
#4459 = CARTESIAN_POINT('',(0.953715471662,-0.152975513319,0.99));
#4460 = CARTESIAN_POINT('',(0.938854116825,-0.155576724737,0.99));
#4461 = CARTESIAN_POINT('',(0.928631604424,-0.155873947638,0.99));
#4462 = CARTESIAN_POINT('',(0.923412191796,-0.156025703772,0.99));
#4463 = PCURVE('',#2163,#4464);
#4464 = DEFINITIONAL_REPRESENTATION('',(#4465),#4469);
#4465 = LINE('',#4466,#4467);
#4466 = CARTESIAN_POINT('',(-1.985062667671E-17,-8.188057436936E-15));
#4467 = VECTOR('',#4468,1.);
#4468 = DIRECTION('',(1.,5.551169333234E-15));
#4469 = ( GEOMETRIC_REPRESENTATION_CONTEXT(2) 
PARAMETRIC_REPRESENTATION_CONTEXT() REPRESENTATION_CONTEXT('2D SPACE',''
  ) );
#4470 = PCURVE('',#4231,#4471);
#4471 = DEFINITIONAL_REPRESENTATION('',(#4472),#4492);
#4472 = B_SPLINE_CURVE_WITH_KNOTS('',3,(#4473,#4474,#4475,#4476,#4477,
    #4478,#4479,#4480,#4481,#4482,#4483,#4484,#4485,#4486,#4487,#4488,
    #4489,#4490,#4491),.UNSPECIFIED.,.F.,.F.,(4,1,1,1,1,1,1,1,1,1,1,1,1,
    1,1,1,4),(0.,8.744171366995E-02,0.169876276114,0.24754788926,
    0.320426604589,0.389167913688,0.454186731064,0.515608500322,
    0.574356698595,0.630317130024,0.684011263885,0.735802329721,
    0.786754251388,0.837785704936,0.889811153416,0.943739754499,1.),
  .UNSPECIFIED.);
#4473 = CARTESIAN_POINT('',(-0.13842967698,0.240087883476));
#4474 = CARTESIAN_POINT('',(-0.130322023727,0.239996976477));
#4475 = CARTESIAN_POINT('',(-0.114570983578,0.239820368061));
#4476 = CARTESIAN_POINT('',(-9.166732395001E-02,0.238128550794));
#4477 = CARTESIAN_POINT('',(-7.023815911215E-02,0.235336949139));
#4478 = CARTESIAN_POINT('',(-5.025884699633E-02,0.231493855767));
#4479 = CARTESIAN_POINT('',(-3.174597694189E-02,0.226488735145));
#4480 = CARTESIAN_POINT('',(-1.470830196799E-02,0.220330936421));
#4481 = CARTESIAN_POINT('',(8.8966254794E-04,0.213095263571));
#4482 = CARTESIAN_POINT('',(1.49446101164E-02,0.204722731635));
#4483 = CARTESIAN_POINT('',(2.744893736902E-02,0.195322316657));
#4484 = CARTESIAN_POINT('',(3.834429782288E-02,0.185010723641));
#4485 = CARTESIAN_POINT('',(4.761051835231E-02,0.173800586206));
#4486 = CARTESIAN_POINT('',(5.514794270396E-02,0.161649139303));
#4487 = CARTESIAN_POINT('',(6.099657914829E-02,0.148572535853));
#4488 = CARTESIAN_POINT('',(6.507501061544E-02,0.134567992611));
#4489 = CARTESIAN_POINT('',(6.767622203396E-02,0.119706637774));
#4490 = CARTESIAN_POINT('',(6.797344493453E-02,0.109484125373));
#4491 = CARTESIAN_POINT('',(6.812520106841E-02,0.104264712745));
#4492 = ( GEOMETRIC_REPRESENTATION_CONTEXT(2) 
PARAMETRIC_REPRESENTATION_CONTEXT() REPRESENTATION_CONTEXT('2D SPACE',''
  ) );
#4493 = ORIENTED_EDGE('',*,*,#4178,.T.);
#4494 = ADVANCED_FACE('',(#4495,#4873),#4231,.T.);
#4495 = FACE_BOUND('',#4496,.T.);
#4496 = EDGE_LOOP('',(#4497,#4593,#4687,#4781));
#4497 = ORIENTED_EDGE('',*,*,#4498,.F.);
#4498 = EDGE_CURVE('',#4499,#4501,#4503,.T.);
#4499 = VERTEX_POINT('',#4500);
#4500 = CARTESIAN_POINT('',(1.005576825942,4.610844256984E-02,0.99));
#4501 = VERTEX_POINT('',#4502);
#4502 = CARTESIAN_POINT('',(0.929662191796,0.209827954765,0.99));
#4503 = SURFACE_CURVE('',#4504,(#4524,#4547),.PCURVE_S1.);
#4504 = B_SPLINE_CURVE_WITH_KNOTS('',3,(#4505,#4506,#4507,#4508,#4509,
    #4510,#4511,#4512,#4513,#4514,#4515,#4516,#4517,#4518,#4519,#4520,
    #4521,#4522,#4523),.UNSPECIFIED.,.F.,.F.,(4,1,1,1,1,1,1,1,1,1,1,1,1,
    1,1,1,4),(0.,9.928876216572E-02,0.192187654191,0.279167211718,
    0.360012531696,0.43490860158,0.504088150526,0.567846537328,
    0.626769206866,0.681081078205,0.731386256249,0.778443409736,
    0.823131118351,0.866613353427,0.909794448552,0.95369713402,1.),
  .UNSPECIFIED.);
#4505 = CARTESIAN_POINT('',(1.005576825942,4.610844256984E-02,0.99));
#4506 = CARTESIAN_POINT('',(1.005524705382,5.271543761448E-02,0.99));
#4507 = CARTESIAN_POINT('',(1.005423818554,6.550422509843E-02,0.99));
#4508 = CARTESIAN_POINT('',(1.004468988678,8.405962294694E-02,0.99));
#4509 = CARTESIAN_POINT('',(1.003080392709,0.101355416499,0.99));
#4510 = CARTESIAN_POINT('',(1.00104152662,0.117383392282,0.99));
#4511 = CARTESIAN_POINT('',(0.998400048145,0.132120913129,0.99));
#4512 = CARTESIAN_POINT('',(0.995161830075,0.145576952721,0.99));
#4513 = CARTESIAN_POINT('',(0.99125972263,0.157742157642,0.99));
#4514 = CARTESIAN_POINT('',(0.986898983062,0.168697118754,0.99));
#4515 = CARTESIAN_POINT('',(0.981871133264,0.178369077521,0.99));
#4516 = CARTESIAN_POINT('',(0.976238339694,0.186778215371,0.99));
#4517 = CARTESIAN_POINT('',(0.969923039159,0.193841471591,0.99));
#4518 = CARTESIAN_POINT('',(0.963125234725,0.199795481135,0.99));
#4519 = CARTESIAN_POINT('',(0.955532117544,0.204221683127,0.99));
#4520 = CARTESIAN_POINT('',(0.947443829201,0.207445087003,0.99));
#4521 = CARTESIAN_POINT('',(0.938762227014,0.209549630636,0.99));
#4522 = CARTESIAN_POINT('',(0.932748871131,0.209733548829,0.99));
#4523 = CARTESIAN_POINT('',(0.929662191796,0.209827954765,0.99));
#4524 = PCURVE('',#4231,#4525);
#4525 = DEFINITIONAL_REPRESENTATION('',(#4526),#4546);
#4526 = B_SPLINE_CURVE_WITH_KNOTS('',3,(#4527,#4528,#4529,#4530,#4531,
    #4532,#4533,#4534,#4535,#4536,#4537,#4538,#4539,#4540,#4541,#4542,
    #4543,#4544,#4545),.UNSPECIFIED.,.F.,.F.,(4,1,1,1,1,1,1,1,1,1,1,1,1,
    1,1,1,4),(0.,9.928876216572E-02,0.192187654191,0.279167211718,
    0.360012531696,0.43490860158,0.504088150526,0.567846537328,
    0.626769206866,0.681081078205,0.731386256249,0.778443409736,
    0.823131118351,0.866613353427,0.909794448552,0.95369713402,1.),
  .UNSPECIFIED.);
#4527 = CARTESIAN_POINT('',(-0.134008945273,0.186429346891));
#4528 = CARTESIAN_POINT('',(-0.140615940318,0.186377226331));
#4529 = CARTESIAN_POINT('',(-0.153404727802,0.186276339503));
#4530 = CARTESIAN_POINT('',(-0.17196012565,0.185321509626));
#4531 = CARTESIAN_POINT('',(-0.189255919203,0.183932913658));
#4532 = CARTESIAN_POINT('',(-0.205283894985,0.181894047569));
#4533 = CARTESIAN_POINT('',(-0.220021415832,0.179252569094));
#4534 = CARTESIAN_POINT('',(-0.233477455424,0.176014351024));
#4535 = CARTESIAN_POINT('',(-0.245642660345,0.172112243579));
#4536 = CARTESIAN_POINT('',(-0.256597621457,0.167751504011));
#4537 = CARTESIAN_POINT('',(-0.266269580224,0.162723654212));
#4538 = CARTESIAN_POINT('',(-0.274678718074,0.157090860643));
#4539 = CARTESIAN_POINT('',(-0.281741974294,0.150775560108));
#4540 = CARTESIAN_POINT('',(-0.287695983838,0.143977755674));
#4541 = CARTESIAN_POINT('',(-0.29212218583,0.136384638493));
#4542 = CARTESIAN_POINT('',(-0.295345589706,0.128296350149));
#4543 = CARTESIAN_POINT('',(-0.297450133339,0.119614747963));
#4544 = CARTESIAN_POINT('',(-0.297634051533,0.11360139208));
#4545 = CARTESIAN_POINT('',(-0.297728457468,0.110514712745));
#4546 = ( GEOMETRIC_REPRESENTATION_CONTEXT(2) 
PARAMETRIC_REPRESENTATION_CONTEXT() REPRESENTATION_CONTEXT('2D SPACE',''
  ) );
#4547 = PCURVE('',#4548,#4587);
#4548 = B_SPLINE_SURFACE_WITH_KNOTS('',3,1,(
    (#4549,#4550)
    ,(#4551,#4552)
    ,(#4553,#4554)
    ,(#4555,#4556)
    ,(#4557,#4558)
    ,(#4559,#4560)
    ,(#4561,#4562)
    ,(#4563,#4564)
    ,(#4565,#4566)
    ,(#4567,#4568)
    ,(#4569,#4570)
    ,(#4571,#4572)
    ,(#4573,#4574)
    ,(#4575,#4576)
    ,(#4577,#4578)
    ,(#4579,#4580)
    ,(#4581,#4582)
    ,(#4583,#4584)
    ,(#4585,#4586
    )),.UNSPECIFIED.,.F.,.F.,.F.,(4,1,1,1,1,1,1,1,1,1,1,1,1,1,1,1,4),(2,
    2),(0.,9.928876216572E-02,0.192187654191,0.279167211718,
    0.360012531696,0.43490860158,0.504088150526,0.567846537328,
    0.626769206866,0.681081078205,0.731386256249,0.778443409736,
    0.823131118351,0.866613353427,0.909794448552,0.95369713402,1.),(0.,
    1.),.UNSPECIFIED.);
#4549 = CARTESIAN_POINT('',(1.005576825942,4.610844256984E-02,0.99));
#4550 = CARTESIAN_POINT('',(1.005576825942,4.610844256984E-02,1.));
#4551 = CARTESIAN_POINT('',(1.005524705382,5.271543761448E-02,0.99));
#4552 = CARTESIAN_POINT('',(1.005524705382,5.271543761448E-02,1.));
#4553 = CARTESIAN_POINT('',(1.005423818554,6.550422509843E-02,0.99));
#4554 = CARTESIAN_POINT('',(1.005423818554,6.550422509843E-02,1.));
#4555 = CARTESIAN_POINT('',(1.004468988678,8.405962294694E-02,0.99));
#4556 = CARTESIAN_POINT('',(1.004468988678,8.405962294694E-02,1.));
#4557 = CARTESIAN_POINT('',(1.003080392709,0.101355416499,0.99));
#4558 = CARTESIAN_POINT('',(1.003080392709,0.101355416499,1.));
#4559 = CARTESIAN_POINT('',(1.00104152662,0.117383392282,0.99));
#4560 = CARTESIAN_POINT('',(1.00104152662,0.117383392282,1.));
#4561 = CARTESIAN_POINT('',(0.998400048145,0.132120913129,0.99));
#4562 = CARTESIAN_POINT('',(0.998400048145,0.132120913129,1.));
#4563 = CARTESIAN_POINT('',(0.995161830075,0.145576952721,0.99));
#4564 = CARTESIAN_POINT('',(0.995161830075,0.145576952721,1.));
#4565 = CARTESIAN_POINT('',(0.99125972263,0.157742157642,0.99));
#4566 = CARTESIAN_POINT('',(0.99125972263,0.157742157642,1.));
#4567 = CARTESIAN_POINT('',(0.986898983062,0.168697118754,0.99));
#4568 = CARTESIAN_POINT('',(0.986898983062,0.168697118754,1.));
#4569 = CARTESIAN_POINT('',(0.981871133264,0.178369077521,0.99));
#4570 = CARTESIAN_POINT('',(0.981871133264,0.178369077521,1.));
#4571 = CARTESIAN_POINT('',(0.976238339694,0.186778215371,0.99));
#4572 = CARTESIAN_POINT('',(0.976238339694,0.186778215371,1.));
#4573 = CARTESIAN_POINT('',(0.969923039159,0.193841471591,0.99));
#4574 = CARTESIAN_POINT('',(0.969923039159,0.193841471591,1.));
#4575 = CARTESIAN_POINT('',(0.963125234725,0.199795481135,0.99));
#4576 = CARTESIAN_POINT('',(0.963125234725,0.199795481135,1.));
#4577 = CARTESIAN_POINT('',(0.955532117544,0.204221683127,0.99));
#4578 = CARTESIAN_POINT('',(0.955532117544,0.204221683127,1.));
#4579 = CARTESIAN_POINT('',(0.947443829201,0.207445087003,0.99));
#4580 = CARTESIAN_POINT('',(0.947443829201,0.207445087003,1.));
#4581 = CARTESIAN_POINT('',(0.938762227014,0.209549630636,0.99));
#4582 = CARTESIAN_POINT('',(0.938762227014,0.209549630636,1.));
#4583 = CARTESIAN_POINT('',(0.932748871131,0.209733548829,0.99));
#4584 = CARTESIAN_POINT('',(0.932748871131,0.209733548829,1.));
#4585 = CARTESIAN_POINT('',(0.929662191796,0.209827954765,0.99));
#4586 = CARTESIAN_POINT('',(0.929662191796,0.209827954765,1.));
#4587 = DEFINITIONAL_REPRESENTATION('',(#4588),#4592);
#4588 = LINE('',#4589,#4590);
#4589 = CARTESIAN_POINT('',(1.154307807691E-17,1.958329381188E-14));
#4590 = VECTOR('',#4591,1.);
#4591 = DIRECTION('',(1.,-2.220446098408E-14));
#4592 = ( GEOMETRIC_REPRESENTATION_CONTEXT(2) 
PARAMETRIC_REPRESENTATION_CONTEXT() REPRESENTATION_CONTEXT('2D SPACE',''
  ) );
#4593 = ORIENTED_EDGE('',*,*,#4594,.F.);
#4594 = EDGE_CURVE('',#4595,#4499,#4597,.T.);
#4595 = VERTEX_POINT('',#4596);
#4596 = CARTESIAN_POINT('',(0.928137801552,-0.112123264747,0.99));
#4597 = SURFACE_CURVE('',#4598,(#4618,#4641),.PCURVE_S1.);
#4598 = B_SPLINE_CURVE_WITH_KNOTS('',3,(#4599,#4600,#4601,#4602,#4603,
    #4604,#4605,#4606,#4607,#4608,#4609,#4610,#4611,#4612,#4613,#4614,
    #4615,#4616,#4617),.UNSPECIFIED.,.F.,.F.,(4,1,1,1,1,1,1,1,1,1,1,1,1,
    1,1,1,4),(0.,4.801005732536E-02,9.376792031107E-02,0.138399557564,
    0.183232991656,0.228673116742,0.276074169236,0.326560989789,
    0.380774670644,0.439386736474,0.502573868797,0.570971250052,
    0.645145693524,0.724524964618,0.810181024224,0.902222412465,1.),
  .UNSPECIFIED.);
#4599 = CARTESIAN_POINT('',(0.928137801552,-0.112123264747,0.99));
#4600 = CARTESIAN_POINT('',(0.931271519493,-0.112010731362,0.99));
#4601 = CARTESIAN_POINT('',(0.937391949888,-0.111790943634,0.99));
#4602 = CARTESIAN_POINT('',(0.946278330114,-0.109934246472,0.99));
#4603 = CARTESIAN_POINT('',(0.95453694737,-0.106748921038,0.99));
#4604 = CARTESIAN_POINT('',(0.962224253062,-0.102393015212,0.99));
#4605 = CARTESIAN_POINT('',(0.969239603941,-9.672418822421E-02,0.99));
#4606 = CARTESIAN_POINT('',(0.975587799666,-8.982865816955E-02,0.99));
#4607 = CARTESIAN_POINT('',(0.981440296171,-8.178245859745E-02,0.99));
#4608 = CARTESIAN_POINT('',(0.986472845169,-7.23684412173E-02,0.99));
#4609 = CARTESIAN_POINT('',(0.991084353126,-6.183959446513E-02,0.99));
#4610 = CARTESIAN_POINT('',(0.994892473136,-5.001573370341E-02,0.99));
#4611 = CARTESIAN_POINT('',(0.998261384941,-3.701828987631E-02,0.99));
#4612 = CARTESIAN_POINT('',(1.000977504058,-2.278634076053E-02,0.99));
#4613 = CARTESIAN_POINT('',(1.00297807631,-7.306126389284E-03,0.99));
#4614 = CARTESIAN_POINT('',(1.004504180983,9.396242561629E-03,0.99));
#4615 = CARTESIAN_POINT('',(1.005412528537,2.734836407669E-02,0.99));
#4616 = CARTESIAN_POINT('',(1.00552096782,3.973035795049E-02,0.99));
#4617 = CARTESIAN_POINT('',(1.005576825942,4.610844256984E-02,0.99));
#4618 = PCURVE('',#4231,#4619);
#4619 = DEFINITIONAL_REPRESENTATION('',(#4620),#4640);
#4620 = B_SPLINE_CURVE_WITH_KNOTS('',3,(#4621,#4622,#4623,#4624,#4625,
    #4626,#4627,#4628,#4629,#4630,#4631,#4632,#4633,#4634,#4635,#4636,
    #4637,#4638,#4639),.UNSPECIFIED.,.F.,.F.,(4,1,1,1,1,1,1,1,1,1,1,1,1,
    1,1,1,4),(0.,4.801005732536E-02,9.376792031107E-02,0.138399557564,
    0.183232991656,0.228673116742,0.276074169236,0.326560989789,
    0.380774670644,0.439386736474,0.502573868797,0.570971250052,
    0.645145693524,0.724524964618,0.810181024224,0.902222412465,1.),
  .UNSPECIFIED.);
#4621 = CARTESIAN_POINT('',(2.422276204402E-02,0.108990322501));
#4622 = CARTESIAN_POINT('',(2.411022865923E-02,0.112124040441));
#4623 = CARTESIAN_POINT('',(2.389044093046E-02,0.118244470837));
#4624 = CARTESIAN_POINT('',(2.203374376862E-02,0.127130851063));
#4625 = CARTESIAN_POINT('',(1.884841833512E-02,0.135389468319));
#4626 = CARTESIAN_POINT('',(1.449251250912E-02,0.14307677401));
#4627 = CARTESIAN_POINT('',(8.823685520999E-03,0.150092124889));
#4628 = CARTESIAN_POINT('',(1.928155466343E-03,0.156440320614));
#4629 = CARTESIAN_POINT('',(-6.118044105755E-03,0.162292817119));
#4630 = CARTESIAN_POINT('',(-1.553206148591E-02,0.167325366118));
#4631 = CARTESIAN_POINT('',(-2.606090823808E-02,0.171936874075));
#4632 = CARTESIAN_POINT('',(-3.78847689998E-02,0.175744994085));
#4633 = CARTESIAN_POINT('',(-5.08822128269E-02,0.17911390589));
#4634 = CARTESIAN_POINT('',(-6.511416194268E-02,0.181830025007));
#4635 = CARTESIAN_POINT('',(-8.059437631392E-02,0.183830597259));
#4636 = CARTESIAN_POINT('',(-9.729674526484E-02,0.185356701932));
#4637 = CARTESIAN_POINT('',(-0.11524886678,0.186265049486));
#4638 = CARTESIAN_POINT('',(-0.127630860654,0.186373488769));
#4639 = CARTESIAN_POINT('',(-0.134008945273,0.186429346891));
#4640 = ( GEOMETRIC_REPRESENTATION_CONTEXT(2) 
PARAMETRIC_REPRESENTATION_CONTEXT() REPRESENTATION_CONTEXT('2D SPACE',''
  ) );
#4641 = PCURVE('',#4642,#4681);
#4642 = B_SPLINE_SURFACE_WITH_KNOTS('',3,1,(
    (#4643,#4644)
    ,(#4645,#4646)
    ,(#4647,#4648)
    ,(#4649,#4650)
    ,(#4651,#4652)
    ,(#4653,#4654)
    ,(#4655,#4656)
    ,(#4657,#4658)
    ,(#4659,#4660)
    ,(#4661,#4662)
    ,(#4663,#4664)
    ,(#4665,#4666)
    ,(#4667,#4668)
    ,(#4669,#4670)
    ,(#4671,#4672)
    ,(#4673,#4674)
    ,(#4675,#4676)
    ,(#4677,#4678)
    ,(#4679,#4680
    )),.UNSPECIFIED.,.F.,.F.,.F.,(4,1,1,1,1,1,1,1,1,1,1,1,1,1,1,1,4),(2,
    2),(0.,4.801005732536E-02,9.376792031107E-02,0.138399557564,
    0.183232991656,0.228673116742,0.276074169236,0.326560989789,
    0.380774670644,0.439386736474,0.502573868797,0.570971250052,
    0.645145693524,0.724524964618,0.810181024224,0.902222412465,1.),(0.,
    1.),.UNSPECIFIED.);
#4643 = CARTESIAN_POINT('',(0.928137801552,-0.112123264747,0.99));
#4644 = CARTESIAN_POINT('',(0.928137801552,-0.112123264747,1.));
#4645 = CARTESIAN_POINT('',(0.931271519493,-0.112010731362,0.99));
#4646 = CARTESIAN_POINT('',(0.931271519493,-0.112010731362,1.));
#4647 = CARTESIAN_POINT('',(0.937391949888,-0.111790943634,0.99));
#4648 = CARTESIAN_POINT('',(0.937391949888,-0.111790943634,1.));
#4649 = CARTESIAN_POINT('',(0.946278330114,-0.109934246472,0.99));
#4650 = CARTESIAN_POINT('',(0.946278330114,-0.109934246472,1.));
#4651 = CARTESIAN_POINT('',(0.95453694737,-0.106748921038,0.99));
#4652 = CARTESIAN_POINT('',(0.95453694737,-0.106748921038,1.));
#4653 = CARTESIAN_POINT('',(0.962224253062,-0.102393015212,0.99));
#4654 = CARTESIAN_POINT('',(0.962224253062,-0.102393015212,1.));
#4655 = CARTESIAN_POINT('',(0.969239603941,-9.672418822421E-02,0.99));
#4656 = CARTESIAN_POINT('',(0.969239603941,-9.672418822421E-02,1.));
#4657 = CARTESIAN_POINT('',(0.975587799666,-8.982865816955E-02,0.99));
#4658 = CARTESIAN_POINT('',(0.975587799666,-8.982865816955E-02,1.));
#4659 = CARTESIAN_POINT('',(0.981440296171,-8.178245859745E-02,0.99));
#4660 = CARTESIAN_POINT('',(0.981440296171,-8.178245859745E-02,1.));
#4661 = CARTESIAN_POINT('',(0.986472845169,-7.23684412173E-02,0.99));
#4662 = CARTESIAN_POINT('',(0.986472845169,-7.23684412173E-02,1.));
#4663 = CARTESIAN_POINT('',(0.991084353126,-6.183959446513E-02,0.99));
#4664 = CARTESIAN_POINT('',(0.991084353126,-6.183959446513E-02,1.));
#4665 = CARTESIAN_POINT('',(0.994892473136,-5.001573370341E-02,0.99));
#4666 = CARTESIAN_POINT('',(0.994892473136,-5.001573370341E-02,1.));
#4667 = CARTESIAN_POINT('',(0.998261384941,-3.701828987631E-02,0.99));
#4668 = CARTESIAN_POINT('',(0.998261384941,-3.701828987631E-02,1.));
#4669 = CARTESIAN_POINT('',(1.000977504058,-2.278634076053E-02,0.99));
#4670 = CARTESIAN_POINT('',(1.000977504058,-2.278634076053E-02,1.));
#4671 = CARTESIAN_POINT('',(1.00297807631,-7.306126389284E-03,0.99));
#4672 = CARTESIAN_POINT('',(1.00297807631,-7.306126389284E-03,1.));
#4673 = CARTESIAN_POINT('',(1.004504180983,9.396242561629E-03,0.99));
#4674 = CARTESIAN_POINT('',(1.004504180983,9.396242561629E-03,1.));
#4675 = CARTESIAN_POINT('',(1.005412528537,2.734836407669E-02,0.99));
#4676 = CARTESIAN_POINT('',(1.005412528537,2.734836407669E-02,1.));
#4677 = CARTESIAN_POINT('',(1.00552096782,3.973035795049E-02,0.99));
#4678 = CARTESIAN_POINT('',(1.00552096782,3.973035795049E-02,1.));
#4679 = CARTESIAN_POINT('',(1.005576825942,4.610844256984E-02,0.99));
#4680 = CARTESIAN_POINT('',(1.005576825942,4.610844256984E-02,1.));
#4681 = DEFINITIONAL_REPRESENTATION('',(#4682),#4686);
#4682 = LINE('',#4683,#4684);
#4683 = CARTESIAN_POINT('',(-6.074996174376E-16,2.92994148412E-15));
#4684 = VECTOR('',#4685,1.);
#4685 = DIRECTION('',(1.,1.665335183618E-14));
#4686 = ( GEOMETRIC_REPRESENTATION_CONTEXT(2) 
PARAMETRIC_REPRESENTATION_CONTEXT() REPRESENTATION_CONTEXT('2D SPACE',''
  ) );
#4687 = ORIENTED_EDGE('',*,*,#4688,.F.);
#4688 = EDGE_CURVE('',#4689,#4595,#4691,.T.);
#4689 = VERTEX_POINT('',#4690);
#4690 = CARTESIAN_POINT('',(0.849479264967,4.351697915521E-02,0.99));
#4691 = SURFACE_CURVE('',#4692,(#4712,#4735),.PCURVE_S1.);
#4692 = B_SPLINE_CURVE_WITH_KNOTS('',3,(#4693,#4694,#4695,#4696,#4697,
    #4698,#4699,#4700,#4701,#4702,#4703,#4704,#4705,#4706,#4707,#4708,
    #4709,#4710,#4711),.UNSPECIFIED.,.F.,.F.,(4,1,1,1,1,1,1,1,1,1,1,1,1,
    1,1,1,4),(0.,9.697942603676E-02,0.188179224233,0.272947849064,
    0.351896011832,0.42549989634,0.493297749432,0.556493017866,
    0.614489658921,0.668831556657,0.719399476038,0.767430529225,
    0.813363807204,0.858358084996,0.903939391551,0.950827380219,1.),
  .UNSPECIFIED.);
#4693 = CARTESIAN_POINT('',(0.849479264967,4.351697915521E-02,0.99));
#4694 = CARTESIAN_POINT('',(0.849533527663,3.724029236653E-02,0.99));
#4695 = CARTESIAN_POINT('',(0.849638819192,2.506098693122E-02,0.99));
#4696 = CARTESIAN_POINT('',(0.850567530061,7.416276082202E-03,0.99));
#4697 = CARTESIAN_POINT('',(0.852024713969,-9.023434432565E-03,0.99));
#4698 = CARTESIAN_POINT('',(0.854274456632,-2.422327888922E-02,0.99));
#4699 = CARTESIAN_POINT('',(0.856948020153,-3.823628920875E-02,0.99));
#4700 = CARTESIAN_POINT('',(0.860279368495,-5.106548801639E-02,0.99));
#4701 = CARTESIAN_POINT('',(0.864308726703,-6.26252144442E-02,0.99));
#4702 = CARTESIAN_POINT('',(0.868856416939,-7.305436285639E-02,0.99));
#4703 = CARTESIAN_POINT('',(0.874125921336,-8.220871769214E-02,0.99));
#4704 = CARTESIAN_POINT('',(0.879915505212,-9.026322310526E-02,0.99));
#4705 = CARTESIAN_POINT('',(0.886413266283,-9.704697264175E-02,0.99));
#4706 = CARTESIAN_POINT('',(0.893604573728,-0.102494587478,0.99));
#4707 = CARTESIAN_POINT('',(0.9013140794,-0.106879981492,0.99));
#4708 = CARTESIAN_POINT('',(0.909716050124,-0.109908188674,0.99));
#4709 = CARTESIAN_POINT('',(0.918729556048,-0.111798133522,0.99));
#4710 = CARTESIAN_POINT('',(0.924952386722,-0.112013182817,0.99));
#4711 = CARTESIAN_POINT('',(0.928137801552,-0.112123264747,0.99));
#4712 = PCURVE('',#4231,#4713);
#4713 = DEFINITIONAL_REPRESENTATION('',(#4714),#4734);
#4714 = B_SPLINE_CURVE_WITH_KNOTS('',3,(#4715,#4716,#4717,#4718,#4719,
    #4720,#4721,#4722,#4723,#4724,#4725,#4726,#4727,#4728,#4729,#4730,
    #4731,#4732,#4733),.UNSPECIFIED.,.F.,.F.,(4,1,1,1,1,1,1,1,1,1,1,1,1,
    1,1,1,4),(0.,9.697942603676E-02,0.188179224233,0.272947849064,
    0.351896011832,0.42549989634,0.493297749432,0.556493017866,
    0.614489658921,0.668831556657,0.719399476038,0.767430529225,
    0.813363807204,0.858358084996,0.903939391551,0.950827380219,1.),
  .UNSPECIFIED.);
#4715 = CARTESIAN_POINT('',(-0.131417481858,3.033178591544E-02));
#4716 = CARTESIAN_POINT('',(-0.12514079507,3.038604861151E-02));
#4717 = CARTESIAN_POINT('',(-0.112961489634,3.049134014053E-02));
#4718 = CARTESIAN_POINT('',(-9.531677878541E-02,3.142005100987E-02));
#4719 = CARTESIAN_POINT('',(-7.887706827064E-02,3.287723491804E-02));
#4720 = CARTESIAN_POINT('',(-6.367722381399E-02,3.512697758032E-02));
#4721 = CARTESIAN_POINT('',(-4.966421349446E-02,3.780054110201E-02));
#4722 = CARTESIAN_POINT('',(-3.683501468682E-02,4.113188944377E-02));
#4723 = CARTESIAN_POINT('',(-2.527528825901E-02,4.516124765178E-02));
#4724 = CARTESIAN_POINT('',(-1.484613984682E-02,4.970893788779E-02));
#4725 = CARTESIAN_POINT('',(-5.691785011069E-03,5.49784422847E-02));
#4726 = CARTESIAN_POINT('',(2.362720402049E-03,6.076802616031E-02));
#4727 = CARTESIAN_POINT('',(9.146469938545E-03,6.726578723154E-02));
#4728 = CARTESIAN_POINT('',(1.459408477503E-02,7.445709467662E-02));
#4729 = CARTESIAN_POINT('',(1.897947878879E-02,8.216660034859E-02));
#4730 = CARTESIAN_POINT('',(2.200768597113E-02,9.056857107324E-02));
#4731 = CARTESIAN_POINT('',(2.389763081872E-02,9.958207699662E-02));
#4732 = CARTESIAN_POINT('',(2.411268011363E-02,0.105804907671));
#4733 = CARTESIAN_POINT('',(2.422276204402E-02,0.108990322501));
#4734 = ( GEOMETRIC_REPRESENTATION_CONTEXT(2) 
PARAMETRIC_REPRESENTATION_CONTEXT() REPRESENTATION_CONTEXT('2D SPACE',''
  ) );
#4735 = PCURVE('',#4736,#4775);
#4736 = B_SPLINE_SURFACE_WITH_KNOTS('',3,1,(
    (#4737,#4738)
    ,(#4739,#4740)
    ,(#4741,#4742)
    ,(#4743,#4744)
    ,(#4745,#4746)
    ,(#4747,#4748)
    ,(#4749,#4750)
    ,(#4751,#4752)
    ,(#4753,#4754)
    ,(#4755,#4756)
    ,(#4757,#4758)
    ,(#4759,#4760)
    ,(#4761,#4762)
    ,(#4763,#4764)
    ,(#4765,#4766)
    ,(#4767,#4768)
    ,(#4769,#4770)
    ,(#4771,#4772)
    ,(#4773,#4774
    )),.UNSPECIFIED.,.F.,.F.,.F.,(4,1,1,1,1,1,1,1,1,1,1,1,1,1,1,1,4),(2,
    2),(0.,9.697942603676E-02,0.188179224233,0.272947849064,
    0.351896011832,0.42549989634,0.493297749432,0.556493017866,
    0.614489658921,0.668831556657,0.719399476038,0.767430529225,
    0.813363807204,0.858358084996,0.903939391551,0.950827380219,1.),(0.,
    1.),.UNSPECIFIED.);
#4737 = CARTESIAN_POINT('',(0.849479264967,4.351697915521E-02,0.99));
#4738 = CARTESIAN_POINT('',(0.849479264967,4.351697915521E-02,1.));
#4739 = CARTESIAN_POINT('',(0.849533527663,3.724029236653E-02,0.99));
#4740 = CARTESIAN_POINT('',(0.849533527663,3.724029236653E-02,1.));
#4741 = CARTESIAN_POINT('',(0.849638819192,2.506098693122E-02,0.99));
#4742 = CARTESIAN_POINT('',(0.849638819192,2.506098693122E-02,1.));
#4743 = CARTESIAN_POINT('',(0.850567530061,7.416276082202E-03,0.99));
#4744 = CARTESIAN_POINT('',(0.850567530061,7.416276082202E-03,1.));
#4745 = CARTESIAN_POINT('',(0.852024713969,-9.023434432565E-03,0.99));
#4746 = CARTESIAN_POINT('',(0.852024713969,-9.023434432565E-03,1.));
#4747 = CARTESIAN_POINT('',(0.854274456632,-2.422327888922E-02,0.99));
#4748 = CARTESIAN_POINT('',(0.854274456632,-2.422327888922E-02,1.));
#4749 = CARTESIAN_POINT('',(0.856948020153,-3.823628920875E-02,0.99));
#4750 = CARTESIAN_POINT('',(0.856948020153,-3.823628920875E-02,1.));
#4751 = CARTESIAN_POINT('',(0.860279368495,-5.106548801639E-02,0.99));
#4752 = CARTESIAN_POINT('',(0.860279368495,-5.106548801639E-02,1.));
#4753 = CARTESIAN_POINT('',(0.864308726703,-6.26252144442E-02,0.99));
#4754 = CARTESIAN_POINT('',(0.864308726703,-6.26252144442E-02,1.));
#4755 = CARTESIAN_POINT('',(0.868856416939,-7.305436285639E-02,0.99));
#4756 = CARTESIAN_POINT('',(0.868856416939,-7.305436285639E-02,1.));
#4757 = CARTESIAN_POINT('',(0.874125921336,-8.220871769214E-02,0.99));
#4758 = CARTESIAN_POINT('',(0.874125921336,-8.220871769214E-02,1.));
#4759 = CARTESIAN_POINT('',(0.879915505212,-9.026322310526E-02,0.99));
#4760 = CARTESIAN_POINT('',(0.879915505212,-9.026322310526E-02,1.));
#4761 = CARTESIAN_POINT('',(0.886413266283,-9.704697264175E-02,0.99));
#4762 = CARTESIAN_POINT('',(0.886413266283,-9.704697264175E-02,1.));
#4763 = CARTESIAN_POINT('',(0.893604573728,-0.102494587478,0.99));
#4764 = CARTESIAN_POINT('',(0.893604573728,-0.102494587478,1.));
#4765 = CARTESIAN_POINT('',(0.9013140794,-0.106879981492,0.99));
#4766 = CARTESIAN_POINT('',(0.9013140794,-0.106879981492,1.));
#4767 = CARTESIAN_POINT('',(0.909716050124,-0.109908188674,0.99));
#4768 = CARTESIAN_POINT('',(0.909716050124,-0.109908188674,1.));
#4769 = CARTESIAN_POINT('',(0.918729556048,-0.111798133522,0.99));
#4770 = CARTESIAN_POINT('',(0.918729556048,-0.111798133522,1.));
#4771 = CARTESIAN_POINT('',(0.924952386722,-0.112013182817,0.99));
#4772 = CARTESIAN_POINT('',(0.924952386722,-0.112013182817,1.));
#4773 = CARTESIAN_POINT('',(0.928137801552,-0.112123264747,0.99));
#4774 = CARTESIAN_POINT('',(0.928137801552,-0.112123264747,1.));
#4775 = DEFINITIONAL_REPRESENTATION('',(#4776),#4780);
#4776 = LINE('',#4777,#4778);
#4777 = CARTESIAN_POINT('',(-1.183498414381E-17,-1.373917281905E-14));
#4778 = VECTOR('',#4779,1.);
#4779 = DIRECTION('',(1.,1.110228471535E-14));
#4780 = ( GEOMETRIC_REPRESENTATION_CONTEXT(2) 
PARAMETRIC_REPRESENTATION_CONTEXT() REPRESENTATION_CONTEXT('2D SPACE',''
  ) );
#4781 = ORIENTED_EDGE('',*,*,#4782,.F.);
#4782 = EDGE_CURVE('',#4501,#4689,#4783,.T.);
#4783 = SURFACE_CURVE('',#4784,(#4804,#4827),.PCURVE_S1.);
#4784 = B_SPLINE_CURVE_WITH_KNOTS('',3,(#4785,#4786,#4787,#4788,#4789,
    #4790,#4791,#4792,#4793,#4794,#4795,#4796,#4797,#4798,#4799,#4800,
    #4801,#4802,#4803),.UNSPECIFIED.,.F.,.F.,(4,1,1,1,1,1,1,1,1,1,1,1,1,
    1,1,1,4),(0.,4.737331956547E-02,9.298221460696E-02,0.137274412903,
    0.1811189261,0.226619932085,0.274025387976,0.32450432736,
    0.378461802705,0.437139285074,0.500560973906,0.569236640175,
    0.643453400303,0.72343872179,0.809744827429,0.901758251875,1.),
  .UNSPECIFIED.);
#4785 = CARTESIAN_POINT('',(0.929662191796,0.209827954765,0.99));
#4786 = CARTESIAN_POINT('',(0.926427204571,0.209686438776,0.99));
#4787 = CARTESIAN_POINT('',(0.920077717577,0.209408677576,0.99));
#4788 = CARTESIAN_POINT('',(0.910846307505,0.207511733263,0.99));
#4789 = CARTESIAN_POINT('',(0.902304273095,0.204177760679,0.99));
#4790 = CARTESIAN_POINT('',(0.894369072147,0.199600382394,0.99));
#4791 = CARTESIAN_POINT('',(0.887099320364,0.193676854971,0.99));
#4792 = CARTESIAN_POINT('',(0.880505102188,0.186396873641,0.99));
#4793 = CARTESIAN_POINT('',(0.874573790813,0.17786507614,0.99));
#4794 = CARTESIAN_POINT('',(0.86920958946,0.168082649487,0.99));
#4795 = CARTESIAN_POINT('',(0.864510791783,0.156996810216,0.99));
#4796 = CARTESIAN_POINT('',(0.86051500716,0.144584712943,0.99));
#4797 = CARTESIAN_POINT('',(0.857106430679,0.130906748161,0.99));
#4798 = CARTESIAN_POINT('',(0.854314854146,0.115938440121,0.99));
#4799 = CARTESIAN_POINT('',(0.852128247238,9.965654463978E-02,0.99));
#4800 = CARTESIAN_POINT('',(0.850543045192,8.208531554658E-02,0.99));
#4801 = CARTESIAN_POINT('',(0.849644972043,6.321652983905E-02,0.99));
#4802 = CARTESIAN_POINT('',(0.849535693135,5.022525975588E-02,0.99));
#4803 = CARTESIAN_POINT('',(0.849479264967,4.351697915521E-02,0.99));
#4804 = PCURVE('',#4231,#4805);
#4805 = DEFINITIONAL_REPRESENTATION('',(#4806),#4826);
#4806 = B_SPLINE_CURVE_WITH_KNOTS('',3,(#4807,#4808,#4809,#4810,#4811,
    #4812,#4813,#4814,#4815,#4816,#4817,#4818,#4819,#4820,#4821,#4822,
    #4823,#4824,#4825),.UNSPECIFIED.,.F.,.F.,(4,1,1,1,1,1,1,1,1,1,1,1,1,
    1,1,1,4),(0.,4.737331956547E-02,9.298221460696E-02,0.137274412903,
    0.1811189261,0.226619932085,0.274025387976,0.32450432736,
    0.378461802705,0.437139285074,0.500560973906,0.569236640175,
    0.643453400303,0.72343872179,0.809744827429,0.901758251875,1.),
  .UNSPECIFIED.);
#4807 = CARTESIAN_POINT('',(-0.297728457468,0.110514712745));
#4808 = CARTESIAN_POINT('',(-0.297586941479,0.10727972552));
#4809 = CARTESIAN_POINT('',(-0.297309180279,0.100930238526));
#4810 = CARTESIAN_POINT('',(-0.295412235966,9.169882845361E-02));
#4811 = CARTESIAN_POINT('',(-0.292078263382,8.315679404359E-02));
#4812 = CARTESIAN_POINT('',(-0.287500885097,7.52215930957E-02));
#4813 = CARTESIAN_POINT('',(-0.281577357674,6.795184131244E-02));
#4814 = CARTESIAN_POINT('',(-0.274297376344,6.135762313633E-02));
#4815 = CARTESIAN_POINT('',(-0.265765578843,5.542631176128E-02));
#4816 = CARTESIAN_POINT('',(-0.25598315219,5.006211040841E-02));
#4817 = CARTESIAN_POINT('',(-0.244897312919,4.536331273178E-02));
#4818 = CARTESIAN_POINT('',(-0.232485215646,4.136752810898E-02));
#4819 = CARTESIAN_POINT('',(-0.218807250864,3.795895162792E-02));
#4820 = CARTESIAN_POINT('',(-0.203838942825,3.516737509511E-02));
#4821 = CARTESIAN_POINT('',(-0.187557047343,3.298076818653E-02));
#4822 = CARTESIAN_POINT('',(-0.16998581825,3.139556614112E-02));
#4823 = CARTESIAN_POINT('',(-0.151117032542,3.04974929916E-02));
#4824 = CARTESIAN_POINT('',(-0.138125762459,3.038821408389E-02));
#4825 = CARTESIAN_POINT('',(-0.131417481858,3.033178591544E-02));
#4826 = ( GEOMETRIC_REPRESENTATION_CONTEXT(2) 
PARAMETRIC_REPRESENTATION_CONTEXT() REPRESENTATION_CONTEXT('2D SPACE',''
  ) );
#4827 = PCURVE('',#4828,#4867);
#4828 = B_SPLINE_SURFACE_WITH_KNOTS('',3,1,(
    (#4829,#4830)
    ,(#4831,#4832)
    ,(#4833,#4834)
    ,(#4835,#4836)
    ,(#4837,#4838)
    ,(#4839,#4840)
    ,(#4841,#4842)
    ,(#4843,#4844)
    ,(#4845,#4846)
    ,(#4847,#4848)
    ,(#4849,#4850)
    ,(#4851,#4852)
    ,(#4853,#4854)
    ,(#4855,#4856)
    ,(#4857,#4858)
    ,(#4859,#4860)
    ,(#4861,#4862)
    ,(#4863,#4864)
    ,(#4865,#4866
    )),.UNSPECIFIED.,.F.,.F.,.F.,(4,1,1,1,1,1,1,1,1,1,1,1,1,1,1,1,4),(2,
    2),(0.,4.737331956547E-02,9.298221460696E-02,0.137274412903,
    0.1811189261,0.226619932085,0.274025387976,0.32450432736,
    0.378461802705,0.437139285074,0.500560973906,0.569236640175,
    0.643453400303,0.72343872179,0.809744827429,0.901758251875,1.),(0.,
    1.),.UNSPECIFIED.);
#4829 = CARTESIAN_POINT('',(0.929662191796,0.209827954765,0.99));
#4830 = CARTESIAN_POINT('',(0.929662191796,0.209827954765,1.));
#4831 = CARTESIAN_POINT('',(0.926427204571,0.209686438776,0.99));
#4832 = CARTESIAN_POINT('',(0.926427204571,0.209686438776,1.));
#4833 = CARTESIAN_POINT('',(0.920077717577,0.209408677576,0.99));
#4834 = CARTESIAN_POINT('',(0.920077717577,0.209408677576,1.));
#4835 = CARTESIAN_POINT('',(0.910846307505,0.207511733263,0.99));
#4836 = CARTESIAN_POINT('',(0.910846307505,0.207511733263,1.));
#4837 = CARTESIAN_POINT('',(0.902304273095,0.204177760679,0.99));
#4838 = CARTESIAN_POINT('',(0.902304273095,0.204177760679,1.));
#4839 = CARTESIAN_POINT('',(0.894369072147,0.199600382394,0.99));
#4840 = CARTESIAN_POINT('',(0.894369072147,0.199600382394,1.));
#4841 = CARTESIAN_POINT('',(0.887099320364,0.193676854971,0.99));
#4842 = CARTESIAN_POINT('',(0.887099320364,0.193676854971,1.));
#4843 = CARTESIAN_POINT('',(0.880505102188,0.186396873641,0.99));
#4844 = CARTESIAN_POINT('',(0.880505102188,0.186396873641,1.));
#4845 = CARTESIAN_POINT('',(0.874573790813,0.17786507614,0.99));
#4846 = CARTESIAN_POINT('',(0.874573790813,0.17786507614,1.));
#4847 = CARTESIAN_POINT('',(0.86920958946,0.168082649487,0.99));
#4848 = CARTESIAN_POINT('',(0.86920958946,0.168082649487,1.));
#4849 = CARTESIAN_POINT('',(0.864510791783,0.156996810216,0.99));
#4850 = CARTESIAN_POINT('',(0.864510791783,0.156996810216,1.));
#4851 = CARTESIAN_POINT('',(0.86051500716,0.144584712943,0.99));
#4852 = CARTESIAN_POINT('',(0.86051500716,0.144584712943,1.));
#4853 = CARTESIAN_POINT('',(0.857106430679,0.130906748161,0.99));
#4854 = CARTESIAN_POINT('',(0.857106430679,0.130906748161,1.));
#4855 = CARTESIAN_POINT('',(0.854314854146,0.115938440121,0.99));
#4856 = CARTESIAN_POINT('',(0.854314854146,0.115938440121,1.));
#4857 = CARTESIAN_POINT('',(0.852128247238,9.965654463978E-02,0.99));
#4858 = CARTESIAN_POINT('',(0.852128247238,9.965654463978E-02,1.));
#4859 = CARTESIAN_POINT('',(0.850543045192,8.208531554658E-02,0.99));
#4860 = CARTESIAN_POINT('',(0.850543045192,8.208531554658E-02,1.));
#4861 = CARTESIAN_POINT('',(0.849644972043,6.321652983905E-02,0.99));
#4862 = CARTESIAN_POINT('',(0.849644972043,6.321652983905E-02,1.));
#4863 = CARTESIAN_POINT('',(0.849535693135,5.022525975588E-02,0.99));
#4864 = CARTESIAN_POINT('',(0.849535693135,5.022525975588E-02,1.));
#4865 = CARTESIAN_POINT('',(0.849479264967,4.351697915521E-02,0.99));
#4866 = CARTESIAN_POINT('',(0.849479264967,4.351697915521E-02,1.));
#4867 = DEFINITIONAL_REPRESENTATION('',(#4868),#4872);
#4868 = LINE('',#4869,#4870);
#4869 = CARTESIAN_POINT('',(-3.634982820038E-16,-2.636888103702E-15));
#4870 = VECTOR('',#4871,1.);
#4871 = DIRECTION('',(1.,0.));
#4872 = ( GEOMETRIC_REPRESENTATION_CONTEXT(2) 
PARAMETRIC_REPRESENTATION_CONTEXT() REPRESENTATION_CONTEXT('2D SPACE',''
  ) );
#4873 = FACE_BOUND('',#4874,.T.);
#4874 = EDGE_LOOP('',(#4875,#4876,#4877,#4878));
#4875 = ORIENTED_EDGE('',*,*,#4199,.F.);
#4876 = ORIENTED_EDGE('',*,*,#4441,.F.);
#4877 = ORIENTED_EDGE('',*,*,#4362,.F.);
#4878 = ORIENTED_EDGE('',*,*,#4283,.F.);
#4879 = ADVANCED_FACE('',(#4880),#4828,.T.);
#4880 = FACE_BOUND('',#4881,.T.);
#4881 = EDGE_LOOP('',(#4882,#4944,#4963,#4964));
#4882 = ORIENTED_EDGE('',*,*,#4883,.F.);
#4883 = EDGE_CURVE('',#4884,#4886,#4888,.T.);
#4884 = VERTEX_POINT('',#4885);
#4885 = CARTESIAN_POINT('',(0.929662191796,0.209827954765,1.));
#4886 = VERTEX_POINT('',#4887);
#4887 = CARTESIAN_POINT('',(0.849479264967,4.351697915521E-02,1.));
#4888 = SURFACE_CURVE('',#4889,(#4909,#4916),.PCURVE_S1.);
#4889 = B_SPLINE_CURVE_WITH_KNOTS('',3,(#4890,#4891,#4892,#4893,#4894,
    #4895,#4896,#4897,#4898,#4899,#4900,#4901,#4902,#4903,#4904,#4905,
    #4906,#4907,#4908),.UNSPECIFIED.,.F.,.F.,(4,1,1,1,1,1,1,1,1,1,1,1,1,
    1,1,1,4),(0.,4.737331956547E-02,9.298221460696E-02,0.137274412903,
    0.1811189261,0.226619932085,0.274025387976,0.32450432736,
    0.378461802705,0.437139285074,0.500560973906,0.569236640175,
    0.643453400303,0.72343872179,0.809744827429,0.901758251875,1.),
  .UNSPECIFIED.);
#4890 = CARTESIAN_POINT('',(0.929662191796,0.209827954765,1.));
#4891 = CARTESIAN_POINT('',(0.926427204571,0.209686438776,1.));
#4892 = CARTESIAN_POINT('',(0.920077717577,0.209408677576,1.));
#4893 = CARTESIAN_POINT('',(0.910846307505,0.207511733263,1.));
#4894 = CARTESIAN_POINT('',(0.902304273095,0.204177760679,1.));
#4895 = CARTESIAN_POINT('',(0.894369072147,0.199600382394,1.));
#4896 = CARTESIAN_POINT('',(0.887099320364,0.193676854971,1.));
#4897 = CARTESIAN_POINT('',(0.880505102188,0.186396873641,1.));
#4898 = CARTESIAN_POINT('',(0.874573790813,0.17786507614,1.));
#4899 = CARTESIAN_POINT('',(0.86920958946,0.168082649487,1.));
#4900 = CARTESIAN_POINT('',(0.864510791783,0.156996810216,1.));
#4901 = CARTESIAN_POINT('',(0.86051500716,0.144584712943,1.));
#4902 = CARTESIAN_POINT('',(0.857106430679,0.130906748161,1.));
#4903 = CARTESIAN_POINT('',(0.854314854146,0.115938440121,1.));
#4904 = CARTESIAN_POINT('',(0.852128247238,9.965654463978E-02,1.));
#4905 = CARTESIAN_POINT('',(0.850543045192,8.208531554658E-02,1.));
#4906 = CARTESIAN_POINT('',(0.849644972043,6.321652983905E-02,1.));
#4907 = CARTESIAN_POINT('',(0.849535693135,5.022525975588E-02,1.));
#4908 = CARTESIAN_POINT('',(0.849479264967,4.351697915521E-02,1.));
#4909 = PCURVE('',#4828,#4910);
#4910 = DEFINITIONAL_REPRESENTATION('',(#4911),#4915);
#4911 = LINE('',#4912,#4913);
#4912 = CARTESIAN_POINT('',(-3.634982820038E-16,1.));
#4913 = VECTOR('',#4914,1.);
#4914 = DIRECTION('',(1.,-1.099120794379E-14));
#4915 = ( GEOMETRIC_REPRESENTATION_CONTEXT(2) 
PARAMETRIC_REPRESENTATION_CONTEXT() REPRESENTATION_CONTEXT('2D SPACE',''
  ) );
#4916 = PCURVE('',#4917,#4922);
#4917 = PLANE('',#4918);
#4918 = AXIS2_PLACEMENT_3D('',#4919,#4920,#4921);
#4919 = CARTESIAN_POINT('',(0.,0.,1.));
#4920 = DIRECTION('',(0.,0.,-1.));
#4921 = DIRECTION('',(-1.,0.,-0.));
#4922 = DEFINITIONAL_REPRESENTATION('',(#4923),#4943);
#4923 = B_SPLINE_CURVE_WITH_KNOTS('',3,(#4924,#4925,#4926,#4927,#4928,
    #4929,#4930,#4931,#4932,#4933,#4934,#4935,#4936,#4937,#4938,#4939,
    #4940,#4941,#4942),.UNSPECIFIED.,.F.,.F.,(4,1,1,1,1,1,1,1,1,1,1,1,1,
    1,1,1,4),(0.,4.737331956547E-02,9.298221460696E-02,0.137274412903,
    0.1811189261,0.226619932085,0.274025387976,0.32450432736,
    0.378461802705,0.437139285074,0.500560973906,0.569236640175,
    0.643453400303,0.72343872179,0.809744827429,0.901758251875,1.),
  .UNSPECIFIED.);
#4924 = CARTESIAN_POINT('',(-0.929662191796,0.209827954765));
#4925 = CARTESIAN_POINT('',(-0.926427204571,0.209686438776));
#4926 = CARTESIAN_POINT('',(-0.920077717577,0.209408677576));
#4927 = CARTESIAN_POINT('',(-0.910846307505,0.207511733263));
#4928 = CARTESIAN_POINT('',(-0.902304273095,0.204177760679));
#4929 = CARTESIAN_POINT('',(-0.894369072147,0.199600382394));
#4930 = CARTESIAN_POINT('',(-0.887099320364,0.193676854971));
#4931 = CARTESIAN_POINT('',(-0.880505102188,0.186396873641));
#4932 = CARTESIAN_POINT('',(-0.874573790813,0.17786507614));
#4933 = CARTESIAN_POINT('',(-0.86920958946,0.168082649487));
#4934 = CARTESIAN_POINT('',(-0.864510791783,0.156996810216));
#4935 = CARTESIAN_POINT('',(-0.86051500716,0.144584712943));
#4936 = CARTESIAN_POINT('',(-0.857106430679,0.130906748161));
#4937 = CARTESIAN_POINT('',(-0.854314854146,0.115938440121));
#4938 = CARTESIAN_POINT('',(-0.852128247238,9.965654463978E-02));
#4939 = CARTESIAN_POINT('',(-0.850543045192,8.208531554658E-02));
#4940 = CARTESIAN_POINT('',(-0.849644972043,6.321652983905E-02));
#4941 = CARTESIAN_POINT('',(-0.849535693135,5.022525975588E-02));
#4942 = CARTESIAN_POINT('',(-0.849479264967,4.351697915521E-02));
#4943 = ( GEOMETRIC_REPRESENTATION_CONTEXT(2) 
PARAMETRIC_REPRESENTATION_CONTEXT() REPRESENTATION_CONTEXT('2D SPACE',''
  ) );
#4944 = ORIENTED_EDGE('',*,*,#4945,.F.);
#4945 = EDGE_CURVE('',#4501,#4884,#4946,.T.);
#4946 = SURFACE_CURVE('',#4947,(#4951,#4957),.PCURVE_S1.);
#4947 = LINE('',#4948,#4949);
#4948 = CARTESIAN_POINT('',(0.929662191796,0.209827954765,0.99));
#4949 = VECTOR('',#4950,1.);
#4950 = DIRECTION('',(-0.,-0.,1.));
#4951 = PCURVE('',#4828,#4952);
#4952 = DEFINITIONAL_REPRESENTATION('',(#4953),#4956);
#4953 = B_SPLINE_CURVE_WITH_KNOTS('',1,(#4954,#4955),.UNSPECIFIED.,.F.,
  .F.,(2,2),(0.,1.E-02),.PIECEWISE_BEZIER_KNOTS.);
#4954 = CARTESIAN_POINT('',(-3.634982820038E-16,-2.636888103702E-15));
#4955 = CARTESIAN_POINT('',(-3.634982820038E-16,1.));
#4956 = ( GEOMETRIC_REPRESENTATION_CONTEXT(2) 
PARAMETRIC_REPRESENTATION_CONTEXT() REPRESENTATION_CONTEXT('2D SPACE',''
  ) );
#4957 = PCURVE('',#4548,#4958);
#4958 = DEFINITIONAL_REPRESENTATION('',(#4959),#4962);
#4959 = B_SPLINE_CURVE_WITH_KNOTS('',1,(#4960,#4961),.UNSPECIFIED.,.F.,
  .F.,(2,2),(0.,1.E-02),.PIECEWISE_BEZIER_KNOTS.);
#4960 = CARTESIAN_POINT('',(1.,-2.621167172201E-15));
#4961 = CARTESIAN_POINT('',(1.,1.));
#4962 = ( GEOMETRIC_REPRESENTATION_CONTEXT(2) 
PARAMETRIC_REPRESENTATION_CONTEXT() REPRESENTATION_CONTEXT('2D SPACE',''
  ) );
#4963 = ORIENTED_EDGE('',*,*,#4782,.T.);
#4964 = ORIENTED_EDGE('',*,*,#4965,.T.);
#4965 = EDGE_CURVE('',#4689,#4886,#4966,.T.);
#4966 = SURFACE_CURVE('',#4967,(#4971,#4977),.PCURVE_S1.);
#4967 = LINE('',#4968,#4969);
#4968 = CARTESIAN_POINT('',(0.849479264967,4.351697915521E-02,0.99));
#4969 = VECTOR('',#4970,1.);
#4970 = DIRECTION('',(-0.,-0.,1.));
#4971 = PCURVE('',#4828,#4972);
#4972 = DEFINITIONAL_REPRESENTATION('',(#4973),#4976);
#4973 = B_SPLINE_CURVE_WITH_KNOTS('',1,(#4974,#4975),.UNSPECIFIED.,.F.,
  .F.,(2,2),(0.,1.E-02),.PIECEWISE_BEZIER_KNOTS.);
#4974 = CARTESIAN_POINT('',(1.,-2.636888103702E-15));
#4975 = CARTESIAN_POINT('',(1.,1.));
#4976 = ( GEOMETRIC_REPRESENTATION_CONTEXT(2) 
PARAMETRIC_REPRESENTATION_CONTEXT() REPRESENTATION_CONTEXT('2D SPACE',''
  ) );
#4977 = PCURVE('',#4736,#4978);
#4978 = DEFINITIONAL_REPRESENTATION('',(#4979),#4982);
#4979 = B_SPLINE_CURVE_WITH_KNOTS('',1,(#4980,#4981),.UNSPECIFIED.,.F.,
  .F.,(2,2),(0.,1.E-02),.PIECEWISE_BEZIER_KNOTS.);
#4980 = CARTESIAN_POINT('',(-6.892143827035E-18,-1.373917281905E-14));
#4981 = CARTESIAN_POINT('',(-1.632793930439E-17,1.));
#4982 = ( GEOMETRIC_REPRESENTATION_CONTEXT(2) 
PARAMETRIC_REPRESENTATION_CONTEXT() REPRESENTATION_CONTEXT('2D SPACE',''
  ) );
#4983 = ADVANCED_FACE('',(#4984),#4548,.T.);
#4984 = FACE_BOUND('',#4985,.T.);
#4985 = EDGE_LOOP('',(#4986,#5041,#5060,#5061));
#4986 = ORIENTED_EDGE('',*,*,#4987,.F.);
#4987 = EDGE_CURVE('',#4988,#4884,#4990,.T.);
#4988 = VERTEX_POINT('',#4989);
#4989 = CARTESIAN_POINT('',(1.005576825942,4.610844256984E-02,1.));
#4990 = SURFACE_CURVE('',#4991,(#5011,#5018),.PCURVE_S1.);
#4991 = B_SPLINE_CURVE_WITH_KNOTS('',3,(#4992,#4993,#4994,#4995,#4996,
    #4997,#4998,#4999,#5000,#5001,#5002,#5003,#5004,#5005,#5006,#5007,
    #5008,#5009,#5010),.UNSPECIFIED.,.F.,.F.,(4,1,1,1,1,1,1,1,1,1,1,1,1,
    1,1,1,4),(0.,9.928876216572E-02,0.192187654191,0.279167211718,
    0.360012531696,0.43490860158,0.504088150526,0.567846537328,
    0.626769206866,0.681081078205,0.731386256249,0.778443409736,
    0.823131118351,0.866613353427,0.909794448552,0.95369713402,1.),
  .UNSPECIFIED.);
#4992 = CARTESIAN_POINT('',(1.005576825942,4.610844256984E-02,1.));
#4993 = CARTESIAN_POINT('',(1.005524705382,5.271543761448E-02,1.));
#4994 = CARTESIAN_POINT('',(1.005423818554,6.550422509843E-02,1.));
#4995 = CARTESIAN_POINT('',(1.004468988678,8.405962294694E-02,1.));
#4996 = CARTESIAN_POINT('',(1.003080392709,0.101355416499,1.));
#4997 = CARTESIAN_POINT('',(1.00104152662,0.117383392282,1.));
#4998 = CARTESIAN_POINT('',(0.998400048145,0.132120913129,1.));
#4999 = CARTESIAN_POINT('',(0.995161830075,0.145576952721,1.));
#5000 = CARTESIAN_POINT('',(0.99125972263,0.157742157642,1.));
#5001 = CARTESIAN_POINT('',(0.986898983062,0.168697118754,1.));
#5002 = CARTESIAN_POINT('',(0.981871133264,0.178369077521,1.));
#5003 = CARTESIAN_POINT('',(0.976238339694,0.186778215371,1.));
#5004 = CARTESIAN_POINT('',(0.969923039159,0.193841471591,1.));
#5005 = CARTESIAN_POINT('',(0.963125234725,0.199795481135,1.));
#5006 = CARTESIAN_POINT('',(0.955532117544,0.204221683127,1.));
#5007 = CARTESIAN_POINT('',(0.947443829201,0.207445087003,1.));
#5008 = CARTESIAN_POINT('',(0.938762227014,0.209549630636,1.));
#5009 = CARTESIAN_POINT('',(0.932748871131,0.209733548829,1.));
#5010 = CARTESIAN_POINT('',(0.929662191796,0.209827954765,1.));
#5011 = PCURVE('',#4548,#5012);
#5012 = DEFINITIONAL_REPRESENTATION('',(#5013),#5017);
#5013 = LINE('',#5014,#5015);
#5014 = CARTESIAN_POINT('',(4.871596600011E-17,1.));
#5015 = VECTOR('',#5016,1.);
#5016 = DIRECTION('',(1.,-3.341771304122E-14));
#5017 = ( GEOMETRIC_REPRESENTATION_CONTEXT(2) 
PARAMETRIC_REPRESENTATION_CONTEXT() REPRESENTATION_CONTEXT('2D SPACE',''
  ) );
#5018 = PCURVE('',#4917,#5019);
#5019 = DEFINITIONAL_REPRESENTATION('',(#5020),#5040);
#5020 = B_SPLINE_CURVE_WITH_KNOTS('',3,(#5021,#5022,#5023,#5024,#5025,
    #5026,#5027,#5028,#5029,#5030,#5031,#5032,#5033,#5034,#5035,#5036,
    #5037,#5038,#5039),.UNSPECIFIED.,.F.,.F.,(4,1,1,1,1,1,1,1,1,1,1,1,1,
    1,1,1,4),(0.,9.928876216572E-02,0.192187654191,0.279167211718,
    0.360012531696,0.43490860158,0.504088150526,0.567846537328,
    0.626769206866,0.681081078205,0.731386256249,0.778443409736,
    0.823131118351,0.866613353427,0.909794448552,0.95369713402,1.),
  .UNSPECIFIED.);
#5021 = CARTESIAN_POINT('',(-1.005576825942,4.610844256984E-02));
#5022 = CARTESIAN_POINT('',(-1.005524705382,5.271543761448E-02));
#5023 = CARTESIAN_POINT('',(-1.005423818554,6.550422509843E-02));
#5024 = CARTESIAN_POINT('',(-1.004468988678,8.405962294694E-02));
#5025 = CARTESIAN_POINT('',(-1.003080392709,0.101355416499));
#5026 = CARTESIAN_POINT('',(-1.00104152662,0.117383392282));
#5027 = CARTESIAN_POINT('',(-0.998400048145,0.132120913129));
#5028 = CARTESIAN_POINT('',(-0.995161830075,0.145576952721));
#5029 = CARTESIAN_POINT('',(-0.99125972263,0.157742157642));
#5030 = CARTESIAN_POINT('',(-0.986898983062,0.168697118754));
#5031 = CARTESIAN_POINT('',(-0.981871133264,0.178369077521));
#5032 = CARTESIAN_POINT('',(-0.976238339694,0.186778215371));
#5033 = CARTESIAN_POINT('',(-0.969923039159,0.193841471591));
#5034 = CARTESIAN_POINT('',(-0.963125234725,0.199795481135));
#5035 = CARTESIAN_POINT('',(-0.955532117544,0.204221683127));
#5036 = CARTESIAN_POINT('',(-0.947443829201,0.207445087003));
#5037 = CARTESIAN_POINT('',(-0.938762227014,0.209549630636));
#5038 = CARTESIAN_POINT('',(-0.932748871131,0.209733548829));
#5039 = CARTESIAN_POINT('',(-0.929662191796,0.209827954765));
#5040 = ( GEOMETRIC_REPRESENTATION_CONTEXT(2) 
PARAMETRIC_REPRESENTATION_CONTEXT() REPRESENTATION_CONTEXT('2D SPACE',''
  ) );
#5041 = ORIENTED_EDGE('',*,*,#5042,.F.);
#5042 = EDGE_CURVE('',#4499,#4988,#5043,.T.);
#5043 = SURFACE_CURVE('',#5044,(#5048,#5054),.PCURVE_S1.);
#5044 = LINE('',#5045,#5046);
#5045 = CARTESIAN_POINT('',(1.005576825942,4.610844256984E-02,0.99));
#5046 = VECTOR('',#5047,1.);
#5047 = DIRECTION('',(-0.,-0.,1.));
#5048 = PCURVE('',#4548,#5049);
#5049 = DEFINITIONAL_REPRESENTATION('',(#5050),#5053);
#5050 = B_SPLINE_CURVE_WITH_KNOTS('',1,(#5051,#5052),.UNSPECIFIED.,.F.,
  .F.,(2,2),(0.,1.E-02),.PIECEWISE_BEZIER_KNOTS.);
#5051 = CARTESIAN_POINT('',(1.154307807691E-17,1.958329381188E-14));
#5052 = CARTESIAN_POINT('',(4.871596600011E-17,1.));
#5053 = ( GEOMETRIC_REPRESENTATION_CONTEXT(2) 
PARAMETRIC_REPRESENTATION_CONTEXT() REPRESENTATION_CONTEXT('2D SPACE',''
  ) );
#5054 = PCURVE('',#4642,#5055);
#5055 = DEFINITIONAL_REPRESENTATION('',(#5056),#5059);
#5056 = B_SPLINE_CURVE_WITH_KNOTS('',1,(#5057,#5058),.UNSPECIFIED.,.F.,
  .F.,(2,2),(0.,1.E-02),.PIECEWISE_BEZIER_KNOTS.);
#5057 = CARTESIAN_POINT('',(1.,1.95832933203E-14));
#5058 = CARTESIAN_POINT('',(1.,1.));
#5059 = ( GEOMETRIC_REPRESENTATION_CONTEXT(2) 
PARAMETRIC_REPRESENTATION_CONTEXT() REPRESENTATION_CONTEXT('2D SPACE',''
  ) );
#5060 = ORIENTED_EDGE('',*,*,#4498,.T.);
#5061 = ORIENTED_EDGE('',*,*,#4945,.T.);
#5062 = ADVANCED_FACE('',(#5063),#4642,.T.);
#5063 = FACE_BOUND('',#5064,.T.);
#5064 = EDGE_LOOP('',(#5065,#5120,#5139,#5140));
#5065 = ORIENTED_EDGE('',*,*,#5066,.F.);
#5066 = EDGE_CURVE('',#5067,#4988,#5069,.T.);
#5067 = VERTEX_POINT('',#5068);
#5068 = CARTESIAN_POINT('',(0.928137801552,-0.112123264747,1.));
#5069 = SURFACE_CURVE('',#5070,(#5090,#5097),.PCURVE_S1.);
#5070 = B_SPLINE_CURVE_WITH_KNOTS('',3,(#5071,#5072,#5073,#5074,#5075,
    #5076,#5077,#5078,#5079,#5080,#5081,#5082,#5083,#5084,#5085,#5086,
    #5087,#5088,#5089),.UNSPECIFIED.,.F.,.F.,(4,1,1,1,1,1,1,1,1,1,1,1,1,
    1,1,1,4),(0.,4.801005732536E-02,9.376792031107E-02,0.138399557564,
    0.183232991656,0.228673116742,0.276074169236,0.326560989789,
    0.380774670644,0.439386736474,0.502573868797,0.570971250052,
    0.645145693524,0.724524964618,0.810181024224,0.902222412465,1.),
  .UNSPECIFIED.);
#5071 = CARTESIAN_POINT('',(0.928137801552,-0.112123264747,1.));
#5072 = CARTESIAN_POINT('',(0.931271519493,-0.112010731362,1.));
#5073 = CARTESIAN_POINT('',(0.937391949888,-0.111790943634,1.));
#5074 = CARTESIAN_POINT('',(0.946278330114,-0.109934246472,1.));
#5075 = CARTESIAN_POINT('',(0.95453694737,-0.106748921038,1.));
#5076 = CARTESIAN_POINT('',(0.962224253062,-0.102393015212,1.));
#5077 = CARTESIAN_POINT('',(0.969239603941,-9.672418822421E-02,1.));
#5078 = CARTESIAN_POINT('',(0.975587799666,-8.982865816955E-02,1.));
#5079 = CARTESIAN_POINT('',(0.981440296171,-8.178245859745E-02,1.));
#5080 = CARTESIAN_POINT('',(0.986472845169,-7.23684412173E-02,1.));
#5081 = CARTESIAN_POINT('',(0.991084353126,-6.183959446513E-02,1.));
#5082 = CARTESIAN_POINT('',(0.994892473136,-5.001573370341E-02,1.));
#5083 = CARTESIAN_POINT('',(0.998261384941,-3.701828987631E-02,1.));
#5084 = CARTESIAN_POINT('',(1.000977504058,-2.278634076053E-02,1.));
#5085 = CARTESIAN_POINT('',(1.00297807631,-7.306126389284E-03,1.));
#5086 = CARTESIAN_POINT('',(1.004504180983,9.396242561629E-03,1.));
#5087 = CARTESIAN_POINT('',(1.005412528537,2.734836407669E-02,1.));
#5088 = CARTESIAN_POINT('',(1.00552096782,3.973035795049E-02,1.));
#5089 = CARTESIAN_POINT('',(1.005576825942,4.610844256984E-02,1.));
#5090 = PCURVE('',#4642,#5091);
#5091 = DEFINITIONAL_REPRESENTATION('',(#5092),#5096);
#5092 = LINE('',#5093,#5094);
#5093 = CARTESIAN_POINT('',(-6.493894375176E-16,1.));
#5094 = VECTOR('',#5095,1.);
#5095 = DIRECTION('',(1.,1.121325254871E-14));
#5096 = ( GEOMETRIC_REPRESENTATION_CONTEXT(2) 
PARAMETRIC_REPRESENTATION_CONTEXT() REPRESENTATION_CONTEXT('2D SPACE',''
  ) );
#5097 = PCURVE('',#4917,#5098);
#5098 = DEFINITIONAL_REPRESENTATION('',(#5099),#5119);
#5099 = B_SPLINE_CURVE_WITH_KNOTS('',3,(#5100,#5101,#5102,#5103,#5104,
    #5105,#5106,#5107,#5108,#5109,#5110,#5111,#5112,#5113,#5114,#5115,
    #5116,#5117,#5118),.UNSPECIFIED.,.F.,.F.,(4,1,1,1,1,1,1,1,1,1,1,1,1,
    1,1,1,4),(0.,4.801005732536E-02,9.376792031107E-02,0.138399557564,
    0.183232991656,0.228673116742,0.276074169236,0.326560989789,
    0.380774670644,0.439386736474,0.502573868797,0.570971250052,
    0.645145693524,0.724524964618,0.810181024224,0.902222412465,1.),
  .UNSPECIFIED.);
#5100 = CARTESIAN_POINT('',(-0.928137801552,-0.112123264747));
#5101 = CARTESIAN_POINT('',(-0.931271519493,-0.112010731362));
#5102 = CARTESIAN_POINT('',(-0.937391949888,-0.111790943634));
#5103 = CARTESIAN_POINT('',(-0.946278330114,-0.109934246472));
#5104 = CARTESIAN_POINT('',(-0.95453694737,-0.106748921038));
#5105 = CARTESIAN_POINT('',(-0.962224253062,-0.102393015212));
#5106 = CARTESIAN_POINT('',(-0.969239603941,-9.672418822421E-02));
#5107 = CARTESIAN_POINT('',(-0.975587799666,-8.982865816955E-02));
#5108 = CARTESIAN_POINT('',(-0.981440296171,-8.178245859745E-02));
#5109 = CARTESIAN_POINT('',(-0.986472845169,-7.23684412173E-02));
#5110 = CARTESIAN_POINT('',(-0.991084353126,-6.183959446513E-02));
#5111 = CARTESIAN_POINT('',(-0.994892473136,-5.001573370341E-02));
#5112 = CARTESIAN_POINT('',(-0.998261384941,-3.701828987631E-02));
#5113 = CARTESIAN_POINT('',(-1.000977504058,-2.278634076053E-02));
#5114 = CARTESIAN_POINT('',(-1.00297807631,-7.306126389284E-03));
#5115 = CARTESIAN_POINT('',(-1.004504180983,9.396242561629E-03));
#5116 = CARTESIAN_POINT('',(-1.005412528537,2.734836407669E-02));
#5117 = CARTESIAN_POINT('',(-1.00552096782,3.973035795049E-02));
#5118 = CARTESIAN_POINT('',(-1.005576825942,4.610844256984E-02));
#5119 = ( GEOMETRIC_REPRESENTATION_CONTEXT(2) 
PARAMETRIC_REPRESENTATION_CONTEXT() REPRESENTATION_CONTEXT('2D SPACE',''
  ) );
#5120 = ORIENTED_EDGE('',*,*,#5121,.F.);
#5121 = EDGE_CURVE('',#4595,#5067,#5122,.T.);
#5122 = SURFACE_CURVE('',#5123,(#5127,#5133),.PCURVE_S1.);
#5123 = LINE('',#5124,#5125);
#5124 = CARTESIAN_POINT('',(0.928137801552,-0.112123264747,0.99));
#5125 = VECTOR('',#5126,1.);
#5126 = DIRECTION('',(-0.,-0.,1.));
#5127 = PCURVE('',#4642,#5128);
#5128 = DEFINITIONAL_REPRESENTATION('',(#5129),#5132);
#5129 = B_SPLINE_CURVE_WITH_KNOTS('',1,(#5130,#5131),.UNSPECIFIED.,.F.,
  .F.,(2,2),(0.,1.E-02),.PIECEWISE_BEZIER_KNOTS.);
#5130 = CARTESIAN_POINT('',(-6.100413689858E-16,2.92994148412E-15));
#5131 = CARTESIAN_POINT('',(-6.468476859694E-16,1.));
#5132 = ( GEOMETRIC_REPRESENTATION_CONTEXT(2) 
PARAMETRIC_REPRESENTATION_CONTEXT() REPRESENTATION_CONTEXT('2D SPACE',''
  ) );
#5133 = PCURVE('',#4736,#5134);
#5134 = DEFINITIONAL_REPRESENTATION('',(#5135),#5138);
#5135 = B_SPLINE_CURVE_WITH_KNOTS('',1,(#5136,#5137),.UNSPECIFIED.,.F.,
  .F.,(2,2),(0.,1.E-02),.PIECEWISE_BEZIER_KNOTS.);
#5136 = CARTESIAN_POINT('',(1.,-2.636888103702E-15));
#5137 = CARTESIAN_POINT('',(1.,1.));
#5138 = ( GEOMETRIC_REPRESENTATION_CONTEXT(2) 
PARAMETRIC_REPRESENTATION_CONTEXT() REPRESENTATION_CONTEXT('2D SPACE',''
  ) );
#5139 = ORIENTED_EDGE('',*,*,#4594,.T.);
#5140 = ORIENTED_EDGE('',*,*,#5042,.T.);
#5141 = ADVANCED_FACE('',(#5142),#4736,.T.);
#5142 = FACE_BOUND('',#5143,.T.);
#5143 = EDGE_LOOP('',(#5144,#5197,#5198,#5199));
#5144 = ORIENTED_EDGE('',*,*,#5145,.F.);
#5145 = EDGE_CURVE('',#4886,#5067,#5146,.T.);
#5146 = SURFACE_CURVE('',#5147,(#5167,#5174),.PCURVE_S1.);
#5147 = B_SPLINE_CURVE_WITH_KNOTS('',3,(#5148,#5149,#5150,#5151,#5152,
    #5153,#5154,#5155,#5156,#5157,#5158,#5159,#5160,#5161,#5162,#5163,
    #5164,#5165,#5166),.UNSPECIFIED.,.F.,.F.,(4,1,1,1,1,1,1,1,1,1,1,1,1,
    1,1,1,4),(0.,9.697942603676E-02,0.188179224233,0.272947849064,
    0.351896011832,0.42549989634,0.493297749432,0.556493017866,
    0.614489658921,0.668831556657,0.719399476038,0.767430529225,
    0.813363807204,0.858358084996,0.903939391551,0.950827380219,1.),
  .UNSPECIFIED.);
#5148 = CARTESIAN_POINT('',(0.849479264967,4.351697915521E-02,1.));
#5149 = CARTESIAN_POINT('',(0.849533527663,3.724029236653E-02,1.));
#5150 = CARTESIAN_POINT('',(0.849638819192,2.506098693122E-02,1.));
#5151 = CARTESIAN_POINT('',(0.850567530061,7.416276082202E-03,1.));
#5152 = CARTESIAN_POINT('',(0.852024713969,-9.023434432565E-03,1.));
#5153 = CARTESIAN_POINT('',(0.854274456632,-2.422327888922E-02,1.));
#5154 = CARTESIAN_POINT('',(0.856948020153,-3.823628920875E-02,1.));
#5155 = CARTESIAN_POINT('',(0.860279368495,-5.106548801639E-02,1.));
#5156 = CARTESIAN_POINT('',(0.864308726703,-6.26252144442E-02,1.));
#5157 = CARTESIAN_POINT('',(0.868856416939,-7.305436285639E-02,1.));
#5158 = CARTESIAN_POINT('',(0.874125921336,-8.220871769214E-02,1.));
#5159 = CARTESIAN_POINT('',(0.879915505212,-9.026322310526E-02,1.));
#5160 = CARTESIAN_POINT('',(0.886413266283,-9.704697264175E-02,1.));
#5161 = CARTESIAN_POINT('',(0.893604573728,-0.102494587478,1.));
#5162 = CARTESIAN_POINT('',(0.9013140794,-0.106879981492,1.));
#5163 = CARTESIAN_POINT('',(0.909716050124,-0.109908188674,1.));
#5164 = CARTESIAN_POINT('',(0.918729556048,-0.111798133522,1.));
#5165 = CARTESIAN_POINT('',(0.924952386722,-0.112013182817,1.));
#5166 = CARTESIAN_POINT('',(0.928137801552,-0.112123264747,1.));
#5167 = PCURVE('',#4736,#5168);
#5168 = DEFINITIONAL_REPRESENTATION('',(#5169),#5173);
#5169 = LINE('',#5170,#5171);
#5170 = CARTESIAN_POINT('',(-1.138509898762E-17,1.));
#5171 = VECTOR('',#5172,1.);
#5172 = DIRECTION('',(1.,1.143529715364E-14));
#5173 = ( GEOMETRIC_REPRESENTATION_CONTEXT(2) 
PARAMETRIC_REPRESENTATION_CONTEXT() REPRESENTATION_CONTEXT('2D SPACE',''
  ) );
#5174 = PCURVE('',#4917,#5175);
#5175 = DEFINITIONAL_REPRESENTATION('',(#5176),#5196);
#5176 = B_SPLINE_CURVE_WITH_KNOTS('',3,(#5177,#5178,#5179,#5180,#5181,
    #5182,#5183,#5184,#5185,#5186,#5187,#5188,#5189,#5190,#5191,#5192,
    #5193,#5194,#5195),.UNSPECIFIED.,.F.,.F.,(4,1,1,1,1,1,1,1,1,1,1,1,1,
    1,1,1,4),(0.,9.697942603676E-02,0.188179224233,0.272947849064,
    0.351896011832,0.42549989634,0.493297749432,0.556493017866,
    0.614489658921,0.668831556657,0.719399476038,0.767430529225,
    0.813363807204,0.858358084996,0.903939391551,0.950827380219,1.),
  .UNSPECIFIED.);
#5177 = CARTESIAN_POINT('',(-0.849479264967,4.351697915521E-02));
#5178 = CARTESIAN_POINT('',(-0.849533527663,3.724029236653E-02));
#5179 = CARTESIAN_POINT('',(-0.849638819192,2.506098693122E-02));
#5180 = CARTESIAN_POINT('',(-0.850567530061,7.416276082202E-03));
#5181 = CARTESIAN_POINT('',(-0.852024713969,-9.023434432565E-03));
#5182 = CARTESIAN_POINT('',(-0.854274456632,-2.422327888922E-02));
#5183 = CARTESIAN_POINT('',(-0.856948020153,-3.823628920875E-02));
#5184 = CARTESIAN_POINT('',(-0.860279368495,-5.106548801639E-02));
#5185 = CARTESIAN_POINT('',(-0.864308726703,-6.26252144442E-02));
#5186 = CARTESIAN_POINT('',(-0.868856416939,-7.305436285639E-02));
#5187 = CARTESIAN_POINT('',(-0.874125921336,-8.220871769214E-02));
#5188 = CARTESIAN_POINT('',(-0.879915505212,-9.026322310526E-02));
#5189 = CARTESIAN_POINT('',(-0.886413266283,-9.704697264175E-02));
#5190 = CARTESIAN_POINT('',(-0.893604573728,-0.102494587478));
#5191 = CARTESIAN_POINT('',(-0.9013140794,-0.106879981492));
#5192 = CARTESIAN_POINT('',(-0.909716050124,-0.109908188674));
#5193 = CARTESIAN_POINT('',(-0.918729556048,-0.111798133522));
#5194 = CARTESIAN_POINT('',(-0.924952386722,-0.112013182817));
#5195 = CARTESIAN_POINT('',(-0.928137801552,-0.112123264747));
#5196 = ( GEOMETRIC_REPRESENTATION_CONTEXT(2) 
PARAMETRIC_REPRESENTATION_CONTEXT() REPRESENTATION_CONTEXT('2D SPACE',''
  ) );
#5197 = ORIENTED_EDGE('',*,*,#4965,.F.);
#5198 = ORIENTED_EDGE('',*,*,#4688,.T.);
#5199 = ORIENTED_EDGE('',*,*,#5121,.T.);
#5200 = ADVANCED_FACE('',(#5201),#612,.T.);
#5201 = FACE_BOUND('',#5202,.T.);
#5202 = EDGE_LOOP('',(#5203,#5204,#5225,#5285));
#5203 = ORIENTED_EDGE('',*,*,#562,.F.);
#5204 = ORIENTED_EDGE('',*,*,#5205,.F.);
#5205 = EDGE_CURVE('',#5206,#563,#5208,.T.);
#5206 = VERTEX_POINT('',#5207);
#5207 = CARTESIAN_POINT('',(0.601994508869,2.857795476496E-02,0.99));
#5208 = SURFACE_CURVE('',#5209,(#5213,#5219),.PCURVE_S1.);
#5209 = LINE('',#5210,#5211);
#5210 = CARTESIAN_POINT('',(0.601994508869,2.857795476496E-02,0.99));
#5211 = VECTOR('',#5212,1.);
#5212 = DIRECTION('',(-0.,-0.,1.));
#5213 = PCURVE('',#612,#5214);
#5214 = DEFINITIONAL_REPRESENTATION('',(#5215),#5218);
#5215 = B_SPLINE_CURVE_WITH_KNOTS('',1,(#5216,#5217),.UNSPECIFIED.,.F.,
  .F.,(2,2),(0.,1.E-02),.PIECEWISE_BEZIER_KNOTS.);
#5216 = CARTESIAN_POINT('',(-2.228308463011E-16,-2.621167172201E-15));
#5217 = CARTESIAN_POINT('',(-1.414478673086E-16,1.));
#5218 = ( GEOMETRIC_REPRESENTATION_CONTEXT(2) 
PARAMETRIC_REPRESENTATION_CONTEXT() REPRESENTATION_CONTEXT('2D SPACE',''
  ) );
#5219 = PCURVE('',#1344,#5220);
#5220 = DEFINITIONAL_REPRESENTATION('',(#5221),#5224);
#5221 = B_SPLINE_CURVE_WITH_KNOTS('',1,(#5222,#5223),.UNSPECIFIED.,.F.,
  .F.,(2,2),(0.,1.E-02),.PIECEWISE_BEZIER_KNOTS.);
#5222 = CARTESIAN_POINT('',(1.,1.959890583159E-14));
#5223 = CARTESIAN_POINT('',(1.,1.));
#5224 = ( GEOMETRIC_REPRESENTATION_CONTEXT(2) 
PARAMETRIC_REPRESENTATION_CONTEXT() REPRESENTATION_CONTEXT('2D SPACE',''
  ) );
#5225 = ORIENTED_EDGE('',*,*,#5226,.T.);
#5226 = EDGE_CURVE('',#5206,#5227,#5229,.T.);
#5227 = VERTEX_POINT('',#5228);
#5228 = CARTESIAN_POINT('',(0.68362560643,0.142678564521,0.99));
#5229 = SURFACE_CURVE('',#5230,(#5250,#5257),.PCURVE_S1.);
#5230 = B_SPLINE_CURVE_WITH_KNOTS('',3,(#5231,#5232,#5233,#5234,#5235,
    #5236,#5237,#5238,#5239,#5240,#5241,#5242,#5243,#5244,#5245,#5246,
    #5247,#5248,#5249),.UNSPECIFIED.,.F.,.F.,(4,1,1,1,1,1,1,1,1,1,1,1,1,
    1,1,1,4),(0.,9.494637101735E-02,0.183528990617,0.265917511755,
    0.342850332499,0.41302406156,0.478019871153,0.537269670907,
    0.591374949314,0.642508483092,0.693149292469,0.743128277156,
    0.793215033365,0.843588945081,0.894814666004,0.946997228792,1.),
  .UNSPECIFIED.);
#5231 = CARTESIAN_POINT('',(0.601994508869,2.857795476496E-02,0.99));
#5232 = CARTESIAN_POINT('',(0.605799333793,3.124470594851E-02,0.99));
#5233 = CARTESIAN_POINT('',(0.613153966415,3.639947013484E-02,0.99));
#5234 = CARTESIAN_POINT('',(0.623497451926,4.429603695956E-02,0.99));
#5235 = CARTESIAN_POINT('',(0.633025120727,5.180815844172E-02,0.99));
#5236 = CARTESIAN_POINT('',(0.641487021574,5.919382578938E-02,0.99));
#5237 = CARTESIAN_POINT('',(0.649142263485,6.620694902857E-02,0.99));
#5238 = CARTESIAN_POINT('',(0.655740147437,7.306710283836E-02,0.99));
#5239 = CARTESIAN_POINT('',(0.661512397099,7.961707181455E-02,0.99));
#5240 = CARTESIAN_POINT('',(0.666407217216,8.601742300478E-02,0.99));
#5241 = CARTESIAN_POINT('',(0.670509827428,9.245741350331E-02,0.99));
#5242 = CARTESIAN_POINT('',(0.674012585968,9.901256625942E-02,0.99));
#5243 = CARTESIAN_POINT('',(0.677005518715,0.105758133128,0.99));
#5244 = CARTESIAN_POINT('',(0.679480352557,0.112702753124,0.99));
#5245 = CARTESIAN_POINT('',(0.681257014775,0.119916303966,0.99));
#5246 = CARTESIAN_POINT('',(0.682685983584,0.127310396488,0.99));
#5247 = CARTESIAN_POINT('',(0.683408608236,0.13494080761,0.99));
#5248 = CARTESIAN_POINT('',(0.683552898652,0.140085938744,0.99));
#5249 = CARTESIAN_POINT('',(0.68362560643,0.142678564521,0.99));
#5250 = PCURVE('',#612,#5251);
#5251 = DEFINITIONAL_REPRESENTATION('',(#5252),#5256);
#5252 = LINE('',#5253,#5254);
#5253 = CARTESIAN_POINT('',(-1.414478673086E-16,-2.621167172201E-15));
#5254 = VECTOR('',#5255,1.);
#5255 = DIRECTION('',(1.,1.972152263053E-30));
#5256 = ( GEOMETRIC_REPRESENTATION_CONTEXT(2) 
PARAMETRIC_REPRESENTATION_CONTEXT() REPRESENTATION_CONTEXT('2D SPACE',''
  ) );
#5257 = PCURVE('',#5258,#5263);
#5258 = PLANE('',#5259);
#5259 = AXIS2_PLACEMENT_3D('',#5260,#5261,#5262);
#5260 = CARTESIAN_POINT('',(0.658045071879,7.571337964456E-02,0.99));
#5261 = DIRECTION('',(-2.349166204372E-13,3.351706068056E-13,-1.));
#5262 = DIRECTION('',(0.,1.,3.351706068056E-13));
#5263 = DEFINITIONAL_REPRESENTATION('',(#5264),#5284);
#5264 = B_SPLINE_CURVE_WITH_KNOTS('',3,(#5265,#5266,#5267,#5268,#5269,
    #5270,#5271,#5272,#5273,#5274,#5275,#5276,#5277,#5278,#5279,#5280,
    #5281,#5282,#5283),.UNSPECIFIED.,.F.,.F.,(4,1,1,1,1,1,1,1,1,1,1,1,1,
    1,1,1,4),(0.,9.494637101735E-02,0.183528990617,0.265917511755,
    0.342850332499,0.41302406156,0.478019871153,0.537269670907,
    0.591374949314,0.642508483092,0.693149292469,0.743128277156,
    0.793215033365,0.843588945081,0.894814666004,0.946997228792,1.),
  .UNSPECIFIED.);
#5265 = CARTESIAN_POINT('',(-4.71354248796E-02,-5.605056300977E-02));
#5266 = CARTESIAN_POINT('',(-4.446867369605E-02,-5.224573808625E-02));
#5267 = CARTESIAN_POINT('',(-3.931390950971E-02,-4.489110546358E-02));
#5268 = CARTESIAN_POINT('',(-3.1417342685E-02,-3.454761995242E-02));
#5269 = CARTESIAN_POINT('',(-2.390522120284E-02,-2.501995115207E-02));
#5270 = CARTESIAN_POINT('',(-1.651955385518E-02,-1.655805030457E-02));
#5271 = CARTESIAN_POINT('',(-9.506430615986E-03,-8.902808394007E-03));
#5272 = CARTESIAN_POINT('',(-2.646276806198E-03,-2.304924441873E-03));
#5273 = CARTESIAN_POINT('',(3.903692169992E-03,3.467325220512E-03));
#5274 = CARTESIAN_POINT('',(1.030404336022E-02,8.362145337369E-03));
#5275 = CARTESIAN_POINT('',(1.674403385875E-02,1.246475554916E-02));
#5276 = CARTESIAN_POINT('',(2.329918661486E-02,1.596751408957E-02));
#5277 = CARTESIAN_POINT('',(3.00447534832E-02,1.896044683591E-02));
#5278 = CARTESIAN_POINT('',(3.698937347918E-02,2.143528067804E-02));
#5279 = CARTESIAN_POINT('',(4.42029243215E-02,2.321194289572E-02));
#5280 = CARTESIAN_POINT('',(5.159701684373E-02,2.464091170473E-02));
#5281 = CARTESIAN_POINT('',(5.922742796567E-02,2.536353635675E-02));
#5282 = CARTESIAN_POINT('',(6.437255909925E-02,2.550782677309E-02));
#5283 = CARTESIAN_POINT('',(6.69651848765E-02,2.55805345512E-02));
#5284 = ( GEOMETRIC_REPRESENTATION_CONTEXT(2) 
PARAMETRIC_REPRESENTATION_CONTEXT() REPRESENTATION_CONTEXT('2D SPACE',''
  ) );
#5285 = ORIENTED_EDGE('',*,*,#5286,.T.);
#5286 = EDGE_CURVE('',#5227,#565,#5287,.T.);
#5287 = SURFACE_CURVE('',#5288,(#5292,#5298),.PCURVE_S1.);
#5288 = LINE('',#5289,#5290);
#5289 = CARTESIAN_POINT('',(0.68362560643,0.142678564521,0.99));
#5290 = VECTOR('',#5291,1.);
#5291 = DIRECTION('',(-0.,-0.,1.));
#5292 = PCURVE('',#612,#5293);
#5293 = DEFINITIONAL_REPRESENTATION('',(#5294),#5297);
#5294 = B_SPLINE_CURVE_WITH_KNOTS('',1,(#5295,#5296),.UNSPECIFIED.,.F.,
  .F.,(2,2),(0.,1.E-02),.PIECEWISE_BEZIER_KNOTS.);
#5295 = CARTESIAN_POINT('',(1.,-2.621167172201E-15));
#5296 = CARTESIAN_POINT('',(1.,1.));
#5297 = ( GEOMETRIC_REPRESENTATION_CONTEXT(2) 
PARAMETRIC_REPRESENTATION_CONTEXT() REPRESENTATION_CONTEXT('2D SPACE',''
  ) );
#5298 = PCURVE('',#706,#5299);
#5299 = DEFINITIONAL_REPRESENTATION('',(#5300),#5303);
#5300 = B_SPLINE_CURVE_WITH_KNOTS('',1,(#5301,#5302),.UNSPECIFIED.,.F.,
  .F.,(2,2),(0.,1.E-02),.PIECEWISE_BEZIER_KNOTS.);
#5301 = CARTESIAN_POINT('',(3.738954778417E-16,2.914177914338E-15));
#5302 = CARTESIAN_POINT('',(2.182377650633E-16,1.));
#5303 = ( GEOMETRIC_REPRESENTATION_CONTEXT(2) 
PARAMETRIC_REPRESENTATION_CONTEXT() REPRESENTATION_CONTEXT('2D SPACE',''
  ) );
#5304 = ADVANCED_FACE('',(#5305),#706,.T.);
#5305 = FACE_BOUND('',#5306,.T.);
#5306 = EDGE_LOOP('',(#5307,#5308,#5309,#5364));
#5307 = ORIENTED_EDGE('',*,*,#658,.F.);
#5308 = ORIENTED_EDGE('',*,*,#5286,.F.);
#5309 = ORIENTED_EDGE('',*,*,#5310,.T.);
#5310 = EDGE_CURVE('',#5227,#5311,#5313,.T.);
#5311 = VERTEX_POINT('',#5312);
#5312 = CARTESIAN_POINT('',(0.606643899113,0.209827954765,0.99));
#5313 = SURFACE_CURVE('',#5314,(#5334,#5341),.PCURVE_S1.);
#5314 = B_SPLINE_CURVE_WITH_KNOTS('',3,(#5315,#5316,#5317,#5318,#5319,
    #5320,#5321,#5322,#5323,#5324,#5325,#5326,#5327,#5328,#5329,#5330,
    #5331,#5332,#5333),.UNSPECIFIED.,.F.,.F.,(4,1,1,1,1,1,1,1,1,1,1,1,1,
    1,1,1,4),(0.,6.603084471948E-02,0.129294159676,0.189627139685,
    0.247856302637,0.305101558447,0.362384823195,0.419576824054,
    0.477910554597,0.537166073287,0.597031868114,0.657821282833,
    0.720448352392,0.78543257793,0.853770076473,0.924738698815,1.),
  .UNSPECIFIED.);
#5315 = CARTESIAN_POINT('',(0.68362560643,0.142678564521,0.99));
#5316 = CARTESIAN_POINT('',(0.683577244174,0.145223039733,0.99));
#5317 = CARTESIAN_POINT('',(0.683482546654,0.150205344378,0.99));
#5318 = CARTESIAN_POINT('',(0.682445117293,0.157448035775,0.99));
#5319 = CARTESIAN_POINT('',(0.680893291832,0.164288369604,0.99));
#5320 = CARTESIAN_POINT('',(0.678556380802,0.170658305176,0.99));
#5321 = CARTESIAN_POINT('',(0.675667985917,0.176665753605,0.99));
#5322 = CARTESIAN_POINT('',(0.672063053695,0.182227929796,0.99));
#5323 = CARTESIAN_POINT('',(0.667849785097,0.187399652723,0.99));
#5324 = CARTESIAN_POINT('',(0.662936096405,0.192022321942,0.99));
#5325 = CARTESIAN_POINT('',(0.6575295627,0.196215487592,0.99));
#5326 = CARTESIAN_POINT('',(0.651646333967,0.199901332904,0.99));
#5327 = CARTESIAN_POINT('',(0.645263345211,0.202944000073,0.99));
#5328 = CARTESIAN_POINT('',(0.638449461781,0.205456683141,0.99));
#5329 = CARTESIAN_POINT('',(0.631164581273,0.207469201053,0.99));
#5330 = CARTESIAN_POINT('',(0.623399017229,0.208780218407,0.99));
#5331 = CARTESIAN_POINT('',(0.615174815564,0.209653650247,0.99));
#5332 = CARTESIAN_POINT('',(0.609542649947,0.209768727205,0.99));
#5333 = CARTESIAN_POINT('',(0.606643899113,0.209827954765,0.99));
#5334 = PCURVE('',#706,#5335);
#5335 = DEFINITIONAL_REPRESENTATION('',(#5336),#5340);
#5336 = LINE('',#5337,#5338);
#5337 = CARTESIAN_POINT('',(3.738954778417E-16,2.914177914338E-15));
#5338 = VECTOR('',#5339,1.);
#5339 = DIRECTION('',(1.,-5.55106601804E-15));
#5340 = ( GEOMETRIC_REPRESENTATION_CONTEXT(2) 
PARAMETRIC_REPRESENTATION_CONTEXT() REPRESENTATION_CONTEXT('2D SPACE',''
  ) );
#5341 = PCURVE('',#5258,#5342);
#5342 = DEFINITIONAL_REPRESENTATION('',(#5343),#5363);
#5343 = B_SPLINE_CURVE_WITH_KNOTS('',3,(#5344,#5345,#5346,#5347,#5348,
    #5349,#5350,#5351,#5352,#5353,#5354,#5355,#5356,#5357,#5358,#5359,
    #5360,#5361,#5362),.UNSPECIFIED.,.F.,.F.,(4,1,1,1,1,1,1,1,1,1,1,1,1,
    1,1,1,4),(0.,6.603084471948E-02,0.129294159676,0.189627139685,
    0.247856302637,0.305101558447,0.362384823195,0.419576824054,
    0.477910554597,0.537166073287,0.597031868114,0.657821282833,
    0.720448352392,0.78543257793,0.853770076473,0.924738698815,1.),
  .UNSPECIFIED.);
#5344 = CARTESIAN_POINT('',(6.69651848765E-02,2.55805345512E-02));
#5345 = CARTESIAN_POINT('',(6.950966008862E-02,2.553217229517E-02));
#5346 = CARTESIAN_POINT('',(7.449196473376E-02,2.543747477495E-02));
#5347 = CARTESIAN_POINT('',(8.173465613009E-02,2.4400045414E-02));
#5348 = CARTESIAN_POINT('',(8.857498995944E-02,2.284821995342E-02));
#5349 = CARTESIAN_POINT('',(9.494492553116E-02,2.051130892265E-02));
#5350 = CARTESIAN_POINT('',(0.100952373961,1.762291403853E-02));
#5351 = CARTESIAN_POINT('',(0.106514550151,1.401798181635E-02));
#5352 = CARTESIAN_POINT('',(0.111686273079,9.804713217972E-03));
#5353 = CARTESIAN_POINT('',(0.116308942297,4.891024525953E-03));
#5354 = CARTESIAN_POINT('',(0.120502107947,-5.155091789613E-04));
#5355 = CARTESIAN_POINT('',(0.12418795326,-6.398737911946E-03));
#5356 = CARTESIAN_POINT('',(0.127230620429,-1.278172666755E-02));
#5357 = CARTESIAN_POINT('',(0.129743303497,-1.959561009819E-02));
#5358 = CARTESIAN_POINT('',(0.131755821409,-2.688049060549E-02));
#5359 = CARTESIAN_POINT('',(0.133066838762,-3.464605465021E-02));
#5360 = CARTESIAN_POINT('',(0.133940270603,-4.287025631477E-02));
#5361 = CARTESIAN_POINT('',(0.13405534756,-4.850242193163E-02));
#5362 = CARTESIAN_POINT('',(0.13411457512,-5.140117276587E-02));
#5363 = ( GEOMETRIC_REPRESENTATION_CONTEXT(2) 
PARAMETRIC_REPRESENTATION_CONTEXT() REPRESENTATION_CONTEXT('2D SPACE',''
  ) );
#5364 = ORIENTED_EDGE('',*,*,#5365,.T.);
#5365 = EDGE_CURVE('',#5311,#659,#5366,.T.);
#5366 = SURFACE_CURVE('',#5367,(#5371,#5377),.PCURVE_S1.);
#5367 = LINE('',#5368,#5369);
#5368 = CARTESIAN_POINT('',(0.606643899113,0.209827954765,0.99));
#5369 = VECTOR('',#5370,1.);
#5370 = DIRECTION('',(-0.,-0.,1.));
#5371 = PCURVE('',#706,#5372);
#5372 = DEFINITIONAL_REPRESENTATION('',(#5373),#5376);
#5373 = B_SPLINE_CURVE_WITH_KNOTS('',1,(#5374,#5375),.UNSPECIFIED.,.F.,
  .F.,(2,2),(0.,1.E-02),.PIECEWISE_BEZIER_KNOTS.);
#5374 = CARTESIAN_POINT('',(1.,-2.636888103702E-15));
#5375 = CARTESIAN_POINT('',(1.,1.));
#5376 = ( GEOMETRIC_REPRESENTATION_CONTEXT(2) 
PARAMETRIC_REPRESENTATION_CONTEXT() REPRESENTATION_CONTEXT('2D SPACE',''
  ) );
#5377 = PCURVE('',#784,#5378);
#5378 = DEFINITIONAL_REPRESENTATION('',(#5379),#5382);
#5379 = B_SPLINE_CURVE_WITH_KNOTS('',1,(#5380,#5381),.UNSPECIFIED.,.F.,
  .F.,(2,2),(0.,1.E-02),.PIECEWISE_BEZIER_KNOTS.);
#5380 = CARTESIAN_POINT('',(1.7690772431E-15,-2.621141684453E-15));
#5381 = CARTESIAN_POINT('',(1.777481580646E-15,1.));
#5382 = ( GEOMETRIC_REPRESENTATION_CONTEXT(2) 
PARAMETRIC_REPRESENTATION_CONTEXT() REPRESENTATION_CONTEXT('2D SPACE',''
  ) );
#5383 = ADVANCED_FACE('',(#5384),#784,.T.);
#5384 = FACE_BOUND('',#5385,.T.);
#5385 = EDGE_LOOP('',(#5386,#5387,#5388,#5427));
#5386 = ORIENTED_EDGE('',*,*,#752,.F.);
#5387 = ORIENTED_EDGE('',*,*,#5365,.F.);
#5388 = ORIENTED_EDGE('',*,*,#5389,.T.);
#5389 = EDGE_CURVE('',#5311,#5390,#5392,.T.);
#5390 = VERTEX_POINT('',#5391);
#5391 = CARTESIAN_POINT('',(0.508015850333,0.161199905984,0.99));
#5392 = SURFACE_CURVE('',#5393,(#5405,#5412),.PCURVE_S1.);
#5393 = B_SPLINE_CURVE_WITH_KNOTS('',3,(#5394,#5395,#5396,#5397,#5398,
    #5399,#5400,#5401,#5402,#5403,#5404),.UNSPECIFIED.,.F.,.F.,(4,1,1,1,
    1,1,1,1,4),(0.,0.111554841178,0.225516891655,0.34355421977,
    0.467170028746,0.594332573775,0.724983929808,0.85969250806,1.),
  .UNSPECIFIED.);
#5394 = CARTESIAN_POINT('',(0.606643899113,0.209827954765,0.99));
#5395 = CARTESIAN_POINT('',(0.602440967634,0.20968394223,0.99));
#5396 = CARTESIAN_POINT('',(0.593944410846,0.209392809555,0.99));
#5397 = CARTESIAN_POINT('',(0.581203494976,0.206893789921,0.99));
#5398 = CARTESIAN_POINT('',(0.568400326883,0.202906440761,0.99));
#5399 = CARTESIAN_POINT('',(0.555668278606,0.197303336543,0.99));
#5400 = CARTESIAN_POINT('',(0.543070330897,0.190371181674,0.99));
#5401 = CARTESIAN_POINT('',(0.530856524322,0.182016769592,0.99));
#5402 = CARTESIAN_POINT('',(0.519038341577,0.172300981707,0.99));
#5403 = CARTESIAN_POINT('',(0.511739544923,0.164950148529,0.99));
#5404 = CARTESIAN_POINT('',(0.508015850333,0.161199905984,0.99));
#5405 = PCURVE('',#784,#5406);
#5406 = DEFINITIONAL_REPRESENTATION('',(#5407),#5411);
#5407 = LINE('',#5408,#5409);
#5408 = CARTESIAN_POINT('',(1.777481580646E-15,-2.621141684453E-15));
#5409 = VECTOR('',#5410,1.);
#5410 = DIRECTION('',(1.,2.220445162407E-14));
#5411 = ( GEOMETRIC_REPRESENTATION_CONTEXT(2) 
PARAMETRIC_REPRESENTATION_CONTEXT() REPRESENTATION_CONTEXT('2D SPACE',''
  ) );
#5412 = PCURVE('',#5258,#5413);
#5413 = DEFINITIONAL_REPRESENTATION('',(#5414),#5426);
#5414 = B_SPLINE_CURVE_WITH_KNOTS('',3,(#5415,#5416,#5417,#5418,#5419,
    #5420,#5421,#5422,#5423,#5424,#5425),.UNSPECIFIED.,.F.,.F.,(4,1,1,1,
    1,1,1,1,4),(0.,0.111554841178,0.225516891655,0.34355421977,
    0.467170028746,0.594332573775,0.724983929808,0.85969250806,1.),
  .UNSPECIFIED.);
#5415 = CARTESIAN_POINT('',(0.13411457512,-5.140117276587E-02));
#5416 = CARTESIAN_POINT('',(0.133970562585,-5.560410424495E-02));
#5417 = CARTESIAN_POINT('',(0.133679429911,-6.410066103254E-02));
#5418 = CARTESIAN_POINT('',(0.131180410276,-7.684157690256E-02));
#5419 = CARTESIAN_POINT('',(0.127193061116,-8.964474499584E-02));
#5420 = CARTESIAN_POINT('',(0.121589956899,-0.102376793273));
#5421 = CARTESIAN_POINT('',(0.11465780203,-0.114974740982));
#5422 = CARTESIAN_POINT('',(0.106303389948,-0.127188547556));
#5423 = CARTESIAN_POINT('',(9.65876020626E-02,-0.139006730302));
#5424 = CARTESIAN_POINT('',(8.923676888454E-02,-0.146305526956));
#5425 = CARTESIAN_POINT('',(8.548652633992E-02,-0.150029221546));
#5426 = ( GEOMETRIC_REPRESENTATION_CONTEXT(2) 
PARAMETRIC_REPRESENTATION_CONTEXT() REPRESENTATION_CONTEXT('2D SPACE',''
  ) );
#5427 = ORIENTED_EDGE('',*,*,#5428,.T.);
#5428 = EDGE_CURVE('',#5390,#753,#5429,.T.);
#5429 = SURFACE_CURVE('',#5430,(#5434,#5440),.PCURVE_S1.);
#5430 = LINE('',#5431,#5432);
#5431 = CARTESIAN_POINT('',(0.508015850333,0.161199905984,0.99));
#5432 = VECTOR('',#5433,1.);
#5433 = DIRECTION('',(-0.,-0.,1.));
#5434 = PCURVE('',#784,#5435);
#5435 = DEFINITIONAL_REPRESENTATION('',(#5436),#5439);
#5436 = B_SPLINE_CURVE_WITH_KNOTS('',1,(#5437,#5438),.UNSPECIFIED.,.F.,
  .F.,(2,2),(0.,1.E-02),.PIECEWISE_BEZIER_KNOTS.);
#5437 = CARTESIAN_POINT('',(1.,1.958330993962E-14));
#5438 = CARTESIAN_POINT('',(1.,1.));
#5439 = ( GEOMETRIC_REPRESENTATION_CONTEXT(2) 
PARAMETRIC_REPRESENTATION_CONTEXT() REPRESENTATION_CONTEXT('2D SPACE',''
  ) );
#5440 = PCURVE('',#830,#5441);
#5441 = DEFINITIONAL_REPRESENTATION('',(#5442),#5446);
#5442 = LINE('',#5443,#5444);
#5443 = CARTESIAN_POINT('',(0.,0.));
#5444 = VECTOR('',#5445,1.);
#5445 = DIRECTION('',(-1.,0.));
#5446 = ( GEOMETRIC_REPRESENTATION_CONTEXT(2) 
PARAMETRIC_REPRESENTATION_CONTEXT() REPRESENTATION_CONTEXT('2D SPACE',''
  ) );
#5447 = ADVANCED_FACE('',(#5448),#830,.T.);
#5448 = FACE_BOUND('',#5449,.T.);
#5449 = EDGE_LOOP('',(#5450,#5451,#5452,#5475));
#5450 = ORIENTED_EDGE('',*,*,#814,.F.);
#5451 = ORIENTED_EDGE('',*,*,#5428,.F.);
#5452 = ORIENTED_EDGE('',*,*,#5453,.T.);
#5453 = EDGE_CURVE('',#5390,#5454,#5456,.T.);
#5454 = VERTEX_POINT('',#5455);
#5455 = CARTESIAN_POINT('',(0.508015850333,0.210132832814,0.99));
#5456 = SURFACE_CURVE('',#5457,(#5461,#5468),.PCURVE_S1.);
#5457 = LINE('',#5458,#5459);
#5458 = CARTESIAN_POINT('',(0.508015850333,0.161199905984,0.99));
#5459 = VECTOR('',#5460,1.);
#5460 = DIRECTION('',(0.,1.,0.));
#5461 = PCURVE('',#830,#5462);
#5462 = DEFINITIONAL_REPRESENTATION('',(#5463),#5467);
#5463 = LINE('',#5464,#5465);
#5464 = CARTESIAN_POINT('',(0.,0.));
#5465 = VECTOR('',#5466,1.);
#5466 = DIRECTION('',(0.,1.));
#5467 = ( GEOMETRIC_REPRESENTATION_CONTEXT(2) 
PARAMETRIC_REPRESENTATION_CONTEXT() REPRESENTATION_CONTEXT('2D SPACE',''
  ) );
#5468 = PCURVE('',#5258,#5469);
#5469 = DEFINITIONAL_REPRESENTATION('',(#5470),#5474);
#5470 = LINE('',#5471,#5472);
#5471 = CARTESIAN_POINT('',(8.548652633992E-02,-0.150029221546));
#5472 = VECTOR('',#5473,1.);
#5473 = DIRECTION('',(1.,7.873714622065E-26));
#5474 = ( GEOMETRIC_REPRESENTATION_CONTEXT(2) 
PARAMETRIC_REPRESENTATION_CONTEXT() REPRESENTATION_CONTEXT('2D SPACE',''
  ) );
#5475 = ORIENTED_EDGE('',*,*,#5476,.T.);
#5476 = EDGE_CURVE('',#5454,#815,#5477,.T.);
#5477 = SURFACE_CURVE('',#5478,(#5482,#5489),.PCURVE_S1.);
#5478 = LINE('',#5479,#5480);
#5479 = CARTESIAN_POINT('',(0.508015850333,0.210132832814,0.99));
#5480 = VECTOR('',#5481,1.);
#5481 = DIRECTION('',(-0.,-0.,1.));
#5482 = PCURVE('',#830,#5483);
#5483 = DEFINITIONAL_REPRESENTATION('',(#5484),#5488);
#5484 = LINE('',#5485,#5486);
#5485 = CARTESIAN_POINT('',(0.,4.893292682927E-02));
#5486 = VECTOR('',#5487,1.);
#5487 = DIRECTION('',(-1.,0.));
#5488 = ( GEOMETRIC_REPRESENTATION_CONTEXT(2) 
PARAMETRIC_REPRESENTATION_CONTEXT() REPRESENTATION_CONTEXT('2D SPACE',''
  ) );
#5489 = PCURVE('',#874,#5490);
#5490 = DEFINITIONAL_REPRESENTATION('',(#5491),#5494);
#5491 = B_SPLINE_CURVE_WITH_KNOTS('',1,(#5492,#5493),.UNSPECIFIED.,.F.,
  .F.,(2,2),(0.,1.E-02),.PIECEWISE_BEZIER_KNOTS.);
#5492 = CARTESIAN_POINT('',(-9.303066100331E-16,-2.659289541722E-15));
#5493 = CARTESIAN_POINT('',(-7.604680474404E-16,1.));
#5494 = ( GEOMETRIC_REPRESENTATION_CONTEXT(2) 
PARAMETRIC_REPRESENTATION_CONTEXT() REPRESENTATION_CONTEXT('2D SPACE',''
  ) );
#5495 = ADVANCED_FACE('',(#5496),#874,.T.);
#5496 = FACE_BOUND('',#5497,.T.);
#5497 = EDGE_LOOP('',(#5498,#5499,#5500,#5539));
#5498 = ORIENTED_EDGE('',*,*,#842,.F.);
#5499 = ORIENTED_EDGE('',*,*,#5476,.F.);
#5500 = ORIENTED_EDGE('',*,*,#5501,.T.);
#5501 = EDGE_CURVE('',#5454,#5502,#5504,.T.);
#5502 = VERTEX_POINT('',#5503);
#5503 = CARTESIAN_POINT('',(0.611521947894,0.253730393789,0.99));
#5504 = SURFACE_CURVE('',#5505,(#5517,#5524),.PCURVE_S1.);
#5505 = B_SPLINE_CURVE_WITH_KNOTS('',3,(#5506,#5507,#5508,#5509,#5510,
    #5511,#5512,#5513,#5514,#5515,#5516),.UNSPECIFIED.,.F.,.F.,(4,1,1,1,
    1,1,1,1,4),(0.,0.122881588572,0.243149494644,0.361274925635,
    0.479609211096,0.600631177827,0.726103079565,0.859023881483,1.),
  .UNSPECIFIED.);
#5506 = CARTESIAN_POINT('',(0.508015850333,0.210132832814,0.99));
#5507 = CARTESIAN_POINT('',(0.511362759497,0.213496742081,0.99));
#5508 = CARTESIAN_POINT('',(0.517985389309,0.22015301051,0.99));
#5509 = CARTESIAN_POINT('',(0.52882999561,0.228977269628,0.99));
#5510 = CARTESIAN_POINT('',(0.540467797756,0.236379434678,0.99));
#5511 = CARTESIAN_POINT('',(0.552739615132,0.242735928294,0.99));
#5512 = CARTESIAN_POINT('',(0.565945560327,0.247737418304,0.99));
#5513 = CARTESIAN_POINT('',(0.580202966003,0.251200506703,0.99));
#5514 = CARTESIAN_POINT('',(0.595498700033,0.253388944766,0.99));
#5515 = CARTESIAN_POINT('',(0.606077160989,0.253614367551,0.99));
#5516 = CARTESIAN_POINT('',(0.611521947894,0.253730393789,0.99));
#5517 = PCURVE('',#874,#5518);
#5518 = DEFINITIONAL_REPRESENTATION('',(#5519),#5523);
#5519 = LINE('',#5520,#5521);
#5520 = CARTESIAN_POINT('',(-7.604680474404E-16,-2.659289541722E-15));
#5521 = VECTOR('',#5522,1.);
#5522 = DIRECTION('',(1.,2.224259999502E-14));
#5523 = ( GEOMETRIC_REPRESENTATION_CONTEXT(2) 
PARAMETRIC_REPRESENTATION_CONTEXT() REPRESENTATION_CONTEXT('2D SPACE',''
  ) );
#5524 = PCURVE('',#5258,#5525);
#5525 = DEFINITIONAL_REPRESENTATION('',(#5526),#5538);
#5526 = B_SPLINE_CURVE_WITH_KNOTS('',3,(#5527,#5528,#5529,#5530,#5531,
    #5532,#5533,#5534,#5535,#5536,#5537),.UNSPECIFIED.,.F.,.F.,(4,1,1,1,
    1,1,1,1,4),(0.,0.122881588572,0.243149494644,0.361274925635,
    0.479609211096,0.600631177827,0.726103079565,0.859023881483,1.),
  .UNSPECIFIED.);
#5527 = CARTESIAN_POINT('',(0.134419453169,-0.150029221546));
#5528 = CARTESIAN_POINT('',(0.137783362437,-0.146682312382));
#5529 = CARTESIAN_POINT('',(0.144439630865,-0.14005968257));
#5530 = CARTESIAN_POINT('',(0.153263889983,-0.129215076269));
#5531 = CARTESIAN_POINT('',(0.160666055034,-0.117577274123));
#5532 = CARTESIAN_POINT('',(0.16702254865,-0.105305456747));
#5533 = CARTESIAN_POINT('',(0.172024038659,-9.20995115519E-02));
#5534 = CARTESIAN_POINT('',(0.175487127058,-7.784210587585E-02));
#5535 = CARTESIAN_POINT('',(0.177675565122,-6.254637184602E-02));
#5536 = CARTESIAN_POINT('',(0.177900987907,-5.196791088968E-02));
#5537 = CARTESIAN_POINT('',(0.178017014145,-4.652312398538E-02));
#5538 = ( GEOMETRIC_REPRESENTATION_CONTEXT(2) 
PARAMETRIC_REPRESENTATION_CONTEXT() REPRESENTATION_CONTEXT('2D SPACE',''
  ) );
#5539 = ORIENTED_EDGE('',*,*,#5540,.T.);
#5540 = EDGE_CURVE('',#5502,#843,#5541,.T.);
#5541 = SURFACE_CURVE('',#5542,(#5546,#5552),.PCURVE_S1.);
#5542 = LINE('',#5543,#5544);
#5543 = CARTESIAN_POINT('',(0.611521947894,0.253730393789,0.99));
#5544 = VECTOR('',#5545,1.);
#5545 = DIRECTION('',(-0.,-0.,1.));
#5546 = PCURVE('',#874,#5547);
#5547 = DEFINITIONAL_REPRESENTATION('',(#5548),#5551);
#5548 = B_SPLINE_CURVE_WITH_KNOTS('',1,(#5549,#5550),.UNSPECIFIED.,.F.,
  .F.,(2,2),(0.,1.E-02),.PIECEWISE_BEZIER_KNOTS.);
#5549 = CARTESIAN_POINT('',(1.,1.95833104533E-14));
#5550 = CARTESIAN_POINT('',(1.,1.));
#5551 = ( GEOMETRIC_REPRESENTATION_CONTEXT(2) 
PARAMETRIC_REPRESENTATION_CONTEXT() REPRESENTATION_CONTEXT('2D SPACE',''
  ) );
#5552 = PCURVE('',#952,#5553);
#5553 = DEFINITIONAL_REPRESENTATION('',(#5554),#5557);
#5554 = B_SPLINE_CURVE_WITH_KNOTS('',1,(#5555,#5556),.UNSPECIFIED.,.F.,
  .F.,(2,2),(0.,1.E-02),.PIECEWISE_BEZIER_KNOTS.);
#5555 = CARTESIAN_POINT('',(-1.707648200167E-17,-2.636888103702E-15));
#5556 = CARTESIAN_POINT('',(-1.707648200167E-17,1.));
#5557 = ( GEOMETRIC_REPRESENTATION_CONTEXT(2) 
PARAMETRIC_REPRESENTATION_CONTEXT() REPRESENTATION_CONTEXT('2D SPACE',''
  ) );
#5558 = ADVANCED_FACE('',(#5559),#952,.T.);
#5559 = FACE_BOUND('',#5560,.T.);
#5560 = EDGE_LOOP('',(#5561,#5562,#5563,#5618));
#5561 = ORIENTED_EDGE('',*,*,#904,.F.);
#5562 = ORIENTED_EDGE('',*,*,#5540,.F.);
#5563 = ORIENTED_EDGE('',*,*,#5564,.T.);
#5564 = EDGE_CURVE('',#5502,#5565,#5567,.T.);
#5565 = VERTEX_POINT('',#5566);
#5566 = CARTESIAN_POINT('',(0.732406094235,0.146565759643,0.99));
#5567 = SURFACE_CURVE('',#5568,(#5588,#5595),.PCURVE_S1.);
#5568 = B_SPLINE_CURVE_WITH_KNOTS('',3,(#5569,#5570,#5571,#5572,#5573,
    #5574,#5575,#5576,#5577,#5578,#5579,#5580,#5581,#5582,#5583,#5584,
    #5585,#5586,#5587),.UNSPECIFIED.,.F.,.F.,(4,1,1,1,1,1,1,1,1,1,1,1,1,
    1,1,1,4),(0.,7.28537084432E-02,0.142723709845,0.209531835111,
    0.273908006947,0.33615739325,0.397538572412,0.457907256518,
    0.518097293836,0.577577682084,0.635816047572,0.693618322728,
    0.751444827289,0.810218915018,0.87091158883,0.93381992442,1.),
  .UNSPECIFIED.);
#5569 = CARTESIAN_POINT('',(0.611521947894,0.253730393789,0.99));
#5570 = CARTESIAN_POINT('',(0.615946893201,0.253648947477,0.99));
#5571 = CARTESIAN_POINT('',(0.624615561187,0.253489390467,0.99));
#5572 = CARTESIAN_POINT('',(0.637270758915,0.252055155183,0.99));
#5573 = CARTESIAN_POINT('',(0.649306384166,0.249929890566,0.99));
#5574 = CARTESIAN_POINT('',(0.660607684215,0.246671796993,0.99));
#5575 = CARTESIAN_POINT('',(0.671313843577,0.242663934453,0.99));
#5576 = CARTESIAN_POINT('',(0.681291404063,0.237593708866,0.99));
#5577 = CARTESIAN_POINT('',(0.69066633591,0.231719554557,0.99));
#5578 = CARTESIAN_POINT('',(0.699264603732,0.2249343559,0.99));
#5579 = CARTESIAN_POINT('',(0.707031783821,0.217402988723,0.99));
#5580 = CARTESIAN_POINT('',(0.713893262008,0.209218364922,0.99));
#5581 = CARTESIAN_POINT('',(0.719631273257,0.20032404992,0.99));
#5582 = CARTESIAN_POINT('',(0.724290293996,0.190792762278,0.99));
#5583 = CARTESIAN_POINT('',(0.727995268899,0.180661661875,0.99));
#5584 = CARTESIAN_POINT('',(0.73055463019,0.169866811971,0.99));
#5585 = CARTESIAN_POINT('',(0.732101173464,0.158424678308,0.99));
#5586 = CARTESIAN_POINT('',(0.732302750987,0.150584964926,0.99));
#5587 = CARTESIAN_POINT('',(0.732406094235,0.146565759643,0.99));
#5588 = PCURVE('',#952,#5589);
#5589 = DEFINITIONAL_REPRESENTATION('',(#5590),#5594);
#5590 = LINE('',#5591,#5592);
#5591 = CARTESIAN_POINT('',(-1.707648200167E-17,-2.636888103702E-15));
#5592 = VECTOR('',#5593,1.);
#5593 = DIRECTION('',(1.,0.));
#5594 = ( GEOMETRIC_REPRESENTATION_CONTEXT(2) 
PARAMETRIC_REPRESENTATION_CONTEXT() REPRESENTATION_CONTEXT('2D SPACE',''
  ) );
#5595 = PCURVE('',#5258,#5596);
#5596 = DEFINITIONAL_REPRESENTATION('',(#5597),#5617);
#5597 = B_SPLINE_CURVE_WITH_KNOTS('',3,(#5598,#5599,#5600,#5601,#5602,
    #5603,#5604,#5605,#5606,#5607,#5608,#5609,#5610,#5611,#5612,#5613,
    #5614,#5615,#5616),.UNSPECIFIED.,.F.,.F.,(4,1,1,1,1,1,1,1,1,1,1,1,1,
    1,1,1,4),(0.,7.28537084432E-02,0.142723709845,0.209531835111,
    0.273908006947,0.33615739325,0.397538572412,0.457907256518,
    0.518097293836,0.577577682084,0.635816047572,0.693618322728,
    0.751444827289,0.810218915018,0.87091158883,0.93381992442,1.),
  .UNSPECIFIED.);
#5598 = CARTESIAN_POINT('',(0.178017014145,-4.652312398538E-02));
#5599 = CARTESIAN_POINT('',(0.177935567832,-4.209817867832E-02));
#5600 = CARTESIAN_POINT('',(0.177776010823,-3.342951069176E-02));
#5601 = CARTESIAN_POINT('',(0.176341775538,-2.077431296346E-02));
#5602 = CARTESIAN_POINT('',(0.174216510921,-8.738687713377E-03));
#5603 = CARTESIAN_POINT('',(0.170958417348,2.56261233652E-03));
#5604 = CARTESIAN_POINT('',(0.166950554809,1.326877169794E-02));
#5605 = CARTESIAN_POINT('',(0.161880329221,2.324633218448E-02));
#5606 = CARTESIAN_POINT('',(0.156006174912,3.262126403122E-02));
#5607 = CARTESIAN_POINT('',(0.149220976256,4.121953185297E-02));
#5608 = CARTESIAN_POINT('',(0.141689609078,4.898671194176E-02));
#5609 = CARTESIAN_POINT('',(0.133504985277,5.584819012904E-02));
#5610 = CARTESIAN_POINT('',(0.124610670275,6.158620137777E-02));
#5611 = CARTESIAN_POINT('',(0.115079382634,6.62452221171E-02));
#5612 = CARTESIAN_POINT('',(0.104948282231,6.995019702028E-02));
#5613 = CARTESIAN_POINT('',(9.415343232608E-02,7.250955831147E-02));
#5614 = CARTESIAN_POINT('',(8.271129866351E-02,7.405610158556E-02));
#5615 = CARTESIAN_POINT('',(7.487158528148E-02,7.425767910815E-02));
#5616 = CARTESIAN_POINT('',(7.085237999845E-02,7.436102235608E-02));
#5617 = ( GEOMETRIC_REPRESENTATION_CONTEXT(2) 
PARAMETRIC_REPRESENTATION_CONTEXT() REPRESENTATION_CONTEXT('2D SPACE',''
  ) );
#5618 = ORIENTED_EDGE('',*,*,#5619,.T.);
#5619 = EDGE_CURVE('',#5565,#905,#5620,.T.);
#5620 = SURFACE_CURVE('',#5621,(#5625,#5631),.PCURVE_S1.);
#5621 = LINE('',#5622,#5623);
#5622 = CARTESIAN_POINT('',(0.732406094235,0.146565759643,0.99));
#5623 = VECTOR('',#5624,1.);
#5624 = DIRECTION('',(-0.,-0.,1.));
#5625 = PCURVE('',#952,#5626);
#5626 = DEFINITIONAL_REPRESENTATION('',(#5627),#5630);
#5627 = B_SPLINE_CURVE_WITH_KNOTS('',1,(#5628,#5629),.UNSPECIFIED.,.F.,
  .F.,(2,2),(0.,1.E-02),.PIECEWISE_BEZIER_KNOTS.);
#5628 = CARTESIAN_POINT('',(1.,-2.636888103702E-15));
#5629 = CARTESIAN_POINT('',(1.,1.));
#5630 = ( GEOMETRIC_REPRESENTATION_CONTEXT(2) 
PARAMETRIC_REPRESENTATION_CONTEXT() REPRESENTATION_CONTEXT('2D SPACE',''
  ) );
#5631 = PCURVE('',#1046,#5632);
#5632 = DEFINITIONAL_REPRESENTATION('',(#5633),#5636);
#5633 = B_SPLINE_CURVE_WITH_KNOTS('',1,(#5634,#5635),.UNSPECIFIED.,.F.,
  .F.,(2,2),(0.,1.E-02),.PIECEWISE_BEZIER_KNOTS.);
#5634 = CARTESIAN_POINT('',(6.531242940544E-17,-2.621169030318E-15));
#5635 = CARTESIAN_POINT('',(1.54156703041E-16,1.));
#5636 = ( GEOMETRIC_REPRESENTATION_CONTEXT(2) 
PARAMETRIC_REPRESENTATION_CONTEXT() REPRESENTATION_CONTEXT('2D SPACE',''
  ) );
#5637 = ADVANCED_FACE('',(#5638),#1046,.T.);
#5638 = FACE_BOUND('',#5639,.T.);
#5639 = EDGE_LOOP('',(#5640,#5641,#5642,#5697));
#5640 = ORIENTED_EDGE('',*,*,#998,.F.);
#5641 = ORIENTED_EDGE('',*,*,#5619,.F.);
#5642 = ORIENTED_EDGE('',*,*,#5643,.T.);
#5643 = EDGE_CURVE('',#5565,#5644,#5646,.T.);
#5644 = VERTEX_POINT('',#5645);
#5645 = CARTESIAN_POINT('',(0.64300060643,4.187710862524E-03,0.99));
#5646 = SURFACE_CURVE('',#5647,(#5667,#5674),.PCURVE_S1.);
#5647 = B_SPLINE_CURVE_WITH_KNOTS('',3,(#5648,#5649,#5650,#5651,#5652,
    #5653,#5654,#5655,#5656,#5657,#5658,#5659,#5660,#5661,#5662,#5663,
    #5664,#5665,#5666),.UNSPECIFIED.,.F.,.F.,(4,1,1,1,1,1,1,1,1,1,1,1,1,
    1,1,1,4),(0.,6.142313690763E-02,0.121356548907,0.1790828856,
    0.235830946565,0.291494634484,0.346255914794,0.400407811522,
    0.454253298306,0.509659450129,0.568478222516,0.630635089559,
    0.696370529068,0.766466386813,0.840152334238,0.917818258664,1.),
  .UNSPECIFIED.);
#5648 = CARTESIAN_POINT('',(0.732406094235,0.146565759643,0.99));
#5649 = CARTESIAN_POINT('',(0.73235774737,0.142955268864,0.99));
#5650 = CARTESIAN_POINT('',(0.732262226221,0.135821854276,0.99));
#5651 = CARTESIAN_POINT('',(0.731200538894,0.125343069806,0.99));
#5652 = CARTESIAN_POINT('',(0.729726150723,0.115197085505,0.99));
#5653 = CARTESIAN_POINT('',(0.727516892926,0.105434764628,0.99));
#5654 = CARTESIAN_POINT('',(0.724603830871,9.604494030731E-02,0.99));
#5655 = CARTESIAN_POINT('',(0.721097619838,8.702364128413E-02,0.99));
#5656 = CARTESIAN_POINT('',(0.716971221137,7.838623509848E-02,0.99));
#5657 = CARTESIAN_POINT('',(0.712189735606,7.004885106622E-02,0.99));
#5658 = CARTESIAN_POINT('',(0.706614942902,6.188707492455E-02,0.99));
#5659 = CARTESIAN_POINT('',(0.700211615447,5.372689848039E-02,0.99));
#5660 = CARTESIAN_POINT('',(0.692836945836,4.559626196559E-02,0.99));
#5661 = CARTESIAN_POINT('',(0.684663567213,3.731186578002E-02,0.99));
#5662 = CARTESIAN_POINT('',(0.675522431361,2.905572959836E-02,0.99));
#5663 = CARTESIAN_POINT('',(0.665494592062,2.076190144086E-02,0.99));
#5664 = CARTESIAN_POINT('',(0.654678498341,1.230863159183E-02,0.99));
#5665 = CARTESIAN_POINT('',(0.646965866288,6.945191512463E-03,0.99));
#5666 = CARTESIAN_POINT('',(0.64300060643,4.187710862524E-03,0.99));
#5667 = PCURVE('',#1046,#5668);
#5668 = DEFINITIONAL_REPRESENTATION('',(#5669),#5673);
#5669 = LINE('',#5670,#5671);
#5670 = CARTESIAN_POINT('',(7.37414853141E-17,-2.621169030318E-15));
#5671 = VECTOR('',#5672,1.);
#5672 = DIRECTION('',(1.,2.220446235062E-14));
#5673 = ( GEOMETRIC_REPRESENTATION_CONTEXT(2) 
PARAMETRIC_REPRESENTATION_CONTEXT() REPRESENTATION_CONTEXT('2D SPACE',''
  ) );
#5674 = PCURVE('',#5258,#5675);
#5675 = DEFINITIONAL_REPRESENTATION('',(#5676),#5696);
#5676 = B_SPLINE_CURVE_WITH_KNOTS('',3,(#5677,#5678,#5679,#5680,#5681,
    #5682,#5683,#5684,#5685,#5686,#5687,#5688,#5689,#5690,#5691,#5692,
    #5693,#5694,#5695),.UNSPECIFIED.,.F.,.F.,(4,1,1,1,1,1,1,1,1,1,1,1,1,
    1,1,1,4),(0.,6.142313690763E-02,0.121356548907,0.1790828856,
    0.235830946565,0.291494634484,0.346255914794,0.400407811522,
    0.454253298306,0.509659450129,0.568478222516,0.630635089559,
    0.696370529068,0.766466386813,0.840152334238,0.917818258664,1.),
  .UNSPECIFIED.);
#5677 = CARTESIAN_POINT('',(7.085237999845E-02,7.436102235608E-02));
#5678 = CARTESIAN_POINT('',(6.724188921925E-02,7.431267549155E-02));
#5679 = CARTESIAN_POINT('',(6.010847463177E-02,7.421715434227E-02));
#5680 = CARTESIAN_POINT('',(4.962969016137E-02,7.315546701494E-02));
#5681 = CARTESIAN_POINT('',(3.948370586009E-02,7.168107884454E-02));
#5682 = CARTESIAN_POINT('',(2.972138498364E-02,6.947182104681E-02));
#5683 = CARTESIAN_POINT('',(2.033156066275E-02,6.655875899259E-02));
#5684 = CARTESIAN_POINT('',(1.131026163957E-02,6.305254795895E-02));
#5685 = CARTESIAN_POINT('',(2.67285545392E-03,5.892614925784E-02));
#5686 = CARTESIAN_POINT('',(-5.664528578335E-03,5.414466372661E-02));
#5687 = CARTESIAN_POINT('',(-1.382630472001E-02,4.856987102354E-02));
#5688 = CARTESIAN_POINT('',(-2.198648116417E-02,4.216654356829E-02));
#5689 = CARTESIAN_POINT('',(-3.011711767897E-02,3.479187395727E-02));
#5690 = CARTESIAN_POINT('',(-3.840151386454E-02,2.661849533407E-02));
#5691 = CARTESIAN_POINT('',(-4.66576500462E-02,1.747735948194E-02));
#5692 = CARTESIAN_POINT('',(-5.49514782037E-02,7.449520182748E-03));
#5693 = CARTESIAN_POINT('',(-6.340474805273E-02,-3.366573537928E-03));
#5694 = CARTESIAN_POINT('',(-6.87681881321E-02,-1.1079205591E-02));
#5695 = CARTESIAN_POINT('',(-7.152566878204E-02,-1.50444654488E-02));
#5696 = ( GEOMETRIC_REPRESENTATION_CONTEXT(2) 
PARAMETRIC_REPRESENTATION_CONTEXT() REPRESENTATION_CONTEXT('2D SPACE',''
  ) );
#5697 = ORIENTED_EDGE('',*,*,#5698,.T.);
#5698 = EDGE_CURVE('',#5644,#999,#5699,.T.);
#5699 = SURFACE_CURVE('',#5700,(#5704,#5710),.PCURVE_S1.);
#5700 = LINE('',#5701,#5702);
#5701 = CARTESIAN_POINT('',(0.64300060643,4.187710862524E-03,0.99));
#5702 = VECTOR('',#5703,1.);
#5703 = DIRECTION('',(-0.,-0.,1.));
#5704 = PCURVE('',#1046,#5705);
#5705 = DEFINITIONAL_REPRESENTATION('',(#5706),#5709);
#5706 = B_SPLINE_CURVE_WITH_KNOTS('',1,(#5707,#5708),.UNSPECIFIED.,.F.,
  .F.,(2,2),(0.,1.E-02),.PIECEWISE_BEZIER_KNOTS.);
#5707 = CARTESIAN_POINT('',(1.,1.95832933203E-14));
#5708 = CARTESIAN_POINT('',(1.,1.));
#5709 = ( GEOMETRIC_REPRESENTATION_CONTEXT(2) 
PARAMETRIC_REPRESENTATION_CONTEXT() REPRESENTATION_CONTEXT('2D SPACE',''
  ) );
#5710 = PCURVE('',#1140,#5711);
#5711 = DEFINITIONAL_REPRESENTATION('',(#5712),#5715);
#5712 = B_SPLINE_CURVE_WITH_KNOTS('',1,(#5713,#5714),.UNSPECIFIED.,.F.,
  .F.,(2,2),(0.,1.E-02),.PIECEWISE_BEZIER_KNOTS.);
#5713 = CARTESIAN_POINT('',(-2.316338877911E-16,2.914172847463E-15));
#5714 = CARTESIAN_POINT('',(-1.412693933364E-16,1.));
#5715 = ( GEOMETRIC_REPRESENTATION_CONTEXT(2) 
PARAMETRIC_REPRESENTATION_CONTEXT() REPRESENTATION_CONTEXT('2D SPACE',''
  ) );
#5716 = ADVANCED_FACE('',(#5717),#1140,.T.);
#5717 = FACE_BOUND('',#5718,.T.);
#5718 = EDGE_LOOP('',(#5719,#5720,#5721,#5776));
#5719 = ORIENTED_EDGE('',*,*,#1092,.F.);
#5720 = ORIENTED_EDGE('',*,*,#5698,.F.);
#5721 = ORIENTED_EDGE('',*,*,#5722,.T.);
#5722 = EDGE_CURVE('',#5644,#5723,#5725,.T.);
#5723 = VERTEX_POINT('',#5724);
#5724 = CARTESIAN_POINT('',(0.545820728381,-0.107245215967,0.99));
#5725 = SURFACE_CURVE('',#5726,(#5746,#5753),.PCURVE_S1.);
#5726 = B_SPLINE_CURVE_WITH_KNOTS('',3,(#5727,#5728,#5729,#5730,#5731,
    #5732,#5733,#5734,#5735,#5736,#5737,#5738,#5739,#5740,#5741,#5742,
    #5743,#5744,#5745),.UNSPECIFIED.,.F.,.F.,(4,1,1,1,1,1,1,1,1,1,1,1,1,
    1,1,1,4),(0.,9.411756336215E-02,0.181014635353,0.259725157265,
    0.330541192164,0.394164029877,0.450008890077,0.497997598119,
    0.538163229729,0.607477229206,0.670579594661,0.727603929466,
    0.779215356773,0.829143152911,0.882179650141,0.938867052006,1.),
  .UNSPECIFIED.);
#5727 = CARTESIAN_POINT('',(0.64300060643,4.187710862524E-03,0.99));
#5728 = CARTESIAN_POINT('',(0.639005050262,1.42801902957E-03,0.99));
#5729 = CARTESIAN_POINT('',(0.63132046816,-3.879647180461E-03,0.99));
#5730 = CARTESIAN_POINT('',(0.620401639896,-1.164837092893E-02,0.99));
#5731 = CARTESIAN_POINT('',(0.610467878639,-1.872719132518E-02,0.99));
#5732 = CARTESIAN_POINT('',(0.601583116812,-2.520925554905E-02,0.99));
#5733 = CARTESIAN_POINT('',(0.593780284999,-3.116771983115E-02,0.99));
#5734 = CARTESIAN_POINT('',(0.586896637494,-3.63892632306E-02,0.99));
#5735 = CARTESIAN_POINT('',(0.581094583006,-4.103144221821E-02,0.99));
#5736 = CARTESIAN_POINT('',(0.574907218052,-4.629890834078E-02,0.99));
#5737 = CARTESIAN_POINT('',(0.568446158093,-5.243622616996E-02,0.99));
#5738 = CARTESIAN_POINT('',(0.561833650155,-5.964894256521E-02,0.99));
#5739 = CARTESIAN_POINT('',(0.556507992082,-6.675115594907E-02,0.99));
#5740 = CARTESIAN_POINT('',(0.552392493334,-7.385165317605E-02,0.99));
#5741 = CARTESIAN_POINT('',(0.549436693015,-8.128303427122E-02,0.99));
#5742 = CARTESIAN_POINT('',(0.547277808581,-8.925231032308E-02,0.99));
#5743 = CARTESIAN_POINT('',(0.546102942141,-9.801352724879E-02,0.99));
#5744 = CARTESIAN_POINT('',(0.545917136546,-0.104091542058,0.99));
#5745 = CARTESIAN_POINT('',(0.545820728381,-0.107245215967,0.99));
#5746 = PCURVE('',#1140,#5747);
#5747 = DEFINITIONAL_REPRESENTATION('',(#5748),#5752);
#5748 = LINE('',#5749,#5750);
#5749 = CARTESIAN_POINT('',(-1.552026434686E-16,2.914172847463E-15));
#5750 = VECTOR('',#5751,1.);
#5751 = DIRECTION('',(1.,-5.551060951165E-15));
#5752 = ( GEOMETRIC_REPRESENTATION_CONTEXT(2) 
PARAMETRIC_REPRESENTATION_CONTEXT() REPRESENTATION_CONTEXT('2D SPACE',''
  ) );
#5753 = PCURVE('',#5258,#5754);
#5754 = DEFINITIONAL_REPRESENTATION('',(#5755),#5775);
#5755 = B_SPLINE_CURVE_WITH_KNOTS('',3,(#5756,#5757,#5758,#5759,#5760,
    #5761,#5762,#5763,#5764,#5765,#5766,#5767,#5768,#5769,#5770,#5771,
    #5772,#5773,#5774),.UNSPECIFIED.,.F.,.F.,(4,1,1,1,1,1,1,1,1,1,1,1,1,
    1,1,1,4),(0.,9.411756336215E-02,0.181014635353,0.259725157265,
    0.330541192164,0.394164029877,0.450008890077,0.497997598119,
    0.538163229729,0.607477229206,0.670579594661,0.727603929466,
    0.779215356773,0.829143152911,0.882179650141,0.938867052006,1.),
  .UNSPECIFIED.);
#5756 = CARTESIAN_POINT('',(-7.152566878204E-02,-1.50444654488E-02));
#5757 = CARTESIAN_POINT('',(-7.428536061499E-02,-1.904002161709E-02));
#5758 = CARTESIAN_POINT('',(-7.959302682502E-02,-2.672460371843E-02));
#5759 = CARTESIAN_POINT('',(-8.736175057349E-02,-3.76434319829E-02));
#5760 = CARTESIAN_POINT('',(-9.444057096974E-02,-4.757719323987E-02));
#5761 = CARTESIAN_POINT('',(-0.100922635194,-5.646195506695E-02));
#5762 = CARTESIAN_POINT('',(-0.106881099476,-6.426478687993E-02));
#5763 = CARTESIAN_POINT('',(-0.112102642875,-7.114843438531E-02));
#5764 = CARTESIAN_POINT('',(-0.116744821863,-7.695048887256E-02));
#5765 = CARTESIAN_POINT('',(-0.122012287985,-8.313785382666E-02));
#5766 = CARTESIAN_POINT('',(-0.128149605815,-8.959891378628E-02));
#5767 = CARTESIAN_POINT('',(-0.13536232221,-9.621142172351E-02));
#5768 = CARTESIAN_POINT('',(-0.142464535594,-0.101537079797));
#5769 = CARTESIAN_POINT('',(-0.149565032821,-0.105652578545));
#5770 = CARTESIAN_POINT('',(-0.156996413916,-0.108608378864));
#5771 = CARTESIAN_POINT('',(-0.164965689968,-0.110767263298));
#5772 = CARTESIAN_POINT('',(-0.173726906893,-0.111942129738));
#5773 = CARTESIAN_POINT('',(-0.179804921703,-0.112127935332));
#5774 = CARTESIAN_POINT('',(-0.182958595611,-0.112224343498));
#5775 = ( GEOMETRIC_REPRESENTATION_CONTEXT(2) 
PARAMETRIC_REPRESENTATION_CONTEXT() REPRESENTATION_CONTEXT('2D SPACE',''
  ) );
#5776 = ORIENTED_EDGE('',*,*,#5777,.T.);
#5777 = EDGE_CURVE('',#5723,#1093,#5778,.T.);
#5778 = SURFACE_CURVE('',#5779,(#5783,#5789),.PCURVE_S1.);
#5779 = LINE('',#5780,#5781);
#5780 = CARTESIAN_POINT('',(0.545820728381,-0.107245215967,0.99));
#5781 = VECTOR('',#5782,1.);
#5782 = DIRECTION('',(-0.,-0.,1.));
#5783 = PCURVE('',#1140,#5784);
#5784 = DEFINITIONAL_REPRESENTATION('',(#5785),#5788);
#5785 = B_SPLINE_CURVE_WITH_KNOTS('',1,(#5786,#5787),.UNSPECIFIED.,.F.,
  .F.,(2,2),(0.,1.E-02),.PIECEWISE_BEZIER_KNOTS.);
#5786 = CARTESIAN_POINT('',(1.,-2.636888103702E-15));
#5787 = CARTESIAN_POINT('',(1.,1.));
#5788 = ( GEOMETRIC_REPRESENTATION_CONTEXT(2) 
PARAMETRIC_REPRESENTATION_CONTEXT() REPRESENTATION_CONTEXT('2D SPACE',''
  ) );
#5789 = PCURVE('',#1202,#5790);
#5790 = DEFINITIONAL_REPRESENTATION('',(#5791),#5795);
#5791 = LINE('',#5792,#5793);
#5792 = CARTESIAN_POINT('',(0.,0.));
#5793 = VECTOR('',#5794,1.);
#5794 = DIRECTION('',(-1.,0.));
#5795 = ( GEOMETRIC_REPRESENTATION_CONTEXT(2) 
PARAMETRIC_REPRESENTATION_CONTEXT() REPRESENTATION_CONTEXT('2D SPACE',''
  ) );
#5796 = ADVANCED_FACE('',(#5797),#1202,.T.);
#5797 = FACE_BOUND('',#5798,.T.);
#5798 = EDGE_LOOP('',(#5799,#5800,#5801,#5824));
#5799 = ORIENTED_EDGE('',*,*,#1186,.F.);
#5800 = ORIENTED_EDGE('',*,*,#5777,.F.);
#5801 = ORIENTED_EDGE('',*,*,#5802,.T.);
#5802 = EDGE_CURVE('',#5723,#5803,#5805,.T.);
#5803 = VERTEX_POINT('',#5804);
#5804 = CARTESIAN_POINT('',(0.742162191796,-0.107245215967,0.99));
#5805 = SURFACE_CURVE('',#5806,(#5810,#5817),.PCURVE_S1.);
#5806 = LINE('',#5807,#5808);
#5807 = CARTESIAN_POINT('',(0.545820728381,-0.107245215967,0.99));
#5808 = VECTOR('',#5809,1.);
#5809 = DIRECTION('',(1.,0.,0.));
#5810 = PCURVE('',#1202,#5811);
#5811 = DEFINITIONAL_REPRESENTATION('',(#5812),#5816);
#5812 = LINE('',#5813,#5814);
#5813 = CARTESIAN_POINT('',(0.,0.));
#5814 = VECTOR('',#5815,1.);
#5815 = DIRECTION('',(0.,1.));
#5816 = ( GEOMETRIC_REPRESENTATION_CONTEXT(2) 
PARAMETRIC_REPRESENTATION_CONTEXT() REPRESENTATION_CONTEXT('2D SPACE',''
  ) );
#5817 = PCURVE('',#5258,#5818);
#5818 = DEFINITIONAL_REPRESENTATION('',(#5819),#5823);
#5819 = LINE('',#5820,#5821);
#5820 = CARTESIAN_POINT('',(-0.182958595611,-0.112224343498));
#5821 = VECTOR('',#5822,1.);
#5822 = DIRECTION('',(0.,1.));
#5823 = ( GEOMETRIC_REPRESENTATION_CONTEXT(2) 
PARAMETRIC_REPRESENTATION_CONTEXT() REPRESENTATION_CONTEXT('2D SPACE',''
  ) );
#5824 = ORIENTED_EDGE('',*,*,#5825,.T.);
#5825 = EDGE_CURVE('',#5803,#1187,#5826,.T.);
#5826 = SURFACE_CURVE('',#5827,(#5831,#5838),.PCURVE_S1.);
#5827 = LINE('',#5828,#5829);
#5828 = CARTESIAN_POINT('',(0.742162191796,-0.107245215967,0.99));
#5829 = VECTOR('',#5830,1.);
#5830 = DIRECTION('',(-0.,-0.,1.));
#5831 = PCURVE('',#1202,#5832);
#5832 = DEFINITIONAL_REPRESENTATION('',(#5833),#5837);
#5833 = LINE('',#5834,#5835);
#5834 = CARTESIAN_POINT('',(0.,0.196341463415));
#5835 = VECTOR('',#5836,1.);
#5836 = DIRECTION('',(-1.,0.));
#5837 = ( GEOMETRIC_REPRESENTATION_CONTEXT(2) 
PARAMETRIC_REPRESENTATION_CONTEXT() REPRESENTATION_CONTEXT('2D SPACE',''
  ) );
#5838 = PCURVE('',#1230,#5839);
#5839 = DEFINITIONAL_REPRESENTATION('',(#5840),#5844);
#5840 = LINE('',#5841,#5842);
#5841 = CARTESIAN_POINT('',(0.,0.));
#5842 = VECTOR('',#5843,1.);
#5843 = DIRECTION('',(1.,0.));
#5844 = ( GEOMETRIC_REPRESENTATION_CONTEXT(2) 
PARAMETRIC_REPRESENTATION_CONTEXT() REPRESENTATION_CONTEXT('2D SPACE',''
  ) );
#5845 = ADVANCED_FACE('',(#5846),#1230,.T.);
#5846 = FACE_BOUND('',#5847,.T.);
#5847 = EDGE_LOOP('',(#5848,#5849,#5850,#5873));
#5848 = ORIENTED_EDGE('',*,*,#1214,.F.);
#5849 = ORIENTED_EDGE('',*,*,#5825,.F.);
#5850 = ORIENTED_EDGE('',*,*,#5851,.T.);
#5851 = EDGE_CURVE('',#5803,#5852,#5854,.T.);
#5852 = VERTEX_POINT('',#5853);
#5853 = CARTESIAN_POINT('',(0.742162191796,-0.151147654991,0.99));
#5854 = SURFACE_CURVE('',#5855,(#5859,#5866),.PCURVE_S1.);
#5855 = LINE('',#5856,#5857);
#5856 = CARTESIAN_POINT('',(0.742162191796,-0.107245215967,0.99));
#5857 = VECTOR('',#5858,1.);
#5858 = DIRECTION('',(0.,-1.,0.));
#5859 = PCURVE('',#1230,#5860);
#5860 = DEFINITIONAL_REPRESENTATION('',(#5861),#5865);
#5861 = LINE('',#5862,#5863);
#5862 = CARTESIAN_POINT('',(0.,0.));
#5863 = VECTOR('',#5864,1.);
#5864 = DIRECTION('',(0.,-1.));
#5865 = ( GEOMETRIC_REPRESENTATION_CONTEXT(2) 
PARAMETRIC_REPRESENTATION_CONTEXT() REPRESENTATION_CONTEXT('2D SPACE',''
  ) );
#5866 = PCURVE('',#5258,#5867);
#5867 = DEFINITIONAL_REPRESENTATION('',(#5868),#5872);
#5868 = LINE('',#5869,#5870);
#5869 = CARTESIAN_POINT('',(-0.182958595611,8.411711991705E-02));
#5870 = VECTOR('',#5871,1.);
#5871 = DIRECTION('',(-1.,-7.873714622065E-26));
#5872 = ( GEOMETRIC_REPRESENTATION_CONTEXT(2) 
PARAMETRIC_REPRESENTATION_CONTEXT() REPRESENTATION_CONTEXT('2D SPACE',''
  ) );
#5873 = ORIENTED_EDGE('',*,*,#5874,.T.);
#5874 = EDGE_CURVE('',#5852,#1215,#5875,.T.);
#5875 = SURFACE_CURVE('',#5876,(#5880,#5887),.PCURVE_S1.);
#5876 = LINE('',#5877,#5878);
#5877 = CARTESIAN_POINT('',(0.742162191796,-0.151147654991,0.99));
#5878 = VECTOR('',#5879,1.);
#5879 = DIRECTION('',(-0.,-0.,1.));
#5880 = PCURVE('',#1230,#5881);
#5881 = DEFINITIONAL_REPRESENTATION('',(#5882),#5886);
#5882 = LINE('',#5883,#5884);
#5883 = CARTESIAN_POINT('',(0.,-4.390243902439E-02));
#5884 = VECTOR('',#5885,1.);
#5885 = DIRECTION('',(1.,0.));
#5886 = ( GEOMETRIC_REPRESENTATION_CONTEXT(2) 
PARAMETRIC_REPRESENTATION_CONTEXT() REPRESENTATION_CONTEXT('2D SPACE',''
  ) );
#5887 = PCURVE('',#1258,#5888);
#5888 = DEFINITIONAL_REPRESENTATION('',(#5889),#5893);
#5889 = LINE('',#5890,#5891);
#5890 = CARTESIAN_POINT('',(0.,0.));
#5891 = VECTOR('',#5892,1.);
#5892 = DIRECTION('',(1.,-0.));
#5893 = ( GEOMETRIC_REPRESENTATION_CONTEXT(2) 
PARAMETRIC_REPRESENTATION_CONTEXT() REPRESENTATION_CONTEXT('2D SPACE',''
  ) );
#5894 = ADVANCED_FACE('',(#5895),#1258,.T.);
#5895 = FACE_BOUND('',#5896,.T.);
#5896 = EDGE_LOOP('',(#5897,#5898,#5899,#5922));
#5897 = ORIENTED_EDGE('',*,*,#1242,.F.);
#5898 = ORIENTED_EDGE('',*,*,#5874,.F.);
#5899 = ORIENTED_EDGE('',*,*,#5900,.T.);
#5900 = EDGE_CURVE('',#5852,#5901,#5903,.T.);
#5901 = VERTEX_POINT('',#5902);
#5902 = CARTESIAN_POINT('',(0.493381703991,-0.151147654991,0.99));
#5903 = SURFACE_CURVE('',#5904,(#5908,#5915),.PCURVE_S1.);
#5904 = LINE('',#5905,#5906);
#5905 = CARTESIAN_POINT('',(0.742162191796,-0.151147654991,0.99));
#5906 = VECTOR('',#5907,1.);
#5907 = DIRECTION('',(-1.,0.,0.));
#5908 = PCURVE('',#1258,#5909);
#5909 = DEFINITIONAL_REPRESENTATION('',(#5910),#5914);
#5910 = LINE('',#5911,#5912);
#5911 = CARTESIAN_POINT('',(0.,0.));
#5912 = VECTOR('',#5913,1.);
#5913 = DIRECTION('',(0.,-1.));
#5914 = ( GEOMETRIC_REPRESENTATION_CONTEXT(2) 
PARAMETRIC_REPRESENTATION_CONTEXT() REPRESENTATION_CONTEXT('2D SPACE',''
  ) );
#5915 = PCURVE('',#5258,#5916);
#5916 = DEFINITIONAL_REPRESENTATION('',(#5917),#5921);
#5917 = LINE('',#5918,#5919);
#5918 = CARTESIAN_POINT('',(-0.226861034636,8.411711991705E-02));
#5919 = VECTOR('',#5920,1.);
#5920 = DIRECTION('',(0.,-1.));
#5921 = ( GEOMETRIC_REPRESENTATION_CONTEXT(2) 
PARAMETRIC_REPRESENTATION_CONTEXT() REPRESENTATION_CONTEXT('2D SPACE',''
  ) );
#5922 = ORIENTED_EDGE('',*,*,#5923,.T.);
#5923 = EDGE_CURVE('',#5901,#1243,#5924,.T.);
#5924 = SURFACE_CURVE('',#5925,(#5929,#5936),.PCURVE_S1.);
#5925 = LINE('',#5926,#5927);
#5926 = CARTESIAN_POINT('',(0.493381703991,-0.151147654991,0.99));
#5927 = VECTOR('',#5928,1.);
#5928 = DIRECTION('',(-0.,-0.,1.));
#5929 = PCURVE('',#1258,#5930);
#5930 = DEFINITIONAL_REPRESENTATION('',(#5931),#5935);
#5931 = LINE('',#5932,#5933);
#5932 = CARTESIAN_POINT('',(0.,-0.248780487805));
#5933 = VECTOR('',#5934,1.);
#5934 = DIRECTION('',(1.,-0.));
#5935 = ( GEOMETRIC_REPRESENTATION_CONTEXT(2) 
PARAMETRIC_REPRESENTATION_CONTEXT() REPRESENTATION_CONTEXT('2D SPACE',''
  ) );
#5936 = PCURVE('',#1286,#5937);
#5937 = DEFINITIONAL_REPRESENTATION('',(#5938),#5942);
#5938 = LINE('',#5939,#5940);
#5939 = CARTESIAN_POINT('',(0.,0.));
#5940 = VECTOR('',#5941,1.);
#5941 = DIRECTION('',(-1.,0.));
#5942 = ( GEOMETRIC_REPRESENTATION_CONTEXT(2) 
PARAMETRIC_REPRESENTATION_CONTEXT() REPRESENTATION_CONTEXT('2D SPACE',''
  ) );
#5943 = ADVANCED_FACE('',(#5944),#1286,.T.);
#5944 = FACE_BOUND('',#5945,.T.);
#5945 = EDGE_LOOP('',(#5946,#5947,#5948,#5971));
#5946 = ORIENTED_EDGE('',*,*,#1270,.F.);
#5947 = ORIENTED_EDGE('',*,*,#5923,.F.);
#5948 = ORIENTED_EDGE('',*,*,#5949,.T.);
#5949 = EDGE_CURVE('',#5901,#5950,#5952,.T.);
#5950 = VERTEX_POINT('',#5951);
#5951 = CARTESIAN_POINT('',(0.493381703991,-0.13133058182,0.99));
#5952 = SURFACE_CURVE('',#5953,(#5957,#5964),.PCURVE_S1.);
#5953 = LINE('',#5954,#5955);
#5954 = CARTESIAN_POINT('',(0.493381703991,-0.151147654991,0.99));
#5955 = VECTOR('',#5956,1.);
#5956 = DIRECTION('',(0.,1.,0.));
#5957 = PCURVE('',#1286,#5958);
#5958 = DEFINITIONAL_REPRESENTATION('',(#5959),#5963);
#5959 = LINE('',#5960,#5961);
#5960 = CARTESIAN_POINT('',(0.,0.));
#5961 = VECTOR('',#5962,1.);
#5962 = DIRECTION('',(0.,1.));
#5963 = ( GEOMETRIC_REPRESENTATION_CONTEXT(2) 
PARAMETRIC_REPRESENTATION_CONTEXT() REPRESENTATION_CONTEXT('2D SPACE',''
  ) );
#5964 = PCURVE('',#5258,#5965);
#5965 = DEFINITIONAL_REPRESENTATION('',(#5966),#5970);
#5966 = LINE('',#5967,#5968);
#5967 = CARTESIAN_POINT('',(-0.226861034636,-0.164663367888));
#5968 = VECTOR('',#5969,1.);
#5969 = DIRECTION('',(1.,7.873714622065E-26));
#5970 = ( GEOMETRIC_REPRESENTATION_CONTEXT(2) 
PARAMETRIC_REPRESENTATION_CONTEXT() REPRESENTATION_CONTEXT('2D SPACE',''
  ) );
#5971 = ORIENTED_EDGE('',*,*,#5972,.T.);
#5972 = EDGE_CURVE('',#5950,#1271,#5973,.T.);
#5973 = SURFACE_CURVE('',#5974,(#5978,#5985),.PCURVE_S1.);
#5974 = LINE('',#5975,#5976);
#5975 = CARTESIAN_POINT('',(0.493381703991,-0.13133058182,0.99));
#5976 = VECTOR('',#5977,1.);
#5977 = DIRECTION('',(-0.,-0.,1.));
#5978 = PCURVE('',#1286,#5979);
#5979 = DEFINITIONAL_REPRESENTATION('',(#5980),#5984);
#5980 = LINE('',#5981,#5982);
#5981 = CARTESIAN_POINT('',(0.,1.981707317073E-02));
#5982 = VECTOR('',#5983,1.);
#5983 = DIRECTION('',(-1.,0.));
#5984 = ( GEOMETRIC_REPRESENTATION_CONTEXT(2) 
PARAMETRIC_REPRESENTATION_CONTEXT() REPRESENTATION_CONTEXT('2D SPACE',''
  ) );
#5985 = PCURVE('',#1344,#5986);
#5986 = DEFINITIONAL_REPRESENTATION('',(#5987),#5990);
#5987 = B_SPLINE_CURVE_WITH_KNOTS('',1,(#5988,#5989),.UNSPECIFIED.,.F.,
  .F.,(2,2),(0.,1.E-02),.PIECEWISE_BEZIER_KNOTS.);
#5988 = CARTESIAN_POINT('',(2.386991162468E-16,2.945559462612E-15));
#5989 = CARTESIAN_POINT('',(2.056066747617E-16,1.));
#5990 = ( GEOMETRIC_REPRESENTATION_CONTEXT(2) 
PARAMETRIC_REPRESENTATION_CONTEXT() REPRESENTATION_CONTEXT('2D SPACE',''
  ) );
#5991 = ADVANCED_FACE('',(#5992),#1344,.T.);
#5992 = FACE_BOUND('',#5993,.T.);
#5993 = EDGE_LOOP('',(#5994,#5995,#5996,#6049));
#5994 = ORIENTED_EDGE('',*,*,#1298,.F.);
#5995 = ORIENTED_EDGE('',*,*,#5972,.F.);
#5996 = ORIENTED_EDGE('',*,*,#5997,.T.);
#5997 = EDGE_CURVE('',#5950,#5206,#5998,.T.);
#5998 = SURFACE_CURVE('',#5999,(#6019,#6026),.PCURVE_S1.);
#5999 = B_SPLINE_CURVE_WITH_KNOTS('',3,(#6000,#6001,#6002,#6003,#6004,
    #6005,#6006,#6007,#6008,#6009,#6010,#6011,#6012,#6013,#6014,#6015,
    #6016,#6017,#6018),.UNSPECIFIED.,.F.,.F.,(4,1,1,1,1,1,1,1,1,1,1,1,1,
    1,1,1,4),(0.,8.13584627196E-02,0.15715841667,0.22726263074,
    0.292665763214,0.357039133309,0.424764165763,0.495504263261,
    0.570614939055,0.611150275169,0.655432632097,0.703226099241,
    0.755132330954,0.810603631011,0.869726631125,0.933055712687,1.),
  .UNSPECIFIED.);
#6000 = CARTESIAN_POINT('',(0.493381703991,-0.13133058182,0.99));
#6001 = CARTESIAN_POINT('',(0.493498620634,-0.125812920369,0.99));
#6002 = CARTESIAN_POINT('',(0.493724466034,-0.115154570783,0.99));
#6003 = CARTESIAN_POINT('',(0.495448614616,-9.981384905297E-02,0.99));
#6004 = CARTESIAN_POINT('',(0.498407593814,-8.577257228435E-02,0.99));
#6005 = CARTESIAN_POINT('',(0.502549343,-7.283485732163E-02,0.99));
#6006 = CARTESIAN_POINT('',(0.508213142565,-6.06623942061E-02,0.99));
#6007 = CARTESIAN_POINT('',(0.515347129628,-4.88787752828E-02,0.99));
#6008 = CARTESIAN_POINT('',(0.523942300939,-3.719361782795E-02,0.99));
#6009 = CARTESIAN_POINT('',(0.532417369599,-2.779919255763E-02,0.99));
#6010 = CARTESIAN_POINT('',(0.539995575027,-2.003718485911E-02,0.99));
#6011 = CARTESIAN_POINT('',(0.546673540063,-1.4009728522E-02,0.99));
#6012 = CARTESIAN_POINT('',(0.55399155041,-7.545729288442E-03,0.99));
#6013 = CARTESIAN_POINT('',(0.562157703636,-9.070949320353E-04,0.99));
#6014 = CARTESIAN_POINT('',(0.570981006619,6.137830812699E-03,0.99));
#6015 = CARTESIAN_POINT('',(0.580629855674,1.338406000646E-02,0.99));
#6016 = CARTESIAN_POINT('',(0.591051023881,2.089089347684E-02,0.99));
#6017 = CARTESIAN_POINT('',(0.598279812034,2.596863037985E-02,0.99));
#6018 = CARTESIAN_POINT('',(0.601994508869,2.857795476496E-02,0.99));
#6019 = PCURVE('',#1344,#6020);
#6020 = DEFINITIONAL_REPRESENTATION('',(#6021),#6025);
#6021 = LINE('',#6022,#6023);
#6022 = CARTESIAN_POINT('',(2.271416404127E-16,2.945559462612E-15));
#6023 = VECTOR('',#6024,1.);
#6024 = DIRECTION('',(1.,1.665334636897E-14));
#6025 = ( GEOMETRIC_REPRESENTATION_CONTEXT(2) 
PARAMETRIC_REPRESENTATION_CONTEXT() REPRESENTATION_CONTEXT('2D SPACE',''
  ) );
#6026 = PCURVE('',#5258,#6027);
#6027 = DEFINITIONAL_REPRESENTATION('',(#6028),#6048);
#6028 = B_SPLINE_CURVE_WITH_KNOTS('',3,(#6029,#6030,#6031,#6032,#6033,
    #6034,#6035,#6036,#6037,#6038,#6039,#6040,#6041,#6042,#6043,#6044,
    #6045,#6046,#6047),.UNSPECIFIED.,.F.,.F.,(4,1,1,1,1,1,1,1,1,1,1,1,1,
    1,1,1,4),(0.,8.13584627196E-02,0.15715841667,0.22726263074,
    0.292665763214,0.357039133309,0.424764165763,0.495504263261,
    0.570614939055,0.611150275169,0.655432632097,0.703226099241,
    0.755132330954,0.810603631011,0.869726631125,0.933055712687,1.),
  .UNSPECIFIED.);
#6029 = CARTESIAN_POINT('',(-0.207043961465,-0.164663367888));
#6030 = CARTESIAN_POINT('',(-0.201526300013,-0.164546451245));
#6031 = CARTESIAN_POINT('',(-0.190867950428,-0.164320605845));
#6032 = CARTESIAN_POINT('',(-0.175527228698,-0.162596457263));
#6033 = CARTESIAN_POINT('',(-0.161485951929,-0.159637478065));
#6034 = CARTESIAN_POINT('',(-0.148548236966,-0.155495728879));
#6035 = CARTESIAN_POINT('',(-0.136375773851,-0.149831929314));
#6036 = CARTESIAN_POINT('',(-0.124592154927,-0.142697942251));
#6037 = CARTESIAN_POINT('',(-0.112906997473,-0.134102770939));
#6038 = CARTESIAN_POINT('',(-0.103512572202,-0.12562770228));
#6039 = CARTESIAN_POINT('',(-9.575056450367E-02,-0.118049496852));
#6040 = CARTESIAN_POINT('',(-8.972310816656E-02,-0.111371531816));
#6041 = CARTESIAN_POINT('',(-8.3259108933E-02,-0.104053521469));
#6042 = CARTESIAN_POINT('',(-7.662047457659E-02,-9.588736824311E-02));
#6043 = CARTESIAN_POINT('',(-6.957554883186E-02,-8.706406525957E-02));
#6044 = CARTESIAN_POINT('',(-6.23293196381E-02,-7.741521620519E-02));
#6045 = CARTESIAN_POINT('',(-5.482248616772E-02,-6.699404799781E-02));
#6046 = CARTESIAN_POINT('',(-4.974474926471E-02,-5.976525984477E-02));
#6047 = CARTESIAN_POINT('',(-4.71354248796E-02,-5.605056300977E-02));
#6048 = ( GEOMETRIC_REPRESENTATION_CONTEXT(2) 
PARAMETRIC_REPRESENTATION_CONTEXT() REPRESENTATION_CONTEXT('2D SPACE',''
  ) );
#6049 = ORIENTED_EDGE('',*,*,#5205,.T.);
#6050 = ADVANCED_FACE('',(#6051),#5258,.F.);
#6051 = FACE_BOUND('',#6052,.T.);
#6052 = EDGE_LOOP('',(#6053,#6054,#6055,#6056,#6057,#6058,#6059,#6060,
    #6061,#6062,#6063,#6064,#6065));
#6053 = ORIENTED_EDGE('',*,*,#5226,.F.);
#6054 = ORIENTED_EDGE('',*,*,#5997,.F.);
#6055 = ORIENTED_EDGE('',*,*,#5949,.F.);
#6056 = ORIENTED_EDGE('',*,*,#5900,.F.);
#6057 = ORIENTED_EDGE('',*,*,#5851,.F.);
#6058 = ORIENTED_EDGE('',*,*,#5802,.F.);
#6059 = ORIENTED_EDGE('',*,*,#5722,.F.);
#6060 = ORIENTED_EDGE('',*,*,#5643,.F.);
#6061 = ORIENTED_EDGE('',*,*,#5564,.F.);
#6062 = ORIENTED_EDGE('',*,*,#5501,.F.);
#6063 = ORIENTED_EDGE('',*,*,#5453,.F.);
#6064 = ORIENTED_EDGE('',*,*,#5389,.F.);
#6065 = ORIENTED_EDGE('',*,*,#5310,.F.);
#6066 = ADVANCED_FACE('',(#6067),#2229,.T.);
#6067 = FACE_BOUND('',#6068,.T.);
#6068 = EDGE_LOOP('',(#6069,#6070,#6093,#6121));
#6069 = ORIENTED_EDGE('',*,*,#2211,.F.);
#6070 = ORIENTED_EDGE('',*,*,#6071,.F.);
#6071 = EDGE_CURVE('',#6072,#2212,#6074,.T.);
#6072 = VERTEX_POINT('',#6073);
#6073 = CARTESIAN_POINT('',(0.415332923503,0.248852345009,0.99));
#6074 = SURFACE_CURVE('',#6075,(#6079,#6086),.PCURVE_S1.);
#6075 = LINE('',#6076,#6077);
#6076 = CARTESIAN_POINT('',(0.415332923503,0.248852345009,0.99));
#6077 = VECTOR('',#6078,1.);
#6078 = DIRECTION('',(-0.,-0.,1.));
#6079 = PCURVE('',#2229,#6080);
#6080 = DEFINITIONAL_REPRESENTATION('',(#6081),#6085);
#6081 = LINE('',#6082,#6083);
#6082 = CARTESIAN_POINT('',(0.,0.));
#6083 = VECTOR('',#6084,1.);
#6084 = DIRECTION('',(1.,0.));
#6085 = ( GEOMETRIC_REPRESENTATION_CONTEXT(2) 
PARAMETRIC_REPRESENTATION_CONTEXT() REPRESENTATION_CONTEXT('2D SPACE',''
  ) );
#6086 = PCURVE('',#2759,#6087);
#6087 = DEFINITIONAL_REPRESENTATION('',(#6088),#6092);
#6088 = LINE('',#6089,#6090);
#6089 = CARTESIAN_POINT('',(0.,5.365853658537E-02));
#6090 = VECTOR('',#6091,1.);
#6091 = DIRECTION('',(-1.,0.));
#6092 = ( GEOMETRIC_REPRESENTATION_CONTEXT(2) 
PARAMETRIC_REPRESENTATION_CONTEXT() REPRESENTATION_CONTEXT('2D SPACE',''
  ) );
#6093 = ORIENTED_EDGE('',*,*,#6094,.T.);
#6094 = EDGE_CURVE('',#6072,#6095,#6097,.T.);
#6095 = VERTEX_POINT('',#6096);
#6096 = CARTESIAN_POINT('',(0.415332923503,-0.151147654991,0.99));
#6097 = SURFACE_CURVE('',#6098,(#6102,#6109),.PCURVE_S1.);
#6098 = LINE('',#6099,#6100);
#6099 = CARTESIAN_POINT('',(0.415332923503,0.248852345009,0.99));
#6100 = VECTOR('',#6101,1.);
#6101 = DIRECTION('',(0.,-1.,0.));
#6102 = PCURVE('',#2229,#6103);
#6103 = DEFINITIONAL_REPRESENTATION('',(#6104),#6108);
#6104 = LINE('',#6105,#6106);
#6105 = CARTESIAN_POINT('',(0.,0.));
#6106 = VECTOR('',#6107,1.);
#6107 = DIRECTION('',(0.,-1.));
#6108 = ( GEOMETRIC_REPRESENTATION_CONTEXT(2) 
PARAMETRIC_REPRESENTATION_CONTEXT() REPRESENTATION_CONTEXT('2D SPACE',''
  ) );
#6109 = PCURVE('',#6110,#6115);
#6110 = PLANE('',#6111);
#6111 = AXIS2_PLACEMENT_3D('',#6112,#6113,#6114);
#6112 = CARTESIAN_POINT('',(0.14822737593,0.172096138071,0.99));
#6113 = DIRECTION('',(1.37293285575E-13,8.260766750372E-14,1.));
#6114 = DIRECTION('',(1.,0.,-1.37293285575E-13));
#6115 = DEFINITIONAL_REPRESENTATION('',(#6116),#6120);
#6116 = LINE('',#6117,#6118);
#6117 = CARTESIAN_POINT('',(0.267105547573,7.67562069382E-02));
#6118 = VECTOR('',#6119,1.);
#6119 = DIRECTION('',(0.,-1.));
#6120 = ( GEOMETRIC_REPRESENTATION_CONTEXT(2) 
PARAMETRIC_REPRESENTATION_CONTEXT() REPRESENTATION_CONTEXT('2D SPACE',''
  ) );
#6121 = ORIENTED_EDGE('',*,*,#6122,.T.);
#6122 = EDGE_CURVE('',#6095,#2214,#6123,.T.);
#6123 = SURFACE_CURVE('',#6124,(#6128,#6135),.PCURVE_S1.);
#6124 = LINE('',#6125,#6126);
#6125 = CARTESIAN_POINT('',(0.415332923503,-0.151147654991,0.99));
#6126 = VECTOR('',#6127,1.);
#6127 = DIRECTION('',(-0.,-0.,1.));
#6128 = PCURVE('',#2229,#6129);
#6129 = DEFINITIONAL_REPRESENTATION('',(#6130),#6134);
#6130 = LINE('',#6131,#6132);
#6131 = CARTESIAN_POINT('',(0.,-0.4));
#6132 = VECTOR('',#6133,1.);
#6133 = DIRECTION('',(1.,0.));
#6134 = ( GEOMETRIC_REPRESENTATION_CONTEXT(2) 
PARAMETRIC_REPRESENTATION_CONTEXT() REPRESENTATION_CONTEXT('2D SPACE',''
  ) );
#6135 = PCURVE('',#2257,#6136);
#6136 = DEFINITIONAL_REPRESENTATION('',(#6137),#6141);
#6137 = LINE('',#6138,#6139);
#6138 = CARTESIAN_POINT('',(0.,0.));
#6139 = VECTOR('',#6140,1.);
#6140 = DIRECTION('',(1.,-0.));
#6141 = ( GEOMETRIC_REPRESENTATION_CONTEXT(2) 
PARAMETRIC_REPRESENTATION_CONTEXT() REPRESENTATION_CONTEXT('2D SPACE',''
  ) );
#6142 = ADVANCED_FACE('',(#6143),#2257,.T.);
#6143 = FACE_BOUND('',#6144,.T.);
#6144 = EDGE_LOOP('',(#6145,#6146,#6147,#6170));
#6145 = ORIENTED_EDGE('',*,*,#2241,.F.);
#6146 = ORIENTED_EDGE('',*,*,#6122,.F.);
#6147 = ORIENTED_EDGE('',*,*,#6148,.T.);
#6148 = EDGE_CURVE('',#6095,#6149,#6151,.T.);
#6149 = VERTEX_POINT('',#6150);
#6150 = CARTESIAN_POINT('',(0.35168963082,-0.151147654991,0.99));
#6151 = SURFACE_CURVE('',#6152,(#6156,#6163),.PCURVE_S1.);
#6152 = LINE('',#6153,#6154);
#6153 = CARTESIAN_POINT('',(0.415332923503,-0.151147654991,0.99));
#6154 = VECTOR('',#6155,1.);
#6155 = DIRECTION('',(-1.,0.,0.));
#6156 = PCURVE('',#2257,#6157);
#6157 = DEFINITIONAL_REPRESENTATION('',(#6158),#6162);
#6158 = LINE('',#6159,#6160);
#6159 = CARTESIAN_POINT('',(0.,0.));
#6160 = VECTOR('',#6161,1.);
#6161 = DIRECTION('',(0.,-1.));
#6162 = ( GEOMETRIC_REPRESENTATION_CONTEXT(2) 
PARAMETRIC_REPRESENTATION_CONTEXT() REPRESENTATION_CONTEXT('2D SPACE',''
  ) );
#6163 = PCURVE('',#6110,#6164);
#6164 = DEFINITIONAL_REPRESENTATION('',(#6165),#6169);
#6165 = LINE('',#6166,#6167);
#6166 = CARTESIAN_POINT('',(0.267105547573,-0.323243793062));
#6167 = VECTOR('',#6168,1.);
#6168 = DIRECTION('',(-1.,1.134147808527E-26));
#6169 = ( GEOMETRIC_REPRESENTATION_CONTEXT(2) 
PARAMETRIC_REPRESENTATION_CONTEXT() REPRESENTATION_CONTEXT('2D SPACE',''
  ) );
#6170 = ORIENTED_EDGE('',*,*,#6171,.T.);
#6171 = EDGE_CURVE('',#6149,#2242,#6172,.T.);
#6172 = SURFACE_CURVE('',#6173,(#6177,#6184),.PCURVE_S1.);
#6173 = LINE('',#6174,#6175);
#6174 = CARTESIAN_POINT('',(0.35168963082,-0.151147654991,0.99));
#6175 = VECTOR('',#6176,1.);
#6176 = DIRECTION('',(-0.,-0.,1.));
#6177 = PCURVE('',#2257,#6178);
#6178 = DEFINITIONAL_REPRESENTATION('',(#6179),#6183);
#6179 = LINE('',#6180,#6181);
#6180 = CARTESIAN_POINT('',(0.,-6.364329268293E-02));
#6181 = VECTOR('',#6182,1.);
#6182 = DIRECTION('',(1.,-0.));
#6183 = ( GEOMETRIC_REPRESENTATION_CONTEXT(2) 
PARAMETRIC_REPRESENTATION_CONTEXT() REPRESENTATION_CONTEXT('2D SPACE',''
  ) );
#6184 = PCURVE('',#2285,#6185);
#6185 = DEFINITIONAL_REPRESENTATION('',(#6186),#6190);
#6186 = LINE('',#6187,#6188);
#6187 = CARTESIAN_POINT('',(0.,0.));
#6188 = VECTOR('',#6189,1.);
#6189 = DIRECTION('',(0.,1.));
#6190 = ( GEOMETRIC_REPRESENTATION_CONTEXT(2) 
PARAMETRIC_REPRESENTATION_CONTEXT() REPRESENTATION_CONTEXT('2D SPACE',''
  ) );
#6191 = ADVANCED_FACE('',(#6192),#2285,.T.);
#6192 = FACE_BOUND('',#6193,.T.);
#6193 = EDGE_LOOP('',(#6194,#6195,#6196,#6219));
#6194 = ORIENTED_EDGE('',*,*,#2269,.F.);
#6195 = ORIENTED_EDGE('',*,*,#6171,.F.);
#6196 = ORIENTED_EDGE('',*,*,#6197,.T.);
#6197 = EDGE_CURVE('',#6149,#6198,#6200,.T.);
#6198 = VERTEX_POINT('',#6199);
#6199 = CARTESIAN_POINT('',(0.15550060643,0.159370637692,0.99));
#6200 = SURFACE_CURVE('',#6201,(#6205,#6212),.PCURVE_S1.);
#6201 = LINE('',#6202,#6203);
#6202 = CARTESIAN_POINT('',(0.35168963082,-0.151147654991,0.99));
#6203 = VECTOR('',#6204,1.);
#6204 = DIRECTION('',(-0.534133516267,0.845400134138,0.));
#6205 = PCURVE('',#2285,#6206);
#6206 = DEFINITIONAL_REPRESENTATION('',(#6207),#6211);
#6207 = LINE('',#6208,#6209);
#6208 = CARTESIAN_POINT('',(0.,0.));
#6209 = VECTOR('',#6210,1.);
#6210 = DIRECTION('',(1.,0.));
#6211 = ( GEOMETRIC_REPRESENTATION_CONTEXT(2) 
PARAMETRIC_REPRESENTATION_CONTEXT() REPRESENTATION_CONTEXT('2D SPACE',''
  ) );
#6212 = PCURVE('',#6110,#6213);
#6213 = DEFINITIONAL_REPRESENTATION('',(#6214),#6218);
#6214 = LINE('',#6215,#6216);
#6215 = CARTESIAN_POINT('',(0.203462254891,-0.323243793062));
#6216 = VECTOR('',#6217,1.);
#6217 = DIRECTION('',(-0.534133516267,0.845400134138));
#6218 = ( GEOMETRIC_REPRESENTATION_CONTEXT(2) 
PARAMETRIC_REPRESENTATION_CONTEXT() REPRESENTATION_CONTEXT('2D SPACE',''
  ) );
#6219 = ORIENTED_EDGE('',*,*,#6220,.T.);
#6220 = EDGE_CURVE('',#6198,#2270,#6221,.T.);
#6221 = SURFACE_CURVE('',#6222,(#6226,#6233),.PCURVE_S1.);
#6222 = LINE('',#6223,#6224);
#6223 = CARTESIAN_POINT('',(0.15550060643,0.159370637692,0.99));
#6224 = VECTOR('',#6225,1.);
#6225 = DIRECTION('',(-0.,-0.,1.));
#6226 = PCURVE('',#2285,#6227);
#6227 = DEFINITIONAL_REPRESENTATION('',(#6228),#6232);
#6228 = LINE('',#6229,#6230);
#6229 = CARTESIAN_POINT('',(0.367303339737,0.));
#6230 = VECTOR('',#6231,1.);
#6231 = DIRECTION('',(0.,1.));
#6232 = ( GEOMETRIC_REPRESENTATION_CONTEXT(2) 
PARAMETRIC_REPRESENTATION_CONTEXT() REPRESENTATION_CONTEXT('2D SPACE',''
  ) );
#6233 = PCURVE('',#2317,#6234);
#6234 = DEFINITIONAL_REPRESENTATION('',(#6235),#6238);
#6235 = B_SPLINE_CURVE_WITH_KNOTS('',1,(#6236,#6237),.UNSPECIFIED.,.F.,
  .F.,(2,2),(0.,1.E-02),.PIECEWISE_BEZIER_KNOTS.);
#6236 = CARTESIAN_POINT('',(-8.727900719583E-16,-2.621167172201E-15));
#6237 = CARTESIAN_POINT('',(-7.080134443638E-16,1.));
#6238 = ( GEOMETRIC_REPRESENTATION_CONTEXT(2) 
PARAMETRIC_REPRESENTATION_CONTEXT() REPRESENTATION_CONTEXT('2D SPACE',''
  ) );
#6239 = ADVANCED_FACE('',(#6240),#2317,.T.);
#6240 = FACE_BOUND('',#6241,.T.);
#6241 = EDGE_LOOP('',(#6242,#6243,#6244,#6271));
#6242 = ORIENTED_EDGE('',*,*,#2297,.F.);
#6243 = ORIENTED_EDGE('',*,*,#6220,.F.);
#6244 = ORIENTED_EDGE('',*,*,#6245,.T.);
#6245 = EDGE_CURVE('',#6198,#6246,#6248,.T.);
#6246 = VERTEX_POINT('',#6247);
#6247 = CARTESIAN_POINT('',(0.142162191796,0.185437710863,0.99));
#6248 = SURFACE_CURVE('',#6249,(#6255,#6262),.PCURVE_S1.);
#6249 = B_SPLINE_CURVE_WITH_KNOTS('',3,(#6250,#6251,#6252,#6253,#6254),
  .UNSPECIFIED.,.F.,.F.,(4,1,4),(0.,0.514735756979,1.),.UNSPECIFIED.);
#6250 = CARTESIAN_POINT('',(0.15550060643,0.159370637692,0.99));
#6251 = CARTESIAN_POINT('',(0.152904032209,0.163686123371,0.99));
#6252 = CARTESIAN_POINT('',(0.147859552228,0.172070008929,0.99));
#6253 = CARTESIAN_POINT('',(0.144023628446,0.181070226901,0.99));
#6254 = CARTESIAN_POINT('',(0.142162191796,0.185437710863,0.99));
#6255 = PCURVE('',#2317,#6256);
#6256 = DEFINITIONAL_REPRESENTATION('',(#6257),#6261);
#6257 = LINE('',#6258,#6259);
#6258 = CARTESIAN_POINT('',(-7.080134443638E-16,-2.621167172201E-15));
#6259 = VECTOR('',#6260,1.);
#6260 = DIRECTION('',(1.,2.220446046273E-14));
#6261 = ( GEOMETRIC_REPRESENTATION_CONTEXT(2) 
PARAMETRIC_REPRESENTATION_CONTEXT() REPRESENTATION_CONTEXT('2D SPACE',''
  ) );
#6262 = PCURVE('',#6110,#6263);
#6263 = DEFINITIONAL_REPRESENTATION('',(#6264),#6270);
#6264 = B_SPLINE_CURVE_WITH_KNOTS('',3,(#6265,#6266,#6267,#6268,#6269),
  .UNSPECIFIED.,.F.,.F.,(4,1,4),(0.,0.514735756979,1.),.UNSPECIFIED.);
#6265 = CARTESIAN_POINT('',(7.273230500311E-03,-1.272550037887E-02));
#6266 = CARTESIAN_POINT('',(4.6766562789E-03,-8.410014699761E-03));
#6267 = CARTESIAN_POINT('',(-3.678237017617E-04,-2.612914178848E-05));
#6268 = CARTESIAN_POINT('',(-4.20374748357E-03,8.974088830511E-03));
#6269 = CARTESIAN_POINT('',(-6.065184133835E-03,1.334157279186E-02));
#6270 = ( GEOMETRIC_REPRESENTATION_CONTEXT(2) 
PARAMETRIC_REPRESENTATION_CONTEXT() REPRESENTATION_CONTEXT('2D SPACE',''
  ) );
#6271 = ORIENTED_EDGE('',*,*,#6272,.T.);
#6272 = EDGE_CURVE('',#6246,#2298,#6273,.T.);
#6273 = SURFACE_CURVE('',#6274,(#6278,#6284),.PCURVE_S1.);
#6274 = LINE('',#6275,#6276);
#6275 = CARTESIAN_POINT('',(0.142162191796,0.185437710863,0.99));
#6276 = VECTOR('',#6277,1.);
#6277 = DIRECTION('',(-0.,-0.,1.));
#6278 = PCURVE('',#2317,#6279);
#6279 = DEFINITIONAL_REPRESENTATION('',(#6280),#6283);
#6280 = B_SPLINE_CURVE_WITH_KNOTS('',1,(#6281,#6282),.UNSPECIFIED.,.F.,
  .F.,(2,2),(0.,1.E-02),.PIECEWISE_BEZIER_KNOTS.);
#6281 = CARTESIAN_POINT('',(1.,1.958329329053E-14));
#6282 = CARTESIAN_POINT('',(1.,1.));
#6283 = ( GEOMETRIC_REPRESENTATION_CONTEXT(2) 
PARAMETRIC_REPRESENTATION_CONTEXT() REPRESENTATION_CONTEXT('2D SPACE',''
  ) );
#6284 = PCURVE('',#2351,#6285);
#6285 = DEFINITIONAL_REPRESENTATION('',(#6286),#6290);
#6286 = LINE('',#6287,#6288);
#6287 = CARTESIAN_POINT('',(2.22044604925E-16,2.775557561563E-17));
#6288 = VECTOR('',#6289,1.);
#6289 = DIRECTION('',(1.,-0.));
#6290 = ( GEOMETRIC_REPRESENTATION_CONTEXT(2) 
PARAMETRIC_REPRESENTATION_CONTEXT() REPRESENTATION_CONTEXT('2D SPACE',''
  ) );
#6291 = ADVANCED_FACE('',(#6292),#2351,.T.);
#6292 = FACE_BOUND('',#6293,.T.);
#6293 = EDGE_LOOP('',(#6294,#6295,#6296,#6319));
#6294 = ORIENTED_EDGE('',*,*,#2335,.F.);
#6295 = ORIENTED_EDGE('',*,*,#6272,.F.);
#6296 = ORIENTED_EDGE('',*,*,#6297,.T.);
#6297 = EDGE_CURVE('',#6246,#6298,#6300,.T.);
#6298 = VERTEX_POINT('',#6299);
#6299 = CARTESIAN_POINT('',(0.14056158204,0.185437710863,0.99));
#6300 = SURFACE_CURVE('',#6301,(#6305,#6312),.PCURVE_S1.);
#6301 = LINE('',#6302,#6303);
#6302 = CARTESIAN_POINT('',(0.142162191796,0.185437710863,0.99));
#6303 = VECTOR('',#6304,1.);
#6304 = DIRECTION('',(-1.,0.,0.));
#6305 = PCURVE('',#2351,#6306);
#6306 = DEFINITIONAL_REPRESENTATION('',(#6307),#6311);
#6307 = LINE('',#6308,#6309);
#6308 = CARTESIAN_POINT('',(0.,0.));
#6309 = VECTOR('',#6310,1.);
#6310 = DIRECTION('',(0.,-1.));
#6311 = ( GEOMETRIC_REPRESENTATION_CONTEXT(2) 
PARAMETRIC_REPRESENTATION_CONTEXT() REPRESENTATION_CONTEXT('2D SPACE',''
  ) );
#6312 = PCURVE('',#6110,#6313);
#6313 = DEFINITIONAL_REPRESENTATION('',(#6314),#6318);
#6314 = LINE('',#6315,#6316);
#6315 = CARTESIAN_POINT('',(-6.065184133835E-03,1.334157279186E-02));
#6316 = VECTOR('',#6317,1.);
#6317 = DIRECTION('',(-1.,1.134147808527E-26));
#6318 = ( GEOMETRIC_REPRESENTATION_CONTEXT(2) 
PARAMETRIC_REPRESENTATION_CONTEXT() REPRESENTATION_CONTEXT('2D SPACE',''
  ) );
#6319 = ORIENTED_EDGE('',*,*,#6320,.T.);
#6320 = EDGE_CURVE('',#6298,#2336,#6321,.T.);
#6321 = SURFACE_CURVE('',#6322,(#6326,#6333),.PCURVE_S1.);
#6322 = LINE('',#6323,#6324);
#6323 = CARTESIAN_POINT('',(0.14056158204,0.185437710863,0.99));
#6324 = VECTOR('',#6325,1.);
#6325 = DIRECTION('',(-0.,-0.,1.));
#6326 = PCURVE('',#2351,#6327);
#6327 = DEFINITIONAL_REPRESENTATION('',(#6328),#6332);
#6328 = LINE('',#6329,#6330);
#6329 = CARTESIAN_POINT('',(0.,-1.600609756098E-03));
#6330 = VECTOR('',#6331,1.);
#6331 = DIRECTION('',(1.,-0.));
#6332 = ( GEOMETRIC_REPRESENTATION_CONTEXT(2) 
PARAMETRIC_REPRESENTATION_CONTEXT() REPRESENTATION_CONTEXT('2D SPACE',''
  ) );
#6333 = PCURVE('',#2395,#6334);
#6334 = DEFINITIONAL_REPRESENTATION('',(#6335),#6338);
#6335 = B_SPLINE_CURVE_WITH_KNOTS('',1,(#6336,#6337),.UNSPECIFIED.,.F.,
  .F.,(2,2),(0.,1.E-02),.PIECEWISE_BEZIER_KNOTS.);
#6336 = CARTESIAN_POINT('',(-1.003458756788E-17,-2.636888092194E-15));
#6337 = CARTESIAN_POINT('',(-1.003458756788E-17,1.));
#6338 = ( GEOMETRIC_REPRESENTATION_CONTEXT(2) 
PARAMETRIC_REPRESENTATION_CONTEXT() REPRESENTATION_CONTEXT('2D SPACE',''
  ) );
#6339 = ADVANCED_FACE('',(#6340),#2395,.T.);
#6340 = FACE_BOUND('',#6341,.T.);
#6341 = EDGE_LOOP('',(#6342,#6343,#6344,#6383));
#6342 = ORIENTED_EDGE('',*,*,#2363,.F.);
#6343 = ORIENTED_EDGE('',*,*,#6320,.F.);
#6344 = ORIENTED_EDGE('',*,*,#6345,.T.);
#6345 = EDGE_CURVE('',#6298,#6346,#6348,.T.);
#6346 = VERTEX_POINT('',#6347);
#6347 = CARTESIAN_POINT('',(0.142162191796,0.129492588911,0.99));
#6348 = SURFACE_CURVE('',#6349,(#6361,#6368),.PCURVE_S1.);
#6349 = B_SPLINE_CURVE_WITH_KNOTS('',3,(#6350,#6351,#6352,#6353,#6354,
    #6355,#6356,#6357,#6358,#6359,#6360),.UNSPECIFIED.,.F.,.F.,(4,1,1,1,
    1,1,1,1,4),(0.,6.840540825257E-02,0.152982627126,0.253867258679,
    0.369651378931,0.503088371486,0.652858156177,0.817583320403,1.),
  .UNSPECIFIED.);
#6350 = CARTESIAN_POINT('',(0.14056158204,0.185437710863,0.99));
#6351 = CARTESIAN_POINT('',(0.140698867204,0.184168237278,0.99));
#6352 = CARTESIAN_POINT('',(0.141005893295,0.181329172224,0.99));
#6353 = CARTESIAN_POINT('',(0.141260103362,0.176596676498,0.99));
#6354 = CARTESIAN_POINT('',(0.141591308207,0.170984499135,0.99));
#6355 = CARTESIAN_POINT('',(0.141808598962,0.164453176061,0.99));
#6356 = CARTESIAN_POINT('',(0.141933482965,0.157007865952,0.99));
#6357 = CARTESIAN_POINT('',(0.142110466133,0.14864979239,0.99));
#6358 = CARTESIAN_POINT('',(0.14217732184,0.139375815919,0.99));
#6359 = CARTESIAN_POINT('',(0.142167403632,0.13289705768,0.99));
#6360 = CARTESIAN_POINT('',(0.142162191796,0.129492588911,0.99));
#6361 = PCURVE('',#2395,#6362);
#6362 = DEFINITIONAL_REPRESENTATION('',(#6363),#6367);
#6363 = LINE('',#6364,#6365);
#6364 = CARTESIAN_POINT('',(-1.003458756788E-17,-2.636888092194E-15));
#6365 = VECTOR('',#6366,1.);
#6366 = DIRECTION('',(1.,-1.341019638766E-23));
#6367 = ( GEOMETRIC_REPRESENTATION_CONTEXT(2) 
PARAMETRIC_REPRESENTATION_CONTEXT() REPRESENTATION_CONTEXT('2D SPACE',''
  ) );
#6368 = PCURVE('',#6110,#6369);
#6369 = DEFINITIONAL_REPRESENTATION('',(#6370),#6382);
#6370 = B_SPLINE_CURVE_WITH_KNOTS('',3,(#6371,#6372,#6373,#6374,#6375,
    #6376,#6377,#6378,#6379,#6380,#6381),.UNSPECIFIED.,.F.,.F.,(4,1,1,1,
    1,1,1,1,4),(0.,6.840540825257E-02,0.152982627126,0.253867258679,
    0.369651378931,0.503088371486,0.652858156177,0.817583320403,1.),
  .UNSPECIFIED.);
#6371 = CARTESIAN_POINT('',(-7.665793889933E-03,1.334157279186E-02));
#6372 = CARTESIAN_POINT('',(-7.5285087258E-03,1.207209920706E-02));
#6373 = CARTESIAN_POINT('',(-7.22148263516E-03,9.233034153107E-03));
#6374 = CARTESIAN_POINT('',(-6.967272568194E-03,4.500538427647E-03));
#6375 = CARTESIAN_POINT('',(-6.636067723239E-03,-1.111638935555E-03));
#6376 = CARTESIAN_POINT('',(-6.418776967801E-03,-7.642962010114E-03));
#6377 = CARTESIAN_POINT('',(-6.293892964891E-03,-1.508827211863E-02));
#6378 = CARTESIAN_POINT('',(-6.11690979689E-03,-2.344634568101E-02));
#6379 = CARTESIAN_POINT('',(-6.050054089617E-03,-3.27203221521E-02));
#6380 = CARTESIAN_POINT('',(-6.05997229736E-03,-3.919908039031E-02));
#6381 = CARTESIAN_POINT('',(-6.065184133835E-03,-4.260354915936E-02));
#6382 = ( GEOMETRIC_REPRESENTATION_CONTEXT(2) 
PARAMETRIC_REPRESENTATION_CONTEXT() REPRESENTATION_CONTEXT('2D SPACE',''
  ) );
#6383 = ORIENTED_EDGE('',*,*,#6384,.T.);
#6384 = EDGE_CURVE('',#6346,#2364,#6385,.T.);
#6385 = SURFACE_CURVE('',#6386,(#6390,#6396),.PCURVE_S1.);
#6386 = LINE('',#6387,#6388);
#6387 = CARTESIAN_POINT('',(0.142162191796,0.129492588911,0.99));
#6388 = VECTOR('',#6389,1.);
#6389 = DIRECTION('',(-0.,-0.,1.));
#6390 = PCURVE('',#2395,#6391);
#6391 = DEFINITIONAL_REPRESENTATION('',(#6392),#6395);
#6392 = B_SPLINE_CURVE_WITH_KNOTS('',1,(#6393,#6394),.UNSPECIFIED.,.F.,
  .F.,(2,2),(0.,1.E-02),.PIECEWISE_BEZIER_KNOTS.);
#6393 = CARTESIAN_POINT('',(1.,-2.636888105604E-15));
#6394 = CARTESIAN_POINT('',(1.,1.));
#6395 = ( GEOMETRIC_REPRESENTATION_CONTEXT(2) 
PARAMETRIC_REPRESENTATION_CONTEXT() REPRESENTATION_CONTEXT('2D SPACE',''
  ) );
#6396 = PCURVE('',#2441,#6397);
#6397 = DEFINITIONAL_REPRESENTATION('',(#6398),#6402);
#6398 = LINE('',#6399,#6400);
#6399 = CARTESIAN_POINT('',(0.,0.));
#6400 = VECTOR('',#6401,1.);
#6401 = DIRECTION('',(1.,0.));
#6402 = ( GEOMETRIC_REPRESENTATION_CONTEXT(2) 
PARAMETRIC_REPRESENTATION_CONTEXT() REPRESENTATION_CONTEXT('2D SPACE',''
  ) );
#6403 = ADVANCED_FACE('',(#6404),#2441,.T.);
#6404 = FACE_BOUND('',#6405,.T.);
#6405 = EDGE_LOOP('',(#6406,#6407,#6408,#6431));
#6406 = ORIENTED_EDGE('',*,*,#2425,.F.);
#6407 = ORIENTED_EDGE('',*,*,#6384,.F.);
#6408 = ORIENTED_EDGE('',*,*,#6409,.T.);
#6409 = EDGE_CURVE('',#6346,#6410,#6412,.T.);
#6410 = VERTEX_POINT('',#6411);
#6411 = CARTESIAN_POINT('',(0.142162191796,-0.151147654991,0.99));
#6412 = SURFACE_CURVE('',#6413,(#6417,#6424),.PCURVE_S1.);
#6413 = LINE('',#6414,#6415);
#6414 = CARTESIAN_POINT('',(0.142162191796,0.129492588911,0.99));
#6415 = VECTOR('',#6416,1.);
#6416 = DIRECTION('',(0.,-1.,0.));
#6417 = PCURVE('',#2441,#6418);
#6418 = DEFINITIONAL_REPRESENTATION('',(#6419),#6423);
#6419 = LINE('',#6420,#6421);
#6420 = CARTESIAN_POINT('',(0.,0.));
#6421 = VECTOR('',#6422,1.);
#6422 = DIRECTION('',(0.,-1.));
#6423 = ( GEOMETRIC_REPRESENTATION_CONTEXT(2) 
PARAMETRIC_REPRESENTATION_CONTEXT() REPRESENTATION_CONTEXT('2D SPACE',''
  ) );
#6424 = PCURVE('',#6110,#6425);
#6425 = DEFINITIONAL_REPRESENTATION('',(#6426),#6430);
#6426 = LINE('',#6427,#6428);
#6427 = CARTESIAN_POINT('',(-6.065184133835E-03,-4.260354915936E-02));
#6428 = VECTOR('',#6429,1.);
#6429 = DIRECTION('',(0.,-1.));
#6430 = ( GEOMETRIC_REPRESENTATION_CONTEXT(2) 
PARAMETRIC_REPRESENTATION_CONTEXT() REPRESENTATION_CONTEXT('2D SPACE',''
  ) );
#6431 = ORIENTED_EDGE('',*,*,#6432,.T.);
#6432 = EDGE_CURVE('',#6410,#2426,#6433,.T.);
#6433 = SURFACE_CURVE('',#6434,(#6438,#6445),.PCURVE_S1.);
#6434 = LINE('',#6435,#6436);
#6435 = CARTESIAN_POINT('',(0.142162191796,-0.151147654991,0.99));
#6436 = VECTOR('',#6437,1.);
#6437 = DIRECTION('',(-0.,-0.,1.));
#6438 = PCURVE('',#2441,#6439);
#6439 = DEFINITIONAL_REPRESENTATION('',(#6440),#6444);
#6440 = LINE('',#6441,#6442);
#6441 = CARTESIAN_POINT('',(0.,-0.280640243902));
#6442 = VECTOR('',#6443,1.);
#6443 = DIRECTION('',(1.,0.));
#6444 = ( GEOMETRIC_REPRESENTATION_CONTEXT(2) 
PARAMETRIC_REPRESENTATION_CONTEXT() REPRESENTATION_CONTEXT('2D SPACE',''
  ) );
#6445 = PCURVE('',#2469,#6446);
#6446 = DEFINITIONAL_REPRESENTATION('',(#6447),#6451);
#6447 = LINE('',#6448,#6449);
#6448 = CARTESIAN_POINT('',(0.,0.));
#6449 = VECTOR('',#6450,1.);
#6450 = DIRECTION('',(1.,-0.));
#6451 = ( GEOMETRIC_REPRESENTATION_CONTEXT(2) 
PARAMETRIC_REPRESENTATION_CONTEXT() REPRESENTATION_CONTEXT('2D SPACE',''
  ) );
#6452 = ADVANCED_FACE('',(#6453),#2469,.T.);
#6453 = FACE_BOUND('',#6454,.T.);
#6454 = EDGE_LOOP('',(#6455,#6456,#6457,#6480));
#6455 = ORIENTED_EDGE('',*,*,#2453,.F.);
#6456 = ORIENTED_EDGE('',*,*,#6432,.F.);
#6457 = ORIENTED_EDGE('',*,*,#6458,.T.);
#6458 = EDGE_CURVE('',#6410,#6459,#6461,.T.);
#6459 = VERTEX_POINT('',#6460);
#6460 = CARTESIAN_POINT('',(8.850365521058E-02,-0.151147654991,0.99));
#6461 = SURFACE_CURVE('',#6462,(#6466,#6473),.PCURVE_S1.);
#6462 = LINE('',#6463,#6464);
#6463 = CARTESIAN_POINT('',(0.142162191796,-0.151147654991,0.99));
#6464 = VECTOR('',#6465,1.);
#6465 = DIRECTION('',(-1.,0.,0.));
#6466 = PCURVE('',#2469,#6467);
#6467 = DEFINITIONAL_REPRESENTATION('',(#6468),#6472);
#6468 = LINE('',#6469,#6470);
#6469 = CARTESIAN_POINT('',(0.,0.));
#6470 = VECTOR('',#6471,1.);
#6471 = DIRECTION('',(0.,-1.));
#6472 = ( GEOMETRIC_REPRESENTATION_CONTEXT(2) 
PARAMETRIC_REPRESENTATION_CONTEXT() REPRESENTATION_CONTEXT('2D SPACE',''
  ) );
#6473 = PCURVE('',#6110,#6474);
#6474 = DEFINITIONAL_REPRESENTATION('',(#6475),#6479);
#6475 = LINE('',#6476,#6477);
#6476 = CARTESIAN_POINT('',(-6.065184133835E-03,-0.323243793062));
#6477 = VECTOR('',#6478,1.);
#6478 = DIRECTION('',(-1.,1.134147808527E-26));
#6479 = ( GEOMETRIC_REPRESENTATION_CONTEXT(2) 
PARAMETRIC_REPRESENTATION_CONTEXT() REPRESENTATION_CONTEXT('2D SPACE',''
  ) );
#6480 = ORIENTED_EDGE('',*,*,#6481,.T.);
#6481 = EDGE_CURVE('',#6459,#2454,#6482,.T.);
#6482 = SURFACE_CURVE('',#6483,(#6487,#6494),.PCURVE_S1.);
#6483 = LINE('',#6484,#6485);
#6484 = CARTESIAN_POINT('',(8.850365521058E-02,-0.151147654991,0.99));
#6485 = VECTOR('',#6486,1.);
#6486 = DIRECTION('',(-0.,-0.,1.));
#6487 = PCURVE('',#2469,#6488);
#6488 = DEFINITIONAL_REPRESENTATION('',(#6489),#6493);
#6489 = LINE('',#6490,#6491);
#6490 = CARTESIAN_POINT('',(0.,-5.365853658537E-02));
#6491 = VECTOR('',#6492,1.);
#6492 = DIRECTION('',(1.,-0.));
#6493 = ( GEOMETRIC_REPRESENTATION_CONTEXT(2) 
PARAMETRIC_REPRESENTATION_CONTEXT() REPRESENTATION_CONTEXT('2D SPACE',''
  ) );
#6494 = PCURVE('',#2497,#6495);
#6495 = DEFINITIONAL_REPRESENTATION('',(#6496),#6500);
#6496 = LINE('',#6497,#6498);
#6497 = CARTESIAN_POINT('',(0.,0.));
#6498 = VECTOR('',#6499,1.);
#6499 = DIRECTION('',(-1.,0.));
#6500 = ( GEOMETRIC_REPRESENTATION_CONTEXT(2) 
PARAMETRIC_REPRESENTATION_CONTEXT() REPRESENTATION_CONTEXT('2D SPACE',''
  ) );
#6501 = ADVANCED_FACE('',(#6502),#2497,.T.);
#6502 = FACE_BOUND('',#6503,.T.);
#6503 = EDGE_LOOP('',(#6504,#6505,#6506,#6529));
#6504 = ORIENTED_EDGE('',*,*,#2481,.F.);
#6505 = ORIENTED_EDGE('',*,*,#6481,.F.);
#6506 = ORIENTED_EDGE('',*,*,#6507,.T.);
#6507 = EDGE_CURVE('',#6459,#6508,#6510,.T.);
#6508 = VERTEX_POINT('',#6509);
#6509 = CARTESIAN_POINT('',(8.850365521058E-02,0.248852345009,0.99));
#6510 = SURFACE_CURVE('',#6511,(#6515,#6522),.PCURVE_S1.);
#6511 = LINE('',#6512,#6513);
#6512 = CARTESIAN_POINT('',(8.850365521058E-02,-0.151147654991,0.99));
#6513 = VECTOR('',#6514,1.);
#6514 = DIRECTION('',(0.,1.,0.));
#6515 = PCURVE('',#2497,#6516);
#6516 = DEFINITIONAL_REPRESENTATION('',(#6517),#6521);
#6517 = LINE('',#6518,#6519);
#6518 = CARTESIAN_POINT('',(0.,0.));
#6519 = VECTOR('',#6520,1.);
#6520 = DIRECTION('',(0.,1.));
#6521 = ( GEOMETRIC_REPRESENTATION_CONTEXT(2) 
PARAMETRIC_REPRESENTATION_CONTEXT() REPRESENTATION_CONTEXT('2D SPACE',''
  ) );
#6522 = PCURVE('',#6110,#6523);
#6523 = DEFINITIONAL_REPRESENTATION('',(#6524),#6528);
#6524 = LINE('',#6525,#6526);
#6525 = CARTESIAN_POINT('',(-5.97237207192E-02,-0.323243793062));
#6526 = VECTOR('',#6527,1.);
#6527 = DIRECTION('',(0.,1.));
#6528 = ( GEOMETRIC_REPRESENTATION_CONTEXT(2) 
PARAMETRIC_REPRESENTATION_CONTEXT() REPRESENTATION_CONTEXT('2D SPACE',''
  ) );
#6529 = ORIENTED_EDGE('',*,*,#6530,.T.);
#6530 = EDGE_CURVE('',#6508,#2482,#6531,.T.);
#6531 = SURFACE_CURVE('',#6532,(#6536,#6543),.PCURVE_S1.);
#6532 = LINE('',#6533,#6534);
#6533 = CARTESIAN_POINT('',(8.850365521058E-02,0.248852345009,0.99));
#6534 = VECTOR('',#6535,1.);
#6535 = DIRECTION('',(-0.,-0.,1.));
#6536 = PCURVE('',#2497,#6537);
#6537 = DEFINITIONAL_REPRESENTATION('',(#6538),#6542);
#6538 = LINE('',#6539,#6540);
#6539 = CARTESIAN_POINT('',(0.,0.4));
#6540 = VECTOR('',#6541,1.);
#6541 = DIRECTION('',(-1.,0.));
#6542 = ( GEOMETRIC_REPRESENTATION_CONTEXT(2) 
PARAMETRIC_REPRESENTATION_CONTEXT() REPRESENTATION_CONTEXT('2D SPACE',''
  ) );
#6543 = PCURVE('',#2525,#6544);
#6544 = DEFINITIONAL_REPRESENTATION('',(#6545),#6549);
#6545 = LINE('',#6546,#6547);
#6546 = CARTESIAN_POINT('',(0.,0.));
#6547 = VECTOR('',#6548,1.);
#6548 = DIRECTION('',(-1.,0.));
#6549 = ( GEOMETRIC_REPRESENTATION_CONTEXT(2) 
PARAMETRIC_REPRESENTATION_CONTEXT() REPRESENTATION_CONTEXT('2D SPACE',''
  ) );
#6550 = ADVANCED_FACE('',(#6551),#2525,.T.);
#6551 = FACE_BOUND('',#6552,.T.);
#6552 = EDGE_LOOP('',(#6553,#6554,#6555,#6578));
#6553 = ORIENTED_EDGE('',*,*,#2509,.F.);
#6554 = ORIENTED_EDGE('',*,*,#6530,.F.);
#6555 = ORIENTED_EDGE('',*,*,#6556,.T.);
#6556 = EDGE_CURVE('',#6508,#6557,#6559,.T.);
#6557 = VERTEX_POINT('',#6558);
#6558 = CARTESIAN_POINT('',(0.156796338137,0.248852345009,0.99));
#6559 = SURFACE_CURVE('',#6560,(#6564,#6571),.PCURVE_S1.);
#6560 = LINE('',#6561,#6562);
#6561 = CARTESIAN_POINT('',(8.850365521058E-02,0.248852345009,0.99));
#6562 = VECTOR('',#6563,1.);
#6563 = DIRECTION('',(1.,0.,0.));
#6564 = PCURVE('',#2525,#6565);
#6565 = DEFINITIONAL_REPRESENTATION('',(#6566),#6570);
#6566 = LINE('',#6567,#6568);
#6567 = CARTESIAN_POINT('',(0.,0.));
#6568 = VECTOR('',#6569,1.);
#6569 = DIRECTION('',(0.,1.));
#6570 = ( GEOMETRIC_REPRESENTATION_CONTEXT(2) 
PARAMETRIC_REPRESENTATION_CONTEXT() REPRESENTATION_CONTEXT('2D SPACE',''
  ) );
#6571 = PCURVE('',#6110,#6572);
#6572 = DEFINITIONAL_REPRESENTATION('',(#6573),#6577);
#6573 = LINE('',#6574,#6575);
#6574 = CARTESIAN_POINT('',(-5.97237207192E-02,7.67562069382E-02));
#6575 = VECTOR('',#6576,1.);
#6576 = DIRECTION('',(1.,-1.134147808527E-26));
#6577 = ( GEOMETRIC_REPRESENTATION_CONTEXT(2) 
PARAMETRIC_REPRESENTATION_CONTEXT() REPRESENTATION_CONTEXT('2D SPACE',''
  ) );
#6578 = ORIENTED_EDGE('',*,*,#6579,.T.);
#6579 = EDGE_CURVE('',#6557,#2510,#6580,.T.);
#6580 = SURFACE_CURVE('',#6581,(#6585,#6592),.PCURVE_S1.);
#6581 = LINE('',#6582,#6583);
#6582 = CARTESIAN_POINT('',(0.156796338137,0.248852345009,0.99));
#6583 = VECTOR('',#6584,1.);
#6584 = DIRECTION('',(-0.,-0.,1.));
#6585 = PCURVE('',#2525,#6586);
#6586 = DEFINITIONAL_REPRESENTATION('',(#6587),#6591);
#6587 = LINE('',#6588,#6589);
#6588 = CARTESIAN_POINT('',(0.,6.829268292683E-02));
#6589 = VECTOR('',#6590,1.);
#6590 = DIRECTION('',(-1.,0.));
#6591 = ( GEOMETRIC_REPRESENTATION_CONTEXT(2) 
PARAMETRIC_REPRESENTATION_CONTEXT() REPRESENTATION_CONTEXT('2D SPACE',''
  ) );
#6592 = PCURVE('',#2553,#6593);
#6593 = DEFINITIONAL_REPRESENTATION('',(#6594),#6598);
#6594 = LINE('',#6595,#6596);
#6595 = CARTESIAN_POINT('',(0.,0.));
#6596 = VECTOR('',#6597,1.);
#6597 = DIRECTION('',(0.,1.));
#6598 = ( GEOMETRIC_REPRESENTATION_CONTEXT(2) 
PARAMETRIC_REPRESENTATION_CONTEXT() REPRESENTATION_CONTEXT('2D SPACE',''
  ) );
#6599 = ADVANCED_FACE('',(#6600),#2553,.T.);
#6600 = FACE_BOUND('',#6601,.T.);
#6601 = EDGE_LOOP('',(#6602,#6603,#6604,#6627));
#6602 = ORIENTED_EDGE('',*,*,#2537,.F.);
#6603 = ORIENTED_EDGE('',*,*,#6579,.F.);
#6604 = ORIENTED_EDGE('',*,*,#6605,.T.);
#6605 = EDGE_CURVE('',#6557,#6606,#6608,.T.);
#6606 = VERTEX_POINT('',#6607);
#6607 = CARTESIAN_POINT('',(0.347116460089,-5.533972816187E-02,0.99));
#6608 = SURFACE_CURVE('',#6609,(#6613,#6620),.PCURVE_S1.);
#6609 = LINE('',#6610,#6611);
#6610 = CARTESIAN_POINT('',(0.156796338137,0.248852345009,0.99));
#6611 = VECTOR('',#6612,1.);
#6612 = DIRECTION('',(0.530399843592,-0.847747607439,0.));
#6613 = PCURVE('',#2553,#6614);
#6614 = DEFINITIONAL_REPRESENTATION('',(#6615),#6619);
#6615 = LINE('',#6616,#6617);
#6616 = CARTESIAN_POINT('',(0.,0.));
#6617 = VECTOR('',#6618,1.);
#6618 = DIRECTION('',(1.,0.));
#6619 = ( GEOMETRIC_REPRESENTATION_CONTEXT(2) 
PARAMETRIC_REPRESENTATION_CONTEXT() REPRESENTATION_CONTEXT('2D SPACE',''
  ) );
#6620 = PCURVE('',#6110,#6621);
#6621 = DEFINITIONAL_REPRESENTATION('',(#6622),#6626);
#6622 = LINE('',#6623,#6624);
#6623 = CARTESIAN_POINT('',(8.568962207628E-03,7.67562069382E-02));
#6624 = VECTOR('',#6625,1.);
#6625 = DIRECTION('',(0.530399843592,-0.847747607439));
#6626 = ( GEOMETRIC_REPRESENTATION_CONTEXT(2) 
PARAMETRIC_REPRESENTATION_CONTEXT() REPRESENTATION_CONTEXT('2D SPACE',''
  ) );
#6627 = ORIENTED_EDGE('',*,*,#6628,.T.);
#6628 = EDGE_CURVE('',#6606,#2538,#6629,.T.);
#6629 = SURFACE_CURVE('',#6630,(#6634,#6641),.PCURVE_S1.);
#6630 = LINE('',#6631,#6632);
#6631 = CARTESIAN_POINT('',(0.347116460089,-5.533972816187E-02,0.99));
#6632 = VECTOR('',#6633,1.);
#6633 = DIRECTION('',(-0.,-0.,1.));
#6634 = PCURVE('',#2553,#6635);
#6635 = DEFINITIONAL_REPRESENTATION('',(#6636),#6640);
#6636 = LINE('',#6637,#6638);
#6637 = CARTESIAN_POINT('',(0.358823865148,0.));
#6638 = VECTOR('',#6639,1.);
#6639 = DIRECTION('',(0.,1.));
#6640 = ( GEOMETRIC_REPRESENTATION_CONTEXT(2) 
PARAMETRIC_REPRESENTATION_CONTEXT() REPRESENTATION_CONTEXT('2D SPACE',''
  ) );
#6641 = PCURVE('',#2597,#6642);
#6642 = DEFINITIONAL_REPRESENTATION('',(#6643),#6646);
#6643 = B_SPLINE_CURVE_WITH_KNOTS('',1,(#6644,#6645),.UNSPECIFIED.,.F.,
  .F.,(2,2),(0.,1.E-02),.PIECEWISE_BEZIER_KNOTS.);
#6644 = CARTESIAN_POINT('',(-1.827756462585E-15,-2.621167172201E-15));
#6645 = CARTESIAN_POINT('',(-1.628446667321E-15,1.));
#6646 = ( GEOMETRIC_REPRESENTATION_CONTEXT(2) 
PARAMETRIC_REPRESENTATION_CONTEXT() REPRESENTATION_CONTEXT('2D SPACE',''
  ) );
#6647 = ADVANCED_FACE('',(#6648),#2597,.T.);
#6648 = FACE_BOUND('',#6649,.T.);
#6649 = EDGE_LOOP('',(#6650,#6651,#6652,#6691));
#6650 = ORIENTED_EDGE('',*,*,#2565,.F.);
#6651 = ORIENTED_EDGE('',*,*,#6628,.F.);
#6652 = ORIENTED_EDGE('',*,*,#6653,.T.);
#6653 = EDGE_CURVE('',#6606,#6654,#6656,.T.);
#6654 = VERTEX_POINT('',#6655);
#6655 = CARTESIAN_POINT('',(0.363198777162,-8.285497206431E-02,0.99));
#6656 = SURFACE_CURVE('',#6657,(#6669,#6676),.PCURVE_S1.);
#6657 = B_SPLINE_CURVE_WITH_KNOTS('',3,(#6658,#6659,#6660,#6661,#6662,
    #6663,#6664,#6665,#6666,#6667,#6668),.UNSPECIFIED.,.F.,.F.,(4,1,1,1,
    1,1,1,1,4),(0.,0.191043767251,0.362828903116,0.514098510603,
    0.650198134495,0.765824892399,0.86101723428,0.93905934776,1.),
  .UNSPECIFIED.);
#6658 = CARTESIAN_POINT('',(0.347116460089,-5.533972816187E-02,0.99));
#6659 = CARTESIAN_POINT('',(0.34818092315,-5.70689933025E-02,0.99));
#6660 = CARTESIAN_POINT('',(0.350202543486,-6.035320080742E-02,0.99));
#6661 = CARTESIAN_POINT('',(0.353107030746,-6.498176884757E-02,0.99));
#6662 = CARTESIAN_POINT('',(0.355656287335,-6.914365501962E-02,0.99));
#6663 = CARTESIAN_POINT('',(0.35783682671,-7.283061666743E-02,0.99));
#6664 = CARTESIAN_POINT('',(0.359676362533,-7.602685555292E-02,0.99));
#6665 = CARTESIAN_POINT('',(0.361136003665,-7.872806330361E-02,0.99));
#6666 = CARTESIAN_POINT('',(0.362294261265,-8.093184919546E-02,0.99));
#6667 = CARTESIAN_POINT('',(0.362923062644,-8.226876579012E-02,0.99));
#6668 = CARTESIAN_POINT('',(0.363198777162,-8.285497206431E-02,0.99));
#6669 = PCURVE('',#2597,#6670);
#6670 = DEFINITIONAL_REPRESENTATION('',(#6671),#6675);
#6671 = LINE('',#6672,#6673);
#6672 = CARTESIAN_POINT('',(-1.628446667321E-15,-2.621167172201E-15));
#6673 = VECTOR('',#6674,1.);
#6674 = DIRECTION('',(1.,3.33066916282E-14));
#6675 = ( GEOMETRIC_REPRESENTATION_CONTEXT(2) 
PARAMETRIC_REPRESENTATION_CONTEXT() REPRESENTATION_CONTEXT('2D SPACE',''
  ) );
#6676 = PCURVE('',#6110,#6677);
#6677 = DEFINITIONAL_REPRESENTATION('',(#6678),#6690);
#6678 = B_SPLINE_CURVE_WITH_KNOTS('',3,(#6679,#6680,#6681,#6682,#6683,
    #6684,#6685,#6686,#6687,#6688,#6689),.UNSPECIFIED.,.F.,.F.,(4,1,1,1,
    1,1,1,1,4),(0.,0.191043767251,0.362828903116,0.514098510603,
    0.650198134495,0.765824892399,0.86101723428,0.93905934776,1.),
  .UNSPECIFIED.);
#6679 = CARTESIAN_POINT('',(0.198889084159,-0.227435866233));
#6680 = CARTESIAN_POINT('',(0.19995354722,-0.229165131373));
#6681 = CARTESIAN_POINT('',(0.201975167556,-0.232449338878));
#6682 = CARTESIAN_POINT('',(0.204879654816,-0.237077906918));
#6683 = CARTESIAN_POINT('',(0.207428911405,-0.24123979309));
#6684 = CARTESIAN_POINT('',(0.20960945078,-0.244926754738));
#6685 = CARTESIAN_POINT('',(0.211448986603,-0.248122993624));
#6686 = CARTESIAN_POINT('',(0.212908627735,-0.250824201374));
#6687 = CARTESIAN_POINT('',(0.214066885336,-0.253027987266));
#6688 = CARTESIAN_POINT('',(0.214695686715,-0.254364903861));
#6689 = CARTESIAN_POINT('',(0.214971401232,-0.254951110135));
#6690 = ( GEOMETRIC_REPRESENTATION_CONTEXT(2) 
PARAMETRIC_REPRESENTATION_CONTEXT() REPRESENTATION_CONTEXT('2D SPACE',''
  ) );
#6691 = ORIENTED_EDGE('',*,*,#6692,.T.);
#6692 = EDGE_CURVE('',#6654,#2566,#6693,.T.);
#6693 = SURFACE_CURVE('',#6694,(#6698,#6704),.PCURVE_S1.);
#6694 = LINE('',#6695,#6696);
#6695 = CARTESIAN_POINT('',(0.363198777162,-8.285497206431E-02,0.99));
#6696 = VECTOR('',#6697,1.);
#6697 = DIRECTION('',(-0.,-0.,1.));
#6698 = PCURVE('',#2597,#6699);
#6699 = DEFINITIONAL_REPRESENTATION('',(#6700),#6703);
#6700 = B_SPLINE_CURVE_WITH_KNOTS('',1,(#6701,#6702),.UNSPECIFIED.,.F.,
  .F.,(2,2),(0.,1.E-02),.PIECEWISE_BEZIER_KNOTS.);
#6701 = CARTESIAN_POINT('',(1.,3.0685524456E-14));
#6702 = CARTESIAN_POINT('',(1.,1.));
#6703 = ( GEOMETRIC_REPRESENTATION_CONTEXT(2) 
PARAMETRIC_REPRESENTATION_CONTEXT() REPRESENTATION_CONTEXT('2D SPACE',''
  ) );
#6704 = PCURVE('',#2643,#6705);
#6705 = DEFINITIONAL_REPRESENTATION('',(#6706),#6710);
#6706 = LINE('',#6707,#6708);
#6707 = CARTESIAN_POINT('',(0.,0.));
#6708 = VECTOR('',#6709,1.);
#6709 = DIRECTION('',(-1.,0.));
#6710 = ( GEOMETRIC_REPRESENTATION_CONTEXT(2) 
PARAMETRIC_REPRESENTATION_CONTEXT() REPRESENTATION_CONTEXT('2D SPACE',''
  ) );
#6711 = ADVANCED_FACE('',(#6712),#2643,.T.);
#6712 = FACE_BOUND('',#6713,.T.);
#6713 = EDGE_LOOP('',(#6714,#6715,#6716,#6739));
#6714 = ORIENTED_EDGE('',*,*,#2627,.F.);
#6715 = ORIENTED_EDGE('',*,*,#6692,.F.);
#6716 = ORIENTED_EDGE('',*,*,#6717,.T.);
#6717 = EDGE_CURVE('',#6654,#6718,#6720,.T.);
#6718 = VERTEX_POINT('',#6719);
#6719 = CARTESIAN_POINT('',(0.364265850333,-8.285497206431E-02,0.99));
#6720 = SURFACE_CURVE('',#6721,(#6725,#6732),.PCURVE_S1.);
#6721 = LINE('',#6722,#6723);
#6722 = CARTESIAN_POINT('',(0.363198777162,-8.285497206431E-02,0.99));
#6723 = VECTOR('',#6724,1.);
#6724 = DIRECTION('',(1.,0.,0.));
#6725 = PCURVE('',#2643,#6726);
#6726 = DEFINITIONAL_REPRESENTATION('',(#6727),#6731);
#6727 = LINE('',#6728,#6729);
#6728 = CARTESIAN_POINT('',(0.,0.));
#6729 = VECTOR('',#6730,1.);
#6730 = DIRECTION('',(0.,1.));
#6731 = ( GEOMETRIC_REPRESENTATION_CONTEXT(2) 
PARAMETRIC_REPRESENTATION_CONTEXT() REPRESENTATION_CONTEXT('2D SPACE',''
  ) );
#6732 = PCURVE('',#6110,#6733);
#6733 = DEFINITIONAL_REPRESENTATION('',(#6734),#6738);
#6734 = LINE('',#6735,#6736);
#6735 = CARTESIAN_POINT('',(0.214971401232,-0.254951110135));
#6736 = VECTOR('',#6737,1.);
#6737 = DIRECTION('',(1.,-1.134147808527E-26));
#6738 = ( GEOMETRIC_REPRESENTATION_CONTEXT(2) 
PARAMETRIC_REPRESENTATION_CONTEXT() REPRESENTATION_CONTEXT('2D SPACE',''
  ) );
#6739 = ORIENTED_EDGE('',*,*,#6740,.T.);
#6740 = EDGE_CURVE('',#6718,#2628,#6741,.T.);
#6741 = SURFACE_CURVE('',#6742,(#6746,#6753),.PCURVE_S1.);
#6742 = LINE('',#6743,#6744);
#6743 = CARTESIAN_POINT('',(0.364265850333,-8.285497206431E-02,0.99));
#6744 = VECTOR('',#6745,1.);
#6745 = DIRECTION('',(-0.,-0.,1.));
#6746 = PCURVE('',#2643,#6747);
#6747 = DEFINITIONAL_REPRESENTATION('',(#6748),#6752);
#6748 = LINE('',#6749,#6750);
#6749 = CARTESIAN_POINT('',(0.,1.067073170732E-03));
#6750 = VECTOR('',#6751,1.);
#6751 = DIRECTION('',(-1.,0.));
#6752 = ( GEOMETRIC_REPRESENTATION_CONTEXT(2) 
PARAMETRIC_REPRESENTATION_CONTEXT() REPRESENTATION_CONTEXT('2D SPACE',''
  ) );
#6753 = PCURVE('',#2687,#6754);
#6754 = DEFINITIONAL_REPRESENTATION('',(#6755),#6758);
#6755 = B_SPLINE_CURVE_WITH_KNOTS('',1,(#6756,#6757),.UNSPECIFIED.,.F.,
  .F.,(2,2),(0.,1.E-02),.PIECEWISE_BEZIER_KNOTS.);
#6756 = CARTESIAN_POINT('',(-6.17749598762E-17,-2.636888103702E-15));
#6757 = CARTESIAN_POINT('',(-6.17749598762E-17,1.));
#6758 = ( GEOMETRIC_REPRESENTATION_CONTEXT(2) 
PARAMETRIC_REPRESENTATION_CONTEXT() REPRESENTATION_CONTEXT('2D SPACE',''
  ) );
#6759 = ADVANCED_FACE('',(#6760),#2687,.T.);
#6760 = FACE_BOUND('',#6761,.T.);
#6761 = EDGE_LOOP('',(#6762,#6763,#6764,#6803));
#6762 = ORIENTED_EDGE('',*,*,#2655,.F.);
#6763 = ORIENTED_EDGE('',*,*,#6740,.F.);
#6764 = ORIENTED_EDGE('',*,*,#6765,.T.);
#6765 = EDGE_CURVE('',#6718,#6766,#6768,.T.);
#6766 = VERTEX_POINT('',#6767);
#6767 = CARTESIAN_POINT('',(0.361674386918,-2.477570377162E-02,0.99));
#6768 = SURFACE_CURVE('',#6769,(#6781,#6788),.PCURVE_S1.);
#6769 = B_SPLINE_CURVE_WITH_KNOTS('',3,(#6770,#6771,#6772,#6773,#6774,
    #6775,#6776,#6777,#6778,#6779,#6780),.UNSPECIFIED.,.F.,.F.,(4,1,1,1,
    1,1,1,1,4),(0.,7.9299964595E-02,0.172766071169,0.277866207321,
    0.397197901369,0.528309894313,0.672471430171,0.829685563571,1.),
  .UNSPECIFIED.);
#6770 = CARTESIAN_POINT('',(0.364265850333,-8.285497206431E-02,0.99));
#6771 = CARTESIAN_POINT('',(0.364051200403,-8.133192713966E-02,0.99));
#6772 = CARTESIAN_POINT('',(0.363583555489,-7.801376061601E-02,0.99));
#6773 = CARTESIAN_POINT('',(0.363092456758,-7.264621766163E-02,0.99));
#6774 = CARTESIAN_POINT('',(0.362599532905,-6.650006121196E-02,0.99));
#6775 = CARTESIAN_POINT('',(0.362363491246,-5.960760844418E-02,0.99));
#6776 = CARTESIAN_POINT('',(0.362025527092,-5.196279666286E-02,0.99));
#6777 = CARTESIAN_POINT('',(0.361785186264,-4.357797207743E-02,0.99));
#6778 = CARTESIAN_POINT('',(0.361758266506,-3.443005810611E-02,0.99));
#6779 = CARTESIAN_POINT('',(0.36170308252,-2.807850384494E-02,0.99));
#6780 = CARTESIAN_POINT('',(0.361674386918,-2.477570377162E-02,0.99));
#6781 = PCURVE('',#2687,#6782);
#6782 = DEFINITIONAL_REPRESENTATION('',(#6783),#6787);
#6783 = LINE('',#6784,#6785);
#6784 = CARTESIAN_POINT('',(-6.17749598762E-17,-2.636888103702E-15));
#6785 = VECTOR('',#6786,1.);
#6786 = DIRECTION('',(1.,-2.384684835768E-18));
#6787 = ( GEOMETRIC_REPRESENTATION_CONTEXT(2) 
PARAMETRIC_REPRESENTATION_CONTEXT() REPRESENTATION_CONTEXT('2D SPACE',''
  ) );
#6788 = PCURVE('',#6110,#6789);
#6789 = DEFINITIONAL_REPRESENTATION('',(#6790),#6802);
#6790 = B_SPLINE_CURVE_WITH_KNOTS('',3,(#6791,#6792,#6793,#6794,#6795,
    #6796,#6797,#6798,#6799,#6800,#6801),.UNSPECIFIED.,.F.,.F.,(4,1,1,1,
    1,1,1,1,4),(0.,7.9299964595E-02,0.172766071169,0.277866207321,
    0.397197901369,0.528309894313,0.672471430171,0.829685563571,1.),
  .UNSPECIFIED.);
#6791 = CARTESIAN_POINT('',(0.216038474403,-0.254951110135));
#6792 = CARTESIAN_POINT('',(0.215823824473,-0.25342806521));
#6793 = CARTESIAN_POINT('',(0.215356179559,-0.250109898687));
#6794 = CARTESIAN_POINT('',(0.214865080828,-0.244742355732));
#6795 = CARTESIAN_POINT('',(0.214372156975,-0.238596199283));
#6796 = CARTESIAN_POINT('',(0.214136115316,-0.231703746515));
#6797 = CARTESIAN_POINT('',(0.213798151162,-0.224058934734));
#6798 = CARTESIAN_POINT('',(0.213557810334,-0.215674110148));
#6799 = CARTESIAN_POINT('',(0.213530890576,-0.206526196177));
#6800 = CARTESIAN_POINT('',(0.21347570659,-0.200174641916));
#6801 = CARTESIAN_POINT('',(0.213447010988,-0.196871841842));
#6802 = ( GEOMETRIC_REPRESENTATION_CONTEXT(2) 
PARAMETRIC_REPRESENTATION_CONTEXT() REPRESENTATION_CONTEXT('2D SPACE',''
  ) );
#6803 = ORIENTED_EDGE('',*,*,#6804,.T.);
#6804 = EDGE_CURVE('',#6766,#2656,#6805,.T.);
#6805 = SURFACE_CURVE('',#6806,(#6810,#6816),.PCURVE_S1.);
#6806 = LINE('',#6807,#6808);
#6807 = CARTESIAN_POINT('',(0.361674386918,-2.477570377162E-02,0.99));
#6808 = VECTOR('',#6809,1.);
#6809 = DIRECTION('',(-0.,-0.,1.));
#6810 = PCURVE('',#2687,#6811);
#6811 = DEFINITIONAL_REPRESENTATION('',(#6812),#6815);
#6812 = B_SPLINE_CURVE_WITH_KNOTS('',1,(#6813,#6814),.UNSPECIFIED.,.F.,
  .F.,(2,2),(0.,1.E-02),.PIECEWISE_BEZIER_KNOTS.);
#6813 = CARTESIAN_POINT('',(1.,-2.639272788538E-15));
#6814 = CARTESIAN_POINT('',(1.,1.));
#6815 = ( GEOMETRIC_REPRESENTATION_CONTEXT(2) 
PARAMETRIC_REPRESENTATION_CONTEXT() REPRESENTATION_CONTEXT('2D SPACE',''
  ) );
#6816 = PCURVE('',#2733,#6817);
#6817 = DEFINITIONAL_REPRESENTATION('',(#6818),#6822);
#6818 = LINE('',#6819,#6820);
#6819 = CARTESIAN_POINT('',(0.,0.));
#6820 = VECTOR('',#6821,1.);
#6821 = DIRECTION('',(-1.,0.));
#6822 = ( GEOMETRIC_REPRESENTATION_CONTEXT(2) 
PARAMETRIC_REPRESENTATION_CONTEXT() REPRESENTATION_CONTEXT('2D SPACE',''
  ) );
#6823 = ADVANCED_FACE('',(#6824),#2733,.T.);
#6824 = FACE_BOUND('',#6825,.T.);
#6825 = EDGE_LOOP('',(#6826,#6827,#6828,#6851));
#6826 = ORIENTED_EDGE('',*,*,#2717,.F.);
#6827 = ORIENTED_EDGE('',*,*,#6804,.F.);
#6828 = ORIENTED_EDGE('',*,*,#6829,.T.);
#6829 = EDGE_CURVE('',#6766,#6830,#6832,.T.);
#6830 = VERTEX_POINT('',#6831);
#6831 = CARTESIAN_POINT('',(0.361674386918,0.248852345009,0.99));
#6832 = SURFACE_CURVE('',#6833,(#6837,#6844),.PCURVE_S1.);
#6833 = LINE('',#6834,#6835);
#6834 = CARTESIAN_POINT('',(0.361674386918,-2.477570377162E-02,0.99));
#6835 = VECTOR('',#6836,1.);
#6836 = DIRECTION('',(0.,1.,0.));
#6837 = PCURVE('',#2733,#6838);
#6838 = DEFINITIONAL_REPRESENTATION('',(#6839),#6843);
#6839 = LINE('',#6840,#6841);
#6840 = CARTESIAN_POINT('',(0.,0.));
#6841 = VECTOR('',#6842,1.);
#6842 = DIRECTION('',(0.,1.));
#6843 = ( GEOMETRIC_REPRESENTATION_CONTEXT(2) 
PARAMETRIC_REPRESENTATION_CONTEXT() REPRESENTATION_CONTEXT('2D SPACE',''
  ) );
#6844 = PCURVE('',#6110,#6845);
#6845 = DEFINITIONAL_REPRESENTATION('',(#6846),#6850);
#6846 = LINE('',#6847,#6848);
#6847 = CARTESIAN_POINT('',(0.213447010988,-0.196871841842));
#6848 = VECTOR('',#6849,1.);
#6849 = DIRECTION('',(0.,1.));
#6850 = ( GEOMETRIC_REPRESENTATION_CONTEXT(2) 
PARAMETRIC_REPRESENTATION_CONTEXT() REPRESENTATION_CONTEXT('2D SPACE',''
  ) );
#6851 = ORIENTED_EDGE('',*,*,#6852,.T.);
#6852 = EDGE_CURVE('',#6830,#2718,#6853,.T.);
#6853 = SURFACE_CURVE('',#6854,(#6858,#6865),.PCURVE_S1.);
#6854 = LINE('',#6855,#6856);
#6855 = CARTESIAN_POINT('',(0.361674386918,0.248852345009,0.99));
#6856 = VECTOR('',#6857,1.);
#6857 = DIRECTION('',(-0.,-0.,1.));
#6858 = PCURVE('',#2733,#6859);
#6859 = DEFINITIONAL_REPRESENTATION('',(#6860),#6864);
#6860 = LINE('',#6861,#6862);
#6861 = CARTESIAN_POINT('',(0.,0.27362804878));
#6862 = VECTOR('',#6863,1.);
#6863 = DIRECTION('',(-1.,0.));
#6864 = ( GEOMETRIC_REPRESENTATION_CONTEXT(2) 
PARAMETRIC_REPRESENTATION_CONTEXT() REPRESENTATION_CONTEXT('2D SPACE',''
  ) );
#6865 = PCURVE('',#2759,#6866);
#6866 = DEFINITIONAL_REPRESENTATION('',(#6867),#6871);
#6867 = LINE('',#6868,#6869);
#6868 = CARTESIAN_POINT('',(0.,0.));
#6869 = VECTOR('',#6870,1.);
#6870 = DIRECTION('',(-1.,0.));
#6871 = ( GEOMETRIC_REPRESENTATION_CONTEXT(2) 
PARAMETRIC_REPRESENTATION_CONTEXT() REPRESENTATION_CONTEXT('2D SPACE',''
  ) );
#6872 = ADVANCED_FACE('',(#6873),#2759,.T.);
#6873 = FACE_BOUND('',#6874,.T.);
#6874 = EDGE_LOOP('',(#6875,#6876,#6877,#6898));
#6875 = ORIENTED_EDGE('',*,*,#2745,.F.);
#6876 = ORIENTED_EDGE('',*,*,#6852,.F.);
#6877 = ORIENTED_EDGE('',*,*,#6878,.T.);
#6878 = EDGE_CURVE('',#6830,#6072,#6879,.T.);
#6879 = SURFACE_CURVE('',#6880,(#6884,#6891),.PCURVE_S1.);
#6880 = LINE('',#6881,#6882);
#6881 = CARTESIAN_POINT('',(0.361674386918,0.248852345009,0.99));
#6882 = VECTOR('',#6883,1.);
#6883 = DIRECTION('',(1.,0.,0.));
#6884 = PCURVE('',#2759,#6885);
#6885 = DEFINITIONAL_REPRESENTATION('',(#6886),#6890);
#6886 = LINE('',#6887,#6888);
#6887 = CARTESIAN_POINT('',(0.,0.));
#6888 = VECTOR('',#6889,1.);
#6889 = DIRECTION('',(0.,1.));
#6890 = ( GEOMETRIC_REPRESENTATION_CONTEXT(2) 
PARAMETRIC_REPRESENTATION_CONTEXT() REPRESENTATION_CONTEXT('2D SPACE',''
  ) );
#6891 = PCURVE('',#6110,#6892);
#6892 = DEFINITIONAL_REPRESENTATION('',(#6893),#6897);
#6893 = LINE('',#6894,#6895);
#6894 = CARTESIAN_POINT('',(0.213447010988,7.67562069382E-02));
#6895 = VECTOR('',#6896,1.);
#6896 = DIRECTION('',(1.,-1.134147808527E-26));
#6897 = ( GEOMETRIC_REPRESENTATION_CONTEXT(2) 
PARAMETRIC_REPRESENTATION_CONTEXT() REPRESENTATION_CONTEXT('2D SPACE',''
  ) );
#6898 = ORIENTED_EDGE('',*,*,#6071,.T.);
#6899 = ADVANCED_FACE('',(#6900),#6110,.T.);
#6900 = FACE_BOUND('',#6901,.T.);
#6901 = EDGE_LOOP('',(#6902,#6903,#6904,#6905,#6906,#6907,#6908,#6909,
    #6910,#6911,#6912,#6913,#6914,#6915,#6916,#6917));
#6902 = ORIENTED_EDGE('',*,*,#6094,.F.);
#6903 = ORIENTED_EDGE('',*,*,#6878,.F.);
#6904 = ORIENTED_EDGE('',*,*,#6829,.F.);
#6905 = ORIENTED_EDGE('',*,*,#6765,.F.);
#6906 = ORIENTED_EDGE('',*,*,#6717,.F.);
#6907 = ORIENTED_EDGE('',*,*,#6653,.F.);
#6908 = ORIENTED_EDGE('',*,*,#6605,.F.);
#6909 = ORIENTED_EDGE('',*,*,#6556,.F.);
#6910 = ORIENTED_EDGE('',*,*,#6507,.F.);
#6911 = ORIENTED_EDGE('',*,*,#6458,.F.);
#6912 = ORIENTED_EDGE('',*,*,#6409,.F.);
#6913 = ORIENTED_EDGE('',*,*,#6345,.F.);
#6914 = ORIENTED_EDGE('',*,*,#6297,.F.);
#6915 = ORIENTED_EDGE('',*,*,#6245,.F.);
#6916 = ORIENTED_EDGE('',*,*,#6197,.F.);
#6917 = ORIENTED_EDGE('',*,*,#6148,.F.);
#6918 = ADVANCED_FACE('',(#6919),#298,.T.);
#6919 = FACE_BOUND('',#6920,.T.);
#6920 = EDGE_LOOP('',(#6921,#6922,#6945,#6973));
#6921 = ORIENTED_EDGE('',*,*,#280,.F.);
#6922 = ORIENTED_EDGE('',*,*,#6923,.F.);
#6923 = EDGE_CURVE('',#6924,#281,#6926,.T.);
#6924 = VERTEX_POINT('',#6925);
#6925 = CARTESIAN_POINT('',(1.045487472278E-02,0.248852345009,0.99));
#6926 = SURFACE_CURVE('',#6927,(#6931,#6938),.PCURVE_S1.);
#6927 = LINE('',#6928,#6929);
#6928 = CARTESIAN_POINT('',(1.045487472278E-02,0.248852345009,0.99));
#6929 = VECTOR('',#6930,1.);
#6930 = DIRECTION('',(-0.,-0.,1.));
#6931 = PCURVE('',#298,#6932);
#6932 = DEFINITIONAL_REPRESENTATION('',(#6933),#6937);
#6933 = LINE('',#6934,#6935);
#6934 = CARTESIAN_POINT('',(0.,0.));
#6935 = VECTOR('',#6936,1.);
#6936 = DIRECTION('',(1.,0.));
#6937 = ( GEOMETRIC_REPRESENTATION_CONTEXT(2) 
PARAMETRIC_REPRESENTATION_CONTEXT() REPRESENTATION_CONTEXT('2D SPACE',''
  ) );
#6938 = PCURVE('',#548,#6939);
#6939 = DEFINITIONAL_REPRESENTATION('',(#6940),#6944);
#6940 = LINE('',#6941,#6942);
#6941 = CARTESIAN_POINT('',(0.,0.20487804878));
#6942 = VECTOR('',#6943,1.);
#6943 = DIRECTION('',(-1.,0.));
#6944 = ( GEOMETRIC_REPRESENTATION_CONTEXT(2) 
PARAMETRIC_REPRESENTATION_CONTEXT() REPRESENTATION_CONTEXT('2D SPACE',''
  ) );
#6945 = ORIENTED_EDGE('',*,*,#6946,.T.);
#6946 = EDGE_CURVE('',#6924,#6947,#6949,.T.);
#6947 = VERTEX_POINT('',#6948);
#6948 = CARTESIAN_POINT('',(1.045487472278E-02,0.204949905984,0.99));
#6949 = SURFACE_CURVE('',#6950,(#6954,#6961),.PCURVE_S1.);
#6950 = LINE('',#6951,#6952);
#6951 = CARTESIAN_POINT('',(1.045487472278E-02,0.248852345009,0.99));
#6952 = VECTOR('',#6953,1.);
#6953 = DIRECTION('',(0.,-1.,0.));
#6954 = PCURVE('',#298,#6955);
#6955 = DEFINITIONAL_REPRESENTATION('',(#6956),#6960);
#6956 = LINE('',#6957,#6958);
#6957 = CARTESIAN_POINT('',(0.,0.));
#6958 = VECTOR('',#6959,1.);
#6959 = DIRECTION('',(0.,-1.));
#6960 = ( GEOMETRIC_REPRESENTATION_CONTEXT(2) 
PARAMETRIC_REPRESENTATION_CONTEXT() REPRESENTATION_CONTEXT('2D SPACE',''
  ) );
#6961 = PCURVE('',#6962,#6967);
#6962 = PLANE('',#6963);
#6963 = AXIS2_PLACEMENT_3D('',#6964,#6965,#6966);
#6964 = CARTESIAN_POINT('',(0.,0.,0.99));
#6965 = DIRECTION('',(-0.,0.,-1.));
#6966 = DIRECTION('',(-1.,0.,0.));
#6967 = DEFINITIONAL_REPRESENTATION('',(#6968),#6972);
#6968 = LINE('',#6969,#6970);
#6969 = CARTESIAN_POINT('',(-1.045487472278E-02,0.248852345009));
#6970 = VECTOR('',#6971,1.);
#6971 = DIRECTION('',(0.,-1.));
#6972 = ( GEOMETRIC_REPRESENTATION_CONTEXT(2) 
PARAMETRIC_REPRESENTATION_CONTEXT() REPRESENTATION_CONTEXT('2D SPACE',''
  ) );
#6973 = ORIENTED_EDGE('',*,*,#6974,.T.);
#6974 = EDGE_CURVE('',#6947,#283,#6975,.T.);
#6975 = SURFACE_CURVE('',#6976,(#6980,#6987),.PCURVE_S1.);
#6976 = LINE('',#6977,#6978);
#6977 = CARTESIAN_POINT('',(1.045487472278E-02,0.204949905984,0.99));
#6978 = VECTOR('',#6979,1.);
#6979 = DIRECTION('',(-0.,-0.,1.));
#6980 = PCURVE('',#298,#6981);
#6981 = DEFINITIONAL_REPRESENTATION('',(#6982),#6986);
#6982 = LINE('',#6983,#6984);
#6983 = CARTESIAN_POINT('',(0.,-4.390243902439E-02));
#6984 = VECTOR('',#6985,1.);
#6985 = DIRECTION('',(1.,0.));
#6986 = ( GEOMETRIC_REPRESENTATION_CONTEXT(2) 
PARAMETRIC_REPRESENTATION_CONTEXT() REPRESENTATION_CONTEXT('2D SPACE',''
  ) );
#6987 = PCURVE('',#326,#6988);
#6988 = DEFINITIONAL_REPRESENTATION('',(#6989),#6993);
#6989 = LINE('',#6990,#6991);
#6990 = CARTESIAN_POINT('',(0.,0.));
#6991 = VECTOR('',#6992,1.);
#6992 = DIRECTION('',(1.,-0.));
#6993 = ( GEOMETRIC_REPRESENTATION_CONTEXT(2) 
PARAMETRIC_REPRESENTATION_CONTEXT() REPRESENTATION_CONTEXT('2D SPACE',''
  ) );
#6994 = ADVANCED_FACE('',(#6995),#326,.T.);
#6995 = FACE_BOUND('',#6996,.T.);
#6996 = EDGE_LOOP('',(#6997,#6998,#6999,#7022));
#6997 = ORIENTED_EDGE('',*,*,#310,.F.);
#6998 = ORIENTED_EDGE('',*,*,#6974,.F.);
#6999 = ORIENTED_EDGE('',*,*,#7000,.T.);
#7000 = EDGE_CURVE('',#6947,#7001,#7003,.T.);
#7001 = VERTEX_POINT('',#7002);
#7002 = CARTESIAN_POINT('',(-0.140764637472,0.204949905984,0.99));
#7003 = SURFACE_CURVE('',#7004,(#7008,#7015),.PCURVE_S1.);
#7004 = LINE('',#7005,#7006);
#7005 = CARTESIAN_POINT('',(1.045487472278E-02,0.204949905984,0.99));
#7006 = VECTOR('',#7007,1.);
#7007 = DIRECTION('',(-1.,0.,0.));
#7008 = PCURVE('',#326,#7009);
#7009 = DEFINITIONAL_REPRESENTATION('',(#7010),#7014);
#7010 = LINE('',#7011,#7012);
#7011 = CARTESIAN_POINT('',(0.,0.));
#7012 = VECTOR('',#7013,1.);
#7013 = DIRECTION('',(0.,-1.));
#7014 = ( GEOMETRIC_REPRESENTATION_CONTEXT(2) 
PARAMETRIC_REPRESENTATION_CONTEXT() REPRESENTATION_CONTEXT('2D SPACE',''
  ) );
#7015 = PCURVE('',#6962,#7016);
#7016 = DEFINITIONAL_REPRESENTATION('',(#7017),#7021);
#7017 = LINE('',#7018,#7019);
#7018 = CARTESIAN_POINT('',(-1.045487472278E-02,0.204949905984));
#7019 = VECTOR('',#7020,1.);
#7020 = DIRECTION('',(1.,0.));
#7021 = ( GEOMETRIC_REPRESENTATION_CONTEXT(2) 
PARAMETRIC_REPRESENTATION_CONTEXT() REPRESENTATION_CONTEXT('2D SPACE',''
  ) );
#7022 = ORIENTED_EDGE('',*,*,#7023,.T.);
#7023 = EDGE_CURVE('',#7001,#311,#7024,.T.);
#7024 = SURFACE_CURVE('',#7025,(#7029,#7036),.PCURVE_S1.);
#7025 = LINE('',#7026,#7027);
#7026 = CARTESIAN_POINT('',(-0.140764637472,0.204949905984,0.99));
#7027 = VECTOR('',#7028,1.);
#7028 = DIRECTION('',(-0.,-0.,1.));
#7029 = PCURVE('',#326,#7030);
#7030 = DEFINITIONAL_REPRESENTATION('',(#7031),#7035);
#7031 = LINE('',#7032,#7033);
#7032 = CARTESIAN_POINT('',(0.,-0.151219512195));
#7033 = VECTOR('',#7034,1.);
#7034 = DIRECTION('',(1.,-0.));
#7035 = ( GEOMETRIC_REPRESENTATION_CONTEXT(2) 
PARAMETRIC_REPRESENTATION_CONTEXT() REPRESENTATION_CONTEXT('2D SPACE',''
  ) );
#7036 = PCURVE('',#354,#7037);
#7037 = DEFINITIONAL_REPRESENTATION('',(#7038),#7042);
#7038 = LINE('',#7039,#7040);
#7039 = CARTESIAN_POINT('',(0.,0.));
#7040 = VECTOR('',#7041,1.);
#7041 = DIRECTION('',(1.,0.));
#7042 = ( GEOMETRIC_REPRESENTATION_CONTEXT(2) 
PARAMETRIC_REPRESENTATION_CONTEXT() REPRESENTATION_CONTEXT('2D SPACE',''
  ) );
#7043 = ADVANCED_FACE('',(#7044),#354,.T.);
#7044 = FACE_BOUND('',#7045,.T.);
#7045 = EDGE_LOOP('',(#7046,#7047,#7048,#7071));
#7046 = ORIENTED_EDGE('',*,*,#338,.F.);
#7047 = ORIENTED_EDGE('',*,*,#7023,.F.);
#7048 = ORIENTED_EDGE('',*,*,#7049,.T.);
#7049 = EDGE_CURVE('',#7001,#7050,#7052,.T.);
#7050 = VERTEX_POINT('',#7051);
#7051 = CARTESIAN_POINT('',(-0.140764637472,6.836454013082E-02,0.99));
#7052 = SURFACE_CURVE('',#7053,(#7057,#7064),.PCURVE_S1.);
#7053 = LINE('',#7054,#7055);
#7054 = CARTESIAN_POINT('',(-0.140764637472,0.204949905984,0.99));
#7055 = VECTOR('',#7056,1.);
#7056 = DIRECTION('',(0.,-1.,0.));
#7057 = PCURVE('',#354,#7058);
#7058 = DEFINITIONAL_REPRESENTATION('',(#7059),#7063);
#7059 = LINE('',#7060,#7061);
#7060 = CARTESIAN_POINT('',(0.,0.));
#7061 = VECTOR('',#7062,1.);
#7062 = DIRECTION('',(0.,-1.));
#7063 = ( GEOMETRIC_REPRESENTATION_CONTEXT(2) 
PARAMETRIC_REPRESENTATION_CONTEXT() REPRESENTATION_CONTEXT('2D SPACE',''
  ) );
#7064 = PCURVE('',#6962,#7065);
#7065 = DEFINITIONAL_REPRESENTATION('',(#7066),#7070);
#7066 = LINE('',#7067,#7068);
#7067 = CARTESIAN_POINT('',(0.140764637472,0.204949905984));
#7068 = VECTOR('',#7069,1.);
#7069 = DIRECTION('',(0.,-1.));
#7070 = ( GEOMETRIC_REPRESENTATION_CONTEXT(2) 
PARAMETRIC_REPRESENTATION_CONTEXT() REPRESENTATION_CONTEXT('2D SPACE',''
  ) );
#7071 = ORIENTED_EDGE('',*,*,#7072,.T.);
#7072 = EDGE_CURVE('',#7050,#339,#7073,.T.);
#7073 = SURFACE_CURVE('',#7074,(#7078,#7085),.PCURVE_S1.);
#7074 = LINE('',#7075,#7076);
#7075 = CARTESIAN_POINT('',(-0.140764637472,6.836454013082E-02,0.99));
#7076 = VECTOR('',#7077,1.);
#7077 = DIRECTION('',(-0.,-0.,1.));
#7078 = PCURVE('',#354,#7079);
#7079 = DEFINITIONAL_REPRESENTATION('',(#7080),#7084);
#7080 = LINE('',#7081,#7082);
#7081 = CARTESIAN_POINT('',(0.,-0.136585365854));
#7082 = VECTOR('',#7083,1.);
#7083 = DIRECTION('',(1.,0.));
#7084 = ( GEOMETRIC_REPRESENTATION_CONTEXT(2) 
PARAMETRIC_REPRESENTATION_CONTEXT() REPRESENTATION_CONTEXT('2D SPACE',''
  ) );
#7085 = PCURVE('',#382,#7086);
#7086 = DEFINITIONAL_REPRESENTATION('',(#7087),#7091);
#7087 = LINE('',#7088,#7089);
#7088 = CARTESIAN_POINT('',(0.,0.));
#7089 = VECTOR('',#7090,1.);
#7090 = DIRECTION('',(-1.,0.));
#7091 = ( GEOMETRIC_REPRESENTATION_CONTEXT(2) 
PARAMETRIC_REPRESENTATION_CONTEXT() REPRESENTATION_CONTEXT('2D SPACE',''
  ) );
#7092 = ADVANCED_FACE('',(#7093),#382,.T.);
#7093 = FACE_BOUND('',#7094,.T.);
#7094 = EDGE_LOOP('',(#7095,#7096,#7097,#7120));
#7095 = ORIENTED_EDGE('',*,*,#366,.F.);
#7096 = ORIENTED_EDGE('',*,*,#7072,.F.);
#7097 = ORIENTED_EDGE('',*,*,#7098,.T.);
#7098 = EDGE_CURVE('',#7050,#7099,#7101,.T.);
#7099 = VERTEX_POINT('',#7100);
#7100 = CARTESIAN_POINT('',(6.987771618005E-04,6.836454013082E-02,0.99)
  );
#7101 = SURFACE_CURVE('',#7102,(#7106,#7113),.PCURVE_S1.);
#7102 = LINE('',#7103,#7104);
#7103 = CARTESIAN_POINT('',(-0.140764637472,6.836454013082E-02,0.99));
#7104 = VECTOR('',#7105,1.);
#7105 = DIRECTION('',(1.,0.,0.));
#7106 = PCURVE('',#382,#7107);
#7107 = DEFINITIONAL_REPRESENTATION('',(#7108),#7112);
#7108 = LINE('',#7109,#7110);
#7109 = CARTESIAN_POINT('',(0.,0.));
#7110 = VECTOR('',#7111,1.);
#7111 = DIRECTION('',(0.,1.));
#7112 = ( GEOMETRIC_REPRESENTATION_CONTEXT(2) 
PARAMETRIC_REPRESENTATION_CONTEXT() REPRESENTATION_CONTEXT('2D SPACE',''
  ) );
#7113 = PCURVE('',#6962,#7114);
#7114 = DEFINITIONAL_REPRESENTATION('',(#7115),#7119);
#7115 = LINE('',#7116,#7117);
#7116 = CARTESIAN_POINT('',(0.140764637472,6.836454013082E-02));
#7117 = VECTOR('',#7118,1.);
#7118 = DIRECTION('',(-1.,0.));
#7119 = ( GEOMETRIC_REPRESENTATION_CONTEXT(2) 
PARAMETRIC_REPRESENTATION_CONTEXT() REPRESENTATION_CONTEXT('2D SPACE',''
  ) );
#7120 = ORIENTED_EDGE('',*,*,#7121,.T.);
#7121 = EDGE_CURVE('',#7099,#367,#7122,.T.);
#7122 = SURFACE_CURVE('',#7123,(#7127,#7134),.PCURVE_S1.);
#7123 = LINE('',#7124,#7125);
#7124 = CARTESIAN_POINT('',(6.987771618005E-04,6.836454013082E-02,0.99)
  );
#7125 = VECTOR('',#7126,1.);
#7126 = DIRECTION('',(-0.,-0.,1.));
#7127 = PCURVE('',#382,#7128);
#7128 = DEFINITIONAL_REPRESENTATION('',(#7129),#7133);
#7129 = LINE('',#7130,#7131);
#7130 = CARTESIAN_POINT('',(0.,0.141463414634));
#7131 = VECTOR('',#7132,1.);
#7132 = DIRECTION('',(-1.,0.));
#7133 = ( GEOMETRIC_REPRESENTATION_CONTEXT(2) 
PARAMETRIC_REPRESENTATION_CONTEXT() REPRESENTATION_CONTEXT('2D SPACE',''
  ) );
#7134 = PCURVE('',#410,#7135);
#7135 = DEFINITIONAL_REPRESENTATION('',(#7136),#7140);
#7136 = LINE('',#7137,#7138);
#7137 = CARTESIAN_POINT('',(0.,0.));
#7138 = VECTOR('',#7139,1.);
#7139 = DIRECTION('',(1.,0.));
#7140 = ( GEOMETRIC_REPRESENTATION_CONTEXT(2) 
PARAMETRIC_REPRESENTATION_CONTEXT() REPRESENTATION_CONTEXT('2D SPACE',''
  ) );
#7141 = ADVANCED_FACE('',(#7142),#410,.T.);
#7142 = FACE_BOUND('',#7143,.T.);
#7143 = EDGE_LOOP('',(#7144,#7145,#7146,#7169));
#7144 = ORIENTED_EDGE('',*,*,#394,.F.);
#7145 = ORIENTED_EDGE('',*,*,#7121,.F.);
#7146 = ORIENTED_EDGE('',*,*,#7147,.T.);
#7147 = EDGE_CURVE('',#7099,#7148,#7150,.T.);
#7148 = VERTEX_POINT('',#7149);
#7149 = CARTESIAN_POINT('',(6.987771618005E-04,2.446210110643E-02,0.99)
  );
#7150 = SURFACE_CURVE('',#7151,(#7155,#7162),.PCURVE_S1.);
#7151 = LINE('',#7152,#7153);
#7152 = CARTESIAN_POINT('',(6.987771618005E-04,6.836454013082E-02,0.99)
  );
#7153 = VECTOR('',#7154,1.);
#7154 = DIRECTION('',(0.,-1.,0.));
#7155 = PCURVE('',#410,#7156);
#7156 = DEFINITIONAL_REPRESENTATION('',(#7157),#7161);
#7157 = LINE('',#7158,#7159);
#7158 = CARTESIAN_POINT('',(0.,0.));
#7159 = VECTOR('',#7160,1.);
#7160 = DIRECTION('',(0.,-1.));
#7161 = ( GEOMETRIC_REPRESENTATION_CONTEXT(2) 
PARAMETRIC_REPRESENTATION_CONTEXT() REPRESENTATION_CONTEXT('2D SPACE',''
  ) );
#7162 = PCURVE('',#6962,#7163);
#7163 = DEFINITIONAL_REPRESENTATION('',(#7164),#7168);
#7164 = LINE('',#7165,#7166);
#7165 = CARTESIAN_POINT('',(-6.987771618005E-04,6.836454013082E-02));
#7166 = VECTOR('',#7167,1.);
#7167 = DIRECTION('',(0.,-1.));
#7168 = ( GEOMETRIC_REPRESENTATION_CONTEXT(2) 
PARAMETRIC_REPRESENTATION_CONTEXT() REPRESENTATION_CONTEXT('2D SPACE',''
  ) );
#7169 = ORIENTED_EDGE('',*,*,#7170,.T.);
#7170 = EDGE_CURVE('',#7148,#395,#7171,.T.);
#7171 = SURFACE_CURVE('',#7172,(#7176,#7183),.PCURVE_S1.);
#7172 = LINE('',#7173,#7174);
#7173 = CARTESIAN_POINT('',(6.987771618005E-04,2.446210110643E-02,0.99)
  );
#7174 = VECTOR('',#7175,1.);
#7175 = DIRECTION('',(-0.,-0.,1.));
#7176 = PCURVE('',#410,#7177);
#7177 = DEFINITIONAL_REPRESENTATION('',(#7178),#7182);
#7178 = LINE('',#7179,#7180);
#7179 = CARTESIAN_POINT('',(0.,-4.390243902439E-02));
#7180 = VECTOR('',#7181,1.);
#7181 = DIRECTION('',(1.,0.));
#7182 = ( GEOMETRIC_REPRESENTATION_CONTEXT(2) 
PARAMETRIC_REPRESENTATION_CONTEXT() REPRESENTATION_CONTEXT('2D SPACE',''
  ) );
#7183 = PCURVE('',#438,#7184);
#7184 = DEFINITIONAL_REPRESENTATION('',(#7185),#7189);
#7185 = LINE('',#7186,#7187);
#7186 = CARTESIAN_POINT('',(0.,0.));
#7187 = VECTOR('',#7188,1.);
#7188 = DIRECTION('',(1.,-0.));
#7189 = ( GEOMETRIC_REPRESENTATION_CONTEXT(2) 
PARAMETRIC_REPRESENTATION_CONTEXT() REPRESENTATION_CONTEXT('2D SPACE',''
  ) );
#7190 = ADVANCED_FACE('',(#7191),#438,.T.);
#7191 = FACE_BOUND('',#7192,.T.);
#7192 = EDGE_LOOP('',(#7193,#7194,#7195,#7218));
#7193 = ORIENTED_EDGE('',*,*,#422,.F.);
#7194 = ORIENTED_EDGE('',*,*,#7170,.F.);
#7195 = ORIENTED_EDGE('',*,*,#7196,.T.);
#7196 = EDGE_CURVE('',#7148,#7197,#7199,.T.);
#7197 = VERTEX_POINT('',#7198);
#7198 = CARTESIAN_POINT('',(-0.140764637472,2.446210110643E-02,0.99));
#7199 = SURFACE_CURVE('',#7200,(#7204,#7211),.PCURVE_S1.);
#7200 = LINE('',#7201,#7202);
#7201 = CARTESIAN_POINT('',(6.987771618005E-04,2.446210110643E-02,0.99)
  );
#7202 = VECTOR('',#7203,1.);
#7203 = DIRECTION('',(-1.,0.,0.));
#7204 = PCURVE('',#438,#7205);
#7205 = DEFINITIONAL_REPRESENTATION('',(#7206),#7210);
#7206 = LINE('',#7207,#7208);
#7207 = CARTESIAN_POINT('',(0.,0.));
#7208 = VECTOR('',#7209,1.);
#7209 = DIRECTION('',(0.,-1.));
#7210 = ( GEOMETRIC_REPRESENTATION_CONTEXT(2) 
PARAMETRIC_REPRESENTATION_CONTEXT() REPRESENTATION_CONTEXT('2D SPACE',''
  ) );
#7211 = PCURVE('',#6962,#7212);
#7212 = DEFINITIONAL_REPRESENTATION('',(#7213),#7217);
#7213 = LINE('',#7214,#7215);
#7214 = CARTESIAN_POINT('',(-6.987771618005E-04,2.446210110643E-02));
#7215 = VECTOR('',#7216,1.);
#7216 = DIRECTION('',(1.,0.));
#7217 = ( GEOMETRIC_REPRESENTATION_CONTEXT(2) 
PARAMETRIC_REPRESENTATION_CONTEXT() REPRESENTATION_CONTEXT('2D SPACE',''
  ) );
#7218 = ORIENTED_EDGE('',*,*,#7219,.T.);
#7219 = EDGE_CURVE('',#7197,#423,#7220,.T.);
#7220 = SURFACE_CURVE('',#7221,(#7225,#7232),.PCURVE_S1.);
#7221 = LINE('',#7222,#7223);
#7222 = CARTESIAN_POINT('',(-0.140764637472,2.446210110643E-02,0.99));
#7223 = VECTOR('',#7224,1.);
#7224 = DIRECTION('',(-0.,-0.,1.));
#7225 = PCURVE('',#438,#7226);
#7226 = DEFINITIONAL_REPRESENTATION('',(#7227),#7231);
#7227 = LINE('',#7228,#7229);
#7228 = CARTESIAN_POINT('',(0.,-0.141463414634));
#7229 = VECTOR('',#7230,1.);
#7230 = DIRECTION('',(1.,-0.));
#7231 = ( GEOMETRIC_REPRESENTATION_CONTEXT(2) 
PARAMETRIC_REPRESENTATION_CONTEXT() REPRESENTATION_CONTEXT('2D SPACE',''
  ) );
#7232 = PCURVE('',#466,#7233);
#7233 = DEFINITIONAL_REPRESENTATION('',(#7234),#7238);
#7234 = LINE('',#7235,#7236);
#7235 = CARTESIAN_POINT('',(0.,0.));
#7236 = VECTOR('',#7237,1.);
#7237 = DIRECTION('',(1.,0.));
#7238 = ( GEOMETRIC_REPRESENTATION_CONTEXT(2) 
PARAMETRIC_REPRESENTATION_CONTEXT() REPRESENTATION_CONTEXT('2D SPACE',''
  ) );
#7239 = ADVANCED_FACE('',(#7240),#466,.T.);
#7240 = FACE_BOUND('',#7241,.T.);
#7241 = EDGE_LOOP('',(#7242,#7243,#7244,#7267));
#7242 = ORIENTED_EDGE('',*,*,#450,.F.);
#7243 = ORIENTED_EDGE('',*,*,#7219,.F.);
#7244 = ORIENTED_EDGE('',*,*,#7245,.T.);
#7245 = EDGE_CURVE('',#7197,#7246,#7248,.T.);
#7246 = VERTEX_POINT('',#7247);
#7247 = CARTESIAN_POINT('',(-0.140764637472,-0.151147654991,0.99));
#7248 = SURFACE_CURVE('',#7249,(#7253,#7260),.PCURVE_S1.);
#7249 = LINE('',#7250,#7251);
#7250 = CARTESIAN_POINT('',(-0.140764637472,2.446210110643E-02,0.99));
#7251 = VECTOR('',#7252,1.);
#7252 = DIRECTION('',(0.,-1.,0.));
#7253 = PCURVE('',#466,#7254);
#7254 = DEFINITIONAL_REPRESENTATION('',(#7255),#7259);
#7255 = LINE('',#7256,#7257);
#7256 = CARTESIAN_POINT('',(0.,0.));
#7257 = VECTOR('',#7258,1.);
#7258 = DIRECTION('',(0.,-1.));
#7259 = ( GEOMETRIC_REPRESENTATION_CONTEXT(2) 
PARAMETRIC_REPRESENTATION_CONTEXT() REPRESENTATION_CONTEXT('2D SPACE',''
  ) );
#7260 = PCURVE('',#6962,#7261);
#7261 = DEFINITIONAL_REPRESENTATION('',(#7262),#7266);
#7262 = LINE('',#7263,#7264);
#7263 = CARTESIAN_POINT('',(0.140764637472,2.446210110643E-02));
#7264 = VECTOR('',#7265,1.);
#7265 = DIRECTION('',(0.,-1.));
#7266 = ( GEOMETRIC_REPRESENTATION_CONTEXT(2) 
PARAMETRIC_REPRESENTATION_CONTEXT() REPRESENTATION_CONTEXT('2D SPACE',''
  ) );
#7267 = ORIENTED_EDGE('',*,*,#7268,.T.);
#7268 = EDGE_CURVE('',#7246,#451,#7269,.T.);
#7269 = SURFACE_CURVE('',#7270,(#7274,#7281),.PCURVE_S1.);
#7270 = LINE('',#7271,#7272);
#7271 = CARTESIAN_POINT('',(-0.140764637472,-0.151147654991,0.99));
#7272 = VECTOR('',#7273,1.);
#7273 = DIRECTION('',(-0.,-0.,1.));
#7274 = PCURVE('',#466,#7275);
#7275 = DEFINITIONAL_REPRESENTATION('',(#7276),#7280);
#7276 = LINE('',#7277,#7278);
#7277 = CARTESIAN_POINT('',(0.,-0.175609756098));
#7278 = VECTOR('',#7279,1.);
#7279 = DIRECTION('',(1.,0.));
#7280 = ( GEOMETRIC_REPRESENTATION_CONTEXT(2) 
PARAMETRIC_REPRESENTATION_CONTEXT() REPRESENTATION_CONTEXT('2D SPACE',''
  ) );
#7281 = PCURVE('',#494,#7282);
#7282 = DEFINITIONAL_REPRESENTATION('',(#7283),#7287);
#7283 = LINE('',#7284,#7285);
#7284 = CARTESIAN_POINT('',(0.,0.));
#7285 = VECTOR('',#7286,1.);
#7286 = DIRECTION('',(1.,-0.));
#7287 = ( GEOMETRIC_REPRESENTATION_CONTEXT(2) 
PARAMETRIC_REPRESENTATION_CONTEXT() REPRESENTATION_CONTEXT('2D SPACE',''
  ) );
#7288 = ADVANCED_FACE('',(#7289),#494,.T.);
#7289 = FACE_BOUND('',#7290,.T.);
#7290 = EDGE_LOOP('',(#7291,#7292,#7293,#7316));
#7291 = ORIENTED_EDGE('',*,*,#478,.F.);
#7292 = ORIENTED_EDGE('',*,*,#7268,.F.);
#7293 = ORIENTED_EDGE('',*,*,#7294,.T.);
#7294 = EDGE_CURVE('',#7246,#7295,#7297,.T.);
#7295 = VERTEX_POINT('',#7296);
#7296 = CARTESIAN_POINT('',(-0.194423174058,-0.151147654991,0.99));
#7297 = SURFACE_CURVE('',#7298,(#7302,#7309),.PCURVE_S1.);
#7298 = LINE('',#7299,#7300);
#7299 = CARTESIAN_POINT('',(-0.140764637472,-0.151147654991,0.99));
#7300 = VECTOR('',#7301,1.);
#7301 = DIRECTION('',(-1.,0.,0.));
#7302 = PCURVE('',#494,#7303);
#7303 = DEFINITIONAL_REPRESENTATION('',(#7304),#7308);
#7304 = LINE('',#7305,#7306);
#7305 = CARTESIAN_POINT('',(0.,0.));
#7306 = VECTOR('',#7307,1.);
#7307 = DIRECTION('',(0.,-1.));
#7308 = ( GEOMETRIC_REPRESENTATION_CONTEXT(2) 
PARAMETRIC_REPRESENTATION_CONTEXT() REPRESENTATION_CONTEXT('2D SPACE',''
  ) );
#7309 = PCURVE('',#6962,#7310);
#7310 = DEFINITIONAL_REPRESENTATION('',(#7311),#7315);
#7311 = LINE('',#7312,#7313);
#7312 = CARTESIAN_POINT('',(0.140764637472,-0.151147654991));
#7313 = VECTOR('',#7314,1.);
#7314 = DIRECTION('',(1.,0.));
#7315 = ( GEOMETRIC_REPRESENTATION_CONTEXT(2) 
PARAMETRIC_REPRESENTATION_CONTEXT() REPRESENTATION_CONTEXT('2D SPACE',''
  ) );
#7316 = ORIENTED_EDGE('',*,*,#7317,.T.);
#7317 = EDGE_CURVE('',#7295,#479,#7318,.T.);
#7318 = SURFACE_CURVE('',#7319,(#7323,#7330),.PCURVE_S1.);
#7319 = LINE('',#7320,#7321);
#7320 = CARTESIAN_POINT('',(-0.194423174058,-0.151147654991,0.99));
#7321 = VECTOR('',#7322,1.);
#7322 = DIRECTION('',(-0.,-0.,1.));
#7323 = PCURVE('',#494,#7324);
#7324 = DEFINITIONAL_REPRESENTATION('',(#7325),#7329);
#7325 = LINE('',#7326,#7327);
#7326 = CARTESIAN_POINT('',(0.,-5.365853658537E-02));
#7327 = VECTOR('',#7328,1.);
#7328 = DIRECTION('',(1.,-0.));
#7329 = ( GEOMETRIC_REPRESENTATION_CONTEXT(2) 
PARAMETRIC_REPRESENTATION_CONTEXT() REPRESENTATION_CONTEXT('2D SPACE',''
  ) );
#7330 = PCURVE('',#522,#7331);
#7331 = DEFINITIONAL_REPRESENTATION('',(#7332),#7336);
#7332 = LINE('',#7333,#7334);
#7333 = CARTESIAN_POINT('',(0.,0.));
#7334 = VECTOR('',#7335,1.);
#7335 = DIRECTION('',(-1.,0.));
#7336 = ( GEOMETRIC_REPRESENTATION_CONTEXT(2) 
PARAMETRIC_REPRESENTATION_CONTEXT() REPRESENTATION_CONTEXT('2D SPACE',''
  ) );
#7337 = ADVANCED_FACE('',(#7338),#522,.T.);
#7338 = FACE_BOUND('',#7339,.T.);
#7339 = EDGE_LOOP('',(#7340,#7341,#7342,#7365));
#7340 = ORIENTED_EDGE('',*,*,#506,.F.);
#7341 = ORIENTED_EDGE('',*,*,#7317,.F.);
#7342 = ORIENTED_EDGE('',*,*,#7343,.T.);
#7343 = EDGE_CURVE('',#7295,#7344,#7346,.T.);
#7344 = VERTEX_POINT('',#7345);
#7345 = CARTESIAN_POINT('',(-0.194423174058,0.248852345009,0.99));
#7346 = SURFACE_CURVE('',#7347,(#7351,#7358),.PCURVE_S1.);
#7347 = LINE('',#7348,#7349);
#7348 = CARTESIAN_POINT('',(-0.194423174058,-0.151147654991,0.99));
#7349 = VECTOR('',#7350,1.);
#7350 = DIRECTION('',(0.,1.,0.));
#7351 = PCURVE('',#522,#7352);
#7352 = DEFINITIONAL_REPRESENTATION('',(#7353),#7357);
#7353 = LINE('',#7354,#7355);
#7354 = CARTESIAN_POINT('',(0.,0.));
#7355 = VECTOR('',#7356,1.);
#7356 = DIRECTION('',(0.,1.));
#7357 = ( GEOMETRIC_REPRESENTATION_CONTEXT(2) 
PARAMETRIC_REPRESENTATION_CONTEXT() REPRESENTATION_CONTEXT('2D SPACE',''
  ) );
#7358 = PCURVE('',#6962,#7359);
#7359 = DEFINITIONAL_REPRESENTATION('',(#7360),#7364);
#7360 = LINE('',#7361,#7362);
#7361 = CARTESIAN_POINT('',(0.194423174058,-0.151147654991));
#7362 = VECTOR('',#7363,1.);
#7363 = DIRECTION('',(0.,1.));
#7364 = ( GEOMETRIC_REPRESENTATION_CONTEXT(2) 
PARAMETRIC_REPRESENTATION_CONTEXT() REPRESENTATION_CONTEXT('2D SPACE',''
  ) );
#7365 = ORIENTED_EDGE('',*,*,#7366,.T.);
#7366 = EDGE_CURVE('',#7344,#507,#7367,.T.);
#7367 = SURFACE_CURVE('',#7368,(#7372,#7379),.PCURVE_S1.);
#7368 = LINE('',#7369,#7370);
#7369 = CARTESIAN_POINT('',(-0.194423174058,0.248852345009,0.99));
#7370 = VECTOR('',#7371,1.);
#7371 = DIRECTION('',(-0.,-0.,1.));
#7372 = PCURVE('',#522,#7373);
#7373 = DEFINITIONAL_REPRESENTATION('',(#7374),#7378);
#7374 = LINE('',#7375,#7376);
#7375 = CARTESIAN_POINT('',(0.,0.4));
#7376 = VECTOR('',#7377,1.);
#7377 = DIRECTION('',(-1.,0.));
#7378 = ( GEOMETRIC_REPRESENTATION_CONTEXT(2) 
PARAMETRIC_REPRESENTATION_CONTEXT() REPRESENTATION_CONTEXT('2D SPACE',''
  ) );
#7379 = PCURVE('',#548,#7380);
#7380 = DEFINITIONAL_REPRESENTATION('',(#7381),#7385);
#7381 = LINE('',#7382,#7383);
#7382 = CARTESIAN_POINT('',(0.,0.));
#7383 = VECTOR('',#7384,1.);
#7384 = DIRECTION('',(-1.,0.));
#7385 = ( GEOMETRIC_REPRESENTATION_CONTEXT(2) 
PARAMETRIC_REPRESENTATION_CONTEXT() REPRESENTATION_CONTEXT('2D SPACE',''
  ) );
#7386 = ADVANCED_FACE('',(#7387),#548,.T.);
#7387 = FACE_BOUND('',#7388,.T.);
#7388 = EDGE_LOOP('',(#7389,#7390,#7391,#7412));
#7389 = ORIENTED_EDGE('',*,*,#534,.F.);
#7390 = ORIENTED_EDGE('',*,*,#7366,.F.);
#7391 = ORIENTED_EDGE('',*,*,#7392,.T.);
#7392 = EDGE_CURVE('',#7344,#6924,#7393,.T.);
#7393 = SURFACE_CURVE('',#7394,(#7398,#7405),.PCURVE_S1.);
#7394 = LINE('',#7395,#7396);
#7395 = CARTESIAN_POINT('',(-0.194423174058,0.248852345009,0.99));
#7396 = VECTOR('',#7397,1.);
#7397 = DIRECTION('',(1.,0.,0.));
#7398 = PCURVE('',#548,#7399);
#7399 = DEFINITIONAL_REPRESENTATION('',(#7400),#7404);
#7400 = LINE('',#7401,#7402);
#7401 = CARTESIAN_POINT('',(0.,0.));
#7402 = VECTOR('',#7403,1.);
#7403 = DIRECTION('',(0.,1.));
#7404 = ( GEOMETRIC_REPRESENTATION_CONTEXT(2) 
PARAMETRIC_REPRESENTATION_CONTEXT() REPRESENTATION_CONTEXT('2D SPACE',''
  ) );
#7405 = PCURVE('',#6962,#7406);
#7406 = DEFINITIONAL_REPRESENTATION('',(#7407),#7411);
#7407 = LINE('',#7408,#7409);
#7408 = CARTESIAN_POINT('',(0.194423174058,0.248852345009));
#7409 = VECTOR('',#7410,1.);
#7410 = DIRECTION('',(-1.,0.));
#7411 = ( GEOMETRIC_REPRESENTATION_CONTEXT(2) 
PARAMETRIC_REPRESENTATION_CONTEXT() REPRESENTATION_CONTEXT('2D SPACE',''
  ) );
#7412 = ORIENTED_EDGE('',*,*,#6923,.T.);
#7413 = ADVANCED_FACE('',(#7414),#6962,.F.);
#7414 = FACE_BOUND('',#7415,.T.);
#7415 = EDGE_LOOP('',(#7416,#7417,#7418,#7419,#7420,#7421,#7422,#7423,
    #7424,#7425));
#7416 = ORIENTED_EDGE('',*,*,#6946,.F.);
#7417 = ORIENTED_EDGE('',*,*,#7392,.F.);
#7418 = ORIENTED_EDGE('',*,*,#7343,.F.);
#7419 = ORIENTED_EDGE('',*,*,#7294,.F.);
#7420 = ORIENTED_EDGE('',*,*,#7245,.F.);
#7421 = ORIENTED_EDGE('',*,*,#7196,.F.);
#7422 = ORIENTED_EDGE('',*,*,#7147,.F.);
#7423 = ORIENTED_EDGE('',*,*,#7098,.F.);
#7424 = ORIENTED_EDGE('',*,*,#7049,.F.);
#7425 = ORIENTED_EDGE('',*,*,#7000,.F.);
#7426 = ADVANCED_FACE('',(#7427),#2823,.T.);
#7427 = FACE_BOUND('',#7428,.T.);
#7428 = EDGE_LOOP('',(#7429,#7430,#7451,#7511));
#7429 = ORIENTED_EDGE('',*,*,#2773,.F.);
#7430 = ORIENTED_EDGE('',*,*,#7431,.F.);
#7431 = EDGE_CURVE('',#7432,#2774,#7434,.T.);
#7432 = VERTEX_POINT('',#7433);
#7433 = CARTESIAN_POINT('',(-0.459667076497,-0.156025703772,0.99));
#7434 = SURFACE_CURVE('',#7435,(#7439,#7445),.PCURVE_S1.);
#7435 = LINE('',#7436,#7437);
#7436 = CARTESIAN_POINT('',(-0.459667076497,-0.156025703772,0.99));
#7437 = VECTOR('',#7438,1.);
#7438 = DIRECTION('',(-0.,-0.,1.));
#7439 = PCURVE('',#2823,#7440);
#7440 = DEFINITIONAL_REPRESENTATION('',(#7441),#7444);
#7441 = B_SPLINE_CURVE_WITH_KNOTS('',1,(#7442,#7443),.UNSPECIFIED.,.F.,
  .F.,(2,2),(0.,1.E-02),.PIECEWISE_BEZIER_KNOTS.);
#7442 = CARTESIAN_POINT('',(1.066138442151E-16,-8.188057436936E-15));
#7443 = CARTESIAN_POINT('',(9.332726595253E-17,1.));
#7444 = ( GEOMETRIC_REPRESENTATION_CONTEXT(2) 
PARAMETRIC_REPRESENTATION_CONTEXT() REPRESENTATION_CONTEXT('2D SPACE',''
  ) );
#7445 = PCURVE('',#3263,#7446);
#7446 = DEFINITIONAL_REPRESENTATION('',(#7447),#7450);
#7447 = B_SPLINE_CURVE_WITH_KNOTS('',1,(#7448,#7449),.UNSPECIFIED.,.F.,
  .F.,(2,2),(0.,1.E-02),.PIECEWISE_BEZIER_KNOTS.);
#7448 = CARTESIAN_POINT('',(1.,8.458732908092E-15));
#7449 = CARTESIAN_POINT('',(1.,1.));
#7450 = ( GEOMETRIC_REPRESENTATION_CONTEXT(2) 
PARAMETRIC_REPRESENTATION_CONTEXT() REPRESENTATION_CONTEXT('2D SPACE',''
  ) );
#7451 = ORIENTED_EDGE('',*,*,#7452,.T.);
#7452 = EDGE_CURVE('',#7432,#7453,#7455,.T.);
#7453 = VERTEX_POINT('',#7454);
#7454 = CARTESIAN_POINT('',(-0.648081710643,4.412673525277E-02,0.99));
#7455 = SURFACE_CURVE('',#7456,(#7476,#7483),.PCURVE_S1.);
#7456 = B_SPLINE_CURVE_WITH_KNOTS('',3,(#7457,#7458,#7459,#7460,#7461,
    #7462,#7463,#7464,#7465,#7466,#7467,#7468,#7469,#7470,#7471,#7472,
    #7473,#7474,#7475),.UNSPECIFIED.,.F.,.F.,(4,1,1,1,1,1,1,1,1,1,1,1,1,
    1,1,1,4),(0.,6.728591742769E-02,0.131649276152,0.19378127125,
    0.253984280536,0.313256820684,0.372096496999,0.431256889497,
    0.49168914865,0.552355789772,0.61280611057,0.673402732462,
    0.734686051741,0.797478300358,0.86234241732,0.929761153062,1.),
  .UNSPECIFIED.);
#7457 = CARTESIAN_POINT('',(-0.459667076497,-0.156025703772,0.99));
#7458 = CARTESIAN_POINT('',(-0.466613582384,-0.155890660789,0.99));
#7459 = CARTESIAN_POINT('',(-0.480204873202,-0.155626440406,0.99));
#7460 = CARTESIAN_POINT('',(-0.500032576617,-0.152796023594,0.99));
#7461 = CARTESIAN_POINT('',(-0.518878832624,-0.148679054826,0.99));
#7462 = CARTESIAN_POINT('',(-0.536591387539,-0.142457450383,0.99));
#7463 = CARTESIAN_POINT('',(-0.55333875892,-0.134750864588,0.99));
#7464 = CARTESIAN_POINT('',(-0.56884991851,-0.124986766729,0.99));
#7465 = CARTESIAN_POINT('',(-0.583484166965,-0.113767769002,0.99));
#7466 = CARTESIAN_POINT('',(-0.596807438844,-0.100732035455,0.99));
#7467 = CARTESIAN_POINT('',(-0.608824624971,-8.633227814498E-02,0.99));
#7468 = CARTESIAN_POINT('',(-0.619423855682,-7.082690400604E-02,0.99));
#7469 = CARTESIAN_POINT('',(-0.628265108733,-5.418455652558E-02,0.99));
#7470 = CARTESIAN_POINT('',(-0.635552339675,-3.654986071566E-02,0.99));
#7471 = CARTESIAN_POINT('',(-0.641184152093,-1.785709169209E-02,0.99));
#7472 = CARTESIAN_POINT('',(-0.645220692306,1.884195607751E-03,0.99));
#7473 = CARTESIAN_POINT('',(-0.647581691352,2.267702983963E-02,0.99));
#7474 = CARTESIAN_POINT('',(-0.647912776629,3.687984516355E-02,0.99));
#7475 = CARTESIAN_POINT('',(-0.648081710643,4.412673525277E-02,0.99));
#7476 = PCURVE('',#2823,#7477);
#7477 = DEFINITIONAL_REPRESENTATION('',(#7478),#7482);
#7478 = LINE('',#7479,#7480);
#7479 = CARTESIAN_POINT('',(1.048723250236E-16,-8.188057436936E-15));
#7480 = VECTOR('',#7481,1.);
#7481 = DIRECTION('',(1.,5.551169333234E-15));
#7482 = ( GEOMETRIC_REPRESENTATION_CONTEXT(2) 
PARAMETRIC_REPRESENTATION_CONTEXT() REPRESENTATION_CONTEXT('2D SPACE',''
  ) );
#7483 = PCURVE('',#7484,#7489);
#7484 = PLANE('',#7485);
#7485 = AXIS2_PLACEMENT_3D('',#7486,#7487,#7488);
#7486 = CARTESIAN_POINT('',(-0.59829086428,-9.863587475874E-02,0.99));
#7487 = DIRECTION('',(0.,0.,1.));
#7488 = DIRECTION('',(1.,0.,-0.));
#7489 = DEFINITIONAL_REPRESENTATION('',(#7490),#7510);
#7490 = B_SPLINE_CURVE_WITH_KNOTS('',3,(#7491,#7492,#7493,#7494,#7495,
    #7496,#7497,#7498,#7499,#7500,#7501,#7502,#7503,#7504,#7505,#7506,
    #7507,#7508,#7509),.UNSPECIFIED.,.F.,.F.,(4,1,1,1,1,1,1,1,1,1,1,1,1,
    1,1,1,4),(0.,6.728591742769E-02,0.131649276152,0.19378127125,
    0.253984280536,0.313256820684,0.372096496999,0.431256889497,
    0.49168914865,0.552355789772,0.61280611057,0.673402732462,
    0.734686051741,0.797478300358,0.86234241732,0.929761153062,1.),
  .UNSPECIFIED.);
#7491 = CARTESIAN_POINT('',(0.138623787783,-5.738982901288E-02));
#7492 = CARTESIAN_POINT('',(0.131677281896,-5.725478603048E-02));
#7493 = CARTESIAN_POINT('',(0.118085991077,-5.699056564734E-02));
#7494 = CARTESIAN_POINT('',(9.825828766239E-02,-5.416014883538E-02));
#7495 = CARTESIAN_POINT('',(7.941203165561E-02,-5.004318006684E-02));
#7496 = CARTESIAN_POINT('',(6.16994767412E-02,-4.382157562445E-02));
#7497 = CARTESIAN_POINT('',(4.495210535981E-02,-3.611498982878E-02));
#7498 = CARTESIAN_POINT('',(2.944094576925E-02,-2.635089196999E-02));
#7499 = CARTESIAN_POINT('',(1.480669731523E-02,-1.513189424281E-02));
#7500 = CARTESIAN_POINT('',(1.483425435566E-03,-2.096160696317E-03));
#7501 = CARTESIAN_POINT('',(-1.05337606916E-02,1.230359661376E-02));
#7502 = CARTESIAN_POINT('',(-2.113299140197E-02,2.780897075271E-02));
#7503 = CARTESIAN_POINT('',(-2.99742444529E-02,4.445131823316E-02));
#7504 = CARTESIAN_POINT('',(-3.726147539508E-02,6.208601404308E-02));
#7505 = CARTESIAN_POINT('',(-4.289328781306E-02,8.077878306665E-02));
#7506 = CARTESIAN_POINT('',(-4.692982802646E-02,0.100520070366));
#7507 = CARTESIAN_POINT('',(-4.929082707248E-02,0.121312904598));
#7508 = CARTESIAN_POINT('',(-4.962191234893E-02,0.135515719922));
#7509 = CARTESIAN_POINT('',(-4.979084636334E-02,0.142762610012));
#7510 = ( GEOMETRIC_REPRESENTATION_CONTEXT(2) 
PARAMETRIC_REPRESENTATION_CONTEXT() REPRESENTATION_CONTEXT('2D SPACE',''
  ) );
#7511 = ORIENTED_EDGE('',*,*,#7512,.T.);
#7512 = EDGE_CURVE('',#7453,#2776,#7513,.T.);
#7513 = SURFACE_CURVE('',#7514,(#7518,#7524),.PCURVE_S1.);
#7514 = LINE('',#7515,#7516);
#7515 = CARTESIAN_POINT('',(-0.648081710643,4.412673525277E-02,0.99));
#7516 = VECTOR('',#7517,1.);
#7517 = DIRECTION('',(-0.,-0.,1.));
#7518 = PCURVE('',#2823,#7519);
#7519 = DEFINITIONAL_REPRESENTATION('',(#7520),#7523);
#7520 = B_SPLINE_CURVE_WITH_KNOTS('',1,(#7521,#7522),.UNSPECIFIED.,.F.,
  .F.,(2,2),(0.,1.E-02),.PIECEWISE_BEZIER_KNOTS.);
#7521 = CARTESIAN_POINT('',(1.,-2.636888103702E-15));
#7522 = CARTESIAN_POINT('',(1.,1.));
#7523 = ( GEOMETRIC_REPRESENTATION_CONTEXT(2) 
PARAMETRIC_REPRESENTATION_CONTEXT() REPRESENTATION_CONTEXT('2D SPACE',''
  ) );
#7524 = PCURVE('',#2917,#7525);
#7525 = DEFINITIONAL_REPRESENTATION('',(#7526),#7529);
#7526 = B_SPLINE_CURVE_WITH_KNOTS('',1,(#7527,#7528),.UNSPECIFIED.,.F.,
  .F.,(2,2),(0.,1.E-02),.PIECEWISE_BEZIER_KNOTS.);
#7527 = CARTESIAN_POINT('',(3.167968466602E-17,-2.636888103702E-15));
#7528 = CARTESIAN_POINT('',(3.167968466602E-17,1.));
#7529 = ( GEOMETRIC_REPRESENTATION_CONTEXT(2) 
PARAMETRIC_REPRESENTATION_CONTEXT() REPRESENTATION_CONTEXT('2D SPACE',''
  ) );
#7530 = ADVANCED_FACE('',(#7531),#2917,.T.);
#7531 = FACE_BOUND('',#7532,.T.);
#7532 = EDGE_LOOP('',(#7533,#7534,#7535,#7590));
#7533 = ORIENTED_EDGE('',*,*,#2869,.F.);
#7534 = ORIENTED_EDGE('',*,*,#7512,.F.);
#7535 = ORIENTED_EDGE('',*,*,#7536,.T.);
#7536 = EDGE_CURVE('',#7453,#7537,#7539,.T.);
#7537 = VERTEX_POINT('',#7538);
#7538 = CARTESIAN_POINT('',(-0.45318841796,0.253730393789,0.99));
#7539 = SURFACE_CURVE('',#7540,(#7560,#7567),.PCURVE_S1.);
#7540 = B_SPLINE_CURVE_WITH_KNOTS('',3,(#7541,#7542,#7543,#7544,#7545,
    #7546,#7547,#7548,#7549,#7550,#7551,#7552,#7553,#7554,#7555,#7556,
    #7557,#7558,#7559),.UNSPECIFIED.,.F.,.F.,(4,1,1,1,1,1,1,1,1,1,1,1,1,
    1,1,1,4),(0.,7.240692992351E-02,0.141175369146,0.207231231919,
    0.270786021061,0.332237363556,0.392439256453,0.452123995517,
    0.511545665211,0.570718119563,0.62903565709,0.687126024715,
    0.745863118281,0.805789843895,0.867888694742,0.932294438393,1.),
  .UNSPECIFIED.);
#7541 = CARTESIAN_POINT('',(-0.648081710643,4.412673525277E-02,0.99));
#7542 = CARTESIAN_POINT('',(-0.647922465561,5.193294384042E-02,0.99));
#7543 = CARTESIAN_POINT('',(-0.647611977555,6.715309445523E-02,0.99));
#7544 = CARTESIAN_POINT('',(-0.645143530257,8.938740451669E-02,0.99));
#7545 = CARTESIAN_POINT('',(-0.641044524601,0.110396748078,0.99));
#7546 = CARTESIAN_POINT('',(-0.635368973119,0.130225532029,0.99));
#7547 = CARTESIAN_POINT('',(-0.627949811733,0.148800065424,0.99));
#7548 = CARTESIAN_POINT('',(-0.618809871249,0.166114591797,0.99));
#7549 = CARTESIAN_POINT('',(-0.60813954698,0.182273051422,0.99));
#7550 = CARTESIAN_POINT('',(-0.595825178373,0.197070835162,0.99));
#7551 = CARTESIAN_POINT('',(-0.582170278628,0.210442656302,0.99));
#7552 = CARTESIAN_POINT('',(-0.567101990552,0.221956825081,0.99));
#7553 = CARTESIAN_POINT('',(-0.551024567378,0.231922594876,0.99));
#7554 = CARTESIAN_POINT('',(-0.533685086627,0.239928224573,0.99));
#7555 = CARTESIAN_POINT('',(-0.515171694036,0.246121029281,0.99));
#7556 = CARTESIAN_POINT('',(-0.495527626948,0.250485554174,0.99));
#7557 = CARTESIAN_POINT('',(-0.474733917392,0.25322618016,0.99));
#7558 = CARTESIAN_POINT('',(-0.460488853414,0.253559547016,0.99));
#7559 = CARTESIAN_POINT('',(-0.45318841796,0.253730393789,0.99));
#7560 = PCURVE('',#2917,#7561);
#7561 = DEFINITIONAL_REPRESENTATION('',(#7562),#7566);
#7562 = LINE('',#7563,#7564);
#7563 = CARTESIAN_POINT('',(3.167968466602E-17,-2.636888103702E-15));
#7564 = VECTOR('',#7565,1.);
#7565 = DIRECTION('',(1.,-8.677469957431E-30));
#7566 = ( GEOMETRIC_REPRESENTATION_CONTEXT(2) 
PARAMETRIC_REPRESENTATION_CONTEXT() REPRESENTATION_CONTEXT('2D SPACE',''
  ) );
#7567 = PCURVE('',#7484,#7568);
#7568 = DEFINITIONAL_REPRESENTATION('',(#7569),#7589);
#7569 = B_SPLINE_CURVE_WITH_KNOTS('',3,(#7570,#7571,#7572,#7573,#7574,
    #7575,#7576,#7577,#7578,#7579,#7580,#7581,#7582,#7583,#7584,#7585,
    #7586,#7587,#7588),.UNSPECIFIED.,.F.,.F.,(4,1,1,1,1,1,1,1,1,1,1,1,1,
    1,1,1,4),(0.,7.240692992351E-02,0.141175369146,0.207231231919,
    0.270786021061,0.332237363556,0.392439256453,0.452123995517,
    0.511545665211,0.570718119563,0.62903565709,0.687126024715,
    0.745863118281,0.805789843895,0.867888694742,0.932294438393,1.),
  .UNSPECIFIED.);
#7570 = CARTESIAN_POINT('',(-4.979084636334E-02,0.142762610012));
#7571 = CARTESIAN_POINT('',(-4.963160128103E-02,0.150568818599));
#7572 = CARTESIAN_POINT('',(-4.932111327521E-02,0.165788969214));
#7573 = CARTESIAN_POINT('',(-4.685266597717E-02,0.188023279275));
#7574 = CARTESIAN_POINT('',(-4.275366032112E-02,0.209032622836));
#7575 = CARTESIAN_POINT('',(-3.707810883975E-02,0.228861406788));
#7576 = CARTESIAN_POINT('',(-2.965894745334E-02,0.247435940183));
#7577 = CARTESIAN_POINT('',(-2.051900696915E-02,0.264750466556));
#7578 = CARTESIAN_POINT('',(-9.848682699799E-03,0.280908926181));
#7579 = CARTESIAN_POINT('',(2.46568590721E-03,0.295706709921));
#7580 = CARTESIAN_POINT('',(1.612058565166E-02,0.309078531061));
#7581 = CARTESIAN_POINT('',(3.118887372772E-02,0.32059269984));
#7582 = CARTESIAN_POINT('',(4.726629690196E-02,0.330558469634));
#7583 = CARTESIAN_POINT('',(6.460577765285E-02,0.338564099332));
#7584 = CARTESIAN_POINT('',(8.311917024389E-02,0.34475690404));
#7585 = CARTESIAN_POINT('',(0.102763237331,0.349121428933));
#7586 = CARTESIAN_POINT('',(0.123556946888,0.351862054919));
#7587 = CARTESIAN_POINT('',(0.137802010866,0.352195421775));
#7588 = CARTESIAN_POINT('',(0.14510244632,0.352366268548));
#7589 = ( GEOMETRIC_REPRESENTATION_CONTEXT(2) 
PARAMETRIC_REPRESENTATION_CONTEXT() REPRESENTATION_CONTEXT('2D SPACE',''
  ) );
#7590 = ORIENTED_EDGE('',*,*,#7591,.T.);
#7591 = EDGE_CURVE('',#7537,#2870,#7592,.T.);
#7592 = SURFACE_CURVE('',#7593,(#7597,#7603),.PCURVE_S1.);
#7593 = LINE('',#7594,#7595);
#7594 = CARTESIAN_POINT('',(-0.45318841796,0.253730393789,0.99));
#7595 = VECTOR('',#7596,1.);
#7596 = DIRECTION('',(-0.,-0.,1.));
#7597 = PCURVE('',#2917,#7598);
#7598 = DEFINITIONAL_REPRESENTATION('',(#7599),#7602);
#7599 = B_SPLINE_CURVE_WITH_KNOTS('',1,(#7600,#7601),.UNSPECIFIED.,.F.,
  .F.,(2,2),(0.,1.E-02),.PIECEWISE_BEZIER_KNOTS.);
#7600 = CARTESIAN_POINT('',(1.,-2.636888103702E-15));
#7601 = CARTESIAN_POINT('',(1.,1.));
#7602 = ( GEOMETRIC_REPRESENTATION_CONTEXT(2) 
PARAMETRIC_REPRESENTATION_CONTEXT() REPRESENTATION_CONTEXT('2D SPACE',''
  ) );
#7603 = PCURVE('',#3011,#7604);
#7604 = DEFINITIONAL_REPRESENTATION('',(#7605),#7608);
#7605 = B_SPLINE_CURVE_WITH_KNOTS('',1,(#7606,#7607),.UNSPECIFIED.,.F.,
  .F.,(2,2),(0.,1.E-02),.PIECEWISE_BEZIER_KNOTS.);
#7606 = CARTESIAN_POINT('',(7.297971829084E-17,8.465289667909E-15));
#7607 = CARTESIAN_POINT('',(9.63764623599E-17,1.));
#7608 = ( GEOMETRIC_REPRESENTATION_CONTEXT(2) 
PARAMETRIC_REPRESENTATION_CONTEXT() REPRESENTATION_CONTEXT('2D SPACE',''
  ) );
#7609 = ADVANCED_FACE('',(#7610),#3011,.T.);
#7610 = FACE_BOUND('',#7611,.T.);
#7611 = EDGE_LOOP('',(#7612,#7613,#7614,#7669));
#7612 = ORIENTED_EDGE('',*,*,#2963,.F.);
#7613 = ORIENTED_EDGE('',*,*,#7591,.F.);
#7614 = ORIENTED_EDGE('',*,*,#7615,.T.);
#7615 = EDGE_CURVE('',#7537,#7616,#7618,.T.);
#7616 = VERTEX_POINT('',#7617);
#7617 = CARTESIAN_POINT('',(-0.267593905765,5.357795476496E-02,0.99));
#7618 = SURFACE_CURVE('',#7619,(#7639,#7646),.PCURVE_S1.);
#7619 = B_SPLINE_CURVE_WITH_KNOTS('',3,(#7620,#7621,#7622,#7623,#7624,
    #7625,#7626,#7627,#7628,#7629,#7630,#7631,#7632,#7633,#7634,#7635,
    #7636,#7637,#7638),.UNSPECIFIED.,.F.,.F.,(4,1,1,1,1,1,1,1,1,1,1,1,1,
    1,1,1,4),(0.,6.656691929223E-02,0.130199026132,0.191659319963,
    0.251309166905,0.310250092502,0.368992664566,0.428177605512,
    0.488722658823,0.549700035676,0.610340637281,0.67107055211,
    0.732733941643,0.79594067723,0.861257413217,0.929226579475,1.),
  .UNSPECIFIED.);
#7620 = CARTESIAN_POINT('',(-0.45318841796,0.253730393789,0.99));
#7621 = CARTESIAN_POINT('',(-0.446369732133,0.2535919621,0.99));
#7622 = CARTESIAN_POINT('',(-0.433032983734,0.25332120192,0.99));
#7623 = CARTESIAN_POINT('',(-0.41356523671,0.25053985013,0.99));
#7624 = CARTESIAN_POINT('',(-0.39512654179,0.246237744581,0.99));
#7625 = CARTESIAN_POINT('',(-0.377658786801,0.240221827697,0.99));
#7626 = CARTESIAN_POINT('',(-0.361288605392,0.232288935751,0.99));
#7627 = CARTESIAN_POINT('',(-0.345859042986,0.222745790059,0.99));
#7628 = CARTESIAN_POINT('',(-0.331523852786,0.211351776099,0.99));
#7629 = CARTESIAN_POINT('',(-0.318330080234,0.198340696844,0.99));
#7630 = CARTESIAN_POINT('',(-0.306377397919,0.183984081705,0.99));
#7631 = CARTESIAN_POINT('',(-0.295981176796,0.168439964449,0.99));
#7632 = CARTESIAN_POINT('',(-0.287153831231,0.151875275605,0.99));
#7633 = CARTESIAN_POINT('',(-0.279978742149,0.134247772088,0.99));
#7634 = CARTESIAN_POINT('',(-0.274401111005,0.115560467208,0.99));
#7635 = CARTESIAN_POINT('',(-0.27050678269,9.580518390504E-02,0.99));
#7636 = CARTESIAN_POINT('',(-0.267965584751,7.50364694789E-02,0.99));
#7637 = CARTESIAN_POINT('',(-0.267719456999,6.08265297316E-02,0.99));
#7638 = CARTESIAN_POINT('',(-0.267593905765,5.357795476496E-02,0.99));
#7639 = PCURVE('',#3011,#7640);
#7640 = DEFINITIONAL_REPRESENTATION('',(#7641),#7645);
#7641 = LINE('',#7642,#7643);
#7642 = CARTESIAN_POINT('',(7.297971829084E-17,8.465289667909E-15));
#7643 = VECTOR('',#7644,1.);
#7644 = DIRECTION('',(1.,-2.220451643808E-14));
#7645 = ( GEOMETRIC_REPRESENTATION_CONTEXT(2) 
PARAMETRIC_REPRESENTATION_CONTEXT() REPRESENTATION_CONTEXT('2D SPACE',''
  ) );
#7646 = PCURVE('',#7484,#7647);
#7647 = DEFINITIONAL_REPRESENTATION('',(#7648),#7668);
#7648 = B_SPLINE_CURVE_WITH_KNOTS('',3,(#7649,#7650,#7651,#7652,#7653,
    #7654,#7655,#7656,#7657,#7658,#7659,#7660,#7661,#7662,#7663,#7664,
    #7665,#7666,#7667),.UNSPECIFIED.,.F.,.F.,(4,1,1,1,1,1,1,1,1,1,1,1,1,
    1,1,1,4),(0.,6.656691929223E-02,0.130199026132,0.191659319963,
    0.251309166905,0.310250092502,0.368992664566,0.428177605512,
    0.488722658823,0.549700035676,0.610340637281,0.67107055211,
    0.732733941643,0.79594067723,0.861257413217,0.929226579475,1.),
  .UNSPECIFIED.);
#7649 = CARTESIAN_POINT('',(0.14510244632,0.352366268548));
#7650 = CARTESIAN_POINT('',(0.151921132147,0.352227836859));
#7651 = CARTESIAN_POINT('',(0.165257880546,0.351957076678));
#7652 = CARTESIAN_POINT('',(0.18472562757,0.349175724888));
#7653 = CARTESIAN_POINT('',(0.20316432249,0.34487361934));
#7654 = CARTESIAN_POINT('',(0.220632077479,0.338857702456));
#7655 = CARTESIAN_POINT('',(0.237002258888,0.33092481051));
#7656 = CARTESIAN_POINT('',(0.252431821293,0.321381664818));
#7657 = CARTESIAN_POINT('',(0.266767011493,0.309987650858));
#7658 = CARTESIAN_POINT('',(0.279960784045,0.296976571602));
#7659 = CARTESIAN_POINT('',(0.29191346636,0.282619956463));
#7660 = CARTESIAN_POINT('',(0.302309687483,0.267075839207));
#7661 = CARTESIAN_POINT('',(0.311137033049,0.250511150364));
#7662 = CARTESIAN_POINT('',(0.31831212213,0.232883646846));
#7663 = CARTESIAN_POINT('',(0.323889753275,0.214196341967));
#7664 = CARTESIAN_POINT('',(0.32778408159,0.194441058664));
#7665 = CARTESIAN_POINT('',(0.330325279529,0.173672344238));
#7666 = CARTESIAN_POINT('',(0.330571407281,0.15946240449));
#7667 = CARTESIAN_POINT('',(0.330696958515,0.152213829524));
#7668 = ( GEOMETRIC_REPRESENTATION_CONTEXT(2) 
PARAMETRIC_REPRESENTATION_CONTEXT() REPRESENTATION_CONTEXT('2D SPACE',''
  ) );
#7669 = ORIENTED_EDGE('',*,*,#7670,.T.);
#7670 = EDGE_CURVE('',#7616,#2964,#7671,.T.);
#7671 = SURFACE_CURVE('',#7672,(#7676,#7682),.PCURVE_S1.);
#7672 = LINE('',#7673,#7674);
#7673 = CARTESIAN_POINT('',(-0.267593905765,5.357795476496E-02,0.99));
#7674 = VECTOR('',#7675,1.);
#7675 = DIRECTION('',(-0.,-0.,1.));
#7676 = PCURVE('',#3011,#7677);
#7677 = DEFINITIONAL_REPRESENTATION('',(#7678),#7681);
#7678 = B_SPLINE_CURVE_WITH_KNOTS('',1,(#7679,#7680),.UNSPECIFIED.,.F.,
  .F.,(2,2),(0.,1.E-02),.PIECEWISE_BEZIER_KNOTS.);
#7679 = CARTESIAN_POINT('',(1.,-1.373922677017E-14));
#7680 = CARTESIAN_POINT('',(1.,1.));
#7681 = ( GEOMETRIC_REPRESENTATION_CONTEXT(2) 
PARAMETRIC_REPRESENTATION_CONTEXT() REPRESENTATION_CONTEXT('2D SPACE',''
  ) );
#7682 = PCURVE('',#3089,#7683);
#7683 = DEFINITIONAL_REPRESENTATION('',(#7684),#7687);
#7684 = B_SPLINE_CURVE_WITH_KNOTS('',1,(#7685,#7686),.UNSPECIFIED.,.F.,
  .F.,(2,2),(0.,1.E-02),.PIECEWISE_BEZIER_KNOTS.);
#7685 = CARTESIAN_POINT('',(-4.500485085664E-19,-2.636888103702E-15));
#7686 = CARTESIAN_POINT('',(-4.500485085664E-19,1.));
#7687 = ( GEOMETRIC_REPRESENTATION_CONTEXT(2) 
PARAMETRIC_REPRESENTATION_CONTEXT() REPRESENTATION_CONTEXT('2D SPACE',''
  ) );
#7688 = ADVANCED_FACE('',(#7689),#3089,.T.);
#7689 = FACE_BOUND('',#7690,.T.);
#7690 = EDGE_LOOP('',(#7691,#7692,#7693,#7732));
#7691 = ORIENTED_EDGE('',*,*,#3057,.F.);
#7692 = ORIENTED_EDGE('',*,*,#7670,.F.);
#7693 = ORIENTED_EDGE('',*,*,#7694,.T.);
#7694 = EDGE_CURVE('',#7616,#7695,#7697,.T.);
#7695 = VERTEX_POINT('',#7696);
#7696 = CARTESIAN_POINT('',(-0.319880491131,-9.947082572284E-02,0.99));
#7697 = SURFACE_CURVE('',#7698,(#7710,#7717),.PCURVE_S1.);
#7698 = B_SPLINE_CURVE_WITH_KNOTS('',3,(#7699,#7700,#7701,#7702,#7703,
    #7704,#7705,#7706,#7707,#7708,#7709),.UNSPECIFIED.,.F.,.F.,(4,1,1,1,
    1,1,1,1,4),(0.,0.141819197894,0.27698994453,0.406314151057,
    0.530391537591,0.650789632428,0.768107507864,0.883991661703,1.),
  .UNSPECIFIED.);
#7699 = CARTESIAN_POINT('',(-0.267593905765,5.357795476496E-02,0.99));
#7700 = CARTESIAN_POINT('',(-0.26775165892,4.574593436051E-02,0.99));
#7701 = CARTESIAN_POINT('',(-0.268059769798,3.044905686017E-02,0.99));
#7702 = CARTESIAN_POINT('',(-0.270555040719,8.124640326315E-03,0.99));
#7703 = CARTESIAN_POINT('',(-0.274518604674,-1.298401112689E-02,0.99));
#7704 = CARTESIAN_POINT('',(-0.280250604515,-3.284444095218E-02,0.99));
#7705 = CARTESIAN_POINT('',(-0.287639383239,-5.144225000003E-02,0.99));
#7706 = CARTESIAN_POINT('',(-0.296707408504,-6.876036676741E-02,0.99));
#7707 = CARTESIAN_POINT('',(-0.3072631404,-8.496150659659E-02,0.99));
#7708 = CARTESIAN_POINT('',(-0.315673206284,-9.463265962948E-02,0.99));
#7709 = CARTESIAN_POINT('',(-0.319880491131,-9.947082572284E-02,0.99));
#7710 = PCURVE('',#3089,#7711);
#7711 = DEFINITIONAL_REPRESENTATION('',(#7712),#7716);
#7712 = LINE('',#7713,#7714);
#7713 = CARTESIAN_POINT('',(-4.500485085664E-19,-2.636888103702E-15));
#7714 = VECTOR('',#7715,1.);
#7715 = DIRECTION('',(1.,4.115476298485E-24));
#7716 = ( GEOMETRIC_REPRESENTATION_CONTEXT(2) 
PARAMETRIC_REPRESENTATION_CONTEXT() REPRESENTATION_CONTEXT('2D SPACE',''
  ) );
#7717 = PCURVE('',#7484,#7718);
#7718 = DEFINITIONAL_REPRESENTATION('',(#7719),#7731);
#7719 = B_SPLINE_CURVE_WITH_KNOTS('',3,(#7720,#7721,#7722,#7723,#7724,
    #7725,#7726,#7727,#7728,#7729,#7730),.UNSPECIFIED.,.F.,.F.,(4,1,1,1,
    1,1,1,1,4),(0.,0.141819197894,0.27698994453,0.406314151057,
    0.530391537591,0.650789632428,0.768107507864,0.883991661703,1.),
  .UNSPECIFIED.);
#7720 = CARTESIAN_POINT('',(0.330696958515,0.152213829524));
#7721 = CARTESIAN_POINT('',(0.33053920536,0.144381809119));
#7722 = CARTESIAN_POINT('',(0.330231094482,0.129084931619));
#7723 = CARTESIAN_POINT('',(0.327735823561,0.106760515085));
#7724 = CARTESIAN_POINT('',(0.323772259605,8.565186363185E-02));
#7725 = CARTESIAN_POINT('',(0.318040259765,6.579143380656E-02));
#7726 = CARTESIAN_POINT('',(0.310651481041,4.719362475871E-02));
#7727 = CARTESIAN_POINT('',(0.301583455776,2.987550799133E-02));
#7728 = CARTESIAN_POINT('',(0.29102772388,1.367436816216E-02));
#7729 = CARTESIAN_POINT('',(0.282617657996,4.003215129261E-03));
#7730 = CARTESIAN_POINT('',(0.278410373149,-8.349509641011E-04));
#7731 = ( GEOMETRIC_REPRESENTATION_CONTEXT(2) 
PARAMETRIC_REPRESENTATION_CONTEXT() REPRESENTATION_CONTEXT('2D SPACE',''
  ) );
#7732 = ORIENTED_EDGE('',*,*,#7733,.T.);
#7733 = EDGE_CURVE('',#7695,#3058,#7734,.T.);
#7734 = SURFACE_CURVE('',#7735,(#7739,#7745),.PCURVE_S1.);
#7735 = LINE('',#7736,#7737);
#7736 = CARTESIAN_POINT('',(-0.319880491131,-9.947082572284E-02,0.99));
#7737 = VECTOR('',#7738,1.);
#7738 = DIRECTION('',(-0.,-0.,1.));
#7739 = PCURVE('',#3089,#7740);
#7740 = DEFINITIONAL_REPRESENTATION('',(#7741),#7744);
#7741 = B_SPLINE_CURVE_WITH_KNOTS('',1,(#7742,#7743),.UNSPECIFIED.,.F.,
  .F.,(2,2),(0.,1.E-02),.PIECEWISE_BEZIER_KNOTS.);
#7742 = CARTESIAN_POINT('',(1.,-2.636888099587E-15));
#7743 = CARTESIAN_POINT('',(1.,1.));
#7744 = ( GEOMETRIC_REPRESENTATION_CONTEXT(2) 
PARAMETRIC_REPRESENTATION_CONTEXT() REPRESENTATION_CONTEXT('2D SPACE',''
  ) );
#7745 = PCURVE('',#3139,#7746);
#7746 = DEFINITIONAL_REPRESENTATION('',(#7747),#7750);
#7747 = B_SPLINE_CURVE_WITH_KNOTS('',1,(#7748,#7749),.UNSPECIFIED.,.F.,
  .F.,(2,2),(0.,1.E-02),.PIECEWISE_BEZIER_KNOTS.);
#7748 = CARTESIAN_POINT('',(9.540504779422E-16,-2.636888103702E-15));
#7749 = CARTESIAN_POINT('',(3.967311978331E-16,1.));
#7750 = ( GEOMETRIC_REPRESENTATION_CONTEXT(2) 
PARAMETRIC_REPRESENTATION_CONTEXT() REPRESENTATION_CONTEXT('2D SPACE',''
  ) );
#7751 = ADVANCED_FACE('',(#7752),#3139,.T.);
#7752 = FACE_BOUND('',#7753,.T.);
#7753 = EDGE_LOOP('',(#7754,#7755,#7756,#7783));
#7754 = ORIENTED_EDGE('',*,*,#3119,.F.);
#7755 = ORIENTED_EDGE('',*,*,#7733,.F.);
#7756 = ORIENTED_EDGE('',*,*,#7757,.T.);
#7757 = EDGE_CURVE('',#7695,#7758,#7760,.T.);
#7758 = VERTEX_POINT('',#7759);
#7759 = CARTESIAN_POINT('',(-0.346557320399,-0.123022654991,0.99));
#7760 = SURFACE_CURVE('',#7761,(#7767,#7774),.PCURVE_S1.);
#7761 = B_SPLINE_CURVE_WITH_KNOTS('',3,(#7762,#7763,#7764,#7765,#7766),
  .UNSPECIFIED.,.F.,.F.,(4,1,4),(0.,0.505236979018,1.),.UNSPECIFIED.);
#7762 = CARTESIAN_POINT('',(-0.319880491131,-9.947082572284E-02,0.99));
#7763 = CARTESIAN_POINT('',(-0.324072580012,-0.103778114817,0.99));
#7764 = CARTESIAN_POINT('',(-0.33236985249,-0.112303399531,0.99));
#7765 = CARTESIAN_POINT('',(-0.341861302111,-0.119474606812,0.99));
#7766 = CARTESIAN_POINT('',(-0.346557320399,-0.123022654991,0.99));
#7767 = PCURVE('',#3139,#7768);
#7768 = DEFINITIONAL_REPRESENTATION('',(#7769),#7773);
#7769 = LINE('',#7770,#7771);
#7770 = CARTESIAN_POINT('',(3.967311978331E-16,-2.636888103702E-15));
#7771 = VECTOR('',#7772,1.);
#7772 = DIRECTION('',(1.,3.560535748913E-18));
#7773 = ( GEOMETRIC_REPRESENTATION_CONTEXT(2) 
PARAMETRIC_REPRESENTATION_CONTEXT() REPRESENTATION_CONTEXT('2D SPACE',''
  ) );
#7774 = PCURVE('',#7484,#7775);
#7775 = DEFINITIONAL_REPRESENTATION('',(#7776),#7782);
#7776 = B_SPLINE_CURVE_WITH_KNOTS('',3,(#7777,#7778,#7779,#7780,#7781),
  .UNSPECIFIED.,.F.,.F.,(4,1,4),(0.,0.505236979018,1.),.UNSPECIFIED.);
#7777 = CARTESIAN_POINT('',(0.278410373149,-8.349509641011E-04));
#7778 = CARTESIAN_POINT('',(0.274218284268,-5.142240058162E-03));
#7779 = CARTESIAN_POINT('',(0.265921011789,-1.366752477195E-02));
#7780 = CARTESIAN_POINT('',(0.256429562168,-2.083873205362E-02));
#7781 = CARTESIAN_POINT('',(0.251733543881,-2.438678023239E-02));
#7782 = ( GEOMETRIC_REPRESENTATION_CONTEXT(2) 
PARAMETRIC_REPRESENTATION_CONTEXT() REPRESENTATION_CONTEXT('2D SPACE',''
  ) );
#7783 = ORIENTED_EDGE('',*,*,#7784,.T.);
#7784 = EDGE_CURVE('',#7758,#3120,#7785,.T.);
#7785 = SURFACE_CURVE('',#7786,(#7790,#7796),.PCURVE_S1.);
#7786 = LINE('',#7787,#7788);
#7787 = CARTESIAN_POINT('',(-0.346557320399,-0.123022654991,0.99));
#7788 = VECTOR('',#7789,1.);
#7789 = DIRECTION('',(-0.,-0.,1.));
#7790 = PCURVE('',#3139,#7791);
#7791 = DEFINITIONAL_REPRESENTATION('',(#7792),#7795);
#7792 = B_SPLINE_CURVE_WITH_KNOTS('',1,(#7793,#7794),.UNSPECIFIED.,.F.,
  .F.,(2,2),(0.,1.E-02),.PIECEWISE_BEZIER_KNOTS.);
#7793 = CARTESIAN_POINT('',(1.,-2.633327567953E-15));
#7794 = CARTESIAN_POINT('',(1.,1.));
#7795 = ( GEOMETRIC_REPRESENTATION_CONTEXT(2) 
PARAMETRIC_REPRESENTATION_CONTEXT() REPRESENTATION_CONTEXT('2D SPACE',''
  ) );
#7796 = PCURVE('',#3173,#7797);
#7797 = DEFINITIONAL_REPRESENTATION('',(#7798),#7802);
#7798 = LINE('',#7799,#7800);
#7799 = CARTESIAN_POINT('',(-8.131399628258E-18,2.22044604925E-16));
#7800 = VECTOR('',#7801,1.);
#7801 = DIRECTION('',(0.,1.));
#7802 = ( GEOMETRIC_REPRESENTATION_CONTEXT(2) 
PARAMETRIC_REPRESENTATION_CONTEXT() REPRESENTATION_CONTEXT('2D SPACE',''
  ) );
#7803 = ADVANCED_FACE('',(#7804),#3173,.T.);
#7804 = FACE_BOUND('',#7805,.T.);
#7805 = EDGE_LOOP('',(#7806,#7807,#7808,#7831));
#7806 = ORIENTED_EDGE('',*,*,#3157,.F.);
#7807 = ORIENTED_EDGE('',*,*,#7784,.F.);
#7808 = ORIENTED_EDGE('',*,*,#7809,.T.);
#7809 = EDGE_CURVE('',#7758,#7810,#7812,.T.);
#7810 = VERTEX_POINT('',#7811);
#7811 = CARTESIAN_POINT('',(-0.233447564302,-0.204806191577,0.99));
#7812 = SURFACE_CURVE('',#7813,(#7817,#7824),.PCURVE_S1.);
#7813 = LINE('',#7814,#7815);
#7814 = CARTESIAN_POINT('',(-0.346557320399,-0.123022654991,0.99));
#7815 = VECTOR('',#7816,1.);
#7816 = DIRECTION('',(0.810362324852,-0.585929093373,0.));
#7817 = PCURVE('',#3173,#7818);
#7818 = DEFINITIONAL_REPRESENTATION('',(#7819),#7823);
#7819 = LINE('',#7820,#7821);
#7820 = CARTESIAN_POINT('',(0.,0.));
#7821 = VECTOR('',#7822,1.);
#7822 = DIRECTION('',(1.,0.));
#7823 = ( GEOMETRIC_REPRESENTATION_CONTEXT(2) 
PARAMETRIC_REPRESENTATION_CONTEXT() REPRESENTATION_CONTEXT('2D SPACE',''
  ) );
#7824 = PCURVE('',#7484,#7825);
#7825 = DEFINITIONAL_REPRESENTATION('',(#7826),#7830);
#7826 = LINE('',#7827,#7828);
#7827 = CARTESIAN_POINT('',(0.251733543881,-2.438678023239E-02));
#7828 = VECTOR('',#7829,1.);
#7829 = DIRECTION('',(0.810362324852,-0.585929093373));
#7830 = ( GEOMETRIC_REPRESENTATION_CONTEXT(2) 
PARAMETRIC_REPRESENTATION_CONTEXT() REPRESENTATION_CONTEXT('2D SPACE',''
  ) );
#7831 = ORIENTED_EDGE('',*,*,#7832,.T.);
#7832 = EDGE_CURVE('',#7810,#3158,#7833,.T.);
#7833 = SURFACE_CURVE('',#7834,(#7838,#7845),.PCURVE_S1.);
#7834 = LINE('',#7835,#7836);
#7835 = CARTESIAN_POINT('',(-0.233447564302,-0.204806191577,0.99));
#7836 = VECTOR('',#7837,1.);
#7837 = DIRECTION('',(-0.,-0.,1.));
#7838 = PCURVE('',#3173,#7839);
#7839 = DEFINITIONAL_REPRESENTATION('',(#7840),#7844);
#7840 = LINE('',#7841,#7842);
#7841 = CARTESIAN_POINT('',(0.139579238359,0.));
#7842 = VECTOR('',#7843,1.);
#7843 = DIRECTION('',(0.,1.));
#7844 = ( GEOMETRIC_REPRESENTATION_CONTEXT(2) 
PARAMETRIC_REPRESENTATION_CONTEXT() REPRESENTATION_CONTEXT('2D SPACE',''
  ) );
#7845 = PCURVE('',#3201,#7846);
#7846 = DEFINITIONAL_REPRESENTATION('',(#7847),#7851);
#7847 = LINE('',#7848,#7849);
#7848 = CARTESIAN_POINT('',(0.,0.));
#7849 = VECTOR('',#7850,1.);
#7850 = DIRECTION('',(1.,-0.));
#7851 = ( GEOMETRIC_REPRESENTATION_CONTEXT(2) 
PARAMETRIC_REPRESENTATION_CONTEXT() REPRESENTATION_CONTEXT('2D SPACE',''
  ) );
#7852 = ADVANCED_FACE('',(#7853),#3201,.T.);
#7853 = FACE_BOUND('',#7854,.T.);
#7854 = EDGE_LOOP('',(#7855,#7856,#7857,#7880));
#7855 = ORIENTED_EDGE('',*,*,#3185,.F.);
#7856 = ORIENTED_EDGE('',*,*,#7832,.F.);
#7857 = ORIENTED_EDGE('',*,*,#7858,.T.);
#7858 = EDGE_CURVE('',#7810,#7859,#7861,.T.);
#7859 = VERTEX_POINT('',#7860);
#7860 = CARTESIAN_POINT('',(-0.318889637472,-0.204806191577,0.99));
#7861 = SURFACE_CURVE('',#7862,(#7866,#7873),.PCURVE_S1.);
#7862 = LINE('',#7863,#7864);
#7863 = CARTESIAN_POINT('',(-0.233447564302,-0.204806191577,0.99));
#7864 = VECTOR('',#7865,1.);
#7865 = DIRECTION('',(-1.,0.,0.));
#7866 = PCURVE('',#3201,#7867);
#7867 = DEFINITIONAL_REPRESENTATION('',(#7868),#7872);
#7868 = LINE('',#7869,#7870);
#7869 = CARTESIAN_POINT('',(0.,0.));
#7870 = VECTOR('',#7871,1.);
#7871 = DIRECTION('',(0.,-1.));
#7872 = ( GEOMETRIC_REPRESENTATION_CONTEXT(2) 
PARAMETRIC_REPRESENTATION_CONTEXT() REPRESENTATION_CONTEXT('2D SPACE',''
  ) );
#7873 = PCURVE('',#7484,#7874);
#7874 = DEFINITIONAL_REPRESENTATION('',(#7875),#7879);
#7875 = LINE('',#7876,#7877);
#7876 = CARTESIAN_POINT('',(0.364843299978,-0.106170316818));
#7877 = VECTOR('',#7878,1.);
#7878 = DIRECTION('',(-1.,0.));
#7879 = ( GEOMETRIC_REPRESENTATION_CONTEXT(2) 
PARAMETRIC_REPRESENTATION_CONTEXT() REPRESENTATION_CONTEXT('2D SPACE',''
  ) );
#7880 = ORIENTED_EDGE('',*,*,#7881,.T.);
#7881 = EDGE_CURVE('',#7859,#3186,#7882,.T.);
#7882 = SURFACE_CURVE('',#7883,(#7887,#7894),.PCURVE_S1.);
#7883 = LINE('',#7884,#7885);
#7884 = CARTESIAN_POINT('',(-0.318889637472,-0.204806191577,0.99));
#7885 = VECTOR('',#7886,1.);
#7886 = DIRECTION('',(-0.,-0.,1.));
#7887 = PCURVE('',#3201,#7888);
#7888 = DEFINITIONAL_REPRESENTATION('',(#7889),#7893);
#7889 = LINE('',#7890,#7891);
#7890 = CARTESIAN_POINT('',(0.,-8.544207317073E-02));
#7891 = VECTOR('',#7892,1.);
#7892 = DIRECTION('',(1.,-0.));
#7893 = ( GEOMETRIC_REPRESENTATION_CONTEXT(2) 
PARAMETRIC_REPRESENTATION_CONTEXT() REPRESENTATION_CONTEXT('2D SPACE',''
  ) );
#7894 = PCURVE('',#3229,#7895);
#7895 = DEFINITIONAL_REPRESENTATION('',(#7896),#7900);
#7896 = LINE('',#7897,#7898);
#7897 = CARTESIAN_POINT('',(0.,0.));
#7898 = VECTOR('',#7899,1.);
#7899 = DIRECTION('',(0.,1.));
#7900 = ( GEOMETRIC_REPRESENTATION_CONTEXT(2) 
PARAMETRIC_REPRESENTATION_CONTEXT() REPRESENTATION_CONTEXT('2D SPACE',''
  ) );
#7901 = ADVANCED_FACE('',(#7902),#3229,.T.);
#7902 = FACE_BOUND('',#7903,.T.);
#7903 = EDGE_LOOP('',(#7904,#7905,#7906,#7929));
#7904 = ORIENTED_EDGE('',*,*,#3213,.F.);
#7905 = ORIENTED_EDGE('',*,*,#7881,.F.);
#7906 = ORIENTED_EDGE('',*,*,#7907,.T.);
#7907 = EDGE_CURVE('',#7859,#7908,#7910,.T.);
#7908 = VERTEX_POINT('',#7909);
#7909 = CARTESIAN_POINT('',(-0.39518536918,-0.147031801333,0.99));
#7910 = SURFACE_CURVE('',#7911,(#7915,#7922),.PCURVE_S1.);
#7911 = LINE('',#7912,#7913);
#7912 = CARTESIAN_POINT('',(-0.318889637472,-0.204806191577,0.99));
#7913 = VECTOR('',#7914,1.);
#7914 = DIRECTION('',(-0.797219911206,0.60368900369,0.));
#7915 = PCURVE('',#3229,#7916);
#7916 = DEFINITIONAL_REPRESENTATION('',(#7917),#7921);
#7917 = LINE('',#7918,#7919);
#7918 = CARTESIAN_POINT('',(0.,0.));
#7919 = VECTOR('',#7920,1.);
#7920 = DIRECTION('',(1.,0.));
#7921 = ( GEOMETRIC_REPRESENTATION_CONTEXT(2) 
PARAMETRIC_REPRESENTATION_CONTEXT() REPRESENTATION_CONTEXT('2D SPACE',''
  ) );
#7922 = PCURVE('',#7484,#7923);
#7923 = DEFINITIONAL_REPRESENTATION('',(#7924),#7928);
#7924 = LINE('',#7925,#7926);
#7925 = CARTESIAN_POINT('',(0.279401226807,-0.106170316818));
#7926 = VECTOR('',#7927,1.);
#7927 = DIRECTION('',(-0.797219911206,0.60368900369));
#7928 = ( GEOMETRIC_REPRESENTATION_CONTEXT(2) 
PARAMETRIC_REPRESENTATION_CONTEXT() REPRESENTATION_CONTEXT('2D SPACE',''
  ) );
#7929 = ORIENTED_EDGE('',*,*,#7930,.T.);
#7930 = EDGE_CURVE('',#7908,#3214,#7931,.T.);
#7931 = SURFACE_CURVE('',#7932,(#7936,#7943),.PCURVE_S1.);
#7932 = LINE('',#7933,#7934);
#7933 = CARTESIAN_POINT('',(-0.39518536918,-0.147031801333,0.99));
#7934 = VECTOR('',#7935,1.);
#7935 = DIRECTION('',(-0.,-0.,1.));
#7936 = PCURVE('',#3229,#7937);
#7937 = DEFINITIONAL_REPRESENTATION('',(#7938),#7942);
#7938 = LINE('',#7939,#7940);
#7939 = CARTESIAN_POINT('',(9.570224054227E-02,0.));
#7940 = VECTOR('',#7941,1.);
#7941 = DIRECTION('',(0.,1.));
#7942 = ( GEOMETRIC_REPRESENTATION_CONTEXT(2) 
PARAMETRIC_REPRESENTATION_CONTEXT() REPRESENTATION_CONTEXT('2D SPACE',''
  ) );
#7943 = PCURVE('',#3263,#7944);
#7944 = DEFINITIONAL_REPRESENTATION('',(#7945),#7948);
#7945 = B_SPLINE_CURVE_WITH_KNOTS('',1,(#7946,#7947),.UNSPECIFIED.,.F.,
  .F.,(2,2),(0.,1.E-02),.PIECEWISE_BEZIER_KNOTS.);
#7946 = CARTESIAN_POINT('',(-2.490036307571E-15,8.46534292525E-15));
#7947 = CARTESIAN_POINT('',(-6.250360638565E-16,1.));
#7948 = ( GEOMETRIC_REPRESENTATION_CONTEXT(2) 
PARAMETRIC_REPRESENTATION_CONTEXT() REPRESENTATION_CONTEXT('2D SPACE',''
  ) );
#7949 = ADVANCED_FACE('',(#7950),#3263,.T.);
#7950 = FACE_BOUND('',#7951,.T.);
#7951 = EDGE_LOOP('',(#7952,#7953,#7954,#7983));
#7952 = ORIENTED_EDGE('',*,*,#3241,.F.);
#7953 = ORIENTED_EDGE('',*,*,#7930,.F.);
#7954 = ORIENTED_EDGE('',*,*,#7955,.T.);
#7955 = EDGE_CURVE('',#7908,#7432,#7956,.T.);
#7956 = SURFACE_CURVE('',#7957,(#7965,#7972),.PCURVE_S1.);
#7957 = B_SPLINE_CURVE_WITH_KNOTS('',3,(#7958,#7959,#7960,#7961,#7962,
    #7963,#7964),.UNSPECIFIED.,.F.,.F.,(4,1,1,1,4),(0.,0.238831099892,
    0.483953596691,0.737375641472,1.),.UNSPECIFIED.);
#7958 = CARTESIAN_POINT('',(-0.39518536918,-0.147031801333,0.99));
#7959 = CARTESIAN_POINT('',(-0.400193947871,-0.148449608545,0.99));
#7960 = CARTESIAN_POINT('',(-0.410343043501,-0.151322571489,0.99));
#7961 = CARTESIAN_POINT('',(-0.426217911187,-0.153885617612,0.99));
#7962 = CARTESIAN_POINT('',(-0.442700010729,-0.155788324588,0.99));
#7963 = CARTESIAN_POINT('',(-0.453944549106,-0.155945642263,0.99));
#7964 = CARTESIAN_POINT('',(-0.459667076497,-0.156025703772,0.99));
#7965 = PCURVE('',#3263,#7966);
#7966 = DEFINITIONAL_REPRESENTATION('',(#7967),#7971);
#7967 = LINE('',#7968,#7969);
#7968 = CARTESIAN_POINT('',(-6.250360638565E-16,8.46534292525E-15));
#7969 = VECTOR('',#7970,1.);
#7970 = DIRECTION('',(1.,-6.610017157918E-18));
#7971 = ( GEOMETRIC_REPRESENTATION_CONTEXT(2) 
PARAMETRIC_REPRESENTATION_CONTEXT() REPRESENTATION_CONTEXT('2D SPACE',''
  ) );
#7972 = PCURVE('',#7484,#7973);
#7973 = DEFINITIONAL_REPRESENTATION('',(#7974),#7982);
#7974 = B_SPLINE_CURVE_WITH_KNOTS('',3,(#7975,#7976,#7977,#7978,#7979,
    #7980,#7981),.UNSPECIFIED.,.F.,.F.,(4,1,1,1,4),(0.,0.238831099892,
    0.483953596691,0.737375641472,1.),.UNSPECIFIED.);
#7975 = CARTESIAN_POINT('',(0.2031054951,-4.839592657386E-02));
#7976 = CARTESIAN_POINT('',(0.198096916408,-4.981373378632E-02));
#7977 = CARTESIAN_POINT('',(0.187947820778,-5.268669673041E-02));
#7978 = CARTESIAN_POINT('',(0.172072953093,-5.524974285339E-02));
#7979 = CARTESIAN_POINT('',(0.15559085355,-5.71524498291E-02));
#7980 = CARTESIAN_POINT('',(0.144346315174,-5.730976750432E-02));
#7981 = CARTESIAN_POINT('',(0.138623787783,-5.738982901288E-02));
#7982 = ( GEOMETRIC_REPRESENTATION_CONTEXT(2) 
PARAMETRIC_REPRESENTATION_CONTEXT() REPRESENTATION_CONTEXT('2D SPACE',''
  ) );
#7983 = ORIENTED_EDGE('',*,*,#7431,.T.);
#7984 = ADVANCED_FACE('',(#7985,#8363),#7484,.T.);
#7985 = FACE_BOUND('',#7986,.T.);
#7986 = EDGE_LOOP('',(#7987,#8083,#8177,#8271));
#7987 = ORIENTED_EDGE('',*,*,#7988,.F.);
#7988 = EDGE_CURVE('',#7989,#7991,#7993,.T.);
#7989 = VERTEX_POINT('',#7990);
#7990 = CARTESIAN_POINT('',(-0.32125244235,4.770905232594E-02,0.99));
#7991 = VERTEX_POINT('',#7992);
#7992 = CARTESIAN_POINT('',(-0.456160978936,0.209827954765,0.99));
#7993 = SURFACE_CURVE('',#7994,(#8014,#8037),.PCURVE_S1.);
#7994 = B_SPLINE_CURVE_WITH_KNOTS('',3,(#7995,#7996,#7997,#7998,#7999,
    #8000,#8001,#8002,#8003,#8004,#8005,#8006,#8007,#8008,#8009,#8010,
    #8011,#8012,#8013),.UNSPECIFIED.,.F.,.F.,(4,1,1,1,1,1,1,1,1,1,1,1,1,
    1,1,1,4),(0.,7.882367990627E-02,0.153511023328,0.224361206375,
    0.291439198728,0.355405679137,0.416919846707,0.476441482171,
    0.534946625346,0.592255947574,0.647966227232,0.703705724292,
    0.759628394094,0.816234705127,0.874959458738,0.935817534038,1.),
  .UNSPECIFIED.);
#7995 = CARTESIAN_POINT('',(-0.32125244235,4.770905232594E-02,0.99));
#7996 = CARTESIAN_POINT('',(-0.321334720834,5.398910961334E-02,0.99));
#7997 = CARTESIAN_POINT('',(-0.321494960173,6.621967309244E-02,0.99));
#7998 = CARTESIAN_POINT('',(-0.32331844568,8.401768464312E-02,0.99));
#7999 = CARTESIAN_POINT('',(-0.326097089498,0.100730510811,0.99));
#8000 = CARTESIAN_POINT('',(-0.329915916562,0.116375742909,0.99));
#8001 = CARTESIAN_POINT('',(-0.335081188843,0.130839945159,0.99));
#8002 = CARTESIAN_POINT('',(-0.341212963466,0.144263417333,0.99));
#8003 = CARTESIAN_POINT('',(-0.348586963527,0.15655084165,0.99));
#8004 = CARTESIAN_POINT('',(-0.357045253043,0.167697024365,0.99));
#8005 = CARTESIAN_POINT('',(-0.366488140322,0.177610244781,0.99));
#8006 = CARTESIAN_POINT('',(-0.376820123414,0.186249915049,0.99));
#8007 = CARTESIAN_POINT('',(-0.387972181187,0.193610821848,0.99));
#8008 = CARTESIAN_POINT('',(-0.400012330387,0.199570441386,0.99));
#8009 = CARTESIAN_POINT('',(-0.412882320596,0.204178044265,0.99));
#8010 = CARTESIAN_POINT('',(-0.426560529402,0.207407784652,0.99));
#8011 = CARTESIAN_POINT('',(-0.441084705588,0.209448393629,0.99));
#8012 = CARTESIAN_POINT('',(-0.45104726462,0.209699211596,0.99));
#8013 = CARTESIAN_POINT('',(-0.456160978936,0.209827954765,0.99));
#8014 = PCURVE('',#7484,#8015);
#8015 = DEFINITIONAL_REPRESENTATION('',(#8016),#8036);
#8016 = B_SPLINE_CURVE_WITH_KNOTS('',3,(#8017,#8018,#8019,#8020,#8021,
    #8022,#8023,#8024,#8025,#8026,#8027,#8028,#8029,#8030,#8031,#8032,
    #8033,#8034,#8035),.UNSPECIFIED.,.F.,.F.,(4,1,1,1,1,1,1,1,1,1,1,1,1,
    1,1,1,4),(0.,7.882367990627E-02,0.153511023328,0.224361206375,
    0.291439198728,0.355405679137,0.416919846707,0.476441482171,
    0.534946625346,0.592255947574,0.647966227232,0.703705724292,
    0.759628394094,0.816234705127,0.874959458738,0.935817534038,1.),
  .UNSPECIFIED.);
#8017 = CARTESIAN_POINT('',(0.277038421929,0.146344927085));
#8018 = CARTESIAN_POINT('',(0.276956143445,0.152624984372));
#8019 = CARTESIAN_POINT('',(0.276795904107,0.164855547851));
#8020 = CARTESIAN_POINT('',(0.274972418599,0.182653559402));
#8021 = CARTESIAN_POINT('',(0.272193774782,0.199366385569));
#8022 = CARTESIAN_POINT('',(0.268374947718,0.215011617667));
#8023 = CARTESIAN_POINT('',(0.263209675437,0.229475819918));
#8024 = CARTESIAN_POINT('',(0.257077900813,0.242899292092));
#8025 = CARTESIAN_POINT('',(0.249703900753,0.255186716409));
#8026 = CARTESIAN_POINT('',(0.241245611237,0.266332899124));
#8027 = CARTESIAN_POINT('',(0.231802723958,0.27624611954));
#8028 = CARTESIAN_POINT('',(0.221470740865,0.284885789807));
#8029 = CARTESIAN_POINT('',(0.210318683093,0.292246696607));
#8030 = CARTESIAN_POINT('',(0.198278533893,0.298206316145));
#8031 = CARTESIAN_POINT('',(0.185408543684,0.302813919024));
#8032 = CARTESIAN_POINT('',(0.171730334878,0.30604365941));
#8033 = CARTESIAN_POINT('',(0.157206158692,0.308084268388));
#8034 = CARTESIAN_POINT('',(0.14724359966,0.308335086354));
#8035 = CARTESIAN_POINT('',(0.142129885344,0.308463829524));
#8036 = ( GEOMETRIC_REPRESENTATION_CONTEXT(2) 
PARAMETRIC_REPRESENTATION_CONTEXT() REPRESENTATION_CONTEXT('2D SPACE',''
  ) );
#8037 = PCURVE('',#8038,#8077);
#8038 = B_SPLINE_SURFACE_WITH_KNOTS('',3,1,(
    (#8039,#8040)
    ,(#8041,#8042)
    ,(#8043,#8044)
    ,(#8045,#8046)
    ,(#8047,#8048)
    ,(#8049,#8050)
    ,(#8051,#8052)
    ,(#8053,#8054)
    ,(#8055,#8056)
    ,(#8057,#8058)
    ,(#8059,#8060)
    ,(#8061,#8062)
    ,(#8063,#8064)
    ,(#8065,#8066)
    ,(#8067,#8068)
    ,(#8069,#8070)
    ,(#8071,#8072)
    ,(#8073,#8074)
    ,(#8075,#8076
    )),.UNSPECIFIED.,.F.,.F.,.F.,(4,1,1,1,1,1,1,1,1,1,1,1,1,1,1,1,4),(2,
    2),(0.,7.882367990627E-02,0.153511023328,0.224361206375,
    0.291439198728,0.355405679137,0.416919846707,0.476441482171,
    0.534946625346,0.592255947574,0.647966227232,0.703705724292,
    0.759628394094,0.816234705127,0.874959458738,0.935817534038,1.),(0.,
    1.),.UNSPECIFIED.);
#8039 = CARTESIAN_POINT('',(-0.32125244235,4.770905232594E-02,0.99));
#8040 = CARTESIAN_POINT('',(-0.32125244235,4.770905232594E-02,1.));
#8041 = CARTESIAN_POINT('',(-0.321334720834,5.398910961334E-02,0.99));
#8042 = CARTESIAN_POINT('',(-0.321334720834,5.398910961334E-02,1.));
#8043 = CARTESIAN_POINT('',(-0.321494960173,6.621967309244E-02,0.99));
#8044 = CARTESIAN_POINT('',(-0.321494960173,6.621967309244E-02,1.));
#8045 = CARTESIAN_POINT('',(-0.32331844568,8.401768464312E-02,0.99));
#8046 = CARTESIAN_POINT('',(-0.32331844568,8.401768464312E-02,1.));
#8047 = CARTESIAN_POINT('',(-0.326097089498,0.100730510811,0.99));
#8048 = CARTESIAN_POINT('',(-0.326097089498,0.100730510811,1.));
#8049 = CARTESIAN_POINT('',(-0.329915916562,0.116375742909,0.99));
#8050 = CARTESIAN_POINT('',(-0.329915916562,0.116375742909,1.));
#8051 = CARTESIAN_POINT('',(-0.335081188843,0.130839945159,0.99));
#8052 = CARTESIAN_POINT('',(-0.335081188843,0.130839945159,1.));
#8053 = CARTESIAN_POINT('',(-0.341212963466,0.144263417333,0.99));
#8054 = CARTESIAN_POINT('',(-0.341212963466,0.144263417333,1.));
#8055 = CARTESIAN_POINT('',(-0.348586963527,0.15655084165,0.99));
#8056 = CARTESIAN_POINT('',(-0.348586963527,0.15655084165,1.));
#8057 = CARTESIAN_POINT('',(-0.357045253043,0.167697024365,0.99));
#8058 = CARTESIAN_POINT('',(-0.357045253043,0.167697024365,1.));
#8059 = CARTESIAN_POINT('',(-0.366488140322,0.177610244781,0.99));
#8060 = CARTESIAN_POINT('',(-0.366488140322,0.177610244781,1.));
#8061 = CARTESIAN_POINT('',(-0.376820123414,0.186249915049,0.99));
#8062 = CARTESIAN_POINT('',(-0.376820123414,0.186249915049,1.));
#8063 = CARTESIAN_POINT('',(-0.387972181187,0.193610821848,0.99));
#8064 = CARTESIAN_POINT('',(-0.387972181187,0.193610821848,1.));
#8065 = CARTESIAN_POINT('',(-0.400012330387,0.199570441386,0.99));
#8066 = CARTESIAN_POINT('',(-0.400012330387,0.199570441386,1.));
#8067 = CARTESIAN_POINT('',(-0.412882320596,0.204178044265,0.99));
#8068 = CARTESIAN_POINT('',(-0.412882320596,0.204178044265,1.));
#8069 = CARTESIAN_POINT('',(-0.426560529402,0.207407784652,0.99));
#8070 = CARTESIAN_POINT('',(-0.426560529402,0.207407784652,1.));
#8071 = CARTESIAN_POINT('',(-0.441084705588,0.209448393629,0.99));
#8072 = CARTESIAN_POINT('',(-0.441084705588,0.209448393629,1.));
#8073 = CARTESIAN_POINT('',(-0.45104726462,0.209699211596,0.99));
#8074 = CARTESIAN_POINT('',(-0.45104726462,0.209699211596,1.));
#8075 = CARTESIAN_POINT('',(-0.456160978936,0.209827954765,0.99));
#8076 = CARTESIAN_POINT('',(-0.456160978936,0.209827954765,1.));
#8077 = DEFINITIONAL_REPRESENTATION('',(#8078),#8082);
#8078 = LINE('',#8079,#8080);
#8079 = CARTESIAN_POINT('',(2.671442571248E-17,-8.188057436936E-15));
#8080 = VECTOR('',#8081,1.);
#8081 = DIRECTION('',(1.,5.551169333234E-15));
#8082 = ( GEOMETRIC_REPRESENTATION_CONTEXT(2) 
PARAMETRIC_REPRESENTATION_CONTEXT() REPRESENTATION_CONTEXT('2D SPACE',''
  ) );
#8083 = ORIENTED_EDGE('',*,*,#8084,.F.);
#8084 = EDGE_CURVE('',#8085,#7989,#8087,.T.);
#8085 = VERTEX_POINT('',#8086);
#8086 = CARTESIAN_POINT('',(-0.459514637472,-0.112123264747,0.99));
#8087 = SURFACE_CURVE('',#8088,(#8108,#8131),.PCURVE_S1.);
#8088 = B_SPLINE_CURVE_WITH_KNOTS('',3,(#8089,#8090,#8091,#8092,#8093,
    #8094,#8095,#8096,#8097,#8098,#8099,#8100,#8101,#8102,#8103,#8104,
    #8105,#8106,#8107),.UNSPECIFIED.,.F.,.F.,(4,1,1,1,1,1,1,1,1,1,1,1,1,
    1,1,1,4),(0.,6.563988426448E-02,0.12826486331,0.188107053943,
    0.246096754668,0.303046975946,0.359299845024,0.415877841562,
    0.473281786023,0.531802053161,0.591427091622,0.652222704848,
    0.715266201767,0.781131102495,0.850320802019,0.923238635249,1.),
  .UNSPECIFIED.);
#8089 = CARTESIAN_POINT('',(-0.459514637472,-0.112123264747,0.99));
#8090 = CARTESIAN_POINT('',(-0.454274454521,-0.11199208572,0.99));
#8091 = CARTESIAN_POINT('',(-0.444034775437,-0.111735752849,0.99));
#8092 = CARTESIAN_POINT('',(-0.429125998231,-0.109722212616,0.99));
#8093 = CARTESIAN_POINT('',(-0.415078085751,-0.106455937949,0.99));
#8094 = CARTESIAN_POINT('',(-0.401866258237,-0.101887603524,0.99));
#8095 = CARTESIAN_POINT('',(-0.389540153153,-9.591829016529E-02,0.99));
#8096 = CARTESIAN_POINT('',(-0.378094371561,-8.861079758089E-02,0.99));
#8097 = CARTESIAN_POINT('',(-0.367518467711,-8.003460686722E-02,0.99));
#8098 = CARTESIAN_POINT('',(-0.357886225861,-7.015376151476E-02,0.99));
#8099 = CARTESIAN_POINT('',(-0.349282720335,-5.906326608135E-02,0.99));
#8100 = CARTESIAN_POINT('',(-0.341704534947,-4.692636777563E-02,0.99));
#8101 = CARTESIAN_POINT('',(-0.335364339977,-3.369717580886E-02,0.99));
#8102 = CARTESIAN_POINT('',(-0.330180832166,-1.944815767226E-02,0.99));
#8103 = CARTESIAN_POINT('',(-0.326162717776,-4.136223862428E-03,0.99));
#8104 = CARTESIAN_POINT('',(-0.323272971753,1.222601530593E-02,0.99));
#8105 = CARTESIAN_POINT('',(-0.321623847162,2.963652798753E-02,0.99));
#8106 = CARTESIAN_POINT('',(-0.321378345324,4.158262508178E-02,0.99));
#8107 = CARTESIAN_POINT('',(-0.32125244235,4.770905232594E-02,0.99));
#8108 = PCURVE('',#7484,#8109);
#8109 = DEFINITIONAL_REPRESENTATION('',(#8110),#8130);
#8110 = B_SPLINE_CURVE_WITH_KNOTS('',3,(#8111,#8112,#8113,#8114,#8115,
    #8116,#8117,#8118,#8119,#8120,#8121,#8122,#8123,#8124,#8125,#8126,
    #8127,#8128,#8129),.UNSPECIFIED.,.F.,.F.,(4,1,1,1,1,1,1,1,1,1,1,1,1,
    1,1,1,4),(0.,6.563988426448E-02,0.12826486331,0.188107053943,
    0.246096754668,0.303046975946,0.359299845024,0.415877841562,
    0.473281786023,0.531802053161,0.591427091622,0.652222704848,
    0.715266201767,0.781131102495,0.850320802019,0.923238635249,1.),
  .UNSPECIFIED.);
#8111 = CARTESIAN_POINT('',(0.138776226807,-1.348738998849E-02));
#8112 = CARTESIAN_POINT('',(0.144016409759,-1.335621096144E-02));
#8113 = CARTESIAN_POINT('',(0.154256088843,-1.309987809063E-02));
#8114 = CARTESIAN_POINT('',(0.169164866049,-1.108633785702E-02));
#8115 = CARTESIAN_POINT('',(0.183212778528,-7.820063189872E-03));
#8116 = CARTESIAN_POINT('',(0.196424606043,-3.251728764765E-03));
#8117 = CARTESIAN_POINT('',(0.208750711126,2.717584593451E-03));
#8118 = CARTESIAN_POINT('',(0.220196492719,1.002507717785E-02));
#8119 = CARTESIAN_POINT('',(0.230772396569,1.860126789152E-02));
#8120 = CARTESIAN_POINT('',(0.240404638419,2.848211324398E-02));
#8121 = CARTESIAN_POINT('',(0.249008143945,3.957260867739E-02));
#8122 = CARTESIAN_POINT('',(0.256586329332,5.170950698311E-02));
#8123 = CARTESIAN_POINT('',(0.262926524303,6.493869894988E-02));
#8124 = CARTESIAN_POINT('',(0.268110032114,7.918771708648E-02));
#8125 = CARTESIAN_POINT('',(0.272128146504,9.449965089631E-02));
#8126 = CARTESIAN_POINT('',(0.275017892527,0.110861890065));
#8127 = CARTESIAN_POINT('',(0.276667017118,0.128272402746));
#8128 = CARTESIAN_POINT('',(0.276912518956,0.140218499841));
#8129 = CARTESIAN_POINT('',(0.277038421929,0.146344927085));
#8130 = ( GEOMETRIC_REPRESENTATION_CONTEXT(2) 
PARAMETRIC_REPRESENTATION_CONTEXT() REPRESENTATION_CONTEXT('2D SPACE',''
  ) );
#8131 = PCURVE('',#8132,#8171);
#8132 = B_SPLINE_SURFACE_WITH_KNOTS('',3,1,(
    (#8133,#8134)
    ,(#8135,#8136)
    ,(#8137,#8138)
    ,(#8139,#8140)
    ,(#8141,#8142)
    ,(#8143,#8144)
    ,(#8145,#8146)
    ,(#8147,#8148)
    ,(#8149,#8150)
    ,(#8151,#8152)
    ,(#8153,#8154)
    ,(#8155,#8156)
    ,(#8157,#8158)
    ,(#8159,#8160)
    ,(#8161,#8162)
    ,(#8163,#8164)
    ,(#8165,#8166)
    ,(#8167,#8168)
    ,(#8169,#8170
    )),.UNSPECIFIED.,.F.,.F.,.F.,(4,1,1,1,1,1,1,1,1,1,1,1,1,1,1,1,4),(2,
    2),(0.,6.563988426448E-02,0.12826486331,0.188107053943,
    0.246096754668,0.303046975946,0.359299845024,0.415877841562,
    0.473281786023,0.531802053161,0.591427091622,0.652222704848,
    0.715266201767,0.781131102495,0.850320802019,0.923238635249,1.),(0.,
    1.),.UNSPECIFIED.);
#8133 = CARTESIAN_POINT('',(-0.459514637472,-0.112123264747,0.99));
#8134 = CARTESIAN_POINT('',(-0.459514637472,-0.112123264747,1.));
#8135 = CARTESIAN_POINT('',(-0.454274454521,-0.11199208572,0.99));
#8136 = CARTESIAN_POINT('',(-0.454274454521,-0.11199208572,1.));
#8137 = CARTESIAN_POINT('',(-0.444034775437,-0.111735752849,0.99));
#8138 = CARTESIAN_POINT('',(-0.444034775437,-0.111735752849,1.));
#8139 = CARTESIAN_POINT('',(-0.429125998231,-0.109722212616,0.99));
#8140 = CARTESIAN_POINT('',(-0.429125998231,-0.109722212616,1.));
#8141 = CARTESIAN_POINT('',(-0.415078085751,-0.106455937949,0.99));
#8142 = CARTESIAN_POINT('',(-0.415078085751,-0.106455937949,1.));
#8143 = CARTESIAN_POINT('',(-0.401866258237,-0.101887603524,0.99));
#8144 = CARTESIAN_POINT('',(-0.401866258237,-0.101887603524,1.));
#8145 = CARTESIAN_POINT('',(-0.389540153153,-9.591829016529E-02,0.99));
#8146 = CARTESIAN_POINT('',(-0.389540153153,-9.591829016529E-02,1.));
#8147 = CARTESIAN_POINT('',(-0.378094371561,-8.861079758089E-02,0.99));
#8148 = CARTESIAN_POINT('',(-0.378094371561,-8.861079758089E-02,1.));
#8149 = CARTESIAN_POINT('',(-0.367518467711,-8.003460686722E-02,0.99));
#8150 = CARTESIAN_POINT('',(-0.367518467711,-8.003460686722E-02,1.));
#8151 = CARTESIAN_POINT('',(-0.357886225861,-7.015376151476E-02,0.99));
#8152 = CARTESIAN_POINT('',(-0.357886225861,-7.015376151476E-02,1.));
#8153 = CARTESIAN_POINT('',(-0.349282720335,-5.906326608135E-02,0.99));
#8154 = CARTESIAN_POINT('',(-0.349282720335,-5.906326608135E-02,1.));
#8155 = CARTESIAN_POINT('',(-0.341704534947,-4.692636777563E-02,0.99));
#8156 = CARTESIAN_POINT('',(-0.341704534947,-4.692636777563E-02,1.));
#8157 = CARTESIAN_POINT('',(-0.335364339977,-3.369717580886E-02,0.99));
#8158 = CARTESIAN_POINT('',(-0.335364339977,-3.369717580886E-02,1.));
#8159 = CARTESIAN_POINT('',(-0.330180832166,-1.944815767226E-02,0.99));
#8160 = CARTESIAN_POINT('',(-0.330180832166,-1.944815767226E-02,1.));
#8161 = CARTESIAN_POINT('',(-0.326162717776,-4.136223862428E-03,0.99));
#8162 = CARTESIAN_POINT('',(-0.326162717776,-4.136223862428E-03,1.));
#8163 = CARTESIAN_POINT('',(-0.323272971753,1.222601530593E-02,0.99));
#8164 = CARTESIAN_POINT('',(-0.323272971753,1.222601530593E-02,1.));
#8165 = CARTESIAN_POINT('',(-0.321623847162,2.963652798753E-02,0.99));
#8166 = CARTESIAN_POINT('',(-0.321623847162,2.963652798753E-02,1.));
#8167 = CARTESIAN_POINT('',(-0.321378345324,4.158262508178E-02,0.99));
#8168 = CARTESIAN_POINT('',(-0.321378345324,4.158262508178E-02,1.));
#8169 = CARTESIAN_POINT('',(-0.32125244235,4.770905232594E-02,0.99));
#8170 = CARTESIAN_POINT('',(-0.32125244235,4.770905232594E-02,1.));
#8171 = DEFINITIONAL_REPRESENTATION('',(#8172),#8176);
#8172 = LINE('',#8173,#8174);
#8173 = CARTESIAN_POINT('',(1.465303452667E-16,4.178764539259E-14));
#8174 = VECTOR('',#8175,1.);
#8175 = DIRECTION('',(1.,-4.440881256479E-14));
#8176 = ( GEOMETRIC_REPRESENTATION_CONTEXT(2) 
PARAMETRIC_REPRESENTATION_CONTEXT() REPRESENTATION_CONTEXT('2D SPACE',''
  ) );
#8177 = ORIENTED_EDGE('',*,*,#8178,.F.);
#8178 = EDGE_CURVE('',#8179,#8085,#8181,.T.);
#8179 = VERTEX_POINT('',#8180);
#8180 = CARTESIAN_POINT('',(-0.594423174058,4.847124744789E-02,0.99));
#8181 = SURFACE_CURVE('',#8182,(#8202,#8225),.PCURVE_S1.);
#8182 = B_SPLINE_CURVE_WITH_KNOTS('',3,(#8183,#8184,#8185,#8186,#8187,
    #8188,#8189,#8190,#8191,#8192,#8193,#8194,#8195,#8196,#8197,#8198,
    #8199,#8200,#8201),.UNSPECIFIED.,.F.,.F.,(4,1,1,1,1,1,1,1,1,1,1,1,1,
    1,1,1,4),(0.,7.537653561428E-02,0.147214824051,0.215895256407,
    0.281937616629,0.345966836093,0.408286801184,0.469669634099,
    0.530779387576,0.590705081074,0.648953654166,0.7059862676,
    0.762816910551,0.81961811615,0.877725643714,0.937532603204,1.),
  .UNSPECIFIED.);
#8183 = CARTESIAN_POINT('',(-0.594423174058,4.847124744789E-02,0.99));
#8184 = CARTESIAN_POINT('',(-0.594307326935,4.254672097208E-02,0.99));
#8185 = CARTESIAN_POINT('',(-0.594081070664,3.097577099922E-02,0.99));
#8186 = CARTESIAN_POINT('',(-0.592282429957,1.408734076968E-02,0.99));
#8187 = CARTESIAN_POINT('',(-0.589460576937,-1.917537083788E-03,0.99));
#8188 = CARTESIAN_POINT('',(-0.585266597909,-1.697872646706E-02,0.99));
#8189 = CARTESIAN_POINT('',(-0.580197358082,-3.124955449425E-02,0.99));
#8190 = CARTESIAN_POINT('',(-0.573589969221,-4.446903328352E-02,0.99));
#8191 = CARTESIAN_POINT('',(-0.566082290703,-5.692556924113E-02,0.99));
#8192 = CARTESIAN_POINT('',(-0.557305863728,-6.829513439682E-02,0.99));
#8193 = CARTESIAN_POINT('',(-0.547673320623,-7.860873366497E-02,0.99));
#8194 = CARTESIAN_POINT('',(-0.537178904456,-8.7564913217E-02,0.99));
#8195 = CARTESIAN_POINT('',(-0.525978598271,-9.519957612944E-02,0.99));
#8196 = CARTESIAN_POINT('',(-0.514037036923,-0.101368123946,0.99));
#8197 = CARTESIAN_POINT('',(-0.501418397949,-0.10623694746,0.99));
#8198 = CARTESIAN_POINT('',(-0.488089418266,-0.109631838332,0.99));
#8199 = CARTESIAN_POINT('',(-0.474039071152,-0.111754409641,0.99));
#8200 = CARTESIAN_POINT('',(-0.464425836737,-0.111998542437,0.99));
#8201 = CARTESIAN_POINT('',(-0.459514637472,-0.112123264747,0.99));
#8202 = PCURVE('',#7484,#8203);
#8203 = DEFINITIONAL_REPRESENTATION('',(#8204),#8224);
#8204 = B_SPLINE_CURVE_WITH_KNOTS('',3,(#8205,#8206,#8207,#8208,#8209,
    #8210,#8211,#8212,#8213,#8214,#8215,#8216,#8217,#8218,#8219,#8220,
    #8221,#8222,#8223),.UNSPECIFIED.,.F.,.F.,(4,1,1,1,1,1,1,1,1,1,1,1,1,
    1,1,1,4),(0.,7.537653561428E-02,0.147214824051,0.215895256407,
    0.281937616629,0.345966836093,0.408286801184,0.469669634099,
    0.530779387576,0.590705081074,0.648953654166,0.7059862676,
    0.762816910551,0.81961811615,0.877725643714,0.937532603204,1.),
  .UNSPECIFIED.);
#8205 = CARTESIAN_POINT('',(3.867690222027E-03,0.147107122207));
#8206 = CARTESIAN_POINT('',(3.983537345233E-03,0.141182595731));
#8207 = CARTESIAN_POINT('',(4.209793616107E-03,0.129611645758));
#8208 = CARTESIAN_POINT('',(6.008434322975E-03,0.112723215528));
#8209 = CARTESIAN_POINT('',(8.830287342268E-03,9.671833767495E-02));
#8210 = CARTESIAN_POINT('',(1.302426637029E-02,8.165714829168E-02));
#8211 = CARTESIAN_POINT('',(1.809350619764E-02,6.73863202645E-02));
#8212 = CARTESIAN_POINT('',(2.470089505917E-02,5.416684147522E-02));
#8213 = CARTESIAN_POINT('',(3.220857357652E-02,4.171030551761E-02));
#8214 = CARTESIAN_POINT('',(4.098500055207E-02,3.034074036192E-02));
#8215 = CARTESIAN_POINT('',(5.061754365712E-02,2.002714109377E-02));
#8216 = CARTESIAN_POINT('',(6.111195982365E-02,1.107096154174E-02));
#8217 = CARTESIAN_POINT('',(7.231226600902E-02,3.436298629299E-03));
#8218 = CARTESIAN_POINT('',(8.42538273564E-02,-2.732249186806E-03));
#8219 = CARTESIAN_POINT('',(9.687246633112E-02,-7.601072701668E-03));
#8220 = CARTESIAN_POINT('',(0.110201446014,-1.099596357362E-02));
#8221 = CARTESIAN_POINT('',(0.124251793128,-1.311853488259E-02));
#8222 = CARTESIAN_POINT('',(0.133865027543,-1.336266767815E-02));
#8223 = CARTESIAN_POINT('',(0.138776226807,-1.348738998849E-02));
#8224 = ( GEOMETRIC_REPRESENTATION_CONTEXT(2) 
PARAMETRIC_REPRESENTATION_CONTEXT() REPRESENTATION_CONTEXT('2D SPACE',''
  ) );
#8225 = PCURVE('',#8226,#8265);
#8226 = B_SPLINE_SURFACE_WITH_KNOTS('',3,1,(
    (#8227,#8228)
    ,(#8229,#8230)
    ,(#8231,#8232)
    ,(#8233,#8234)
    ,(#8235,#8236)
    ,(#8237,#8238)
    ,(#8239,#8240)
    ,(#8241,#8242)
    ,(#8243,#8244)
    ,(#8245,#8246)
    ,(#8247,#8248)
    ,(#8249,#8250)
    ,(#8251,#8252)
    ,(#8253,#8254)
    ,(#8255,#8256)
    ,(#8257,#8258)
    ,(#8259,#8260)
    ,(#8261,#8262)
    ,(#8263,#8264
    )),.UNSPECIFIED.,.F.,.F.,.F.,(4,1,1,1,1,1,1,1,1,1,1,1,1,1,1,1,4),(2,
    2),(0.,7.537653561428E-02,0.147214824051,0.215895256407,
    0.281937616629,0.345966836093,0.408286801184,0.469669634099,
    0.530779387576,0.590705081074,0.648953654166,0.7059862676,
    0.762816910551,0.81961811615,0.877725643714,0.937532603204,1.),(0.,
    1.),.UNSPECIFIED.);
#8227 = CARTESIAN_POINT('',(-0.594423174058,4.847124744789E-02,0.99));
#8228 = CARTESIAN_POINT('',(-0.594423174058,4.847124744789E-02,1.));
#8229 = CARTESIAN_POINT('',(-0.594307326935,4.254672097208E-02,0.99));
#8230 = CARTESIAN_POINT('',(-0.594307326935,4.254672097208E-02,1.));
#8231 = CARTESIAN_POINT('',(-0.594081070664,3.097577099922E-02,0.99));
#8232 = CARTESIAN_POINT('',(-0.594081070664,3.097577099922E-02,1.));
#8233 = CARTESIAN_POINT('',(-0.592282429957,1.408734076968E-02,0.99));
#8234 = CARTESIAN_POINT('',(-0.592282429957,1.408734076968E-02,1.));
#8235 = CARTESIAN_POINT('',(-0.589460576937,-1.917537083788E-03,0.99));
#8236 = CARTESIAN_POINT('',(-0.589460576937,-1.917537083788E-03,1.));
#8237 = CARTESIAN_POINT('',(-0.585266597909,-1.697872646706E-02,0.99));
#8238 = CARTESIAN_POINT('',(-0.585266597909,-1.697872646706E-02,1.));
#8239 = CARTESIAN_POINT('',(-0.580197358082,-3.124955449425E-02,0.99));
#8240 = CARTESIAN_POINT('',(-0.580197358082,-3.124955449425E-02,1.));
#8241 = CARTESIAN_POINT('',(-0.573589969221,-4.446903328352E-02,0.99));
#8242 = CARTESIAN_POINT('',(-0.573589969221,-4.446903328352E-02,1.));
#8243 = CARTESIAN_POINT('',(-0.566082290703,-5.692556924113E-02,0.99));
#8244 = CARTESIAN_POINT('',(-0.566082290703,-5.692556924113E-02,1.));
#8245 = CARTESIAN_POINT('',(-0.557305863728,-6.829513439682E-02,0.99));
#8246 = CARTESIAN_POINT('',(-0.557305863728,-6.829513439682E-02,1.));
#8247 = CARTESIAN_POINT('',(-0.547673320623,-7.860873366497E-02,0.99));
#8248 = CARTESIAN_POINT('',(-0.547673320623,-7.860873366497E-02,1.));
#8249 = CARTESIAN_POINT('',(-0.537178904456,-8.7564913217E-02,0.99));
#8250 = CARTESIAN_POINT('',(-0.537178904456,-8.7564913217E-02,1.));
#8251 = CARTESIAN_POINT('',(-0.525978598271,-9.519957612944E-02,0.99));
#8252 = CARTESIAN_POINT('',(-0.525978598271,-9.519957612944E-02,1.));
#8253 = CARTESIAN_POINT('',(-0.514037036923,-0.101368123946,0.99));
#8254 = CARTESIAN_POINT('',(-0.514037036923,-0.101368123946,1.));
#8255 = CARTESIAN_POINT('',(-0.501418397949,-0.10623694746,0.99));
#8256 = CARTESIAN_POINT('',(-0.501418397949,-0.10623694746,1.));
#8257 = CARTESIAN_POINT('',(-0.488089418266,-0.109631838332,0.99));
#8258 = CARTESIAN_POINT('',(-0.488089418266,-0.109631838332,1.));
#8259 = CARTESIAN_POINT('',(-0.474039071152,-0.111754409641,0.99));
#8260 = CARTESIAN_POINT('',(-0.474039071152,-0.111754409641,1.));
#8261 = CARTESIAN_POINT('',(-0.464425836737,-0.111998542437,0.99));
#8262 = CARTESIAN_POINT('',(-0.464425836737,-0.111998542437,1.));
#8263 = CARTESIAN_POINT('',(-0.459514637472,-0.112123264747,0.99));
#8264 = CARTESIAN_POINT('',(-0.459514637472,-0.112123264747,1.));
#8265 = DEFINITIONAL_REPRESENTATION('',(#8266),#8270);
#8266 = LINE('',#8267,#8268);
#8267 = CARTESIAN_POINT('',(-1.730468252111E-17,-2.589725309199E-15));
#8268 = VECTOR('',#8269,1.);
#8269 = DIRECTION('',(1.,4.440881256479E-14));
#8270 = ( GEOMETRIC_REPRESENTATION_CONTEXT(2) 
PARAMETRIC_REPRESENTATION_CONTEXT() REPRESENTATION_CONTEXT('2D SPACE',''
  ) );
#8271 = ORIENTED_EDGE('',*,*,#8272,.F.);
#8272 = EDGE_CURVE('',#7991,#8179,#8273,.T.);
#8273 = SURFACE_CURVE('',#8274,(#8294,#8317),.PCURVE_S1.);
#8274 = B_SPLINE_CURVE_WITH_KNOTS('',3,(#8275,#8276,#8277,#8278,#8279,
    #8280,#8281,#8282,#8283,#8284,#8285,#8286,#8287,#8288,#8289,#8290,
    #8291,#8292,#8293),.UNSPECIFIED.,.F.,.F.,(4,1,1,1,1,1,1,1,1,1,1,1,1,
    1,1,1,4),(0.,6.32829432072E-02,0.123969884755,0.182589940247,
    0.240288029851,0.297554289907,0.355113519332,0.413778771481,
    0.474078972178,0.535517162962,0.596909707799,0.658879869505,
    0.722332531684,0.787636261508,0.855577161476,0.926201836201,1.),
  .UNSPECIFIED.);
#8275 = CARTESIAN_POINT('',(-0.456160978936,0.209827954765,0.99));
#8276 = CARTESIAN_POINT('',(-0.461200160217,0.20971155589,0.99));
#8277 = CARTESIAN_POINT('',(-0.471071804788,0.20948353307,0.99));
#8278 = CARTESIAN_POINT('',(-0.485463915254,0.207244136264,0.99));
#8279 = CARTESIAN_POINT('',(-0.499157091617,0.203863616415,0.99));
#8280 = CARTESIAN_POINT('',(-0.512117745976,0.198973401847,0.99));
#8281 = CARTESIAN_POINT('',(-0.524283615171,0.192556108489,0.99));
#8282 = CARTESIAN_POINT('',(-0.535824137845,0.184928503351,0.99));
#8283 = CARTESIAN_POINT('',(-0.546520824591,0.175771728632,0.99));
#8284 = CARTESIAN_POINT('',(-0.556396742316,0.165322919912,0.99));
#8285 = CARTESIAN_POINT('',(-0.56535839209,0.153800802199,0.99));
#8286 = CARTESIAN_POINT('',(-0.573164498632,0.141309124338,0.99));
#8287 = CARTESIAN_POINT('',(-0.579766576554,0.127961136815,0.99));
#8288 = CARTESIAN_POINT('',(-0.585073973669,0.113717870752,0.99));
#8289 = CARTESIAN_POINT('',(-0.589270927583,9.862150314601E-02,0.99));
#8290 = CARTESIAN_POINT('',(-0.592327401581,8.267034999177E-02,0.99));
#8291 = CARTESIAN_POINT('',(-0.594065423414,6.583727637819E-02,0.99));
#8292 = CARTESIAN_POINT('',(-0.594302189642,5.434410585242E-02,0.99));
#8293 = CARTESIAN_POINT('',(-0.594423174058,4.847124744789E-02,0.99));
#8294 = PCURVE('',#7484,#8295);
#8295 = DEFINITIONAL_REPRESENTATION('',(#8296),#8316);
#8296 = B_SPLINE_CURVE_WITH_KNOTS('',3,(#8297,#8298,#8299,#8300,#8301,
    #8302,#8303,#8304,#8305,#8306,#8307,#8308,#8309,#8310,#8311,#8312,
    #8313,#8314,#8315),.UNSPECIFIED.,.F.,.F.,(4,1,1,1,1,1,1,1,1,1,1,1,1,
    1,1,1,4),(0.,6.32829432072E-02,0.123969884755,0.182589940247,
    0.240288029851,0.297554289907,0.355113519332,0.413778771481,
    0.474078972178,0.535517162962,0.596909707799,0.658879869505,
    0.722332531684,0.787636261508,0.855577161476,0.926201836201,1.),
  .UNSPECIFIED.);
#8297 = CARTESIAN_POINT('',(0.142129885344,0.308463829524));
#8298 = CARTESIAN_POINT('',(0.137090704062,0.308347430649));
#8299 = CARTESIAN_POINT('',(0.127219059492,0.308119407829));
#8300 = CARTESIAN_POINT('',(0.112826949026,0.305880011022));
#8301 = CARTESIAN_POINT('',(9.91337726624E-02,0.302499491174));
#8302 = CARTESIAN_POINT('',(8.617311830391E-02,0.297609276606));
#8303 = CARTESIAN_POINT('',(7.400724910845E-02,0.291191983248));
#8304 = CARTESIAN_POINT('',(6.246672643445E-02,0.283564378109));
#8305 = CARTESIAN_POINT('',(5.177003968852E-02,0.274407603391));
#8306 = CARTESIAN_POINT('',(4.189412196366E-02,0.26395879467));
#8307 = CARTESIAN_POINT('',(3.293247219022E-02,0.252436676958));
#8308 = CARTESIAN_POINT('',(2.51263656478E-02,0.239944999097));
#8309 = CARTESIAN_POINT('',(1.852428772564E-02,0.226597011574));
#8310 = CARTESIAN_POINT('',(1.321689061052E-02,0.212353745511));
#8311 = CARTESIAN_POINT('',(9.019936696901E-03,0.197257377905));
#8312 = CARTESIAN_POINT('',(5.963462699041E-03,0.181306224751));
#8313 = CARTESIAN_POINT('',(4.225440865292E-03,0.164473151137));
#8314 = CARTESIAN_POINT('',(3.988674638237E-03,0.152979980611));
#8315 = CARTESIAN_POINT('',(3.867690222027E-03,0.147107122207));
#8316 = ( GEOMETRIC_REPRESENTATION_CONTEXT(2) 
PARAMETRIC_REPRESENTATION_CONTEXT() REPRESENTATION_CONTEXT('2D SPACE',''
  ) );
#8317 = PCURVE('',#8318,#8357);
#8318 = B_SPLINE_SURFACE_WITH_KNOTS('',3,1,(
    (#8319,#8320)
    ,(#8321,#8322)
    ,(#8323,#8324)
    ,(#8325,#8326)
    ,(#8327,#8328)
    ,(#8329,#8330)
    ,(#8331,#8332)
    ,(#8333,#8334)
    ,(#8335,#8336)
    ,(#8337,#8338)
    ,(#8339,#8340)
    ,(#8341,#8342)
    ,(#8343,#8344)
    ,(#8345,#8346)
    ,(#8347,#8348)
    ,(#8349,#8350)
    ,(#8351,#8352)
    ,(#8353,#8354)
    ,(#8355,#8356
    )),.UNSPECIFIED.,.F.,.F.,.F.,(4,1,1,1,1,1,1,1,1,1,1,1,1,1,1,1,4),(2,
    2),(0.,6.32829432072E-02,0.123969884755,0.182589940247,
    0.240288029851,0.297554289907,0.355113519332,0.413778771481,
    0.474078972178,0.535517162962,0.596909707799,0.658879869505,
    0.722332531684,0.787636261508,0.855577161476,0.926201836201,1.),(0.,
    1.),.UNSPECIFIED.);
#8319 = CARTESIAN_POINT('',(-0.456160978936,0.209827954765,0.99));
#8320 = CARTESIAN_POINT('',(-0.456160978936,0.209827954765,1.));
#8321 = CARTESIAN_POINT('',(-0.461200160217,0.20971155589,0.99));
#8322 = CARTESIAN_POINT('',(-0.461200160217,0.20971155589,1.));
#8323 = CARTESIAN_POINT('',(-0.471071804788,0.20948353307,0.99));
#8324 = CARTESIAN_POINT('',(-0.471071804788,0.20948353307,1.));
#8325 = CARTESIAN_POINT('',(-0.485463915254,0.207244136264,0.99));
#8326 = CARTESIAN_POINT('',(-0.485463915254,0.207244136264,1.));
#8327 = CARTESIAN_POINT('',(-0.499157091617,0.203863616415,0.99));
#8328 = CARTESIAN_POINT('',(-0.499157091617,0.203863616415,1.));
#8329 = CARTESIAN_POINT('',(-0.512117745976,0.198973401847,0.99));
#8330 = CARTESIAN_POINT('',(-0.512117745976,0.198973401847,1.));
#8331 = CARTESIAN_POINT('',(-0.524283615171,0.192556108489,0.99));
#8332 = CARTESIAN_POINT('',(-0.524283615171,0.192556108489,1.));
#8333 = CARTESIAN_POINT('',(-0.535824137845,0.184928503351,0.99));
#8334 = CARTESIAN_POINT('',(-0.535824137845,0.184928503351,1.));
#8335 = CARTESIAN_POINT('',(-0.546520824591,0.175771728632,0.99));
#8336 = CARTESIAN_POINT('',(-0.546520824591,0.175771728632,1.));
#8337 = CARTESIAN_POINT('',(-0.556396742316,0.165322919912,0.99));
#8338 = CARTESIAN_POINT('',(-0.556396742316,0.165322919912,1.));
#8339 = CARTESIAN_POINT('',(-0.56535839209,0.153800802199,0.99));
#8340 = CARTESIAN_POINT('',(-0.56535839209,0.153800802199,1.));
#8341 = CARTESIAN_POINT('',(-0.573164498632,0.141309124338,0.99));
#8342 = CARTESIAN_POINT('',(-0.573164498632,0.141309124338,1.));
#8343 = CARTESIAN_POINT('',(-0.579766576554,0.127961136815,0.99));
#8344 = CARTESIAN_POINT('',(-0.579766576554,0.127961136815,1.));
#8345 = CARTESIAN_POINT('',(-0.585073973669,0.113717870752,0.99));
#8346 = CARTESIAN_POINT('',(-0.585073973669,0.113717870752,1.));
#8347 = CARTESIAN_POINT('',(-0.589270927583,9.862150314601E-02,0.99));
#8348 = CARTESIAN_POINT('',(-0.589270927583,9.862150314601E-02,1.));
#8349 = CARTESIAN_POINT('',(-0.592327401581,8.267034999177E-02,0.99));
#8350 = CARTESIAN_POINT('',(-0.592327401581,8.267034999177E-02,1.));
#8351 = CARTESIAN_POINT('',(-0.594065423414,6.583727637819E-02,0.99));
#8352 = CARTESIAN_POINT('',(-0.594065423414,6.583727637819E-02,1.));
#8353 = CARTESIAN_POINT('',(-0.594302189642,5.434410585242E-02,0.99));
#8354 = CARTESIAN_POINT('',(-0.594302189642,5.434410585242E-02,1.));
#8355 = CARTESIAN_POINT('',(-0.594423174058,4.847124744789E-02,0.99));
#8356 = CARTESIAN_POINT('',(-0.594423174058,4.847124744789E-02,1.));
#8357 = DEFINITIONAL_REPRESENTATION('',(#8358),#8362);
#8358 = LINE('',#8359,#8360);
#8359 = CARTESIAN_POINT('',(4.293633132077E-17,-2.589725309199E-15));
#8360 = VECTOR('',#8361,1.);
#8361 = DIRECTION('',(1.,2.22044604925E-14));
#8362 = ( GEOMETRIC_REPRESENTATION_CONTEXT(2) 
PARAMETRIC_REPRESENTATION_CONTEXT() REPRESENTATION_CONTEXT('2D SPACE',''
  ) );
#8363 = FACE_BOUND('',#8364,.T.);
#8364 = EDGE_LOOP('',(#8365,#8366,#8367,#8368,#8369,#8370,#8371,#8372,
    #8373));
#8365 = ORIENTED_EDGE('',*,*,#7452,.F.);
#8366 = ORIENTED_EDGE('',*,*,#7955,.F.);
#8367 = ORIENTED_EDGE('',*,*,#7907,.F.);
#8368 = ORIENTED_EDGE('',*,*,#7858,.F.);
#8369 = ORIENTED_EDGE('',*,*,#7809,.F.);
#8370 = ORIENTED_EDGE('',*,*,#7757,.F.);
#8371 = ORIENTED_EDGE('',*,*,#7694,.F.);
#8372 = ORIENTED_EDGE('',*,*,#7615,.F.);
#8373 = ORIENTED_EDGE('',*,*,#7536,.F.);
#8374 = ADVANCED_FACE('',(#8375),#8318,.T.);
#8375 = FACE_BOUND('',#8376,.T.);
#8376 = EDGE_LOOP('',(#8377,#8439,#8458,#8459));
#8377 = ORIENTED_EDGE('',*,*,#8378,.F.);
#8378 = EDGE_CURVE('',#8379,#8381,#8383,.T.);
#8379 = VERTEX_POINT('',#8380);
#8380 = CARTESIAN_POINT('',(-0.456160978936,0.209827954765,1.));
#8381 = VERTEX_POINT('',#8382);
#8382 = CARTESIAN_POINT('',(-0.594423174058,4.847124744789E-02,1.));
#8383 = SURFACE_CURVE('',#8384,(#8404,#8411),.PCURVE_S1.);
#8384 = B_SPLINE_CURVE_WITH_KNOTS('',3,(#8385,#8386,#8387,#8388,#8389,
    #8390,#8391,#8392,#8393,#8394,#8395,#8396,#8397,#8398,#8399,#8400,
    #8401,#8402,#8403),.UNSPECIFIED.,.F.,.F.,(4,1,1,1,1,1,1,1,1,1,1,1,1,
    1,1,1,4),(0.,6.32829432072E-02,0.123969884755,0.182589940247,
    0.240288029851,0.297554289907,0.355113519332,0.413778771481,
    0.474078972178,0.535517162962,0.596909707799,0.658879869505,
    0.722332531684,0.787636261508,0.855577161476,0.926201836201,1.),
  .UNSPECIFIED.);
#8385 = CARTESIAN_POINT('',(-0.456160978936,0.209827954765,1.));
#8386 = CARTESIAN_POINT('',(-0.461200160217,0.20971155589,1.));
#8387 = CARTESIAN_POINT('',(-0.471071804788,0.20948353307,1.));
#8388 = CARTESIAN_POINT('',(-0.485463915254,0.207244136264,1.));
#8389 = CARTESIAN_POINT('',(-0.499157091617,0.203863616415,1.));
#8390 = CARTESIAN_POINT('',(-0.512117745976,0.198973401847,1.));
#8391 = CARTESIAN_POINT('',(-0.524283615171,0.192556108489,1.));
#8392 = CARTESIAN_POINT('',(-0.535824137845,0.184928503351,1.));
#8393 = CARTESIAN_POINT('',(-0.546520824591,0.175771728632,1.));
#8394 = CARTESIAN_POINT('',(-0.556396742316,0.165322919912,1.));
#8395 = CARTESIAN_POINT('',(-0.56535839209,0.153800802199,1.));
#8396 = CARTESIAN_POINT('',(-0.573164498632,0.141309124338,1.));
#8397 = CARTESIAN_POINT('',(-0.579766576554,0.127961136815,1.));
#8398 = CARTESIAN_POINT('',(-0.585073973669,0.113717870752,1.));
#8399 = CARTESIAN_POINT('',(-0.589270927583,9.862150314601E-02,1.));
#8400 = CARTESIAN_POINT('',(-0.592327401581,8.267034999177E-02,1.));
#8401 = CARTESIAN_POINT('',(-0.594065423414,6.583727637819E-02,1.));
#8402 = CARTESIAN_POINT('',(-0.594302189642,5.434410585242E-02,1.));
#8403 = CARTESIAN_POINT('',(-0.594423174058,4.847124744789E-02,1.));
#8404 = PCURVE('',#8318,#8405);
#8405 = DEFINITIONAL_REPRESENTATION('',(#8406),#8410);
#8406 = LINE('',#8407,#8408);
#8407 = CARTESIAN_POINT('',(4.02539975658E-17,1.));
#8408 = VECTOR('',#8409,1.);
#8409 = DIRECTION('',(1.,5.551115123126E-14));
#8410 = ( GEOMETRIC_REPRESENTATION_CONTEXT(2) 
PARAMETRIC_REPRESENTATION_CONTEXT() REPRESENTATION_CONTEXT('2D SPACE',''
  ) );
#8411 = PCURVE('',#8412,#8417);
#8412 = PLANE('',#8413);
#8413 = AXIS2_PLACEMENT_3D('',#8414,#8415,#8416);
#8414 = CARTESIAN_POINT('',(0.,0.,1.));
#8415 = DIRECTION('',(0.,0.,-1.));
#8416 = DIRECTION('',(-1.,0.,-0.));
#8417 = DEFINITIONAL_REPRESENTATION('',(#8418),#8438);
#8418 = B_SPLINE_CURVE_WITH_KNOTS('',3,(#8419,#8420,#8421,#8422,#8423,
    #8424,#8425,#8426,#8427,#8428,#8429,#8430,#8431,#8432,#8433,#8434,
    #8435,#8436,#8437),.UNSPECIFIED.,.F.,.F.,(4,1,1,1,1,1,1,1,1,1,1,1,1,
    1,1,1,4),(0.,6.32829432072E-02,0.123969884755,0.182589940247,
    0.240288029851,0.297554289907,0.355113519332,0.413778771481,
    0.474078972178,0.535517162962,0.596909707799,0.658879869505,
    0.722332531684,0.787636261508,0.855577161476,0.926201836201,1.),
  .UNSPECIFIED.);
#8419 = CARTESIAN_POINT('',(0.456160978936,0.209827954765));
#8420 = CARTESIAN_POINT('',(0.461200160217,0.20971155589));
#8421 = CARTESIAN_POINT('',(0.471071804788,0.20948353307));
#8422 = CARTESIAN_POINT('',(0.485463915254,0.207244136264));
#8423 = CARTESIAN_POINT('',(0.499157091617,0.203863616415));
#8424 = CARTESIAN_POINT('',(0.512117745976,0.198973401847));
#8425 = CARTESIAN_POINT('',(0.524283615171,0.192556108489));
#8426 = CARTESIAN_POINT('',(0.535824137845,0.184928503351));
#8427 = CARTESIAN_POINT('',(0.546520824591,0.175771728632));
#8428 = CARTESIAN_POINT('',(0.556396742316,0.165322919912));
#8429 = CARTESIAN_POINT('',(0.56535839209,0.153800802199));
#8430 = CARTESIAN_POINT('',(0.573164498632,0.141309124338));
#8431 = CARTESIAN_POINT('',(0.579766576554,0.127961136815));
#8432 = CARTESIAN_POINT('',(0.585073973669,0.113717870752));
#8433 = CARTESIAN_POINT('',(0.589270927583,9.862150314601E-02));
#8434 = CARTESIAN_POINT('',(0.592327401581,8.267034999177E-02));
#8435 = CARTESIAN_POINT('',(0.594065423414,6.583727637819E-02));
#8436 = CARTESIAN_POINT('',(0.594302189642,5.434410585242E-02));
#8437 = CARTESIAN_POINT('',(0.594423174058,4.847124744789E-02));
#8438 = ( GEOMETRIC_REPRESENTATION_CONTEXT(2) 
PARAMETRIC_REPRESENTATION_CONTEXT() REPRESENTATION_CONTEXT('2D SPACE',''
  ) );
#8439 = ORIENTED_EDGE('',*,*,#8440,.F.);
#8440 = EDGE_CURVE('',#7991,#8379,#8441,.T.);
#8441 = SURFACE_CURVE('',#8442,(#8446,#8452),.PCURVE_S1.);
#8442 = LINE('',#8443,#8444);
#8443 = CARTESIAN_POINT('',(-0.456160978936,0.209827954765,0.99));
#8444 = VECTOR('',#8445,1.);
#8445 = DIRECTION('',(-0.,-0.,1.));
#8446 = PCURVE('',#8318,#8447);
#8447 = DEFINITIONAL_REPRESENTATION('',(#8448),#8451);
#8448 = B_SPLINE_CURVE_WITH_KNOTS('',1,(#8449,#8450),.UNSPECIFIED.,.F.,
  .F.,(2,2),(0.,1.E-02),.PIECEWISE_BEZIER_KNOTS.);
#8449 = CARTESIAN_POINT('',(4.02539975658E-17,-2.589725309199E-15));
#8450 = CARTESIAN_POINT('',(4.293633132077E-17,1.));
#8451 = ( GEOMETRIC_REPRESENTATION_CONTEXT(2) 
PARAMETRIC_REPRESENTATION_CONTEXT() REPRESENTATION_CONTEXT('2D SPACE',''
  ) );
#8452 = PCURVE('',#8038,#8453);
#8453 = DEFINITIONAL_REPRESENTATION('',(#8454),#8457);
#8454 = B_SPLINE_CURVE_WITH_KNOTS('',1,(#8455,#8456),.UNSPECIFIED.,.F.,
  .F.,(2,2),(0.,1.E-02),.PIECEWISE_BEZIER_KNOTS.);
#8455 = CARTESIAN_POINT('',(1.,-2.636888103702E-15));
#8456 = CARTESIAN_POINT('',(1.,1.));
#8457 = ( GEOMETRIC_REPRESENTATION_CONTEXT(2) 
PARAMETRIC_REPRESENTATION_CONTEXT() REPRESENTATION_CONTEXT('2D SPACE',''
  ) );
#8458 = ORIENTED_EDGE('',*,*,#8272,.T.);
#8459 = ORIENTED_EDGE('',*,*,#8460,.T.);
#8460 = EDGE_CURVE('',#8179,#8381,#8461,.T.);
#8461 = SURFACE_CURVE('',#8462,(#8466,#8472),.PCURVE_S1.);
#8462 = LINE('',#8463,#8464);
#8463 = CARTESIAN_POINT('',(-0.594423174058,4.847124744789E-02,0.99));
#8464 = VECTOR('',#8465,1.);
#8465 = DIRECTION('',(-0.,-0.,1.));
#8466 = PCURVE('',#8318,#8467);
#8467 = DEFINITIONAL_REPRESENTATION('',(#8468),#8471);
#8468 = B_SPLINE_CURVE_WITH_KNOTS('',1,(#8469,#8470),.UNSPECIFIED.,.F.,
  .F.,(2,2),(0.,1.E-02),.PIECEWISE_BEZIER_KNOTS.);
#8469 = CARTESIAN_POINT('',(1.,1.96147351833E-14));
#8470 = CARTESIAN_POINT('',(1.,1.));
#8471 = ( GEOMETRIC_REPRESENTATION_CONTEXT(2) 
PARAMETRIC_REPRESENTATION_CONTEXT() REPRESENTATION_CONTEXT('2D SPACE',''
  ) );
#8472 = PCURVE('',#8226,#8473);
#8473 = DEFINITIONAL_REPRESENTATION('',(#8474),#8477);
#8474 = B_SPLINE_CURVE_WITH_KNOTS('',1,(#8475,#8476),.UNSPECIFIED.,.F.,
  .F.,(2,2),(0.,1.E-02),.PIECEWISE_BEZIER_KNOTS.);
#8475 = CARTESIAN_POINT('',(-1.730468252111E-17,-2.589725309199E-15));
#8476 = CARTESIAN_POINT('',(-1.730468252111E-17,1.));
#8477 = ( GEOMETRIC_REPRESENTATION_CONTEXT(2) 
PARAMETRIC_REPRESENTATION_CONTEXT() REPRESENTATION_CONTEXT('2D SPACE',''
  ) );
#8478 = ADVANCED_FACE('',(#8479),#8038,.T.);
#8479 = FACE_BOUND('',#8480,.T.);
#8480 = EDGE_LOOP('',(#8481,#8536,#8555,#8556));
#8481 = ORIENTED_EDGE('',*,*,#8482,.F.);
#8482 = EDGE_CURVE('',#8483,#8379,#8485,.T.);
#8483 = VERTEX_POINT('',#8484);
#8484 = CARTESIAN_POINT('',(-0.32125244235,4.770905232594E-02,1.));
#8485 = SURFACE_CURVE('',#8486,(#8506,#8513),.PCURVE_S1.);
#8486 = B_SPLINE_CURVE_WITH_KNOTS('',3,(#8487,#8488,#8489,#8490,#8491,
    #8492,#8493,#8494,#8495,#8496,#8497,#8498,#8499,#8500,#8501,#8502,
    #8503,#8504,#8505),.UNSPECIFIED.,.F.,.F.,(4,1,1,1,1,1,1,1,1,1,1,1,1,
    1,1,1,4),(0.,7.882367990627E-02,0.153511023328,0.224361206375,
    0.291439198728,0.355405679137,0.416919846707,0.476441482171,
    0.534946625346,0.592255947574,0.647966227232,0.703705724292,
    0.759628394094,0.816234705127,0.874959458738,0.935817534038,1.),
  .UNSPECIFIED.);
#8487 = CARTESIAN_POINT('',(-0.32125244235,4.770905232594E-02,1.));
#8488 = CARTESIAN_POINT('',(-0.321334720834,5.398910961334E-02,1.));
#8489 = CARTESIAN_POINT('',(-0.321494960173,6.621967309244E-02,1.));
#8490 = CARTESIAN_POINT('',(-0.32331844568,8.401768464312E-02,1.));
#8491 = CARTESIAN_POINT('',(-0.326097089498,0.100730510811,1.));
#8492 = CARTESIAN_POINT('',(-0.329915916562,0.116375742909,1.));
#8493 = CARTESIAN_POINT('',(-0.335081188843,0.130839945159,1.));
#8494 = CARTESIAN_POINT('',(-0.341212963466,0.144263417333,1.));
#8495 = CARTESIAN_POINT('',(-0.348586963527,0.15655084165,1.));
#8496 = CARTESIAN_POINT('',(-0.357045253043,0.167697024365,1.));
#8497 = CARTESIAN_POINT('',(-0.366488140322,0.177610244781,1.));
#8498 = CARTESIAN_POINT('',(-0.376820123414,0.186249915049,1.));
#8499 = CARTESIAN_POINT('',(-0.387972181187,0.193610821848,1.));
#8500 = CARTESIAN_POINT('',(-0.400012330387,0.199570441386,1.));
#8501 = CARTESIAN_POINT('',(-0.412882320596,0.204178044265,1.));
#8502 = CARTESIAN_POINT('',(-0.426560529402,0.207407784652,1.));
#8503 = CARTESIAN_POINT('',(-0.441084705588,0.209448393629,1.));
#8504 = CARTESIAN_POINT('',(-0.45104726462,0.209699211596,1.));
#8505 = CARTESIAN_POINT('',(-0.456160978936,0.209827954765,1.));
#8506 = PCURVE('',#8038,#8507);
#8507 = DEFINITIONAL_REPRESENTATION('',(#8508),#8512);
#8508 = LINE('',#8509,#8510);
#8509 = CARTESIAN_POINT('',(1.016679005492E-17,1.));
#8510 = VECTOR('',#8511,1.);
#8511 = DIRECTION('',(1.,1.110223024625E-16));
#8512 = ( GEOMETRIC_REPRESENTATION_CONTEXT(2) 
PARAMETRIC_REPRESENTATION_CONTEXT() REPRESENTATION_CONTEXT('2D SPACE',''
  ) );
#8513 = PCURVE('',#8412,#8514);
#8514 = DEFINITIONAL_REPRESENTATION('',(#8515),#8535);
#8515 = B_SPLINE_CURVE_WITH_KNOTS('',3,(#8516,#8517,#8518,#8519,#8520,
    #8521,#8522,#8523,#8524,#8525,#8526,#8527,#8528,#8529,#8530,#8531,
    #8532,#8533,#8534),.UNSPECIFIED.,.F.,.F.,(4,1,1,1,1,1,1,1,1,1,1,1,1,
    1,1,1,4),(0.,7.882367990627E-02,0.153511023328,0.224361206375,
    0.291439198728,0.355405679137,0.416919846707,0.476441482171,
    0.534946625346,0.592255947574,0.647966227232,0.703705724292,
    0.759628394094,0.816234705127,0.874959458738,0.935817534038,1.),
  .UNSPECIFIED.);
#8516 = CARTESIAN_POINT('',(0.32125244235,4.770905232594E-02));
#8517 = CARTESIAN_POINT('',(0.321334720834,5.398910961334E-02));
#8518 = CARTESIAN_POINT('',(0.321494960173,6.621967309244E-02));
#8519 = CARTESIAN_POINT('',(0.32331844568,8.401768464312E-02));
#8520 = CARTESIAN_POINT('',(0.326097089498,0.100730510811));
#8521 = CARTESIAN_POINT('',(0.329915916562,0.116375742909));
#8522 = CARTESIAN_POINT('',(0.335081188843,0.130839945159));
#8523 = CARTESIAN_POINT('',(0.341212963466,0.144263417333));
#8524 = CARTESIAN_POINT('',(0.348586963527,0.15655084165));
#8525 = CARTESIAN_POINT('',(0.357045253043,0.167697024365));
#8526 = CARTESIAN_POINT('',(0.366488140322,0.177610244781));
#8527 = CARTESIAN_POINT('',(0.376820123414,0.186249915049));
#8528 = CARTESIAN_POINT('',(0.387972181187,0.193610821848));
#8529 = CARTESIAN_POINT('',(0.400012330387,0.199570441386));
#8530 = CARTESIAN_POINT('',(0.412882320596,0.204178044265));
#8531 = CARTESIAN_POINT('',(0.426560529402,0.207407784652));
#8532 = CARTESIAN_POINT('',(0.441084705588,0.209448393629));
#8533 = CARTESIAN_POINT('',(0.45104726462,0.209699211596));
#8534 = CARTESIAN_POINT('',(0.456160978936,0.209827954765));
#8535 = ( GEOMETRIC_REPRESENTATION_CONTEXT(2) 
PARAMETRIC_REPRESENTATION_CONTEXT() REPRESENTATION_CONTEXT('2D SPACE',''
  ) );
#8536 = ORIENTED_EDGE('',*,*,#8537,.F.);
#8537 = EDGE_CURVE('',#7989,#8483,#8538,.T.);
#8538 = SURFACE_CURVE('',#8539,(#8543,#8549),.PCURVE_S1.);
#8539 = LINE('',#8540,#8541);
#8540 = CARTESIAN_POINT('',(-0.32125244235,4.770905232594E-02,0.99));
#8541 = VECTOR('',#8542,1.);
#8542 = DIRECTION('',(-0.,-0.,1.));
#8543 = PCURVE('',#8038,#8544);
#8544 = DEFINITIONAL_REPRESENTATION('',(#8545),#8548);
#8545 = B_SPLINE_CURVE_WITH_KNOTS('',1,(#8546,#8547),.UNSPECIFIED.,.F.,
  .F.,(2,2),(0.,1.E-02),.PIECEWISE_BEZIER_KNOTS.);
#8546 = CARTESIAN_POINT('',(2.671442571248E-17,-8.188057436936E-15));
#8547 = CARTESIAN_POINT('',(1.016679005492E-17,1.));
#8548 = ( GEOMETRIC_REPRESENTATION_CONTEXT(2) 
PARAMETRIC_REPRESENTATION_CONTEXT() REPRESENTATION_CONTEXT('2D SPACE',''
  ) );
#8549 = PCURVE('',#8132,#8550);
#8550 = DEFINITIONAL_REPRESENTATION('',(#8551),#8554);
#8551 = B_SPLINE_CURVE_WITH_KNOTS('',1,(#8552,#8553),.UNSPECIFIED.,.F.,
  .F.,(2,2),(0.,1.E-02),.PIECEWISE_BEZIER_KNOTS.);
#8552 = CARTESIAN_POINT('',(1.,-2.621167172201E-15));
#8553 = CARTESIAN_POINT('',(1.,1.));
#8554 = ( GEOMETRIC_REPRESENTATION_CONTEXT(2) 
PARAMETRIC_REPRESENTATION_CONTEXT() REPRESENTATION_CONTEXT('2D SPACE',''
  ) );
#8555 = ORIENTED_EDGE('',*,*,#7988,.T.);
#8556 = ORIENTED_EDGE('',*,*,#8440,.T.);
#8557 = ADVANCED_FACE('',(#8558),#8132,.T.);
#8558 = FACE_BOUND('',#8559,.T.);
#8559 = EDGE_LOOP('',(#8560,#8615,#8634,#8635));
#8560 = ORIENTED_EDGE('',*,*,#8561,.F.);
#8561 = EDGE_CURVE('',#8562,#8483,#8564,.T.);
#8562 = VERTEX_POINT('',#8563);
#8563 = CARTESIAN_POINT('',(-0.459514637472,-0.112123264747,1.));
#8564 = SURFACE_CURVE('',#8565,(#8585,#8592),.PCURVE_S1.);
#8565 = B_SPLINE_CURVE_WITH_KNOTS('',3,(#8566,#8567,#8568,#8569,#8570,
    #8571,#8572,#8573,#8574,#8575,#8576,#8577,#8578,#8579,#8580,#8581,
    #8582,#8583,#8584),.UNSPECIFIED.,.F.,.F.,(4,1,1,1,1,1,1,1,1,1,1,1,1,
    1,1,1,4),(0.,6.563988426448E-02,0.12826486331,0.188107053943,
    0.246096754668,0.303046975946,0.359299845024,0.415877841562,
    0.473281786023,0.531802053161,0.591427091622,0.652222704848,
    0.715266201767,0.781131102495,0.850320802019,0.923238635249,1.),
  .UNSPECIFIED.);
#8566 = CARTESIAN_POINT('',(-0.459514637472,-0.112123264747,1.));
#8567 = CARTESIAN_POINT('',(-0.454274454521,-0.11199208572,1.));
#8568 = CARTESIAN_POINT('',(-0.444034775437,-0.111735752849,1.));
#8569 = CARTESIAN_POINT('',(-0.429125998231,-0.109722212616,1.));
#8570 = CARTESIAN_POINT('',(-0.415078085751,-0.106455937949,1.));
#8571 = CARTESIAN_POINT('',(-0.401866258237,-0.101887603524,1.));
#8572 = CARTESIAN_POINT('',(-0.389540153153,-9.591829016529E-02,1.));
#8573 = CARTESIAN_POINT('',(-0.378094371561,-8.861079758089E-02,1.));
#8574 = CARTESIAN_POINT('',(-0.367518467711,-8.003460686722E-02,1.));
#8575 = CARTESIAN_POINT('',(-0.357886225861,-7.015376151476E-02,1.));
#8576 = CARTESIAN_POINT('',(-0.349282720335,-5.906326608135E-02,1.));
#8577 = CARTESIAN_POINT('',(-0.341704534947,-4.692636777563E-02,1.));
#8578 = CARTESIAN_POINT('',(-0.335364339977,-3.369717580886E-02,1.));
#8579 = CARTESIAN_POINT('',(-0.330180832166,-1.944815767226E-02,1.));
#8580 = CARTESIAN_POINT('',(-0.326162717776,-4.136223862428E-03,1.));
#8581 = CARTESIAN_POINT('',(-0.323272971753,1.222601530593E-02,1.));
#8582 = CARTESIAN_POINT('',(-0.321623847162,2.963652798753E-02,1.));
#8583 = CARTESIAN_POINT('',(-0.321378345324,4.158262508178E-02,1.));
#8584 = CARTESIAN_POINT('',(-0.32125244235,4.770905232594E-02,1.));
#8585 = PCURVE('',#8132,#8586);
#8586 = DEFINITIONAL_REPRESENTATION('',(#8587),#8591);
#8587 = LINE('',#8588,#8589);
#8588 = CARTESIAN_POINT('',(1.465303452667E-16,1.));
#8589 = VECTOR('',#8590,1.);
#8590 = DIRECTION('',(1.,-2.22044604925E-14));
#8591 = ( GEOMETRIC_REPRESENTATION_CONTEXT(2) 
PARAMETRIC_REPRESENTATION_CONTEXT() REPRESENTATION_CONTEXT('2D SPACE',''
  ) );
#8592 = PCURVE('',#8412,#8593);
#8593 = DEFINITIONAL_REPRESENTATION('',(#8594),#8614);
#8594 = B_SPLINE_CURVE_WITH_KNOTS('',3,(#8595,#8596,#8597,#8598,#8599,
    #8600,#8601,#8602,#8603,#8604,#8605,#8606,#8607,#8608,#8609,#8610,
    #8611,#8612,#8613),.UNSPECIFIED.,.F.,.F.,(4,1,1,1,1,1,1,1,1,1,1,1,1,
    1,1,1,4),(0.,6.563988426448E-02,0.12826486331,0.188107053943,
    0.246096754668,0.303046975946,0.359299845024,0.415877841562,
    0.473281786023,0.531802053161,0.591427091622,0.652222704848,
    0.715266201767,0.781131102495,0.850320802019,0.923238635249,1.),
  .UNSPECIFIED.);
#8595 = CARTESIAN_POINT('',(0.459514637472,-0.112123264747));
#8596 = CARTESIAN_POINT('',(0.454274454521,-0.11199208572));
#8597 = CARTESIAN_POINT('',(0.444034775437,-0.111735752849));
#8598 = CARTESIAN_POINT('',(0.429125998231,-0.109722212616));
#8599 = CARTESIAN_POINT('',(0.415078085751,-0.106455937949));
#8600 = CARTESIAN_POINT('',(0.401866258237,-0.101887603524));
#8601 = CARTESIAN_POINT('',(0.389540153153,-9.591829016529E-02));
#8602 = CARTESIAN_POINT('',(0.378094371561,-8.861079758089E-02));
#8603 = CARTESIAN_POINT('',(0.367518467711,-8.003460686722E-02));
#8604 = CARTESIAN_POINT('',(0.357886225861,-7.015376151476E-02));
#8605 = CARTESIAN_POINT('',(0.349282720335,-5.906326608135E-02));
#8606 = CARTESIAN_POINT('',(0.341704534947,-4.692636777563E-02));
#8607 = CARTESIAN_POINT('',(0.335364339977,-3.369717580886E-02));
#8608 = CARTESIAN_POINT('',(0.330180832166,-1.944815767226E-02));
#8609 = CARTESIAN_POINT('',(0.326162717776,-4.136223862428E-03));
#8610 = CARTESIAN_POINT('',(0.323272971753,1.222601530593E-02));
#8611 = CARTESIAN_POINT('',(0.321623847162,2.963652798753E-02));
#8612 = CARTESIAN_POINT('',(0.321378345324,4.158262508178E-02));
#8613 = CARTESIAN_POINT('',(0.32125244235,4.770905232594E-02));
#8614 = ( GEOMETRIC_REPRESENTATION_CONTEXT(2) 
PARAMETRIC_REPRESENTATION_CONTEXT() REPRESENTATION_CONTEXT('2D SPACE',''
  ) );
#8615 = ORIENTED_EDGE('',*,*,#8616,.F.);
#8616 = EDGE_CURVE('',#8085,#8562,#8617,.T.);
#8617 = SURFACE_CURVE('',#8618,(#8622,#8628),.PCURVE_S1.);
#8618 = LINE('',#8619,#8620);
#8619 = CARTESIAN_POINT('',(-0.459514637472,-0.112123264747,0.99));
#8620 = VECTOR('',#8621,1.);
#8621 = DIRECTION('',(-0.,-0.,1.));
#8622 = PCURVE('',#8132,#8623);
#8623 = DEFINITIONAL_REPRESENTATION('',(#8624),#8627);
#8624 = B_SPLINE_CURVE_WITH_KNOTS('',1,(#8625,#8626),.UNSPECIFIED.,.F.,
  .F.,(2,2),(4.440892098501E-16,1.E-02),.PIECEWISE_BEZIER_KNOTS.);
#8625 = CARTESIAN_POINT('',(1.465303452667E-16,4.178764539259E-14));
#8626 = CARTESIAN_POINT('',(1.465303452667E-16,1.));
#8627 = ( GEOMETRIC_REPRESENTATION_CONTEXT(2) 
PARAMETRIC_REPRESENTATION_CONTEXT() REPRESENTATION_CONTEXT('2D SPACE',''
  ) );
#8628 = PCURVE('',#8226,#8629);
#8629 = DEFINITIONAL_REPRESENTATION('',(#8630),#8633);
#8630 = B_SPLINE_CURVE_WITH_KNOTS('',1,(#8631,#8632),.UNSPECIFIED.,.F.,
  .F.,(2,2),(4.440892098501E-16,1.E-02),.PIECEWISE_BEZIER_KNOTS.);
#8631 = CARTESIAN_POINT('',(1.,4.181908725559E-14));
#8632 = CARTESIAN_POINT('',(1.,1.));
#8633 = ( GEOMETRIC_REPRESENTATION_CONTEXT(2) 
PARAMETRIC_REPRESENTATION_CONTEXT() REPRESENTATION_CONTEXT('2D SPACE',''
  ) );
#8634 = ORIENTED_EDGE('',*,*,#8084,.T.);
#8635 = ORIENTED_EDGE('',*,*,#8537,.T.);
#8636 = ADVANCED_FACE('',(#8637),#8226,.T.);
#8637 = FACE_BOUND('',#8638,.T.);
#8638 = EDGE_LOOP('',(#8639,#8692,#8693,#8694));
#8639 = ORIENTED_EDGE('',*,*,#8640,.F.);
#8640 = EDGE_CURVE('',#8381,#8562,#8641,.T.);
#8641 = SURFACE_CURVE('',#8642,(#8662,#8669),.PCURVE_S1.);
#8642 = B_SPLINE_CURVE_WITH_KNOTS('',3,(#8643,#8644,#8645,#8646,#8647,
    #8648,#8649,#8650,#8651,#8652,#8653,#8654,#8655,#8656,#8657,#8658,
    #8659,#8660,#8661),.UNSPECIFIED.,.F.,.F.,(4,1,1,1,1,1,1,1,1,1,1,1,1,
    1,1,1,4),(0.,7.537653561428E-02,0.147214824051,0.215895256407,
    0.281937616629,0.345966836093,0.408286801184,0.469669634099,
    0.530779387576,0.590705081074,0.648953654166,0.7059862676,
    0.762816910551,0.81961811615,0.877725643714,0.937532603204,1.),
  .UNSPECIFIED.);
#8643 = CARTESIAN_POINT('',(-0.594423174058,4.847124744789E-02,1.));
#8644 = CARTESIAN_POINT('',(-0.594307326935,4.254672097208E-02,1.));
#8645 = CARTESIAN_POINT('',(-0.594081070664,3.097577099922E-02,1.));
#8646 = CARTESIAN_POINT('',(-0.592282429957,1.408734076968E-02,1.));
#8647 = CARTESIAN_POINT('',(-0.589460576937,-1.917537083788E-03,1.));
#8648 = CARTESIAN_POINT('',(-0.585266597909,-1.697872646706E-02,1.));
#8649 = CARTESIAN_POINT('',(-0.580197358082,-3.124955449425E-02,1.));
#8650 = CARTESIAN_POINT('',(-0.573589969221,-4.446903328352E-02,1.));
#8651 = CARTESIAN_POINT('',(-0.566082290703,-5.692556924113E-02,1.));
#8652 = CARTESIAN_POINT('',(-0.557305863728,-6.829513439682E-02,1.));
#8653 = CARTESIAN_POINT('',(-0.547673320623,-7.860873366497E-02,1.));
#8654 = CARTESIAN_POINT('',(-0.537178904456,-8.7564913217E-02,1.));
#8655 = CARTESIAN_POINT('',(-0.525978598271,-9.519957612944E-02,1.));
#8656 = CARTESIAN_POINT('',(-0.514037036923,-0.101368123946,1.));
#8657 = CARTESIAN_POINT('',(-0.501418397949,-0.10623694746,1.));
#8658 = CARTESIAN_POINT('',(-0.488089418266,-0.109631838332,1.));
#8659 = CARTESIAN_POINT('',(-0.474039071152,-0.111754409641,1.));
#8660 = CARTESIAN_POINT('',(-0.464425836737,-0.111998542437,1.));
#8661 = CARTESIAN_POINT('',(-0.459514637472,-0.112123264747,1.));
#8662 = PCURVE('',#8226,#8663);
#8663 = DEFINITIONAL_REPRESENTATION('',(#8664),#8668);
#8664 = LINE('',#8665,#8666);
#8665 = CARTESIAN_POINT('',(-1.730468252111E-17,1.));
#8666 = VECTOR('',#8667,1.);
#8667 = DIRECTION('',(1.,-2.22044604925E-14));
#8668 = ( GEOMETRIC_REPRESENTATION_CONTEXT(2) 
PARAMETRIC_REPRESENTATION_CONTEXT() REPRESENTATION_CONTEXT('2D SPACE',''
  ) );
#8669 = PCURVE('',#8412,#8670);
#8670 = DEFINITIONAL_REPRESENTATION('',(#8671),#8691);
#8671 = B_SPLINE_CURVE_WITH_KNOTS('',3,(#8672,#8673,#8674,#8675,#8676,
    #8677,#8678,#8679,#8680,#8681,#8682,#8683,#8684,#8685,#8686,#8687,
    #8688,#8689,#8690),.UNSPECIFIED.,.F.,.F.,(4,1,1,1,1,1,1,1,1,1,1,1,1,
    1,1,1,4),(0.,7.537653561428E-02,0.147214824051,0.215895256407,
    0.281937616629,0.345966836093,0.408286801184,0.469669634099,
    0.530779387576,0.590705081074,0.648953654166,0.7059862676,
    0.762816910551,0.81961811615,0.877725643714,0.937532603204,1.),
  .UNSPECIFIED.);
#8672 = CARTESIAN_POINT('',(0.594423174058,4.847124744789E-02));
#8673 = CARTESIAN_POINT('',(0.594307326935,4.254672097208E-02));
#8674 = CARTESIAN_POINT('',(0.594081070664,3.097577099922E-02));
#8675 = CARTESIAN_POINT('',(0.592282429957,1.408734076968E-02));
#8676 = CARTESIAN_POINT('',(0.589460576937,-1.917537083788E-03));
#8677 = CARTESIAN_POINT('',(0.585266597909,-1.697872646706E-02));
#8678 = CARTESIAN_POINT('',(0.580197358082,-3.124955449425E-02));
#8679 = CARTESIAN_POINT('',(0.573589969221,-4.446903328352E-02));
#8680 = CARTESIAN_POINT('',(0.566082290703,-5.692556924113E-02));
#8681 = CARTESIAN_POINT('',(0.557305863728,-6.829513439682E-02));
#8682 = CARTESIAN_POINT('',(0.547673320623,-7.860873366497E-02));
#8683 = CARTESIAN_POINT('',(0.537178904456,-8.7564913217E-02));
#8684 = CARTESIAN_POINT('',(0.525978598271,-9.519957612944E-02));
#8685 = CARTESIAN_POINT('',(0.514037036923,-0.101368123946));
#8686 = CARTESIAN_POINT('',(0.501418397949,-0.10623694746));
#8687 = CARTESIAN_POINT('',(0.488089418266,-0.109631838332));
#8688 = CARTESIAN_POINT('',(0.474039071152,-0.111754409641));
#8689 = CARTESIAN_POINT('',(0.464425836737,-0.111998542437));
#8690 = CARTESIAN_POINT('',(0.459514637472,-0.112123264747));
#8691 = ( GEOMETRIC_REPRESENTATION_CONTEXT(2) 
PARAMETRIC_REPRESENTATION_CONTEXT() REPRESENTATION_CONTEXT('2D SPACE',''
  ) );
#8692 = ORIENTED_EDGE('',*,*,#8460,.F.);
#8693 = ORIENTED_EDGE('',*,*,#8178,.T.);
#8694 = ORIENTED_EDGE('',*,*,#8616,.T.);
#8695 = ADVANCED_FACE('',(#8696),#4917,.F.);
#8696 = FACE_BOUND('',#8697,.T.);
#8697 = EDGE_LOOP('',(#8698,#8699,#8700,#8701));
#8698 = ORIENTED_EDGE('',*,*,#4883,.T.);
#8699 = ORIENTED_EDGE('',*,*,#5145,.T.);
#8700 = ORIENTED_EDGE('',*,*,#5066,.T.);
#8701 = ORIENTED_EDGE('',*,*,#4987,.T.);
#8702 = ADVANCED_FACE('',(#8703),#8412,.F.);
#8703 = FACE_BOUND('',#8704,.T.);
#8704 = EDGE_LOOP('',(#8705,#8706,#8707,#8708));
#8705 = ORIENTED_EDGE('',*,*,#8378,.T.);
#8706 = ORIENTED_EDGE('',*,*,#8640,.T.);
#8707 = ORIENTED_EDGE('',*,*,#8561,.T.);
#8708 = ORIENTED_EDGE('',*,*,#8482,.T.);
#8709 = ADVANCED_FACE('',(#8710),#3549,.T.);
#8710 = FACE_BOUND('',#8711,.T.);
#8711 = EDGE_LOOP('',(#8712,#8713,#8736,#8764));
#8712 = ORIENTED_EDGE('',*,*,#3533,.F.);
#8713 = ORIENTED_EDGE('',*,*,#8714,.T.);
#8714 = EDGE_CURVE('',#3506,#8715,#8717,.T.);
#8715 = VERTEX_POINT('',#8716);
#8716 = CARTESIAN_POINT('',(0.6,-2.501,0.18));
#8717 = SURFACE_CURVE('',#8718,(#8722,#8729),.PCURVE_S1.);
#8718 = LINE('',#8719,#8720);
#8719 = CARTESIAN_POINT('',(0.6,-0.499,0.18));
#8720 = VECTOR('',#8721,1.);
#8721 = DIRECTION('',(0.,-1.,0.));
#8722 = PCURVE('',#3549,#8723);
#8723 = DEFINITIONAL_REPRESENTATION('',(#8724),#8728);
#8724 = LINE('',#8725,#8726);
#8725 = CARTESIAN_POINT('',(0.,0.));
#8726 = VECTOR('',#8727,1.);
#8727 = DIRECTION('',(0.,-1.));
#8728 = ( GEOMETRIC_REPRESENTATION_CONTEXT(2) 
PARAMETRIC_REPRESENTATION_CONTEXT() REPRESENTATION_CONTEXT('2D SPACE',''
  ) );
#8729 = PCURVE('',#3521,#8730);
#8730 = DEFINITIONAL_REPRESENTATION('',(#8731),#8735);
#8731 = LINE('',#8732,#8733);
#8732 = CARTESIAN_POINT('',(0.2,0.));
#8733 = VECTOR('',#8734,1.);
#8734 = DIRECTION('',(0.,-1.));
#8735 = ( GEOMETRIC_REPRESENTATION_CONTEXT(2) 
PARAMETRIC_REPRESENTATION_CONTEXT() REPRESENTATION_CONTEXT('2D SPACE',''
  ) );
#8736 = ORIENTED_EDGE('',*,*,#8737,.F.);
#8737 = EDGE_CURVE('',#8738,#8715,#8740,.T.);
#8738 = VERTEX_POINT('',#8739);
#8739 = CARTESIAN_POINT('',(0.6,-2.501,0.12));
#8740 = SURFACE_CURVE('',#8741,(#8745,#8752),.PCURVE_S1.);
#8741 = LINE('',#8742,#8743);
#8742 = CARTESIAN_POINT('',(0.6,-2.501,0.18));
#8743 = VECTOR('',#8744,1.);
#8744 = DIRECTION('',(-0.,-0.,1.));
#8745 = PCURVE('',#3549,#8746);
#8746 = DEFINITIONAL_REPRESENTATION('',(#8747),#8751);
#8747 = LINE('',#8748,#8749);
#8748 = CARTESIAN_POINT('',(0.,-2.002));
#8749 = VECTOR('',#8750,1.);
#8750 = DIRECTION('',(-1.,0.));
#8751 = ( GEOMETRIC_REPRESENTATION_CONTEXT(2) 
PARAMETRIC_REPRESENTATION_CONTEXT() REPRESENTATION_CONTEXT('2D SPACE',''
  ) );
#8752 = PCURVE('',#8753,#8758);
#8753 = PLANE('',#8754);
#8754 = AXIS2_PLACEMENT_3D('',#8755,#8756,#8757);
#8755 = CARTESIAN_POINT('',(0.,-2.501,0.));
#8756 = DIRECTION('',(0.,-1.,0.));
#8757 = DIRECTION('',(0.,-0.,-1.));
#8758 = DEFINITIONAL_REPRESENTATION('',(#8759),#8763);
#8759 = LINE('',#8760,#8761);
#8760 = CARTESIAN_POINT('',(-0.18,0.6));
#8761 = VECTOR('',#8762,1.);
#8762 = DIRECTION('',(-1.,0.));
#8763 = ( GEOMETRIC_REPRESENTATION_CONTEXT(2) 
PARAMETRIC_REPRESENTATION_CONTEXT() REPRESENTATION_CONTEXT('2D SPACE',''
  ) );
#8764 = ORIENTED_EDGE('',*,*,#8765,.F.);
#8765 = EDGE_CURVE('',#3534,#8738,#8766,.T.);
#8766 = SURFACE_CURVE('',#8767,(#8771,#8778),.PCURVE_S1.);
#8767 = LINE('',#8768,#8769);
#8768 = CARTESIAN_POINT('',(0.6,-0.499,0.12));
#8769 = VECTOR('',#8770,1.);
#8770 = DIRECTION('',(0.,-1.,0.));
#8771 = PCURVE('',#3549,#8772);
#8772 = DEFINITIONAL_REPRESENTATION('',(#8773),#8777);
#8773 = LINE('',#8774,#8775);
#8774 = CARTESIAN_POINT('',(6.E-02,0.));
#8775 = VECTOR('',#8776,1.);
#8776 = DIRECTION('',(0.,-1.));
#8777 = ( GEOMETRIC_REPRESENTATION_CONTEXT(2) 
PARAMETRIC_REPRESENTATION_CONTEXT() REPRESENTATION_CONTEXT('2D SPACE',''
  ) );
#8778 = PCURVE('',#3577,#8779);
#8779 = DEFINITIONAL_REPRESENTATION('',(#8780),#8784);
#8780 = LINE('',#8781,#8782);
#8781 = CARTESIAN_POINT('',(-0.2,0.));
#8782 = VECTOR('',#8783,1.);
#8783 = DIRECTION('',(-0.,-1.));
#8784 = ( GEOMETRIC_REPRESENTATION_CONTEXT(2) 
PARAMETRIC_REPRESENTATION_CONTEXT() REPRESENTATION_CONTEXT('2D SPACE',''
  ) );
#8785 = ADVANCED_FACE('',(#8786),#3577,.T.);
#8786 = FACE_BOUND('',#8787,.T.);
#8787 = EDGE_LOOP('',(#8788,#8789,#8790,#8813));
#8788 = ORIENTED_EDGE('',*,*,#3561,.F.);
#8789 = ORIENTED_EDGE('',*,*,#8765,.T.);
#8790 = ORIENTED_EDGE('',*,*,#8791,.F.);
#8791 = EDGE_CURVE('',#8792,#8738,#8794,.T.);
#8792 = VERTEX_POINT('',#8793);
#8793 = CARTESIAN_POINT('',(0.4,-2.501,0.12));
#8794 = SURFACE_CURVE('',#8795,(#8799,#8806),.PCURVE_S1.);
#8795 = LINE('',#8796,#8797);
#8796 = CARTESIAN_POINT('',(0.4,-2.501,0.12));
#8797 = VECTOR('',#8798,1.);
#8798 = DIRECTION('',(1.,0.,0.));
#8799 = PCURVE('',#3577,#8800);
#8800 = DEFINITIONAL_REPRESENTATION('',(#8801),#8805);
#8801 = LINE('',#8802,#8803);
#8802 = CARTESIAN_POINT('',(-0.,-2.002));
#8803 = VECTOR('',#8804,1.);
#8804 = DIRECTION('',(-1.,0.));
#8805 = ( GEOMETRIC_REPRESENTATION_CONTEXT(2) 
PARAMETRIC_REPRESENTATION_CONTEXT() REPRESENTATION_CONTEXT('2D SPACE',''
  ) );
#8806 = PCURVE('',#8753,#8807);
#8807 = DEFINITIONAL_REPRESENTATION('',(#8808),#8812);
#8808 = LINE('',#8809,#8810);
#8809 = CARTESIAN_POINT('',(-0.12,0.4));
#8810 = VECTOR('',#8811,1.);
#8811 = DIRECTION('',(0.,1.));
#8812 = ( GEOMETRIC_REPRESENTATION_CONTEXT(2) 
PARAMETRIC_REPRESENTATION_CONTEXT() REPRESENTATION_CONTEXT('2D SPACE',''
  ) );
#8813 = ORIENTED_EDGE('',*,*,#8814,.F.);
#8814 = EDGE_CURVE('',#3562,#8792,#8815,.T.);
#8815 = SURFACE_CURVE('',#8816,(#8820,#8827),.PCURVE_S1.);
#8816 = LINE('',#8817,#8818);
#8817 = CARTESIAN_POINT('',(0.4,-0.499,0.12));
#8818 = VECTOR('',#8819,1.);
#8819 = DIRECTION('',(0.,-1.,0.));
#8820 = PCURVE('',#3577,#8821);
#8821 = DEFINITIONAL_REPRESENTATION('',(#8822),#8826);
#8822 = LINE('',#8823,#8824);
#8823 = CARTESIAN_POINT('',(0.,0.));
#8824 = VECTOR('',#8825,1.);
#8825 = DIRECTION('',(-0.,-1.));
#8826 = ( GEOMETRIC_REPRESENTATION_CONTEXT(2) 
PARAMETRIC_REPRESENTATION_CONTEXT() REPRESENTATION_CONTEXT('2D SPACE',''
  ) );
#8827 = PCURVE('',#3603,#8828);
#8828 = DEFINITIONAL_REPRESENTATION('',(#8829),#8833);
#8829 = LINE('',#8830,#8831);
#8830 = CARTESIAN_POINT('',(-6.E-02,0.));
#8831 = VECTOR('',#8832,1.);
#8832 = DIRECTION('',(0.,-1.));
#8833 = ( GEOMETRIC_REPRESENTATION_CONTEXT(2) 
PARAMETRIC_REPRESENTATION_CONTEXT() REPRESENTATION_CONTEXT('2D SPACE',''
  ) );
#8834 = ADVANCED_FACE('',(#8835),#3603,.T.);
#8835 = FACE_BOUND('',#8836,.T.);
#8836 = EDGE_LOOP('',(#8837,#8838,#8839,#8862));
#8837 = ORIENTED_EDGE('',*,*,#3589,.F.);
#8838 = ORIENTED_EDGE('',*,*,#8814,.T.);
#8839 = ORIENTED_EDGE('',*,*,#8840,.F.);
#8840 = EDGE_CURVE('',#8841,#8792,#8843,.T.);
#8841 = VERTEX_POINT('',#8842);
#8842 = CARTESIAN_POINT('',(0.4,-2.501,0.18));
#8843 = SURFACE_CURVE('',#8844,(#8848,#8855),.PCURVE_S1.);
#8844 = LINE('',#8845,#8846);
#8845 = CARTESIAN_POINT('',(0.4,-2.501,0.18));
#8846 = VECTOR('',#8847,1.);
#8847 = DIRECTION('',(0.,0.,-1.));
#8848 = PCURVE('',#3603,#8849);
#8849 = DEFINITIONAL_REPRESENTATION('',(#8850),#8854);
#8850 = LINE('',#8851,#8852);
#8851 = CARTESIAN_POINT('',(0.,-2.002));
#8852 = VECTOR('',#8853,1.);
#8853 = DIRECTION('',(-1.,0.));
#8854 = ( GEOMETRIC_REPRESENTATION_CONTEXT(2) 
PARAMETRIC_REPRESENTATION_CONTEXT() REPRESENTATION_CONTEXT('2D SPACE',''
  ) );
#8855 = PCURVE('',#8753,#8856);
#8856 = DEFINITIONAL_REPRESENTATION('',(#8857),#8861);
#8857 = LINE('',#8858,#8859);
#8858 = CARTESIAN_POINT('',(-0.18,0.4));
#8859 = VECTOR('',#8860,1.);
#8860 = DIRECTION('',(1.,0.));
#8861 = ( GEOMETRIC_REPRESENTATION_CONTEXT(2) 
PARAMETRIC_REPRESENTATION_CONTEXT() REPRESENTATION_CONTEXT('2D SPACE',''
  ) );
#8862 = ORIENTED_EDGE('',*,*,#8863,.F.);
#8863 = EDGE_CURVE('',#3504,#8841,#8864,.T.);
#8864 = SURFACE_CURVE('',#8865,(#8869,#8876),.PCURVE_S1.);
#8865 = LINE('',#8866,#8867);
#8866 = CARTESIAN_POINT('',(0.4,-0.499,0.18));
#8867 = VECTOR('',#8868,1.);
#8868 = DIRECTION('',(0.,-1.,0.));
#8869 = PCURVE('',#3603,#8870);
#8870 = DEFINITIONAL_REPRESENTATION('',(#8871),#8875);
#8871 = LINE('',#8872,#8873);
#8872 = CARTESIAN_POINT('',(0.,0.));
#8873 = VECTOR('',#8874,1.);
#8874 = DIRECTION('',(0.,-1.));
#8875 = ( GEOMETRIC_REPRESENTATION_CONTEXT(2) 
PARAMETRIC_REPRESENTATION_CONTEXT() REPRESENTATION_CONTEXT('2D SPACE',''
  ) );
#8876 = PCURVE('',#3521,#8877);
#8877 = DEFINITIONAL_REPRESENTATION('',(#8878),#8882);
#8878 = LINE('',#8879,#8880);
#8879 = CARTESIAN_POINT('',(0.,0.));
#8880 = VECTOR('',#8881,1.);
#8881 = DIRECTION('',(0.,-1.));
#8882 = ( GEOMETRIC_REPRESENTATION_CONTEXT(2) 
PARAMETRIC_REPRESENTATION_CONTEXT() REPRESENTATION_CONTEXT('2D SPACE',''
  ) );
#8883 = ADVANCED_FACE('',(#8884),#3521,.T.);
#8884 = FACE_BOUND('',#8885,.T.);
#8885 = EDGE_LOOP('',(#8886,#8887,#8888,#8909));
#8886 = ORIENTED_EDGE('',*,*,#3503,.F.);
#8887 = ORIENTED_EDGE('',*,*,#8863,.T.);
#8888 = ORIENTED_EDGE('',*,*,#8889,.F.);
#8889 = EDGE_CURVE('',#8715,#8841,#8890,.T.);
#8890 = SURFACE_CURVE('',#8891,(#8895,#8902),.PCURVE_S1.);
#8891 = LINE('',#8892,#8893);
#8892 = CARTESIAN_POINT('',(0.4,-2.501,0.18));
#8893 = VECTOR('',#8894,1.);
#8894 = DIRECTION('',(-1.,-0.,-0.));
#8895 = PCURVE('',#3521,#8896);
#8896 = DEFINITIONAL_REPRESENTATION('',(#8897),#8901);
#8897 = LINE('',#8898,#8899);
#8898 = CARTESIAN_POINT('',(0.,-2.002));
#8899 = VECTOR('',#8900,1.);
#8900 = DIRECTION('',(-1.,0.));
#8901 = ( GEOMETRIC_REPRESENTATION_CONTEXT(2) 
PARAMETRIC_REPRESENTATION_CONTEXT() REPRESENTATION_CONTEXT('2D SPACE',''
  ) );
#8902 = PCURVE('',#8753,#8903);
#8903 = DEFINITIONAL_REPRESENTATION('',(#8904),#8908);
#8904 = LINE('',#8905,#8906);
#8905 = CARTESIAN_POINT('',(-0.18,0.4));
#8906 = VECTOR('',#8907,1.);
#8907 = DIRECTION('',(0.,-1.));
#8908 = ( GEOMETRIC_REPRESENTATION_CONTEXT(2) 
PARAMETRIC_REPRESENTATION_CONTEXT() REPRESENTATION_CONTEXT('2D SPACE',''
  ) );
#8909 = ORIENTED_EDGE('',*,*,#8714,.F.);
#8910 = ADVANCED_FACE('',(#8911),#8753,.T.);
#8911 = FACE_BOUND('',#8912,.T.);
#8912 = EDGE_LOOP('',(#8913,#8914,#8915,#8916));
#8913 = ORIENTED_EDGE('',*,*,#8737,.T.);
#8914 = ORIENTED_EDGE('',*,*,#8889,.T.);
#8915 = ORIENTED_EDGE('',*,*,#8840,.T.);
#8916 = ORIENTED_EDGE('',*,*,#8791,.T.);
#8917 = ADVANCED_FACE('',(#8918),#3435,.T.);
#8918 = FACE_BOUND('',#8919,.T.);
#8919 = EDGE_LOOP('',(#8920,#8921,#8944,#8972));
#8920 = ORIENTED_EDGE('',*,*,#3419,.F.);
#8921 = ORIENTED_EDGE('',*,*,#8922,.T.);
#8922 = EDGE_CURVE('',#3392,#8923,#8925,.T.);
#8923 = VERTEX_POINT('',#8924);
#8924 = CARTESIAN_POINT('',(-0.4,-2.501,0.18));
#8925 = SURFACE_CURVE('',#8926,(#8930,#8937),.PCURVE_S1.);
#8926 = LINE('',#8927,#8928);
#8927 = CARTESIAN_POINT('',(-0.4,-0.499,0.18));
#8928 = VECTOR('',#8929,1.);
#8929 = DIRECTION('',(0.,-1.,0.));
#8930 = PCURVE('',#3435,#8931);
#8931 = DEFINITIONAL_REPRESENTATION('',(#8932),#8936);
#8932 = LINE('',#8933,#8934);
#8933 = CARTESIAN_POINT('',(0.,0.));
#8934 = VECTOR('',#8935,1.);
#8935 = DIRECTION('',(0.,-1.));
#8936 = ( GEOMETRIC_REPRESENTATION_CONTEXT(2) 
PARAMETRIC_REPRESENTATION_CONTEXT() REPRESENTATION_CONTEXT('2D SPACE',''
  ) );
#8937 = PCURVE('',#3407,#8938);
#8938 = DEFINITIONAL_REPRESENTATION('',(#8939),#8943);
#8939 = LINE('',#8940,#8941);
#8940 = CARTESIAN_POINT('',(0.2,0.));
#8941 = VECTOR('',#8942,1.);
#8942 = DIRECTION('',(0.,-1.));
#8943 = ( GEOMETRIC_REPRESENTATION_CONTEXT(2) 
PARAMETRIC_REPRESENTATION_CONTEXT() REPRESENTATION_CONTEXT('2D SPACE',''
  ) );
#8944 = ORIENTED_EDGE('',*,*,#8945,.F.);
#8945 = EDGE_CURVE('',#8946,#8923,#8948,.T.);
#8946 = VERTEX_POINT('',#8947);
#8947 = CARTESIAN_POINT('',(-0.4,-2.501,0.12));
#8948 = SURFACE_CURVE('',#8949,(#8953,#8960),.PCURVE_S1.);
#8949 = LINE('',#8950,#8951);
#8950 = CARTESIAN_POINT('',(-0.4,-2.501,0.18));
#8951 = VECTOR('',#8952,1.);
#8952 = DIRECTION('',(-0.,-0.,1.));
#8953 = PCURVE('',#3435,#8954);
#8954 = DEFINITIONAL_REPRESENTATION('',(#8955),#8959);
#8955 = LINE('',#8956,#8957);
#8956 = CARTESIAN_POINT('',(0.,-2.002));
#8957 = VECTOR('',#8958,1.);
#8958 = DIRECTION('',(-1.,0.));
#8959 = ( GEOMETRIC_REPRESENTATION_CONTEXT(2) 
PARAMETRIC_REPRESENTATION_CONTEXT() REPRESENTATION_CONTEXT('2D SPACE',''
  ) );
#8960 = PCURVE('',#8961,#8966);
#8961 = PLANE('',#8962);
#8962 = AXIS2_PLACEMENT_3D('',#8963,#8964,#8965);
#8963 = CARTESIAN_POINT('',(0.,-2.501,0.));
#8964 = DIRECTION('',(0.,-1.,0.));
#8965 = DIRECTION('',(0.,-0.,-1.));
#8966 = DEFINITIONAL_REPRESENTATION('',(#8967),#8971);
#8967 = LINE('',#8968,#8969);
#8968 = CARTESIAN_POINT('',(-0.18,-0.4));
#8969 = VECTOR('',#8970,1.);
#8970 = DIRECTION('',(-1.,0.));
#8971 = ( GEOMETRIC_REPRESENTATION_CONTEXT(2) 
PARAMETRIC_REPRESENTATION_CONTEXT() REPRESENTATION_CONTEXT('2D SPACE',''
  ) );
#8972 = ORIENTED_EDGE('',*,*,#8973,.F.);
#8973 = EDGE_CURVE('',#3420,#8946,#8974,.T.);
#8974 = SURFACE_CURVE('',#8975,(#8979,#8986),.PCURVE_S1.);
#8975 = LINE('',#8976,#8977);
#8976 = CARTESIAN_POINT('',(-0.4,-0.499,0.12));
#8977 = VECTOR('',#8978,1.);
#8978 = DIRECTION('',(0.,-1.,0.));
#8979 = PCURVE('',#3435,#8980);
#8980 = DEFINITIONAL_REPRESENTATION('',(#8981),#8985);
#8981 = LINE('',#8982,#8983);
#8982 = CARTESIAN_POINT('',(6.E-02,0.));
#8983 = VECTOR('',#8984,1.);
#8984 = DIRECTION('',(0.,-1.));
#8985 = ( GEOMETRIC_REPRESENTATION_CONTEXT(2) 
PARAMETRIC_REPRESENTATION_CONTEXT() REPRESENTATION_CONTEXT('2D SPACE',''
  ) );
#8986 = PCURVE('',#3463,#8987);
#8987 = DEFINITIONAL_REPRESENTATION('',(#8988),#8992);
#8988 = LINE('',#8989,#8990);
#8989 = CARTESIAN_POINT('',(-0.2,0.));
#8990 = VECTOR('',#8991,1.);
#8991 = DIRECTION('',(-0.,-1.));
#8992 = ( GEOMETRIC_REPRESENTATION_CONTEXT(2) 
PARAMETRIC_REPRESENTATION_CONTEXT() REPRESENTATION_CONTEXT('2D SPACE',''
  ) );
#8993 = ADVANCED_FACE('',(#8994),#3463,.T.);
#8994 = FACE_BOUND('',#8995,.T.);
#8995 = EDGE_LOOP('',(#8996,#8997,#8998,#9021));
#8996 = ORIENTED_EDGE('',*,*,#3447,.F.);
#8997 = ORIENTED_EDGE('',*,*,#8973,.T.);
#8998 = ORIENTED_EDGE('',*,*,#8999,.F.);
#8999 = EDGE_CURVE('',#9000,#8946,#9002,.T.);
#9000 = VERTEX_POINT('',#9001);
#9001 = CARTESIAN_POINT('',(-0.6,-2.501,0.12));
#9002 = SURFACE_CURVE('',#9003,(#9007,#9014),.PCURVE_S1.);
#9003 = LINE('',#9004,#9005);
#9004 = CARTESIAN_POINT('',(-0.6,-2.501,0.12));
#9005 = VECTOR('',#9006,1.);
#9006 = DIRECTION('',(1.,0.,0.));
#9007 = PCURVE('',#3463,#9008);
#9008 = DEFINITIONAL_REPRESENTATION('',(#9009),#9013);
#9009 = LINE('',#9010,#9011);
#9010 = CARTESIAN_POINT('',(-0.,-2.002));
#9011 = VECTOR('',#9012,1.);
#9012 = DIRECTION('',(-1.,0.));
#9013 = ( GEOMETRIC_REPRESENTATION_CONTEXT(2) 
PARAMETRIC_REPRESENTATION_CONTEXT() REPRESENTATION_CONTEXT('2D SPACE',''
  ) );
#9014 = PCURVE('',#8961,#9015);
#9015 = DEFINITIONAL_REPRESENTATION('',(#9016),#9020);
#9016 = LINE('',#9017,#9018);
#9017 = CARTESIAN_POINT('',(-0.12,-0.6));
#9018 = VECTOR('',#9019,1.);
#9019 = DIRECTION('',(0.,1.));
#9020 = ( GEOMETRIC_REPRESENTATION_CONTEXT(2) 
PARAMETRIC_REPRESENTATION_CONTEXT() REPRESENTATION_CONTEXT('2D SPACE',''
  ) );
#9021 = ORIENTED_EDGE('',*,*,#9022,.F.);
#9022 = EDGE_CURVE('',#3448,#9000,#9023,.T.);
#9023 = SURFACE_CURVE('',#9024,(#9028,#9035),.PCURVE_S1.);
#9024 = LINE('',#9025,#9026);
#9025 = CARTESIAN_POINT('',(-0.6,-0.499,0.12));
#9026 = VECTOR('',#9027,1.);
#9027 = DIRECTION('',(0.,-1.,0.));
#9028 = PCURVE('',#3463,#9029);
#9029 = DEFINITIONAL_REPRESENTATION('',(#9030),#9034);
#9030 = LINE('',#9031,#9032);
#9031 = CARTESIAN_POINT('',(0.,0.));
#9032 = VECTOR('',#9033,1.);
#9033 = DIRECTION('',(-0.,-1.));
#9034 = ( GEOMETRIC_REPRESENTATION_CONTEXT(2) 
PARAMETRIC_REPRESENTATION_CONTEXT() REPRESENTATION_CONTEXT('2D SPACE',''
  ) );
#9035 = PCURVE('',#3489,#9036);
#9036 = DEFINITIONAL_REPRESENTATION('',(#9037),#9041);
#9037 = LINE('',#9038,#9039);
#9038 = CARTESIAN_POINT('',(-6.E-02,0.));
#9039 = VECTOR('',#9040,1.);
#9040 = DIRECTION('',(0.,-1.));
#9041 = ( GEOMETRIC_REPRESENTATION_CONTEXT(2) 
PARAMETRIC_REPRESENTATION_CONTEXT() REPRESENTATION_CONTEXT('2D SPACE',''
  ) );
#9042 = ADVANCED_FACE('',(#9043),#3489,.T.);
#9043 = FACE_BOUND('',#9044,.T.);
#9044 = EDGE_LOOP('',(#9045,#9046,#9047,#9070));
#9045 = ORIENTED_EDGE('',*,*,#3475,.F.);
#9046 = ORIENTED_EDGE('',*,*,#9022,.T.);
#9047 = ORIENTED_EDGE('',*,*,#9048,.F.);
#9048 = EDGE_CURVE('',#9049,#9000,#9051,.T.);
#9049 = VERTEX_POINT('',#9050);
#9050 = CARTESIAN_POINT('',(-0.6,-2.501,0.18));
#9051 = SURFACE_CURVE('',#9052,(#9056,#9063),.PCURVE_S1.);
#9052 = LINE('',#9053,#9054);
#9053 = CARTESIAN_POINT('',(-0.6,-2.501,0.18));
#9054 = VECTOR('',#9055,1.);
#9055 = DIRECTION('',(0.,0.,-1.));
#9056 = PCURVE('',#3489,#9057);
#9057 = DEFINITIONAL_REPRESENTATION('',(#9058),#9062);
#9058 = LINE('',#9059,#9060);
#9059 = CARTESIAN_POINT('',(0.,-2.002));
#9060 = VECTOR('',#9061,1.);
#9061 = DIRECTION('',(-1.,0.));
#9062 = ( GEOMETRIC_REPRESENTATION_CONTEXT(2) 
PARAMETRIC_REPRESENTATION_CONTEXT() REPRESENTATION_CONTEXT('2D SPACE',''
  ) );
#9063 = PCURVE('',#8961,#9064);
#9064 = DEFINITIONAL_REPRESENTATION('',(#9065),#9069);
#9065 = LINE('',#9066,#9067);
#9066 = CARTESIAN_POINT('',(-0.18,-0.6));
#9067 = VECTOR('',#9068,1.);
#9068 = DIRECTION('',(1.,0.));
#9069 = ( GEOMETRIC_REPRESENTATION_CONTEXT(2) 
PARAMETRIC_REPRESENTATION_CONTEXT() REPRESENTATION_CONTEXT('2D SPACE',''
  ) );
#9070 = ORIENTED_EDGE('',*,*,#9071,.F.);
#9071 = EDGE_CURVE('',#3390,#9049,#9072,.T.);
#9072 = SURFACE_CURVE('',#9073,(#9077,#9084),.PCURVE_S1.);
#9073 = LINE('',#9074,#9075);
#9074 = CARTESIAN_POINT('',(-0.6,-0.499,0.18));
#9075 = VECTOR('',#9076,1.);
#9076 = DIRECTION('',(0.,-1.,0.));
#9077 = PCURVE('',#3489,#9078);
#9078 = DEFINITIONAL_REPRESENTATION('',(#9079),#9083);
#9079 = LINE('',#9080,#9081);
#9080 = CARTESIAN_POINT('',(0.,0.));
#9081 = VECTOR('',#9082,1.);
#9082 = DIRECTION('',(0.,-1.));
#9083 = ( GEOMETRIC_REPRESENTATION_CONTEXT(2) 
PARAMETRIC_REPRESENTATION_CONTEXT() REPRESENTATION_CONTEXT('2D SPACE',''
  ) );
#9084 = PCURVE('',#3407,#9085);
#9085 = DEFINITIONAL_REPRESENTATION('',(#9086),#9090);
#9086 = LINE('',#9087,#9088);
#9087 = CARTESIAN_POINT('',(0.,0.));
#9088 = VECTOR('',#9089,1.);
#9089 = DIRECTION('',(0.,-1.));
#9090 = ( GEOMETRIC_REPRESENTATION_CONTEXT(2) 
PARAMETRIC_REPRESENTATION_CONTEXT() REPRESENTATION_CONTEXT('2D SPACE',''
  ) );
#9091 = ADVANCED_FACE('',(#9092),#3407,.T.);
#9092 = FACE_BOUND('',#9093,.T.);
#9093 = EDGE_LOOP('',(#9094,#9095,#9096,#9117));
#9094 = ORIENTED_EDGE('',*,*,#3389,.F.);
#9095 = ORIENTED_EDGE('',*,*,#9071,.T.);
#9096 = ORIENTED_EDGE('',*,*,#9097,.F.);
#9097 = EDGE_CURVE('',#8923,#9049,#9098,.T.);
#9098 = SURFACE_CURVE('',#9099,(#9103,#9110),.PCURVE_S1.);
#9099 = LINE('',#9100,#9101);
#9100 = CARTESIAN_POINT('',(-0.6,-2.501,0.18));
#9101 = VECTOR('',#9102,1.);
#9102 = DIRECTION('',(-1.,-0.,-5.421010862428E-16));
#9103 = PCURVE('',#3407,#9104);
#9104 = DEFINITIONAL_REPRESENTATION('',(#9105),#9109);
#9105 = LINE('',#9106,#9107);
#9106 = CARTESIAN_POINT('',(0.,-2.002));
#9107 = VECTOR('',#9108,1.);
#9108 = DIRECTION('',(-1.,0.));
#9109 = ( GEOMETRIC_REPRESENTATION_CONTEXT(2) 
PARAMETRIC_REPRESENTATION_CONTEXT() REPRESENTATION_CONTEXT('2D SPACE',''
  ) );
#9110 = PCURVE('',#8961,#9111);
#9111 = DEFINITIONAL_REPRESENTATION('',(#9112),#9116);
#9112 = LINE('',#9113,#9114);
#9113 = CARTESIAN_POINT('',(-0.18,-0.6));
#9114 = VECTOR('',#9115,1.);
#9115 = DIRECTION('',(5.421010862428E-16,-1.));
#9116 = ( GEOMETRIC_REPRESENTATION_CONTEXT(2) 
PARAMETRIC_REPRESENTATION_CONTEXT() REPRESENTATION_CONTEXT('2D SPACE',''
  ) );
#9117 = ORIENTED_EDGE('',*,*,#8922,.F.);
#9118 = ADVANCED_FACE('',(#9119),#8961,.T.);
#9119 = FACE_BOUND('',#9120,.T.);
#9120 = EDGE_LOOP('',(#9121,#9122,#9123,#9124));
#9121 = ORIENTED_EDGE('',*,*,#8945,.T.);
#9122 = ORIENTED_EDGE('',*,*,#9097,.T.);
#9123 = ORIENTED_EDGE('',*,*,#9048,.T.);
#9124 = ORIENTED_EDGE('',*,*,#8999,.T.);
#9125 = MANIFOLD_SOLID_BREP('',#9126);
#9126 = CLOSED_SHELL('',(#9127,#9247,#9333,#9404,#9451,#9458));
#9127 = ADVANCED_FACE('',(#9128),#9142,.F.);
#9128 = FACE_BOUND('',#9129,.T.);
#9129 = EDGE_LOOP('',(#9130,#9165,#9193,#9221));
#9130 = ORIENTED_EDGE('',*,*,#9131,.T.);
#9131 = EDGE_CURVE('',#9132,#9134,#9136,.T.);
#9132 = VERTEX_POINT('',#9133);
#9133 = CARTESIAN_POINT('',(2.51,-1.2,-2.E-02));
#9134 = VERTEX_POINT('',#9135);
#9135 = CARTESIAN_POINT('',(2.21,-1.2,-2.E-02));
#9136 = SURFACE_CURVE('',#9137,(#9141,#9153),.PCURVE_S1.);
#9137 = LINE('',#9138,#9139);
#9138 = CARTESIAN_POINT('',(2.21,-1.2,-2.E-02));
#9139 = VECTOR('',#9140,1.);
#9140 = DIRECTION('',(-1.,-3.401131157803E-15,0.));
#9141 = PCURVE('',#9142,#9147);
#9142 = PLANE('',#9143);
#9143 = AXIS2_PLACEMENT_3D('',#9144,#9145,#9146);
#9144 = CARTESIAN_POINT('',(2.21,-1.2,0.18));
#9145 = DIRECTION('',(3.401131157803E-15,-1.,0.));
#9146 = DIRECTION('',(1.,3.401131157803E-15,0.));
#9147 = DEFINITIONAL_REPRESENTATION('',(#9148),#9152);
#9148 = LINE('',#9149,#9150);
#9149 = CARTESIAN_POINT('',(0.,-0.2));
#9150 = VECTOR('',#9151,1.);
#9151 = DIRECTION('',(-1.,0.));
#9152 = ( GEOMETRIC_REPRESENTATION_CONTEXT(2) 
PARAMETRIC_REPRESENTATION_CONTEXT() REPRESENTATION_CONTEXT('2D SPACE',''
  ) );
#9153 = PCURVE('',#9154,#9159);
#9154 = PLANE('',#9155);
#9155 = AXIS2_PLACEMENT_3D('',#9156,#9157,#9158);
#9156 = CARTESIAN_POINT('',(2.21,-1.3,-2.E-02));
#9157 = DIRECTION('',(0.,0.,-1.));
#9158 = DIRECTION('',(3.491481338843E-15,-1.,0.));
#9159 = DEFINITIONAL_REPRESENTATION('',(#9160),#9164);
#9160 = LINE('',#9161,#9162);
#9161 = CARTESIAN_POINT('',(-0.1,9.494107596575E-17));
#9162 = VECTOR('',#9163,1.);
#9163 = DIRECTION('',(-9.035018104046E-17,1.));
#9164 = ( GEOMETRIC_REPRESENTATION_CONTEXT(2) 
PARAMETRIC_REPRESENTATION_CONTEXT() REPRESENTATION_CONTEXT('2D SPACE',''
  ) );
#9165 = ORIENTED_EDGE('',*,*,#9166,.F.);
#9166 = EDGE_CURVE('',#9167,#9134,#9169,.T.);
#9167 = VERTEX_POINT('',#9168);
#9168 = CARTESIAN_POINT('',(2.21,-1.2,0.18));
#9169 = SURFACE_CURVE('',#9170,(#9174,#9181),.PCURVE_S1.);
#9170 = LINE('',#9171,#9172);
#9171 = CARTESIAN_POINT('',(2.21,-1.2,0.18));
#9172 = VECTOR('',#9173,1.);
#9173 = DIRECTION('',(0.,0.,-1.));
#9174 = PCURVE('',#9142,#9175);
#9175 = DEFINITIONAL_REPRESENTATION('',(#9176),#9180);
#9176 = LINE('',#9177,#9178);
#9177 = CARTESIAN_POINT('',(0.,0.));
#9178 = VECTOR('',#9179,1.);
#9179 = DIRECTION('',(0.,-1.));
#9180 = ( GEOMETRIC_REPRESENTATION_CONTEXT(2) 
PARAMETRIC_REPRESENTATION_CONTEXT() REPRESENTATION_CONTEXT('2D SPACE',''
  ) );
#9181 = PCURVE('',#9182,#9187);
#9182 = CYLINDRICAL_SURFACE('',#9183,0.1);
#9183 = AXIS2_PLACEMENT_3D('',#9184,#9185,#9186);
#9184 = CARTESIAN_POINT('',(2.21,-1.3,0.18));
#9185 = DIRECTION('',(0.,0.,-1.));
#9186 = DIRECTION('',(4.336808689942E-15,-1.,0.));
#9187 = DEFINITIONAL_REPRESENTATION('',(#9188),#9192);
#9188 = LINE('',#9189,#9190);
#9189 = CARTESIAN_POINT('',(3.14159265359,0.));
#9190 = VECTOR('',#9191,1.);
#9191 = DIRECTION('',(0.,1.));
#9192 = ( GEOMETRIC_REPRESENTATION_CONTEXT(2) 
PARAMETRIC_REPRESENTATION_CONTEXT() REPRESENTATION_CONTEXT('2D SPACE',''
  ) );
#9193 = ORIENTED_EDGE('',*,*,#9194,.F.);
#9194 = EDGE_CURVE('',#9195,#9167,#9197,.T.);
#9195 = VERTEX_POINT('',#9196);
#9196 = CARTESIAN_POINT('',(2.51,-1.2,0.18));
#9197 = SURFACE_CURVE('',#9198,(#9202,#9209),.PCURVE_S1.);
#9198 = LINE('',#9199,#9200);
#9199 = CARTESIAN_POINT('',(2.21,-1.2,0.18));
#9200 = VECTOR('',#9201,1.);
#9201 = DIRECTION('',(-1.,-3.401131157803E-15,0.));
#9202 = PCURVE('',#9142,#9203);
#9203 = DEFINITIONAL_REPRESENTATION('',(#9204),#9208);
#9204 = LINE('',#9205,#9206);
#9205 = CARTESIAN_POINT('',(0.,0.));
#9206 = VECTOR('',#9207,1.);
#9207 = DIRECTION('',(-1.,0.));
#9208 = ( GEOMETRIC_REPRESENTATION_CONTEXT(2) 
PARAMETRIC_REPRESENTATION_CONTEXT() REPRESENTATION_CONTEXT('2D SPACE',''
  ) );
#9209 = PCURVE('',#9210,#9215);
#9210 = PLANE('',#9211);
#9211 = AXIS2_PLACEMENT_3D('',#9212,#9213,#9214);
#9212 = CARTESIAN_POINT('',(2.21,-1.3,0.18));
#9213 = DIRECTION('',(0.,0.,-1.));
#9214 = DIRECTION('',(3.491481338843E-15,-1.,0.));
#9215 = DEFINITIONAL_REPRESENTATION('',(#9216),#9220);
#9216 = LINE('',#9217,#9218);
#9217 = CARTESIAN_POINT('',(-0.1,9.494107596575E-17));
#9218 = VECTOR('',#9219,1.);
#9219 = DIRECTION('',(-9.035018104046E-17,1.));
#9220 = ( GEOMETRIC_REPRESENTATION_CONTEXT(2) 
PARAMETRIC_REPRESENTATION_CONTEXT() REPRESENTATION_CONTEXT('2D SPACE',''
  ) );
#9221 = ORIENTED_EDGE('',*,*,#9222,.T.);
#9222 = EDGE_CURVE('',#9195,#9132,#9223,.T.);
#9223 = SURFACE_CURVE('',#9224,(#9228,#9235),.PCURVE_S1.);
#9224 = LINE('',#9225,#9226);
#9225 = CARTESIAN_POINT('',(2.51,-1.2,0.18));
#9226 = VECTOR('',#9227,1.);
#9227 = DIRECTION('',(0.,0.,-1.));
#9228 = PCURVE('',#9142,#9229);
#9229 = DEFINITIONAL_REPRESENTATION('',(#9230),#9234);
#9230 = LINE('',#9231,#9232);
#9231 = CARTESIAN_POINT('',(0.3,0.));
#9232 = VECTOR('',#9233,1.);
#9233 = DIRECTION('',(0.,-1.));
#9234 = ( GEOMETRIC_REPRESENTATION_CONTEXT(2) 
PARAMETRIC_REPRESENTATION_CONTEXT() REPRESENTATION_CONTEXT('2D SPACE',''
  ) );
#9235 = PCURVE('',#9236,#9241);
#9236 = PLANE('',#9237);
#9237 = AXIS2_PLACEMENT_3D('',#9238,#9239,#9240);
#9238 = CARTESIAN_POINT('',(2.51,-1.4,0.18));
#9239 = DIRECTION('',(-1.,-3.627006610404E-15,0.));
#9240 = DIRECTION('',(3.627006610404E-15,-1.,0.));
#9241 = DEFINITIONAL_REPRESENTATION('',(#9242),#9246);
#9242 = LINE('',#9243,#9244);
#9243 = CARTESIAN_POINT('',(-0.2,0.));
#9244 = VECTOR('',#9245,1.);
#9245 = DIRECTION('',(0.,-1.));
#9246 = ( GEOMETRIC_REPRESENTATION_CONTEXT(2) 
PARAMETRIC_REPRESENTATION_CONTEXT() REPRESENTATION_CONTEXT('2D SPACE',''
  ) );
#9247 = ADVANCED_FACE('',(#9248),#9182,.T.);
#9248 = FACE_BOUND('',#9249,.T.);
#9249 = EDGE_LOOP('',(#9250,#9278,#9306,#9332));
#9250 = ORIENTED_EDGE('',*,*,#9251,.T.);
#9251 = EDGE_CURVE('',#9134,#9252,#9254,.T.);
#9252 = VERTEX_POINT('',#9253);
#9253 = CARTESIAN_POINT('',(2.21,-1.4,-2.E-02));
#9254 = SURFACE_CURVE('',#9255,(#9260,#9267),.PCURVE_S1.);
#9255 = CIRCLE('',#9256,0.1);
#9256 = AXIS2_PLACEMENT_3D('',#9257,#9258,#9259);
#9257 = CARTESIAN_POINT('',(2.21,-1.3,-2.E-02));
#9258 = DIRECTION('',(0.,0.,1.));
#9259 = DIRECTION('',(4.336808689942E-15,-1.,0.));
#9260 = PCURVE('',#9182,#9261);
#9261 = DEFINITIONAL_REPRESENTATION('',(#9262),#9266);
#9262 = LINE('',#9263,#9264);
#9263 = CARTESIAN_POINT('',(6.28318530718,0.2));
#9264 = VECTOR('',#9265,1.);
#9265 = DIRECTION('',(-1.,0.));
#9266 = ( GEOMETRIC_REPRESENTATION_CONTEXT(2) 
PARAMETRIC_REPRESENTATION_CONTEXT() REPRESENTATION_CONTEXT('2D SPACE',''
  ) );
#9267 = PCURVE('',#9154,#9268);
#9268 = DEFINITIONAL_REPRESENTATION('',(#9269),#9277);
#9269 = ( BOUNDED_CURVE() B_SPLINE_CURVE(2,(#9270,#9271,#9272,#9273,
#9274,#9275,#9276),.UNSPECIFIED.,.T.,.F.) B_SPLINE_CURVE_WITH_KNOTS((1,2
    ,2,2,2,1),(-2.094395102393,0.,2.094395102393,4.188790204786,
6.28318530718,8.377580409573),.UNSPECIFIED.) CURVE() 
GEOMETRIC_REPRESENTATION_ITEM() RATIONAL_B_SPLINE_CURVE((1.,0.5,1.,0.5,
1.,0.5,1.)) REPRESENTATION_ITEM('') );
#9270 = CARTESIAN_POINT('',(0.1,-8.453273510989E-17));
#9271 = CARTESIAN_POINT('',(1.E-01,-0.173205080757));
#9272 = CARTESIAN_POINT('',(-5.E-02,-8.660254037844E-02));
#9273 = CARTESIAN_POINT('',(-0.2,1.445725342368E-16));
#9274 = CARTESIAN_POINT('',(-5.E-02,8.660254037844E-02));
#9275 = CARTESIAN_POINT('',(0.1,0.173205080757));
#9276 = CARTESIAN_POINT('',(0.1,-8.453273510989E-17));
#9277 = ( GEOMETRIC_REPRESENTATION_CONTEXT(2) 
PARAMETRIC_REPRESENTATION_CONTEXT() REPRESENTATION_CONTEXT('2D SPACE',''
  ) );
#9278 = ORIENTED_EDGE('',*,*,#9279,.F.);
#9279 = EDGE_CURVE('',#9280,#9252,#9282,.T.);
#9280 = VERTEX_POINT('',#9281);
#9281 = CARTESIAN_POINT('',(2.21,-1.4,0.18));
#9282 = SURFACE_CURVE('',#9283,(#9287,#9294),.PCURVE_S1.);
#9283 = LINE('',#9284,#9285);
#9284 = CARTESIAN_POINT('',(2.21,-1.4,0.18));
#9285 = VECTOR('',#9286,1.);
#9286 = DIRECTION('',(0.,0.,-1.));
#9287 = PCURVE('',#9182,#9288);
#9288 = DEFINITIONAL_REPRESENTATION('',(#9289),#9293);
#9289 = LINE('',#9290,#9291);
#9290 = CARTESIAN_POINT('',(0.,0.));
#9291 = VECTOR('',#9292,1.);
#9292 = DIRECTION('',(0.,1.));
#9293 = ( GEOMETRIC_REPRESENTATION_CONTEXT(2) 
PARAMETRIC_REPRESENTATION_CONTEXT() REPRESENTATION_CONTEXT('2D SPACE',''
  ) );
#9294 = PCURVE('',#9295,#9300);
#9295 = PLANE('',#9296);
#9296 = AXIS2_PLACEMENT_3D('',#9297,#9298,#9299);
#9297 = CARTESIAN_POINT('',(2.21,-1.4,0.18));
#9298 = DIRECTION('',(-3.852882063005E-15,1.,0.));
#9299 = DIRECTION('',(-1.,-3.852882063005E-15,0.));
#9300 = DEFINITIONAL_REPRESENTATION('',(#9301),#9305);
#9301 = LINE('',#9302,#9303);
#9302 = CARTESIAN_POINT('',(0.,0.));
#9303 = VECTOR('',#9304,1.);
#9304 = DIRECTION('',(-0.,-1.));
#9305 = ( GEOMETRIC_REPRESENTATION_CONTEXT(2) 
PARAMETRIC_REPRESENTATION_CONTEXT() REPRESENTATION_CONTEXT('2D SPACE',''
  ) );
#9306 = ORIENTED_EDGE('',*,*,#9307,.F.);
#9307 = EDGE_CURVE('',#9167,#9280,#9308,.T.);
#9308 = SURFACE_CURVE('',#9309,(#9314,#9321),.PCURVE_S1.);
#9309 = CIRCLE('',#9310,0.1);
#9310 = AXIS2_PLACEMENT_3D('',#9311,#9312,#9313);
#9311 = CARTESIAN_POINT('',(2.21,-1.3,0.18));
#9312 = DIRECTION('',(0.,0.,1.));
#9313 = DIRECTION('',(4.336808689942E-15,-1.,0.));
#9314 = PCURVE('',#9182,#9315);
#9315 = DEFINITIONAL_REPRESENTATION('',(#9316),#9320);
#9316 = LINE('',#9317,#9318);
#9317 = CARTESIAN_POINT('',(6.28318530718,0.));
#9318 = VECTOR('',#9319,1.);
#9319 = DIRECTION('',(-1.,0.));
#9320 = ( GEOMETRIC_REPRESENTATION_CONTEXT(2) 
PARAMETRIC_REPRESENTATION_CONTEXT() REPRESENTATION_CONTEXT('2D SPACE',''
  ) );
#9321 = PCURVE('',#9210,#9322);
#9322 = DEFINITIONAL_REPRESENTATION('',(#9323),#9331);
#9323 = ( BOUNDED_CURVE() B_SPLINE_CURVE(2,(#9324,#9325,#9326,#9327,
#9328,#9329,#9330),.UNSPECIFIED.,.T.,.F.) B_SPLINE_CURVE_WITH_KNOTS((1,2
    ,2,2,2,1),(-2.094395102393,0.,2.094395102393,4.188790204786,
6.28318530718,8.377580409573),.UNSPECIFIED.) CURVE() 
GEOMETRIC_REPRESENTATION_ITEM() RATIONAL_B_SPLINE_CURVE((1.,0.5,1.,0.5,
1.,0.5,1.)) REPRESENTATION_ITEM('') );
#9324 = CARTESIAN_POINT('',(0.1,-8.453273510989E-17));
#9325 = CARTESIAN_POINT('',(1.E-01,-0.173205080757));
#9326 = CARTESIAN_POINT('',(-5.E-02,-8.660254037844E-02));
#9327 = CARTESIAN_POINT('',(-0.2,1.445725342368E-16));
#9328 = CARTESIAN_POINT('',(-5.E-02,8.660254037844E-02));
#9329 = CARTESIAN_POINT('',(0.1,0.173205080757));
#9330 = CARTESIAN_POINT('',(0.1,-8.453273510989E-17));
#9331 = ( GEOMETRIC_REPRESENTATION_CONTEXT(2) 
PARAMETRIC_REPRESENTATION_CONTEXT() REPRESENTATION_CONTEXT('2D SPACE',''
  ) );
#9332 = ORIENTED_EDGE('',*,*,#9166,.T.);
#9333 = ADVANCED_FACE('',(#9334),#9295,.F.);
#9334 = FACE_BOUND('',#9335,.T.);
#9335 = EDGE_LOOP('',(#9336,#9359,#9382,#9403));
#9336 = ORIENTED_EDGE('',*,*,#9337,.T.);
#9337 = EDGE_CURVE('',#9252,#9338,#9340,.T.);
#9338 = VERTEX_POINT('',#9339);
#9339 = CARTESIAN_POINT('',(2.51,-1.4,-2.E-02));
#9340 = SURFACE_CURVE('',#9341,(#9345,#9352),.PCURVE_S1.);
#9341 = LINE('',#9342,#9343);
#9342 = CARTESIAN_POINT('',(2.21,-1.4,-2.E-02));
#9343 = VECTOR('',#9344,1.);
#9344 = DIRECTION('',(1.,3.852882063005E-15,0.));
#9345 = PCURVE('',#9295,#9346);
#9346 = DEFINITIONAL_REPRESENTATION('',(#9347),#9351);
#9347 = LINE('',#9348,#9349);
#9348 = CARTESIAN_POINT('',(-0.,-0.2));
#9349 = VECTOR('',#9350,1.);
#9350 = DIRECTION('',(-1.,0.));
#9351 = ( GEOMETRIC_REPRESENTATION_CONTEXT(2) 
PARAMETRIC_REPRESENTATION_CONTEXT() REPRESENTATION_CONTEXT('2D SPACE',''
  ) );
#9352 = PCURVE('',#9154,#9353);
#9353 = DEFINITIONAL_REPRESENTATION('',(#9354),#9358);
#9354 = LINE('',#9355,#9356);
#9355 = CARTESIAN_POINT('',(0.1,3.491481338843E-16));
#9356 = VECTOR('',#9357,1.);
#9357 = DIRECTION('',(-3.614007241618E-16,-1.));
#9358 = ( GEOMETRIC_REPRESENTATION_CONTEXT(2) 
PARAMETRIC_REPRESENTATION_CONTEXT() REPRESENTATION_CONTEXT('2D SPACE',''
  ) );
#9359 = ORIENTED_EDGE('',*,*,#9360,.F.);
#9360 = EDGE_CURVE('',#9361,#9338,#9363,.T.);
#9361 = VERTEX_POINT('',#9362);
#9362 = CARTESIAN_POINT('',(2.51,-1.4,0.18));
#9363 = SURFACE_CURVE('',#9364,(#9368,#9375),.PCURVE_S1.);
#9364 = LINE('',#9365,#9366);
#9365 = CARTESIAN_POINT('',(2.51,-1.4,0.18));
#9366 = VECTOR('',#9367,1.);
#9367 = DIRECTION('',(0.,0.,-1.));
#9368 = PCURVE('',#9295,#9369);
#9369 = DEFINITIONAL_REPRESENTATION('',(#9370),#9374);
#9370 = LINE('',#9371,#9372);
#9371 = CARTESIAN_POINT('',(-0.3,0.));
#9372 = VECTOR('',#9373,1.);
#9373 = DIRECTION('',(-0.,-1.));
#9374 = ( GEOMETRIC_REPRESENTATION_CONTEXT(2) 
PARAMETRIC_REPRESENTATION_CONTEXT() REPRESENTATION_CONTEXT('2D SPACE',''
  ) );
#9375 = PCURVE('',#9236,#9376);
#9376 = DEFINITIONAL_REPRESENTATION('',(#9377),#9381);
#9377 = LINE('',#9378,#9379);
#9378 = CARTESIAN_POINT('',(0.,0.));
#9379 = VECTOR('',#9380,1.);
#9380 = DIRECTION('',(0.,-1.));
#9381 = ( GEOMETRIC_REPRESENTATION_CONTEXT(2) 
PARAMETRIC_REPRESENTATION_CONTEXT() REPRESENTATION_CONTEXT('2D SPACE',''
  ) );
#9382 = ORIENTED_EDGE('',*,*,#9383,.F.);
#9383 = EDGE_CURVE('',#9280,#9361,#9384,.T.);
#9384 = SURFACE_CURVE('',#9385,(#9389,#9396),.PCURVE_S1.);
#9385 = LINE('',#9386,#9387);
#9386 = CARTESIAN_POINT('',(2.21,-1.4,0.18));
#9387 = VECTOR('',#9388,1.);
#9388 = DIRECTION('',(1.,3.852882063005E-15,0.));
#9389 = PCURVE('',#9295,#9390);
#9390 = DEFINITIONAL_REPRESENTATION('',(#9391),#9395);
#9391 = LINE('',#9392,#9393);
#9392 = CARTESIAN_POINT('',(0.,0.));
#9393 = VECTOR('',#9394,1.);
#9394 = DIRECTION('',(-1.,0.));
#9395 = ( GEOMETRIC_REPRESENTATION_CONTEXT(2) 
PARAMETRIC_REPRESENTATION_CONTEXT() REPRESENTATION_CONTEXT('2D SPACE',''
  ) );
#9396 = PCURVE('',#9210,#9397);
#9397 = DEFINITIONAL_REPRESENTATION('',(#9398),#9402);
#9398 = LINE('',#9399,#9400);
#9399 = CARTESIAN_POINT('',(0.1,3.491481338843E-16));
#9400 = VECTOR('',#9401,1.);
#9401 = DIRECTION('',(-3.614007241618E-16,-1.));
#9402 = ( GEOMETRIC_REPRESENTATION_CONTEXT(2) 
PARAMETRIC_REPRESENTATION_CONTEXT() REPRESENTATION_CONTEXT('2D SPACE',''
  ) );
#9403 = ORIENTED_EDGE('',*,*,#9279,.T.);
#9404 = ADVANCED_FACE('',(#9405),#9236,.F.);
#9405 = FACE_BOUND('',#9406,.T.);
#9406 = EDGE_LOOP('',(#9407,#9428,#9429,#9450));
#9407 = ORIENTED_EDGE('',*,*,#9408,.T.);
#9408 = EDGE_CURVE('',#9338,#9132,#9409,.T.);
#9409 = SURFACE_CURVE('',#9410,(#9414,#9421),.PCURVE_S1.);
#9410 = LINE('',#9411,#9412);
#9411 = CARTESIAN_POINT('',(2.51,-1.4,-2.E-02));
#9412 = VECTOR('',#9413,1.);
#9413 = DIRECTION('',(-3.627006610404E-15,1.,0.));
#9414 = PCURVE('',#9236,#9415);
#9415 = DEFINITIONAL_REPRESENTATION('',(#9416),#9420);
#9416 = LINE('',#9417,#9418);
#9417 = CARTESIAN_POINT('',(0.,-0.2));
#9418 = VECTOR('',#9419,1.);
#9419 = DIRECTION('',(-1.,0.));
#9420 = ( GEOMETRIC_REPRESENTATION_CONTEXT(2) 
PARAMETRIC_REPRESENTATION_CONTEXT() REPRESENTATION_CONTEXT('2D SPACE',''
  ) );
#9421 = PCURVE('',#9154,#9422);
#9422 = DEFINITIONAL_REPRESENTATION('',(#9423),#9427);
#9423 = LINE('',#9424,#9425);
#9424 = CARTESIAN_POINT('',(1.E-01,-0.3));
#9425 = VECTOR('',#9426,1.);
#9426 = DIRECTION('',(-1.,1.355252715607E-16));
#9427 = ( GEOMETRIC_REPRESENTATION_CONTEXT(2) 
PARAMETRIC_REPRESENTATION_CONTEXT() REPRESENTATION_CONTEXT('2D SPACE',''
  ) );
#9428 = ORIENTED_EDGE('',*,*,#9222,.F.);
#9429 = ORIENTED_EDGE('',*,*,#9430,.F.);
#9430 = EDGE_CURVE('',#9361,#9195,#9431,.T.);
#9431 = SURFACE_CURVE('',#9432,(#9436,#9443),.PCURVE_S1.);
#9432 = LINE('',#9433,#9434);
#9433 = CARTESIAN_POINT('',(2.51,-1.4,0.18));
#9434 = VECTOR('',#9435,1.);
#9435 = DIRECTION('',(-3.627006610404E-15,1.,0.));
#9436 = PCURVE('',#9236,#9437);
#9437 = DEFINITIONAL_REPRESENTATION('',(#9438),#9442);
#9438 = LINE('',#9439,#9440);
#9439 = CARTESIAN_POINT('',(0.,0.));
#9440 = VECTOR('',#9441,1.);
#9441 = DIRECTION('',(-1.,0.));
#9442 = ( GEOMETRIC_REPRESENTATION_CONTEXT(2) 
PARAMETRIC_REPRESENTATION_CONTEXT() REPRESENTATION_CONTEXT('2D SPACE',''
  ) );
#9443 = PCURVE('',#9210,#9444);
#9444 = DEFINITIONAL_REPRESENTATION('',(#9445),#9449);
#9445 = LINE('',#9446,#9447);
#9446 = CARTESIAN_POINT('',(1.E-01,-0.3));
#9447 = VECTOR('',#9448,1.);
#9448 = DIRECTION('',(-1.,1.355252715607E-16));
#9449 = ( GEOMETRIC_REPRESENTATION_CONTEXT(2) 
PARAMETRIC_REPRESENTATION_CONTEXT() REPRESENTATION_CONTEXT('2D SPACE',''
  ) );
#9450 = ORIENTED_EDGE('',*,*,#9360,.T.);
#9451 = ADVANCED_FACE('',(#9452),#9210,.F.);
#9452 = FACE_BOUND('',#9453,.T.);
#9453 = EDGE_LOOP('',(#9454,#9455,#9456,#9457));
#9454 = ORIENTED_EDGE('',*,*,#9194,.T.);
#9455 = ORIENTED_EDGE('',*,*,#9307,.T.);
#9456 = ORIENTED_EDGE('',*,*,#9383,.T.);
#9457 = ORIENTED_EDGE('',*,*,#9430,.T.);
#9458 = ADVANCED_FACE('',(#9459),#9154,.T.);
#9459 = FACE_BOUND('',#9460,.T.);
#9460 = EDGE_LOOP('',(#9461,#9462,#9463,#9464));
#9461 = ORIENTED_EDGE('',*,*,#9131,.F.);
#9462 = ORIENTED_EDGE('',*,*,#9408,.F.);
#9463 = ORIENTED_EDGE('',*,*,#9337,.F.);
#9464 = ORIENTED_EDGE('',*,*,#9251,.F.);
#9465 = MANIFOLD_SOLID_BREP('',#9466);
#9466 = CLOSED_SHELL('',(#9467,#9587,#9673,#9744,#9791,#9798));
#9467 = ADVANCED_FACE('',(#9468),#9482,.F.);
#9468 = FACE_BOUND('',#9469,.T.);
#9469 = EDGE_LOOP('',(#9470,#9505,#9533,#9561));
#9470 = ORIENTED_EDGE('',*,*,#9471,.T.);
#9471 = EDGE_CURVE('',#9472,#9474,#9476,.T.);
#9472 = VERTEX_POINT('',#9473);
#9473 = CARTESIAN_POINT('',(-1.2,-2.51,-2.E-02));
#9474 = VERTEX_POINT('',#9475);
#9475 = CARTESIAN_POINT('',(-1.2,-2.21,-2.E-02));
#9476 = SURFACE_CURVE('',#9477,(#9481,#9493),.PCURVE_S1.);
#9477 = LINE('',#9478,#9479);
#9478 = CARTESIAN_POINT('',(-1.2,-2.21,-2.E-02));
#9479 = VECTOR('',#9480,1.);
#9480 = DIRECTION('',(9.035018104046E-17,1.,-0.));
#9481 = PCURVE('',#9482,#9487);
#9482 = PLANE('',#9483);
#9483 = AXIS2_PLACEMENT_3D('',#9484,#9485,#9486);
#9484 = CARTESIAN_POINT('',(-1.2,-2.21,0.18));
#9485 = DIRECTION('',(-1.,9.035018104046E-17,0.));
#9486 = DIRECTION('',(-9.035018104046E-17,-1.,0.));
#9487 = DEFINITIONAL_REPRESENTATION('',(#9488),#9492);
#9488 = LINE('',#9489,#9490);
#9489 = CARTESIAN_POINT('',(-0.,-0.2));
#9490 = VECTOR('',#9491,1.);
#9491 = DIRECTION('',(-1.,0.));
#9492 = ( GEOMETRIC_REPRESENTATION_CONTEXT(2) 
PARAMETRIC_REPRESENTATION_CONTEXT() REPRESENTATION_CONTEXT('2D SPACE',''
  ) );
#9493 = PCURVE('',#9494,#9499);
#9494 = PLANE('',#9495);
#9495 = AXIS2_PLACEMENT_3D('',#9496,#9497,#9498);
#9496 = CARTESIAN_POINT('',(-1.3,-2.21,-2.E-02));
#9497 = DIRECTION('',(-0.,0.,-1.));
#9498 = DIRECTION('',(-1.,0.,0.));
#9499 = DEFINITIONAL_REPRESENTATION('',(#9500),#9504);
#9500 = LINE('',#9501,#9502);
#9501 = CARTESIAN_POINT('',(-0.1,0.));
#9502 = VECTOR('',#9503,1.);
#9503 = DIRECTION('',(-9.035018104046E-17,1.));
#9504 = ( GEOMETRIC_REPRESENTATION_CONTEXT(2) 
PARAMETRIC_REPRESENTATION_CONTEXT() REPRESENTATION_CONTEXT('2D SPACE',''
  ) );
#9505 = ORIENTED_EDGE('',*,*,#9506,.F.);
#9506 = EDGE_CURVE('',#9507,#9474,#9509,.T.);
#9507 = VERTEX_POINT('',#9508);
#9508 = CARTESIAN_POINT('',(-1.2,-2.21,0.18));
#9509 = SURFACE_CURVE('',#9510,(#9514,#9521),.PCURVE_S1.);
#9510 = LINE('',#9511,#9512);
#9511 = CARTESIAN_POINT('',(-1.2,-2.21,0.18));
#9512 = VECTOR('',#9513,1.);
#9513 = DIRECTION('',(-0.,-0.,-1.));
#9514 = PCURVE('',#9482,#9515);
#9515 = DEFINITIONAL_REPRESENTATION('',(#9516),#9520);
#9516 = LINE('',#9517,#9518);
#9517 = CARTESIAN_POINT('',(0.,0.));
#9518 = VECTOR('',#9519,1.);
#9519 = DIRECTION('',(0.,-1.));
#9520 = ( GEOMETRIC_REPRESENTATION_CONTEXT(2) 
PARAMETRIC_REPRESENTATION_CONTEXT() REPRESENTATION_CONTEXT('2D SPACE',''
  ) );
#9521 = PCURVE('',#9522,#9527);
#9522 = CYLINDRICAL_SURFACE('',#9523,0.1);
#9523 = AXIS2_PLACEMENT_3D('',#9524,#9525,#9526);
#9524 = CARTESIAN_POINT('',(-1.3,-2.21,0.18));
#9525 = DIRECTION('',(-0.,-0.,-1.));
#9526 = DIRECTION('',(-1.,0.,0.));
#9527 = DEFINITIONAL_REPRESENTATION('',(#9528),#9532);
#9528 = LINE('',#9529,#9530);
#9529 = CARTESIAN_POINT('',(3.14159265359,0.));
#9530 = VECTOR('',#9531,1.);
#9531 = DIRECTION('',(0.,1.));
#9532 = ( GEOMETRIC_REPRESENTATION_CONTEXT(2) 
PARAMETRIC_REPRESENTATION_CONTEXT() REPRESENTATION_CONTEXT('2D SPACE',''
  ) );
#9533 = ORIENTED_EDGE('',*,*,#9534,.F.);
#9534 = EDGE_CURVE('',#9535,#9507,#9537,.T.);
#9535 = VERTEX_POINT('',#9536);
#9536 = CARTESIAN_POINT('',(-1.2,-2.51,0.18));
#9537 = SURFACE_CURVE('',#9538,(#9542,#9549),.PCURVE_S1.);
#9538 = LINE('',#9539,#9540);
#9539 = CARTESIAN_POINT('',(-1.2,-2.21,0.18));
#9540 = VECTOR('',#9541,1.);
#9541 = DIRECTION('',(9.035018104046E-17,1.,-0.));
#9542 = PCURVE('',#9482,#9543);
#9543 = DEFINITIONAL_REPRESENTATION('',(#9544),#9548);
#9544 = LINE('',#9545,#9546);
#9545 = CARTESIAN_POINT('',(0.,0.));
#9546 = VECTOR('',#9547,1.);
#9547 = DIRECTION('',(-1.,0.));
#9548 = ( GEOMETRIC_REPRESENTATION_CONTEXT(2) 
PARAMETRIC_REPRESENTATION_CONTEXT() REPRESENTATION_CONTEXT('2D SPACE',''
  ) );
#9549 = PCURVE('',#9550,#9555);
#9550 = PLANE('',#9551);
#9551 = AXIS2_PLACEMENT_3D('',#9552,#9553,#9554);
#9552 = CARTESIAN_POINT('',(-1.3,-2.21,0.18));
#9553 = DIRECTION('',(-0.,0.,-1.));
#9554 = DIRECTION('',(-1.,0.,0.));
#9555 = DEFINITIONAL_REPRESENTATION('',(#9556),#9560);
#9556 = LINE('',#9557,#9558);
#9557 = CARTESIAN_POINT('',(-0.1,0.));
#9558 = VECTOR('',#9559,1.);
#9559 = DIRECTION('',(-9.035018104046E-17,1.));
#9560 = ( GEOMETRIC_REPRESENTATION_CONTEXT(2) 
PARAMETRIC_REPRESENTATION_CONTEXT() REPRESENTATION_CONTEXT('2D SPACE',''
  ) );
#9561 = ORIENTED_EDGE('',*,*,#9562,.T.);
#9562 = EDGE_CURVE('',#9535,#9472,#9563,.T.);
#9563 = SURFACE_CURVE('',#9564,(#9568,#9575),.PCURVE_S1.);
#9564 = LINE('',#9565,#9566);
#9565 = CARTESIAN_POINT('',(-1.2,-2.51,0.18));
#9566 = VECTOR('',#9567,1.);
#9567 = DIRECTION('',(-0.,-0.,-1.));
#9568 = PCURVE('',#9482,#9569);
#9569 = DEFINITIONAL_REPRESENTATION('',(#9570),#9574);
#9570 = LINE('',#9571,#9572);
#9571 = CARTESIAN_POINT('',(0.3,0.));
#9572 = VECTOR('',#9573,1.);
#9573 = DIRECTION('',(0.,-1.));
#9574 = ( GEOMETRIC_REPRESENTATION_CONTEXT(2) 
PARAMETRIC_REPRESENTATION_CONTEXT() REPRESENTATION_CONTEXT('2D SPACE',''
  ) );
#9575 = PCURVE('',#9576,#9581);
#9576 = PLANE('',#9577);
#9577 = AXIS2_PLACEMENT_3D('',#9578,#9579,#9580);
#9578 = CARTESIAN_POINT('',(-1.4,-2.51,0.18));
#9579 = DIRECTION('',(-1.355252715607E-16,1.,0.));
#9580 = DIRECTION('',(-1.,-1.355252715607E-16,0.));
#9581 = DEFINITIONAL_REPRESENTATION('',(#9582),#9586);
#9582 = LINE('',#9583,#9584);
#9583 = CARTESIAN_POINT('',(-0.2,0.));
#9584 = VECTOR('',#9585,1.);
#9585 = DIRECTION('',(0.,-1.));
#9586 = ( GEOMETRIC_REPRESENTATION_CONTEXT(2) 
PARAMETRIC_REPRESENTATION_CONTEXT() REPRESENTATION_CONTEXT('2D SPACE',''
  ) );
#9587 = ADVANCED_FACE('',(#9588),#9522,.T.);
#9588 = FACE_BOUND('',#9589,.T.);
#9589 = EDGE_LOOP('',(#9590,#9618,#9646,#9672));
#9590 = ORIENTED_EDGE('',*,*,#9591,.T.);
#9591 = EDGE_CURVE('',#9474,#9592,#9594,.T.);
#9592 = VERTEX_POINT('',#9593);
#9593 = CARTESIAN_POINT('',(-1.4,-2.21,-2.E-02));
#9594 = SURFACE_CURVE('',#9595,(#9600,#9607),.PCURVE_S1.);
#9595 = CIRCLE('',#9596,0.1);
#9596 = AXIS2_PLACEMENT_3D('',#9597,#9598,#9599);
#9597 = CARTESIAN_POINT('',(-1.3,-2.21,-2.E-02));
#9598 = DIRECTION('',(0.,0.,1.));
#9599 = DIRECTION('',(-1.,0.,0.));
#9600 = PCURVE('',#9522,#9601);
#9601 = DEFINITIONAL_REPRESENTATION('',(#9602),#9606);
#9602 = LINE('',#9603,#9604);
#9603 = CARTESIAN_POINT('',(6.28318530718,0.2));
#9604 = VECTOR('',#9605,1.);
#9605 = DIRECTION('',(-1.,0.));
#9606 = ( GEOMETRIC_REPRESENTATION_CONTEXT(2) 
PARAMETRIC_REPRESENTATION_CONTEXT() REPRESENTATION_CONTEXT('2D SPACE',''
  ) );
#9607 = PCURVE('',#9494,#9608);
#9608 = DEFINITIONAL_REPRESENTATION('',(#9609),#9617);
#9609 = ( BOUNDED_CURVE() B_SPLINE_CURVE(2,(#9610,#9611,#9612,#9613,
#9614,#9615,#9616),.UNSPECIFIED.,.T.,.F.) B_SPLINE_CURVE_WITH_KNOTS((1,2
    ,2,2,2,1),(-2.094395102393,0.,2.094395102393,4.188790204786,
6.28318530718,8.377580409573),.UNSPECIFIED.) CURVE() 
GEOMETRIC_REPRESENTATION_ITEM() RATIONAL_B_SPLINE_CURVE((1.,0.5,1.,0.5,
1.,0.5,1.)) REPRESENTATION_ITEM('') );
#9610 = CARTESIAN_POINT('',(0.1,0.));
#9611 = CARTESIAN_POINT('',(0.1,-0.173205080757));
#9612 = CARTESIAN_POINT('',(-5.E-02,-8.660254037844E-02));
#9613 = CARTESIAN_POINT('',(-0.2,-2.449293598295E-17));
#9614 = CARTESIAN_POINT('',(-5.E-02,8.660254037844E-02));
#9615 = CARTESIAN_POINT('',(1.E-01,0.173205080757));
#9616 = CARTESIAN_POINT('',(0.1,0.));
#9617 = ( GEOMETRIC_REPRESENTATION_CONTEXT(2) 
PARAMETRIC_REPRESENTATION_CONTEXT() REPRESENTATION_CONTEXT('2D SPACE',''
  ) );
#9618 = ORIENTED_EDGE('',*,*,#9619,.F.);
#9619 = EDGE_CURVE('',#9620,#9592,#9622,.T.);
#9620 = VERTEX_POINT('',#9621);
#9621 = CARTESIAN_POINT('',(-1.4,-2.21,0.18));
#9622 = SURFACE_CURVE('',#9623,(#9627,#9634),.PCURVE_S1.);
#9623 = LINE('',#9624,#9625);
#9624 = CARTESIAN_POINT('',(-1.4,-2.21,0.18));
#9625 = VECTOR('',#9626,1.);
#9626 = DIRECTION('',(-0.,-0.,-1.));
#9627 = PCURVE('',#9522,#9628);
#9628 = DEFINITIONAL_REPRESENTATION('',(#9629),#9633);
#9629 = LINE('',#9630,#9631);
#9630 = CARTESIAN_POINT('',(0.,0.));
#9631 = VECTOR('',#9632,1.);
#9632 = DIRECTION('',(0.,1.));
#9633 = ( GEOMETRIC_REPRESENTATION_CONTEXT(2) 
PARAMETRIC_REPRESENTATION_CONTEXT() REPRESENTATION_CONTEXT('2D SPACE',''
  ) );
#9634 = PCURVE('',#9635,#9640);
#9635 = PLANE('',#9636);
#9636 = AXIS2_PLACEMENT_3D('',#9637,#9638,#9639);
#9637 = CARTESIAN_POINT('',(-1.4,-2.21,0.18));
#9638 = DIRECTION('',(1.,3.614007241618E-16,-0.));
#9639 = DIRECTION('',(-3.614007241618E-16,1.,0.));
#9640 = DEFINITIONAL_REPRESENTATION('',(#9641),#9645);
#9641 = LINE('',#9642,#9643);
#9642 = CARTESIAN_POINT('',(0.,0.));
#9643 = VECTOR('',#9644,1.);
#9644 = DIRECTION('',(0.,-1.));
#9645 = ( GEOMETRIC_REPRESENTATION_CONTEXT(2) 
PARAMETRIC_REPRESENTATION_CONTEXT() REPRESENTATION_CONTEXT('2D SPACE',''
  ) );
#9646 = ORIENTED_EDGE('',*,*,#9647,.F.);
#9647 = EDGE_CURVE('',#9507,#9620,#9648,.T.);
#9648 = SURFACE_CURVE('',#9649,(#9654,#9661),.PCURVE_S1.);
#9649 = CIRCLE('',#9650,0.1);
#9650 = AXIS2_PLACEMENT_3D('',#9651,#9652,#9653);
#9651 = CARTESIAN_POINT('',(-1.3,-2.21,0.18));
#9652 = DIRECTION('',(0.,0.,1.));
#9653 = DIRECTION('',(-1.,0.,0.));
#9654 = PCURVE('',#9522,#9655);
#9655 = DEFINITIONAL_REPRESENTATION('',(#9656),#9660);
#9656 = LINE('',#9657,#9658);
#9657 = CARTESIAN_POINT('',(6.28318530718,0.));
#9658 = VECTOR('',#9659,1.);
#9659 = DIRECTION('',(-1.,0.));
#9660 = ( GEOMETRIC_REPRESENTATION_CONTEXT(2) 
PARAMETRIC_REPRESENTATION_CONTEXT() REPRESENTATION_CONTEXT('2D SPACE',''
  ) );
#9661 = PCURVE('',#9550,#9662);
#9662 = DEFINITIONAL_REPRESENTATION('',(#9663),#9671);
#9663 = ( BOUNDED_CURVE() B_SPLINE_CURVE(2,(#9664,#9665,#9666,#9667,
#9668,#9669,#9670),.UNSPECIFIED.,.T.,.F.) B_SPLINE_CURVE_WITH_KNOTS((1,2
    ,2,2,2,1),(-2.094395102393,0.,2.094395102393,4.188790204786,
6.28318530718,8.377580409573),.UNSPECIFIED.) CURVE() 
GEOMETRIC_REPRESENTATION_ITEM() RATIONAL_B_SPLINE_CURVE((1.,0.5,1.,0.5,
1.,0.5,1.)) REPRESENTATION_ITEM('') );
#9664 = CARTESIAN_POINT('',(0.1,0.));
#9665 = CARTESIAN_POINT('',(0.1,-0.173205080757));
#9666 = CARTESIAN_POINT('',(-5.E-02,-8.660254037844E-02));
#9667 = CARTESIAN_POINT('',(-0.2,-2.449293598295E-17));
#9668 = CARTESIAN_POINT('',(-5.E-02,8.660254037844E-02));
#9669 = CARTESIAN_POINT('',(1.E-01,0.173205080757));
#9670 = CARTESIAN_POINT('',(0.1,0.));
#9671 = ( GEOMETRIC_REPRESENTATION_CONTEXT(2) 
PARAMETRIC_REPRESENTATION_CONTEXT() REPRESENTATION_CONTEXT('2D SPACE',''
  ) );
#9672 = ORIENTED_EDGE('',*,*,#9506,.T.);
#9673 = ADVANCED_FACE('',(#9674),#9635,.F.);
#9674 = FACE_BOUND('',#9675,.T.);
#9675 = EDGE_LOOP('',(#9676,#9699,#9722,#9743));
#9676 = ORIENTED_EDGE('',*,*,#9677,.T.);
#9677 = EDGE_CURVE('',#9592,#9678,#9680,.T.);
#9678 = VERTEX_POINT('',#9679);
#9679 = CARTESIAN_POINT('',(-1.4,-2.51,-2.E-02));
#9680 = SURFACE_CURVE('',#9681,(#9685,#9692),.PCURVE_S1.);
#9681 = LINE('',#9682,#9683);
#9682 = CARTESIAN_POINT('',(-1.4,-2.21,-2.E-02));
#9683 = VECTOR('',#9684,1.);
#9684 = DIRECTION('',(3.614007241618E-16,-1.,0.));
#9685 = PCURVE('',#9635,#9686);
#9686 = DEFINITIONAL_REPRESENTATION('',(#9687),#9691);
#9687 = LINE('',#9688,#9689);
#9688 = CARTESIAN_POINT('',(0.,-0.2));
#9689 = VECTOR('',#9690,1.);
#9690 = DIRECTION('',(-1.,0.));
#9691 = ( GEOMETRIC_REPRESENTATION_CONTEXT(2) 
PARAMETRIC_REPRESENTATION_CONTEXT() REPRESENTATION_CONTEXT('2D SPACE',''
  ) );
#9692 = PCURVE('',#9494,#9693);
#9693 = DEFINITIONAL_REPRESENTATION('',(#9694),#9698);
#9694 = LINE('',#9695,#9696);
#9695 = CARTESIAN_POINT('',(1.E-01,0.));
#9696 = VECTOR('',#9697,1.);
#9697 = DIRECTION('',(-3.614007241618E-16,-1.));
#9698 = ( GEOMETRIC_REPRESENTATION_CONTEXT(2) 
PARAMETRIC_REPRESENTATION_CONTEXT() REPRESENTATION_CONTEXT('2D SPACE',''
  ) );
#9699 = ORIENTED_EDGE('',*,*,#9700,.F.);
#9700 = EDGE_CURVE('',#9701,#9678,#9703,.T.);
#9701 = VERTEX_POINT('',#9702);
#9702 = CARTESIAN_POINT('',(-1.4,-2.51,0.18));
#9703 = SURFACE_CURVE('',#9704,(#9708,#9715),.PCURVE_S1.);
#9704 = LINE('',#9705,#9706);
#9705 = CARTESIAN_POINT('',(-1.4,-2.51,0.18));
#9706 = VECTOR('',#9707,1.);
#9707 = DIRECTION('',(-0.,-0.,-1.));
#9708 = PCURVE('',#9635,#9709);
#9709 = DEFINITIONAL_REPRESENTATION('',(#9710),#9714);
#9710 = LINE('',#9711,#9712);
#9711 = CARTESIAN_POINT('',(-0.3,0.));
#9712 = VECTOR('',#9713,1.);
#9713 = DIRECTION('',(0.,-1.));
#9714 = ( GEOMETRIC_REPRESENTATION_CONTEXT(2) 
PARAMETRIC_REPRESENTATION_CONTEXT() REPRESENTATION_CONTEXT('2D SPACE',''
  ) );
#9715 = PCURVE('',#9576,#9716);
#9716 = DEFINITIONAL_REPRESENTATION('',(#9717),#9721);
#9717 = LINE('',#9718,#9719);
#9718 = CARTESIAN_POINT('',(0.,0.));
#9719 = VECTOR('',#9720,1.);
#9720 = DIRECTION('',(0.,-1.));
#9721 = ( GEOMETRIC_REPRESENTATION_CONTEXT(2) 
PARAMETRIC_REPRESENTATION_CONTEXT() REPRESENTATION_CONTEXT('2D SPACE',''
  ) );
#9722 = ORIENTED_EDGE('',*,*,#9723,.F.);
#9723 = EDGE_CURVE('',#9620,#9701,#9724,.T.);
#9724 = SURFACE_CURVE('',#9725,(#9729,#9736),.PCURVE_S1.);
#9725 = LINE('',#9726,#9727);
#9726 = CARTESIAN_POINT('',(-1.4,-2.21,0.18));
#9727 = VECTOR('',#9728,1.);
#9728 = DIRECTION('',(3.614007241618E-16,-1.,0.));
#9729 = PCURVE('',#9635,#9730);
#9730 = DEFINITIONAL_REPRESENTATION('',(#9731),#9735);
#9731 = LINE('',#9732,#9733);
#9732 = CARTESIAN_POINT('',(0.,0.));
#9733 = VECTOR('',#9734,1.);
#9734 = DIRECTION('',(-1.,0.));
#9735 = ( GEOMETRIC_REPRESENTATION_CONTEXT(2) 
PARAMETRIC_REPRESENTATION_CONTEXT() REPRESENTATION_CONTEXT('2D SPACE',''
  ) );
#9736 = PCURVE('',#9550,#9737);
#9737 = DEFINITIONAL_REPRESENTATION('',(#9738),#9742);
#9738 = LINE('',#9739,#9740);
#9739 = CARTESIAN_POINT('',(1.E-01,0.));
#9740 = VECTOR('',#9741,1.);
#9741 = DIRECTION('',(-3.614007241618E-16,-1.));
#9742 = ( GEOMETRIC_REPRESENTATION_CONTEXT(2) 
PARAMETRIC_REPRESENTATION_CONTEXT() REPRESENTATION_CONTEXT('2D SPACE',''
  ) );
#9743 = ORIENTED_EDGE('',*,*,#9619,.T.);
#9744 = ADVANCED_FACE('',(#9745),#9576,.F.);
#9745 = FACE_BOUND('',#9746,.T.);
#9746 = EDGE_LOOP('',(#9747,#9768,#9769,#9790));
#9747 = ORIENTED_EDGE('',*,*,#9748,.T.);
#9748 = EDGE_CURVE('',#9678,#9472,#9749,.T.);
#9749 = SURFACE_CURVE('',#9750,(#9754,#9761),.PCURVE_S1.);
#9750 = LINE('',#9751,#9752);
#9751 = CARTESIAN_POINT('',(-1.4,-2.51,-2.E-02));
#9752 = VECTOR('',#9753,1.);
#9753 = DIRECTION('',(1.,1.355252715607E-16,0.));
#9754 = PCURVE('',#9576,#9755);
#9755 = DEFINITIONAL_REPRESENTATION('',(#9756),#9760);
#9756 = LINE('',#9757,#9758);
#9757 = CARTESIAN_POINT('',(-0.,-0.2));
#9758 = VECTOR('',#9759,1.);
#9759 = DIRECTION('',(-1.,0.));
#9760 = ( GEOMETRIC_REPRESENTATION_CONTEXT(2) 
PARAMETRIC_REPRESENTATION_CONTEXT() REPRESENTATION_CONTEXT('2D SPACE',''
  ) );
#9761 = PCURVE('',#9494,#9762);
#9762 = DEFINITIONAL_REPRESENTATION('',(#9763),#9767);
#9763 = LINE('',#9764,#9765);
#9764 = CARTESIAN_POINT('',(1.E-01,-0.3));
#9765 = VECTOR('',#9766,1.);
#9766 = DIRECTION('',(-1.,1.355252715607E-16));
#9767 = ( GEOMETRIC_REPRESENTATION_CONTEXT(2) 
PARAMETRIC_REPRESENTATION_CONTEXT() REPRESENTATION_CONTEXT('2D SPACE',''
  ) );
#9768 = ORIENTED_EDGE('',*,*,#9562,.F.);
#9769 = ORIENTED_EDGE('',*,*,#9770,.F.);
#9770 = EDGE_CURVE('',#9701,#9535,#9771,.T.);
#9771 = SURFACE_CURVE('',#9772,(#9776,#9783),.PCURVE_S1.);
#9772 = LINE('',#9773,#9774);
#9773 = CARTESIAN_POINT('',(-1.4,-2.51,0.18));
#9774 = VECTOR('',#9775,1.);
#9775 = DIRECTION('',(1.,1.355252715607E-16,0.));
#9776 = PCURVE('',#9576,#9777);
#9777 = DEFINITIONAL_REPRESENTATION('',(#9778),#9782);
#9778 = LINE('',#9779,#9780);
#9779 = CARTESIAN_POINT('',(0.,0.));
#9780 = VECTOR('',#9781,1.);
#9781 = DIRECTION('',(-1.,0.));
#9782 = ( GEOMETRIC_REPRESENTATION_CONTEXT(2) 
PARAMETRIC_REPRESENTATION_CONTEXT() REPRESENTATION_CONTEXT('2D SPACE',''
  ) );
#9783 = PCURVE('',#9550,#9784);
#9784 = DEFINITIONAL_REPRESENTATION('',(#9785),#9789);
#9785 = LINE('',#9786,#9787);
#9786 = CARTESIAN_POINT('',(1.E-01,-0.3));
#9787 = VECTOR('',#9788,1.);
#9788 = DIRECTION('',(-1.,1.355252715607E-16));
#9789 = ( GEOMETRIC_REPRESENTATION_CONTEXT(2) 
PARAMETRIC_REPRESENTATION_CONTEXT() REPRESENTATION_CONTEXT('2D SPACE',''
  ) );
#9790 = ORIENTED_EDGE('',*,*,#9700,.T.);
#9791 = ADVANCED_FACE('',(#9792),#9550,.F.);
#9792 = FACE_BOUND('',#9793,.T.);
#9793 = EDGE_LOOP('',(#9794,#9795,#9796,#9797));
#9794 = ORIENTED_EDGE('',*,*,#9534,.T.);
#9795 = ORIENTED_EDGE('',*,*,#9647,.T.);
#9796 = ORIENTED_EDGE('',*,*,#9723,.T.);
#9797 = ORIENTED_EDGE('',*,*,#9770,.T.);
#9798 = ADVANCED_FACE('',(#9799),#9494,.T.);
#9799 = FACE_BOUND('',#9800,.T.);
#9800 = EDGE_LOOP('',(#9801,#9802,#9803,#9804));
#9801 = ORIENTED_EDGE('',*,*,#9471,.F.);
#9802 = ORIENTED_EDGE('',*,*,#9748,.F.);
#9803 = ORIENTED_EDGE('',*,*,#9677,.F.);
#9804 = ORIENTED_EDGE('',*,*,#9591,.F.);
#9805 = MANIFOLD_SOLID_BREP('',#9806);
#9806 = CLOSED_SHELL('',(#9807,#9927,#10013,#10084,#10131,#10138));
#9807 = ADVANCED_FACE('',(#9808),#9822,.F.);
#9808 = FACE_BOUND('',#9809,.T.);
#9809 = EDGE_LOOP('',(#9810,#9845,#9873,#9901));
#9810 = ORIENTED_EDGE('',*,*,#9811,.T.);
#9811 = EDGE_CURVE('',#9812,#9814,#9816,.T.);
#9812 = VERTEX_POINT('',#9813);
#9813 = CARTESIAN_POINT('',(2.51,-0.55,-2.E-02));
#9814 = VERTEX_POINT('',#9815);
#9815 = CARTESIAN_POINT('',(2.21,-0.55,-2.E-02));
#9816 = SURFACE_CURVE('',#9817,(#9821,#9833),.PCURVE_S1.);
#9817 = LINE('',#9818,#9819);
#9818 = CARTESIAN_POINT('',(2.21,-0.55,-2.E-02));
#9819 = VECTOR('',#9820,1.);
#9820 = DIRECTION('',(-1.,-3.401131157803E-15,0.));
#9821 = PCURVE('',#9822,#9827);
#9822 = PLANE('',#9823);
#9823 = AXIS2_PLACEMENT_3D('',#9824,#9825,#9826);
#9824 = CARTESIAN_POINT('',(2.21,-0.55,0.18));
#9825 = DIRECTION('',(3.401131157803E-15,-1.,0.));
#9826 = DIRECTION('',(1.,3.401131157803E-15,0.));
#9827 = DEFINITIONAL_REPRESENTATION('',(#9828),#9832);
#9828 = LINE('',#9829,#9830);
#9829 = CARTESIAN_POINT('',(0.,-0.2));
#9830 = VECTOR('',#9831,1.);
#9831 = DIRECTION('',(-1.,0.));
#9832 = ( GEOMETRIC_REPRESENTATION_CONTEXT(2) 
PARAMETRIC_REPRESENTATION_CONTEXT() REPRESENTATION_CONTEXT('2D SPACE',''
  ) );
#9833 = PCURVE('',#9834,#9839);
#9834 = PLANE('',#9835);
#9835 = AXIS2_PLACEMENT_3D('',#9836,#9837,#9838);
#9836 = CARTESIAN_POINT('',(2.21,-0.65,-2.E-02));
#9837 = DIRECTION('',(0.,0.,-1.));
#9838 = DIRECTION('',(3.491481338843E-15,-1.,0.));
#9839 = DEFINITIONAL_REPRESENTATION('',(#9840),#9844);
#9840 = LINE('',#9841,#9842);
#9841 = CARTESIAN_POINT('',(-0.1,9.494107596575E-17));
#9842 = VECTOR('',#9843,1.);
#9843 = DIRECTION('',(-9.035018104046E-17,1.));
#9844 = ( GEOMETRIC_REPRESENTATION_CONTEXT(2) 
PARAMETRIC_REPRESENTATION_CONTEXT() REPRESENTATION_CONTEXT('2D SPACE',''
  ) );
#9845 = ORIENTED_EDGE('',*,*,#9846,.F.);
#9846 = EDGE_CURVE('',#9847,#9814,#9849,.T.);
#9847 = VERTEX_POINT('',#9848);
#9848 = CARTESIAN_POINT('',(2.21,-0.55,0.18));
#9849 = SURFACE_CURVE('',#9850,(#9854,#9861),.PCURVE_S1.);
#9850 = LINE('',#9851,#9852);
#9851 = CARTESIAN_POINT('',(2.21,-0.55,0.18));
#9852 = VECTOR('',#9853,1.);
#9853 = DIRECTION('',(0.,0.,-1.));
#9854 = PCURVE('',#9822,#9855);
#9855 = DEFINITIONAL_REPRESENTATION('',(#9856),#9860);
#9856 = LINE('',#9857,#9858);
#9857 = CARTESIAN_POINT('',(0.,0.));
#9858 = VECTOR('',#9859,1.);
#9859 = DIRECTION('',(0.,-1.));
#9860 = ( GEOMETRIC_REPRESENTATION_CONTEXT(2) 
PARAMETRIC_REPRESENTATION_CONTEXT() REPRESENTATION_CONTEXT('2D SPACE',''
  ) );
#9861 = PCURVE('',#9862,#9867);
#9862 = CYLINDRICAL_SURFACE('',#9863,0.1);
#9863 = AXIS2_PLACEMENT_3D('',#9864,#9865,#9866);
#9864 = CARTESIAN_POINT('',(2.21,-0.65,0.18));
#9865 = DIRECTION('',(0.,0.,-1.));
#9866 = DIRECTION('',(4.336808689942E-15,-1.,0.));
#9867 = DEFINITIONAL_REPRESENTATION('',(#9868),#9872);
#9868 = LINE('',#9869,#9870);
#9869 = CARTESIAN_POINT('',(3.14159265359,0.));
#9870 = VECTOR('',#9871,1.);
#9871 = DIRECTION('',(0.,1.));
#9872 = ( GEOMETRIC_REPRESENTATION_CONTEXT(2) 
PARAMETRIC_REPRESENTATION_CONTEXT() REPRESENTATION_CONTEXT('2D SPACE',''
  ) );
#9873 = ORIENTED_EDGE('',*,*,#9874,.F.);
#9874 = EDGE_CURVE('',#9875,#9847,#9877,.T.);
#9875 = VERTEX_POINT('',#9876);
#9876 = CARTESIAN_POINT('',(2.51,-0.55,0.18));
#9877 = SURFACE_CURVE('',#9878,(#9882,#9889),.PCURVE_S1.);
#9878 = LINE('',#9879,#9880);
#9879 = CARTESIAN_POINT('',(2.21,-0.55,0.18));
#9880 = VECTOR('',#9881,1.);
#9881 = DIRECTION('',(-1.,-3.401131157803E-15,0.));
#9882 = PCURVE('',#9822,#9883);
#9883 = DEFINITIONAL_REPRESENTATION('',(#9884),#9888);
#9884 = LINE('',#9885,#9886);
#9885 = CARTESIAN_POINT('',(0.,0.));
#9886 = VECTOR('',#9887,1.);
#9887 = DIRECTION('',(-1.,0.));
#9888 = ( GEOMETRIC_REPRESENTATION_CONTEXT(2) 
PARAMETRIC_REPRESENTATION_CONTEXT() REPRESENTATION_CONTEXT('2D SPACE',''
  ) );
#9889 = PCURVE('',#9890,#9895);
#9890 = PLANE('',#9891);
#9891 = AXIS2_PLACEMENT_3D('',#9892,#9893,#9894);
#9892 = CARTESIAN_POINT('',(2.21,-0.65,0.18));
#9893 = DIRECTION('',(0.,0.,-1.));
#9894 = DIRECTION('',(3.491481338843E-15,-1.,0.));
#9895 = DEFINITIONAL_REPRESENTATION('',(#9896),#9900);
#9896 = LINE('',#9897,#9898);
#9897 = CARTESIAN_POINT('',(-0.1,9.494107596575E-17));
#9898 = VECTOR('',#9899,1.);
#9899 = DIRECTION('',(-9.035018104046E-17,1.));
#9900 = ( GEOMETRIC_REPRESENTATION_CONTEXT(2) 
PARAMETRIC_REPRESENTATION_CONTEXT() REPRESENTATION_CONTEXT('2D SPACE',''
  ) );
#9901 = ORIENTED_EDGE('',*,*,#9902,.T.);
#9902 = EDGE_CURVE('',#9875,#9812,#9903,.T.);
#9903 = SURFACE_CURVE('',#9904,(#9908,#9915),.PCURVE_S1.);
#9904 = LINE('',#9905,#9906);
#9905 = CARTESIAN_POINT('',(2.51,-0.55,0.18));
#9906 = VECTOR('',#9907,1.);
#9907 = DIRECTION('',(0.,0.,-1.));
#9908 = PCURVE('',#9822,#9909);
#9909 = DEFINITIONAL_REPRESENTATION('',(#9910),#9914);
#9910 = LINE('',#9911,#9912);
#9911 = CARTESIAN_POINT('',(0.3,0.));
#9912 = VECTOR('',#9913,1.);
#9913 = DIRECTION('',(0.,-1.));
#9914 = ( GEOMETRIC_REPRESENTATION_CONTEXT(2) 
PARAMETRIC_REPRESENTATION_CONTEXT() REPRESENTATION_CONTEXT('2D SPACE',''
  ) );
#9915 = PCURVE('',#9916,#9921);
#9916 = PLANE('',#9917);
#9917 = AXIS2_PLACEMENT_3D('',#9918,#9919,#9920);
#9918 = CARTESIAN_POINT('',(2.51,-0.75,0.18));
#9919 = DIRECTION('',(-1.,-3.627006610404E-15,0.));
#9920 = DIRECTION('',(3.627006610404E-15,-1.,0.));
#9921 = DEFINITIONAL_REPRESENTATION('',(#9922),#9926);
#9922 = LINE('',#9923,#9924);
#9923 = CARTESIAN_POINT('',(-0.2,0.));
#9924 = VECTOR('',#9925,1.);
#9925 = DIRECTION('',(0.,-1.));
#9926 = ( GEOMETRIC_REPRESENTATION_CONTEXT(2) 
PARAMETRIC_REPRESENTATION_CONTEXT() REPRESENTATION_CONTEXT('2D SPACE',''
  ) );
#9927 = ADVANCED_FACE('',(#9928),#9862,.T.);
#9928 = FACE_BOUND('',#9929,.T.);
#9929 = EDGE_LOOP('',(#9930,#9958,#9986,#10012));
#9930 = ORIENTED_EDGE('',*,*,#9931,.T.);
#9931 = EDGE_CURVE('',#9814,#9932,#9934,.T.);
#9932 = VERTEX_POINT('',#9933);
#9933 = CARTESIAN_POINT('',(2.21,-0.75,-2.E-02));
#9934 = SURFACE_CURVE('',#9935,(#9940,#9947),.PCURVE_S1.);
#9935 = CIRCLE('',#9936,0.1);
#9936 = AXIS2_PLACEMENT_3D('',#9937,#9938,#9939);
#9937 = CARTESIAN_POINT('',(2.21,-0.65,-2.E-02));
#9938 = DIRECTION('',(0.,0.,1.));
#9939 = DIRECTION('',(4.336808689942E-15,-1.,0.));
#9940 = PCURVE('',#9862,#9941);
#9941 = DEFINITIONAL_REPRESENTATION('',(#9942),#9946);
#9942 = LINE('',#9943,#9944);
#9943 = CARTESIAN_POINT('',(6.28318530718,0.2));
#9944 = VECTOR('',#9945,1.);
#9945 = DIRECTION('',(-1.,0.));
#9946 = ( GEOMETRIC_REPRESENTATION_CONTEXT(2) 
PARAMETRIC_REPRESENTATION_CONTEXT() REPRESENTATION_CONTEXT('2D SPACE',''
  ) );
#9947 = PCURVE('',#9834,#9948);
#9948 = DEFINITIONAL_REPRESENTATION('',(#9949),#9957);
#9949 = ( BOUNDED_CURVE() B_SPLINE_CURVE(2,(#9950,#9951,#9952,#9953,
#9954,#9955,#9956),.UNSPECIFIED.,.T.,.F.) B_SPLINE_CURVE_WITH_KNOTS((1,2
    ,2,2,2,1),(-2.094395102393,0.,2.094395102393,4.188790204786,
6.28318530718,8.377580409573),.UNSPECIFIED.) CURVE() 
GEOMETRIC_REPRESENTATION_ITEM() RATIONAL_B_SPLINE_CURVE((1.,0.5,1.,0.5,
1.,0.5,1.)) REPRESENTATION_ITEM('') );
#9950 = CARTESIAN_POINT('',(0.1,-8.453273510989E-17));
#9951 = CARTESIAN_POINT('',(1.E-01,-0.173205080757));
#9952 = CARTESIAN_POINT('',(-5.E-02,-8.660254037844E-02));
#9953 = CARTESIAN_POINT('',(-0.2,1.445725342368E-16));
#9954 = CARTESIAN_POINT('',(-5.E-02,8.660254037844E-02));
#9955 = CARTESIAN_POINT('',(0.1,0.173205080757));
#9956 = CARTESIAN_POINT('',(0.1,-8.453273510989E-17));
#9957 = ( GEOMETRIC_REPRESENTATION_CONTEXT(2) 
PARAMETRIC_REPRESENTATION_CONTEXT() REPRESENTATION_CONTEXT('2D SPACE',''
  ) );
#9958 = ORIENTED_EDGE('',*,*,#9959,.F.);
#9959 = EDGE_CURVE('',#9960,#9932,#9962,.T.);
#9960 = VERTEX_POINT('',#9961);
#9961 = CARTESIAN_POINT('',(2.21,-0.75,0.18));
#9962 = SURFACE_CURVE('',#9963,(#9967,#9974),.PCURVE_S1.);
#9963 = LINE('',#9964,#9965);
#9964 = CARTESIAN_POINT('',(2.21,-0.75,0.18));
#9965 = VECTOR('',#9966,1.);
#9966 = DIRECTION('',(0.,0.,-1.));
#9967 = PCURVE('',#9862,#9968);
#9968 = DEFINITIONAL_REPRESENTATION('',(#9969),#9973);
#9969 = LINE('',#9970,#9971);
#9970 = CARTESIAN_POINT('',(0.,0.));
#9971 = VECTOR('',#9972,1.);
#9972 = DIRECTION('',(0.,1.));
#9973 = ( GEOMETRIC_REPRESENTATION_CONTEXT(2) 
PARAMETRIC_REPRESENTATION_CONTEXT() REPRESENTATION_CONTEXT('2D SPACE',''
  ) );
#9974 = PCURVE('',#9975,#9980);
#9975 = PLANE('',#9976);
#9976 = AXIS2_PLACEMENT_3D('',#9977,#9978,#9979);
#9977 = CARTESIAN_POINT('',(2.21,-0.75,0.18));
#9978 = DIRECTION('',(-3.852882063005E-15,1.,0.));
#9979 = DIRECTION('',(-1.,-3.852882063005E-15,0.));
#9980 = DEFINITIONAL_REPRESENTATION('',(#9981),#9985);
#9981 = LINE('',#9982,#9983);
#9982 = CARTESIAN_POINT('',(0.,0.));
#9983 = VECTOR('',#9984,1.);
#9984 = DIRECTION('',(-0.,-1.));
#9985 = ( GEOMETRIC_REPRESENTATION_CONTEXT(2) 
PARAMETRIC_REPRESENTATION_CONTEXT() REPRESENTATION_CONTEXT('2D SPACE',''
  ) );
#9986 = ORIENTED_EDGE('',*,*,#9987,.F.);
#9987 = EDGE_CURVE('',#9847,#9960,#9988,.T.);
#9988 = SURFACE_CURVE('',#9989,(#9994,#10001),.PCURVE_S1.);
#9989 = CIRCLE('',#9990,0.1);
#9990 = AXIS2_PLACEMENT_3D('',#9991,#9992,#9993);
#9991 = CARTESIAN_POINT('',(2.21,-0.65,0.18));
#9992 = DIRECTION('',(0.,0.,1.));
#9993 = DIRECTION('',(4.336808689942E-15,-1.,0.));
#9994 = PCURVE('',#9862,#9995);
#9995 = DEFINITIONAL_REPRESENTATION('',(#9996),#10000);
#9996 = LINE('',#9997,#9998);
#9997 = CARTESIAN_POINT('',(6.28318530718,0.));
#9998 = VECTOR('',#9999,1.);
#9999 = DIRECTION('',(-1.,0.));
#10000 = ( GEOMETRIC_REPRESENTATION_CONTEXT(2) 
PARAMETRIC_REPRESENTATION_CONTEXT() REPRESENTATION_CONTEXT('2D SPACE',''
  ) );
#10001 = PCURVE('',#9890,#10002);
#10002 = DEFINITIONAL_REPRESENTATION('',(#10003),#10011);
#10003 = ( BOUNDED_CURVE() B_SPLINE_CURVE(2,(#10004,#10005,#10006,#10007
    ,#10008,#10009,#10010),.UNSPECIFIED.,.T.,.F.) 
B_SPLINE_CURVE_WITH_KNOTS((1,2,2,2,2,1),(-2.094395102393,0.,
    2.094395102393,4.188790204786,6.28318530718,8.377580409573),
.UNSPECIFIED.) CURVE() GEOMETRIC_REPRESENTATION_ITEM() 
RATIONAL_B_SPLINE_CURVE((1.,0.5,1.,0.5,1.,0.5,1.)) REPRESENTATION_ITEM(
  '') );
#10004 = CARTESIAN_POINT('',(0.1,-8.453273510989E-17));
#10005 = CARTESIAN_POINT('',(1.E-01,-0.173205080757));
#10006 = CARTESIAN_POINT('',(-5.E-02,-8.660254037844E-02));
#10007 = CARTESIAN_POINT('',(-0.2,1.445725342368E-16));
#10008 = CARTESIAN_POINT('',(-5.E-02,8.660254037844E-02));
#10009 = CARTESIAN_POINT('',(0.1,0.173205080757));
#10010 = CARTESIAN_POINT('',(0.1,-8.453273510989E-17));
#10011 = ( GEOMETRIC_REPRESENTATION_CONTEXT(2) 
PARAMETRIC_REPRESENTATION_CONTEXT() REPRESENTATION_CONTEXT('2D SPACE',''
  ) );
#10012 = ORIENTED_EDGE('',*,*,#9846,.T.);
#10013 = ADVANCED_FACE('',(#10014),#9975,.F.);
#10014 = FACE_BOUND('',#10015,.T.);
#10015 = EDGE_LOOP('',(#10016,#10039,#10062,#10083));
#10016 = ORIENTED_EDGE('',*,*,#10017,.T.);
#10017 = EDGE_CURVE('',#9932,#10018,#10020,.T.);
#10018 = VERTEX_POINT('',#10019);
#10019 = CARTESIAN_POINT('',(2.51,-0.75,-2.E-02));
#10020 = SURFACE_CURVE('',#10021,(#10025,#10032),.PCURVE_S1.);
#10021 = LINE('',#10022,#10023);
#10022 = CARTESIAN_POINT('',(2.21,-0.75,-2.E-02));
#10023 = VECTOR('',#10024,1.);
#10024 = DIRECTION('',(1.,3.852882063005E-15,0.));
#10025 = PCURVE('',#9975,#10026);
#10026 = DEFINITIONAL_REPRESENTATION('',(#10027),#10031);
#10027 = LINE('',#10028,#10029);
#10028 = CARTESIAN_POINT('',(-0.,-0.2));
#10029 = VECTOR('',#10030,1.);
#10030 = DIRECTION('',(-1.,0.));
#10031 = ( GEOMETRIC_REPRESENTATION_CONTEXT(2) 
PARAMETRIC_REPRESENTATION_CONTEXT() REPRESENTATION_CONTEXT('2D SPACE',''
  ) );
#10032 = PCURVE('',#9834,#10033);
#10033 = DEFINITIONAL_REPRESENTATION('',(#10034),#10038);
#10034 = LINE('',#10035,#10036);
#10035 = CARTESIAN_POINT('',(0.1,3.491481338843E-16));
#10036 = VECTOR('',#10037,1.);
#10037 = DIRECTION('',(-3.614007241618E-16,-1.));
#10038 = ( GEOMETRIC_REPRESENTATION_CONTEXT(2) 
PARAMETRIC_REPRESENTATION_CONTEXT() REPRESENTATION_CONTEXT('2D SPACE',''
  ) );
#10039 = ORIENTED_EDGE('',*,*,#10040,.F.);
#10040 = EDGE_CURVE('',#10041,#10018,#10043,.T.);
#10041 = VERTEX_POINT('',#10042);
#10042 = CARTESIAN_POINT('',(2.51,-0.75,0.18));
#10043 = SURFACE_CURVE('',#10044,(#10048,#10055),.PCURVE_S1.);
#10044 = LINE('',#10045,#10046);
#10045 = CARTESIAN_POINT('',(2.51,-0.75,0.18));
#10046 = VECTOR('',#10047,1.);
#10047 = DIRECTION('',(0.,0.,-1.));
#10048 = PCURVE('',#9975,#10049);
#10049 = DEFINITIONAL_REPRESENTATION('',(#10050),#10054);
#10050 = LINE('',#10051,#10052);
#10051 = CARTESIAN_POINT('',(-0.3,0.));
#10052 = VECTOR('',#10053,1.);
#10053 = DIRECTION('',(-0.,-1.));
#10054 = ( GEOMETRIC_REPRESENTATION_CONTEXT(2) 
PARAMETRIC_REPRESENTATION_CONTEXT() REPRESENTATION_CONTEXT('2D SPACE',''
  ) );
#10055 = PCURVE('',#9916,#10056);
#10056 = DEFINITIONAL_REPRESENTATION('',(#10057),#10061);
#10057 = LINE('',#10058,#10059);
#10058 = CARTESIAN_POINT('',(0.,0.));
#10059 = VECTOR('',#10060,1.);
#10060 = DIRECTION('',(0.,-1.));
#10061 = ( GEOMETRIC_REPRESENTATION_CONTEXT(2) 
PARAMETRIC_REPRESENTATION_CONTEXT() REPRESENTATION_CONTEXT('2D SPACE',''
  ) );
#10062 = ORIENTED_EDGE('',*,*,#10063,.F.);
#10063 = EDGE_CURVE('',#9960,#10041,#10064,.T.);
#10064 = SURFACE_CURVE('',#10065,(#10069,#10076),.PCURVE_S1.);
#10065 = LINE('',#10066,#10067);
#10066 = CARTESIAN_POINT('',(2.21,-0.75,0.18));
#10067 = VECTOR('',#10068,1.);
#10068 = DIRECTION('',(1.,3.852882063005E-15,0.));
#10069 = PCURVE('',#9975,#10070);
#10070 = DEFINITIONAL_REPRESENTATION('',(#10071),#10075);
#10071 = LINE('',#10072,#10073);
#10072 = CARTESIAN_POINT('',(0.,0.));
#10073 = VECTOR('',#10074,1.);
#10074 = DIRECTION('',(-1.,0.));
#10075 = ( GEOMETRIC_REPRESENTATION_CONTEXT(2) 
PARAMETRIC_REPRESENTATION_CONTEXT() REPRESENTATION_CONTEXT('2D SPACE',''
  ) );
#10076 = PCURVE('',#9890,#10077);
#10077 = DEFINITIONAL_REPRESENTATION('',(#10078),#10082);
#10078 = LINE('',#10079,#10080);
#10079 = CARTESIAN_POINT('',(0.1,3.491481338843E-16));
#10080 = VECTOR('',#10081,1.);
#10081 = DIRECTION('',(-3.614007241618E-16,-1.));
#10082 = ( GEOMETRIC_REPRESENTATION_CONTEXT(2) 
PARAMETRIC_REPRESENTATION_CONTEXT() REPRESENTATION_CONTEXT('2D SPACE',''
  ) );
#10083 = ORIENTED_EDGE('',*,*,#9959,.T.);
#10084 = ADVANCED_FACE('',(#10085),#9916,.F.);
#10085 = FACE_BOUND('',#10086,.T.);
#10086 = EDGE_LOOP('',(#10087,#10108,#10109,#10130));
#10087 = ORIENTED_EDGE('',*,*,#10088,.T.);
#10088 = EDGE_CURVE('',#10018,#9812,#10089,.T.);
#10089 = SURFACE_CURVE('',#10090,(#10094,#10101),.PCURVE_S1.);
#10090 = LINE('',#10091,#10092);
#10091 = CARTESIAN_POINT('',(2.51,-0.75,-2.E-02));
#10092 = VECTOR('',#10093,1.);
#10093 = DIRECTION('',(-3.627006610404E-15,1.,0.));
#10094 = PCURVE('',#9916,#10095);
#10095 = DEFINITIONAL_REPRESENTATION('',(#10096),#10100);
#10096 = LINE('',#10097,#10098);
#10097 = CARTESIAN_POINT('',(0.,-0.2));
#10098 = VECTOR('',#10099,1.);
#10099 = DIRECTION('',(-1.,0.));
#10100 = ( GEOMETRIC_REPRESENTATION_CONTEXT(2) 
PARAMETRIC_REPRESENTATION_CONTEXT() REPRESENTATION_CONTEXT('2D SPACE',''
  ) );
#10101 = PCURVE('',#9834,#10102);
#10102 = DEFINITIONAL_REPRESENTATION('',(#10103),#10107);
#10103 = LINE('',#10104,#10105);
#10104 = CARTESIAN_POINT('',(1.E-01,-0.3));
#10105 = VECTOR('',#10106,1.);
#10106 = DIRECTION('',(-1.,1.355252715607E-16));
#10107 = ( GEOMETRIC_REPRESENTATION_CONTEXT(2) 
PARAMETRIC_REPRESENTATION_CONTEXT() REPRESENTATION_CONTEXT('2D SPACE',''
  ) );
#10108 = ORIENTED_EDGE('',*,*,#9902,.F.);
#10109 = ORIENTED_EDGE('',*,*,#10110,.F.);
#10110 = EDGE_CURVE('',#10041,#9875,#10111,.T.);
#10111 = SURFACE_CURVE('',#10112,(#10116,#10123),.PCURVE_S1.);
#10112 = LINE('',#10113,#10114);
#10113 = CARTESIAN_POINT('',(2.51,-0.75,0.18));
#10114 = VECTOR('',#10115,1.);
#10115 = DIRECTION('',(-3.627006610404E-15,1.,0.));
#10116 = PCURVE('',#9916,#10117);
#10117 = DEFINITIONAL_REPRESENTATION('',(#10118),#10122);
#10118 = LINE('',#10119,#10120);
#10119 = CARTESIAN_POINT('',(0.,0.));
#10120 = VECTOR('',#10121,1.);
#10121 = DIRECTION('',(-1.,0.));
#10122 = ( GEOMETRIC_REPRESENTATION_CONTEXT(2) 
PARAMETRIC_REPRESENTATION_CONTEXT() REPRESENTATION_CONTEXT('2D SPACE',''
  ) );
#10123 = PCURVE('',#9890,#10124);
#10124 = DEFINITIONAL_REPRESENTATION('',(#10125),#10129);
#10125 = LINE('',#10126,#10127);
#10126 = CARTESIAN_POINT('',(1.E-01,-0.3));
#10127 = VECTOR('',#10128,1.);
#10128 = DIRECTION('',(-1.,1.355252715607E-16));
#10129 = ( GEOMETRIC_REPRESENTATION_CONTEXT(2) 
PARAMETRIC_REPRESENTATION_CONTEXT() REPRESENTATION_CONTEXT('2D SPACE',''
  ) );
#10130 = ORIENTED_EDGE('',*,*,#10040,.T.);
#10131 = ADVANCED_FACE('',(#10132),#9890,.F.);
#10132 = FACE_BOUND('',#10133,.T.);
#10133 = EDGE_LOOP('',(#10134,#10135,#10136,#10137));
#10134 = ORIENTED_EDGE('',*,*,#9874,.T.);
#10135 = ORIENTED_EDGE('',*,*,#9987,.T.);
#10136 = ORIENTED_EDGE('',*,*,#10063,.T.);
#10137 = ORIENTED_EDGE('',*,*,#10110,.T.);
#10138 = ADVANCED_FACE('',(#10139),#9834,.T.);
#10139 = FACE_BOUND('',#10140,.T.);
#10140 = EDGE_LOOP('',(#10141,#10142,#10143,#10144));
#10141 = ORIENTED_EDGE('',*,*,#9811,.F.);
#10142 = ORIENTED_EDGE('',*,*,#10088,.F.);
#10143 = ORIENTED_EDGE('',*,*,#10017,.F.);
#10144 = ORIENTED_EDGE('',*,*,#9931,.F.);
#10145 = MANIFOLD_SOLID_BREP('',#10146);
#10146 = CLOSED_SHELL('',(#10147,#10267,#10353,#10424,#10471,#10478));
#10147 = ADVANCED_FACE('',(#10148),#10162,.F.);
#10148 = FACE_BOUND('',#10149,.T.);
#10149 = EDGE_LOOP('',(#10150,#10185,#10213,#10241));
#10150 = ORIENTED_EDGE('',*,*,#10151,.T.);
#10151 = EDGE_CURVE('',#10152,#10154,#10156,.T.);
#10152 = VERTEX_POINT('',#10153);
#10153 = CARTESIAN_POINT('',(2.51,0.1,-2.E-02));
#10154 = VERTEX_POINT('',#10155);
#10155 = CARTESIAN_POINT('',(2.21,0.1,-2.E-02));
#10156 = SURFACE_CURVE('',#10157,(#10161,#10173),.PCURVE_S1.);
#10157 = LINE('',#10158,#10159);
#10158 = CARTESIAN_POINT('',(2.21,0.1,-2.E-02));
#10159 = VECTOR('',#10160,1.);
#10160 = DIRECTION('',(-1.,-3.401131157803E-15,0.));
#10161 = PCURVE('',#10162,#10167);
#10162 = PLANE('',#10163);
#10163 = AXIS2_PLACEMENT_3D('',#10164,#10165,#10166);
#10164 = CARTESIAN_POINT('',(2.21,0.1,0.18));
#10165 = DIRECTION('',(3.401131157803E-15,-1.,0.));
#10166 = DIRECTION('',(1.,3.401131157803E-15,0.));
#10167 = DEFINITIONAL_REPRESENTATION('',(#10168),#10172);
#10168 = LINE('',#10169,#10170);
#10169 = CARTESIAN_POINT('',(0.,-0.2));
#10170 = VECTOR('',#10171,1.);
#10171 = DIRECTION('',(-1.,0.));
#10172 = ( GEOMETRIC_REPRESENTATION_CONTEXT(2) 
PARAMETRIC_REPRESENTATION_CONTEXT() REPRESENTATION_CONTEXT('2D SPACE',''
  ) );
#10173 = PCURVE('',#10174,#10179);
#10174 = PLANE('',#10175);
#10175 = AXIS2_PLACEMENT_3D('',#10176,#10177,#10178);
#10176 = CARTESIAN_POINT('',(2.21,1.635981179038E-14,-2.E-02));
#10177 = DIRECTION('',(0.,0.,-1.));
#10178 = DIRECTION('',(3.491481338843E-15,-1.,0.));
#10179 = DEFINITIONAL_REPRESENTATION('',(#10180),#10184);
#10180 = LINE('',#10181,#10182);
#10181 = CARTESIAN_POINT('',(-0.1,9.494107596575E-17));
#10182 = VECTOR('',#10183,1.);
#10183 = DIRECTION('',(-9.035018104046E-17,1.));
#10184 = ( GEOMETRIC_REPRESENTATION_CONTEXT(2) 
PARAMETRIC_REPRESENTATION_CONTEXT() REPRESENTATION_CONTEXT('2D SPACE',''
  ) );
#10185 = ORIENTED_EDGE('',*,*,#10186,.F.);
#10186 = EDGE_CURVE('',#10187,#10154,#10189,.T.);
#10187 = VERTEX_POINT('',#10188);
#10188 = CARTESIAN_POINT('',(2.21,0.1,0.18));
#10189 = SURFACE_CURVE('',#10190,(#10194,#10201),.PCURVE_S1.);
#10190 = LINE('',#10191,#10192);
#10191 = CARTESIAN_POINT('',(2.21,0.1,0.18));
#10192 = VECTOR('',#10193,1.);
#10193 = DIRECTION('',(0.,0.,-1.));
#10194 = PCURVE('',#10162,#10195);
#10195 = DEFINITIONAL_REPRESENTATION('',(#10196),#10200);
#10196 = LINE('',#10197,#10198);
#10197 = CARTESIAN_POINT('',(0.,0.));
#10198 = VECTOR('',#10199,1.);
#10199 = DIRECTION('',(0.,-1.));
#10200 = ( GEOMETRIC_REPRESENTATION_CONTEXT(2) 
PARAMETRIC_REPRESENTATION_CONTEXT() REPRESENTATION_CONTEXT('2D SPACE',''
  ) );
#10201 = PCURVE('',#10202,#10207);
#10202 = CYLINDRICAL_SURFACE('',#10203,0.1);
#10203 = AXIS2_PLACEMENT_3D('',#10204,#10205,#10206);
#10204 = CARTESIAN_POINT('',(2.21,1.635981179038E-14,0.18));
#10205 = DIRECTION('',(0.,0.,-1.));
#10206 = DIRECTION('',(4.336808689942E-15,-1.,0.));
#10207 = DEFINITIONAL_REPRESENTATION('',(#10208),#10212);
#10208 = LINE('',#10209,#10210);
#10209 = CARTESIAN_POINT('',(3.14159265359,0.));
#10210 = VECTOR('',#10211,1.);
#10211 = DIRECTION('',(0.,1.));
#10212 = ( GEOMETRIC_REPRESENTATION_CONTEXT(2) 
PARAMETRIC_REPRESENTATION_CONTEXT() REPRESENTATION_CONTEXT('2D SPACE',''
  ) );
#10213 = ORIENTED_EDGE('',*,*,#10214,.F.);
#10214 = EDGE_CURVE('',#10215,#10187,#10217,.T.);
#10215 = VERTEX_POINT('',#10216);
#10216 = CARTESIAN_POINT('',(2.51,0.1,0.18));
#10217 = SURFACE_CURVE('',#10218,(#10222,#10229),.PCURVE_S1.);
#10218 = LINE('',#10219,#10220);
#10219 = CARTESIAN_POINT('',(2.21,0.1,0.18));
#10220 = VECTOR('',#10221,1.);
#10221 = DIRECTION('',(-1.,-3.401131157803E-15,0.));
#10222 = PCURVE('',#10162,#10223);
#10223 = DEFINITIONAL_REPRESENTATION('',(#10224),#10228);
#10224 = LINE('',#10225,#10226);
#10225 = CARTESIAN_POINT('',(0.,0.));
#10226 = VECTOR('',#10227,1.);
#10227 = DIRECTION('',(-1.,0.));
#10228 = ( GEOMETRIC_REPRESENTATION_CONTEXT(2) 
PARAMETRIC_REPRESENTATION_CONTEXT() REPRESENTATION_CONTEXT('2D SPACE',''
  ) );
#10229 = PCURVE('',#10230,#10235);
#10230 = PLANE('',#10231);
#10231 = AXIS2_PLACEMENT_3D('',#10232,#10233,#10234);
#10232 = CARTESIAN_POINT('',(2.21,1.635981179038E-14,0.18));
#10233 = DIRECTION('',(0.,0.,-1.));
#10234 = DIRECTION('',(3.491481338843E-15,-1.,0.));
#10235 = DEFINITIONAL_REPRESENTATION('',(#10236),#10240);
#10236 = LINE('',#10237,#10238);
#10237 = CARTESIAN_POINT('',(-0.1,9.494107596575E-17));
#10238 = VECTOR('',#10239,1.);
#10239 = DIRECTION('',(-9.035018104046E-17,1.));
#10240 = ( GEOMETRIC_REPRESENTATION_CONTEXT(2) 
PARAMETRIC_REPRESENTATION_CONTEXT() REPRESENTATION_CONTEXT('2D SPACE',''
  ) );
#10241 = ORIENTED_EDGE('',*,*,#10242,.T.);
#10242 = EDGE_CURVE('',#10215,#10152,#10243,.T.);
#10243 = SURFACE_CURVE('',#10244,(#10248,#10255),.PCURVE_S1.);
#10244 = LINE('',#10245,#10246);
#10245 = CARTESIAN_POINT('',(2.51,0.1,0.18));
#10246 = VECTOR('',#10247,1.);
#10247 = DIRECTION('',(0.,0.,-1.));
#10248 = PCURVE('',#10162,#10249);
#10249 = DEFINITIONAL_REPRESENTATION('',(#10250),#10254);
#10250 = LINE('',#10251,#10252);
#10251 = CARTESIAN_POINT('',(0.3,0.));
#10252 = VECTOR('',#10253,1.);
#10253 = DIRECTION('',(0.,-1.));
#10254 = ( GEOMETRIC_REPRESENTATION_CONTEXT(2) 
PARAMETRIC_REPRESENTATION_CONTEXT() REPRESENTATION_CONTEXT('2D SPACE',''
  ) );
#10255 = PCURVE('',#10256,#10261);
#10256 = PLANE('',#10257);
#10257 = AXIS2_PLACEMENT_3D('',#10258,#10259,#10260);
#10258 = CARTESIAN_POINT('',(2.51,-9.999999999998E-02,0.18));
#10259 = DIRECTION('',(-1.,-3.627006610404E-15,0.));
#10260 = DIRECTION('',(3.627006610404E-15,-1.,0.));
#10261 = DEFINITIONAL_REPRESENTATION('',(#10262),#10266);
#10262 = LINE('',#10263,#10264);
#10263 = CARTESIAN_POINT('',(-0.2,0.));
#10264 = VECTOR('',#10265,1.);
#10265 = DIRECTION('',(0.,-1.));
#10266 = ( GEOMETRIC_REPRESENTATION_CONTEXT(2) 
PARAMETRIC_REPRESENTATION_CONTEXT() REPRESENTATION_CONTEXT('2D SPACE',''
  ) );
#10267 = ADVANCED_FACE('',(#10268),#10202,.T.);
#10268 = FACE_BOUND('',#10269,.T.);
#10269 = EDGE_LOOP('',(#10270,#10298,#10326,#10352));
#10270 = ORIENTED_EDGE('',*,*,#10271,.T.);
#10271 = EDGE_CURVE('',#10154,#10272,#10274,.T.);
#10272 = VERTEX_POINT('',#10273);
#10273 = CARTESIAN_POINT('',(2.21,-9.999999999998E-02,-2.E-02));
#10274 = SURFACE_CURVE('',#10275,(#10280,#10287),.PCURVE_S1.);
#10275 = CIRCLE('',#10276,0.1);
#10276 = AXIS2_PLACEMENT_3D('',#10277,#10278,#10279);
#10277 = CARTESIAN_POINT('',(2.21,1.635981179038E-14,-2.E-02));
#10278 = DIRECTION('',(0.,0.,1.));
#10279 = DIRECTION('',(4.336808689942E-15,-1.,0.));
#10280 = PCURVE('',#10202,#10281);
#10281 = DEFINITIONAL_REPRESENTATION('',(#10282),#10286);
#10282 = LINE('',#10283,#10284);
#10283 = CARTESIAN_POINT('',(6.28318530718,0.2));
#10284 = VECTOR('',#10285,1.);
#10285 = DIRECTION('',(-1.,0.));
#10286 = ( GEOMETRIC_REPRESENTATION_CONTEXT(2) 
PARAMETRIC_REPRESENTATION_CONTEXT() REPRESENTATION_CONTEXT('2D SPACE',''
  ) );
#10287 = PCURVE('',#10174,#10288);
#10288 = DEFINITIONAL_REPRESENTATION('',(#10289),#10297);
#10289 = ( BOUNDED_CURVE() B_SPLINE_CURVE(2,(#10290,#10291,#10292,#10293
    ,#10294,#10295,#10296),.UNSPECIFIED.,.T.,.F.) 
B_SPLINE_CURVE_WITH_KNOTS((1,2,2,2,2,1),(-2.094395102393,0.,
    2.094395102393,4.188790204786,6.28318530718,8.377580409573),
.UNSPECIFIED.) CURVE() GEOMETRIC_REPRESENTATION_ITEM() 
RATIONAL_B_SPLINE_CURVE((1.,0.5,1.,0.5,1.,0.5,1.)) REPRESENTATION_ITEM(
  '') );
#10290 = CARTESIAN_POINT('',(0.1,-8.453273510989E-17));
#10291 = CARTESIAN_POINT('',(1.E-01,-0.173205080757));
#10292 = CARTESIAN_POINT('',(-5.E-02,-8.660254037844E-02));
#10293 = CARTESIAN_POINT('',(-0.2,1.445725342368E-16));
#10294 = CARTESIAN_POINT('',(-5.E-02,8.660254037844E-02));
#10295 = CARTESIAN_POINT('',(0.1,0.173205080757));
#10296 = CARTESIAN_POINT('',(0.1,-8.453273510989E-17));
#10297 = ( GEOMETRIC_REPRESENTATION_CONTEXT(2) 
PARAMETRIC_REPRESENTATION_CONTEXT() REPRESENTATION_CONTEXT('2D SPACE',''
  ) );
#10298 = ORIENTED_EDGE('',*,*,#10299,.F.);
#10299 = EDGE_CURVE('',#10300,#10272,#10302,.T.);
#10300 = VERTEX_POINT('',#10301);
#10301 = CARTESIAN_POINT('',(2.21,-9.999999999998E-02,0.18));
#10302 = SURFACE_CURVE('',#10303,(#10307,#10314),.PCURVE_S1.);
#10303 = LINE('',#10304,#10305);
#10304 = CARTESIAN_POINT('',(2.21,-9.999999999998E-02,0.18));
#10305 = VECTOR('',#10306,1.);
#10306 = DIRECTION('',(0.,0.,-1.));
#10307 = PCURVE('',#10202,#10308);
#10308 = DEFINITIONAL_REPRESENTATION('',(#10309),#10313);
#10309 = LINE('',#10310,#10311);
#10310 = CARTESIAN_POINT('',(0.,0.));
#10311 = VECTOR('',#10312,1.);
#10312 = DIRECTION('',(0.,1.));
#10313 = ( GEOMETRIC_REPRESENTATION_CONTEXT(2) 
PARAMETRIC_REPRESENTATION_CONTEXT() REPRESENTATION_CONTEXT('2D SPACE',''
  ) );
#10314 = PCURVE('',#10315,#10320);
#10315 = PLANE('',#10316);
#10316 = AXIS2_PLACEMENT_3D('',#10317,#10318,#10319);
#10317 = CARTESIAN_POINT('',(2.21,-9.999999999998E-02,0.18));
#10318 = DIRECTION('',(-3.852882063005E-15,1.,0.));
#10319 = DIRECTION('',(-1.,-3.852882063005E-15,0.));
#10320 = DEFINITIONAL_REPRESENTATION('',(#10321),#10325);
#10321 = LINE('',#10322,#10323);
#10322 = CARTESIAN_POINT('',(0.,0.));
#10323 = VECTOR('',#10324,1.);
#10324 = DIRECTION('',(-0.,-1.));
#10325 = ( GEOMETRIC_REPRESENTATION_CONTEXT(2) 
PARAMETRIC_REPRESENTATION_CONTEXT() REPRESENTATION_CONTEXT('2D SPACE',''
  ) );
#10326 = ORIENTED_EDGE('',*,*,#10327,.F.);
#10327 = EDGE_CURVE('',#10187,#10300,#10328,.T.);
#10328 = SURFACE_CURVE('',#10329,(#10334,#10341),.PCURVE_S1.);
#10329 = CIRCLE('',#10330,0.1);
#10330 = AXIS2_PLACEMENT_3D('',#10331,#10332,#10333);
#10331 = CARTESIAN_POINT('',(2.21,1.635981179038E-14,0.18));
#10332 = DIRECTION('',(0.,0.,1.));
#10333 = DIRECTION('',(4.336808689942E-15,-1.,0.));
#10334 = PCURVE('',#10202,#10335);
#10335 = DEFINITIONAL_REPRESENTATION('',(#10336),#10340);
#10336 = LINE('',#10337,#10338);
#10337 = CARTESIAN_POINT('',(6.28318530718,0.));
#10338 = VECTOR('',#10339,1.);
#10339 = DIRECTION('',(-1.,0.));
#10340 = ( GEOMETRIC_REPRESENTATION_CONTEXT(2) 
PARAMETRIC_REPRESENTATION_CONTEXT() REPRESENTATION_CONTEXT('2D SPACE',''
  ) );
#10341 = PCURVE('',#10230,#10342);
#10342 = DEFINITIONAL_REPRESENTATION('',(#10343),#10351);
#10343 = ( BOUNDED_CURVE() B_SPLINE_CURVE(2,(#10344,#10345,#10346,#10347
    ,#10348,#10349,#10350),.UNSPECIFIED.,.T.,.F.) 
B_SPLINE_CURVE_WITH_KNOTS((1,2,2,2,2,1),(-2.094395102393,0.,
    2.094395102393,4.188790204786,6.28318530718,8.377580409573),
.UNSPECIFIED.) CURVE() GEOMETRIC_REPRESENTATION_ITEM() 
RATIONAL_B_SPLINE_CURVE((1.,0.5,1.,0.5,1.,0.5,1.)) REPRESENTATION_ITEM(
  '') );
#10344 = CARTESIAN_POINT('',(0.1,-8.453273510989E-17));
#10345 = CARTESIAN_POINT('',(1.E-01,-0.173205080757));
#10346 = CARTESIAN_POINT('',(-5.E-02,-8.660254037844E-02));
#10347 = CARTESIAN_POINT('',(-0.2,1.445725342368E-16));
#10348 = CARTESIAN_POINT('',(-5.E-02,8.660254037844E-02));
#10349 = CARTESIAN_POINT('',(0.1,0.173205080757));
#10350 = CARTESIAN_POINT('',(0.1,-8.453273510989E-17));
#10351 = ( GEOMETRIC_REPRESENTATION_CONTEXT(2) 
PARAMETRIC_REPRESENTATION_CONTEXT() REPRESENTATION_CONTEXT('2D SPACE',''
  ) );
#10352 = ORIENTED_EDGE('',*,*,#10186,.T.);
#10353 = ADVANCED_FACE('',(#10354),#10315,.F.);
#10354 = FACE_BOUND('',#10355,.T.);
#10355 = EDGE_LOOP('',(#10356,#10379,#10402,#10423));
#10356 = ORIENTED_EDGE('',*,*,#10357,.T.);
#10357 = EDGE_CURVE('',#10272,#10358,#10360,.T.);
#10358 = VERTEX_POINT('',#10359);
#10359 = CARTESIAN_POINT('',(2.51,-9.999999999998E-02,-2.E-02));
#10360 = SURFACE_CURVE('',#10361,(#10365,#10372),.PCURVE_S1.);
#10361 = LINE('',#10362,#10363);
#10362 = CARTESIAN_POINT('',(2.21,-9.999999999998E-02,-2.E-02));
#10363 = VECTOR('',#10364,1.);
#10364 = DIRECTION('',(1.,3.852882063005E-15,0.));
#10365 = PCURVE('',#10315,#10366);
#10366 = DEFINITIONAL_REPRESENTATION('',(#10367),#10371);
#10367 = LINE('',#10368,#10369);
#10368 = CARTESIAN_POINT('',(-0.,-0.2));
#10369 = VECTOR('',#10370,1.);
#10370 = DIRECTION('',(-1.,0.));
#10371 = ( GEOMETRIC_REPRESENTATION_CONTEXT(2) 
PARAMETRIC_REPRESENTATION_CONTEXT() REPRESENTATION_CONTEXT('2D SPACE',''
  ) );
#10372 = PCURVE('',#10174,#10373);
#10373 = DEFINITIONAL_REPRESENTATION('',(#10374),#10378);
#10374 = LINE('',#10375,#10376);
#10375 = CARTESIAN_POINT('',(0.1,3.491481338843E-16));
#10376 = VECTOR('',#10377,1.);
#10377 = DIRECTION('',(-3.614007241618E-16,-1.));
#10378 = ( GEOMETRIC_REPRESENTATION_CONTEXT(2) 
PARAMETRIC_REPRESENTATION_CONTEXT() REPRESENTATION_CONTEXT('2D SPACE',''
  ) );
#10379 = ORIENTED_EDGE('',*,*,#10380,.F.);
#10380 = EDGE_CURVE('',#10381,#10358,#10383,.T.);
#10381 = VERTEX_POINT('',#10382);
#10382 = CARTESIAN_POINT('',(2.51,-9.999999999998E-02,0.18));
#10383 = SURFACE_CURVE('',#10384,(#10388,#10395),.PCURVE_S1.);
#10384 = LINE('',#10385,#10386);
#10385 = CARTESIAN_POINT('',(2.51,-9.999999999998E-02,0.18));
#10386 = VECTOR('',#10387,1.);
#10387 = DIRECTION('',(0.,0.,-1.));
#10388 = PCURVE('',#10315,#10389);
#10389 = DEFINITIONAL_REPRESENTATION('',(#10390),#10394);
#10390 = LINE('',#10391,#10392);
#10391 = CARTESIAN_POINT('',(-0.3,0.));
#10392 = VECTOR('',#10393,1.);
#10393 = DIRECTION('',(-0.,-1.));
#10394 = ( GEOMETRIC_REPRESENTATION_CONTEXT(2) 
PARAMETRIC_REPRESENTATION_CONTEXT() REPRESENTATION_CONTEXT('2D SPACE',''
  ) );
#10395 = PCURVE('',#10256,#10396);
#10396 = DEFINITIONAL_REPRESENTATION('',(#10397),#10401);
#10397 = LINE('',#10398,#10399);
#10398 = CARTESIAN_POINT('',(0.,0.));
#10399 = VECTOR('',#10400,1.);
#10400 = DIRECTION('',(0.,-1.));
#10401 = ( GEOMETRIC_REPRESENTATION_CONTEXT(2) 
PARAMETRIC_REPRESENTATION_CONTEXT() REPRESENTATION_CONTEXT('2D SPACE',''
  ) );
#10402 = ORIENTED_EDGE('',*,*,#10403,.F.);
#10403 = EDGE_CURVE('',#10300,#10381,#10404,.T.);
#10404 = SURFACE_CURVE('',#10405,(#10409,#10416),.PCURVE_S1.);
#10405 = LINE('',#10406,#10407);
#10406 = CARTESIAN_POINT('',(2.21,-9.999999999998E-02,0.18));
#10407 = VECTOR('',#10408,1.);
#10408 = DIRECTION('',(1.,3.852882063005E-15,0.));
#10409 = PCURVE('',#10315,#10410);
#10410 = DEFINITIONAL_REPRESENTATION('',(#10411),#10415);
#10411 = LINE('',#10412,#10413);
#10412 = CARTESIAN_POINT('',(0.,0.));
#10413 = VECTOR('',#10414,1.);
#10414 = DIRECTION('',(-1.,0.));
#10415 = ( GEOMETRIC_REPRESENTATION_CONTEXT(2) 
PARAMETRIC_REPRESENTATION_CONTEXT() REPRESENTATION_CONTEXT('2D SPACE',''
  ) );
#10416 = PCURVE('',#10230,#10417);
#10417 = DEFINITIONAL_REPRESENTATION('',(#10418),#10422);
#10418 = LINE('',#10419,#10420);
#10419 = CARTESIAN_POINT('',(0.1,3.491481338843E-16));
#10420 = VECTOR('',#10421,1.);
#10421 = DIRECTION('',(-3.614007241618E-16,-1.));
#10422 = ( GEOMETRIC_REPRESENTATION_CONTEXT(2) 
PARAMETRIC_REPRESENTATION_CONTEXT() REPRESENTATION_CONTEXT('2D SPACE',''
  ) );
#10423 = ORIENTED_EDGE('',*,*,#10299,.T.);
#10424 = ADVANCED_FACE('',(#10425),#10256,.F.);
#10425 = FACE_BOUND('',#10426,.T.);
#10426 = EDGE_LOOP('',(#10427,#10448,#10449,#10470));
#10427 = ORIENTED_EDGE('',*,*,#10428,.T.);
#10428 = EDGE_CURVE('',#10358,#10152,#10429,.T.);
#10429 = SURFACE_CURVE('',#10430,(#10434,#10441),.PCURVE_S1.);
#10430 = LINE('',#10431,#10432);
#10431 = CARTESIAN_POINT('',(2.51,-9.999999999998E-02,-2.E-02));
#10432 = VECTOR('',#10433,1.);
#10433 = DIRECTION('',(-3.627006610404E-15,1.,0.));
#10434 = PCURVE('',#10256,#10435);
#10435 = DEFINITIONAL_REPRESENTATION('',(#10436),#10440);
#10436 = LINE('',#10437,#10438);
#10437 = CARTESIAN_POINT('',(0.,-0.2));
#10438 = VECTOR('',#10439,1.);
#10439 = DIRECTION('',(-1.,0.));
#10440 = ( GEOMETRIC_REPRESENTATION_CONTEXT(2) 
PARAMETRIC_REPRESENTATION_CONTEXT() REPRESENTATION_CONTEXT('2D SPACE',''
  ) );
#10441 = PCURVE('',#10174,#10442);
#10442 = DEFINITIONAL_REPRESENTATION('',(#10443),#10447);
#10443 = LINE('',#10444,#10445);
#10444 = CARTESIAN_POINT('',(1.E-01,-0.3));
#10445 = VECTOR('',#10446,1.);
#10446 = DIRECTION('',(-1.,1.355252715607E-16));
#10447 = ( GEOMETRIC_REPRESENTATION_CONTEXT(2) 
PARAMETRIC_REPRESENTATION_CONTEXT() REPRESENTATION_CONTEXT('2D SPACE',''
  ) );
#10448 = ORIENTED_EDGE('',*,*,#10242,.F.);
#10449 = ORIENTED_EDGE('',*,*,#10450,.F.);
#10450 = EDGE_CURVE('',#10381,#10215,#10451,.T.);
#10451 = SURFACE_CURVE('',#10452,(#10456,#10463),.PCURVE_S1.);
#10452 = LINE('',#10453,#10454);
#10453 = CARTESIAN_POINT('',(2.51,-9.999999999998E-02,0.18));
#10454 = VECTOR('',#10455,1.);
#10455 = DIRECTION('',(-3.627006610404E-15,1.,0.));
#10456 = PCURVE('',#10256,#10457);
#10457 = DEFINITIONAL_REPRESENTATION('',(#10458),#10462);
#10458 = LINE('',#10459,#10460);
#10459 = CARTESIAN_POINT('',(0.,0.));
#10460 = VECTOR('',#10461,1.);
#10461 = DIRECTION('',(-1.,0.));
#10462 = ( GEOMETRIC_REPRESENTATION_CONTEXT(2) 
PARAMETRIC_REPRESENTATION_CONTEXT() REPRESENTATION_CONTEXT('2D SPACE',''
  ) );
#10463 = PCURVE('',#10230,#10464);
#10464 = DEFINITIONAL_REPRESENTATION('',(#10465),#10469);
#10465 = LINE('',#10466,#10467);
#10466 = CARTESIAN_POINT('',(1.E-01,-0.3));
#10467 = VECTOR('',#10468,1.);
#10468 = DIRECTION('',(-1.,1.355252715607E-16));
#10469 = ( GEOMETRIC_REPRESENTATION_CONTEXT(2) 
PARAMETRIC_REPRESENTATION_CONTEXT() REPRESENTATION_CONTEXT('2D SPACE',''
  ) );
#10470 = ORIENTED_EDGE('',*,*,#10380,.T.);
#10471 = ADVANCED_FACE('',(#10472),#10230,.F.);
#10472 = FACE_BOUND('',#10473,.T.);
#10473 = EDGE_LOOP('',(#10474,#10475,#10476,#10477));
#10474 = ORIENTED_EDGE('',*,*,#10214,.T.);
#10475 = ORIENTED_EDGE('',*,*,#10327,.T.);
#10476 = ORIENTED_EDGE('',*,*,#10403,.T.);
#10477 = ORIENTED_EDGE('',*,*,#10450,.T.);
#10478 = ADVANCED_FACE('',(#10479),#10174,.T.);
#10479 = FACE_BOUND('',#10480,.T.);
#10480 = EDGE_LOOP('',(#10481,#10482,#10483,#10484));
#10481 = ORIENTED_EDGE('',*,*,#10151,.F.);
#10482 = ORIENTED_EDGE('',*,*,#10428,.F.);
#10483 = ORIENTED_EDGE('',*,*,#10357,.F.);
#10484 = ORIENTED_EDGE('',*,*,#10271,.F.);
#10485 = MANIFOLD_SOLID_BREP('',#10486);
#10486 = CLOSED_SHELL('',(#10487,#10607,#10693,#10764,#10811,#10818));
#10487 = ADVANCED_FACE('',(#10488),#10502,.F.);
#10488 = FACE_BOUND('',#10489,.T.);
#10489 = EDGE_LOOP('',(#10490,#10525,#10553,#10581));
#10490 = ORIENTED_EDGE('',*,*,#10491,.T.);
#10491 = EDGE_CURVE('',#10492,#10494,#10496,.T.);
#10492 = VERTEX_POINT('',#10493);
#10493 = CARTESIAN_POINT('',(2.51,0.75,-2.E-02));
#10494 = VERTEX_POINT('',#10495);
#10495 = CARTESIAN_POINT('',(2.21,0.75,-2.E-02));
#10496 = SURFACE_CURVE('',#10497,(#10501,#10513),.PCURVE_S1.);
#10497 = LINE('',#10498,#10499);
#10498 = CARTESIAN_POINT('',(2.21,0.75,-2.E-02));
#10499 = VECTOR('',#10500,1.);
#10500 = DIRECTION('',(-1.,-3.401131157803E-15,0.));
#10501 = PCURVE('',#10502,#10507);
#10502 = PLANE('',#10503);
#10503 = AXIS2_PLACEMENT_3D('',#10504,#10505,#10506);
#10504 = CARTESIAN_POINT('',(2.21,0.75,0.18));
#10505 = DIRECTION('',(3.401131157803E-15,-1.,0.));
#10506 = DIRECTION('',(1.,3.401131157803E-15,0.));
#10507 = DEFINITIONAL_REPRESENTATION('',(#10508),#10512);
#10508 = LINE('',#10509,#10510);
#10509 = CARTESIAN_POINT('',(0.,-0.2));
#10510 = VECTOR('',#10511,1.);
#10511 = DIRECTION('',(-1.,0.));
#10512 = ( GEOMETRIC_REPRESENTATION_CONTEXT(2) 
PARAMETRIC_REPRESENTATION_CONTEXT() REPRESENTATION_CONTEXT('2D SPACE',''
  ) );
#10513 = PCURVE('',#10514,#10519);
#10514 = PLANE('',#10515);
#10515 = AXIS2_PLACEMENT_3D('',#10516,#10517,#10518);
#10516 = CARTESIAN_POINT('',(2.21,0.65,-2.E-02));
#10517 = DIRECTION('',(0.,0.,-1.));
#10518 = DIRECTION('',(3.491481338843E-15,-1.,0.));
#10519 = DEFINITIONAL_REPRESENTATION('',(#10520),#10524);
#10520 = LINE('',#10521,#10522);
#10521 = CARTESIAN_POINT('',(-0.1,9.494107596575E-17));
#10522 = VECTOR('',#10523,1.);
#10523 = DIRECTION('',(-9.035018104046E-17,1.));
#10524 = ( GEOMETRIC_REPRESENTATION_CONTEXT(2) 
PARAMETRIC_REPRESENTATION_CONTEXT() REPRESENTATION_CONTEXT('2D SPACE',''
  ) );
#10525 = ORIENTED_EDGE('',*,*,#10526,.F.);
#10526 = EDGE_CURVE('',#10527,#10494,#10529,.T.);
#10527 = VERTEX_POINT('',#10528);
#10528 = CARTESIAN_POINT('',(2.21,0.75,0.18));
#10529 = SURFACE_CURVE('',#10530,(#10534,#10541),.PCURVE_S1.);
#10530 = LINE('',#10531,#10532);
#10531 = CARTESIAN_POINT('',(2.21,0.75,0.18));
#10532 = VECTOR('',#10533,1.);
#10533 = DIRECTION('',(0.,0.,-1.));
#10534 = PCURVE('',#10502,#10535);
#10535 = DEFINITIONAL_REPRESENTATION('',(#10536),#10540);
#10536 = LINE('',#10537,#10538);
#10537 = CARTESIAN_POINT('',(0.,0.));
#10538 = VECTOR('',#10539,1.);
#10539 = DIRECTION('',(0.,-1.));
#10540 = ( GEOMETRIC_REPRESENTATION_CONTEXT(2) 
PARAMETRIC_REPRESENTATION_CONTEXT() REPRESENTATION_CONTEXT('2D SPACE',''
  ) );
#10541 = PCURVE('',#10542,#10547);
#10542 = CYLINDRICAL_SURFACE('',#10543,0.1);
#10543 = AXIS2_PLACEMENT_3D('',#10544,#10545,#10546);
#10544 = CARTESIAN_POINT('',(2.21,0.65,0.18));
#10545 = DIRECTION('',(0.,0.,-1.));
#10546 = DIRECTION('',(4.336808689942E-15,-1.,0.));
#10547 = DEFINITIONAL_REPRESENTATION('',(#10548),#10552);
#10548 = LINE('',#10549,#10550);
#10549 = CARTESIAN_POINT('',(3.14159265359,0.));
#10550 = VECTOR('',#10551,1.);
#10551 = DIRECTION('',(0.,1.));
#10552 = ( GEOMETRIC_REPRESENTATION_CONTEXT(2) 
PARAMETRIC_REPRESENTATION_CONTEXT() REPRESENTATION_CONTEXT('2D SPACE',''
  ) );
#10553 = ORIENTED_EDGE('',*,*,#10554,.F.);
#10554 = EDGE_CURVE('',#10555,#10527,#10557,.T.);
#10555 = VERTEX_POINT('',#10556);
#10556 = CARTESIAN_POINT('',(2.51,0.75,0.18));
#10557 = SURFACE_CURVE('',#10558,(#10562,#10569),.PCURVE_S1.);
#10558 = LINE('',#10559,#10560);
#10559 = CARTESIAN_POINT('',(2.21,0.75,0.18));
#10560 = VECTOR('',#10561,1.);
#10561 = DIRECTION('',(-1.,-3.401131157803E-15,0.));
#10562 = PCURVE('',#10502,#10563);
#10563 = DEFINITIONAL_REPRESENTATION('',(#10564),#10568);
#10564 = LINE('',#10565,#10566);
#10565 = CARTESIAN_POINT('',(0.,0.));
#10566 = VECTOR('',#10567,1.);
#10567 = DIRECTION('',(-1.,0.));
#10568 = ( GEOMETRIC_REPRESENTATION_CONTEXT(2) 
PARAMETRIC_REPRESENTATION_CONTEXT() REPRESENTATION_CONTEXT('2D SPACE',''
  ) );
#10569 = PCURVE('',#10570,#10575);
#10570 = PLANE('',#10571);
#10571 = AXIS2_PLACEMENT_3D('',#10572,#10573,#10574);
#10572 = CARTESIAN_POINT('',(2.21,0.65,0.18));
#10573 = DIRECTION('',(0.,0.,-1.));
#10574 = DIRECTION('',(3.491481338843E-15,-1.,0.));
#10575 = DEFINITIONAL_REPRESENTATION('',(#10576),#10580);
#10576 = LINE('',#10577,#10578);
#10577 = CARTESIAN_POINT('',(-0.1,9.494107596575E-17));
#10578 = VECTOR('',#10579,1.);
#10579 = DIRECTION('',(-9.035018104046E-17,1.));
#10580 = ( GEOMETRIC_REPRESENTATION_CONTEXT(2) 
PARAMETRIC_REPRESENTATION_CONTEXT() REPRESENTATION_CONTEXT('2D SPACE',''
  ) );
#10581 = ORIENTED_EDGE('',*,*,#10582,.T.);
#10582 = EDGE_CURVE('',#10555,#10492,#10583,.T.);
#10583 = SURFACE_CURVE('',#10584,(#10588,#10595),.PCURVE_S1.);
#10584 = LINE('',#10585,#10586);
#10585 = CARTESIAN_POINT('',(2.51,0.75,0.18));
#10586 = VECTOR('',#10587,1.);
#10587 = DIRECTION('',(0.,0.,-1.));
#10588 = PCURVE('',#10502,#10589);
#10589 = DEFINITIONAL_REPRESENTATION('',(#10590),#10594);
#10590 = LINE('',#10591,#10592);
#10591 = CARTESIAN_POINT('',(0.3,0.));
#10592 = VECTOR('',#10593,1.);
#10593 = DIRECTION('',(0.,-1.));
#10594 = ( GEOMETRIC_REPRESENTATION_CONTEXT(2) 
PARAMETRIC_REPRESENTATION_CONTEXT() REPRESENTATION_CONTEXT('2D SPACE',''
  ) );
#10595 = PCURVE('',#10596,#10601);
#10596 = PLANE('',#10597);
#10597 = AXIS2_PLACEMENT_3D('',#10598,#10599,#10600);
#10598 = CARTESIAN_POINT('',(2.51,0.55,0.18));
#10599 = DIRECTION('',(-1.,-3.627006610404E-15,0.));
#10600 = DIRECTION('',(3.627006610404E-15,-1.,0.));
#10601 = DEFINITIONAL_REPRESENTATION('',(#10602),#10606);
#10602 = LINE('',#10603,#10604);
#10603 = CARTESIAN_POINT('',(-0.2,0.));
#10604 = VECTOR('',#10605,1.);
#10605 = DIRECTION('',(0.,-1.));
#10606 = ( GEOMETRIC_REPRESENTATION_CONTEXT(2) 
PARAMETRIC_REPRESENTATION_CONTEXT() REPRESENTATION_CONTEXT('2D SPACE',''
  ) );
#10607 = ADVANCED_FACE('',(#10608),#10542,.T.);
#10608 = FACE_BOUND('',#10609,.T.);
#10609 = EDGE_LOOP('',(#10610,#10638,#10666,#10692));
#10610 = ORIENTED_EDGE('',*,*,#10611,.T.);
#10611 = EDGE_CURVE('',#10494,#10612,#10614,.T.);
#10612 = VERTEX_POINT('',#10613);
#10613 = CARTESIAN_POINT('',(2.21,0.55,-2.E-02));
#10614 = SURFACE_CURVE('',#10615,(#10620,#10627),.PCURVE_S1.);
#10615 = CIRCLE('',#10616,0.1);
#10616 = AXIS2_PLACEMENT_3D('',#10617,#10618,#10619);
#10617 = CARTESIAN_POINT('',(2.21,0.65,-2.E-02));
#10618 = DIRECTION('',(0.,0.,1.));
#10619 = DIRECTION('',(4.336808689942E-15,-1.,0.));
#10620 = PCURVE('',#10542,#10621);
#10621 = DEFINITIONAL_REPRESENTATION('',(#10622),#10626);
#10622 = LINE('',#10623,#10624);
#10623 = CARTESIAN_POINT('',(6.28318530718,0.2));
#10624 = VECTOR('',#10625,1.);
#10625 = DIRECTION('',(-1.,0.));
#10626 = ( GEOMETRIC_REPRESENTATION_CONTEXT(2) 
PARAMETRIC_REPRESENTATION_CONTEXT() REPRESENTATION_CONTEXT('2D SPACE',''
  ) );
#10627 = PCURVE('',#10514,#10628);
#10628 = DEFINITIONAL_REPRESENTATION('',(#10629),#10637);
#10629 = ( BOUNDED_CURVE() B_SPLINE_CURVE(2,(#10630,#10631,#10632,#10633
    ,#10634,#10635,#10636),.UNSPECIFIED.,.T.,.F.) 
B_SPLINE_CURVE_WITH_KNOTS((1,2,2,2,2,1),(-2.094395102393,0.,
    2.094395102393,4.188790204786,6.28318530718,8.377580409573),
.UNSPECIFIED.) CURVE() GEOMETRIC_REPRESENTATION_ITEM() 
RATIONAL_B_SPLINE_CURVE((1.,0.5,1.,0.5,1.,0.5,1.)) REPRESENTATION_ITEM(
  '') );
#10630 = CARTESIAN_POINT('',(0.1,-8.453273510989E-17));
#10631 = CARTESIAN_POINT('',(1.E-01,-0.173205080757));
#10632 = CARTESIAN_POINT('',(-5.E-02,-8.660254037844E-02));
#10633 = CARTESIAN_POINT('',(-0.2,1.445725342368E-16));
#10634 = CARTESIAN_POINT('',(-5.E-02,8.660254037844E-02));
#10635 = CARTESIAN_POINT('',(0.1,0.173205080757));
#10636 = CARTESIAN_POINT('',(0.1,-8.453273510989E-17));
#10637 = ( GEOMETRIC_REPRESENTATION_CONTEXT(2) 
PARAMETRIC_REPRESENTATION_CONTEXT() REPRESENTATION_CONTEXT('2D SPACE',''
  ) );
#10638 = ORIENTED_EDGE('',*,*,#10639,.F.);
#10639 = EDGE_CURVE('',#10640,#10612,#10642,.T.);
#10640 = VERTEX_POINT('',#10641);
#10641 = CARTESIAN_POINT('',(2.21,0.55,0.18));
#10642 = SURFACE_CURVE('',#10643,(#10647,#10654),.PCURVE_S1.);
#10643 = LINE('',#10644,#10645);
#10644 = CARTESIAN_POINT('',(2.21,0.55,0.18));
#10645 = VECTOR('',#10646,1.);
#10646 = DIRECTION('',(0.,0.,-1.));
#10647 = PCURVE('',#10542,#10648);
#10648 = DEFINITIONAL_REPRESENTATION('',(#10649),#10653);
#10649 = LINE('',#10650,#10651);
#10650 = CARTESIAN_POINT('',(0.,0.));
#10651 = VECTOR('',#10652,1.);
#10652 = DIRECTION('',(0.,1.));
#10653 = ( GEOMETRIC_REPRESENTATION_CONTEXT(2) 
PARAMETRIC_REPRESENTATION_CONTEXT() REPRESENTATION_CONTEXT('2D SPACE',''
  ) );
#10654 = PCURVE('',#10655,#10660);
#10655 = PLANE('',#10656);
#10656 = AXIS2_PLACEMENT_3D('',#10657,#10658,#10659);
#10657 = CARTESIAN_POINT('',(2.21,0.55,0.18));
#10658 = DIRECTION('',(-3.852882063005E-15,1.,0.));
#10659 = DIRECTION('',(-1.,-3.852882063005E-15,0.));
#10660 = DEFINITIONAL_REPRESENTATION('',(#10661),#10665);
#10661 = LINE('',#10662,#10663);
#10662 = CARTESIAN_POINT('',(0.,0.));
#10663 = VECTOR('',#10664,1.);
#10664 = DIRECTION('',(-0.,-1.));
#10665 = ( GEOMETRIC_REPRESENTATION_CONTEXT(2) 
PARAMETRIC_REPRESENTATION_CONTEXT() REPRESENTATION_CONTEXT('2D SPACE',''
  ) );
#10666 = ORIENTED_EDGE('',*,*,#10667,.F.);
#10667 = EDGE_CURVE('',#10527,#10640,#10668,.T.);
#10668 = SURFACE_CURVE('',#10669,(#10674,#10681),.PCURVE_S1.);
#10669 = CIRCLE('',#10670,0.1);
#10670 = AXIS2_PLACEMENT_3D('',#10671,#10672,#10673);
#10671 = CARTESIAN_POINT('',(2.21,0.65,0.18));
#10672 = DIRECTION('',(0.,0.,1.));
#10673 = DIRECTION('',(4.336808689942E-15,-1.,0.));
#10674 = PCURVE('',#10542,#10675);
#10675 = DEFINITIONAL_REPRESENTATION('',(#10676),#10680);
#10676 = LINE('',#10677,#10678);
#10677 = CARTESIAN_POINT('',(6.28318530718,0.));
#10678 = VECTOR('',#10679,1.);
#10679 = DIRECTION('',(-1.,0.));
#10680 = ( GEOMETRIC_REPRESENTATION_CONTEXT(2) 
PARAMETRIC_REPRESENTATION_CONTEXT() REPRESENTATION_CONTEXT('2D SPACE',''
  ) );
#10681 = PCURVE('',#10570,#10682);
#10682 = DEFINITIONAL_REPRESENTATION('',(#10683),#10691);
#10683 = ( BOUNDED_CURVE() B_SPLINE_CURVE(2,(#10684,#10685,#10686,#10687
    ,#10688,#10689,#10690),.UNSPECIFIED.,.T.,.F.) 
B_SPLINE_CURVE_WITH_KNOTS((1,2,2,2,2,1),(-2.094395102393,0.,
    2.094395102393,4.188790204786,6.28318530718,8.377580409573),
.UNSPECIFIED.) CURVE() GEOMETRIC_REPRESENTATION_ITEM() 
RATIONAL_B_SPLINE_CURVE((1.,0.5,1.,0.5,1.,0.5,1.)) REPRESENTATION_ITEM(
  '') );
#10684 = CARTESIAN_POINT('',(0.1,-8.453273510989E-17));
#10685 = CARTESIAN_POINT('',(1.E-01,-0.173205080757));
#10686 = CARTESIAN_POINT('',(-5.E-02,-8.660254037844E-02));
#10687 = CARTESIAN_POINT('',(-0.2,1.445725342368E-16));
#10688 = CARTESIAN_POINT('',(-5.E-02,8.660254037844E-02));
#10689 = CARTESIAN_POINT('',(0.1,0.173205080757));
#10690 = CARTESIAN_POINT('',(0.1,-8.453273510989E-17));
#10691 = ( GEOMETRIC_REPRESENTATION_CONTEXT(2) 
PARAMETRIC_REPRESENTATION_CONTEXT() REPRESENTATION_CONTEXT('2D SPACE',''
  ) );
#10692 = ORIENTED_EDGE('',*,*,#10526,.T.);
#10693 = ADVANCED_FACE('',(#10694),#10655,.F.);
#10694 = FACE_BOUND('',#10695,.T.);
#10695 = EDGE_LOOP('',(#10696,#10719,#10742,#10763));
#10696 = ORIENTED_EDGE('',*,*,#10697,.T.);
#10697 = EDGE_CURVE('',#10612,#10698,#10700,.T.);
#10698 = VERTEX_POINT('',#10699);
#10699 = CARTESIAN_POINT('',(2.51,0.55,-2.E-02));
#10700 = SURFACE_CURVE('',#10701,(#10705,#10712),.PCURVE_S1.);
#10701 = LINE('',#10702,#10703);
#10702 = CARTESIAN_POINT('',(2.21,0.55,-2.E-02));
#10703 = VECTOR('',#10704,1.);
#10704 = DIRECTION('',(1.,3.852882063005E-15,0.));
#10705 = PCURVE('',#10655,#10706);
#10706 = DEFINITIONAL_REPRESENTATION('',(#10707),#10711);
#10707 = LINE('',#10708,#10709);
#10708 = CARTESIAN_POINT('',(-0.,-0.2));
#10709 = VECTOR('',#10710,1.);
#10710 = DIRECTION('',(-1.,0.));
#10711 = ( GEOMETRIC_REPRESENTATION_CONTEXT(2) 
PARAMETRIC_REPRESENTATION_CONTEXT() REPRESENTATION_CONTEXT('2D SPACE',''
  ) );
#10712 = PCURVE('',#10514,#10713);
#10713 = DEFINITIONAL_REPRESENTATION('',(#10714),#10718);
#10714 = LINE('',#10715,#10716);
#10715 = CARTESIAN_POINT('',(0.1,3.491481338843E-16));
#10716 = VECTOR('',#10717,1.);
#10717 = DIRECTION('',(-3.614007241618E-16,-1.));
#10718 = ( GEOMETRIC_REPRESENTATION_CONTEXT(2) 
PARAMETRIC_REPRESENTATION_CONTEXT() REPRESENTATION_CONTEXT('2D SPACE',''
  ) );
#10719 = ORIENTED_EDGE('',*,*,#10720,.F.);
#10720 = EDGE_CURVE('',#10721,#10698,#10723,.T.);
#10721 = VERTEX_POINT('',#10722);
#10722 = CARTESIAN_POINT('',(2.51,0.55,0.18));
#10723 = SURFACE_CURVE('',#10724,(#10728,#10735),.PCURVE_S1.);
#10724 = LINE('',#10725,#10726);
#10725 = CARTESIAN_POINT('',(2.51,0.55,0.18));
#10726 = VECTOR('',#10727,1.);
#10727 = DIRECTION('',(0.,0.,-1.));
#10728 = PCURVE('',#10655,#10729);
#10729 = DEFINITIONAL_REPRESENTATION('',(#10730),#10734);
#10730 = LINE('',#10731,#10732);
#10731 = CARTESIAN_POINT('',(-0.3,0.));
#10732 = VECTOR('',#10733,1.);
#10733 = DIRECTION('',(-0.,-1.));
#10734 = ( GEOMETRIC_REPRESENTATION_CONTEXT(2) 
PARAMETRIC_REPRESENTATION_CONTEXT() REPRESENTATION_CONTEXT('2D SPACE',''
  ) );
#10735 = PCURVE('',#10596,#10736);
#10736 = DEFINITIONAL_REPRESENTATION('',(#10737),#10741);
#10737 = LINE('',#10738,#10739);
#10738 = CARTESIAN_POINT('',(0.,0.));
#10739 = VECTOR('',#10740,1.);
#10740 = DIRECTION('',(0.,-1.));
#10741 = ( GEOMETRIC_REPRESENTATION_CONTEXT(2) 
PARAMETRIC_REPRESENTATION_CONTEXT() REPRESENTATION_CONTEXT('2D SPACE',''
  ) );
#10742 = ORIENTED_EDGE('',*,*,#10743,.F.);
#10743 = EDGE_CURVE('',#10640,#10721,#10744,.T.);
#10744 = SURFACE_CURVE('',#10745,(#10749,#10756),.PCURVE_S1.);
#10745 = LINE('',#10746,#10747);
#10746 = CARTESIAN_POINT('',(2.21,0.55,0.18));
#10747 = VECTOR('',#10748,1.);
#10748 = DIRECTION('',(1.,3.852882063005E-15,0.));
#10749 = PCURVE('',#10655,#10750);
#10750 = DEFINITIONAL_REPRESENTATION('',(#10751),#10755);
#10751 = LINE('',#10752,#10753);
#10752 = CARTESIAN_POINT('',(0.,0.));
#10753 = VECTOR('',#10754,1.);
#10754 = DIRECTION('',(-1.,0.));
#10755 = ( GEOMETRIC_REPRESENTATION_CONTEXT(2) 
PARAMETRIC_REPRESENTATION_CONTEXT() REPRESENTATION_CONTEXT('2D SPACE',''
  ) );
#10756 = PCURVE('',#10570,#10757);
#10757 = DEFINITIONAL_REPRESENTATION('',(#10758),#10762);
#10758 = LINE('',#10759,#10760);
#10759 = CARTESIAN_POINT('',(0.1,3.491481338843E-16));
#10760 = VECTOR('',#10761,1.);
#10761 = DIRECTION('',(-3.614007241618E-16,-1.));
#10762 = ( GEOMETRIC_REPRESENTATION_CONTEXT(2) 
PARAMETRIC_REPRESENTATION_CONTEXT() REPRESENTATION_CONTEXT('2D SPACE',''
  ) );
#10763 = ORIENTED_EDGE('',*,*,#10639,.T.);
#10764 = ADVANCED_FACE('',(#10765),#10596,.F.);
#10765 = FACE_BOUND('',#10766,.T.);
#10766 = EDGE_LOOP('',(#10767,#10788,#10789,#10810));
#10767 = ORIENTED_EDGE('',*,*,#10768,.T.);
#10768 = EDGE_CURVE('',#10698,#10492,#10769,.T.);
#10769 = SURFACE_CURVE('',#10770,(#10774,#10781),.PCURVE_S1.);
#10770 = LINE('',#10771,#10772);
#10771 = CARTESIAN_POINT('',(2.51,0.55,-2.E-02));
#10772 = VECTOR('',#10773,1.);
#10773 = DIRECTION('',(-3.627006610404E-15,1.,0.));
#10774 = PCURVE('',#10596,#10775);
#10775 = DEFINITIONAL_REPRESENTATION('',(#10776),#10780);
#10776 = LINE('',#10777,#10778);
#10777 = CARTESIAN_POINT('',(0.,-0.2));
#10778 = VECTOR('',#10779,1.);
#10779 = DIRECTION('',(-1.,0.));
#10780 = ( GEOMETRIC_REPRESENTATION_CONTEXT(2) 
PARAMETRIC_REPRESENTATION_CONTEXT() REPRESENTATION_CONTEXT('2D SPACE',''
  ) );
#10781 = PCURVE('',#10514,#10782);
#10782 = DEFINITIONAL_REPRESENTATION('',(#10783),#10787);
#10783 = LINE('',#10784,#10785);
#10784 = CARTESIAN_POINT('',(1.E-01,-0.3));
#10785 = VECTOR('',#10786,1.);
#10786 = DIRECTION('',(-1.,1.355252715607E-16));
#10787 = ( GEOMETRIC_REPRESENTATION_CONTEXT(2) 
PARAMETRIC_REPRESENTATION_CONTEXT() REPRESENTATION_CONTEXT('2D SPACE',''
  ) );
#10788 = ORIENTED_EDGE('',*,*,#10582,.F.);
#10789 = ORIENTED_EDGE('',*,*,#10790,.F.);
#10790 = EDGE_CURVE('',#10721,#10555,#10791,.T.);
#10791 = SURFACE_CURVE('',#10792,(#10796,#10803),.PCURVE_S1.);
#10792 = LINE('',#10793,#10794);
#10793 = CARTESIAN_POINT('',(2.51,0.55,0.18));
#10794 = VECTOR('',#10795,1.);
#10795 = DIRECTION('',(-3.627006610404E-15,1.,0.));
#10796 = PCURVE('',#10596,#10797);
#10797 = DEFINITIONAL_REPRESENTATION('',(#10798),#10802);
#10798 = LINE('',#10799,#10800);
#10799 = CARTESIAN_POINT('',(0.,0.));
#10800 = VECTOR('',#10801,1.);
#10801 = DIRECTION('',(-1.,0.));
#10802 = ( GEOMETRIC_REPRESENTATION_CONTEXT(2) 
PARAMETRIC_REPRESENTATION_CONTEXT() REPRESENTATION_CONTEXT('2D SPACE',''
  ) );
#10803 = PCURVE('',#10570,#10804);
#10804 = DEFINITIONAL_REPRESENTATION('',(#10805),#10809);
#10805 = LINE('',#10806,#10807);
#10806 = CARTESIAN_POINT('',(1.E-01,-0.3));
#10807 = VECTOR('',#10808,1.);
#10808 = DIRECTION('',(-1.,1.355252715607E-16));
#10809 = ( GEOMETRIC_REPRESENTATION_CONTEXT(2) 
PARAMETRIC_REPRESENTATION_CONTEXT() REPRESENTATION_CONTEXT('2D SPACE',''
  ) );
#10810 = ORIENTED_EDGE('',*,*,#10720,.T.);
#10811 = ADVANCED_FACE('',(#10812),#10570,.F.);
#10812 = FACE_BOUND('',#10813,.T.);
#10813 = EDGE_LOOP('',(#10814,#10815,#10816,#10817));
#10814 = ORIENTED_EDGE('',*,*,#10554,.T.);
#10815 = ORIENTED_EDGE('',*,*,#10667,.T.);
#10816 = ORIENTED_EDGE('',*,*,#10743,.T.);
#10817 = ORIENTED_EDGE('',*,*,#10790,.T.);
#10818 = ADVANCED_FACE('',(#10819),#10514,.T.);
#10819 = FACE_BOUND('',#10820,.T.);
#10820 = EDGE_LOOP('',(#10821,#10822,#10823,#10824));
#10821 = ORIENTED_EDGE('',*,*,#10491,.F.);
#10822 = ORIENTED_EDGE('',*,*,#10768,.F.);
#10823 = ORIENTED_EDGE('',*,*,#10697,.F.);
#10824 = ORIENTED_EDGE('',*,*,#10611,.F.);
#10825 = MANIFOLD_SOLID_BREP('',#10826);
#10826 = CLOSED_SHELL('',(#10827,#10947,#11033,#11104,#11151,#11158));
#10827 = ADVANCED_FACE('',(#10828),#10842,.F.);
#10828 = FACE_BOUND('',#10829,.T.);
#10829 = EDGE_LOOP('',(#10830,#10865,#10893,#10921));
#10830 = ORIENTED_EDGE('',*,*,#10831,.T.);
#10831 = EDGE_CURVE('',#10832,#10834,#10836,.T.);
#10832 = VERTEX_POINT('',#10833);
#10833 = CARTESIAN_POINT('',(2.51,1.4,-2.E-02));
#10834 = VERTEX_POINT('',#10835);
#10835 = CARTESIAN_POINT('',(2.21,1.4,-2.E-02));
#10836 = SURFACE_CURVE('',#10837,(#10841,#10853),.PCURVE_S1.);
#10837 = LINE('',#10838,#10839);
#10838 = CARTESIAN_POINT('',(2.21,1.4,-2.E-02));
#10839 = VECTOR('',#10840,1.);
#10840 = DIRECTION('',(-1.,-3.401131157803E-15,0.));
#10841 = PCURVE('',#10842,#10847);
#10842 = PLANE('',#10843);
#10843 = AXIS2_PLACEMENT_3D('',#10844,#10845,#10846);
#10844 = CARTESIAN_POINT('',(2.21,1.4,0.18));
#10845 = DIRECTION('',(3.401131157803E-15,-1.,0.));
#10846 = DIRECTION('',(1.,3.401131157803E-15,0.));
#10847 = DEFINITIONAL_REPRESENTATION('',(#10848),#10852);
#10848 = LINE('',#10849,#10850);
#10849 = CARTESIAN_POINT('',(0.,-0.2));
#10850 = VECTOR('',#10851,1.);
#10851 = DIRECTION('',(-1.,0.));
#10852 = ( GEOMETRIC_REPRESENTATION_CONTEXT(2) 
PARAMETRIC_REPRESENTATION_CONTEXT() REPRESENTATION_CONTEXT('2D SPACE',''
  ) );
#10853 = PCURVE('',#10854,#10859);
#10854 = PLANE('',#10855);
#10855 = AXIS2_PLACEMENT_3D('',#10856,#10857,#10858);
#10856 = CARTESIAN_POINT('',(2.21,1.3,-2.E-02));
#10857 = DIRECTION('',(0.,0.,-1.));
#10858 = DIRECTION('',(3.491481338843E-15,-1.,0.));
#10859 = DEFINITIONAL_REPRESENTATION('',(#10860),#10864);
#10860 = LINE('',#10861,#10862);
#10861 = CARTESIAN_POINT('',(-0.1,9.494107596575E-17));
#10862 = VECTOR('',#10863,1.);
#10863 = DIRECTION('',(-9.035018104046E-17,1.));
#10864 = ( GEOMETRIC_REPRESENTATION_CONTEXT(2) 
PARAMETRIC_REPRESENTATION_CONTEXT() REPRESENTATION_CONTEXT('2D SPACE',''
  ) );
#10865 = ORIENTED_EDGE('',*,*,#10866,.F.);
#10866 = EDGE_CURVE('',#10867,#10834,#10869,.T.);
#10867 = VERTEX_POINT('',#10868);
#10868 = CARTESIAN_POINT('',(2.21,1.4,0.18));
#10869 = SURFACE_CURVE('',#10870,(#10874,#10881),.PCURVE_S1.);
#10870 = LINE('',#10871,#10872);
#10871 = CARTESIAN_POINT('',(2.21,1.4,0.18));
#10872 = VECTOR('',#10873,1.);
#10873 = DIRECTION('',(0.,0.,-1.));
#10874 = PCURVE('',#10842,#10875);
#10875 = DEFINITIONAL_REPRESENTATION('',(#10876),#10880);
#10876 = LINE('',#10877,#10878);
#10877 = CARTESIAN_POINT('',(0.,0.));
#10878 = VECTOR('',#10879,1.);
#10879 = DIRECTION('',(0.,-1.));
#10880 = ( GEOMETRIC_REPRESENTATION_CONTEXT(2) 
PARAMETRIC_REPRESENTATION_CONTEXT() REPRESENTATION_CONTEXT('2D SPACE',''
  ) );
#10881 = PCURVE('',#10882,#10887);
#10882 = CYLINDRICAL_SURFACE('',#10883,0.1);
#10883 = AXIS2_PLACEMENT_3D('',#10884,#10885,#10886);
#10884 = CARTESIAN_POINT('',(2.21,1.3,0.18));
#10885 = DIRECTION('',(0.,0.,-1.));
#10886 = DIRECTION('',(4.336808689942E-15,-1.,0.));
#10887 = DEFINITIONAL_REPRESENTATION('',(#10888),#10892);
#10888 = LINE('',#10889,#10890);
#10889 = CARTESIAN_POINT('',(3.14159265359,0.));
#10890 = VECTOR('',#10891,1.);
#10891 = DIRECTION('',(0.,1.));
#10892 = ( GEOMETRIC_REPRESENTATION_CONTEXT(2) 
PARAMETRIC_REPRESENTATION_CONTEXT() REPRESENTATION_CONTEXT('2D SPACE',''
  ) );
#10893 = ORIENTED_EDGE('',*,*,#10894,.F.);
#10894 = EDGE_CURVE('',#10895,#10867,#10897,.T.);
#10895 = VERTEX_POINT('',#10896);
#10896 = CARTESIAN_POINT('',(2.51,1.4,0.18));
#10897 = SURFACE_CURVE('',#10898,(#10902,#10909),.PCURVE_S1.);
#10898 = LINE('',#10899,#10900);
#10899 = CARTESIAN_POINT('',(2.21,1.4,0.18));
#10900 = VECTOR('',#10901,1.);
#10901 = DIRECTION('',(-1.,-3.401131157803E-15,0.));
#10902 = PCURVE('',#10842,#10903);
#10903 = DEFINITIONAL_REPRESENTATION('',(#10904),#10908);
#10904 = LINE('',#10905,#10906);
#10905 = CARTESIAN_POINT('',(0.,0.));
#10906 = VECTOR('',#10907,1.);
#10907 = DIRECTION('',(-1.,0.));
#10908 = ( GEOMETRIC_REPRESENTATION_CONTEXT(2) 
PARAMETRIC_REPRESENTATION_CONTEXT() REPRESENTATION_CONTEXT('2D SPACE',''
  ) );
#10909 = PCURVE('',#10910,#10915);
#10910 = PLANE('',#10911);
#10911 = AXIS2_PLACEMENT_3D('',#10912,#10913,#10914);
#10912 = CARTESIAN_POINT('',(2.21,1.3,0.18));
#10913 = DIRECTION('',(0.,0.,-1.));
#10914 = DIRECTION('',(3.491481338843E-15,-1.,0.));
#10915 = DEFINITIONAL_REPRESENTATION('',(#10916),#10920);
#10916 = LINE('',#10917,#10918);
#10917 = CARTESIAN_POINT('',(-0.1,9.494107596575E-17));
#10918 = VECTOR('',#10919,1.);
#10919 = DIRECTION('',(-9.035018104046E-17,1.));
#10920 = ( GEOMETRIC_REPRESENTATION_CONTEXT(2) 
PARAMETRIC_REPRESENTATION_CONTEXT() REPRESENTATION_CONTEXT('2D SPACE',''
  ) );
#10921 = ORIENTED_EDGE('',*,*,#10922,.T.);
#10922 = EDGE_CURVE('',#10895,#10832,#10923,.T.);
#10923 = SURFACE_CURVE('',#10924,(#10928,#10935),.PCURVE_S1.);
#10924 = LINE('',#10925,#10926);
#10925 = CARTESIAN_POINT('',(2.51,1.4,0.18));
#10926 = VECTOR('',#10927,1.);
#10927 = DIRECTION('',(0.,0.,-1.));
#10928 = PCURVE('',#10842,#10929);
#10929 = DEFINITIONAL_REPRESENTATION('',(#10930),#10934);
#10930 = LINE('',#10931,#10932);
#10931 = CARTESIAN_POINT('',(0.3,0.));
#10932 = VECTOR('',#10933,1.);
#10933 = DIRECTION('',(0.,-1.));
#10934 = ( GEOMETRIC_REPRESENTATION_CONTEXT(2) 
PARAMETRIC_REPRESENTATION_CONTEXT() REPRESENTATION_CONTEXT('2D SPACE',''
  ) );
#10935 = PCURVE('',#10936,#10941);
#10936 = PLANE('',#10937);
#10937 = AXIS2_PLACEMENT_3D('',#10938,#10939,#10940);
#10938 = CARTESIAN_POINT('',(2.51,1.2,0.18));
#10939 = DIRECTION('',(-1.,-3.627006610404E-15,0.));
#10940 = DIRECTION('',(3.627006610404E-15,-1.,0.));
#10941 = DEFINITIONAL_REPRESENTATION('',(#10942),#10946);
#10942 = LINE('',#10943,#10944);
#10943 = CARTESIAN_POINT('',(-0.2,0.));
#10944 = VECTOR('',#10945,1.);
#10945 = DIRECTION('',(0.,-1.));
#10946 = ( GEOMETRIC_REPRESENTATION_CONTEXT(2) 
PARAMETRIC_REPRESENTATION_CONTEXT() REPRESENTATION_CONTEXT('2D SPACE',''
  ) );
#10947 = ADVANCED_FACE('',(#10948),#10882,.T.);
#10948 = FACE_BOUND('',#10949,.T.);
#10949 = EDGE_LOOP('',(#10950,#10978,#11006,#11032));
#10950 = ORIENTED_EDGE('',*,*,#10951,.T.);
#10951 = EDGE_CURVE('',#10834,#10952,#10954,.T.);
#10952 = VERTEX_POINT('',#10953);
#10953 = CARTESIAN_POINT('',(2.21,1.2,-2.E-02));
#10954 = SURFACE_CURVE('',#10955,(#10960,#10967),.PCURVE_S1.);
#10955 = CIRCLE('',#10956,0.1);
#10956 = AXIS2_PLACEMENT_3D('',#10957,#10958,#10959);
#10957 = CARTESIAN_POINT('',(2.21,1.3,-2.E-02));
#10958 = DIRECTION('',(0.,0.,1.));
#10959 = DIRECTION('',(4.336808689942E-15,-1.,0.));
#10960 = PCURVE('',#10882,#10961);
#10961 = DEFINITIONAL_REPRESENTATION('',(#10962),#10966);
#10962 = LINE('',#10963,#10964);
#10963 = CARTESIAN_POINT('',(6.28318530718,0.2));
#10964 = VECTOR('',#10965,1.);
#10965 = DIRECTION('',(-1.,0.));
#10966 = ( GEOMETRIC_REPRESENTATION_CONTEXT(2) 
PARAMETRIC_REPRESENTATION_CONTEXT() REPRESENTATION_CONTEXT('2D SPACE',''
  ) );
#10967 = PCURVE('',#10854,#10968);
#10968 = DEFINITIONAL_REPRESENTATION('',(#10969),#10977);
#10969 = ( BOUNDED_CURVE() B_SPLINE_CURVE(2,(#10970,#10971,#10972,#10973
    ,#10974,#10975,#10976),.UNSPECIFIED.,.T.,.F.) 
B_SPLINE_CURVE_WITH_KNOTS((1,2,2,2,2,1),(-2.094395102393,0.,
    2.094395102393,4.188790204786,6.28318530718,8.377580409573),
.UNSPECIFIED.) CURVE() GEOMETRIC_REPRESENTATION_ITEM() 
RATIONAL_B_SPLINE_CURVE((1.,0.5,1.,0.5,1.,0.5,1.)) REPRESENTATION_ITEM(
  '') );
#10970 = CARTESIAN_POINT('',(0.1,-8.453273510989E-17));
#10971 = CARTESIAN_POINT('',(1.E-01,-0.173205080757));
#10972 = CARTESIAN_POINT('',(-5.E-02,-8.660254037844E-02));
#10973 = CARTESIAN_POINT('',(-0.2,1.445725342368E-16));
#10974 = CARTESIAN_POINT('',(-5.E-02,8.660254037844E-02));
#10975 = CARTESIAN_POINT('',(0.1,0.173205080757));
#10976 = CARTESIAN_POINT('',(0.1,-8.453273510989E-17));
#10977 = ( GEOMETRIC_REPRESENTATION_CONTEXT(2) 
PARAMETRIC_REPRESENTATION_CONTEXT() REPRESENTATION_CONTEXT('2D SPACE',''
  ) );
#10978 = ORIENTED_EDGE('',*,*,#10979,.F.);
#10979 = EDGE_CURVE('',#10980,#10952,#10982,.T.);
#10980 = VERTEX_POINT('',#10981);
#10981 = CARTESIAN_POINT('',(2.21,1.2,0.18));
#10982 = SURFACE_CURVE('',#10983,(#10987,#10994),.PCURVE_S1.);
#10983 = LINE('',#10984,#10985);
#10984 = CARTESIAN_POINT('',(2.21,1.2,0.18));
#10985 = VECTOR('',#10986,1.);
#10986 = DIRECTION('',(0.,0.,-1.));
#10987 = PCURVE('',#10882,#10988);
#10988 = DEFINITIONAL_REPRESENTATION('',(#10989),#10993);
#10989 = LINE('',#10990,#10991);
#10990 = CARTESIAN_POINT('',(0.,0.));
#10991 = VECTOR('',#10992,1.);
#10992 = DIRECTION('',(0.,1.));
#10993 = ( GEOMETRIC_REPRESENTATION_CONTEXT(2) 
PARAMETRIC_REPRESENTATION_CONTEXT() REPRESENTATION_CONTEXT('2D SPACE',''
  ) );
#10994 = PCURVE('',#10995,#11000);
#10995 = PLANE('',#10996);
#10996 = AXIS2_PLACEMENT_3D('',#10997,#10998,#10999);
#10997 = CARTESIAN_POINT('',(2.21,1.2,0.18));
#10998 = DIRECTION('',(-3.852882063005E-15,1.,0.));
#10999 = DIRECTION('',(-1.,-3.852882063005E-15,0.));
#11000 = DEFINITIONAL_REPRESENTATION('',(#11001),#11005);
#11001 = LINE('',#11002,#11003);
#11002 = CARTESIAN_POINT('',(0.,0.));
#11003 = VECTOR('',#11004,1.);
#11004 = DIRECTION('',(-0.,-1.));
#11005 = ( GEOMETRIC_REPRESENTATION_CONTEXT(2) 
PARAMETRIC_REPRESENTATION_CONTEXT() REPRESENTATION_CONTEXT('2D SPACE',''
  ) );
#11006 = ORIENTED_EDGE('',*,*,#11007,.F.);
#11007 = EDGE_CURVE('',#10867,#10980,#11008,.T.);
#11008 = SURFACE_CURVE('',#11009,(#11014,#11021),.PCURVE_S1.);
#11009 = CIRCLE('',#11010,0.1);
#11010 = AXIS2_PLACEMENT_3D('',#11011,#11012,#11013);
#11011 = CARTESIAN_POINT('',(2.21,1.3,0.18));
#11012 = DIRECTION('',(0.,0.,1.));
#11013 = DIRECTION('',(4.336808689942E-15,-1.,0.));
#11014 = PCURVE('',#10882,#11015);
#11015 = DEFINITIONAL_REPRESENTATION('',(#11016),#11020);
#11016 = LINE('',#11017,#11018);
#11017 = CARTESIAN_POINT('',(6.28318530718,0.));
#11018 = VECTOR('',#11019,1.);
#11019 = DIRECTION('',(-1.,0.));
#11020 = ( GEOMETRIC_REPRESENTATION_CONTEXT(2) 
PARAMETRIC_REPRESENTATION_CONTEXT() REPRESENTATION_CONTEXT('2D SPACE',''
  ) );
#11021 = PCURVE('',#10910,#11022);
#11022 = DEFINITIONAL_REPRESENTATION('',(#11023),#11031);
#11023 = ( BOUNDED_CURVE() B_SPLINE_CURVE(2,(#11024,#11025,#11026,#11027
    ,#11028,#11029,#11030),.UNSPECIFIED.,.T.,.F.) 
B_SPLINE_CURVE_WITH_KNOTS((1,2,2,2,2,1),(-2.094395102393,0.,
    2.094395102393,4.188790204786,6.28318530718,8.377580409573),
.UNSPECIFIED.) CURVE() GEOMETRIC_REPRESENTATION_ITEM() 
RATIONAL_B_SPLINE_CURVE((1.,0.5,1.,0.5,1.,0.5,1.)) REPRESENTATION_ITEM(
  '') );
#11024 = CARTESIAN_POINT('',(0.1,-8.453273510989E-17));
#11025 = CARTESIAN_POINT('',(1.E-01,-0.173205080757));
#11026 = CARTESIAN_POINT('',(-5.E-02,-8.660254037844E-02));
#11027 = CARTESIAN_POINT('',(-0.2,1.445725342368E-16));
#11028 = CARTESIAN_POINT('',(-5.E-02,8.660254037844E-02));
#11029 = CARTESIAN_POINT('',(0.1,0.173205080757));
#11030 = CARTESIAN_POINT('',(0.1,-8.453273510989E-17));
#11031 = ( GEOMETRIC_REPRESENTATION_CONTEXT(2) 
PARAMETRIC_REPRESENTATION_CONTEXT() REPRESENTATION_CONTEXT('2D SPACE',''
  ) );
#11032 = ORIENTED_EDGE('',*,*,#10866,.T.);
#11033 = ADVANCED_FACE('',(#11034),#10995,.F.);
#11034 = FACE_BOUND('',#11035,.T.);
#11035 = EDGE_LOOP('',(#11036,#11059,#11082,#11103));
#11036 = ORIENTED_EDGE('',*,*,#11037,.T.);
#11037 = EDGE_CURVE('',#10952,#11038,#11040,.T.);
#11038 = VERTEX_POINT('',#11039);
#11039 = CARTESIAN_POINT('',(2.51,1.2,-2.E-02));
#11040 = SURFACE_CURVE('',#11041,(#11045,#11052),.PCURVE_S1.);
#11041 = LINE('',#11042,#11043);
#11042 = CARTESIAN_POINT('',(2.21,1.2,-2.E-02));
#11043 = VECTOR('',#11044,1.);
#11044 = DIRECTION('',(1.,3.852882063005E-15,0.));
#11045 = PCURVE('',#10995,#11046);
#11046 = DEFINITIONAL_REPRESENTATION('',(#11047),#11051);
#11047 = LINE('',#11048,#11049);
#11048 = CARTESIAN_POINT('',(-0.,-0.2));
#11049 = VECTOR('',#11050,1.);
#11050 = DIRECTION('',(-1.,0.));
#11051 = ( GEOMETRIC_REPRESENTATION_CONTEXT(2) 
PARAMETRIC_REPRESENTATION_CONTEXT() REPRESENTATION_CONTEXT('2D SPACE',''
  ) );
#11052 = PCURVE('',#10854,#11053);
#11053 = DEFINITIONAL_REPRESENTATION('',(#11054),#11058);
#11054 = LINE('',#11055,#11056);
#11055 = CARTESIAN_POINT('',(0.1,3.491481338843E-16));
#11056 = VECTOR('',#11057,1.);
#11057 = DIRECTION('',(-3.614007241618E-16,-1.));
#11058 = ( GEOMETRIC_REPRESENTATION_CONTEXT(2) 
PARAMETRIC_REPRESENTATION_CONTEXT() REPRESENTATION_CONTEXT('2D SPACE',''
  ) );
#11059 = ORIENTED_EDGE('',*,*,#11060,.F.);
#11060 = EDGE_CURVE('',#11061,#11038,#11063,.T.);
#11061 = VERTEX_POINT('',#11062);
#11062 = CARTESIAN_POINT('',(2.51,1.2,0.18));
#11063 = SURFACE_CURVE('',#11064,(#11068,#11075),.PCURVE_S1.);
#11064 = LINE('',#11065,#11066);
#11065 = CARTESIAN_POINT('',(2.51,1.2,0.18));
#11066 = VECTOR('',#11067,1.);
#11067 = DIRECTION('',(0.,0.,-1.));
#11068 = PCURVE('',#10995,#11069);
#11069 = DEFINITIONAL_REPRESENTATION('',(#11070),#11074);
#11070 = LINE('',#11071,#11072);
#11071 = CARTESIAN_POINT('',(-0.3,0.));
#11072 = VECTOR('',#11073,1.);
#11073 = DIRECTION('',(-0.,-1.));
#11074 = ( GEOMETRIC_REPRESENTATION_CONTEXT(2) 
PARAMETRIC_REPRESENTATION_CONTEXT() REPRESENTATION_CONTEXT('2D SPACE',''
  ) );
#11075 = PCURVE('',#10936,#11076);
#11076 = DEFINITIONAL_REPRESENTATION('',(#11077),#11081);
#11077 = LINE('',#11078,#11079);
#11078 = CARTESIAN_POINT('',(0.,0.));
#11079 = VECTOR('',#11080,1.);
#11080 = DIRECTION('',(0.,-1.));
#11081 = ( GEOMETRIC_REPRESENTATION_CONTEXT(2) 
PARAMETRIC_REPRESENTATION_CONTEXT() REPRESENTATION_CONTEXT('2D SPACE',''
  ) );
#11082 = ORIENTED_EDGE('',*,*,#11083,.F.);
#11083 = EDGE_CURVE('',#10980,#11061,#11084,.T.);
#11084 = SURFACE_CURVE('',#11085,(#11089,#11096),.PCURVE_S1.);
#11085 = LINE('',#11086,#11087);
#11086 = CARTESIAN_POINT('',(2.21,1.2,0.18));
#11087 = VECTOR('',#11088,1.);
#11088 = DIRECTION('',(1.,3.852882063005E-15,0.));
#11089 = PCURVE('',#10995,#11090);
#11090 = DEFINITIONAL_REPRESENTATION('',(#11091),#11095);
#11091 = LINE('',#11092,#11093);
#11092 = CARTESIAN_POINT('',(0.,0.));
#11093 = VECTOR('',#11094,1.);
#11094 = DIRECTION('',(-1.,0.));
#11095 = ( GEOMETRIC_REPRESENTATION_CONTEXT(2) 
PARAMETRIC_REPRESENTATION_CONTEXT() REPRESENTATION_CONTEXT('2D SPACE',''
  ) );
#11096 = PCURVE('',#10910,#11097);
#11097 = DEFINITIONAL_REPRESENTATION('',(#11098),#11102);
#11098 = LINE('',#11099,#11100);
#11099 = CARTESIAN_POINT('',(0.1,3.491481338843E-16));
#11100 = VECTOR('',#11101,1.);
#11101 = DIRECTION('',(-3.614007241618E-16,-1.));
#11102 = ( GEOMETRIC_REPRESENTATION_CONTEXT(2) 
PARAMETRIC_REPRESENTATION_CONTEXT() REPRESENTATION_CONTEXT('2D SPACE',''
  ) );
#11103 = ORIENTED_EDGE('',*,*,#10979,.T.);
#11104 = ADVANCED_FACE('',(#11105),#10936,.F.);
#11105 = FACE_BOUND('',#11106,.T.);
#11106 = EDGE_LOOP('',(#11107,#11128,#11129,#11150));
#11107 = ORIENTED_EDGE('',*,*,#11108,.T.);
#11108 = EDGE_CURVE('',#11038,#10832,#11109,.T.);
#11109 = SURFACE_CURVE('',#11110,(#11114,#11121),.PCURVE_S1.);
#11110 = LINE('',#11111,#11112);
#11111 = CARTESIAN_POINT('',(2.51,1.2,-2.E-02));
#11112 = VECTOR('',#11113,1.);
#11113 = DIRECTION('',(-3.627006610404E-15,1.,0.));
#11114 = PCURVE('',#10936,#11115);
#11115 = DEFINITIONAL_REPRESENTATION('',(#11116),#11120);
#11116 = LINE('',#11117,#11118);
#11117 = CARTESIAN_POINT('',(0.,-0.2));
#11118 = VECTOR('',#11119,1.);
#11119 = DIRECTION('',(-1.,0.));
#11120 = ( GEOMETRIC_REPRESENTATION_CONTEXT(2) 
PARAMETRIC_REPRESENTATION_CONTEXT() REPRESENTATION_CONTEXT('2D SPACE',''
  ) );
#11121 = PCURVE('',#10854,#11122);
#11122 = DEFINITIONAL_REPRESENTATION('',(#11123),#11127);
#11123 = LINE('',#11124,#11125);
#11124 = CARTESIAN_POINT('',(1.E-01,-0.3));
#11125 = VECTOR('',#11126,1.);
#11126 = DIRECTION('',(-1.,1.355252715607E-16));
#11127 = ( GEOMETRIC_REPRESENTATION_CONTEXT(2) 
PARAMETRIC_REPRESENTATION_CONTEXT() REPRESENTATION_CONTEXT('2D SPACE',''
  ) );
#11128 = ORIENTED_EDGE('',*,*,#10922,.F.);
#11129 = ORIENTED_EDGE('',*,*,#11130,.F.);
#11130 = EDGE_CURVE('',#11061,#10895,#11131,.T.);
#11131 = SURFACE_CURVE('',#11132,(#11136,#11143),.PCURVE_S1.);
#11132 = LINE('',#11133,#11134);
#11133 = CARTESIAN_POINT('',(2.51,1.2,0.18));
#11134 = VECTOR('',#11135,1.);
#11135 = DIRECTION('',(-3.627006610404E-15,1.,0.));
#11136 = PCURVE('',#10936,#11137);
#11137 = DEFINITIONAL_REPRESENTATION('',(#11138),#11142);
#11138 = LINE('',#11139,#11140);
#11139 = CARTESIAN_POINT('',(0.,0.));
#11140 = VECTOR('',#11141,1.);
#11141 = DIRECTION('',(-1.,0.));
#11142 = ( GEOMETRIC_REPRESENTATION_CONTEXT(2) 
PARAMETRIC_REPRESENTATION_CONTEXT() REPRESENTATION_CONTEXT('2D SPACE',''
  ) );
#11143 = PCURVE('',#10910,#11144);
#11144 = DEFINITIONAL_REPRESENTATION('',(#11145),#11149);
#11145 = LINE('',#11146,#11147);
#11146 = CARTESIAN_POINT('',(1.E-01,-0.3));
#11147 = VECTOR('',#11148,1.);
#11148 = DIRECTION('',(-1.,1.355252715607E-16));
#11149 = ( GEOMETRIC_REPRESENTATION_CONTEXT(2) 
PARAMETRIC_REPRESENTATION_CONTEXT() REPRESENTATION_CONTEXT('2D SPACE',''
  ) );
#11150 = ORIENTED_EDGE('',*,*,#11060,.T.);
#11151 = ADVANCED_FACE('',(#11152),#10910,.F.);
#11152 = FACE_BOUND('',#11153,.T.);
#11153 = EDGE_LOOP('',(#11154,#11155,#11156,#11157));
#11154 = ORIENTED_EDGE('',*,*,#10894,.T.);
#11155 = ORIENTED_EDGE('',*,*,#11007,.T.);
#11156 = ORIENTED_EDGE('',*,*,#11083,.T.);
#11157 = ORIENTED_EDGE('',*,*,#11130,.T.);
#11158 = ADVANCED_FACE('',(#11159),#10854,.T.);
#11159 = FACE_BOUND('',#11160,.T.);
#11160 = EDGE_LOOP('',(#11161,#11162,#11163,#11164));
#11161 = ORIENTED_EDGE('',*,*,#10831,.F.);
#11162 = ORIENTED_EDGE('',*,*,#11108,.F.);
#11163 = ORIENTED_EDGE('',*,*,#11037,.F.);
#11164 = ORIENTED_EDGE('',*,*,#10951,.F.);
#11165 = MANIFOLD_SOLID_BREP('',#11166);
#11166 = CLOSED_SHELL('',(#11167,#11287,#11373,#11444,#11491,#11498));
#11167 = ADVANCED_FACE('',(#11168),#11182,.F.);
#11168 = FACE_BOUND('',#11169,.T.);
#11169 = EDGE_LOOP('',(#11170,#11205,#11233,#11261));
#11170 = ORIENTED_EDGE('',*,*,#11171,.T.);
#11171 = EDGE_CURVE('',#11172,#11174,#11176,.T.);
#11172 = VERTEX_POINT('',#11173);
#11173 = CARTESIAN_POINT('',(-0.55,-2.51,-2.E-02));
#11174 = VERTEX_POINT('',#11175);
#11175 = CARTESIAN_POINT('',(-0.55,-2.21,-2.E-02));
#11176 = SURFACE_CURVE('',#11177,(#11181,#11193),.PCURVE_S1.);
#11177 = LINE('',#11178,#11179);
#11178 = CARTESIAN_POINT('',(-0.55,-2.21,-2.E-02));
#11179 = VECTOR('',#11180,1.);
#11180 = DIRECTION('',(9.035018104046E-17,1.,-0.));
#11181 = PCURVE('',#11182,#11187);
#11182 = PLANE('',#11183);
#11183 = AXIS2_PLACEMENT_3D('',#11184,#11185,#11186);
#11184 = CARTESIAN_POINT('',(-0.55,-2.21,0.18));
#11185 = DIRECTION('',(-1.,9.035018104046E-17,0.));
#11186 = DIRECTION('',(-9.035018104046E-17,-1.,0.));
#11187 = DEFINITIONAL_REPRESENTATION('',(#11188),#11192);
#11188 = LINE('',#11189,#11190);
#11189 = CARTESIAN_POINT('',(-0.,-0.2));
#11190 = VECTOR('',#11191,1.);
#11191 = DIRECTION('',(-1.,0.));
#11192 = ( GEOMETRIC_REPRESENTATION_CONTEXT(2) 
PARAMETRIC_REPRESENTATION_CONTEXT() REPRESENTATION_CONTEXT('2D SPACE',''
  ) );
#11193 = PCURVE('',#11194,#11199);
#11194 = PLANE('',#11195);
#11195 = AXIS2_PLACEMENT_3D('',#11196,#11197,#11198);
#11196 = CARTESIAN_POINT('',(-0.65,-2.21,-2.E-02));
#11197 = DIRECTION('',(-0.,0.,-1.));
#11198 = DIRECTION('',(-1.,0.,0.));
#11199 = DEFINITIONAL_REPRESENTATION('',(#11200),#11204);
#11200 = LINE('',#11201,#11202);
#11201 = CARTESIAN_POINT('',(-0.1,0.));
#11202 = VECTOR('',#11203,1.);
#11203 = DIRECTION('',(-9.035018104046E-17,1.));
#11204 = ( GEOMETRIC_REPRESENTATION_CONTEXT(2) 
PARAMETRIC_REPRESENTATION_CONTEXT() REPRESENTATION_CONTEXT('2D SPACE',''
  ) );
#11205 = ORIENTED_EDGE('',*,*,#11206,.F.);
#11206 = EDGE_CURVE('',#11207,#11174,#11209,.T.);
#11207 = VERTEX_POINT('',#11208);
#11208 = CARTESIAN_POINT('',(-0.55,-2.21,0.18));
#11209 = SURFACE_CURVE('',#11210,(#11214,#11221),.PCURVE_S1.);
#11210 = LINE('',#11211,#11212);
#11211 = CARTESIAN_POINT('',(-0.55,-2.21,0.18));
#11212 = VECTOR('',#11213,1.);
#11213 = DIRECTION('',(-0.,-0.,-1.));
#11214 = PCURVE('',#11182,#11215);
#11215 = DEFINITIONAL_REPRESENTATION('',(#11216),#11220);
#11216 = LINE('',#11217,#11218);
#11217 = CARTESIAN_POINT('',(0.,0.));
#11218 = VECTOR('',#11219,1.);
#11219 = DIRECTION('',(0.,-1.));
#11220 = ( GEOMETRIC_REPRESENTATION_CONTEXT(2) 
PARAMETRIC_REPRESENTATION_CONTEXT() REPRESENTATION_CONTEXT('2D SPACE',''
  ) );
#11221 = PCURVE('',#11222,#11227);
#11222 = CYLINDRICAL_SURFACE('',#11223,0.1);
#11223 = AXIS2_PLACEMENT_3D('',#11224,#11225,#11226);
#11224 = CARTESIAN_POINT('',(-0.65,-2.21,0.18));
#11225 = DIRECTION('',(-0.,-0.,-1.));
#11226 = DIRECTION('',(-1.,0.,0.));
#11227 = DEFINITIONAL_REPRESENTATION('',(#11228),#11232);
#11228 = LINE('',#11229,#11230);
#11229 = CARTESIAN_POINT('',(3.14159265359,0.));
#11230 = VECTOR('',#11231,1.);
#11231 = DIRECTION('',(0.,1.));
#11232 = ( GEOMETRIC_REPRESENTATION_CONTEXT(2) 
PARAMETRIC_REPRESENTATION_CONTEXT() REPRESENTATION_CONTEXT('2D SPACE',''
  ) );
#11233 = ORIENTED_EDGE('',*,*,#11234,.F.);
#11234 = EDGE_CURVE('',#11235,#11207,#11237,.T.);
#11235 = VERTEX_POINT('',#11236);
#11236 = CARTESIAN_POINT('',(-0.55,-2.51,0.18));
#11237 = SURFACE_CURVE('',#11238,(#11242,#11249),.PCURVE_S1.);
#11238 = LINE('',#11239,#11240);
#11239 = CARTESIAN_POINT('',(-0.55,-2.21,0.18));
#11240 = VECTOR('',#11241,1.);
#11241 = DIRECTION('',(9.035018104046E-17,1.,-0.));
#11242 = PCURVE('',#11182,#11243);
#11243 = DEFINITIONAL_REPRESENTATION('',(#11244),#11248);
#11244 = LINE('',#11245,#11246);
#11245 = CARTESIAN_POINT('',(0.,0.));
#11246 = VECTOR('',#11247,1.);
#11247 = DIRECTION('',(-1.,0.));
#11248 = ( GEOMETRIC_REPRESENTATION_CONTEXT(2) 
PARAMETRIC_REPRESENTATION_CONTEXT() REPRESENTATION_CONTEXT('2D SPACE',''
  ) );
#11249 = PCURVE('',#11250,#11255);
#11250 = PLANE('',#11251);
#11251 = AXIS2_PLACEMENT_3D('',#11252,#11253,#11254);
#11252 = CARTESIAN_POINT('',(-0.65,-2.21,0.18));
#11253 = DIRECTION('',(-0.,0.,-1.));
#11254 = DIRECTION('',(-1.,0.,0.));
#11255 = DEFINITIONAL_REPRESENTATION('',(#11256),#11260);
#11256 = LINE('',#11257,#11258);
#11257 = CARTESIAN_POINT('',(-0.1,0.));
#11258 = VECTOR('',#11259,1.);
#11259 = DIRECTION('',(-9.035018104046E-17,1.));
#11260 = ( GEOMETRIC_REPRESENTATION_CONTEXT(2) 
PARAMETRIC_REPRESENTATION_CONTEXT() REPRESENTATION_CONTEXT('2D SPACE',''
  ) );
#11261 = ORIENTED_EDGE('',*,*,#11262,.T.);
#11262 = EDGE_CURVE('',#11235,#11172,#11263,.T.);
#11263 = SURFACE_CURVE('',#11264,(#11268,#11275),.PCURVE_S1.);
#11264 = LINE('',#11265,#11266);
#11265 = CARTESIAN_POINT('',(-0.55,-2.51,0.18));
#11266 = VECTOR('',#11267,1.);
#11267 = DIRECTION('',(-0.,-0.,-1.));
#11268 = PCURVE('',#11182,#11269);
#11269 = DEFINITIONAL_REPRESENTATION('',(#11270),#11274);
#11270 = LINE('',#11271,#11272);
#11271 = CARTESIAN_POINT('',(0.3,0.));
#11272 = VECTOR('',#11273,1.);
#11273 = DIRECTION('',(0.,-1.));
#11274 = ( GEOMETRIC_REPRESENTATION_CONTEXT(2) 
PARAMETRIC_REPRESENTATION_CONTEXT() REPRESENTATION_CONTEXT('2D SPACE',''
  ) );
#11275 = PCURVE('',#11276,#11281);
#11276 = PLANE('',#11277);
#11277 = AXIS2_PLACEMENT_3D('',#11278,#11279,#11280);
#11278 = CARTESIAN_POINT('',(-0.75,-2.51,0.18));
#11279 = DIRECTION('',(-1.355252715607E-16,1.,0.));
#11280 = DIRECTION('',(-1.,-1.355252715607E-16,0.));
#11281 = DEFINITIONAL_REPRESENTATION('',(#11282),#11286);
#11282 = LINE('',#11283,#11284);
#11283 = CARTESIAN_POINT('',(-0.2,0.));
#11284 = VECTOR('',#11285,1.);
#11285 = DIRECTION('',(0.,-1.));
#11286 = ( GEOMETRIC_REPRESENTATION_CONTEXT(2) 
PARAMETRIC_REPRESENTATION_CONTEXT() REPRESENTATION_CONTEXT('2D SPACE',''
  ) );
#11287 = ADVANCED_FACE('',(#11288),#11222,.T.);
#11288 = FACE_BOUND('',#11289,.T.);
#11289 = EDGE_LOOP('',(#11290,#11318,#11346,#11372));
#11290 = ORIENTED_EDGE('',*,*,#11291,.T.);
#11291 = EDGE_CURVE('',#11174,#11292,#11294,.T.);
#11292 = VERTEX_POINT('',#11293);
#11293 = CARTESIAN_POINT('',(-0.75,-2.21,-2.E-02));
#11294 = SURFACE_CURVE('',#11295,(#11300,#11307),.PCURVE_S1.);
#11295 = CIRCLE('',#11296,0.1);
#11296 = AXIS2_PLACEMENT_3D('',#11297,#11298,#11299);
#11297 = CARTESIAN_POINT('',(-0.65,-2.21,-2.E-02));
#11298 = DIRECTION('',(0.,0.,1.));
#11299 = DIRECTION('',(-1.,0.,0.));
#11300 = PCURVE('',#11222,#11301);
#11301 = DEFINITIONAL_REPRESENTATION('',(#11302),#11306);
#11302 = LINE('',#11303,#11304);
#11303 = CARTESIAN_POINT('',(6.28318530718,0.2));
#11304 = VECTOR('',#11305,1.);
#11305 = DIRECTION('',(-1.,0.));
#11306 = ( GEOMETRIC_REPRESENTATION_CONTEXT(2) 
PARAMETRIC_REPRESENTATION_CONTEXT() REPRESENTATION_CONTEXT('2D SPACE',''
  ) );
#11307 = PCURVE('',#11194,#11308);
#11308 = DEFINITIONAL_REPRESENTATION('',(#11309),#11317);
#11309 = ( BOUNDED_CURVE() B_SPLINE_CURVE(2,(#11310,#11311,#11312,#11313
    ,#11314,#11315,#11316),.UNSPECIFIED.,.T.,.F.) 
B_SPLINE_CURVE_WITH_KNOTS((1,2,2,2,2,1),(-2.094395102393,0.,
    2.094395102393,4.188790204786,6.28318530718,8.377580409573),
.UNSPECIFIED.) CURVE() GEOMETRIC_REPRESENTATION_ITEM() 
RATIONAL_B_SPLINE_CURVE((1.,0.5,1.,0.5,1.,0.5,1.)) REPRESENTATION_ITEM(
  '') );
#11310 = CARTESIAN_POINT('',(0.1,0.));
#11311 = CARTESIAN_POINT('',(0.1,-0.173205080757));
#11312 = CARTESIAN_POINT('',(-5.E-02,-8.660254037844E-02));
#11313 = CARTESIAN_POINT('',(-0.2,-2.449293598295E-17));
#11314 = CARTESIAN_POINT('',(-5.E-02,8.660254037844E-02));
#11315 = CARTESIAN_POINT('',(1.E-01,0.173205080757));
#11316 = CARTESIAN_POINT('',(0.1,0.));
#11317 = ( GEOMETRIC_REPRESENTATION_CONTEXT(2) 
PARAMETRIC_REPRESENTATION_CONTEXT() REPRESENTATION_CONTEXT('2D SPACE',''
  ) );
#11318 = ORIENTED_EDGE('',*,*,#11319,.F.);
#11319 = EDGE_CURVE('',#11320,#11292,#11322,.T.);
#11320 = VERTEX_POINT('',#11321);
#11321 = CARTESIAN_POINT('',(-0.75,-2.21,0.18));
#11322 = SURFACE_CURVE('',#11323,(#11327,#11334),.PCURVE_S1.);
#11323 = LINE('',#11324,#11325);
#11324 = CARTESIAN_POINT('',(-0.75,-2.21,0.18));
#11325 = VECTOR('',#11326,1.);
#11326 = DIRECTION('',(-0.,-0.,-1.));
#11327 = PCURVE('',#11222,#11328);
#11328 = DEFINITIONAL_REPRESENTATION('',(#11329),#11333);
#11329 = LINE('',#11330,#11331);
#11330 = CARTESIAN_POINT('',(0.,0.));
#11331 = VECTOR('',#11332,1.);
#11332 = DIRECTION('',(0.,1.));
#11333 = ( GEOMETRIC_REPRESENTATION_CONTEXT(2) 
PARAMETRIC_REPRESENTATION_CONTEXT() REPRESENTATION_CONTEXT('2D SPACE',''
  ) );
#11334 = PCURVE('',#11335,#11340);
#11335 = PLANE('',#11336);
#11336 = AXIS2_PLACEMENT_3D('',#11337,#11338,#11339);
#11337 = CARTESIAN_POINT('',(-0.75,-2.21,0.18));
#11338 = DIRECTION('',(1.,3.614007241618E-16,-0.));
#11339 = DIRECTION('',(-3.614007241618E-16,1.,0.));
#11340 = DEFINITIONAL_REPRESENTATION('',(#11341),#11345);
#11341 = LINE('',#11342,#11343);
#11342 = CARTESIAN_POINT('',(0.,0.));
#11343 = VECTOR('',#11344,1.);
#11344 = DIRECTION('',(0.,-1.));
#11345 = ( GEOMETRIC_REPRESENTATION_CONTEXT(2) 
PARAMETRIC_REPRESENTATION_CONTEXT() REPRESENTATION_CONTEXT('2D SPACE',''
  ) );
#11346 = ORIENTED_EDGE('',*,*,#11347,.F.);
#11347 = EDGE_CURVE('',#11207,#11320,#11348,.T.);
#11348 = SURFACE_CURVE('',#11349,(#11354,#11361),.PCURVE_S1.);
#11349 = CIRCLE('',#11350,0.1);
#11350 = AXIS2_PLACEMENT_3D('',#11351,#11352,#11353);
#11351 = CARTESIAN_POINT('',(-0.65,-2.21,0.18));
#11352 = DIRECTION('',(0.,0.,1.));
#11353 = DIRECTION('',(-1.,0.,0.));
#11354 = PCURVE('',#11222,#11355);
#11355 = DEFINITIONAL_REPRESENTATION('',(#11356),#11360);
#11356 = LINE('',#11357,#11358);
#11357 = CARTESIAN_POINT('',(6.28318530718,0.));
#11358 = VECTOR('',#11359,1.);
#11359 = DIRECTION('',(-1.,0.));
#11360 = ( GEOMETRIC_REPRESENTATION_CONTEXT(2) 
PARAMETRIC_REPRESENTATION_CONTEXT() REPRESENTATION_CONTEXT('2D SPACE',''
  ) );
#11361 = PCURVE('',#11250,#11362);
#11362 = DEFINITIONAL_REPRESENTATION('',(#11363),#11371);
#11363 = ( BOUNDED_CURVE() B_SPLINE_CURVE(2,(#11364,#11365,#11366,#11367
    ,#11368,#11369,#11370),.UNSPECIFIED.,.T.,.F.) 
B_SPLINE_CURVE_WITH_KNOTS((1,2,2,2,2,1),(-2.094395102393,0.,
    2.094395102393,4.188790204786,6.28318530718,8.377580409573),
.UNSPECIFIED.) CURVE() GEOMETRIC_REPRESENTATION_ITEM() 
RATIONAL_B_SPLINE_CURVE((1.,0.5,1.,0.5,1.,0.5,1.)) REPRESENTATION_ITEM(
  '') );
#11364 = CARTESIAN_POINT('',(0.1,0.));
#11365 = CARTESIAN_POINT('',(0.1,-0.173205080757));
#11366 = CARTESIAN_POINT('',(-5.E-02,-8.660254037844E-02));
#11367 = CARTESIAN_POINT('',(-0.2,-2.449293598295E-17));
#11368 = CARTESIAN_POINT('',(-5.E-02,8.660254037844E-02));
#11369 = CARTESIAN_POINT('',(1.E-01,0.173205080757));
#11370 = CARTESIAN_POINT('',(0.1,0.));
#11371 = ( GEOMETRIC_REPRESENTATION_CONTEXT(2) 
PARAMETRIC_REPRESENTATION_CONTEXT() REPRESENTATION_CONTEXT('2D SPACE',''
  ) );
#11372 = ORIENTED_EDGE('',*,*,#11206,.T.);
#11373 = ADVANCED_FACE('',(#11374),#11335,.F.);
#11374 = FACE_BOUND('',#11375,.T.);
#11375 = EDGE_LOOP('',(#11376,#11399,#11422,#11443));
#11376 = ORIENTED_EDGE('',*,*,#11377,.T.);
#11377 = EDGE_CURVE('',#11292,#11378,#11380,.T.);
#11378 = VERTEX_POINT('',#11379);
#11379 = CARTESIAN_POINT('',(-0.75,-2.51,-2.E-02));
#11380 = SURFACE_CURVE('',#11381,(#11385,#11392),.PCURVE_S1.);
#11381 = LINE('',#11382,#11383);
#11382 = CARTESIAN_POINT('',(-0.75,-2.21,-2.E-02));
#11383 = VECTOR('',#11384,1.);
#11384 = DIRECTION('',(3.614007241618E-16,-1.,0.));
#11385 = PCURVE('',#11335,#11386);
#11386 = DEFINITIONAL_REPRESENTATION('',(#11387),#11391);
#11387 = LINE('',#11388,#11389);
#11388 = CARTESIAN_POINT('',(0.,-0.2));
#11389 = VECTOR('',#11390,1.);
#11390 = DIRECTION('',(-1.,0.));
#11391 = ( GEOMETRIC_REPRESENTATION_CONTEXT(2) 
PARAMETRIC_REPRESENTATION_CONTEXT() REPRESENTATION_CONTEXT('2D SPACE',''
  ) );
#11392 = PCURVE('',#11194,#11393);
#11393 = DEFINITIONAL_REPRESENTATION('',(#11394),#11398);
#11394 = LINE('',#11395,#11396);
#11395 = CARTESIAN_POINT('',(1.E-01,0.));
#11396 = VECTOR('',#11397,1.);
#11397 = DIRECTION('',(-3.614007241618E-16,-1.));
#11398 = ( GEOMETRIC_REPRESENTATION_CONTEXT(2) 
PARAMETRIC_REPRESENTATION_CONTEXT() REPRESENTATION_CONTEXT('2D SPACE',''
  ) );
#11399 = ORIENTED_EDGE('',*,*,#11400,.F.);
#11400 = EDGE_CURVE('',#11401,#11378,#11403,.T.);
#11401 = VERTEX_POINT('',#11402);
#11402 = CARTESIAN_POINT('',(-0.75,-2.51,0.18));
#11403 = SURFACE_CURVE('',#11404,(#11408,#11415),.PCURVE_S1.);
#11404 = LINE('',#11405,#11406);
#11405 = CARTESIAN_POINT('',(-0.75,-2.51,0.18));
#11406 = VECTOR('',#11407,1.);
#11407 = DIRECTION('',(-0.,-0.,-1.));
#11408 = PCURVE('',#11335,#11409);
#11409 = DEFINITIONAL_REPRESENTATION('',(#11410),#11414);
#11410 = LINE('',#11411,#11412);
#11411 = CARTESIAN_POINT('',(-0.3,0.));
#11412 = VECTOR('',#11413,1.);
#11413 = DIRECTION('',(0.,-1.));
#11414 = ( GEOMETRIC_REPRESENTATION_CONTEXT(2) 
PARAMETRIC_REPRESENTATION_CONTEXT() REPRESENTATION_CONTEXT('2D SPACE',''
  ) );
#11415 = PCURVE('',#11276,#11416);
#11416 = DEFINITIONAL_REPRESENTATION('',(#11417),#11421);
#11417 = LINE('',#11418,#11419);
#11418 = CARTESIAN_POINT('',(0.,0.));
#11419 = VECTOR('',#11420,1.);
#11420 = DIRECTION('',(0.,-1.));
#11421 = ( GEOMETRIC_REPRESENTATION_CONTEXT(2) 
PARAMETRIC_REPRESENTATION_CONTEXT() REPRESENTATION_CONTEXT('2D SPACE',''
  ) );
#11422 = ORIENTED_EDGE('',*,*,#11423,.F.);
#11423 = EDGE_CURVE('',#11320,#11401,#11424,.T.);
#11424 = SURFACE_CURVE('',#11425,(#11429,#11436),.PCURVE_S1.);
#11425 = LINE('',#11426,#11427);
#11426 = CARTESIAN_POINT('',(-0.75,-2.21,0.18));
#11427 = VECTOR('',#11428,1.);
#11428 = DIRECTION('',(3.614007241618E-16,-1.,0.));
#11429 = PCURVE('',#11335,#11430);
#11430 = DEFINITIONAL_REPRESENTATION('',(#11431),#11435);
#11431 = LINE('',#11432,#11433);
#11432 = CARTESIAN_POINT('',(0.,0.));
#11433 = VECTOR('',#11434,1.);
#11434 = DIRECTION('',(-1.,0.));
#11435 = ( GEOMETRIC_REPRESENTATION_CONTEXT(2) 
PARAMETRIC_REPRESENTATION_CONTEXT() REPRESENTATION_CONTEXT('2D SPACE',''
  ) );
#11436 = PCURVE('',#11250,#11437);
#11437 = DEFINITIONAL_REPRESENTATION('',(#11438),#11442);
#11438 = LINE('',#11439,#11440);
#11439 = CARTESIAN_POINT('',(1.E-01,0.));
#11440 = VECTOR('',#11441,1.);
#11441 = DIRECTION('',(-3.614007241618E-16,-1.));
#11442 = ( GEOMETRIC_REPRESENTATION_CONTEXT(2) 
PARAMETRIC_REPRESENTATION_CONTEXT() REPRESENTATION_CONTEXT('2D SPACE',''
  ) );
#11443 = ORIENTED_EDGE('',*,*,#11319,.T.);
#11444 = ADVANCED_FACE('',(#11445),#11276,.F.);
#11445 = FACE_BOUND('',#11446,.T.);
#11446 = EDGE_LOOP('',(#11447,#11468,#11469,#11490));
#11447 = ORIENTED_EDGE('',*,*,#11448,.T.);
#11448 = EDGE_CURVE('',#11378,#11172,#11449,.T.);
#11449 = SURFACE_CURVE('',#11450,(#11454,#11461),.PCURVE_S1.);
#11450 = LINE('',#11451,#11452);
#11451 = CARTESIAN_POINT('',(-0.75,-2.51,-2.E-02));
#11452 = VECTOR('',#11453,1.);
#11453 = DIRECTION('',(1.,1.355252715607E-16,0.));
#11454 = PCURVE('',#11276,#11455);
#11455 = DEFINITIONAL_REPRESENTATION('',(#11456),#11460);
#11456 = LINE('',#11457,#11458);
#11457 = CARTESIAN_POINT('',(-0.,-0.2));
#11458 = VECTOR('',#11459,1.);
#11459 = DIRECTION('',(-1.,0.));
#11460 = ( GEOMETRIC_REPRESENTATION_CONTEXT(2) 
PARAMETRIC_REPRESENTATION_CONTEXT() REPRESENTATION_CONTEXT('2D SPACE',''
  ) );
#11461 = PCURVE('',#11194,#11462);
#11462 = DEFINITIONAL_REPRESENTATION('',(#11463),#11467);
#11463 = LINE('',#11464,#11465);
#11464 = CARTESIAN_POINT('',(1.E-01,-0.3));
#11465 = VECTOR('',#11466,1.);
#11466 = DIRECTION('',(-1.,1.355252715607E-16));
#11467 = ( GEOMETRIC_REPRESENTATION_CONTEXT(2) 
PARAMETRIC_REPRESENTATION_CONTEXT() REPRESENTATION_CONTEXT('2D SPACE',''
  ) );
#11468 = ORIENTED_EDGE('',*,*,#11262,.F.);
#11469 = ORIENTED_EDGE('',*,*,#11470,.F.);
#11470 = EDGE_CURVE('',#11401,#11235,#11471,.T.);
#11471 = SURFACE_CURVE('',#11472,(#11476,#11483),.PCURVE_S1.);
#11472 = LINE('',#11473,#11474);
#11473 = CARTESIAN_POINT('',(-0.75,-2.51,0.18));
#11474 = VECTOR('',#11475,1.);
#11475 = DIRECTION('',(1.,1.355252715607E-16,0.));
#11476 = PCURVE('',#11276,#11477);
#11477 = DEFINITIONAL_REPRESENTATION('',(#11478),#11482);
#11478 = LINE('',#11479,#11480);
#11479 = CARTESIAN_POINT('',(0.,0.));
#11480 = VECTOR('',#11481,1.);
#11481 = DIRECTION('',(-1.,0.));
#11482 = ( GEOMETRIC_REPRESENTATION_CONTEXT(2) 
PARAMETRIC_REPRESENTATION_CONTEXT() REPRESENTATION_CONTEXT('2D SPACE',''
  ) );
#11483 = PCURVE('',#11250,#11484);
#11484 = DEFINITIONAL_REPRESENTATION('',(#11485),#11489);
#11485 = LINE('',#11486,#11487);
#11486 = CARTESIAN_POINT('',(1.E-01,-0.3));
#11487 = VECTOR('',#11488,1.);
#11488 = DIRECTION('',(-1.,1.355252715607E-16));
#11489 = ( GEOMETRIC_REPRESENTATION_CONTEXT(2) 
PARAMETRIC_REPRESENTATION_CONTEXT() REPRESENTATION_CONTEXT('2D SPACE',''
  ) );
#11490 = ORIENTED_EDGE('',*,*,#11400,.T.);
#11491 = ADVANCED_FACE('',(#11492),#11250,.F.);
#11492 = FACE_BOUND('',#11493,.T.);
#11493 = EDGE_LOOP('',(#11494,#11495,#11496,#11497));
#11494 = ORIENTED_EDGE('',*,*,#11234,.T.);
#11495 = ORIENTED_EDGE('',*,*,#11347,.T.);
#11496 = ORIENTED_EDGE('',*,*,#11423,.T.);
#11497 = ORIENTED_EDGE('',*,*,#11470,.T.);
#11498 = ADVANCED_FACE('',(#11499),#11194,.T.);
#11499 = FACE_BOUND('',#11500,.T.);
#11500 = EDGE_LOOP('',(#11501,#11502,#11503,#11504));
#11501 = ORIENTED_EDGE('',*,*,#11171,.F.);
#11502 = ORIENTED_EDGE('',*,*,#11448,.F.);
#11503 = ORIENTED_EDGE('',*,*,#11377,.F.);
#11504 = ORIENTED_EDGE('',*,*,#11291,.F.);
#11505 = MANIFOLD_SOLID_BREP('',#11506);
#11506 = CLOSED_SHELL('',(#11507,#11627,#11713,#11784,#11831,#11838));
#11507 = ADVANCED_FACE('',(#11508),#11522,.F.);
#11508 = FACE_BOUND('',#11509,.T.);
#11509 = EDGE_LOOP('',(#11510,#11545,#11573,#11601));
#11510 = ORIENTED_EDGE('',*,*,#11511,.T.);
#11511 = EDGE_CURVE('',#11512,#11514,#11516,.T.);
#11512 = VERTEX_POINT('',#11513);
#11513 = CARTESIAN_POINT('',(0.1,-2.51,-2.E-02));
#11514 = VERTEX_POINT('',#11515);
#11515 = CARTESIAN_POINT('',(0.1,-2.21,-2.E-02));
#11516 = SURFACE_CURVE('',#11517,(#11521,#11533),.PCURVE_S1.);
#11517 = LINE('',#11518,#11519);
#11518 = CARTESIAN_POINT('',(0.1,-2.21,-2.E-02));
#11519 = VECTOR('',#11520,1.);
#11520 = DIRECTION('',(9.035018104046E-17,1.,-0.));
#11521 = PCURVE('',#11522,#11527);
#11522 = PLANE('',#11523);
#11523 = AXIS2_PLACEMENT_3D('',#11524,#11525,#11526);
#11524 = CARTESIAN_POINT('',(0.1,-2.21,0.18));
#11525 = DIRECTION('',(-1.,9.035018104046E-17,0.));
#11526 = DIRECTION('',(-9.035018104046E-17,-1.,0.));
#11527 = DEFINITIONAL_REPRESENTATION('',(#11528),#11532);
#11528 = LINE('',#11529,#11530);
#11529 = CARTESIAN_POINT('',(-0.,-0.2));
#11530 = VECTOR('',#11531,1.);
#11531 = DIRECTION('',(-1.,0.));
#11532 = ( GEOMETRIC_REPRESENTATION_CONTEXT(2) 
PARAMETRIC_REPRESENTATION_CONTEXT() REPRESENTATION_CONTEXT('2D SPACE',''
  ) );
#11533 = PCURVE('',#11534,#11539);
#11534 = PLANE('',#11535);
#11535 = AXIS2_PLACEMENT_3D('',#11536,#11537,#11538);
#11536 = CARTESIAN_POINT('',(4.459273369857E-16,-2.21,-2.E-02));
#11537 = DIRECTION('',(-0.,0.,-1.));
#11538 = DIRECTION('',(-1.,0.,0.));
#11539 = DEFINITIONAL_REPRESENTATION('',(#11540),#11544);
#11540 = LINE('',#11541,#11542);
#11541 = CARTESIAN_POINT('',(-0.1,0.));
#11542 = VECTOR('',#11543,1.);
#11543 = DIRECTION('',(-9.035018104046E-17,1.));
#11544 = ( GEOMETRIC_REPRESENTATION_CONTEXT(2) 
PARAMETRIC_REPRESENTATION_CONTEXT() REPRESENTATION_CONTEXT('2D SPACE',''
  ) );
#11545 = ORIENTED_EDGE('',*,*,#11546,.F.);
#11546 = EDGE_CURVE('',#11547,#11514,#11549,.T.);
#11547 = VERTEX_POINT('',#11548);
#11548 = CARTESIAN_POINT('',(0.1,-2.21,0.18));
#11549 = SURFACE_CURVE('',#11550,(#11554,#11561),.PCURVE_S1.);
#11550 = LINE('',#11551,#11552);
#11551 = CARTESIAN_POINT('',(0.1,-2.21,0.18));
#11552 = VECTOR('',#11553,1.);
#11553 = DIRECTION('',(-0.,-0.,-1.));
#11554 = PCURVE('',#11522,#11555);
#11555 = DEFINITIONAL_REPRESENTATION('',(#11556),#11560);
#11556 = LINE('',#11557,#11558);
#11557 = CARTESIAN_POINT('',(0.,0.));
#11558 = VECTOR('',#11559,1.);
#11559 = DIRECTION('',(0.,-1.));
#11560 = ( GEOMETRIC_REPRESENTATION_CONTEXT(2) 
PARAMETRIC_REPRESENTATION_CONTEXT() REPRESENTATION_CONTEXT('2D SPACE',''
  ) );
#11561 = PCURVE('',#11562,#11567);
#11562 = CYLINDRICAL_SURFACE('',#11563,0.1);
#11563 = AXIS2_PLACEMENT_3D('',#11564,#11565,#11566);
#11564 = CARTESIAN_POINT('',(4.459273369857E-16,-2.21,0.18));
#11565 = DIRECTION('',(-0.,-0.,-1.));
#11566 = DIRECTION('',(-1.,0.,0.));
#11567 = DEFINITIONAL_REPRESENTATION('',(#11568),#11572);
#11568 = LINE('',#11569,#11570);
#11569 = CARTESIAN_POINT('',(3.14159265359,0.));
#11570 = VECTOR('',#11571,1.);
#11571 = DIRECTION('',(0.,1.));
#11572 = ( GEOMETRIC_REPRESENTATION_CONTEXT(2) 
PARAMETRIC_REPRESENTATION_CONTEXT() REPRESENTATION_CONTEXT('2D SPACE',''
  ) );
#11573 = ORIENTED_EDGE('',*,*,#11574,.F.);
#11574 = EDGE_CURVE('',#11575,#11547,#11577,.T.);
#11575 = VERTEX_POINT('',#11576);
#11576 = CARTESIAN_POINT('',(0.1,-2.51,0.18));
#11577 = SURFACE_CURVE('',#11578,(#11582,#11589),.PCURVE_S1.);
#11578 = LINE('',#11579,#11580);
#11579 = CARTESIAN_POINT('',(0.1,-2.21,0.18));
#11580 = VECTOR('',#11581,1.);
#11581 = DIRECTION('',(9.035018104046E-17,1.,-0.));
#11582 = PCURVE('',#11522,#11583);
#11583 = DEFINITIONAL_REPRESENTATION('',(#11584),#11588);
#11584 = LINE('',#11585,#11586);
#11585 = CARTESIAN_POINT('',(0.,0.));
#11586 = VECTOR('',#11587,1.);
#11587 = DIRECTION('',(-1.,0.));
#11588 = ( GEOMETRIC_REPRESENTATION_CONTEXT(2) 
PARAMETRIC_REPRESENTATION_CONTEXT() REPRESENTATION_CONTEXT('2D SPACE',''
  ) );
#11589 = PCURVE('',#11590,#11595);
#11590 = PLANE('',#11591);
#11591 = AXIS2_PLACEMENT_3D('',#11592,#11593,#11594);
#11592 = CARTESIAN_POINT('',(4.459273369857E-16,-2.21,0.18));
#11593 = DIRECTION('',(-0.,0.,-1.));
#11594 = DIRECTION('',(-1.,0.,0.));
#11595 = DEFINITIONAL_REPRESENTATION('',(#11596),#11600);
#11596 = LINE('',#11597,#11598);
#11597 = CARTESIAN_POINT('',(-0.1,0.));
#11598 = VECTOR('',#11599,1.);
#11599 = DIRECTION('',(-9.035018104046E-17,1.));
#11600 = ( GEOMETRIC_REPRESENTATION_CONTEXT(2) 
PARAMETRIC_REPRESENTATION_CONTEXT() REPRESENTATION_CONTEXT('2D SPACE',''
  ) );
#11601 = ORIENTED_EDGE('',*,*,#11602,.T.);
#11602 = EDGE_CURVE('',#11575,#11512,#11603,.T.);
#11603 = SURFACE_CURVE('',#11604,(#11608,#11615),.PCURVE_S1.);
#11604 = LINE('',#11605,#11606);
#11605 = CARTESIAN_POINT('',(0.1,-2.51,0.18));
#11606 = VECTOR('',#11607,1.);
#11607 = DIRECTION('',(-0.,-0.,-1.));
#11608 = PCURVE('',#11522,#11609);
#11609 = DEFINITIONAL_REPRESENTATION('',(#11610),#11614);
#11610 = LINE('',#11611,#11612);
#11611 = CARTESIAN_POINT('',(0.3,0.));
#11612 = VECTOR('',#11613,1.);
#11613 = DIRECTION('',(0.,-1.));
#11614 = ( GEOMETRIC_REPRESENTATION_CONTEXT(2) 
PARAMETRIC_REPRESENTATION_CONTEXT() REPRESENTATION_CONTEXT('2D SPACE',''
  ) );
#11615 = PCURVE('',#11616,#11621);
#11616 = PLANE('',#11617);
#11617 = AXIS2_PLACEMENT_3D('',#11618,#11619,#11620);
#11618 = CARTESIAN_POINT('',(-1.E-01,-2.51,0.18));
#11619 = DIRECTION('',(-1.355252715607E-16,1.,0.));
#11620 = DIRECTION('',(-1.,-1.355252715607E-16,0.));
#11621 = DEFINITIONAL_REPRESENTATION('',(#11622),#11626);
#11622 = LINE('',#11623,#11624);
#11623 = CARTESIAN_POINT('',(-0.2,0.));
#11624 = VECTOR('',#11625,1.);
#11625 = DIRECTION('',(0.,-1.));
#11626 = ( GEOMETRIC_REPRESENTATION_CONTEXT(2) 
PARAMETRIC_REPRESENTATION_CONTEXT() REPRESENTATION_CONTEXT('2D SPACE',''
  ) );
#11627 = ADVANCED_FACE('',(#11628),#11562,.T.);
#11628 = FACE_BOUND('',#11629,.T.);
#11629 = EDGE_LOOP('',(#11630,#11658,#11686,#11712));
#11630 = ORIENTED_EDGE('',*,*,#11631,.T.);
#11631 = EDGE_CURVE('',#11514,#11632,#11634,.T.);
#11632 = VERTEX_POINT('',#11633);
#11633 = CARTESIAN_POINT('',(-1.E-01,-2.21,-2.E-02));
#11634 = SURFACE_CURVE('',#11635,(#11640,#11647),.PCURVE_S1.);
#11635 = CIRCLE('',#11636,0.1);
#11636 = AXIS2_PLACEMENT_3D('',#11637,#11638,#11639);
#11637 = CARTESIAN_POINT('',(4.459273369857E-16,-2.21,-2.E-02));
#11638 = DIRECTION('',(0.,0.,1.));
#11639 = DIRECTION('',(-1.,0.,0.));
#11640 = PCURVE('',#11562,#11641);
#11641 = DEFINITIONAL_REPRESENTATION('',(#11642),#11646);
#11642 = LINE('',#11643,#11644);
#11643 = CARTESIAN_POINT('',(6.28318530718,0.2));
#11644 = VECTOR('',#11645,1.);
#11645 = DIRECTION('',(-1.,0.));
#11646 = ( GEOMETRIC_REPRESENTATION_CONTEXT(2) 
PARAMETRIC_REPRESENTATION_CONTEXT() REPRESENTATION_CONTEXT('2D SPACE',''
  ) );
#11647 = PCURVE('',#11534,#11648);
#11648 = DEFINITIONAL_REPRESENTATION('',(#11649),#11657);
#11649 = ( BOUNDED_CURVE() B_SPLINE_CURVE(2,(#11650,#11651,#11652,#11653
    ,#11654,#11655,#11656),.UNSPECIFIED.,.T.,.F.) 
B_SPLINE_CURVE_WITH_KNOTS((1,2,2,2,2,1),(-2.094395102393,0.,
    2.094395102393,4.188790204786,6.28318530718,8.377580409573),
.UNSPECIFIED.) CURVE() GEOMETRIC_REPRESENTATION_ITEM() 
RATIONAL_B_SPLINE_CURVE((1.,0.5,1.,0.5,1.,0.5,1.)) REPRESENTATION_ITEM(
  '') );
#11650 = CARTESIAN_POINT('',(0.1,0.));
#11651 = CARTESIAN_POINT('',(0.1,-0.173205080757));
#11652 = CARTESIAN_POINT('',(-5.E-02,-8.660254037844E-02));
#11653 = CARTESIAN_POINT('',(-0.2,-2.449293598295E-17));
#11654 = CARTESIAN_POINT('',(-5.E-02,8.660254037844E-02));
#11655 = CARTESIAN_POINT('',(1.E-01,0.173205080757));
#11656 = CARTESIAN_POINT('',(0.1,0.));
#11657 = ( GEOMETRIC_REPRESENTATION_CONTEXT(2) 
PARAMETRIC_REPRESENTATION_CONTEXT() REPRESENTATION_CONTEXT('2D SPACE',''
  ) );
#11658 = ORIENTED_EDGE('',*,*,#11659,.F.);
#11659 = EDGE_CURVE('',#11660,#11632,#11662,.T.);
#11660 = VERTEX_POINT('',#11661);
#11661 = CARTESIAN_POINT('',(-1.E-01,-2.21,0.18));
#11662 = SURFACE_CURVE('',#11663,(#11667,#11674),.PCURVE_S1.);
#11663 = LINE('',#11664,#11665);
#11664 = CARTESIAN_POINT('',(-1.E-01,-2.21,0.18));
#11665 = VECTOR('',#11666,1.);
#11666 = DIRECTION('',(-0.,-0.,-1.));
#11667 = PCURVE('',#11562,#11668);
#11668 = DEFINITIONAL_REPRESENTATION('',(#11669),#11673);
#11669 = LINE('',#11670,#11671);
#11670 = CARTESIAN_POINT('',(0.,0.));
#11671 = VECTOR('',#11672,1.);
#11672 = DIRECTION('',(0.,1.));
#11673 = ( GEOMETRIC_REPRESENTATION_CONTEXT(2) 
PARAMETRIC_REPRESENTATION_CONTEXT() REPRESENTATION_CONTEXT('2D SPACE',''
  ) );
#11674 = PCURVE('',#11675,#11680);
#11675 = PLANE('',#11676);
#11676 = AXIS2_PLACEMENT_3D('',#11677,#11678,#11679);
#11677 = CARTESIAN_POINT('',(-1.E-01,-2.21,0.18));
#11678 = DIRECTION('',(1.,3.614007241618E-16,-0.));
#11679 = DIRECTION('',(-3.614007241618E-16,1.,0.));
#11680 = DEFINITIONAL_REPRESENTATION('',(#11681),#11685);
#11681 = LINE('',#11682,#11683);
#11682 = CARTESIAN_POINT('',(0.,0.));
#11683 = VECTOR('',#11684,1.);
#11684 = DIRECTION('',(0.,-1.));
#11685 = ( GEOMETRIC_REPRESENTATION_CONTEXT(2) 
PARAMETRIC_REPRESENTATION_CONTEXT() REPRESENTATION_CONTEXT('2D SPACE',''
  ) );
#11686 = ORIENTED_EDGE('',*,*,#11687,.F.);
#11687 = EDGE_CURVE('',#11547,#11660,#11688,.T.);
#11688 = SURFACE_CURVE('',#11689,(#11694,#11701),.PCURVE_S1.);
#11689 = CIRCLE('',#11690,0.1);
#11690 = AXIS2_PLACEMENT_3D('',#11691,#11692,#11693);
#11691 = CARTESIAN_POINT('',(4.459273369857E-16,-2.21,0.18));
#11692 = DIRECTION('',(0.,0.,1.));
#11693 = DIRECTION('',(-1.,0.,0.));
#11694 = PCURVE('',#11562,#11695);
#11695 = DEFINITIONAL_REPRESENTATION('',(#11696),#11700);
#11696 = LINE('',#11697,#11698);
#11697 = CARTESIAN_POINT('',(6.28318530718,0.));
#11698 = VECTOR('',#11699,1.);
#11699 = DIRECTION('',(-1.,0.));
#11700 = ( GEOMETRIC_REPRESENTATION_CONTEXT(2) 
PARAMETRIC_REPRESENTATION_CONTEXT() REPRESENTATION_CONTEXT('2D SPACE',''
  ) );
#11701 = PCURVE('',#11590,#11702);
#11702 = DEFINITIONAL_REPRESENTATION('',(#11703),#11711);
#11703 = ( BOUNDED_CURVE() B_SPLINE_CURVE(2,(#11704,#11705,#11706,#11707
    ,#11708,#11709,#11710),.UNSPECIFIED.,.T.,.F.) 
B_SPLINE_CURVE_WITH_KNOTS((1,2,2,2,2,1),(-2.094395102393,0.,
    2.094395102393,4.188790204786,6.28318530718,8.377580409573),
.UNSPECIFIED.) CURVE() GEOMETRIC_REPRESENTATION_ITEM() 
RATIONAL_B_SPLINE_CURVE((1.,0.5,1.,0.5,1.,0.5,1.)) REPRESENTATION_ITEM(
  '') );
#11704 = CARTESIAN_POINT('',(0.1,0.));
#11705 = CARTESIAN_POINT('',(0.1,-0.173205080757));
#11706 = CARTESIAN_POINT('',(-5.E-02,-8.660254037844E-02));
#11707 = CARTESIAN_POINT('',(-0.2,-2.449293598295E-17));
#11708 = CARTESIAN_POINT('',(-5.E-02,8.660254037844E-02));
#11709 = CARTESIAN_POINT('',(1.E-01,0.173205080757));
#11710 = CARTESIAN_POINT('',(0.1,0.));
#11711 = ( GEOMETRIC_REPRESENTATION_CONTEXT(2) 
PARAMETRIC_REPRESENTATION_CONTEXT() REPRESENTATION_CONTEXT('2D SPACE',''
  ) );
#11712 = ORIENTED_EDGE('',*,*,#11546,.T.);
#11713 = ADVANCED_FACE('',(#11714),#11675,.F.);
#11714 = FACE_BOUND('',#11715,.T.);
#11715 = EDGE_LOOP('',(#11716,#11739,#11762,#11783));
#11716 = ORIENTED_EDGE('',*,*,#11717,.T.);
#11717 = EDGE_CURVE('',#11632,#11718,#11720,.T.);
#11718 = VERTEX_POINT('',#11719);
#11719 = CARTESIAN_POINT('',(-1.E-01,-2.51,-2.E-02));
#11720 = SURFACE_CURVE('',#11721,(#11725,#11732),.PCURVE_S1.);
#11721 = LINE('',#11722,#11723);
#11722 = CARTESIAN_POINT('',(-1.E-01,-2.21,-2.E-02));
#11723 = VECTOR('',#11724,1.);
#11724 = DIRECTION('',(3.614007241618E-16,-1.,0.));
#11725 = PCURVE('',#11675,#11726);
#11726 = DEFINITIONAL_REPRESENTATION('',(#11727),#11731);
#11727 = LINE('',#11728,#11729);
#11728 = CARTESIAN_POINT('',(0.,-0.2));
#11729 = VECTOR('',#11730,1.);
#11730 = DIRECTION('',(-1.,0.));
#11731 = ( GEOMETRIC_REPRESENTATION_CONTEXT(2) 
PARAMETRIC_REPRESENTATION_CONTEXT() REPRESENTATION_CONTEXT('2D SPACE',''
  ) );
#11732 = PCURVE('',#11534,#11733);
#11733 = DEFINITIONAL_REPRESENTATION('',(#11734),#11738);
#11734 = LINE('',#11735,#11736);
#11735 = CARTESIAN_POINT('',(0.1,0.));
#11736 = VECTOR('',#11737,1.);
#11737 = DIRECTION('',(-3.614007241618E-16,-1.));
#11738 = ( GEOMETRIC_REPRESENTATION_CONTEXT(2) 
PARAMETRIC_REPRESENTATION_CONTEXT() REPRESENTATION_CONTEXT('2D SPACE',''
  ) );
#11739 = ORIENTED_EDGE('',*,*,#11740,.F.);
#11740 = EDGE_CURVE('',#11741,#11718,#11743,.T.);
#11741 = VERTEX_POINT('',#11742);
#11742 = CARTESIAN_POINT('',(-1.E-01,-2.51,0.18));
#11743 = SURFACE_CURVE('',#11744,(#11748,#11755),.PCURVE_S1.);
#11744 = LINE('',#11745,#11746);
#11745 = CARTESIAN_POINT('',(-1.E-01,-2.51,0.18));
#11746 = VECTOR('',#11747,1.);
#11747 = DIRECTION('',(-0.,-0.,-1.));
#11748 = PCURVE('',#11675,#11749);
#11749 = DEFINITIONAL_REPRESENTATION('',(#11750),#11754);
#11750 = LINE('',#11751,#11752);
#11751 = CARTESIAN_POINT('',(-0.3,0.));
#11752 = VECTOR('',#11753,1.);
#11753 = DIRECTION('',(0.,-1.));
#11754 = ( GEOMETRIC_REPRESENTATION_CONTEXT(2) 
PARAMETRIC_REPRESENTATION_CONTEXT() REPRESENTATION_CONTEXT('2D SPACE',''
  ) );
#11755 = PCURVE('',#11616,#11756);
#11756 = DEFINITIONAL_REPRESENTATION('',(#11757),#11761);
#11757 = LINE('',#11758,#11759);
#11758 = CARTESIAN_POINT('',(0.,0.));
#11759 = VECTOR('',#11760,1.);
#11760 = DIRECTION('',(0.,-1.));
#11761 = ( GEOMETRIC_REPRESENTATION_CONTEXT(2) 
PARAMETRIC_REPRESENTATION_CONTEXT() REPRESENTATION_CONTEXT('2D SPACE',''
  ) );
#11762 = ORIENTED_EDGE('',*,*,#11763,.F.);
#11763 = EDGE_CURVE('',#11660,#11741,#11764,.T.);
#11764 = SURFACE_CURVE('',#11765,(#11769,#11776),.PCURVE_S1.);
#11765 = LINE('',#11766,#11767);
#11766 = CARTESIAN_POINT('',(-1.E-01,-2.21,0.18));
#11767 = VECTOR('',#11768,1.);
#11768 = DIRECTION('',(3.614007241618E-16,-1.,0.));
#11769 = PCURVE('',#11675,#11770);
#11770 = DEFINITIONAL_REPRESENTATION('',(#11771),#11775);
#11771 = LINE('',#11772,#11773);
#11772 = CARTESIAN_POINT('',(0.,0.));
#11773 = VECTOR('',#11774,1.);
#11774 = DIRECTION('',(-1.,0.));
#11775 = ( GEOMETRIC_REPRESENTATION_CONTEXT(2) 
PARAMETRIC_REPRESENTATION_CONTEXT() REPRESENTATION_CONTEXT('2D SPACE',''
  ) );
#11776 = PCURVE('',#11590,#11777);
#11777 = DEFINITIONAL_REPRESENTATION('',(#11778),#11782);
#11778 = LINE('',#11779,#11780);
#11779 = CARTESIAN_POINT('',(0.1,0.));
#11780 = VECTOR('',#11781,1.);
#11781 = DIRECTION('',(-3.614007241618E-16,-1.));
#11782 = ( GEOMETRIC_REPRESENTATION_CONTEXT(2) 
PARAMETRIC_REPRESENTATION_CONTEXT() REPRESENTATION_CONTEXT('2D SPACE',''
  ) );
#11783 = ORIENTED_EDGE('',*,*,#11659,.T.);
#11784 = ADVANCED_FACE('',(#11785),#11616,.F.);
#11785 = FACE_BOUND('',#11786,.T.);
#11786 = EDGE_LOOP('',(#11787,#11808,#11809,#11830));
#11787 = ORIENTED_EDGE('',*,*,#11788,.T.);
#11788 = EDGE_CURVE('',#11718,#11512,#11789,.T.);
#11789 = SURFACE_CURVE('',#11790,(#11794,#11801),.PCURVE_S1.);
#11790 = LINE('',#11791,#11792);
#11791 = CARTESIAN_POINT('',(-1.E-01,-2.51,-2.E-02));
#11792 = VECTOR('',#11793,1.);
#11793 = DIRECTION('',(1.,1.355252715607E-16,0.));
#11794 = PCURVE('',#11616,#11795);
#11795 = DEFINITIONAL_REPRESENTATION('',(#11796),#11800);
#11796 = LINE('',#11797,#11798);
#11797 = CARTESIAN_POINT('',(-0.,-0.2));
#11798 = VECTOR('',#11799,1.);
#11799 = DIRECTION('',(-1.,0.));
#11800 = ( GEOMETRIC_REPRESENTATION_CONTEXT(2) 
PARAMETRIC_REPRESENTATION_CONTEXT() REPRESENTATION_CONTEXT('2D SPACE',''
  ) );
#11801 = PCURVE('',#11534,#11802);
#11802 = DEFINITIONAL_REPRESENTATION('',(#11803),#11807);
#11803 = LINE('',#11804,#11805);
#11804 = CARTESIAN_POINT('',(1.E-01,-0.3));
#11805 = VECTOR('',#11806,1.);
#11806 = DIRECTION('',(-1.,1.355252715607E-16));
#11807 = ( GEOMETRIC_REPRESENTATION_CONTEXT(2) 
PARAMETRIC_REPRESENTATION_CONTEXT() REPRESENTATION_CONTEXT('2D SPACE',''
  ) );
#11808 = ORIENTED_EDGE('',*,*,#11602,.F.);
#11809 = ORIENTED_EDGE('',*,*,#11810,.F.);
#11810 = EDGE_CURVE('',#11741,#11575,#11811,.T.);
#11811 = SURFACE_CURVE('',#11812,(#11816,#11823),.PCURVE_S1.);
#11812 = LINE('',#11813,#11814);
#11813 = CARTESIAN_POINT('',(-1.E-01,-2.51,0.18));
#11814 = VECTOR('',#11815,1.);
#11815 = DIRECTION('',(1.,1.355252715607E-16,0.));
#11816 = PCURVE('',#11616,#11817);
#11817 = DEFINITIONAL_REPRESENTATION('',(#11818),#11822);
#11818 = LINE('',#11819,#11820);
#11819 = CARTESIAN_POINT('',(0.,0.));
#11820 = VECTOR('',#11821,1.);
#11821 = DIRECTION('',(-1.,0.));
#11822 = ( GEOMETRIC_REPRESENTATION_CONTEXT(2) 
PARAMETRIC_REPRESENTATION_CONTEXT() REPRESENTATION_CONTEXT('2D SPACE',''
  ) );
#11823 = PCURVE('',#11590,#11824);
#11824 = DEFINITIONAL_REPRESENTATION('',(#11825),#11829);
#11825 = LINE('',#11826,#11827);
#11826 = CARTESIAN_POINT('',(1.E-01,-0.3));
#11827 = VECTOR('',#11828,1.);
#11828 = DIRECTION('',(-1.,1.355252715607E-16));
#11829 = ( GEOMETRIC_REPRESENTATION_CONTEXT(2) 
PARAMETRIC_REPRESENTATION_CONTEXT() REPRESENTATION_CONTEXT('2D SPACE',''
  ) );
#11830 = ORIENTED_EDGE('',*,*,#11740,.T.);
#11831 = ADVANCED_FACE('',(#11832),#11590,.F.);
#11832 = FACE_BOUND('',#11833,.T.);
#11833 = EDGE_LOOP('',(#11834,#11835,#11836,#11837));
#11834 = ORIENTED_EDGE('',*,*,#11574,.T.);
#11835 = ORIENTED_EDGE('',*,*,#11687,.T.);
#11836 = ORIENTED_EDGE('',*,*,#11763,.T.);
#11837 = ORIENTED_EDGE('',*,*,#11810,.T.);
#11838 = ADVANCED_FACE('',(#11839),#11534,.T.);
#11839 = FACE_BOUND('',#11840,.T.);
#11840 = EDGE_LOOP('',(#11841,#11842,#11843,#11844));
#11841 = ORIENTED_EDGE('',*,*,#11511,.F.);
#11842 = ORIENTED_EDGE('',*,*,#11788,.F.);
#11843 = ORIENTED_EDGE('',*,*,#11717,.F.);
#11844 = ORIENTED_EDGE('',*,*,#11631,.F.);
#11845 = MANIFOLD_SOLID_BREP('',#11846);
#11846 = CLOSED_SHELL('',(#11847,#11967,#12053,#12124,#12171,#12178));
#11847 = ADVANCED_FACE('',(#11848),#11862,.F.);
#11848 = FACE_BOUND('',#11849,.T.);
#11849 = EDGE_LOOP('',(#11850,#11885,#11913,#11941));
#11850 = ORIENTED_EDGE('',*,*,#11851,.T.);
#11851 = EDGE_CURVE('',#11852,#11854,#11856,.T.);
#11852 = VERTEX_POINT('',#11853);
#11853 = CARTESIAN_POINT('',(0.75,-2.51,-2.E-02));
#11854 = VERTEX_POINT('',#11855);
#11855 = CARTESIAN_POINT('',(0.75,-2.21,-2.E-02));
#11856 = SURFACE_CURVE('',#11857,(#11861,#11873),.PCURVE_S1.);
#11857 = LINE('',#11858,#11859);
#11858 = CARTESIAN_POINT('',(0.75,-2.21,-2.E-02));
#11859 = VECTOR('',#11860,1.);
#11860 = DIRECTION('',(9.035018104046E-17,1.,-0.));
#11861 = PCURVE('',#11862,#11867);
#11862 = PLANE('',#11863);
#11863 = AXIS2_PLACEMENT_3D('',#11864,#11865,#11866);
#11864 = CARTESIAN_POINT('',(0.75,-2.21,0.18));
#11865 = DIRECTION('',(-1.,9.035018104046E-17,0.));
#11866 = DIRECTION('',(-9.035018104046E-17,-1.,0.));
#11867 = DEFINITIONAL_REPRESENTATION('',(#11868),#11872);
#11868 = LINE('',#11869,#11870);
#11869 = CARTESIAN_POINT('',(-0.,-0.2));
#11870 = VECTOR('',#11871,1.);
#11871 = DIRECTION('',(-1.,0.));
#11872 = ( GEOMETRIC_REPRESENTATION_CONTEXT(2) 
PARAMETRIC_REPRESENTATION_CONTEXT() REPRESENTATION_CONTEXT('2D SPACE',''
  ) );
#11873 = PCURVE('',#11874,#11879);
#11874 = PLANE('',#11875);
#11875 = AXIS2_PLACEMENT_3D('',#11876,#11877,#11878);
#11876 = CARTESIAN_POINT('',(0.65,-2.21,-2.E-02));
#11877 = DIRECTION('',(-0.,0.,-1.));
#11878 = DIRECTION('',(-1.,0.,0.));
#11879 = DEFINITIONAL_REPRESENTATION('',(#11880),#11884);
#11880 = LINE('',#11881,#11882);
#11881 = CARTESIAN_POINT('',(-0.1,0.));
#11882 = VECTOR('',#11883,1.);
#11883 = DIRECTION('',(-9.035018104046E-17,1.));
#11884 = ( GEOMETRIC_REPRESENTATION_CONTEXT(2) 
PARAMETRIC_REPRESENTATION_CONTEXT() REPRESENTATION_CONTEXT('2D SPACE',''
  ) );
#11885 = ORIENTED_EDGE('',*,*,#11886,.F.);
#11886 = EDGE_CURVE('',#11887,#11854,#11889,.T.);
#11887 = VERTEX_POINT('',#11888);
#11888 = CARTESIAN_POINT('',(0.75,-2.21,0.18));
#11889 = SURFACE_CURVE('',#11890,(#11894,#11901),.PCURVE_S1.);
#11890 = LINE('',#11891,#11892);
#11891 = CARTESIAN_POINT('',(0.75,-2.21,0.18));
#11892 = VECTOR('',#11893,1.);
#11893 = DIRECTION('',(-0.,-0.,-1.));
#11894 = PCURVE('',#11862,#11895);
#11895 = DEFINITIONAL_REPRESENTATION('',(#11896),#11900);
#11896 = LINE('',#11897,#11898);
#11897 = CARTESIAN_POINT('',(0.,0.));
#11898 = VECTOR('',#11899,1.);
#11899 = DIRECTION('',(0.,-1.));
#11900 = ( GEOMETRIC_REPRESENTATION_CONTEXT(2) 
PARAMETRIC_REPRESENTATION_CONTEXT() REPRESENTATION_CONTEXT('2D SPACE',''
  ) );
#11901 = PCURVE('',#11902,#11907);
#11902 = CYLINDRICAL_SURFACE('',#11903,0.1);
#11903 = AXIS2_PLACEMENT_3D('',#11904,#11905,#11906);
#11904 = CARTESIAN_POINT('',(0.65,-2.21,0.18));
#11905 = DIRECTION('',(-0.,-0.,-1.));
#11906 = DIRECTION('',(-1.,0.,0.));
#11907 = DEFINITIONAL_REPRESENTATION('',(#11908),#11912);
#11908 = LINE('',#11909,#11910);
#11909 = CARTESIAN_POINT('',(3.14159265359,0.));
#11910 = VECTOR('',#11911,1.);
#11911 = DIRECTION('',(0.,1.));
#11912 = ( GEOMETRIC_REPRESENTATION_CONTEXT(2) 
PARAMETRIC_REPRESENTATION_CONTEXT() REPRESENTATION_CONTEXT('2D SPACE',''
  ) );
#11913 = ORIENTED_EDGE('',*,*,#11914,.F.);
#11914 = EDGE_CURVE('',#11915,#11887,#11917,.T.);
#11915 = VERTEX_POINT('',#11916);
#11916 = CARTESIAN_POINT('',(0.75,-2.51,0.18));
#11917 = SURFACE_CURVE('',#11918,(#11922,#11929),.PCURVE_S1.);
#11918 = LINE('',#11919,#11920);
#11919 = CARTESIAN_POINT('',(0.75,-2.21,0.18));
#11920 = VECTOR('',#11921,1.);
#11921 = DIRECTION('',(9.035018104046E-17,1.,-0.));
#11922 = PCURVE('',#11862,#11923);
#11923 = DEFINITIONAL_REPRESENTATION('',(#11924),#11928);
#11924 = LINE('',#11925,#11926);
#11925 = CARTESIAN_POINT('',(0.,0.));
#11926 = VECTOR('',#11927,1.);
#11927 = DIRECTION('',(-1.,0.));
#11928 = ( GEOMETRIC_REPRESENTATION_CONTEXT(2) 
PARAMETRIC_REPRESENTATION_CONTEXT() REPRESENTATION_CONTEXT('2D SPACE',''
  ) );
#11929 = PCURVE('',#11930,#11935);
#11930 = PLANE('',#11931);
#11931 = AXIS2_PLACEMENT_3D('',#11932,#11933,#11934);
#11932 = CARTESIAN_POINT('',(0.65,-2.21,0.18));
#11933 = DIRECTION('',(-0.,0.,-1.));
#11934 = DIRECTION('',(-1.,0.,0.));
#11935 = DEFINITIONAL_REPRESENTATION('',(#11936),#11940);
#11936 = LINE('',#11937,#11938);
#11937 = CARTESIAN_POINT('',(-0.1,0.));
#11938 = VECTOR('',#11939,1.);
#11939 = DIRECTION('',(-9.035018104046E-17,1.));
#11940 = ( GEOMETRIC_REPRESENTATION_CONTEXT(2) 
PARAMETRIC_REPRESENTATION_CONTEXT() REPRESENTATION_CONTEXT('2D SPACE',''
  ) );
#11941 = ORIENTED_EDGE('',*,*,#11942,.T.);
#11942 = EDGE_CURVE('',#11915,#11852,#11943,.T.);
#11943 = SURFACE_CURVE('',#11944,(#11948,#11955),.PCURVE_S1.);
#11944 = LINE('',#11945,#11946);
#11945 = CARTESIAN_POINT('',(0.75,-2.51,0.18));
#11946 = VECTOR('',#11947,1.);
#11947 = DIRECTION('',(-0.,-0.,-1.));
#11948 = PCURVE('',#11862,#11949);
#11949 = DEFINITIONAL_REPRESENTATION('',(#11950),#11954);
#11950 = LINE('',#11951,#11952);
#11951 = CARTESIAN_POINT('',(0.3,0.));
#11952 = VECTOR('',#11953,1.);
#11953 = DIRECTION('',(0.,-1.));
#11954 = ( GEOMETRIC_REPRESENTATION_CONTEXT(2) 
PARAMETRIC_REPRESENTATION_CONTEXT() REPRESENTATION_CONTEXT('2D SPACE',''
  ) );
#11955 = PCURVE('',#11956,#11961);
#11956 = PLANE('',#11957);
#11957 = AXIS2_PLACEMENT_3D('',#11958,#11959,#11960);
#11958 = CARTESIAN_POINT('',(0.55,-2.51,0.18));
#11959 = DIRECTION('',(-1.355252715607E-16,1.,0.));
#11960 = DIRECTION('',(-1.,-1.355252715607E-16,0.));
#11961 = DEFINITIONAL_REPRESENTATION('',(#11962),#11966);
#11962 = LINE('',#11963,#11964);
#11963 = CARTESIAN_POINT('',(-0.2,0.));
#11964 = VECTOR('',#11965,1.);
#11965 = DIRECTION('',(0.,-1.));
#11966 = ( GEOMETRIC_REPRESENTATION_CONTEXT(2) 
PARAMETRIC_REPRESENTATION_CONTEXT() REPRESENTATION_CONTEXT('2D SPACE',''
  ) );
#11967 = ADVANCED_FACE('',(#11968),#11902,.T.);
#11968 = FACE_BOUND('',#11969,.T.);
#11969 = EDGE_LOOP('',(#11970,#11998,#12026,#12052));
#11970 = ORIENTED_EDGE('',*,*,#11971,.T.);
#11971 = EDGE_CURVE('',#11854,#11972,#11974,.T.);
#11972 = VERTEX_POINT('',#11973);
#11973 = CARTESIAN_POINT('',(0.55,-2.21,-2.E-02));
#11974 = SURFACE_CURVE('',#11975,(#11980,#11987),.PCURVE_S1.);
#11975 = CIRCLE('',#11976,0.1);
#11976 = AXIS2_PLACEMENT_3D('',#11977,#11978,#11979);
#11977 = CARTESIAN_POINT('',(0.65,-2.21,-2.E-02));
#11978 = DIRECTION('',(0.,0.,1.));
#11979 = DIRECTION('',(-1.,0.,0.));
#11980 = PCURVE('',#11902,#11981);
#11981 = DEFINITIONAL_REPRESENTATION('',(#11982),#11986);
#11982 = LINE('',#11983,#11984);
#11983 = CARTESIAN_POINT('',(6.28318530718,0.2));
#11984 = VECTOR('',#11985,1.);
#11985 = DIRECTION('',(-1.,0.));
#11986 = ( GEOMETRIC_REPRESENTATION_CONTEXT(2) 
PARAMETRIC_REPRESENTATION_CONTEXT() REPRESENTATION_CONTEXT('2D SPACE',''
  ) );
#11987 = PCURVE('',#11874,#11988);
#11988 = DEFINITIONAL_REPRESENTATION('',(#11989),#11997);
#11989 = ( BOUNDED_CURVE() B_SPLINE_CURVE(2,(#11990,#11991,#11992,#11993
    ,#11994,#11995,#11996),.UNSPECIFIED.,.T.,.F.) 
B_SPLINE_CURVE_WITH_KNOTS((1,2,2,2,2,1),(-2.094395102393,0.,
    2.094395102393,4.188790204786,6.28318530718,8.377580409573),
.UNSPECIFIED.) CURVE() GEOMETRIC_REPRESENTATION_ITEM() 
RATIONAL_B_SPLINE_CURVE((1.,0.5,1.,0.5,1.,0.5,1.)) REPRESENTATION_ITEM(
  '') );
#11990 = CARTESIAN_POINT('',(0.1,0.));
#11991 = CARTESIAN_POINT('',(0.1,-0.173205080757));
#11992 = CARTESIAN_POINT('',(-5.E-02,-8.660254037844E-02));
#11993 = CARTESIAN_POINT('',(-0.2,-2.449293598295E-17));
#11994 = CARTESIAN_POINT('',(-5.E-02,8.660254037844E-02));
#11995 = CARTESIAN_POINT('',(1.E-01,0.173205080757));
#11996 = CARTESIAN_POINT('',(0.1,0.));
#11997 = ( GEOMETRIC_REPRESENTATION_CONTEXT(2) 
PARAMETRIC_REPRESENTATION_CONTEXT() REPRESENTATION_CONTEXT('2D SPACE',''
  ) );
#11998 = ORIENTED_EDGE('',*,*,#11999,.F.);
#11999 = EDGE_CURVE('',#12000,#11972,#12002,.T.);
#12000 = VERTEX_POINT('',#12001);
#12001 = CARTESIAN_POINT('',(0.55,-2.21,0.18));
#12002 = SURFACE_CURVE('',#12003,(#12007,#12014),.PCURVE_S1.);
#12003 = LINE('',#12004,#12005);
#12004 = CARTESIAN_POINT('',(0.55,-2.21,0.18));
#12005 = VECTOR('',#12006,1.);
#12006 = DIRECTION('',(-0.,-0.,-1.));
#12007 = PCURVE('',#11902,#12008);
#12008 = DEFINITIONAL_REPRESENTATION('',(#12009),#12013);
#12009 = LINE('',#12010,#12011);
#12010 = CARTESIAN_POINT('',(0.,0.));
#12011 = VECTOR('',#12012,1.);
#12012 = DIRECTION('',(0.,1.));
#12013 = ( GEOMETRIC_REPRESENTATION_CONTEXT(2) 
PARAMETRIC_REPRESENTATION_CONTEXT() REPRESENTATION_CONTEXT('2D SPACE',''
  ) );
#12014 = PCURVE('',#12015,#12020);
#12015 = PLANE('',#12016);
#12016 = AXIS2_PLACEMENT_3D('',#12017,#12018,#12019);
#12017 = CARTESIAN_POINT('',(0.55,-2.21,0.18));
#12018 = DIRECTION('',(1.,3.614007241618E-16,-0.));
#12019 = DIRECTION('',(-3.614007241618E-16,1.,0.));
#12020 = DEFINITIONAL_REPRESENTATION('',(#12021),#12025);
#12021 = LINE('',#12022,#12023);
#12022 = CARTESIAN_POINT('',(0.,0.));
#12023 = VECTOR('',#12024,1.);
#12024 = DIRECTION('',(0.,-1.));
#12025 = ( GEOMETRIC_REPRESENTATION_CONTEXT(2) 
PARAMETRIC_REPRESENTATION_CONTEXT() REPRESENTATION_CONTEXT('2D SPACE',''
  ) );
#12026 = ORIENTED_EDGE('',*,*,#12027,.F.);
#12027 = EDGE_CURVE('',#11887,#12000,#12028,.T.);
#12028 = SURFACE_CURVE('',#12029,(#12034,#12041),.PCURVE_S1.);
#12029 = CIRCLE('',#12030,0.1);
#12030 = AXIS2_PLACEMENT_3D('',#12031,#12032,#12033);
#12031 = CARTESIAN_POINT('',(0.65,-2.21,0.18));
#12032 = DIRECTION('',(0.,0.,1.));
#12033 = DIRECTION('',(-1.,0.,0.));
#12034 = PCURVE('',#11902,#12035);
#12035 = DEFINITIONAL_REPRESENTATION('',(#12036),#12040);
#12036 = LINE('',#12037,#12038);
#12037 = CARTESIAN_POINT('',(6.28318530718,0.));
#12038 = VECTOR('',#12039,1.);
#12039 = DIRECTION('',(-1.,0.));
#12040 = ( GEOMETRIC_REPRESENTATION_CONTEXT(2) 
PARAMETRIC_REPRESENTATION_CONTEXT() REPRESENTATION_CONTEXT('2D SPACE',''
  ) );
#12041 = PCURVE('',#11930,#12042);
#12042 = DEFINITIONAL_REPRESENTATION('',(#12043),#12051);
#12043 = ( BOUNDED_CURVE() B_SPLINE_CURVE(2,(#12044,#12045,#12046,#12047
    ,#12048,#12049,#12050),.UNSPECIFIED.,.T.,.F.) 
B_SPLINE_CURVE_WITH_KNOTS((1,2,2,2,2,1),(-2.094395102393,0.,
    2.094395102393,4.188790204786,6.28318530718,8.377580409573),
.UNSPECIFIED.) CURVE() GEOMETRIC_REPRESENTATION_ITEM() 
RATIONAL_B_SPLINE_CURVE((1.,0.5,1.,0.5,1.,0.5,1.)) REPRESENTATION_ITEM(
  '') );
#12044 = CARTESIAN_POINT('',(0.1,0.));
#12045 = CARTESIAN_POINT('',(0.1,-0.173205080757));
#12046 = CARTESIAN_POINT('',(-5.E-02,-8.660254037844E-02));
#12047 = CARTESIAN_POINT('',(-0.2,-2.449293598295E-17));
#12048 = CARTESIAN_POINT('',(-5.E-02,8.660254037844E-02));
#12049 = CARTESIAN_POINT('',(1.E-01,0.173205080757));
#12050 = CARTESIAN_POINT('',(0.1,0.));
#12051 = ( GEOMETRIC_REPRESENTATION_CONTEXT(2) 
PARAMETRIC_REPRESENTATION_CONTEXT() REPRESENTATION_CONTEXT('2D SPACE',''
  ) );
#12052 = ORIENTED_EDGE('',*,*,#11886,.T.);
#12053 = ADVANCED_FACE('',(#12054),#12015,.F.);
#12054 = FACE_BOUND('',#12055,.T.);
#12055 = EDGE_LOOP('',(#12056,#12079,#12102,#12123));
#12056 = ORIENTED_EDGE('',*,*,#12057,.T.);
#12057 = EDGE_CURVE('',#11972,#12058,#12060,.T.);
#12058 = VERTEX_POINT('',#12059);
#12059 = CARTESIAN_POINT('',(0.55,-2.51,-2.E-02));
#12060 = SURFACE_CURVE('',#12061,(#12065,#12072),.PCURVE_S1.);
#12061 = LINE('',#12062,#12063);
#12062 = CARTESIAN_POINT('',(0.55,-2.21,-2.E-02));
#12063 = VECTOR('',#12064,1.);
#12064 = DIRECTION('',(3.614007241618E-16,-1.,0.));
#12065 = PCURVE('',#12015,#12066);
#12066 = DEFINITIONAL_REPRESENTATION('',(#12067),#12071);
#12067 = LINE('',#12068,#12069);
#12068 = CARTESIAN_POINT('',(0.,-0.2));
#12069 = VECTOR('',#12070,1.);
#12070 = DIRECTION('',(-1.,0.));
#12071 = ( GEOMETRIC_REPRESENTATION_CONTEXT(2) 
PARAMETRIC_REPRESENTATION_CONTEXT() REPRESENTATION_CONTEXT('2D SPACE',''
  ) );
#12072 = PCURVE('',#11874,#12073);
#12073 = DEFINITIONAL_REPRESENTATION('',(#12074),#12078);
#12074 = LINE('',#12075,#12076);
#12075 = CARTESIAN_POINT('',(1.E-01,0.));
#12076 = VECTOR('',#12077,1.);
#12077 = DIRECTION('',(-3.614007241618E-16,-1.));
#12078 = ( GEOMETRIC_REPRESENTATION_CONTEXT(2) 
PARAMETRIC_REPRESENTATION_CONTEXT() REPRESENTATION_CONTEXT('2D SPACE',''
  ) );
#12079 = ORIENTED_EDGE('',*,*,#12080,.F.);
#12080 = EDGE_CURVE('',#12081,#12058,#12083,.T.);
#12081 = VERTEX_POINT('',#12082);
#12082 = CARTESIAN_POINT('',(0.55,-2.51,0.18));
#12083 = SURFACE_CURVE('',#12084,(#12088,#12095),.PCURVE_S1.);
#12084 = LINE('',#12085,#12086);
#12085 = CARTESIAN_POINT('',(0.55,-2.51,0.18));
#12086 = VECTOR('',#12087,1.);
#12087 = DIRECTION('',(-0.,-0.,-1.));
#12088 = PCURVE('',#12015,#12089);
#12089 = DEFINITIONAL_REPRESENTATION('',(#12090),#12094);
#12090 = LINE('',#12091,#12092);
#12091 = CARTESIAN_POINT('',(-0.3,0.));
#12092 = VECTOR('',#12093,1.);
#12093 = DIRECTION('',(0.,-1.));
#12094 = ( GEOMETRIC_REPRESENTATION_CONTEXT(2) 
PARAMETRIC_REPRESENTATION_CONTEXT() REPRESENTATION_CONTEXT('2D SPACE',''
  ) );
#12095 = PCURVE('',#11956,#12096);
#12096 = DEFINITIONAL_REPRESENTATION('',(#12097),#12101);
#12097 = LINE('',#12098,#12099);
#12098 = CARTESIAN_POINT('',(0.,0.));
#12099 = VECTOR('',#12100,1.);
#12100 = DIRECTION('',(0.,-1.));
#12101 = ( GEOMETRIC_REPRESENTATION_CONTEXT(2) 
PARAMETRIC_REPRESENTATION_CONTEXT() REPRESENTATION_CONTEXT('2D SPACE',''
  ) );
#12102 = ORIENTED_EDGE('',*,*,#12103,.F.);
#12103 = EDGE_CURVE('',#12000,#12081,#12104,.T.);
#12104 = SURFACE_CURVE('',#12105,(#12109,#12116),.PCURVE_S1.);
#12105 = LINE('',#12106,#12107);
#12106 = CARTESIAN_POINT('',(0.55,-2.21,0.18));
#12107 = VECTOR('',#12108,1.);
#12108 = DIRECTION('',(3.614007241618E-16,-1.,0.));
#12109 = PCURVE('',#12015,#12110);
#12110 = DEFINITIONAL_REPRESENTATION('',(#12111),#12115);
#12111 = LINE('',#12112,#12113);
#12112 = CARTESIAN_POINT('',(0.,0.));
#12113 = VECTOR('',#12114,1.);
#12114 = DIRECTION('',(-1.,0.));
#12115 = ( GEOMETRIC_REPRESENTATION_CONTEXT(2) 
PARAMETRIC_REPRESENTATION_CONTEXT() REPRESENTATION_CONTEXT('2D SPACE',''
  ) );
#12116 = PCURVE('',#11930,#12117);
#12117 = DEFINITIONAL_REPRESENTATION('',(#12118),#12122);
#12118 = LINE('',#12119,#12120);
#12119 = CARTESIAN_POINT('',(1.E-01,0.));
#12120 = VECTOR('',#12121,1.);
#12121 = DIRECTION('',(-3.614007241618E-16,-1.));
#12122 = ( GEOMETRIC_REPRESENTATION_CONTEXT(2) 
PARAMETRIC_REPRESENTATION_CONTEXT() REPRESENTATION_CONTEXT('2D SPACE',''
  ) );
#12123 = ORIENTED_EDGE('',*,*,#11999,.T.);
#12124 = ADVANCED_FACE('',(#12125),#11956,.F.);
#12125 = FACE_BOUND('',#12126,.T.);
#12126 = EDGE_LOOP('',(#12127,#12148,#12149,#12170));
#12127 = ORIENTED_EDGE('',*,*,#12128,.T.);
#12128 = EDGE_CURVE('',#12058,#11852,#12129,.T.);
#12129 = SURFACE_CURVE('',#12130,(#12134,#12141),.PCURVE_S1.);
#12130 = LINE('',#12131,#12132);
#12131 = CARTESIAN_POINT('',(0.55,-2.51,-2.E-02));
#12132 = VECTOR('',#12133,1.);
#12133 = DIRECTION('',(1.,1.355252715607E-16,0.));
#12134 = PCURVE('',#11956,#12135);
#12135 = DEFINITIONAL_REPRESENTATION('',(#12136),#12140);
#12136 = LINE('',#12137,#12138);
#12137 = CARTESIAN_POINT('',(-0.,-0.2));
#12138 = VECTOR('',#12139,1.);
#12139 = DIRECTION('',(-1.,0.));
#12140 = ( GEOMETRIC_REPRESENTATION_CONTEXT(2) 
PARAMETRIC_REPRESENTATION_CONTEXT() REPRESENTATION_CONTEXT('2D SPACE',''
  ) );
#12141 = PCURVE('',#11874,#12142);
#12142 = DEFINITIONAL_REPRESENTATION('',(#12143),#12147);
#12143 = LINE('',#12144,#12145);
#12144 = CARTESIAN_POINT('',(1.E-01,-0.3));
#12145 = VECTOR('',#12146,1.);
#12146 = DIRECTION('',(-1.,1.355252715607E-16));
#12147 = ( GEOMETRIC_REPRESENTATION_CONTEXT(2) 
PARAMETRIC_REPRESENTATION_CONTEXT() REPRESENTATION_CONTEXT('2D SPACE',''
  ) );
#12148 = ORIENTED_EDGE('',*,*,#11942,.F.);
#12149 = ORIENTED_EDGE('',*,*,#12150,.F.);
#12150 = EDGE_CURVE('',#12081,#11915,#12151,.T.);
#12151 = SURFACE_CURVE('',#12152,(#12156,#12163),.PCURVE_S1.);
#12152 = LINE('',#12153,#12154);
#12153 = CARTESIAN_POINT('',(0.55,-2.51,0.18));
#12154 = VECTOR('',#12155,1.);
#12155 = DIRECTION('',(1.,1.355252715607E-16,0.));
#12156 = PCURVE('',#11956,#12157);
#12157 = DEFINITIONAL_REPRESENTATION('',(#12158),#12162);
#12158 = LINE('',#12159,#12160);
#12159 = CARTESIAN_POINT('',(0.,0.));
#12160 = VECTOR('',#12161,1.);
#12161 = DIRECTION('',(-1.,0.));
#12162 = ( GEOMETRIC_REPRESENTATION_CONTEXT(2) 
PARAMETRIC_REPRESENTATION_CONTEXT() REPRESENTATION_CONTEXT('2D SPACE',''
  ) );
#12163 = PCURVE('',#11930,#12164);
#12164 = DEFINITIONAL_REPRESENTATION('',(#12165),#12169);
#12165 = LINE('',#12166,#12167);
#12166 = CARTESIAN_POINT('',(1.E-01,-0.3));
#12167 = VECTOR('',#12168,1.);
#12168 = DIRECTION('',(-1.,1.355252715607E-16));
#12169 = ( GEOMETRIC_REPRESENTATION_CONTEXT(2) 
PARAMETRIC_REPRESENTATION_CONTEXT() REPRESENTATION_CONTEXT('2D SPACE',''
  ) );
#12170 = ORIENTED_EDGE('',*,*,#12080,.T.);
#12171 = ADVANCED_FACE('',(#12172),#11930,.F.);
#12172 = FACE_BOUND('',#12173,.T.);
#12173 = EDGE_LOOP('',(#12174,#12175,#12176,#12177));
#12174 = ORIENTED_EDGE('',*,*,#11914,.T.);
#12175 = ORIENTED_EDGE('',*,*,#12027,.T.);
#12176 = ORIENTED_EDGE('',*,*,#12103,.T.);
#12177 = ORIENTED_EDGE('',*,*,#12150,.T.);
#12178 = ADVANCED_FACE('',(#12179),#11874,.T.);
#12179 = FACE_BOUND('',#12180,.T.);
#12180 = EDGE_LOOP('',(#12181,#12182,#12183,#12184));
#12181 = ORIENTED_EDGE('',*,*,#11851,.F.);
#12182 = ORIENTED_EDGE('',*,*,#12128,.F.);
#12183 = ORIENTED_EDGE('',*,*,#12057,.F.);
#12184 = ORIENTED_EDGE('',*,*,#11971,.F.);
#12185 = MANIFOLD_SOLID_BREP('',#12186);
#12186 = CLOSED_SHELL('',(#12187,#12307,#12393,#12464,#12511,#12518));
#12187 = ADVANCED_FACE('',(#12188),#12202,.F.);
#12188 = FACE_BOUND('',#12189,.T.);
#12189 = EDGE_LOOP('',(#12190,#12225,#12253,#12281));
#12190 = ORIENTED_EDGE('',*,*,#12191,.T.);
#12191 = EDGE_CURVE('',#12192,#12194,#12196,.T.);
#12192 = VERTEX_POINT('',#12193);
#12193 = CARTESIAN_POINT('',(1.4,-2.51,-2.E-02));
#12194 = VERTEX_POINT('',#12195);
#12195 = CARTESIAN_POINT('',(1.4,-2.21,-2.E-02));
#12196 = SURFACE_CURVE('',#12197,(#12201,#12213),.PCURVE_S1.);
#12197 = LINE('',#12198,#12199);
#12198 = CARTESIAN_POINT('',(1.4,-2.21,-2.E-02));
#12199 = VECTOR('',#12200,1.);
#12200 = DIRECTION('',(9.035018104046E-17,1.,-0.));
#12201 = PCURVE('',#12202,#12207);
#12202 = PLANE('',#12203);
#12203 = AXIS2_PLACEMENT_3D('',#12204,#12205,#12206);
#12204 = CARTESIAN_POINT('',(1.4,-2.21,0.18));
#12205 = DIRECTION('',(-1.,9.035018104046E-17,0.));
#12206 = DIRECTION('',(-9.035018104046E-17,-1.,0.));
#12207 = DEFINITIONAL_REPRESENTATION('',(#12208),#12212);
#12208 = LINE('',#12209,#12210);
#12209 = CARTESIAN_POINT('',(-0.,-0.2));
#12210 = VECTOR('',#12211,1.);
#12211 = DIRECTION('',(-1.,0.));
#12212 = ( GEOMETRIC_REPRESENTATION_CONTEXT(2) 
PARAMETRIC_REPRESENTATION_CONTEXT() REPRESENTATION_CONTEXT('2D SPACE',''
  ) );
#12213 = PCURVE('',#12214,#12219);
#12214 = PLANE('',#12215);
#12215 = AXIS2_PLACEMENT_3D('',#12216,#12217,#12218);
#12216 = CARTESIAN_POINT('',(1.3,-2.21,-2.E-02));
#12217 = DIRECTION('',(-0.,0.,-1.));
#12218 = DIRECTION('',(-1.,0.,0.));
#12219 = DEFINITIONAL_REPRESENTATION('',(#12220),#12224);
#12220 = LINE('',#12221,#12222);
#12221 = CARTESIAN_POINT('',(-0.1,0.));
#12222 = VECTOR('',#12223,1.);
#12223 = DIRECTION('',(-9.035018104046E-17,1.));
#12224 = ( GEOMETRIC_REPRESENTATION_CONTEXT(2) 
PARAMETRIC_REPRESENTATION_CONTEXT() REPRESENTATION_CONTEXT('2D SPACE',''
  ) );
#12225 = ORIENTED_EDGE('',*,*,#12226,.F.);
#12226 = EDGE_CURVE('',#12227,#12194,#12229,.T.);
#12227 = VERTEX_POINT('',#12228);
#12228 = CARTESIAN_POINT('',(1.4,-2.21,0.18));
#12229 = SURFACE_CURVE('',#12230,(#12234,#12241),.PCURVE_S1.);
#12230 = LINE('',#12231,#12232);
#12231 = CARTESIAN_POINT('',(1.4,-2.21,0.18));
#12232 = VECTOR('',#12233,1.);
#12233 = DIRECTION('',(-0.,-0.,-1.));
#12234 = PCURVE('',#12202,#12235);
#12235 = DEFINITIONAL_REPRESENTATION('',(#12236),#12240);
#12236 = LINE('',#12237,#12238);
#12237 = CARTESIAN_POINT('',(0.,0.));
#12238 = VECTOR('',#12239,1.);
#12239 = DIRECTION('',(0.,-1.));
#12240 = ( GEOMETRIC_REPRESENTATION_CONTEXT(2) 
PARAMETRIC_REPRESENTATION_CONTEXT() REPRESENTATION_CONTEXT('2D SPACE',''
  ) );
#12241 = PCURVE('',#12242,#12247);
#12242 = CYLINDRICAL_SURFACE('',#12243,0.1);
#12243 = AXIS2_PLACEMENT_3D('',#12244,#12245,#12246);
#12244 = CARTESIAN_POINT('',(1.3,-2.21,0.18));
#12245 = DIRECTION('',(-0.,-0.,-1.));
#12246 = DIRECTION('',(-1.,0.,0.));
#12247 = DEFINITIONAL_REPRESENTATION('',(#12248),#12252);
#12248 = LINE('',#12249,#12250);
#12249 = CARTESIAN_POINT('',(3.14159265359,0.));
#12250 = VECTOR('',#12251,1.);
#12251 = DIRECTION('',(0.,1.));
#12252 = ( GEOMETRIC_REPRESENTATION_CONTEXT(2) 
PARAMETRIC_REPRESENTATION_CONTEXT() REPRESENTATION_CONTEXT('2D SPACE',''
  ) );
#12253 = ORIENTED_EDGE('',*,*,#12254,.F.);
#12254 = EDGE_CURVE('',#12255,#12227,#12257,.T.);
#12255 = VERTEX_POINT('',#12256);
#12256 = CARTESIAN_POINT('',(1.4,-2.51,0.18));
#12257 = SURFACE_CURVE('',#12258,(#12262,#12269),.PCURVE_S1.);
#12258 = LINE('',#12259,#12260);
#12259 = CARTESIAN_POINT('',(1.4,-2.21,0.18));
#12260 = VECTOR('',#12261,1.);
#12261 = DIRECTION('',(9.035018104046E-17,1.,-0.));
#12262 = PCURVE('',#12202,#12263);
#12263 = DEFINITIONAL_REPRESENTATION('',(#12264),#12268);
#12264 = LINE('',#12265,#12266);
#12265 = CARTESIAN_POINT('',(0.,0.));
#12266 = VECTOR('',#12267,1.);
#12267 = DIRECTION('',(-1.,0.));
#12268 = ( GEOMETRIC_REPRESENTATION_CONTEXT(2) 
PARAMETRIC_REPRESENTATION_CONTEXT() REPRESENTATION_CONTEXT('2D SPACE',''
  ) );
#12269 = PCURVE('',#12270,#12275);
#12270 = PLANE('',#12271);
#12271 = AXIS2_PLACEMENT_3D('',#12272,#12273,#12274);
#12272 = CARTESIAN_POINT('',(1.3,-2.21,0.18));
#12273 = DIRECTION('',(-0.,0.,-1.));
#12274 = DIRECTION('',(-1.,0.,0.));
#12275 = DEFINITIONAL_REPRESENTATION('',(#12276),#12280);
#12276 = LINE('',#12277,#12278);
#12277 = CARTESIAN_POINT('',(-0.1,0.));
#12278 = VECTOR('',#12279,1.);
#12279 = DIRECTION('',(-9.035018104046E-17,1.));
#12280 = ( GEOMETRIC_REPRESENTATION_CONTEXT(2) 
PARAMETRIC_REPRESENTATION_CONTEXT() REPRESENTATION_CONTEXT('2D SPACE',''
  ) );
#12281 = ORIENTED_EDGE('',*,*,#12282,.T.);
#12282 = EDGE_CURVE('',#12255,#12192,#12283,.T.);
#12283 = SURFACE_CURVE('',#12284,(#12288,#12295),.PCURVE_S1.);
#12284 = LINE('',#12285,#12286);
#12285 = CARTESIAN_POINT('',(1.4,-2.51,0.18));
#12286 = VECTOR('',#12287,1.);
#12287 = DIRECTION('',(-0.,-0.,-1.));
#12288 = PCURVE('',#12202,#12289);
#12289 = DEFINITIONAL_REPRESENTATION('',(#12290),#12294);
#12290 = LINE('',#12291,#12292);
#12291 = CARTESIAN_POINT('',(0.3,0.));
#12292 = VECTOR('',#12293,1.);
#12293 = DIRECTION('',(0.,-1.));
#12294 = ( GEOMETRIC_REPRESENTATION_CONTEXT(2) 
PARAMETRIC_REPRESENTATION_CONTEXT() REPRESENTATION_CONTEXT('2D SPACE',''
  ) );
#12295 = PCURVE('',#12296,#12301);
#12296 = PLANE('',#12297);
#12297 = AXIS2_PLACEMENT_3D('',#12298,#12299,#12300);
#12298 = CARTESIAN_POINT('',(1.2,-2.51,0.18));
#12299 = DIRECTION('',(-1.355252715607E-16,1.,0.));
#12300 = DIRECTION('',(-1.,-1.355252715607E-16,0.));
#12301 = DEFINITIONAL_REPRESENTATION('',(#12302),#12306);
#12302 = LINE('',#12303,#12304);
#12303 = CARTESIAN_POINT('',(-0.2,0.));
#12304 = VECTOR('',#12305,1.);
#12305 = DIRECTION('',(0.,-1.));
#12306 = ( GEOMETRIC_REPRESENTATION_CONTEXT(2) 
PARAMETRIC_REPRESENTATION_CONTEXT() REPRESENTATION_CONTEXT('2D SPACE',''
  ) );
#12307 = ADVANCED_FACE('',(#12308),#12242,.T.);
#12308 = FACE_BOUND('',#12309,.T.);
#12309 = EDGE_LOOP('',(#12310,#12338,#12366,#12392));
#12310 = ORIENTED_EDGE('',*,*,#12311,.T.);
#12311 = EDGE_CURVE('',#12194,#12312,#12314,.T.);
#12312 = VERTEX_POINT('',#12313);
#12313 = CARTESIAN_POINT('',(1.2,-2.21,-2.E-02));
#12314 = SURFACE_CURVE('',#12315,(#12320,#12327),.PCURVE_S1.);
#12315 = CIRCLE('',#12316,0.1);
#12316 = AXIS2_PLACEMENT_3D('',#12317,#12318,#12319);
#12317 = CARTESIAN_POINT('',(1.3,-2.21,-2.E-02));
#12318 = DIRECTION('',(0.,0.,1.));
#12319 = DIRECTION('',(-1.,0.,0.));
#12320 = PCURVE('',#12242,#12321);
#12321 = DEFINITIONAL_REPRESENTATION('',(#12322),#12326);
#12322 = LINE('',#12323,#12324);
#12323 = CARTESIAN_POINT('',(6.28318530718,0.2));
#12324 = VECTOR('',#12325,1.);
#12325 = DIRECTION('',(-1.,0.));
#12326 = ( GEOMETRIC_REPRESENTATION_CONTEXT(2) 
PARAMETRIC_REPRESENTATION_CONTEXT() REPRESENTATION_CONTEXT('2D SPACE',''
  ) );
#12327 = PCURVE('',#12214,#12328);
#12328 = DEFINITIONAL_REPRESENTATION('',(#12329),#12337);
#12329 = ( BOUNDED_CURVE() B_SPLINE_CURVE(2,(#12330,#12331,#12332,#12333
    ,#12334,#12335,#12336),.UNSPECIFIED.,.T.,.F.) 
B_SPLINE_CURVE_WITH_KNOTS((1,2,2,2,2,1),(-2.094395102393,0.,
    2.094395102393,4.188790204786,6.28318530718,8.377580409573),
.UNSPECIFIED.) CURVE() GEOMETRIC_REPRESENTATION_ITEM() 
RATIONAL_B_SPLINE_CURVE((1.,0.5,1.,0.5,1.,0.5,1.)) REPRESENTATION_ITEM(
  '') );
#12330 = CARTESIAN_POINT('',(0.1,0.));
#12331 = CARTESIAN_POINT('',(0.1,-0.173205080757));
#12332 = CARTESIAN_POINT('',(-5.E-02,-8.660254037844E-02));
#12333 = CARTESIAN_POINT('',(-0.2,-2.449293598295E-17));
#12334 = CARTESIAN_POINT('',(-5.E-02,8.660254037844E-02));
#12335 = CARTESIAN_POINT('',(1.E-01,0.173205080757));
#12336 = CARTESIAN_POINT('',(0.1,0.));
#12337 = ( GEOMETRIC_REPRESENTATION_CONTEXT(2) 
PARAMETRIC_REPRESENTATION_CONTEXT() REPRESENTATION_CONTEXT('2D SPACE',''
  ) );
#12338 = ORIENTED_EDGE('',*,*,#12339,.F.);
#12339 = EDGE_CURVE('',#12340,#12312,#12342,.T.);
#12340 = VERTEX_POINT('',#12341);
#12341 = CARTESIAN_POINT('',(1.2,-2.21,0.18));
#12342 = SURFACE_CURVE('',#12343,(#12347,#12354),.PCURVE_S1.);
#12343 = LINE('',#12344,#12345);
#12344 = CARTESIAN_POINT('',(1.2,-2.21,0.18));
#12345 = VECTOR('',#12346,1.);
#12346 = DIRECTION('',(-0.,-0.,-1.));
#12347 = PCURVE('',#12242,#12348);
#12348 = DEFINITIONAL_REPRESENTATION('',(#12349),#12353);
#12349 = LINE('',#12350,#12351);
#12350 = CARTESIAN_POINT('',(0.,0.));
#12351 = VECTOR('',#12352,1.);
#12352 = DIRECTION('',(0.,1.));
#12353 = ( GEOMETRIC_REPRESENTATION_CONTEXT(2) 
PARAMETRIC_REPRESENTATION_CONTEXT() REPRESENTATION_CONTEXT('2D SPACE',''
  ) );
#12354 = PCURVE('',#12355,#12360);
#12355 = PLANE('',#12356);
#12356 = AXIS2_PLACEMENT_3D('',#12357,#12358,#12359);
#12357 = CARTESIAN_POINT('',(1.2,-2.21,0.18));
#12358 = DIRECTION('',(1.,3.614007241618E-16,-0.));
#12359 = DIRECTION('',(-3.614007241618E-16,1.,0.));
#12360 = DEFINITIONAL_REPRESENTATION('',(#12361),#12365);
#12361 = LINE('',#12362,#12363);
#12362 = CARTESIAN_POINT('',(0.,0.));
#12363 = VECTOR('',#12364,1.);
#12364 = DIRECTION('',(0.,-1.));
#12365 = ( GEOMETRIC_REPRESENTATION_CONTEXT(2) 
PARAMETRIC_REPRESENTATION_CONTEXT() REPRESENTATION_CONTEXT('2D SPACE',''
  ) );
#12366 = ORIENTED_EDGE('',*,*,#12367,.F.);
#12367 = EDGE_CURVE('',#12227,#12340,#12368,.T.);
#12368 = SURFACE_CURVE('',#12369,(#12374,#12381),.PCURVE_S1.);
#12369 = CIRCLE('',#12370,0.1);
#12370 = AXIS2_PLACEMENT_3D('',#12371,#12372,#12373);
#12371 = CARTESIAN_POINT('',(1.3,-2.21,0.18));
#12372 = DIRECTION('',(0.,0.,1.));
#12373 = DIRECTION('',(-1.,0.,0.));
#12374 = PCURVE('',#12242,#12375);
#12375 = DEFINITIONAL_REPRESENTATION('',(#12376),#12380);
#12376 = LINE('',#12377,#12378);
#12377 = CARTESIAN_POINT('',(6.28318530718,0.));
#12378 = VECTOR('',#12379,1.);
#12379 = DIRECTION('',(-1.,0.));
#12380 = ( GEOMETRIC_REPRESENTATION_CONTEXT(2) 
PARAMETRIC_REPRESENTATION_CONTEXT() REPRESENTATION_CONTEXT('2D SPACE',''
  ) );
#12381 = PCURVE('',#12270,#12382);
#12382 = DEFINITIONAL_REPRESENTATION('',(#12383),#12391);
#12383 = ( BOUNDED_CURVE() B_SPLINE_CURVE(2,(#12384,#12385,#12386,#12387
    ,#12388,#12389,#12390),.UNSPECIFIED.,.T.,.F.) 
B_SPLINE_CURVE_WITH_KNOTS((1,2,2,2,2,1),(-2.094395102393,0.,
    2.094395102393,4.188790204786,6.28318530718,8.377580409573),
.UNSPECIFIED.) CURVE() GEOMETRIC_REPRESENTATION_ITEM() 
RATIONAL_B_SPLINE_CURVE((1.,0.5,1.,0.5,1.,0.5,1.)) REPRESENTATION_ITEM(
  '') );
#12384 = CARTESIAN_POINT('',(0.1,0.));
#12385 = CARTESIAN_POINT('',(0.1,-0.173205080757));
#12386 = CARTESIAN_POINT('',(-5.E-02,-8.660254037844E-02));
#12387 = CARTESIAN_POINT('',(-0.2,-2.449293598295E-17));
#12388 = CARTESIAN_POINT('',(-5.E-02,8.660254037844E-02));
#12389 = CARTESIAN_POINT('',(1.E-01,0.173205080757));
#12390 = CARTESIAN_POINT('',(0.1,0.));
#12391 = ( GEOMETRIC_REPRESENTATION_CONTEXT(2) 
PARAMETRIC_REPRESENTATION_CONTEXT() REPRESENTATION_CONTEXT('2D SPACE',''
  ) );
#12392 = ORIENTED_EDGE('',*,*,#12226,.T.);
#12393 = ADVANCED_FACE('',(#12394),#12355,.F.);
#12394 = FACE_BOUND('',#12395,.T.);
#12395 = EDGE_LOOP('',(#12396,#12419,#12442,#12463));
#12396 = ORIENTED_EDGE('',*,*,#12397,.T.);
#12397 = EDGE_CURVE('',#12312,#12398,#12400,.T.);
#12398 = VERTEX_POINT('',#12399);
#12399 = CARTESIAN_POINT('',(1.2,-2.51,-2.E-02));
#12400 = SURFACE_CURVE('',#12401,(#12405,#12412),.PCURVE_S1.);
#12401 = LINE('',#12402,#12403);
#12402 = CARTESIAN_POINT('',(1.2,-2.21,-2.E-02));
#12403 = VECTOR('',#12404,1.);
#12404 = DIRECTION('',(3.614007241618E-16,-1.,0.));
#12405 = PCURVE('',#12355,#12406);
#12406 = DEFINITIONAL_REPRESENTATION('',(#12407),#12411);
#12407 = LINE('',#12408,#12409);
#12408 = CARTESIAN_POINT('',(0.,-0.2));
#12409 = VECTOR('',#12410,1.);
#12410 = DIRECTION('',(-1.,0.));
#12411 = ( GEOMETRIC_REPRESENTATION_CONTEXT(2) 
PARAMETRIC_REPRESENTATION_CONTEXT() REPRESENTATION_CONTEXT('2D SPACE',''
  ) );
#12412 = PCURVE('',#12214,#12413);
#12413 = DEFINITIONAL_REPRESENTATION('',(#12414),#12418);
#12414 = LINE('',#12415,#12416);
#12415 = CARTESIAN_POINT('',(1.E-01,0.));
#12416 = VECTOR('',#12417,1.);
#12417 = DIRECTION('',(-3.614007241618E-16,-1.));
#12418 = ( GEOMETRIC_REPRESENTATION_CONTEXT(2) 
PARAMETRIC_REPRESENTATION_CONTEXT() REPRESENTATION_CONTEXT('2D SPACE',''
  ) );
#12419 = ORIENTED_EDGE('',*,*,#12420,.F.);
#12420 = EDGE_CURVE('',#12421,#12398,#12423,.T.);
#12421 = VERTEX_POINT('',#12422);
#12422 = CARTESIAN_POINT('',(1.2,-2.51,0.18));
#12423 = SURFACE_CURVE('',#12424,(#12428,#12435),.PCURVE_S1.);
#12424 = LINE('',#12425,#12426);
#12425 = CARTESIAN_POINT('',(1.2,-2.51,0.18));
#12426 = VECTOR('',#12427,1.);
#12427 = DIRECTION('',(-0.,-0.,-1.));
#12428 = PCURVE('',#12355,#12429);
#12429 = DEFINITIONAL_REPRESENTATION('',(#12430),#12434);
#12430 = LINE('',#12431,#12432);
#12431 = CARTESIAN_POINT('',(-0.3,0.));
#12432 = VECTOR('',#12433,1.);
#12433 = DIRECTION('',(0.,-1.));
#12434 = ( GEOMETRIC_REPRESENTATION_CONTEXT(2) 
PARAMETRIC_REPRESENTATION_CONTEXT() REPRESENTATION_CONTEXT('2D SPACE',''
  ) );
#12435 = PCURVE('',#12296,#12436);
#12436 = DEFINITIONAL_REPRESENTATION('',(#12437),#12441);
#12437 = LINE('',#12438,#12439);
#12438 = CARTESIAN_POINT('',(0.,0.));
#12439 = VECTOR('',#12440,1.);
#12440 = DIRECTION('',(0.,-1.));
#12441 = ( GEOMETRIC_REPRESENTATION_CONTEXT(2) 
PARAMETRIC_REPRESENTATION_CONTEXT() REPRESENTATION_CONTEXT('2D SPACE',''
  ) );
#12442 = ORIENTED_EDGE('',*,*,#12443,.F.);
#12443 = EDGE_CURVE('',#12340,#12421,#12444,.T.);
#12444 = SURFACE_CURVE('',#12445,(#12449,#12456),.PCURVE_S1.);
#12445 = LINE('',#12446,#12447);
#12446 = CARTESIAN_POINT('',(1.2,-2.21,0.18));
#12447 = VECTOR('',#12448,1.);
#12448 = DIRECTION('',(3.614007241618E-16,-1.,0.));
#12449 = PCURVE('',#12355,#12450);
#12450 = DEFINITIONAL_REPRESENTATION('',(#12451),#12455);
#12451 = LINE('',#12452,#12453);
#12452 = CARTESIAN_POINT('',(0.,0.));
#12453 = VECTOR('',#12454,1.);
#12454 = DIRECTION('',(-1.,0.));
#12455 = ( GEOMETRIC_REPRESENTATION_CONTEXT(2) 
PARAMETRIC_REPRESENTATION_CONTEXT() REPRESENTATION_CONTEXT('2D SPACE',''
  ) );
#12456 = PCURVE('',#12270,#12457);
#12457 = DEFINITIONAL_REPRESENTATION('',(#12458),#12462);
#12458 = LINE('',#12459,#12460);
#12459 = CARTESIAN_POINT('',(1.E-01,0.));
#12460 = VECTOR('',#12461,1.);
#12461 = DIRECTION('',(-3.614007241618E-16,-1.));
#12462 = ( GEOMETRIC_REPRESENTATION_CONTEXT(2) 
PARAMETRIC_REPRESENTATION_CONTEXT() REPRESENTATION_CONTEXT('2D SPACE',''
  ) );
#12463 = ORIENTED_EDGE('',*,*,#12339,.T.);
#12464 = ADVANCED_FACE('',(#12465),#12296,.F.);
#12465 = FACE_BOUND('',#12466,.T.);
#12466 = EDGE_LOOP('',(#12467,#12488,#12489,#12510));
#12467 = ORIENTED_EDGE('',*,*,#12468,.T.);
#12468 = EDGE_CURVE('',#12398,#12192,#12469,.T.);
#12469 = SURFACE_CURVE('',#12470,(#12474,#12481),.PCURVE_S1.);
#12470 = LINE('',#12471,#12472);
#12471 = CARTESIAN_POINT('',(1.2,-2.51,-2.E-02));
#12472 = VECTOR('',#12473,1.);
#12473 = DIRECTION('',(1.,1.355252715607E-16,0.));
#12474 = PCURVE('',#12296,#12475);
#12475 = DEFINITIONAL_REPRESENTATION('',(#12476),#12480);
#12476 = LINE('',#12477,#12478);
#12477 = CARTESIAN_POINT('',(-0.,-0.2));
#12478 = VECTOR('',#12479,1.);
#12479 = DIRECTION('',(-1.,0.));
#12480 = ( GEOMETRIC_REPRESENTATION_CONTEXT(2) 
PARAMETRIC_REPRESENTATION_CONTEXT() REPRESENTATION_CONTEXT('2D SPACE',''
  ) );
#12481 = PCURVE('',#12214,#12482);
#12482 = DEFINITIONAL_REPRESENTATION('',(#12483),#12487);
#12483 = LINE('',#12484,#12485);
#12484 = CARTESIAN_POINT('',(1.E-01,-0.3));
#12485 = VECTOR('',#12486,1.);
#12486 = DIRECTION('',(-1.,1.355252715607E-16));
#12487 = ( GEOMETRIC_REPRESENTATION_CONTEXT(2) 
PARAMETRIC_REPRESENTATION_CONTEXT() REPRESENTATION_CONTEXT('2D SPACE',''
  ) );
#12488 = ORIENTED_EDGE('',*,*,#12282,.F.);
#12489 = ORIENTED_EDGE('',*,*,#12490,.F.);
#12490 = EDGE_CURVE('',#12421,#12255,#12491,.T.);
#12491 = SURFACE_CURVE('',#12492,(#12496,#12503),.PCURVE_S1.);
#12492 = LINE('',#12493,#12494);
#12493 = CARTESIAN_POINT('',(1.2,-2.51,0.18));
#12494 = VECTOR('',#12495,1.);
#12495 = DIRECTION('',(1.,1.355252715607E-16,0.));
#12496 = PCURVE('',#12296,#12497);
#12497 = DEFINITIONAL_REPRESENTATION('',(#12498),#12502);
#12498 = LINE('',#12499,#12500);
#12499 = CARTESIAN_POINT('',(0.,0.));
#12500 = VECTOR('',#12501,1.);
#12501 = DIRECTION('',(-1.,0.));
#12502 = ( GEOMETRIC_REPRESENTATION_CONTEXT(2) 
PARAMETRIC_REPRESENTATION_CONTEXT() REPRESENTATION_CONTEXT('2D SPACE',''
  ) );
#12503 = PCURVE('',#12270,#12504);
#12504 = DEFINITIONAL_REPRESENTATION('',(#12505),#12509);
#12505 = LINE('',#12506,#12507);
#12506 = CARTESIAN_POINT('',(1.E-01,-0.3));
#12507 = VECTOR('',#12508,1.);
#12508 = DIRECTION('',(-1.,1.355252715607E-16));
#12509 = ( GEOMETRIC_REPRESENTATION_CONTEXT(2) 
PARAMETRIC_REPRESENTATION_CONTEXT() REPRESENTATION_CONTEXT('2D SPACE',''
  ) );
#12510 = ORIENTED_EDGE('',*,*,#12420,.T.);
#12511 = ADVANCED_FACE('',(#12512),#12270,.F.);
#12512 = FACE_BOUND('',#12513,.T.);
#12513 = EDGE_LOOP('',(#12514,#12515,#12516,#12517));
#12514 = ORIENTED_EDGE('',*,*,#12254,.T.);
#12515 = ORIENTED_EDGE('',*,*,#12367,.T.);
#12516 = ORIENTED_EDGE('',*,*,#12443,.T.);
#12517 = ORIENTED_EDGE('',*,*,#12490,.T.);
#12518 = ADVANCED_FACE('',(#12519),#12214,.T.);
#12519 = FACE_BOUND('',#12520,.T.);
#12520 = EDGE_LOOP('',(#12521,#12522,#12523,#12524));
#12521 = ORIENTED_EDGE('',*,*,#12191,.F.);
#12522 = ORIENTED_EDGE('',*,*,#12468,.F.);
#12523 = ORIENTED_EDGE('',*,*,#12397,.F.);
#12524 = ORIENTED_EDGE('',*,*,#12311,.F.);
#12525 = MANIFOLD_SOLID_BREP('',#12526);
#12526 = CLOSED_SHELL('',(#12527,#12647,#12733,#12804,#12851,#12858));
#12527 = ADVANCED_FACE('',(#12528),#12542,.F.);
#12528 = FACE_BOUND('',#12529,.T.);
#12529 = EDGE_LOOP('',(#12530,#12565,#12593,#12621));
#12530 = ORIENTED_EDGE('',*,*,#12531,.T.);
#12531 = EDGE_CURVE('',#12532,#12534,#12536,.T.);
#12532 = VERTEX_POINT('',#12533);
#12533 = CARTESIAN_POINT('',(-2.51,-1.2,0.18));
#12534 = VERTEX_POINT('',#12535);
#12535 = CARTESIAN_POINT('',(-2.21,-1.2,0.18));
#12536 = SURFACE_CURVE('',#12537,(#12541,#12553),.PCURVE_S1.);
#12537 = LINE('',#12538,#12539);
#12538 = CARTESIAN_POINT('',(-2.21,-1.2,0.18));
#12539 = VECTOR('',#12540,1.);
#12540 = DIRECTION('',(1.,-3.401131157803E-15,0.));
#12541 = PCURVE('',#12542,#12547);
#12542 = PLANE('',#12543);
#12543 = AXIS2_PLACEMENT_3D('',#12544,#12545,#12546);
#12544 = CARTESIAN_POINT('',(-2.21,-1.2,-2.E-02));
#12545 = DIRECTION('',(-3.401131157803E-15,-1.,0.));
#12546 = DIRECTION('',(-1.,3.401131157803E-15,0.));
#12547 = DEFINITIONAL_REPRESENTATION('',(#12548),#12552);
#12548 = LINE('',#12549,#12550);
#12549 = CARTESIAN_POINT('',(0.,-0.2));
#12550 = VECTOR('',#12551,1.);
#12551 = DIRECTION('',(-1.,-0.));
#12552 = ( GEOMETRIC_REPRESENTATION_CONTEXT(2) 
PARAMETRIC_REPRESENTATION_CONTEXT() REPRESENTATION_CONTEXT('2D SPACE',''
  ) );
#12553 = PCURVE('',#12554,#12559);
#12554 = PLANE('',#12555);
#12555 = AXIS2_PLACEMENT_3D('',#12556,#12557,#12558);
#12556 = CARTESIAN_POINT('',(-2.21,-1.3,0.18));
#12557 = DIRECTION('',(0.,0.,1.));
#12558 = DIRECTION('',(-3.491481338843E-15,-1.,0.));
#12559 = DEFINITIONAL_REPRESENTATION('',(#12560),#12564);
#12560 = LINE('',#12561,#12562);
#12561 = CARTESIAN_POINT('',(-0.1,9.494107596575E-17));
#12562 = VECTOR('',#12563,1.);
#12563 = DIRECTION('',(-9.035018104046E-17,1.));
#12564 = ( GEOMETRIC_REPRESENTATION_CONTEXT(2) 
PARAMETRIC_REPRESENTATION_CONTEXT() REPRESENTATION_CONTEXT('2D SPACE',''
  ) );
#12565 = ORIENTED_EDGE('',*,*,#12566,.F.);
#12566 = EDGE_CURVE('',#12567,#12534,#12569,.T.);
#12567 = VERTEX_POINT('',#12568);
#12568 = CARTESIAN_POINT('',(-2.21,-1.2,-2.E-02));
#12569 = SURFACE_CURVE('',#12570,(#12574,#12581),.PCURVE_S1.);
#12570 = LINE('',#12571,#12572);
#12571 = CARTESIAN_POINT('',(-2.21,-1.2,-2.E-02));
#12572 = VECTOR('',#12573,1.);
#12573 = DIRECTION('',(-0.,0.,1.));
#12574 = PCURVE('',#12542,#12575);
#12575 = DEFINITIONAL_REPRESENTATION('',(#12576),#12580);
#12576 = LINE('',#12577,#12578);
#12577 = CARTESIAN_POINT('',(0.,0.));
#12578 = VECTOR('',#12579,1.);
#12579 = DIRECTION('',(0.,-1.));
#12580 = ( GEOMETRIC_REPRESENTATION_CONTEXT(2) 
PARAMETRIC_REPRESENTATION_CONTEXT() REPRESENTATION_CONTEXT('2D SPACE',''
  ) );
#12581 = PCURVE('',#12582,#12587);
#12582 = CYLINDRICAL_SURFACE('',#12583,0.1);
#12583 = AXIS2_PLACEMENT_3D('',#12584,#12585,#12586);
#12584 = CARTESIAN_POINT('',(-2.21,-1.3,-2.E-02));
#12585 = DIRECTION('',(-0.,0.,1.));
#12586 = DIRECTION('',(-4.336808689942E-15,-1.,0.));
#12587 = DEFINITIONAL_REPRESENTATION('',(#12588),#12592);
#12588 = LINE('',#12589,#12590);
#12589 = CARTESIAN_POINT('',(3.14159265359,0.));
#12590 = VECTOR('',#12591,1.);
#12591 = DIRECTION('',(0.,1.));
#12592 = ( GEOMETRIC_REPRESENTATION_CONTEXT(2) 
PARAMETRIC_REPRESENTATION_CONTEXT() REPRESENTATION_CONTEXT('2D SPACE',''
  ) );
#12593 = ORIENTED_EDGE('',*,*,#12594,.F.);
#12594 = EDGE_CURVE('',#12595,#12567,#12597,.T.);
#12595 = VERTEX_POINT('',#12596);
#12596 = CARTESIAN_POINT('',(-2.51,-1.2,-2.E-02));
#12597 = SURFACE_CURVE('',#12598,(#12602,#12609),.PCURVE_S1.);
#12598 = LINE('',#12599,#12600);
#12599 = CARTESIAN_POINT('',(-2.21,-1.2,-2.E-02));
#12600 = VECTOR('',#12601,1.);
#12601 = DIRECTION('',(1.,-3.401131157803E-15,0.));
#12602 = PCURVE('',#12542,#12603);
#12603 = DEFINITIONAL_REPRESENTATION('',(#12604),#12608);
#12604 = LINE('',#12605,#12606);
#12605 = CARTESIAN_POINT('',(0.,0.));
#12606 = VECTOR('',#12607,1.);
#12607 = DIRECTION('',(-1.,-0.));
#12608 = ( GEOMETRIC_REPRESENTATION_CONTEXT(2) 
PARAMETRIC_REPRESENTATION_CONTEXT() REPRESENTATION_CONTEXT('2D SPACE',''
  ) );
#12609 = PCURVE('',#12610,#12615);
#12610 = PLANE('',#12611);
#12611 = AXIS2_PLACEMENT_3D('',#12612,#12613,#12614);
#12612 = CARTESIAN_POINT('',(-2.21,-1.3,-2.E-02));
#12613 = DIRECTION('',(0.,0.,1.));
#12614 = DIRECTION('',(-3.491481338843E-15,-1.,0.));
#12615 = DEFINITIONAL_REPRESENTATION('',(#12616),#12620);
#12616 = LINE('',#12617,#12618);
#12617 = CARTESIAN_POINT('',(-0.1,9.494107596575E-17));
#12618 = VECTOR('',#12619,1.);
#12619 = DIRECTION('',(-9.035018104046E-17,1.));
#12620 = ( GEOMETRIC_REPRESENTATION_CONTEXT(2) 
PARAMETRIC_REPRESENTATION_CONTEXT() REPRESENTATION_CONTEXT('2D SPACE',''
  ) );
#12621 = ORIENTED_EDGE('',*,*,#12622,.T.);
#12622 = EDGE_CURVE('',#12595,#12532,#12623,.T.);
#12623 = SURFACE_CURVE('',#12624,(#12628,#12635),.PCURVE_S1.);
#12624 = LINE('',#12625,#12626);
#12625 = CARTESIAN_POINT('',(-2.51,-1.2,-2.E-02));
#12626 = VECTOR('',#12627,1.);
#12627 = DIRECTION('',(-0.,0.,1.));
#12628 = PCURVE('',#12542,#12629);
#12629 = DEFINITIONAL_REPRESENTATION('',(#12630),#12634);
#12630 = LINE('',#12631,#12632);
#12631 = CARTESIAN_POINT('',(0.3,0.));
#12632 = VECTOR('',#12633,1.);
#12633 = DIRECTION('',(0.,-1.));
#12634 = ( GEOMETRIC_REPRESENTATION_CONTEXT(2) 
PARAMETRIC_REPRESENTATION_CONTEXT() REPRESENTATION_CONTEXT('2D SPACE',''
  ) );
#12635 = PCURVE('',#12636,#12641);
#12636 = PLANE('',#12637);
#12637 = AXIS2_PLACEMENT_3D('',#12638,#12639,#12640);
#12638 = CARTESIAN_POINT('',(-2.51,-1.4,-2.E-02));
#12639 = DIRECTION('',(1.,-3.627006610404E-15,0.));
#12640 = DIRECTION('',(-3.627006610404E-15,-1.,0.));
#12641 = DEFINITIONAL_REPRESENTATION('',(#12642),#12646);
#12642 = LINE('',#12643,#12644);
#12643 = CARTESIAN_POINT('',(-0.2,0.));
#12644 = VECTOR('',#12645,1.);
#12645 = DIRECTION('',(0.,-1.));
#12646 = ( GEOMETRIC_REPRESENTATION_CONTEXT(2) 
PARAMETRIC_REPRESENTATION_CONTEXT() REPRESENTATION_CONTEXT('2D SPACE',''
  ) );
#12647 = ADVANCED_FACE('',(#12648),#12582,.T.);
#12648 = FACE_BOUND('',#12649,.T.);
#12649 = EDGE_LOOP('',(#12650,#12678,#12706,#12732));
#12650 = ORIENTED_EDGE('',*,*,#12651,.T.);
#12651 = EDGE_CURVE('',#12534,#12652,#12654,.T.);
#12652 = VERTEX_POINT('',#12653);
#12653 = CARTESIAN_POINT('',(-2.21,-1.4,0.18));
#12654 = SURFACE_CURVE('',#12655,(#12660,#12667),.PCURVE_S1.);
#12655 = CIRCLE('',#12656,0.1);
#12656 = AXIS2_PLACEMENT_3D('',#12657,#12658,#12659);
#12657 = CARTESIAN_POINT('',(-2.21,-1.3,0.18));
#12658 = DIRECTION('',(0.,0.,-1.));
#12659 = DIRECTION('',(-4.336808689942E-15,-1.,-0.));
#12660 = PCURVE('',#12582,#12661);
#12661 = DEFINITIONAL_REPRESENTATION('',(#12662),#12666);
#12662 = LINE('',#12663,#12664);
#12663 = CARTESIAN_POINT('',(6.28318530718,0.2));
#12664 = VECTOR('',#12665,1.);
#12665 = DIRECTION('',(-1.,0.));
#12666 = ( GEOMETRIC_REPRESENTATION_CONTEXT(2) 
PARAMETRIC_REPRESENTATION_CONTEXT() REPRESENTATION_CONTEXT('2D SPACE',''
  ) );
#12667 = PCURVE('',#12554,#12668);
#12668 = DEFINITIONAL_REPRESENTATION('',(#12669),#12677);
#12669 = ( BOUNDED_CURVE() B_SPLINE_CURVE(2,(#12670,#12671,#12672,#12673
    ,#12674,#12675,#12676),.UNSPECIFIED.,.T.,.F.) 
B_SPLINE_CURVE_WITH_KNOTS((1,2,2,2,2,1),(-2.094395102393,0.,
    2.094395102393,4.188790204786,6.28318530718,8.377580409573),
.UNSPECIFIED.) CURVE() GEOMETRIC_REPRESENTATION_ITEM() 
RATIONAL_B_SPLINE_CURVE((1.,0.5,1.,0.5,1.,0.5,1.)) REPRESENTATION_ITEM(
  '') );
#12670 = CARTESIAN_POINT('',(0.1,-8.453273510989E-17));
#12671 = CARTESIAN_POINT('',(1.E-01,-0.173205080757));
#12672 = CARTESIAN_POINT('',(-5.E-02,-8.660254037844E-02));
#12673 = CARTESIAN_POINT('',(-0.2,1.445725342368E-16));
#12674 = CARTESIAN_POINT('',(-5.E-02,8.660254037844E-02));
#12675 = CARTESIAN_POINT('',(0.1,0.173205080757));
#12676 = CARTESIAN_POINT('',(0.1,-8.453273510989E-17));
#12677 = ( GEOMETRIC_REPRESENTATION_CONTEXT(2) 
PARAMETRIC_REPRESENTATION_CONTEXT() REPRESENTATION_CONTEXT('2D SPACE',''
  ) );
#12678 = ORIENTED_EDGE('',*,*,#12679,.F.);
#12679 = EDGE_CURVE('',#12680,#12652,#12682,.T.);
#12680 = VERTEX_POINT('',#12681);
#12681 = CARTESIAN_POINT('',(-2.21,-1.4,-2.E-02));
#12682 = SURFACE_CURVE('',#12683,(#12687,#12694),.PCURVE_S1.);
#12683 = LINE('',#12684,#12685);
#12684 = CARTESIAN_POINT('',(-2.21,-1.4,-2.E-02));
#12685 = VECTOR('',#12686,1.);
#12686 = DIRECTION('',(-0.,0.,1.));
#12687 = PCURVE('',#12582,#12688);
#12688 = DEFINITIONAL_REPRESENTATION('',(#12689),#12693);
#12689 = LINE('',#12690,#12691);
#12690 = CARTESIAN_POINT('',(0.,0.));
#12691 = VECTOR('',#12692,1.);
#12692 = DIRECTION('',(0.,1.));
#12693 = ( GEOMETRIC_REPRESENTATION_CONTEXT(2) 
PARAMETRIC_REPRESENTATION_CONTEXT() REPRESENTATION_CONTEXT('2D SPACE',''
  ) );
#12694 = PCURVE('',#12695,#12700);
#12695 = PLANE('',#12696);
#12696 = AXIS2_PLACEMENT_3D('',#12697,#12698,#12699);
#12697 = CARTESIAN_POINT('',(-2.21,-1.4,-2.E-02));
#12698 = DIRECTION('',(3.852882063005E-15,1.,0.));
#12699 = DIRECTION('',(1.,-3.852882063005E-15,0.));
#12700 = DEFINITIONAL_REPRESENTATION('',(#12701),#12705);
#12701 = LINE('',#12702,#12703);
#12702 = CARTESIAN_POINT('',(0.,0.));
#12703 = VECTOR('',#12704,1.);
#12704 = DIRECTION('',(0.,-1.));
#12705 = ( GEOMETRIC_REPRESENTATION_CONTEXT(2) 
PARAMETRIC_REPRESENTATION_CONTEXT() REPRESENTATION_CONTEXT('2D SPACE',''
  ) );
#12706 = ORIENTED_EDGE('',*,*,#12707,.F.);
#12707 = EDGE_CURVE('',#12567,#12680,#12708,.T.);
#12708 = SURFACE_CURVE('',#12709,(#12714,#12721),.PCURVE_S1.);
#12709 = CIRCLE('',#12710,0.1);
#12710 = AXIS2_PLACEMENT_3D('',#12711,#12712,#12713);
#12711 = CARTESIAN_POINT('',(-2.21,-1.3,-2.E-02));
#12712 = DIRECTION('',(0.,0.,-1.));
#12713 = DIRECTION('',(-4.336808689942E-15,-1.,-0.));
#12714 = PCURVE('',#12582,#12715);
#12715 = DEFINITIONAL_REPRESENTATION('',(#12716),#12720);
#12716 = LINE('',#12717,#12718);
#12717 = CARTESIAN_POINT('',(6.28318530718,0.));
#12718 = VECTOR('',#12719,1.);
#12719 = DIRECTION('',(-1.,0.));
#12720 = ( GEOMETRIC_REPRESENTATION_CONTEXT(2) 
PARAMETRIC_REPRESENTATION_CONTEXT() REPRESENTATION_CONTEXT('2D SPACE',''
  ) );
#12721 = PCURVE('',#12610,#12722);
#12722 = DEFINITIONAL_REPRESENTATION('',(#12723),#12731);
#12723 = ( BOUNDED_CURVE() B_SPLINE_CURVE(2,(#12724,#12725,#12726,#12727
    ,#12728,#12729,#12730),.UNSPECIFIED.,.T.,.F.) 
B_SPLINE_CURVE_WITH_KNOTS((1,2,2,2,2,1),(-2.094395102393,0.,
    2.094395102393,4.188790204786,6.28318530718,8.377580409573),
.UNSPECIFIED.) CURVE() GEOMETRIC_REPRESENTATION_ITEM() 
RATIONAL_B_SPLINE_CURVE((1.,0.5,1.,0.5,1.,0.5,1.)) REPRESENTATION_ITEM(
  '') );
#12724 = CARTESIAN_POINT('',(0.1,-8.453273510989E-17));
#12725 = CARTESIAN_POINT('',(1.E-01,-0.173205080757));
#12726 = CARTESIAN_POINT('',(-5.E-02,-8.660254037844E-02));
#12727 = CARTESIAN_POINT('',(-0.2,1.445725342368E-16));
#12728 = CARTESIAN_POINT('',(-5.E-02,8.660254037844E-02));
#12729 = CARTESIAN_POINT('',(0.1,0.173205080757));
#12730 = CARTESIAN_POINT('',(0.1,-8.453273510989E-17));
#12731 = ( GEOMETRIC_REPRESENTATION_CONTEXT(2) 
PARAMETRIC_REPRESENTATION_CONTEXT() REPRESENTATION_CONTEXT('2D SPACE',''
  ) );
#12732 = ORIENTED_EDGE('',*,*,#12566,.T.);
#12733 = ADVANCED_FACE('',(#12734),#12695,.F.);
#12734 = FACE_BOUND('',#12735,.T.);
#12735 = EDGE_LOOP('',(#12736,#12759,#12782,#12803));
#12736 = ORIENTED_EDGE('',*,*,#12737,.T.);
#12737 = EDGE_CURVE('',#12652,#12738,#12740,.T.);
#12738 = VERTEX_POINT('',#12739);
#12739 = CARTESIAN_POINT('',(-2.51,-1.4,0.18));
#12740 = SURFACE_CURVE('',#12741,(#12745,#12752),.PCURVE_S1.);
#12741 = LINE('',#12742,#12743);
#12742 = CARTESIAN_POINT('',(-2.21,-1.4,0.18));
#12743 = VECTOR('',#12744,1.);
#12744 = DIRECTION('',(-1.,3.852882063005E-15,0.));
#12745 = PCURVE('',#12695,#12746);
#12746 = DEFINITIONAL_REPRESENTATION('',(#12747),#12751);
#12747 = LINE('',#12748,#12749);
#12748 = CARTESIAN_POINT('',(0.,-0.2));
#12749 = VECTOR('',#12750,1.);
#12750 = DIRECTION('',(-1.,0.));
#12751 = ( GEOMETRIC_REPRESENTATION_CONTEXT(2) 
PARAMETRIC_REPRESENTATION_CONTEXT() REPRESENTATION_CONTEXT('2D SPACE',''
  ) );
#12752 = PCURVE('',#12554,#12753);
#12753 = DEFINITIONAL_REPRESENTATION('',(#12754),#12758);
#12754 = LINE('',#12755,#12756);
#12755 = CARTESIAN_POINT('',(0.1,3.491481338843E-16));
#12756 = VECTOR('',#12757,1.);
#12757 = DIRECTION('',(-3.614007241618E-16,-1.));
#12758 = ( GEOMETRIC_REPRESENTATION_CONTEXT(2) 
PARAMETRIC_REPRESENTATION_CONTEXT() REPRESENTATION_CONTEXT('2D SPACE',''
  ) );
#12759 = ORIENTED_EDGE('',*,*,#12760,.F.);
#12760 = EDGE_CURVE('',#12761,#12738,#12763,.T.);
#12761 = VERTEX_POINT('',#12762);
#12762 = CARTESIAN_POINT('',(-2.51,-1.4,-2.E-02));
#12763 = SURFACE_CURVE('',#12764,(#12768,#12775),.PCURVE_S1.);
#12764 = LINE('',#12765,#12766);
#12765 = CARTESIAN_POINT('',(-2.51,-1.4,-2.E-02));
#12766 = VECTOR('',#12767,1.);
#12767 = DIRECTION('',(-0.,0.,1.));
#12768 = PCURVE('',#12695,#12769);
#12769 = DEFINITIONAL_REPRESENTATION('',(#12770),#12774);
#12770 = LINE('',#12771,#12772);
#12771 = CARTESIAN_POINT('',(-0.3,0.));
#12772 = VECTOR('',#12773,1.);
#12773 = DIRECTION('',(0.,-1.));
#12774 = ( GEOMETRIC_REPRESENTATION_CONTEXT(2) 
PARAMETRIC_REPRESENTATION_CONTEXT() REPRESENTATION_CONTEXT('2D SPACE',''
  ) );
#12775 = PCURVE('',#12636,#12776);
#12776 = DEFINITIONAL_REPRESENTATION('',(#12777),#12781);
#12777 = LINE('',#12778,#12779);
#12778 = CARTESIAN_POINT('',(0.,0.));
#12779 = VECTOR('',#12780,1.);
#12780 = DIRECTION('',(0.,-1.));
#12781 = ( GEOMETRIC_REPRESENTATION_CONTEXT(2) 
PARAMETRIC_REPRESENTATION_CONTEXT() REPRESENTATION_CONTEXT('2D SPACE',''
  ) );
#12782 = ORIENTED_EDGE('',*,*,#12783,.F.);
#12783 = EDGE_CURVE('',#12680,#12761,#12784,.T.);
#12784 = SURFACE_CURVE('',#12785,(#12789,#12796),.PCURVE_S1.);
#12785 = LINE('',#12786,#12787);
#12786 = CARTESIAN_POINT('',(-2.21,-1.4,-2.E-02));
#12787 = VECTOR('',#12788,1.);
#12788 = DIRECTION('',(-1.,3.852882063005E-15,0.));
#12789 = PCURVE('',#12695,#12790);
#12790 = DEFINITIONAL_REPRESENTATION('',(#12791),#12795);
#12791 = LINE('',#12792,#12793);
#12792 = CARTESIAN_POINT('',(0.,0.));
#12793 = VECTOR('',#12794,1.);
#12794 = DIRECTION('',(-1.,0.));
#12795 = ( GEOMETRIC_REPRESENTATION_CONTEXT(2) 
PARAMETRIC_REPRESENTATION_CONTEXT() REPRESENTATION_CONTEXT('2D SPACE',''
  ) );
#12796 = PCURVE('',#12610,#12797);
#12797 = DEFINITIONAL_REPRESENTATION('',(#12798),#12802);
#12798 = LINE('',#12799,#12800);
#12799 = CARTESIAN_POINT('',(0.1,3.491481338843E-16));
#12800 = VECTOR('',#12801,1.);
#12801 = DIRECTION('',(-3.614007241618E-16,-1.));
#12802 = ( GEOMETRIC_REPRESENTATION_CONTEXT(2) 
PARAMETRIC_REPRESENTATION_CONTEXT() REPRESENTATION_CONTEXT('2D SPACE',''
  ) );
#12803 = ORIENTED_EDGE('',*,*,#12679,.T.);
#12804 = ADVANCED_FACE('',(#12805),#12636,.F.);
#12805 = FACE_BOUND('',#12806,.T.);
#12806 = EDGE_LOOP('',(#12807,#12828,#12829,#12850));
#12807 = ORIENTED_EDGE('',*,*,#12808,.T.);
#12808 = EDGE_CURVE('',#12738,#12532,#12809,.T.);
#12809 = SURFACE_CURVE('',#12810,(#12814,#12821),.PCURVE_S1.);
#12810 = LINE('',#12811,#12812);
#12811 = CARTESIAN_POINT('',(-2.51,-1.4,0.18));
#12812 = VECTOR('',#12813,1.);
#12813 = DIRECTION('',(3.627006610404E-15,1.,0.));
#12814 = PCURVE('',#12636,#12815);
#12815 = DEFINITIONAL_REPRESENTATION('',(#12816),#12820);
#12816 = LINE('',#12817,#12818);
#12817 = CARTESIAN_POINT('',(0.,-0.2));
#12818 = VECTOR('',#12819,1.);
#12819 = DIRECTION('',(-1.,0.));
#12820 = ( GEOMETRIC_REPRESENTATION_CONTEXT(2) 
PARAMETRIC_REPRESENTATION_CONTEXT() REPRESENTATION_CONTEXT('2D SPACE',''
  ) );
#12821 = PCURVE('',#12554,#12822);
#12822 = DEFINITIONAL_REPRESENTATION('',(#12823),#12827);
#12823 = LINE('',#12824,#12825);
#12824 = CARTESIAN_POINT('',(1.E-01,-0.3));
#12825 = VECTOR('',#12826,1.);
#12826 = DIRECTION('',(-1.,1.355252715607E-16));
#12827 = ( GEOMETRIC_REPRESENTATION_CONTEXT(2) 
PARAMETRIC_REPRESENTATION_CONTEXT() REPRESENTATION_CONTEXT('2D SPACE',''
  ) );
#12828 = ORIENTED_EDGE('',*,*,#12622,.F.);
#12829 = ORIENTED_EDGE('',*,*,#12830,.F.);
#12830 = EDGE_CURVE('',#12761,#12595,#12831,.T.);
#12831 = SURFACE_CURVE('',#12832,(#12836,#12843),.PCURVE_S1.);
#12832 = LINE('',#12833,#12834);
#12833 = CARTESIAN_POINT('',(-2.51,-1.4,-2.E-02));
#12834 = VECTOR('',#12835,1.);
#12835 = DIRECTION('',(3.627006610404E-15,1.,0.));
#12836 = PCURVE('',#12636,#12837);
#12837 = DEFINITIONAL_REPRESENTATION('',(#12838),#12842);
#12838 = LINE('',#12839,#12840);
#12839 = CARTESIAN_POINT('',(0.,0.));
#12840 = VECTOR('',#12841,1.);
#12841 = DIRECTION('',(-1.,0.));
#12842 = ( GEOMETRIC_REPRESENTATION_CONTEXT(2) 
PARAMETRIC_REPRESENTATION_CONTEXT() REPRESENTATION_CONTEXT('2D SPACE',''
  ) );
#12843 = PCURVE('',#12610,#12844);
#12844 = DEFINITIONAL_REPRESENTATION('',(#12845),#12849);
#12845 = LINE('',#12846,#12847);
#12846 = CARTESIAN_POINT('',(1.E-01,-0.3));
#12847 = VECTOR('',#12848,1.);
#12848 = DIRECTION('',(-1.,1.355252715607E-16));
#12849 = ( GEOMETRIC_REPRESENTATION_CONTEXT(2) 
PARAMETRIC_REPRESENTATION_CONTEXT() REPRESENTATION_CONTEXT('2D SPACE',''
  ) );
#12850 = ORIENTED_EDGE('',*,*,#12760,.T.);
#12851 = ADVANCED_FACE('',(#12852),#12610,.F.);
#12852 = FACE_BOUND('',#12853,.T.);
#12853 = EDGE_LOOP('',(#12854,#12855,#12856,#12857));
#12854 = ORIENTED_EDGE('',*,*,#12594,.T.);
#12855 = ORIENTED_EDGE('',*,*,#12707,.T.);
#12856 = ORIENTED_EDGE('',*,*,#12783,.T.);
#12857 = ORIENTED_EDGE('',*,*,#12830,.T.);
#12858 = ADVANCED_FACE('',(#12859),#12554,.T.);
#12859 = FACE_BOUND('',#12860,.T.);
#12860 = EDGE_LOOP('',(#12861,#12862,#12863,#12864));
#12861 = ORIENTED_EDGE('',*,*,#12531,.F.);
#12862 = ORIENTED_EDGE('',*,*,#12808,.F.);
#12863 = ORIENTED_EDGE('',*,*,#12737,.F.);
#12864 = ORIENTED_EDGE('',*,*,#12651,.F.);
#12865 = MANIFOLD_SOLID_BREP('',#12866);
#12866 = CLOSED_SHELL('',(#12867,#12987,#13073,#13144,#13191,#13198));
#12867 = ADVANCED_FACE('',(#12868),#12882,.F.);
#12868 = FACE_BOUND('',#12869,.T.);
#12869 = EDGE_LOOP('',(#12870,#12905,#12933,#12961));
#12870 = ORIENTED_EDGE('',*,*,#12871,.T.);
#12871 = EDGE_CURVE('',#12872,#12874,#12876,.T.);
#12872 = VERTEX_POINT('',#12873);
#12873 = CARTESIAN_POINT('',(-2.51,-0.55,0.18));
#12874 = VERTEX_POINT('',#12875);
#12875 = CARTESIAN_POINT('',(-2.21,-0.55,0.18));
#12876 = SURFACE_CURVE('',#12877,(#12881,#12893),.PCURVE_S1.);
#12877 = LINE('',#12878,#12879);
#12878 = CARTESIAN_POINT('',(-2.21,-0.55,0.18));
#12879 = VECTOR('',#12880,1.);
#12880 = DIRECTION('',(1.,-3.401131157803E-15,0.));
#12881 = PCURVE('',#12882,#12887);
#12882 = PLANE('',#12883);
#12883 = AXIS2_PLACEMENT_3D('',#12884,#12885,#12886);
#12884 = CARTESIAN_POINT('',(-2.21,-0.55,-2.E-02));
#12885 = DIRECTION('',(-3.401131157803E-15,-1.,0.));
#12886 = DIRECTION('',(-1.,3.401131157803E-15,0.));
#12887 = DEFINITIONAL_REPRESENTATION('',(#12888),#12892);
#12888 = LINE('',#12889,#12890);
#12889 = CARTESIAN_POINT('',(0.,-0.2));
#12890 = VECTOR('',#12891,1.);
#12891 = DIRECTION('',(-1.,-0.));
#12892 = ( GEOMETRIC_REPRESENTATION_CONTEXT(2) 
PARAMETRIC_REPRESENTATION_CONTEXT() REPRESENTATION_CONTEXT('2D SPACE',''
  ) );
#12893 = PCURVE('',#12894,#12899);
#12894 = PLANE('',#12895);
#12895 = AXIS2_PLACEMENT_3D('',#12896,#12897,#12898);
#12896 = CARTESIAN_POINT('',(-2.21,-0.65,0.18));
#12897 = DIRECTION('',(0.,0.,1.));
#12898 = DIRECTION('',(-3.491481338843E-15,-1.,0.));
#12899 = DEFINITIONAL_REPRESENTATION('',(#12900),#12904);
#12900 = LINE('',#12901,#12902);
#12901 = CARTESIAN_POINT('',(-0.1,9.494107596575E-17));
#12902 = VECTOR('',#12903,1.);
#12903 = DIRECTION('',(-9.035018104046E-17,1.));
#12904 = ( GEOMETRIC_REPRESENTATION_CONTEXT(2) 
PARAMETRIC_REPRESENTATION_CONTEXT() REPRESENTATION_CONTEXT('2D SPACE',''
  ) );
#12905 = ORIENTED_EDGE('',*,*,#12906,.F.);
#12906 = EDGE_CURVE('',#12907,#12874,#12909,.T.);
#12907 = VERTEX_POINT('',#12908);
#12908 = CARTESIAN_POINT('',(-2.21,-0.55,-2.E-02));
#12909 = SURFACE_CURVE('',#12910,(#12914,#12921),.PCURVE_S1.);
#12910 = LINE('',#12911,#12912);
#12911 = CARTESIAN_POINT('',(-2.21,-0.55,-2.E-02));
#12912 = VECTOR('',#12913,1.);
#12913 = DIRECTION('',(-0.,0.,1.));
#12914 = PCURVE('',#12882,#12915);
#12915 = DEFINITIONAL_REPRESENTATION('',(#12916),#12920);
#12916 = LINE('',#12917,#12918);
#12917 = CARTESIAN_POINT('',(0.,0.));
#12918 = VECTOR('',#12919,1.);
#12919 = DIRECTION('',(0.,-1.));
#12920 = ( GEOMETRIC_REPRESENTATION_CONTEXT(2) 
PARAMETRIC_REPRESENTATION_CONTEXT() REPRESENTATION_CONTEXT('2D SPACE',''
  ) );
#12921 = PCURVE('',#12922,#12927);
#12922 = CYLINDRICAL_SURFACE('',#12923,0.1);
#12923 = AXIS2_PLACEMENT_3D('',#12924,#12925,#12926);
#12924 = CARTESIAN_POINT('',(-2.21,-0.65,-2.E-02));
#12925 = DIRECTION('',(-0.,0.,1.));
#12926 = DIRECTION('',(-4.336808689942E-15,-1.,0.));
#12927 = DEFINITIONAL_REPRESENTATION('',(#12928),#12932);
#12928 = LINE('',#12929,#12930);
#12929 = CARTESIAN_POINT('',(3.14159265359,0.));
#12930 = VECTOR('',#12931,1.);
#12931 = DIRECTION('',(0.,1.));
#12932 = ( GEOMETRIC_REPRESENTATION_CONTEXT(2) 
PARAMETRIC_REPRESENTATION_CONTEXT() REPRESENTATION_CONTEXT('2D SPACE',''
  ) );
#12933 = ORIENTED_EDGE('',*,*,#12934,.F.);
#12934 = EDGE_CURVE('',#12935,#12907,#12937,.T.);
#12935 = VERTEX_POINT('',#12936);
#12936 = CARTESIAN_POINT('',(-2.51,-0.55,-2.E-02));
#12937 = SURFACE_CURVE('',#12938,(#12942,#12949),.PCURVE_S1.);
#12938 = LINE('',#12939,#12940);
#12939 = CARTESIAN_POINT('',(-2.21,-0.55,-2.E-02));
#12940 = VECTOR('',#12941,1.);
#12941 = DIRECTION('',(1.,-3.401131157803E-15,0.));
#12942 = PCURVE('',#12882,#12943);
#12943 = DEFINITIONAL_REPRESENTATION('',(#12944),#12948);
#12944 = LINE('',#12945,#12946);
#12945 = CARTESIAN_POINT('',(0.,0.));
#12946 = VECTOR('',#12947,1.);
#12947 = DIRECTION('',(-1.,-0.));
#12948 = ( GEOMETRIC_REPRESENTATION_CONTEXT(2) 
PARAMETRIC_REPRESENTATION_CONTEXT() REPRESENTATION_CONTEXT('2D SPACE',''
  ) );
#12949 = PCURVE('',#12950,#12955);
#12950 = PLANE('',#12951);
#12951 = AXIS2_PLACEMENT_3D('',#12952,#12953,#12954);
#12952 = CARTESIAN_POINT('',(-2.21,-0.65,-2.E-02));
#12953 = DIRECTION('',(0.,0.,1.));
#12954 = DIRECTION('',(-3.491481338843E-15,-1.,0.));
#12955 = DEFINITIONAL_REPRESENTATION('',(#12956),#12960);
#12956 = LINE('',#12957,#12958);
#12957 = CARTESIAN_POINT('',(-0.1,9.494107596575E-17));
#12958 = VECTOR('',#12959,1.);
#12959 = DIRECTION('',(-9.035018104046E-17,1.));
#12960 = ( GEOMETRIC_REPRESENTATION_CONTEXT(2) 
PARAMETRIC_REPRESENTATION_CONTEXT() REPRESENTATION_CONTEXT('2D SPACE',''
  ) );
#12961 = ORIENTED_EDGE('',*,*,#12962,.T.);
#12962 = EDGE_CURVE('',#12935,#12872,#12963,.T.);
#12963 = SURFACE_CURVE('',#12964,(#12968,#12975),.PCURVE_S1.);
#12964 = LINE('',#12965,#12966);
#12965 = CARTESIAN_POINT('',(-2.51,-0.55,-2.E-02));
#12966 = VECTOR('',#12967,1.);
#12967 = DIRECTION('',(-0.,0.,1.));
#12968 = PCURVE('',#12882,#12969);
#12969 = DEFINITIONAL_REPRESENTATION('',(#12970),#12974);
#12970 = LINE('',#12971,#12972);
#12971 = CARTESIAN_POINT('',(0.3,0.));
#12972 = VECTOR('',#12973,1.);
#12973 = DIRECTION('',(0.,-1.));
#12974 = ( GEOMETRIC_REPRESENTATION_CONTEXT(2) 
PARAMETRIC_REPRESENTATION_CONTEXT() REPRESENTATION_CONTEXT('2D SPACE',''
  ) );
#12975 = PCURVE('',#12976,#12981);
#12976 = PLANE('',#12977);
#12977 = AXIS2_PLACEMENT_3D('',#12978,#12979,#12980);
#12978 = CARTESIAN_POINT('',(-2.51,-0.75,-2.E-02));
#12979 = DIRECTION('',(1.,-3.627006610404E-15,0.));
#12980 = DIRECTION('',(-3.627006610404E-15,-1.,0.));
#12981 = DEFINITIONAL_REPRESENTATION('',(#12982),#12986);
#12982 = LINE('',#12983,#12984);
#12983 = CARTESIAN_POINT('',(-0.2,0.));
#12984 = VECTOR('',#12985,1.);
#12985 = DIRECTION('',(0.,-1.));
#12986 = ( GEOMETRIC_REPRESENTATION_CONTEXT(2) 
PARAMETRIC_REPRESENTATION_CONTEXT() REPRESENTATION_CONTEXT('2D SPACE',''
  ) );
#12987 = ADVANCED_FACE('',(#12988),#12922,.T.);
#12988 = FACE_BOUND('',#12989,.T.);
#12989 = EDGE_LOOP('',(#12990,#13018,#13046,#13072));
#12990 = ORIENTED_EDGE('',*,*,#12991,.T.);
#12991 = EDGE_CURVE('',#12874,#12992,#12994,.T.);
#12992 = VERTEX_POINT('',#12993);
#12993 = CARTESIAN_POINT('',(-2.21,-0.75,0.18));
#12994 = SURFACE_CURVE('',#12995,(#13000,#13007),.PCURVE_S1.);
#12995 = CIRCLE('',#12996,0.1);
#12996 = AXIS2_PLACEMENT_3D('',#12997,#12998,#12999);
#12997 = CARTESIAN_POINT('',(-2.21,-0.65,0.18));
#12998 = DIRECTION('',(0.,0.,-1.));
#12999 = DIRECTION('',(-4.336808689942E-15,-1.,-0.));
#13000 = PCURVE('',#12922,#13001);
#13001 = DEFINITIONAL_REPRESENTATION('',(#13002),#13006);
#13002 = LINE('',#13003,#13004);
#13003 = CARTESIAN_POINT('',(6.28318530718,0.2));
#13004 = VECTOR('',#13005,1.);
#13005 = DIRECTION('',(-1.,0.));
#13006 = ( GEOMETRIC_REPRESENTATION_CONTEXT(2) 
PARAMETRIC_REPRESENTATION_CONTEXT() REPRESENTATION_CONTEXT('2D SPACE',''
  ) );
#13007 = PCURVE('',#12894,#13008);
#13008 = DEFINITIONAL_REPRESENTATION('',(#13009),#13017);
#13009 = ( BOUNDED_CURVE() B_SPLINE_CURVE(2,(#13010,#13011,#13012,#13013
    ,#13014,#13015,#13016),.UNSPECIFIED.,.T.,.F.) 
B_SPLINE_CURVE_WITH_KNOTS((1,2,2,2,2,1),(-2.094395102393,0.,
    2.094395102393,4.188790204786,6.28318530718,8.377580409573),
.UNSPECIFIED.) CURVE() GEOMETRIC_REPRESENTATION_ITEM() 
RATIONAL_B_SPLINE_CURVE((1.,0.5,1.,0.5,1.,0.5,1.)) REPRESENTATION_ITEM(
  '') );
#13010 = CARTESIAN_POINT('',(0.1,-8.453273510989E-17));
#13011 = CARTESIAN_POINT('',(1.E-01,-0.173205080757));
#13012 = CARTESIAN_POINT('',(-5.E-02,-8.660254037844E-02));
#13013 = CARTESIAN_POINT('',(-0.2,1.445725342368E-16));
#13014 = CARTESIAN_POINT('',(-5.E-02,8.660254037844E-02));
#13015 = CARTESIAN_POINT('',(0.1,0.173205080757));
#13016 = CARTESIAN_POINT('',(0.1,-8.453273510989E-17));
#13017 = ( GEOMETRIC_REPRESENTATION_CONTEXT(2) 
PARAMETRIC_REPRESENTATION_CONTEXT() REPRESENTATION_CONTEXT('2D SPACE',''
  ) );
#13018 = ORIENTED_EDGE('',*,*,#13019,.F.);
#13019 = EDGE_CURVE('',#13020,#12992,#13022,.T.);
#13020 = VERTEX_POINT('',#13021);
#13021 = CARTESIAN_POINT('',(-2.21,-0.75,-2.E-02));
#13022 = SURFACE_CURVE('',#13023,(#13027,#13034),.PCURVE_S1.);
#13023 = LINE('',#13024,#13025);
#13024 = CARTESIAN_POINT('',(-2.21,-0.75,-2.E-02));
#13025 = VECTOR('',#13026,1.);
#13026 = DIRECTION('',(-0.,0.,1.));
#13027 = PCURVE('',#12922,#13028);
#13028 = DEFINITIONAL_REPRESENTATION('',(#13029),#13033);
#13029 = LINE('',#13030,#13031);
#13030 = CARTESIAN_POINT('',(0.,0.));
#13031 = VECTOR('',#13032,1.);
#13032 = DIRECTION('',(0.,1.));
#13033 = ( GEOMETRIC_REPRESENTATION_CONTEXT(2) 
PARAMETRIC_REPRESENTATION_CONTEXT() REPRESENTATION_CONTEXT('2D SPACE',''
  ) );
#13034 = PCURVE('',#13035,#13040);
#13035 = PLANE('',#13036);
#13036 = AXIS2_PLACEMENT_3D('',#13037,#13038,#13039);
#13037 = CARTESIAN_POINT('',(-2.21,-0.75,-2.E-02));
#13038 = DIRECTION('',(3.852882063005E-15,1.,0.));
#13039 = DIRECTION('',(1.,-3.852882063005E-15,0.));
#13040 = DEFINITIONAL_REPRESENTATION('',(#13041),#13045);
#13041 = LINE('',#13042,#13043);
#13042 = CARTESIAN_POINT('',(0.,0.));
#13043 = VECTOR('',#13044,1.);
#13044 = DIRECTION('',(0.,-1.));
#13045 = ( GEOMETRIC_REPRESENTATION_CONTEXT(2) 
PARAMETRIC_REPRESENTATION_CONTEXT() REPRESENTATION_CONTEXT('2D SPACE',''
  ) );
#13046 = ORIENTED_EDGE('',*,*,#13047,.F.);
#13047 = EDGE_CURVE('',#12907,#13020,#13048,.T.);
#13048 = SURFACE_CURVE('',#13049,(#13054,#13061),.PCURVE_S1.);
#13049 = CIRCLE('',#13050,0.1);
#13050 = AXIS2_PLACEMENT_3D('',#13051,#13052,#13053);
#13051 = CARTESIAN_POINT('',(-2.21,-0.65,-2.E-02));
#13052 = DIRECTION('',(0.,0.,-1.));
#13053 = DIRECTION('',(-4.336808689942E-15,-1.,-0.));
#13054 = PCURVE('',#12922,#13055);
#13055 = DEFINITIONAL_REPRESENTATION('',(#13056),#13060);
#13056 = LINE('',#13057,#13058);
#13057 = CARTESIAN_POINT('',(6.28318530718,0.));
#13058 = VECTOR('',#13059,1.);
#13059 = DIRECTION('',(-1.,0.));
#13060 = ( GEOMETRIC_REPRESENTATION_CONTEXT(2) 
PARAMETRIC_REPRESENTATION_CONTEXT() REPRESENTATION_CONTEXT('2D SPACE',''
  ) );
#13061 = PCURVE('',#12950,#13062);
#13062 = DEFINITIONAL_REPRESENTATION('',(#13063),#13071);
#13063 = ( BOUNDED_CURVE() B_SPLINE_CURVE(2,(#13064,#13065,#13066,#13067
    ,#13068,#13069,#13070),.UNSPECIFIED.,.T.,.F.) 
B_SPLINE_CURVE_WITH_KNOTS((1,2,2,2,2,1),(-2.094395102393,0.,
    2.094395102393,4.188790204786,6.28318530718,8.377580409573),
.UNSPECIFIED.) CURVE() GEOMETRIC_REPRESENTATION_ITEM() 
RATIONAL_B_SPLINE_CURVE((1.,0.5,1.,0.5,1.,0.5,1.)) REPRESENTATION_ITEM(
  '') );
#13064 = CARTESIAN_POINT('',(0.1,-8.453273510989E-17));
#13065 = CARTESIAN_POINT('',(1.E-01,-0.173205080757));
#13066 = CARTESIAN_POINT('',(-5.E-02,-8.660254037844E-02));
#13067 = CARTESIAN_POINT('',(-0.2,1.445725342368E-16));
#13068 = CARTESIAN_POINT('',(-5.E-02,8.660254037844E-02));
#13069 = CARTESIAN_POINT('',(0.1,0.173205080757));
#13070 = CARTESIAN_POINT('',(0.1,-8.453273510989E-17));
#13071 = ( GEOMETRIC_REPRESENTATION_CONTEXT(2) 
PARAMETRIC_REPRESENTATION_CONTEXT() REPRESENTATION_CONTEXT('2D SPACE',''
  ) );
#13072 = ORIENTED_EDGE('',*,*,#12906,.T.);
#13073 = ADVANCED_FACE('',(#13074),#13035,.F.);
#13074 = FACE_BOUND('',#13075,.T.);
#13075 = EDGE_LOOP('',(#13076,#13099,#13122,#13143));
#13076 = ORIENTED_EDGE('',*,*,#13077,.T.);
#13077 = EDGE_CURVE('',#12992,#13078,#13080,.T.);
#13078 = VERTEX_POINT('',#13079);
#13079 = CARTESIAN_POINT('',(-2.51,-0.75,0.18));
#13080 = SURFACE_CURVE('',#13081,(#13085,#13092),.PCURVE_S1.);
#13081 = LINE('',#13082,#13083);
#13082 = CARTESIAN_POINT('',(-2.21,-0.75,0.18));
#13083 = VECTOR('',#13084,1.);
#13084 = DIRECTION('',(-1.,3.852882063005E-15,0.));
#13085 = PCURVE('',#13035,#13086);
#13086 = DEFINITIONAL_REPRESENTATION('',(#13087),#13091);
#13087 = LINE('',#13088,#13089);
#13088 = CARTESIAN_POINT('',(0.,-0.2));
#13089 = VECTOR('',#13090,1.);
#13090 = DIRECTION('',(-1.,0.));
#13091 = ( GEOMETRIC_REPRESENTATION_CONTEXT(2) 
PARAMETRIC_REPRESENTATION_CONTEXT() REPRESENTATION_CONTEXT('2D SPACE',''
  ) );
#13092 = PCURVE('',#12894,#13093);
#13093 = DEFINITIONAL_REPRESENTATION('',(#13094),#13098);
#13094 = LINE('',#13095,#13096);
#13095 = CARTESIAN_POINT('',(0.1,3.491481338843E-16));
#13096 = VECTOR('',#13097,1.);
#13097 = DIRECTION('',(-3.614007241618E-16,-1.));
#13098 = ( GEOMETRIC_REPRESENTATION_CONTEXT(2) 
PARAMETRIC_REPRESENTATION_CONTEXT() REPRESENTATION_CONTEXT('2D SPACE',''
  ) );
#13099 = ORIENTED_EDGE('',*,*,#13100,.F.);
#13100 = EDGE_CURVE('',#13101,#13078,#13103,.T.);
#13101 = VERTEX_POINT('',#13102);
#13102 = CARTESIAN_POINT('',(-2.51,-0.75,-2.E-02));
#13103 = SURFACE_CURVE('',#13104,(#13108,#13115),.PCURVE_S1.);
#13104 = LINE('',#13105,#13106);
#13105 = CARTESIAN_POINT('',(-2.51,-0.75,-2.E-02));
#13106 = VECTOR('',#13107,1.);
#13107 = DIRECTION('',(-0.,0.,1.));
#13108 = PCURVE('',#13035,#13109);
#13109 = DEFINITIONAL_REPRESENTATION('',(#13110),#13114);
#13110 = LINE('',#13111,#13112);
#13111 = CARTESIAN_POINT('',(-0.3,0.));
#13112 = VECTOR('',#13113,1.);
#13113 = DIRECTION('',(0.,-1.));
#13114 = ( GEOMETRIC_REPRESENTATION_CONTEXT(2) 
PARAMETRIC_REPRESENTATION_CONTEXT() REPRESENTATION_CONTEXT('2D SPACE',''
  ) );
#13115 = PCURVE('',#12976,#13116);
#13116 = DEFINITIONAL_REPRESENTATION('',(#13117),#13121);
#13117 = LINE('',#13118,#13119);
#13118 = CARTESIAN_POINT('',(0.,0.));
#13119 = VECTOR('',#13120,1.);
#13120 = DIRECTION('',(0.,-1.));
#13121 = ( GEOMETRIC_REPRESENTATION_CONTEXT(2) 
PARAMETRIC_REPRESENTATION_CONTEXT() REPRESENTATION_CONTEXT('2D SPACE',''
  ) );
#13122 = ORIENTED_EDGE('',*,*,#13123,.F.);
#13123 = EDGE_CURVE('',#13020,#13101,#13124,.T.);
#13124 = SURFACE_CURVE('',#13125,(#13129,#13136),.PCURVE_S1.);
#13125 = LINE('',#13126,#13127);
#13126 = CARTESIAN_POINT('',(-2.21,-0.75,-2.E-02));
#13127 = VECTOR('',#13128,1.);
#13128 = DIRECTION('',(-1.,3.852882063005E-15,0.));
#13129 = PCURVE('',#13035,#13130);
#13130 = DEFINITIONAL_REPRESENTATION('',(#13131),#13135);
#13131 = LINE('',#13132,#13133);
#13132 = CARTESIAN_POINT('',(0.,0.));
#13133 = VECTOR('',#13134,1.);
#13134 = DIRECTION('',(-1.,0.));
#13135 = ( GEOMETRIC_REPRESENTATION_CONTEXT(2) 
PARAMETRIC_REPRESENTATION_CONTEXT() REPRESENTATION_CONTEXT('2D SPACE',''
  ) );
#13136 = PCURVE('',#12950,#13137);
#13137 = DEFINITIONAL_REPRESENTATION('',(#13138),#13142);
#13138 = LINE('',#13139,#13140);
#13139 = CARTESIAN_POINT('',(0.1,3.491481338843E-16));
#13140 = VECTOR('',#13141,1.);
#13141 = DIRECTION('',(-3.614007241618E-16,-1.));
#13142 = ( GEOMETRIC_REPRESENTATION_CONTEXT(2) 
PARAMETRIC_REPRESENTATION_CONTEXT() REPRESENTATION_CONTEXT('2D SPACE',''
  ) );
#13143 = ORIENTED_EDGE('',*,*,#13019,.T.);
#13144 = ADVANCED_FACE('',(#13145),#12976,.F.);
#13145 = FACE_BOUND('',#13146,.T.);
#13146 = EDGE_LOOP('',(#13147,#13168,#13169,#13190));
#13147 = ORIENTED_EDGE('',*,*,#13148,.T.);
#13148 = EDGE_CURVE('',#13078,#12872,#13149,.T.);
#13149 = SURFACE_CURVE('',#13150,(#13154,#13161),.PCURVE_S1.);
#13150 = LINE('',#13151,#13152);
#13151 = CARTESIAN_POINT('',(-2.51,-0.75,0.18));
#13152 = VECTOR('',#13153,1.);
#13153 = DIRECTION('',(3.627006610404E-15,1.,0.));
#13154 = PCURVE('',#12976,#13155);
#13155 = DEFINITIONAL_REPRESENTATION('',(#13156),#13160);
#13156 = LINE('',#13157,#13158);
#13157 = CARTESIAN_POINT('',(0.,-0.2));
#13158 = VECTOR('',#13159,1.);
#13159 = DIRECTION('',(-1.,0.));
#13160 = ( GEOMETRIC_REPRESENTATION_CONTEXT(2) 
PARAMETRIC_REPRESENTATION_CONTEXT() REPRESENTATION_CONTEXT('2D SPACE',''
  ) );
#13161 = PCURVE('',#12894,#13162);
#13162 = DEFINITIONAL_REPRESENTATION('',(#13163),#13167);
#13163 = LINE('',#13164,#13165);
#13164 = CARTESIAN_POINT('',(1.E-01,-0.3));
#13165 = VECTOR('',#13166,1.);
#13166 = DIRECTION('',(-1.,1.355252715607E-16));
#13167 = ( GEOMETRIC_REPRESENTATION_CONTEXT(2) 
PARAMETRIC_REPRESENTATION_CONTEXT() REPRESENTATION_CONTEXT('2D SPACE',''
  ) );
#13168 = ORIENTED_EDGE('',*,*,#12962,.F.);
#13169 = ORIENTED_EDGE('',*,*,#13170,.F.);
#13170 = EDGE_CURVE('',#13101,#12935,#13171,.T.);
#13171 = SURFACE_CURVE('',#13172,(#13176,#13183),.PCURVE_S1.);
#13172 = LINE('',#13173,#13174);
#13173 = CARTESIAN_POINT('',(-2.51,-0.75,-2.E-02));
#13174 = VECTOR('',#13175,1.);
#13175 = DIRECTION('',(3.627006610404E-15,1.,0.));
#13176 = PCURVE('',#12976,#13177);
#13177 = DEFINITIONAL_REPRESENTATION('',(#13178),#13182);
#13178 = LINE('',#13179,#13180);
#13179 = CARTESIAN_POINT('',(0.,0.));
#13180 = VECTOR('',#13181,1.);
#13181 = DIRECTION('',(-1.,0.));
#13182 = ( GEOMETRIC_REPRESENTATION_CONTEXT(2) 
PARAMETRIC_REPRESENTATION_CONTEXT() REPRESENTATION_CONTEXT('2D SPACE',''
  ) );
#13183 = PCURVE('',#12950,#13184);
#13184 = DEFINITIONAL_REPRESENTATION('',(#13185),#13189);
#13185 = LINE('',#13186,#13187);
#13186 = CARTESIAN_POINT('',(1.E-01,-0.3));
#13187 = VECTOR('',#13188,1.);
#13188 = DIRECTION('',(-1.,1.355252715607E-16));
#13189 = ( GEOMETRIC_REPRESENTATION_CONTEXT(2) 
PARAMETRIC_REPRESENTATION_CONTEXT() REPRESENTATION_CONTEXT('2D SPACE',''
  ) );
#13190 = ORIENTED_EDGE('',*,*,#13100,.T.);
#13191 = ADVANCED_FACE('',(#13192),#12950,.F.);
#13192 = FACE_BOUND('',#13193,.T.);
#13193 = EDGE_LOOP('',(#13194,#13195,#13196,#13197));
#13194 = ORIENTED_EDGE('',*,*,#12934,.T.);
#13195 = ORIENTED_EDGE('',*,*,#13047,.T.);
#13196 = ORIENTED_EDGE('',*,*,#13123,.T.);
#13197 = ORIENTED_EDGE('',*,*,#13170,.T.);
#13198 = ADVANCED_FACE('',(#13199),#12894,.T.);
#13199 = FACE_BOUND('',#13200,.T.);
#13200 = EDGE_LOOP('',(#13201,#13202,#13203,#13204));
#13201 = ORIENTED_EDGE('',*,*,#12871,.F.);
#13202 = ORIENTED_EDGE('',*,*,#13148,.F.);
#13203 = ORIENTED_EDGE('',*,*,#13077,.F.);
#13204 = ORIENTED_EDGE('',*,*,#12991,.F.);
#13205 = MANIFOLD_SOLID_BREP('',#13206);
#13206 = CLOSED_SHELL('',(#13207,#13327,#13413,#13484,#13531,#13538));
#13207 = ADVANCED_FACE('',(#13208),#13222,.F.);
#13208 = FACE_BOUND('',#13209,.T.);
#13209 = EDGE_LOOP('',(#13210,#13245,#13273,#13301));
#13210 = ORIENTED_EDGE('',*,*,#13211,.T.);
#13211 = EDGE_CURVE('',#13212,#13214,#13216,.T.);
#13212 = VERTEX_POINT('',#13213);
#13213 = CARTESIAN_POINT('',(-2.51,0.1,0.18));
#13214 = VERTEX_POINT('',#13215);
#13215 = CARTESIAN_POINT('',(-2.21,0.1,0.18));
#13216 = SURFACE_CURVE('',#13217,(#13221,#13233),.PCURVE_S1.);
#13217 = LINE('',#13218,#13219);
#13218 = CARTESIAN_POINT('',(-2.21,0.1,0.18));
#13219 = VECTOR('',#13220,1.);
#13220 = DIRECTION('',(1.,-3.401131157803E-15,0.));
#13221 = PCURVE('',#13222,#13227);
#13222 = PLANE('',#13223);
#13223 = AXIS2_PLACEMENT_3D('',#13224,#13225,#13226);
#13224 = CARTESIAN_POINT('',(-2.21,0.1,-2.E-02));
#13225 = DIRECTION('',(-3.401131157803E-15,-1.,0.));
#13226 = DIRECTION('',(-1.,3.401131157803E-15,0.));
#13227 = DEFINITIONAL_REPRESENTATION('',(#13228),#13232);
#13228 = LINE('',#13229,#13230);
#13229 = CARTESIAN_POINT('',(0.,-0.2));
#13230 = VECTOR('',#13231,1.);
#13231 = DIRECTION('',(-1.,-0.));
#13232 = ( GEOMETRIC_REPRESENTATION_CONTEXT(2) 
PARAMETRIC_REPRESENTATION_CONTEXT() REPRESENTATION_CONTEXT('2D SPACE',''
  ) );
#13233 = PCURVE('',#13234,#13239);
#13234 = PLANE('',#13235);
#13235 = AXIS2_PLACEMENT_3D('',#13236,#13237,#13238);
#13236 = CARTESIAN_POINT('',(-2.21,1.635981179038E-14,0.18));
#13237 = DIRECTION('',(0.,0.,1.));
#13238 = DIRECTION('',(-3.491481338843E-15,-1.,0.));
#13239 = DEFINITIONAL_REPRESENTATION('',(#13240),#13244);
#13240 = LINE('',#13241,#13242);
#13241 = CARTESIAN_POINT('',(-0.1,9.494107596575E-17));
#13242 = VECTOR('',#13243,1.);
#13243 = DIRECTION('',(-9.035018104046E-17,1.));
#13244 = ( GEOMETRIC_REPRESENTATION_CONTEXT(2) 
PARAMETRIC_REPRESENTATION_CONTEXT() REPRESENTATION_CONTEXT('2D SPACE',''
  ) );
#13245 = ORIENTED_EDGE('',*,*,#13246,.F.);
#13246 = EDGE_CURVE('',#13247,#13214,#13249,.T.);
#13247 = VERTEX_POINT('',#13248);
#13248 = CARTESIAN_POINT('',(-2.21,0.1,-2.E-02));
#13249 = SURFACE_CURVE('',#13250,(#13254,#13261),.PCURVE_S1.);
#13250 = LINE('',#13251,#13252);
#13251 = CARTESIAN_POINT('',(-2.21,0.1,-2.E-02));
#13252 = VECTOR('',#13253,1.);
#13253 = DIRECTION('',(-0.,0.,1.));
#13254 = PCURVE('',#13222,#13255);
#13255 = DEFINITIONAL_REPRESENTATION('',(#13256),#13260);
#13256 = LINE('',#13257,#13258);
#13257 = CARTESIAN_POINT('',(0.,0.));
#13258 = VECTOR('',#13259,1.);
#13259 = DIRECTION('',(0.,-1.));
#13260 = ( GEOMETRIC_REPRESENTATION_CONTEXT(2) 
PARAMETRIC_REPRESENTATION_CONTEXT() REPRESENTATION_CONTEXT('2D SPACE',''
  ) );
#13261 = PCURVE('',#13262,#13267);
#13262 = CYLINDRICAL_SURFACE('',#13263,0.1);
#13263 = AXIS2_PLACEMENT_3D('',#13264,#13265,#13266);
#13264 = CARTESIAN_POINT('',(-2.21,1.635981179038E-14,-2.E-02));
#13265 = DIRECTION('',(-0.,0.,1.));
#13266 = DIRECTION('',(-4.336808689942E-15,-1.,0.));
#13267 = DEFINITIONAL_REPRESENTATION('',(#13268),#13272);
#13268 = LINE('',#13269,#13270);
#13269 = CARTESIAN_POINT('',(3.14159265359,0.));
#13270 = VECTOR('',#13271,1.);
#13271 = DIRECTION('',(0.,1.));
#13272 = ( GEOMETRIC_REPRESENTATION_CONTEXT(2) 
PARAMETRIC_REPRESENTATION_CONTEXT() REPRESENTATION_CONTEXT('2D SPACE',''
  ) );
#13273 = ORIENTED_EDGE('',*,*,#13274,.F.);
#13274 = EDGE_CURVE('',#13275,#13247,#13277,.T.);
#13275 = VERTEX_POINT('',#13276);
#13276 = CARTESIAN_POINT('',(-2.51,0.1,-2.E-02));
#13277 = SURFACE_CURVE('',#13278,(#13282,#13289),.PCURVE_S1.);
#13278 = LINE('',#13279,#13280);
#13279 = CARTESIAN_POINT('',(-2.21,0.1,-2.E-02));
#13280 = VECTOR('',#13281,1.);
#13281 = DIRECTION('',(1.,-3.401131157803E-15,0.));
#13282 = PCURVE('',#13222,#13283);
#13283 = DEFINITIONAL_REPRESENTATION('',(#13284),#13288);
#13284 = LINE('',#13285,#13286);
#13285 = CARTESIAN_POINT('',(0.,0.));
#13286 = VECTOR('',#13287,1.);
#13287 = DIRECTION('',(-1.,-0.));
#13288 = ( GEOMETRIC_REPRESENTATION_CONTEXT(2) 
PARAMETRIC_REPRESENTATION_CONTEXT() REPRESENTATION_CONTEXT('2D SPACE',''
  ) );
#13289 = PCURVE('',#13290,#13295);
#13290 = PLANE('',#13291);
#13291 = AXIS2_PLACEMENT_3D('',#13292,#13293,#13294);
#13292 = CARTESIAN_POINT('',(-2.21,1.635981179038E-14,-2.E-02));
#13293 = DIRECTION('',(0.,0.,1.));
#13294 = DIRECTION('',(-3.491481338843E-15,-1.,0.));
#13295 = DEFINITIONAL_REPRESENTATION('',(#13296),#13300);
#13296 = LINE('',#13297,#13298);
#13297 = CARTESIAN_POINT('',(-0.1,9.494107596575E-17));
#13298 = VECTOR('',#13299,1.);
#13299 = DIRECTION('',(-9.035018104046E-17,1.));
#13300 = ( GEOMETRIC_REPRESENTATION_CONTEXT(2) 
PARAMETRIC_REPRESENTATION_CONTEXT() REPRESENTATION_CONTEXT('2D SPACE',''
  ) );
#13301 = ORIENTED_EDGE('',*,*,#13302,.T.);
#13302 = EDGE_CURVE('',#13275,#13212,#13303,.T.);
#13303 = SURFACE_CURVE('',#13304,(#13308,#13315),.PCURVE_S1.);
#13304 = LINE('',#13305,#13306);
#13305 = CARTESIAN_POINT('',(-2.51,0.1,-2.E-02));
#13306 = VECTOR('',#13307,1.);
#13307 = DIRECTION('',(-0.,0.,1.));
#13308 = PCURVE('',#13222,#13309);
#13309 = DEFINITIONAL_REPRESENTATION('',(#13310),#13314);
#13310 = LINE('',#13311,#13312);
#13311 = CARTESIAN_POINT('',(0.3,0.));
#13312 = VECTOR('',#13313,1.);
#13313 = DIRECTION('',(0.,-1.));
#13314 = ( GEOMETRIC_REPRESENTATION_CONTEXT(2) 
PARAMETRIC_REPRESENTATION_CONTEXT() REPRESENTATION_CONTEXT('2D SPACE',''
  ) );
#13315 = PCURVE('',#13316,#13321);
#13316 = PLANE('',#13317);
#13317 = AXIS2_PLACEMENT_3D('',#13318,#13319,#13320);
#13318 = CARTESIAN_POINT('',(-2.51,-9.999999999998E-02,-2.E-02));
#13319 = DIRECTION('',(1.,-3.627006610404E-15,0.));
#13320 = DIRECTION('',(-3.627006610404E-15,-1.,0.));
#13321 = DEFINITIONAL_REPRESENTATION('',(#13322),#13326);
#13322 = LINE('',#13323,#13324);
#13323 = CARTESIAN_POINT('',(-0.2,0.));
#13324 = VECTOR('',#13325,1.);
#13325 = DIRECTION('',(0.,-1.));
#13326 = ( GEOMETRIC_REPRESENTATION_CONTEXT(2) 
PARAMETRIC_REPRESENTATION_CONTEXT() REPRESENTATION_CONTEXT('2D SPACE',''
  ) );
#13327 = ADVANCED_FACE('',(#13328),#13262,.T.);
#13328 = FACE_BOUND('',#13329,.T.);
#13329 = EDGE_LOOP('',(#13330,#13358,#13386,#13412));
#13330 = ORIENTED_EDGE('',*,*,#13331,.T.);
#13331 = EDGE_CURVE('',#13214,#13332,#13334,.T.);
#13332 = VERTEX_POINT('',#13333);
#13333 = CARTESIAN_POINT('',(-2.21,-9.999999999998E-02,0.18));
#13334 = SURFACE_CURVE('',#13335,(#13340,#13347),.PCURVE_S1.);
#13335 = CIRCLE('',#13336,0.1);
#13336 = AXIS2_PLACEMENT_3D('',#13337,#13338,#13339);
#13337 = CARTESIAN_POINT('',(-2.21,1.635981179038E-14,0.18));
#13338 = DIRECTION('',(0.,0.,-1.));
#13339 = DIRECTION('',(-4.336808689942E-15,-1.,-0.));
#13340 = PCURVE('',#13262,#13341);
#13341 = DEFINITIONAL_REPRESENTATION('',(#13342),#13346);
#13342 = LINE('',#13343,#13344);
#13343 = CARTESIAN_POINT('',(6.28318530718,0.2));
#13344 = VECTOR('',#13345,1.);
#13345 = DIRECTION('',(-1.,0.));
#13346 = ( GEOMETRIC_REPRESENTATION_CONTEXT(2) 
PARAMETRIC_REPRESENTATION_CONTEXT() REPRESENTATION_CONTEXT('2D SPACE',''
  ) );
#13347 = PCURVE('',#13234,#13348);
#13348 = DEFINITIONAL_REPRESENTATION('',(#13349),#13357);
#13349 = ( BOUNDED_CURVE() B_SPLINE_CURVE(2,(#13350,#13351,#13352,#13353
    ,#13354,#13355,#13356),.UNSPECIFIED.,.T.,.F.) 
B_SPLINE_CURVE_WITH_KNOTS((1,2,2,2,2,1),(-2.094395102393,0.,
    2.094395102393,4.188790204786,6.28318530718,8.377580409573),
.UNSPECIFIED.) CURVE() GEOMETRIC_REPRESENTATION_ITEM() 
RATIONAL_B_SPLINE_CURVE((1.,0.5,1.,0.5,1.,0.5,1.)) REPRESENTATION_ITEM(
  '') );
#13350 = CARTESIAN_POINT('',(0.1,-8.453273510989E-17));
#13351 = CARTESIAN_POINT('',(1.E-01,-0.173205080757));
#13352 = CARTESIAN_POINT('',(-5.E-02,-8.660254037844E-02));
#13353 = CARTESIAN_POINT('',(-0.2,1.445725342368E-16));
#13354 = CARTESIAN_POINT('',(-5.E-02,8.660254037844E-02));
#13355 = CARTESIAN_POINT('',(0.1,0.173205080757));
#13356 = CARTESIAN_POINT('',(0.1,-8.453273510989E-17));
#13357 = ( GEOMETRIC_REPRESENTATION_CONTEXT(2) 
PARAMETRIC_REPRESENTATION_CONTEXT() REPRESENTATION_CONTEXT('2D SPACE',''
  ) );
#13358 = ORIENTED_EDGE('',*,*,#13359,.F.);
#13359 = EDGE_CURVE('',#13360,#13332,#13362,.T.);
#13360 = VERTEX_POINT('',#13361);
#13361 = CARTESIAN_POINT('',(-2.21,-9.999999999998E-02,-2.E-02));
#13362 = SURFACE_CURVE('',#13363,(#13367,#13374),.PCURVE_S1.);
#13363 = LINE('',#13364,#13365);
#13364 = CARTESIAN_POINT('',(-2.21,-9.999999999998E-02,-2.E-02));
#13365 = VECTOR('',#13366,1.);
#13366 = DIRECTION('',(-0.,0.,1.));
#13367 = PCURVE('',#13262,#13368);
#13368 = DEFINITIONAL_REPRESENTATION('',(#13369),#13373);
#13369 = LINE('',#13370,#13371);
#13370 = CARTESIAN_POINT('',(0.,0.));
#13371 = VECTOR('',#13372,1.);
#13372 = DIRECTION('',(0.,1.));
#13373 = ( GEOMETRIC_REPRESENTATION_CONTEXT(2) 
PARAMETRIC_REPRESENTATION_CONTEXT() REPRESENTATION_CONTEXT('2D SPACE',''
  ) );
#13374 = PCURVE('',#13375,#13380);
#13375 = PLANE('',#13376);
#13376 = AXIS2_PLACEMENT_3D('',#13377,#13378,#13379);
#13377 = CARTESIAN_POINT('',(-2.21,-9.999999999998E-02,-2.E-02));
#13378 = DIRECTION('',(3.852882063005E-15,1.,0.));
#13379 = DIRECTION('',(1.,-3.852882063005E-15,0.));
#13380 = DEFINITIONAL_REPRESENTATION('',(#13381),#13385);
#13381 = LINE('',#13382,#13383);
#13382 = CARTESIAN_POINT('',(0.,0.));
#13383 = VECTOR('',#13384,1.);
#13384 = DIRECTION('',(0.,-1.));
#13385 = ( GEOMETRIC_REPRESENTATION_CONTEXT(2) 
PARAMETRIC_REPRESENTATION_CONTEXT() REPRESENTATION_CONTEXT('2D SPACE',''
  ) );
#13386 = ORIENTED_EDGE('',*,*,#13387,.F.);
#13387 = EDGE_CURVE('',#13247,#13360,#13388,.T.);
#13388 = SURFACE_CURVE('',#13389,(#13394,#13401),.PCURVE_S1.);
#13389 = CIRCLE('',#13390,0.1);
#13390 = AXIS2_PLACEMENT_3D('',#13391,#13392,#13393);
#13391 = CARTESIAN_POINT('',(-2.21,1.635981179038E-14,-2.E-02));
#13392 = DIRECTION('',(0.,0.,-1.));
#13393 = DIRECTION('',(-4.336808689942E-15,-1.,-0.));
#13394 = PCURVE('',#13262,#13395);
#13395 = DEFINITIONAL_REPRESENTATION('',(#13396),#13400);
#13396 = LINE('',#13397,#13398);
#13397 = CARTESIAN_POINT('',(6.28318530718,0.));
#13398 = VECTOR('',#13399,1.);
#13399 = DIRECTION('',(-1.,0.));
#13400 = ( GEOMETRIC_REPRESENTATION_CONTEXT(2) 
PARAMETRIC_REPRESENTATION_CONTEXT() REPRESENTATION_CONTEXT('2D SPACE',''
  ) );
#13401 = PCURVE('',#13290,#13402);
#13402 = DEFINITIONAL_REPRESENTATION('',(#13403),#13411);
#13403 = ( BOUNDED_CURVE() B_SPLINE_CURVE(2,(#13404,#13405,#13406,#13407
    ,#13408,#13409,#13410),.UNSPECIFIED.,.T.,.F.) 
B_SPLINE_CURVE_WITH_KNOTS((1,2,2,2,2,1),(-2.094395102393,0.,
    2.094395102393,4.188790204786,6.28318530718,8.377580409573),
.UNSPECIFIED.) CURVE() GEOMETRIC_REPRESENTATION_ITEM() 
RATIONAL_B_SPLINE_CURVE((1.,0.5,1.,0.5,1.,0.5,1.)) REPRESENTATION_ITEM(
  '') );
#13404 = CARTESIAN_POINT('',(0.1,-8.453273510989E-17));
#13405 = CARTESIAN_POINT('',(1.E-01,-0.173205080757));
#13406 = CARTESIAN_POINT('',(-5.E-02,-8.660254037844E-02));
#13407 = CARTESIAN_POINT('',(-0.2,1.445725342368E-16));
#13408 = CARTESIAN_POINT('',(-5.E-02,8.660254037844E-02));
#13409 = CARTESIAN_POINT('',(0.1,0.173205080757));
#13410 = CARTESIAN_POINT('',(0.1,-8.453273510989E-17));
#13411 = ( GEOMETRIC_REPRESENTATION_CONTEXT(2) 
PARAMETRIC_REPRESENTATION_CONTEXT() REPRESENTATION_CONTEXT('2D SPACE',''
  ) );
#13412 = ORIENTED_EDGE('',*,*,#13246,.T.);
#13413 = ADVANCED_FACE('',(#13414),#13375,.F.);
#13414 = FACE_BOUND('',#13415,.T.);
#13415 = EDGE_LOOP('',(#13416,#13439,#13462,#13483));
#13416 = ORIENTED_EDGE('',*,*,#13417,.T.);
#13417 = EDGE_CURVE('',#13332,#13418,#13420,.T.);
#13418 = VERTEX_POINT('',#13419);
#13419 = CARTESIAN_POINT('',(-2.51,-9.999999999998E-02,0.18));
#13420 = SURFACE_CURVE('',#13421,(#13425,#13432),.PCURVE_S1.);
#13421 = LINE('',#13422,#13423);
#13422 = CARTESIAN_POINT('',(-2.21,-9.999999999998E-02,0.18));
#13423 = VECTOR('',#13424,1.);
#13424 = DIRECTION('',(-1.,3.852882063005E-15,0.));
#13425 = PCURVE('',#13375,#13426);
#13426 = DEFINITIONAL_REPRESENTATION('',(#13427),#13431);
#13427 = LINE('',#13428,#13429);
#13428 = CARTESIAN_POINT('',(0.,-0.2));
#13429 = VECTOR('',#13430,1.);
#13430 = DIRECTION('',(-1.,0.));
#13431 = ( GEOMETRIC_REPRESENTATION_CONTEXT(2) 
PARAMETRIC_REPRESENTATION_CONTEXT() REPRESENTATION_CONTEXT('2D SPACE',''
  ) );
#13432 = PCURVE('',#13234,#13433);
#13433 = DEFINITIONAL_REPRESENTATION('',(#13434),#13438);
#13434 = LINE('',#13435,#13436);
#13435 = CARTESIAN_POINT('',(0.1,3.491481338843E-16));
#13436 = VECTOR('',#13437,1.);
#13437 = DIRECTION('',(-3.614007241618E-16,-1.));
#13438 = ( GEOMETRIC_REPRESENTATION_CONTEXT(2) 
PARAMETRIC_REPRESENTATION_CONTEXT() REPRESENTATION_CONTEXT('2D SPACE',''
  ) );
#13439 = ORIENTED_EDGE('',*,*,#13440,.F.);
#13440 = EDGE_CURVE('',#13441,#13418,#13443,.T.);
#13441 = VERTEX_POINT('',#13442);
#13442 = CARTESIAN_POINT('',(-2.51,-9.999999999998E-02,-2.E-02));
#13443 = SURFACE_CURVE('',#13444,(#13448,#13455),.PCURVE_S1.);
#13444 = LINE('',#13445,#13446);
#13445 = CARTESIAN_POINT('',(-2.51,-9.999999999998E-02,-2.E-02));
#13446 = VECTOR('',#13447,1.);
#13447 = DIRECTION('',(-0.,0.,1.));
#13448 = PCURVE('',#13375,#13449);
#13449 = DEFINITIONAL_REPRESENTATION('',(#13450),#13454);
#13450 = LINE('',#13451,#13452);
#13451 = CARTESIAN_POINT('',(-0.3,0.));
#13452 = VECTOR('',#13453,1.);
#13453 = DIRECTION('',(0.,-1.));
#13454 = ( GEOMETRIC_REPRESENTATION_CONTEXT(2) 
PARAMETRIC_REPRESENTATION_CONTEXT() REPRESENTATION_CONTEXT('2D SPACE',''
  ) );
#13455 = PCURVE('',#13316,#13456);
#13456 = DEFINITIONAL_REPRESENTATION('',(#13457),#13461);
#13457 = LINE('',#13458,#13459);
#13458 = CARTESIAN_POINT('',(0.,0.));
#13459 = VECTOR('',#13460,1.);
#13460 = DIRECTION('',(0.,-1.));
#13461 = ( GEOMETRIC_REPRESENTATION_CONTEXT(2) 
PARAMETRIC_REPRESENTATION_CONTEXT() REPRESENTATION_CONTEXT('2D SPACE',''
  ) );
#13462 = ORIENTED_EDGE('',*,*,#13463,.F.);
#13463 = EDGE_CURVE('',#13360,#13441,#13464,.T.);
#13464 = SURFACE_CURVE('',#13465,(#13469,#13476),.PCURVE_S1.);
#13465 = LINE('',#13466,#13467);
#13466 = CARTESIAN_POINT('',(-2.21,-9.999999999998E-02,-2.E-02));
#13467 = VECTOR('',#13468,1.);
#13468 = DIRECTION('',(-1.,3.852882063005E-15,0.));
#13469 = PCURVE('',#13375,#13470);
#13470 = DEFINITIONAL_REPRESENTATION('',(#13471),#13475);
#13471 = LINE('',#13472,#13473);
#13472 = CARTESIAN_POINT('',(0.,0.));
#13473 = VECTOR('',#13474,1.);
#13474 = DIRECTION('',(-1.,0.));
#13475 = ( GEOMETRIC_REPRESENTATION_CONTEXT(2) 
PARAMETRIC_REPRESENTATION_CONTEXT() REPRESENTATION_CONTEXT('2D SPACE',''
  ) );
#13476 = PCURVE('',#13290,#13477);
#13477 = DEFINITIONAL_REPRESENTATION('',(#13478),#13482);
#13478 = LINE('',#13479,#13480);
#13479 = CARTESIAN_POINT('',(0.1,3.491481338843E-16));
#13480 = VECTOR('',#13481,1.);
#13481 = DIRECTION('',(-3.614007241618E-16,-1.));
#13482 = ( GEOMETRIC_REPRESENTATION_CONTEXT(2) 
PARAMETRIC_REPRESENTATION_CONTEXT() REPRESENTATION_CONTEXT('2D SPACE',''
  ) );
#13483 = ORIENTED_EDGE('',*,*,#13359,.T.);
#13484 = ADVANCED_FACE('',(#13485),#13316,.F.);
#13485 = FACE_BOUND('',#13486,.T.);
#13486 = EDGE_LOOP('',(#13487,#13508,#13509,#13530));
#13487 = ORIENTED_EDGE('',*,*,#13488,.T.);
#13488 = EDGE_CURVE('',#13418,#13212,#13489,.T.);
#13489 = SURFACE_CURVE('',#13490,(#13494,#13501),.PCURVE_S1.);
#13490 = LINE('',#13491,#13492);
#13491 = CARTESIAN_POINT('',(-2.51,-9.999999999998E-02,0.18));
#13492 = VECTOR('',#13493,1.);
#13493 = DIRECTION('',(3.627006610404E-15,1.,0.));
#13494 = PCURVE('',#13316,#13495);
#13495 = DEFINITIONAL_REPRESENTATION('',(#13496),#13500);
#13496 = LINE('',#13497,#13498);
#13497 = CARTESIAN_POINT('',(0.,-0.2));
#13498 = VECTOR('',#13499,1.);
#13499 = DIRECTION('',(-1.,0.));
#13500 = ( GEOMETRIC_REPRESENTATION_CONTEXT(2) 
PARAMETRIC_REPRESENTATION_CONTEXT() REPRESENTATION_CONTEXT('2D SPACE',''
  ) );
#13501 = PCURVE('',#13234,#13502);
#13502 = DEFINITIONAL_REPRESENTATION('',(#13503),#13507);
#13503 = LINE('',#13504,#13505);
#13504 = CARTESIAN_POINT('',(1.E-01,-0.3));
#13505 = VECTOR('',#13506,1.);
#13506 = DIRECTION('',(-1.,1.355252715607E-16));
#13507 = ( GEOMETRIC_REPRESENTATION_CONTEXT(2) 
PARAMETRIC_REPRESENTATION_CONTEXT() REPRESENTATION_CONTEXT('2D SPACE',''
  ) );
#13508 = ORIENTED_EDGE('',*,*,#13302,.F.);
#13509 = ORIENTED_EDGE('',*,*,#13510,.F.);
#13510 = EDGE_CURVE('',#13441,#13275,#13511,.T.);
#13511 = SURFACE_CURVE('',#13512,(#13516,#13523),.PCURVE_S1.);
#13512 = LINE('',#13513,#13514);
#13513 = CARTESIAN_POINT('',(-2.51,-9.999999999998E-02,-2.E-02));
#13514 = VECTOR('',#13515,1.);
#13515 = DIRECTION('',(3.627006610404E-15,1.,0.));
#13516 = PCURVE('',#13316,#13517);
#13517 = DEFINITIONAL_REPRESENTATION('',(#13518),#13522);
#13518 = LINE('',#13519,#13520);
#13519 = CARTESIAN_POINT('',(0.,0.));
#13520 = VECTOR('',#13521,1.);
#13521 = DIRECTION('',(-1.,0.));
#13522 = ( GEOMETRIC_REPRESENTATION_CONTEXT(2) 
PARAMETRIC_REPRESENTATION_CONTEXT() REPRESENTATION_CONTEXT('2D SPACE',''
  ) );
#13523 = PCURVE('',#13290,#13524);
#13524 = DEFINITIONAL_REPRESENTATION('',(#13525),#13529);
#13525 = LINE('',#13526,#13527);
#13526 = CARTESIAN_POINT('',(1.E-01,-0.3));
#13527 = VECTOR('',#13528,1.);
#13528 = DIRECTION('',(-1.,1.355252715607E-16));
#13529 = ( GEOMETRIC_REPRESENTATION_CONTEXT(2) 
PARAMETRIC_REPRESENTATION_CONTEXT() REPRESENTATION_CONTEXT('2D SPACE',''
  ) );
#13530 = ORIENTED_EDGE('',*,*,#13440,.T.);
#13531 = ADVANCED_FACE('',(#13532),#13290,.F.);
#13532 = FACE_BOUND('',#13533,.T.);
#13533 = EDGE_LOOP('',(#13534,#13535,#13536,#13537));
#13534 = ORIENTED_EDGE('',*,*,#13274,.T.);
#13535 = ORIENTED_EDGE('',*,*,#13387,.T.);
#13536 = ORIENTED_EDGE('',*,*,#13463,.T.);
#13537 = ORIENTED_EDGE('',*,*,#13510,.T.);
#13538 = ADVANCED_FACE('',(#13539),#13234,.T.);
#13539 = FACE_BOUND('',#13540,.T.);
#13540 = EDGE_LOOP('',(#13541,#13542,#13543,#13544));
#13541 = ORIENTED_EDGE('',*,*,#13211,.F.);
#13542 = ORIENTED_EDGE('',*,*,#13488,.F.);
#13543 = ORIENTED_EDGE('',*,*,#13417,.F.);
#13544 = ORIENTED_EDGE('',*,*,#13331,.F.);
#13545 = MANIFOLD_SOLID_BREP('',#13546);
#13546 = CLOSED_SHELL('',(#13547,#13667,#13753,#13824,#13871,#13878));
#13547 = ADVANCED_FACE('',(#13548),#13562,.F.);
#13548 = FACE_BOUND('',#13549,.T.);
#13549 = EDGE_LOOP('',(#13550,#13585,#13613,#13641));
#13550 = ORIENTED_EDGE('',*,*,#13551,.T.);
#13551 = EDGE_CURVE('',#13552,#13554,#13556,.T.);
#13552 = VERTEX_POINT('',#13553);
#13553 = CARTESIAN_POINT('',(-2.51,0.75,0.18));
#13554 = VERTEX_POINT('',#13555);
#13555 = CARTESIAN_POINT('',(-2.21,0.75,0.18));
#13556 = SURFACE_CURVE('',#13557,(#13561,#13573),.PCURVE_S1.);
#13557 = LINE('',#13558,#13559);
#13558 = CARTESIAN_POINT('',(-2.21,0.75,0.18));
#13559 = VECTOR('',#13560,1.);
#13560 = DIRECTION('',(1.,-3.401131157803E-15,0.));
#13561 = PCURVE('',#13562,#13567);
#13562 = PLANE('',#13563);
#13563 = AXIS2_PLACEMENT_3D('',#13564,#13565,#13566);
#13564 = CARTESIAN_POINT('',(-2.21,0.75,-2.E-02));
#13565 = DIRECTION('',(-3.401131157803E-15,-1.,0.));
#13566 = DIRECTION('',(-1.,3.401131157803E-15,0.));
#13567 = DEFINITIONAL_REPRESENTATION('',(#13568),#13572);
#13568 = LINE('',#13569,#13570);
#13569 = CARTESIAN_POINT('',(0.,-0.2));
#13570 = VECTOR('',#13571,1.);
#13571 = DIRECTION('',(-1.,-0.));
#13572 = ( GEOMETRIC_REPRESENTATION_CONTEXT(2) 
PARAMETRIC_REPRESENTATION_CONTEXT() REPRESENTATION_CONTEXT('2D SPACE',''
  ) );
#13573 = PCURVE('',#13574,#13579);
#13574 = PLANE('',#13575);
#13575 = AXIS2_PLACEMENT_3D('',#13576,#13577,#13578);
#13576 = CARTESIAN_POINT('',(-2.21,0.65,0.18));
#13577 = DIRECTION('',(0.,0.,1.));
#13578 = DIRECTION('',(-3.491481338843E-15,-1.,0.));
#13579 = DEFINITIONAL_REPRESENTATION('',(#13580),#13584);
#13580 = LINE('',#13581,#13582);
#13581 = CARTESIAN_POINT('',(-0.1,9.494107596575E-17));
#13582 = VECTOR('',#13583,1.);
#13583 = DIRECTION('',(-9.035018104046E-17,1.));
#13584 = ( GEOMETRIC_REPRESENTATION_CONTEXT(2) 
PARAMETRIC_REPRESENTATION_CONTEXT() REPRESENTATION_CONTEXT('2D SPACE',''
  ) );
#13585 = ORIENTED_EDGE('',*,*,#13586,.F.);
#13586 = EDGE_CURVE('',#13587,#13554,#13589,.T.);
#13587 = VERTEX_POINT('',#13588);
#13588 = CARTESIAN_POINT('',(-2.21,0.75,-2.E-02));
#13589 = SURFACE_CURVE('',#13590,(#13594,#13601),.PCURVE_S1.);
#13590 = LINE('',#13591,#13592);
#13591 = CARTESIAN_POINT('',(-2.21,0.75,-2.E-02));
#13592 = VECTOR('',#13593,1.);
#13593 = DIRECTION('',(-0.,0.,1.));
#13594 = PCURVE('',#13562,#13595);
#13595 = DEFINITIONAL_REPRESENTATION('',(#13596),#13600);
#13596 = LINE('',#13597,#13598);
#13597 = CARTESIAN_POINT('',(0.,0.));
#13598 = VECTOR('',#13599,1.);
#13599 = DIRECTION('',(0.,-1.));
#13600 = ( GEOMETRIC_REPRESENTATION_CONTEXT(2) 
PARAMETRIC_REPRESENTATION_CONTEXT() REPRESENTATION_CONTEXT('2D SPACE',''
  ) );
#13601 = PCURVE('',#13602,#13607);
#13602 = CYLINDRICAL_SURFACE('',#13603,0.1);
#13603 = AXIS2_PLACEMENT_3D('',#13604,#13605,#13606);
#13604 = CARTESIAN_POINT('',(-2.21,0.65,-2.E-02));
#13605 = DIRECTION('',(-0.,0.,1.));
#13606 = DIRECTION('',(-4.336808689942E-15,-1.,0.));
#13607 = DEFINITIONAL_REPRESENTATION('',(#13608),#13612);
#13608 = LINE('',#13609,#13610);
#13609 = CARTESIAN_POINT('',(3.14159265359,0.));
#13610 = VECTOR('',#13611,1.);
#13611 = DIRECTION('',(0.,1.));
#13612 = ( GEOMETRIC_REPRESENTATION_CONTEXT(2) 
PARAMETRIC_REPRESENTATION_CONTEXT() REPRESENTATION_CONTEXT('2D SPACE',''
  ) );
#13613 = ORIENTED_EDGE('',*,*,#13614,.F.);
#13614 = EDGE_CURVE('',#13615,#13587,#13617,.T.);
#13615 = VERTEX_POINT('',#13616);
#13616 = CARTESIAN_POINT('',(-2.51,0.75,-2.E-02));
#13617 = SURFACE_CURVE('',#13618,(#13622,#13629),.PCURVE_S1.);
#13618 = LINE('',#13619,#13620);
#13619 = CARTESIAN_POINT('',(-2.21,0.75,-2.E-02));
#13620 = VECTOR('',#13621,1.);
#13621 = DIRECTION('',(1.,-3.401131157803E-15,0.));
#13622 = PCURVE('',#13562,#13623);
#13623 = DEFINITIONAL_REPRESENTATION('',(#13624),#13628);
#13624 = LINE('',#13625,#13626);
#13625 = CARTESIAN_POINT('',(0.,0.));
#13626 = VECTOR('',#13627,1.);
#13627 = DIRECTION('',(-1.,-0.));
#13628 = ( GEOMETRIC_REPRESENTATION_CONTEXT(2) 
PARAMETRIC_REPRESENTATION_CONTEXT() REPRESENTATION_CONTEXT('2D SPACE',''
  ) );
#13629 = PCURVE('',#13630,#13635);
#13630 = PLANE('',#13631);
#13631 = AXIS2_PLACEMENT_3D('',#13632,#13633,#13634);
#13632 = CARTESIAN_POINT('',(-2.21,0.65,-2.E-02));
#13633 = DIRECTION('',(0.,0.,1.));
#13634 = DIRECTION('',(-3.491481338843E-15,-1.,0.));
#13635 = DEFINITIONAL_REPRESENTATION('',(#13636),#13640);
#13636 = LINE('',#13637,#13638);
#13637 = CARTESIAN_POINT('',(-0.1,9.494107596575E-17));
#13638 = VECTOR('',#13639,1.);
#13639 = DIRECTION('',(-9.035018104046E-17,1.));
#13640 = ( GEOMETRIC_REPRESENTATION_CONTEXT(2) 
PARAMETRIC_REPRESENTATION_CONTEXT() REPRESENTATION_CONTEXT('2D SPACE',''
  ) );
#13641 = ORIENTED_EDGE('',*,*,#13642,.T.);
#13642 = EDGE_CURVE('',#13615,#13552,#13643,.T.);
#13643 = SURFACE_CURVE('',#13644,(#13648,#13655),.PCURVE_S1.);
#13644 = LINE('',#13645,#13646);
#13645 = CARTESIAN_POINT('',(-2.51,0.75,-2.E-02));
#13646 = VECTOR('',#13647,1.);
#13647 = DIRECTION('',(-0.,0.,1.));
#13648 = PCURVE('',#13562,#13649);
#13649 = DEFINITIONAL_REPRESENTATION('',(#13650),#13654);
#13650 = LINE('',#13651,#13652);
#13651 = CARTESIAN_POINT('',(0.3,0.));
#13652 = VECTOR('',#13653,1.);
#13653 = DIRECTION('',(0.,-1.));
#13654 = ( GEOMETRIC_REPRESENTATION_CONTEXT(2) 
PARAMETRIC_REPRESENTATION_CONTEXT() REPRESENTATION_CONTEXT('2D SPACE',''
  ) );
#13655 = PCURVE('',#13656,#13661);
#13656 = PLANE('',#13657);
#13657 = AXIS2_PLACEMENT_3D('',#13658,#13659,#13660);
#13658 = CARTESIAN_POINT('',(-2.51,0.55,-2.E-02));
#13659 = DIRECTION('',(1.,-3.627006610404E-15,0.));
#13660 = DIRECTION('',(-3.627006610404E-15,-1.,0.));
#13661 = DEFINITIONAL_REPRESENTATION('',(#13662),#13666);
#13662 = LINE('',#13663,#13664);
#13663 = CARTESIAN_POINT('',(-0.2,0.));
#13664 = VECTOR('',#13665,1.);
#13665 = DIRECTION('',(0.,-1.));
#13666 = ( GEOMETRIC_REPRESENTATION_CONTEXT(2) 
PARAMETRIC_REPRESENTATION_CONTEXT() REPRESENTATION_CONTEXT('2D SPACE',''
  ) );
#13667 = ADVANCED_FACE('',(#13668),#13602,.T.);
#13668 = FACE_BOUND('',#13669,.T.);
#13669 = EDGE_LOOP('',(#13670,#13698,#13726,#13752));
#13670 = ORIENTED_EDGE('',*,*,#13671,.T.);
#13671 = EDGE_CURVE('',#13554,#13672,#13674,.T.);
#13672 = VERTEX_POINT('',#13673);
#13673 = CARTESIAN_POINT('',(-2.21,0.55,0.18));
#13674 = SURFACE_CURVE('',#13675,(#13680,#13687),.PCURVE_S1.);
#13675 = CIRCLE('',#13676,0.1);
#13676 = AXIS2_PLACEMENT_3D('',#13677,#13678,#13679);
#13677 = CARTESIAN_POINT('',(-2.21,0.65,0.18));
#13678 = DIRECTION('',(0.,0.,-1.));
#13679 = DIRECTION('',(-4.336808689942E-15,-1.,-0.));
#13680 = PCURVE('',#13602,#13681);
#13681 = DEFINITIONAL_REPRESENTATION('',(#13682),#13686);
#13682 = LINE('',#13683,#13684);
#13683 = CARTESIAN_POINT('',(6.28318530718,0.2));
#13684 = VECTOR('',#13685,1.);
#13685 = DIRECTION('',(-1.,0.));
#13686 = ( GEOMETRIC_REPRESENTATION_CONTEXT(2) 
PARAMETRIC_REPRESENTATION_CONTEXT() REPRESENTATION_CONTEXT('2D SPACE',''
  ) );
#13687 = PCURVE('',#13574,#13688);
#13688 = DEFINITIONAL_REPRESENTATION('',(#13689),#13697);
#13689 = ( BOUNDED_CURVE() B_SPLINE_CURVE(2,(#13690,#13691,#13692,#13693
    ,#13694,#13695,#13696),.UNSPECIFIED.,.T.,.F.) 
B_SPLINE_CURVE_WITH_KNOTS((1,2,2,2,2,1),(-2.094395102393,0.,
    2.094395102393,4.188790204786,6.28318530718,8.377580409573),
.UNSPECIFIED.) CURVE() GEOMETRIC_REPRESENTATION_ITEM() 
RATIONAL_B_SPLINE_CURVE((1.,0.5,1.,0.5,1.,0.5,1.)) REPRESENTATION_ITEM(
  '') );
#13690 = CARTESIAN_POINT('',(0.1,-8.453273510989E-17));
#13691 = CARTESIAN_POINT('',(1.E-01,-0.173205080757));
#13692 = CARTESIAN_POINT('',(-5.E-02,-8.660254037844E-02));
#13693 = CARTESIAN_POINT('',(-0.2,1.445725342368E-16));
#13694 = CARTESIAN_POINT('',(-5.E-02,8.660254037844E-02));
#13695 = CARTESIAN_POINT('',(0.1,0.173205080757));
#13696 = CARTESIAN_POINT('',(0.1,-8.453273510989E-17));
#13697 = ( GEOMETRIC_REPRESENTATION_CONTEXT(2) 
PARAMETRIC_REPRESENTATION_CONTEXT() REPRESENTATION_CONTEXT('2D SPACE',''
  ) );
#13698 = ORIENTED_EDGE('',*,*,#13699,.F.);
#13699 = EDGE_CURVE('',#13700,#13672,#13702,.T.);
#13700 = VERTEX_POINT('',#13701);
#13701 = CARTESIAN_POINT('',(-2.21,0.55,-2.E-02));
#13702 = SURFACE_CURVE('',#13703,(#13707,#13714),.PCURVE_S1.);
#13703 = LINE('',#13704,#13705);
#13704 = CARTESIAN_POINT('',(-2.21,0.55,-2.E-02));
#13705 = VECTOR('',#13706,1.);
#13706 = DIRECTION('',(-0.,0.,1.));
#13707 = PCURVE('',#13602,#13708);
#13708 = DEFINITIONAL_REPRESENTATION('',(#13709),#13713);
#13709 = LINE('',#13710,#13711);
#13710 = CARTESIAN_POINT('',(0.,0.));
#13711 = VECTOR('',#13712,1.);
#13712 = DIRECTION('',(0.,1.));
#13713 = ( GEOMETRIC_REPRESENTATION_CONTEXT(2) 
PARAMETRIC_REPRESENTATION_CONTEXT() REPRESENTATION_CONTEXT('2D SPACE',''
  ) );
#13714 = PCURVE('',#13715,#13720);
#13715 = PLANE('',#13716);
#13716 = AXIS2_PLACEMENT_3D('',#13717,#13718,#13719);
#13717 = CARTESIAN_POINT('',(-2.21,0.55,-2.E-02));
#13718 = DIRECTION('',(3.852882063005E-15,1.,0.));
#13719 = DIRECTION('',(1.,-3.852882063005E-15,0.));
#13720 = DEFINITIONAL_REPRESENTATION('',(#13721),#13725);
#13721 = LINE('',#13722,#13723);
#13722 = CARTESIAN_POINT('',(0.,0.));
#13723 = VECTOR('',#13724,1.);
#13724 = DIRECTION('',(0.,-1.));
#13725 = ( GEOMETRIC_REPRESENTATION_CONTEXT(2) 
PARAMETRIC_REPRESENTATION_CONTEXT() REPRESENTATION_CONTEXT('2D SPACE',''
  ) );
#13726 = ORIENTED_EDGE('',*,*,#13727,.F.);
#13727 = EDGE_CURVE('',#13587,#13700,#13728,.T.);
#13728 = SURFACE_CURVE('',#13729,(#13734,#13741),.PCURVE_S1.);
#13729 = CIRCLE('',#13730,0.1);
#13730 = AXIS2_PLACEMENT_3D('',#13731,#13732,#13733);
#13731 = CARTESIAN_POINT('',(-2.21,0.65,-2.E-02));
#13732 = DIRECTION('',(0.,0.,-1.));
#13733 = DIRECTION('',(-4.336808689942E-15,-1.,-0.));
#13734 = PCURVE('',#13602,#13735);
#13735 = DEFINITIONAL_REPRESENTATION('',(#13736),#13740);
#13736 = LINE('',#13737,#13738);
#13737 = CARTESIAN_POINT('',(6.28318530718,0.));
#13738 = VECTOR('',#13739,1.);
#13739 = DIRECTION('',(-1.,0.));
#13740 = ( GEOMETRIC_REPRESENTATION_CONTEXT(2) 
PARAMETRIC_REPRESENTATION_CONTEXT() REPRESENTATION_CONTEXT('2D SPACE',''
  ) );
#13741 = PCURVE('',#13630,#13742);
#13742 = DEFINITIONAL_REPRESENTATION('',(#13743),#13751);
#13743 = ( BOUNDED_CURVE() B_SPLINE_CURVE(2,(#13744,#13745,#13746,#13747
    ,#13748,#13749,#13750),.UNSPECIFIED.,.T.,.F.) 
B_SPLINE_CURVE_WITH_KNOTS((1,2,2,2,2,1),(-2.094395102393,0.,
    2.094395102393,4.188790204786,6.28318530718,8.377580409573),
.UNSPECIFIED.) CURVE() GEOMETRIC_REPRESENTATION_ITEM() 
RATIONAL_B_SPLINE_CURVE((1.,0.5,1.,0.5,1.,0.5,1.)) REPRESENTATION_ITEM(
  '') );
#13744 = CARTESIAN_POINT('',(0.1,-8.453273510989E-17));
#13745 = CARTESIAN_POINT('',(1.E-01,-0.173205080757));
#13746 = CARTESIAN_POINT('',(-5.E-02,-8.660254037844E-02));
#13747 = CARTESIAN_POINT('',(-0.2,1.445725342368E-16));
#13748 = CARTESIAN_POINT('',(-5.E-02,8.660254037844E-02));
#13749 = CARTESIAN_POINT('',(0.1,0.173205080757));
#13750 = CARTESIAN_POINT('',(0.1,-8.453273510989E-17));
#13751 = ( GEOMETRIC_REPRESENTATION_CONTEXT(2) 
PARAMETRIC_REPRESENTATION_CONTEXT() REPRESENTATION_CONTEXT('2D SPACE',''
  ) );
#13752 = ORIENTED_EDGE('',*,*,#13586,.T.);
#13753 = ADVANCED_FACE('',(#13754),#13715,.F.);
#13754 = FACE_BOUND('',#13755,.T.);
#13755 = EDGE_LOOP('',(#13756,#13779,#13802,#13823));
#13756 = ORIENTED_EDGE('',*,*,#13757,.T.);
#13757 = EDGE_CURVE('',#13672,#13758,#13760,.T.);
#13758 = VERTEX_POINT('',#13759);
#13759 = CARTESIAN_POINT('',(-2.51,0.55,0.18));
#13760 = SURFACE_CURVE('',#13761,(#13765,#13772),.PCURVE_S1.);
#13761 = LINE('',#13762,#13763);
#13762 = CARTESIAN_POINT('',(-2.21,0.55,0.18));
#13763 = VECTOR('',#13764,1.);
#13764 = DIRECTION('',(-1.,3.852882063005E-15,0.));
#13765 = PCURVE('',#13715,#13766);
#13766 = DEFINITIONAL_REPRESENTATION('',(#13767),#13771);
#13767 = LINE('',#13768,#13769);
#13768 = CARTESIAN_POINT('',(0.,-0.2));
#13769 = VECTOR('',#13770,1.);
#13770 = DIRECTION('',(-1.,0.));
#13771 = ( GEOMETRIC_REPRESENTATION_CONTEXT(2) 
PARAMETRIC_REPRESENTATION_CONTEXT() REPRESENTATION_CONTEXT('2D SPACE',''
  ) );
#13772 = PCURVE('',#13574,#13773);
#13773 = DEFINITIONAL_REPRESENTATION('',(#13774),#13778);
#13774 = LINE('',#13775,#13776);
#13775 = CARTESIAN_POINT('',(0.1,3.491481338843E-16));
#13776 = VECTOR('',#13777,1.);
#13777 = DIRECTION('',(-3.614007241618E-16,-1.));
#13778 = ( GEOMETRIC_REPRESENTATION_CONTEXT(2) 
PARAMETRIC_REPRESENTATION_CONTEXT() REPRESENTATION_CONTEXT('2D SPACE',''
  ) );
#13779 = ORIENTED_EDGE('',*,*,#13780,.F.);
#13780 = EDGE_CURVE('',#13781,#13758,#13783,.T.);
#13781 = VERTEX_POINT('',#13782);
#13782 = CARTESIAN_POINT('',(-2.51,0.55,-2.E-02));
#13783 = SURFACE_CURVE('',#13784,(#13788,#13795),.PCURVE_S1.);
#13784 = LINE('',#13785,#13786);
#13785 = CARTESIAN_POINT('',(-2.51,0.55,-2.E-02));
#13786 = VECTOR('',#13787,1.);
#13787 = DIRECTION('',(-0.,0.,1.));
#13788 = PCURVE('',#13715,#13789);
#13789 = DEFINITIONAL_REPRESENTATION('',(#13790),#13794);
#13790 = LINE('',#13791,#13792);
#13791 = CARTESIAN_POINT('',(-0.3,0.));
#13792 = VECTOR('',#13793,1.);
#13793 = DIRECTION('',(0.,-1.));
#13794 = ( GEOMETRIC_REPRESENTATION_CONTEXT(2) 
PARAMETRIC_REPRESENTATION_CONTEXT() REPRESENTATION_CONTEXT('2D SPACE',''
  ) );
#13795 = PCURVE('',#13656,#13796);
#13796 = DEFINITIONAL_REPRESENTATION('',(#13797),#13801);
#13797 = LINE('',#13798,#13799);
#13798 = CARTESIAN_POINT('',(0.,0.));
#13799 = VECTOR('',#13800,1.);
#13800 = DIRECTION('',(0.,-1.));
#13801 = ( GEOMETRIC_REPRESENTATION_CONTEXT(2) 
PARAMETRIC_REPRESENTATION_CONTEXT() REPRESENTATION_CONTEXT('2D SPACE',''
  ) );
#13802 = ORIENTED_EDGE('',*,*,#13803,.F.);
#13803 = EDGE_CURVE('',#13700,#13781,#13804,.T.);
#13804 = SURFACE_CURVE('',#13805,(#13809,#13816),.PCURVE_S1.);
#13805 = LINE('',#13806,#13807);
#13806 = CARTESIAN_POINT('',(-2.21,0.55,-2.E-02));
#13807 = VECTOR('',#13808,1.);
#13808 = DIRECTION('',(-1.,3.852882063005E-15,0.));
#13809 = PCURVE('',#13715,#13810);
#13810 = DEFINITIONAL_REPRESENTATION('',(#13811),#13815);
#13811 = LINE('',#13812,#13813);
#13812 = CARTESIAN_POINT('',(0.,0.));
#13813 = VECTOR('',#13814,1.);
#13814 = DIRECTION('',(-1.,0.));
#13815 = ( GEOMETRIC_REPRESENTATION_CONTEXT(2) 
PARAMETRIC_REPRESENTATION_CONTEXT() REPRESENTATION_CONTEXT('2D SPACE',''
  ) );
#13816 = PCURVE('',#13630,#13817);
#13817 = DEFINITIONAL_REPRESENTATION('',(#13818),#13822);
#13818 = LINE('',#13819,#13820);
#13819 = CARTESIAN_POINT('',(0.1,3.491481338843E-16));
#13820 = VECTOR('',#13821,1.);
#13821 = DIRECTION('',(-3.614007241618E-16,-1.));
#13822 = ( GEOMETRIC_REPRESENTATION_CONTEXT(2) 
PARAMETRIC_REPRESENTATION_CONTEXT() REPRESENTATION_CONTEXT('2D SPACE',''
  ) );
#13823 = ORIENTED_EDGE('',*,*,#13699,.T.);
#13824 = ADVANCED_FACE('',(#13825),#13656,.F.);
#13825 = FACE_BOUND('',#13826,.T.);
#13826 = EDGE_LOOP('',(#13827,#13848,#13849,#13870));
#13827 = ORIENTED_EDGE('',*,*,#13828,.T.);
#13828 = EDGE_CURVE('',#13758,#13552,#13829,.T.);
#13829 = SURFACE_CURVE('',#13830,(#13834,#13841),.PCURVE_S1.);
#13830 = LINE('',#13831,#13832);
#13831 = CARTESIAN_POINT('',(-2.51,0.55,0.18));
#13832 = VECTOR('',#13833,1.);
#13833 = DIRECTION('',(3.627006610404E-15,1.,0.));
#13834 = PCURVE('',#13656,#13835);
#13835 = DEFINITIONAL_REPRESENTATION('',(#13836),#13840);
#13836 = LINE('',#13837,#13838);
#13837 = CARTESIAN_POINT('',(0.,-0.2));
#13838 = VECTOR('',#13839,1.);
#13839 = DIRECTION('',(-1.,0.));
#13840 = ( GEOMETRIC_REPRESENTATION_CONTEXT(2) 
PARAMETRIC_REPRESENTATION_CONTEXT() REPRESENTATION_CONTEXT('2D SPACE',''
  ) );
#13841 = PCURVE('',#13574,#13842);
#13842 = DEFINITIONAL_REPRESENTATION('',(#13843),#13847);
#13843 = LINE('',#13844,#13845);
#13844 = CARTESIAN_POINT('',(1.E-01,-0.3));
#13845 = VECTOR('',#13846,1.);
#13846 = DIRECTION('',(-1.,1.355252715607E-16));
#13847 = ( GEOMETRIC_REPRESENTATION_CONTEXT(2) 
PARAMETRIC_REPRESENTATION_CONTEXT() REPRESENTATION_CONTEXT('2D SPACE',''
  ) );
#13848 = ORIENTED_EDGE('',*,*,#13642,.F.);
#13849 = ORIENTED_EDGE('',*,*,#13850,.F.);
#13850 = EDGE_CURVE('',#13781,#13615,#13851,.T.);
#13851 = SURFACE_CURVE('',#13852,(#13856,#13863),.PCURVE_S1.);
#13852 = LINE('',#13853,#13854);
#13853 = CARTESIAN_POINT('',(-2.51,0.55,-2.E-02));
#13854 = VECTOR('',#13855,1.);
#13855 = DIRECTION('',(3.627006610404E-15,1.,0.));
#13856 = PCURVE('',#13656,#13857);
#13857 = DEFINITIONAL_REPRESENTATION('',(#13858),#13862);
#13858 = LINE('',#13859,#13860);
#13859 = CARTESIAN_POINT('',(0.,0.));
#13860 = VECTOR('',#13861,1.);
#13861 = DIRECTION('',(-1.,0.));
#13862 = ( GEOMETRIC_REPRESENTATION_CONTEXT(2) 
PARAMETRIC_REPRESENTATION_CONTEXT() REPRESENTATION_CONTEXT('2D SPACE',''
  ) );
#13863 = PCURVE('',#13630,#13864);
#13864 = DEFINITIONAL_REPRESENTATION('',(#13865),#13869);
#13865 = LINE('',#13866,#13867);
#13866 = CARTESIAN_POINT('',(1.E-01,-0.3));
#13867 = VECTOR('',#13868,1.);
#13868 = DIRECTION('',(-1.,1.355252715607E-16));
#13869 = ( GEOMETRIC_REPRESENTATION_CONTEXT(2) 
PARAMETRIC_REPRESENTATION_CONTEXT() REPRESENTATION_CONTEXT('2D SPACE',''
  ) );
#13870 = ORIENTED_EDGE('',*,*,#13780,.T.);
#13871 = ADVANCED_FACE('',(#13872),#13630,.F.);
#13872 = FACE_BOUND('',#13873,.T.);
#13873 = EDGE_LOOP('',(#13874,#13875,#13876,#13877));
#13874 = ORIENTED_EDGE('',*,*,#13614,.T.);
#13875 = ORIENTED_EDGE('',*,*,#13727,.T.);
#13876 = ORIENTED_EDGE('',*,*,#13803,.T.);
#13877 = ORIENTED_EDGE('',*,*,#13850,.T.);
#13878 = ADVANCED_FACE('',(#13879),#13574,.T.);
#13879 = FACE_BOUND('',#13880,.T.);
#13880 = EDGE_LOOP('',(#13881,#13882,#13883,#13884));
#13881 = ORIENTED_EDGE('',*,*,#13551,.F.);
#13882 = ORIENTED_EDGE('',*,*,#13828,.F.);
#13883 = ORIENTED_EDGE('',*,*,#13757,.F.);
#13884 = ORIENTED_EDGE('',*,*,#13671,.F.);
#13885 = MANIFOLD_SOLID_BREP('',#13886);
#13886 = CLOSED_SHELL('',(#13887,#14007,#14093,#14164,#14211,#14218));
#13887 = ADVANCED_FACE('',(#13888),#13902,.F.);
#13888 = FACE_BOUND('',#13889,.T.);
#13889 = EDGE_LOOP('',(#13890,#13925,#13953,#13981));
#13890 = ORIENTED_EDGE('',*,*,#13891,.T.);
#13891 = EDGE_CURVE('',#13892,#13894,#13896,.T.);
#13892 = VERTEX_POINT('',#13893);
#13893 = CARTESIAN_POINT('',(-2.51,1.4,0.18));
#13894 = VERTEX_POINT('',#13895);
#13895 = CARTESIAN_POINT('',(-2.21,1.4,0.18));
#13896 = SURFACE_CURVE('',#13897,(#13901,#13913),.PCURVE_S1.);
#13897 = LINE('',#13898,#13899);
#13898 = CARTESIAN_POINT('',(-2.21,1.4,0.18));
#13899 = VECTOR('',#13900,1.);
#13900 = DIRECTION('',(1.,-3.401131157803E-15,0.));
#13901 = PCURVE('',#13902,#13907);
#13902 = PLANE('',#13903);
#13903 = AXIS2_PLACEMENT_3D('',#13904,#13905,#13906);
#13904 = CARTESIAN_POINT('',(-2.21,1.4,-2.E-02));
#13905 = DIRECTION('',(-3.401131157803E-15,-1.,0.));
#13906 = DIRECTION('',(-1.,3.401131157803E-15,0.));
#13907 = DEFINITIONAL_REPRESENTATION('',(#13908),#13912);
#13908 = LINE('',#13909,#13910);
#13909 = CARTESIAN_POINT('',(0.,-0.2));
#13910 = VECTOR('',#13911,1.);
#13911 = DIRECTION('',(-1.,-0.));
#13912 = ( GEOMETRIC_REPRESENTATION_CONTEXT(2) 
PARAMETRIC_REPRESENTATION_CONTEXT() REPRESENTATION_CONTEXT('2D SPACE',''
  ) );
#13913 = PCURVE('',#13914,#13919);
#13914 = PLANE('',#13915);
#13915 = AXIS2_PLACEMENT_3D('',#13916,#13917,#13918);
#13916 = CARTESIAN_POINT('',(-2.21,1.3,0.18));
#13917 = DIRECTION('',(0.,0.,1.));
#13918 = DIRECTION('',(-3.491481338843E-15,-1.,0.));
#13919 = DEFINITIONAL_REPRESENTATION('',(#13920),#13924);
#13920 = LINE('',#13921,#13922);
#13921 = CARTESIAN_POINT('',(-0.1,9.494107596575E-17));
#13922 = VECTOR('',#13923,1.);
#13923 = DIRECTION('',(-9.035018104046E-17,1.));
#13924 = ( GEOMETRIC_REPRESENTATION_CONTEXT(2) 
PARAMETRIC_REPRESENTATION_CONTEXT() REPRESENTATION_CONTEXT('2D SPACE',''
  ) );
#13925 = ORIENTED_EDGE('',*,*,#13926,.F.);
#13926 = EDGE_CURVE('',#13927,#13894,#13929,.T.);
#13927 = VERTEX_POINT('',#13928);
#13928 = CARTESIAN_POINT('',(-2.21,1.4,-2.E-02));
#13929 = SURFACE_CURVE('',#13930,(#13934,#13941),.PCURVE_S1.);
#13930 = LINE('',#13931,#13932);
#13931 = CARTESIAN_POINT('',(-2.21,1.4,-2.E-02));
#13932 = VECTOR('',#13933,1.);
#13933 = DIRECTION('',(-0.,0.,1.));
#13934 = PCURVE('',#13902,#13935);
#13935 = DEFINITIONAL_REPRESENTATION('',(#13936),#13940);
#13936 = LINE('',#13937,#13938);
#13937 = CARTESIAN_POINT('',(0.,0.));
#13938 = VECTOR('',#13939,1.);
#13939 = DIRECTION('',(0.,-1.));
#13940 = ( GEOMETRIC_REPRESENTATION_CONTEXT(2) 
PARAMETRIC_REPRESENTATION_CONTEXT() REPRESENTATION_CONTEXT('2D SPACE',''
  ) );
#13941 = PCURVE('',#13942,#13947);
#13942 = CYLINDRICAL_SURFACE('',#13943,0.1);
#13943 = AXIS2_PLACEMENT_3D('',#13944,#13945,#13946);
#13944 = CARTESIAN_POINT('',(-2.21,1.3,-2.E-02));
#13945 = DIRECTION('',(-0.,0.,1.));
#13946 = DIRECTION('',(-4.336808689942E-15,-1.,0.));
#13947 = DEFINITIONAL_REPRESENTATION('',(#13948),#13952);
#13948 = LINE('',#13949,#13950);
#13949 = CARTESIAN_POINT('',(3.14159265359,0.));
#13950 = VECTOR('',#13951,1.);
#13951 = DIRECTION('',(0.,1.));
#13952 = ( GEOMETRIC_REPRESENTATION_CONTEXT(2) 
PARAMETRIC_REPRESENTATION_CONTEXT() REPRESENTATION_CONTEXT('2D SPACE',''
  ) );
#13953 = ORIENTED_EDGE('',*,*,#13954,.F.);
#13954 = EDGE_CURVE('',#13955,#13927,#13957,.T.);
#13955 = VERTEX_POINT('',#13956);
#13956 = CARTESIAN_POINT('',(-2.51,1.4,-2.E-02));
#13957 = SURFACE_CURVE('',#13958,(#13962,#13969),.PCURVE_S1.);
#13958 = LINE('',#13959,#13960);
#13959 = CARTESIAN_POINT('',(-2.21,1.4,-2.E-02));
#13960 = VECTOR('',#13961,1.);
#13961 = DIRECTION('',(1.,-3.401131157803E-15,0.));
#13962 = PCURVE('',#13902,#13963);
#13963 = DEFINITIONAL_REPRESENTATION('',(#13964),#13968);
#13964 = LINE('',#13965,#13966);
#13965 = CARTESIAN_POINT('',(0.,0.));
#13966 = VECTOR('',#13967,1.);
#13967 = DIRECTION('',(-1.,-0.));
#13968 = ( GEOMETRIC_REPRESENTATION_CONTEXT(2) 
PARAMETRIC_REPRESENTATION_CONTEXT() REPRESENTATION_CONTEXT('2D SPACE',''
  ) );
#13969 = PCURVE('',#13970,#13975);
#13970 = PLANE('',#13971);
#13971 = AXIS2_PLACEMENT_3D('',#13972,#13973,#13974);
#13972 = CARTESIAN_POINT('',(-2.21,1.3,-2.E-02));
#13973 = DIRECTION('',(0.,0.,1.));
#13974 = DIRECTION('',(-3.491481338843E-15,-1.,0.));
#13975 = DEFINITIONAL_REPRESENTATION('',(#13976),#13980);
#13976 = LINE('',#13977,#13978);
#13977 = CARTESIAN_POINT('',(-0.1,9.494107596575E-17));
#13978 = VECTOR('',#13979,1.);
#13979 = DIRECTION('',(-9.035018104046E-17,1.));
#13980 = ( GEOMETRIC_REPRESENTATION_CONTEXT(2) 
PARAMETRIC_REPRESENTATION_CONTEXT() REPRESENTATION_CONTEXT('2D SPACE',''
  ) );
#13981 = ORIENTED_EDGE('',*,*,#13982,.T.);
#13982 = EDGE_CURVE('',#13955,#13892,#13983,.T.);
#13983 = SURFACE_CURVE('',#13984,(#13988,#13995),.PCURVE_S1.);
#13984 = LINE('',#13985,#13986);
#13985 = CARTESIAN_POINT('',(-2.51,1.4,-2.E-02));
#13986 = VECTOR('',#13987,1.);
#13987 = DIRECTION('',(-0.,0.,1.));
#13988 = PCURVE('',#13902,#13989);
#13989 = DEFINITIONAL_REPRESENTATION('',(#13990),#13994);
#13990 = LINE('',#13991,#13992);
#13991 = CARTESIAN_POINT('',(0.3,0.));
#13992 = VECTOR('',#13993,1.);
#13993 = DIRECTION('',(0.,-1.));
#13994 = ( GEOMETRIC_REPRESENTATION_CONTEXT(2) 
PARAMETRIC_REPRESENTATION_CONTEXT() REPRESENTATION_CONTEXT('2D SPACE',''
  ) );
#13995 = PCURVE('',#13996,#14001);
#13996 = PLANE('',#13997);
#13997 = AXIS2_PLACEMENT_3D('',#13998,#13999,#14000);
#13998 = CARTESIAN_POINT('',(-2.51,1.2,-2.E-02));
#13999 = DIRECTION('',(1.,-3.627006610404E-15,0.));
#14000 = DIRECTION('',(-3.627006610404E-15,-1.,0.));
#14001 = DEFINITIONAL_REPRESENTATION('',(#14002),#14006);
#14002 = LINE('',#14003,#14004);
#14003 = CARTESIAN_POINT('',(-0.2,0.));
#14004 = VECTOR('',#14005,1.);
#14005 = DIRECTION('',(0.,-1.));
#14006 = ( GEOMETRIC_REPRESENTATION_CONTEXT(2) 
PARAMETRIC_REPRESENTATION_CONTEXT() REPRESENTATION_CONTEXT('2D SPACE',''
  ) );
#14007 = ADVANCED_FACE('',(#14008),#13942,.T.);
#14008 = FACE_BOUND('',#14009,.T.);
#14009 = EDGE_LOOP('',(#14010,#14038,#14066,#14092));
#14010 = ORIENTED_EDGE('',*,*,#14011,.T.);
#14011 = EDGE_CURVE('',#13894,#14012,#14014,.T.);
#14012 = VERTEX_POINT('',#14013);
#14013 = CARTESIAN_POINT('',(-2.21,1.2,0.18));
#14014 = SURFACE_CURVE('',#14015,(#14020,#14027),.PCURVE_S1.);
#14015 = CIRCLE('',#14016,0.1);
#14016 = AXIS2_PLACEMENT_3D('',#14017,#14018,#14019);
#14017 = CARTESIAN_POINT('',(-2.21,1.3,0.18));
#14018 = DIRECTION('',(0.,0.,-1.));
#14019 = DIRECTION('',(-4.336808689942E-15,-1.,-0.));
#14020 = PCURVE('',#13942,#14021);
#14021 = DEFINITIONAL_REPRESENTATION('',(#14022),#14026);
#14022 = LINE('',#14023,#14024);
#14023 = CARTESIAN_POINT('',(6.28318530718,0.2));
#14024 = VECTOR('',#14025,1.);
#14025 = DIRECTION('',(-1.,0.));
#14026 = ( GEOMETRIC_REPRESENTATION_CONTEXT(2) 
PARAMETRIC_REPRESENTATION_CONTEXT() REPRESENTATION_CONTEXT('2D SPACE',''
  ) );
#14027 = PCURVE('',#13914,#14028);
#14028 = DEFINITIONAL_REPRESENTATION('',(#14029),#14037);
#14029 = ( BOUNDED_CURVE() B_SPLINE_CURVE(2,(#14030,#14031,#14032,#14033
    ,#14034,#14035,#14036),.UNSPECIFIED.,.T.,.F.) 
B_SPLINE_CURVE_WITH_KNOTS((1,2,2,2,2,1),(-2.094395102393,0.,
    2.094395102393,4.188790204786,6.28318530718,8.377580409573),
.UNSPECIFIED.) CURVE() GEOMETRIC_REPRESENTATION_ITEM() 
RATIONAL_B_SPLINE_CURVE((1.,0.5,1.,0.5,1.,0.5,1.)) REPRESENTATION_ITEM(
  '') );
#14030 = CARTESIAN_POINT('',(0.1,-8.453273510989E-17));
#14031 = CARTESIAN_POINT('',(1.E-01,-0.173205080757));
#14032 = CARTESIAN_POINT('',(-5.E-02,-8.660254037844E-02));
#14033 = CARTESIAN_POINT('',(-0.2,1.445725342368E-16));
#14034 = CARTESIAN_POINT('',(-5.E-02,8.660254037844E-02));
#14035 = CARTESIAN_POINT('',(0.1,0.173205080757));
#14036 = CARTESIAN_POINT('',(0.1,-8.453273510989E-17));
#14037 = ( GEOMETRIC_REPRESENTATION_CONTEXT(2) 
PARAMETRIC_REPRESENTATION_CONTEXT() REPRESENTATION_CONTEXT('2D SPACE',''
  ) );
#14038 = ORIENTED_EDGE('',*,*,#14039,.F.);
#14039 = EDGE_CURVE('',#14040,#14012,#14042,.T.);
#14040 = VERTEX_POINT('',#14041);
#14041 = CARTESIAN_POINT('',(-2.21,1.2,-2.E-02));
#14042 = SURFACE_CURVE('',#14043,(#14047,#14054),.PCURVE_S1.);
#14043 = LINE('',#14044,#14045);
#14044 = CARTESIAN_POINT('',(-2.21,1.2,-2.E-02));
#14045 = VECTOR('',#14046,1.);
#14046 = DIRECTION('',(-0.,0.,1.));
#14047 = PCURVE('',#13942,#14048);
#14048 = DEFINITIONAL_REPRESENTATION('',(#14049),#14053);
#14049 = LINE('',#14050,#14051);
#14050 = CARTESIAN_POINT('',(0.,0.));
#14051 = VECTOR('',#14052,1.);
#14052 = DIRECTION('',(0.,1.));
#14053 = ( GEOMETRIC_REPRESENTATION_CONTEXT(2) 
PARAMETRIC_REPRESENTATION_CONTEXT() REPRESENTATION_CONTEXT('2D SPACE',''
  ) );
#14054 = PCURVE('',#14055,#14060);
#14055 = PLANE('',#14056);
#14056 = AXIS2_PLACEMENT_3D('',#14057,#14058,#14059);
#14057 = CARTESIAN_POINT('',(-2.21,1.2,-2.E-02));
#14058 = DIRECTION('',(3.852882063005E-15,1.,0.));
#14059 = DIRECTION('',(1.,-3.852882063005E-15,0.));
#14060 = DEFINITIONAL_REPRESENTATION('',(#14061),#14065);
#14061 = LINE('',#14062,#14063);
#14062 = CARTESIAN_POINT('',(0.,0.));
#14063 = VECTOR('',#14064,1.);
#14064 = DIRECTION('',(0.,-1.));
#14065 = ( GEOMETRIC_REPRESENTATION_CONTEXT(2) 
PARAMETRIC_REPRESENTATION_CONTEXT() REPRESENTATION_CONTEXT('2D SPACE',''
  ) );
#14066 = ORIENTED_EDGE('',*,*,#14067,.F.);
#14067 = EDGE_CURVE('',#13927,#14040,#14068,.T.);
#14068 = SURFACE_CURVE('',#14069,(#14074,#14081),.PCURVE_S1.);
#14069 = CIRCLE('',#14070,0.1);
#14070 = AXIS2_PLACEMENT_3D('',#14071,#14072,#14073);
#14071 = CARTESIAN_POINT('',(-2.21,1.3,-2.E-02));
#14072 = DIRECTION('',(0.,0.,-1.));
#14073 = DIRECTION('',(-4.336808689942E-15,-1.,-0.));
#14074 = PCURVE('',#13942,#14075);
#14075 = DEFINITIONAL_REPRESENTATION('',(#14076),#14080);
#14076 = LINE('',#14077,#14078);
#14077 = CARTESIAN_POINT('',(6.28318530718,0.));
#14078 = VECTOR('',#14079,1.);
#14079 = DIRECTION('',(-1.,0.));
#14080 = ( GEOMETRIC_REPRESENTATION_CONTEXT(2) 
PARAMETRIC_REPRESENTATION_CONTEXT() REPRESENTATION_CONTEXT('2D SPACE',''
  ) );
#14081 = PCURVE('',#13970,#14082);
#14082 = DEFINITIONAL_REPRESENTATION('',(#14083),#14091);
#14083 = ( BOUNDED_CURVE() B_SPLINE_CURVE(2,(#14084,#14085,#14086,#14087
    ,#14088,#14089,#14090),.UNSPECIFIED.,.T.,.F.) 
B_SPLINE_CURVE_WITH_KNOTS((1,2,2,2,2,1),(-2.094395102393,0.,
    2.094395102393,4.188790204786,6.28318530718,8.377580409573),
.UNSPECIFIED.) CURVE() GEOMETRIC_REPRESENTATION_ITEM() 
RATIONAL_B_SPLINE_CURVE((1.,0.5,1.,0.5,1.,0.5,1.)) REPRESENTATION_ITEM(
  '') );
#14084 = CARTESIAN_POINT('',(0.1,-8.453273510989E-17));
#14085 = CARTESIAN_POINT('',(1.E-01,-0.173205080757));
#14086 = CARTESIAN_POINT('',(-5.E-02,-8.660254037844E-02));
#14087 = CARTESIAN_POINT('',(-0.2,1.445725342368E-16));
#14088 = CARTESIAN_POINT('',(-5.E-02,8.660254037844E-02));
#14089 = CARTESIAN_POINT('',(0.1,0.173205080757));
#14090 = CARTESIAN_POINT('',(0.1,-8.453273510989E-17));
#14091 = ( GEOMETRIC_REPRESENTATION_CONTEXT(2) 
PARAMETRIC_REPRESENTATION_CONTEXT() REPRESENTATION_CONTEXT('2D SPACE',''
  ) );
#14092 = ORIENTED_EDGE('',*,*,#13926,.T.);
#14093 = ADVANCED_FACE('',(#14094),#14055,.F.);
#14094 = FACE_BOUND('',#14095,.T.);
#14095 = EDGE_LOOP('',(#14096,#14119,#14142,#14163));
#14096 = ORIENTED_EDGE('',*,*,#14097,.T.);
#14097 = EDGE_CURVE('',#14012,#14098,#14100,.T.);
#14098 = VERTEX_POINT('',#14099);
#14099 = CARTESIAN_POINT('',(-2.51,1.2,0.18));
#14100 = SURFACE_CURVE('',#14101,(#14105,#14112),.PCURVE_S1.);
#14101 = LINE('',#14102,#14103);
#14102 = CARTESIAN_POINT('',(-2.21,1.2,0.18));
#14103 = VECTOR('',#14104,1.);
#14104 = DIRECTION('',(-1.,3.852882063005E-15,0.));
#14105 = PCURVE('',#14055,#14106);
#14106 = DEFINITIONAL_REPRESENTATION('',(#14107),#14111);
#14107 = LINE('',#14108,#14109);
#14108 = CARTESIAN_POINT('',(0.,-0.2));
#14109 = VECTOR('',#14110,1.);
#14110 = DIRECTION('',(-1.,0.));
#14111 = ( GEOMETRIC_REPRESENTATION_CONTEXT(2) 
PARAMETRIC_REPRESENTATION_CONTEXT() REPRESENTATION_CONTEXT('2D SPACE',''
  ) );
#14112 = PCURVE('',#13914,#14113);
#14113 = DEFINITIONAL_REPRESENTATION('',(#14114),#14118);
#14114 = LINE('',#14115,#14116);
#14115 = CARTESIAN_POINT('',(0.1,3.491481338843E-16));
#14116 = VECTOR('',#14117,1.);
#14117 = DIRECTION('',(-3.614007241618E-16,-1.));
#14118 = ( GEOMETRIC_REPRESENTATION_CONTEXT(2) 
PARAMETRIC_REPRESENTATION_CONTEXT() REPRESENTATION_CONTEXT('2D SPACE',''
  ) );
#14119 = ORIENTED_EDGE('',*,*,#14120,.F.);
#14120 = EDGE_CURVE('',#14121,#14098,#14123,.T.);
#14121 = VERTEX_POINT('',#14122);
#14122 = CARTESIAN_POINT('',(-2.51,1.2,-2.E-02));
#14123 = SURFACE_CURVE('',#14124,(#14128,#14135),.PCURVE_S1.);
#14124 = LINE('',#14125,#14126);
#14125 = CARTESIAN_POINT('',(-2.51,1.2,-2.E-02));
#14126 = VECTOR('',#14127,1.);
#14127 = DIRECTION('',(-0.,0.,1.));
#14128 = PCURVE('',#14055,#14129);
#14129 = DEFINITIONAL_REPRESENTATION('',(#14130),#14134);
#14130 = LINE('',#14131,#14132);
#14131 = CARTESIAN_POINT('',(-0.3,0.));
#14132 = VECTOR('',#14133,1.);
#14133 = DIRECTION('',(0.,-1.));
#14134 = ( GEOMETRIC_REPRESENTATION_CONTEXT(2) 
PARAMETRIC_REPRESENTATION_CONTEXT() REPRESENTATION_CONTEXT('2D SPACE',''
  ) );
#14135 = PCURVE('',#13996,#14136);
#14136 = DEFINITIONAL_REPRESENTATION('',(#14137),#14141);
#14137 = LINE('',#14138,#14139);
#14138 = CARTESIAN_POINT('',(0.,0.));
#14139 = VECTOR('',#14140,1.);
#14140 = DIRECTION('',(0.,-1.));
#14141 = ( GEOMETRIC_REPRESENTATION_CONTEXT(2) 
PARAMETRIC_REPRESENTATION_CONTEXT() REPRESENTATION_CONTEXT('2D SPACE',''
  ) );
#14142 = ORIENTED_EDGE('',*,*,#14143,.F.);
#14143 = EDGE_CURVE('',#14040,#14121,#14144,.T.);
#14144 = SURFACE_CURVE('',#14145,(#14149,#14156),.PCURVE_S1.);
#14145 = LINE('',#14146,#14147);
#14146 = CARTESIAN_POINT('',(-2.21,1.2,-2.E-02));
#14147 = VECTOR('',#14148,1.);
#14148 = DIRECTION('',(-1.,3.852882063005E-15,0.));
#14149 = PCURVE('',#14055,#14150);
#14150 = DEFINITIONAL_REPRESENTATION('',(#14151),#14155);
#14151 = LINE('',#14152,#14153);
#14152 = CARTESIAN_POINT('',(0.,0.));
#14153 = VECTOR('',#14154,1.);
#14154 = DIRECTION('',(-1.,0.));
#14155 = ( GEOMETRIC_REPRESENTATION_CONTEXT(2) 
PARAMETRIC_REPRESENTATION_CONTEXT() REPRESENTATION_CONTEXT('2D SPACE',''
  ) );
#14156 = PCURVE('',#13970,#14157);
#14157 = DEFINITIONAL_REPRESENTATION('',(#14158),#14162);
#14158 = LINE('',#14159,#14160);
#14159 = CARTESIAN_POINT('',(0.1,3.491481338843E-16));
#14160 = VECTOR('',#14161,1.);
#14161 = DIRECTION('',(-3.614007241618E-16,-1.));
#14162 = ( GEOMETRIC_REPRESENTATION_CONTEXT(2) 
PARAMETRIC_REPRESENTATION_CONTEXT() REPRESENTATION_CONTEXT('2D SPACE',''
  ) );
#14163 = ORIENTED_EDGE('',*,*,#14039,.T.);
#14164 = ADVANCED_FACE('',(#14165),#13996,.F.);
#14165 = FACE_BOUND('',#14166,.T.);
#14166 = EDGE_LOOP('',(#14167,#14188,#14189,#14210));
#14167 = ORIENTED_EDGE('',*,*,#14168,.T.);
#14168 = EDGE_CURVE('',#14098,#13892,#14169,.T.);
#14169 = SURFACE_CURVE('',#14170,(#14174,#14181),.PCURVE_S1.);
#14170 = LINE('',#14171,#14172);
#14171 = CARTESIAN_POINT('',(-2.51,1.2,0.18));
#14172 = VECTOR('',#14173,1.);
#14173 = DIRECTION('',(3.627006610404E-15,1.,0.));
#14174 = PCURVE('',#13996,#14175);
#14175 = DEFINITIONAL_REPRESENTATION('',(#14176),#14180);
#14176 = LINE('',#14177,#14178);
#14177 = CARTESIAN_POINT('',(0.,-0.2));
#14178 = VECTOR('',#14179,1.);
#14179 = DIRECTION('',(-1.,0.));
#14180 = ( GEOMETRIC_REPRESENTATION_CONTEXT(2) 
PARAMETRIC_REPRESENTATION_CONTEXT() REPRESENTATION_CONTEXT('2D SPACE',''
  ) );
#14181 = PCURVE('',#13914,#14182);
#14182 = DEFINITIONAL_REPRESENTATION('',(#14183),#14187);
#14183 = LINE('',#14184,#14185);
#14184 = CARTESIAN_POINT('',(1.E-01,-0.3));
#14185 = VECTOR('',#14186,1.);
#14186 = DIRECTION('',(-1.,1.355252715607E-16));
#14187 = ( GEOMETRIC_REPRESENTATION_CONTEXT(2) 
PARAMETRIC_REPRESENTATION_CONTEXT() REPRESENTATION_CONTEXT('2D SPACE',''
  ) );
#14188 = ORIENTED_EDGE('',*,*,#13982,.F.);
#14189 = ORIENTED_EDGE('',*,*,#14190,.F.);
#14190 = EDGE_CURVE('',#14121,#13955,#14191,.T.);
#14191 = SURFACE_CURVE('',#14192,(#14196,#14203),.PCURVE_S1.);
#14192 = LINE('',#14193,#14194);
#14193 = CARTESIAN_POINT('',(-2.51,1.2,-2.E-02));
#14194 = VECTOR('',#14195,1.);
#14195 = DIRECTION('',(3.627006610404E-15,1.,0.));
#14196 = PCURVE('',#13996,#14197);
#14197 = DEFINITIONAL_REPRESENTATION('',(#14198),#14202);
#14198 = LINE('',#14199,#14200);
#14199 = CARTESIAN_POINT('',(0.,0.));
#14200 = VECTOR('',#14201,1.);
#14201 = DIRECTION('',(-1.,0.));
#14202 = ( GEOMETRIC_REPRESENTATION_CONTEXT(2) 
PARAMETRIC_REPRESENTATION_CONTEXT() REPRESENTATION_CONTEXT('2D SPACE',''
  ) );
#14203 = PCURVE('',#13970,#14204);
#14204 = DEFINITIONAL_REPRESENTATION('',(#14205),#14209);
#14205 = LINE('',#14206,#14207);
#14206 = CARTESIAN_POINT('',(1.E-01,-0.3));
#14207 = VECTOR('',#14208,1.);
#14208 = DIRECTION('',(-1.,1.355252715607E-16));
#14209 = ( GEOMETRIC_REPRESENTATION_CONTEXT(2) 
PARAMETRIC_REPRESENTATION_CONTEXT() REPRESENTATION_CONTEXT('2D SPACE',''
  ) );
#14210 = ORIENTED_EDGE('',*,*,#14120,.T.);
#14211 = ADVANCED_FACE('',(#14212),#13970,.F.);
#14212 = FACE_BOUND('',#14213,.T.);
#14213 = EDGE_LOOP('',(#14214,#14215,#14216,#14217));
#14214 = ORIENTED_EDGE('',*,*,#13954,.T.);
#14215 = ORIENTED_EDGE('',*,*,#14067,.T.);
#14216 = ORIENTED_EDGE('',*,*,#14143,.T.);
#14217 = ORIENTED_EDGE('',*,*,#14190,.T.);
#14218 = ADVANCED_FACE('',(#14219),#13914,.T.);
#14219 = FACE_BOUND('',#14220,.T.);
#14220 = EDGE_LOOP('',(#14221,#14222,#14223,#14224));
#14221 = ORIENTED_EDGE('',*,*,#13891,.F.);
#14222 = ORIENTED_EDGE('',*,*,#14168,.F.);
#14223 = ORIENTED_EDGE('',*,*,#14097,.F.);
#14224 = ORIENTED_EDGE('',*,*,#14011,.F.);
#14225 = MANIFOLD_SOLID_BREP('',#14226);
#14226 = CLOSED_SHELL('',(#14227,#14347,#14433,#14504,#14551,#14558));
#14227 = ADVANCED_FACE('',(#14228),#14242,.F.);
#14228 = FACE_BOUND('',#14229,.T.);
#14229 = EDGE_LOOP('',(#14230,#14265,#14293,#14321));
#14230 = ORIENTED_EDGE('',*,*,#14231,.T.);
#14231 = EDGE_CURVE('',#14232,#14234,#14236,.T.);
#14232 = VERTEX_POINT('',#14233);
#14233 = CARTESIAN_POINT('',(-1.2,2.51,0.18));
#14234 = VERTEX_POINT('',#14235);
#14235 = CARTESIAN_POINT('',(-1.2,2.21,0.18));
#14236 = SURFACE_CURVE('',#14237,(#14241,#14253),.PCURVE_S1.);
#14237 = LINE('',#14238,#14239);
#14238 = CARTESIAN_POINT('',(-1.2,2.21,0.18));
#14239 = VECTOR('',#14240,1.);
#14240 = DIRECTION('',(9.035018104046E-17,-1.,0.));
#14241 = PCURVE('',#14242,#14247);
#14242 = PLANE('',#14243);
#14243 = AXIS2_PLACEMENT_3D('',#14244,#14245,#14246);
#14244 = CARTESIAN_POINT('',(-1.2,2.21,-2.E-02));
#14245 = DIRECTION('',(-1.,-9.035018104046E-17,0.));
#14246 = DIRECTION('',(-9.035018104046E-17,1.,0.));
#14247 = DEFINITIONAL_REPRESENTATION('',(#14248),#14252);
#14248 = LINE('',#14249,#14250);
#14249 = CARTESIAN_POINT('',(0.,-0.2));
#14250 = VECTOR('',#14251,1.);
#14251 = DIRECTION('',(-1.,-0.));
#14252 = ( GEOMETRIC_REPRESENTATION_CONTEXT(2) 
PARAMETRIC_REPRESENTATION_CONTEXT() REPRESENTATION_CONTEXT('2D SPACE',''
  ) );
#14253 = PCURVE('',#14254,#14259);
#14254 = PLANE('',#14255);
#14255 = AXIS2_PLACEMENT_3D('',#14256,#14257,#14258);
#14256 = CARTESIAN_POINT('',(-1.3,2.21,0.18));
#14257 = DIRECTION('',(0.,0.,1.));
#14258 = DIRECTION('',(-1.,0.,0.));
#14259 = DEFINITIONAL_REPRESENTATION('',(#14260),#14264);
#14260 = LINE('',#14261,#14262);
#14261 = CARTESIAN_POINT('',(-0.1,0.));
#14262 = VECTOR('',#14263,1.);
#14263 = DIRECTION('',(-9.035018104046E-17,1.));
#14264 = ( GEOMETRIC_REPRESENTATION_CONTEXT(2) 
PARAMETRIC_REPRESENTATION_CONTEXT() REPRESENTATION_CONTEXT('2D SPACE',''
  ) );
#14265 = ORIENTED_EDGE('',*,*,#14266,.F.);
#14266 = EDGE_CURVE('',#14267,#14234,#14269,.T.);
#14267 = VERTEX_POINT('',#14268);
#14268 = CARTESIAN_POINT('',(-1.2,2.21,-2.E-02));
#14269 = SURFACE_CURVE('',#14270,(#14274,#14281),.PCURVE_S1.);
#14270 = LINE('',#14271,#14272);
#14271 = CARTESIAN_POINT('',(-1.2,2.21,-2.E-02));
#14272 = VECTOR('',#14273,1.);
#14273 = DIRECTION('',(-0.,0.,1.));
#14274 = PCURVE('',#14242,#14275);
#14275 = DEFINITIONAL_REPRESENTATION('',(#14276),#14280);
#14276 = LINE('',#14277,#14278);
#14277 = CARTESIAN_POINT('',(0.,0.));
#14278 = VECTOR('',#14279,1.);
#14279 = DIRECTION('',(0.,-1.));
#14280 = ( GEOMETRIC_REPRESENTATION_CONTEXT(2) 
PARAMETRIC_REPRESENTATION_CONTEXT() REPRESENTATION_CONTEXT('2D SPACE',''
  ) );
#14281 = PCURVE('',#14282,#14287);
#14282 = CYLINDRICAL_SURFACE('',#14283,0.1);
#14283 = AXIS2_PLACEMENT_3D('',#14284,#14285,#14286);
#14284 = CARTESIAN_POINT('',(-1.3,2.21,-2.E-02));
#14285 = DIRECTION('',(-0.,0.,1.));
#14286 = DIRECTION('',(-1.,0.,-0.));
#14287 = DEFINITIONAL_REPRESENTATION('',(#14288),#14292);
#14288 = LINE('',#14289,#14290);
#14289 = CARTESIAN_POINT('',(3.14159265359,0.));
#14290 = VECTOR('',#14291,1.);
#14291 = DIRECTION('',(0.,1.));
#14292 = ( GEOMETRIC_REPRESENTATION_CONTEXT(2) 
PARAMETRIC_REPRESENTATION_CONTEXT() REPRESENTATION_CONTEXT('2D SPACE',''
  ) );
#14293 = ORIENTED_EDGE('',*,*,#14294,.F.);
#14294 = EDGE_CURVE('',#14295,#14267,#14297,.T.);
#14295 = VERTEX_POINT('',#14296);
#14296 = CARTESIAN_POINT('',(-1.2,2.51,-2.E-02));
#14297 = SURFACE_CURVE('',#14298,(#14302,#14309),.PCURVE_S1.);
#14298 = LINE('',#14299,#14300);
#14299 = CARTESIAN_POINT('',(-1.2,2.21,-2.E-02));
#14300 = VECTOR('',#14301,1.);
#14301 = DIRECTION('',(9.035018104046E-17,-1.,0.));
#14302 = PCURVE('',#14242,#14303);
#14303 = DEFINITIONAL_REPRESENTATION('',(#14304),#14308);
#14304 = LINE('',#14305,#14306);
#14305 = CARTESIAN_POINT('',(0.,0.));
#14306 = VECTOR('',#14307,1.);
#14307 = DIRECTION('',(-1.,-0.));
#14308 = ( GEOMETRIC_REPRESENTATION_CONTEXT(2) 
PARAMETRIC_REPRESENTATION_CONTEXT() REPRESENTATION_CONTEXT('2D SPACE',''
  ) );
#14309 = PCURVE('',#14310,#14315);
#14310 = PLANE('',#14311);
#14311 = AXIS2_PLACEMENT_3D('',#14312,#14313,#14314);
#14312 = CARTESIAN_POINT('',(-1.3,2.21,-2.E-02));
#14313 = DIRECTION('',(0.,0.,1.));
#14314 = DIRECTION('',(-1.,0.,0.));
#14315 = DEFINITIONAL_REPRESENTATION('',(#14316),#14320);
#14316 = LINE('',#14317,#14318);
#14317 = CARTESIAN_POINT('',(-0.1,0.));
#14318 = VECTOR('',#14319,1.);
#14319 = DIRECTION('',(-9.035018104046E-17,1.));
#14320 = ( GEOMETRIC_REPRESENTATION_CONTEXT(2) 
PARAMETRIC_REPRESENTATION_CONTEXT() REPRESENTATION_CONTEXT('2D SPACE',''
  ) );
#14321 = ORIENTED_EDGE('',*,*,#14322,.T.);
#14322 = EDGE_CURVE('',#14295,#14232,#14323,.T.);
#14323 = SURFACE_CURVE('',#14324,(#14328,#14335),.PCURVE_S1.);
#14324 = LINE('',#14325,#14326);
#14325 = CARTESIAN_POINT('',(-1.2,2.51,-2.E-02));
#14326 = VECTOR('',#14327,1.);
#14327 = DIRECTION('',(-0.,0.,1.));
#14328 = PCURVE('',#14242,#14329);
#14329 = DEFINITIONAL_REPRESENTATION('',(#14330),#14334);
#14330 = LINE('',#14331,#14332);
#14331 = CARTESIAN_POINT('',(0.3,0.));
#14332 = VECTOR('',#14333,1.);
#14333 = DIRECTION('',(0.,-1.));
#14334 = ( GEOMETRIC_REPRESENTATION_CONTEXT(2) 
PARAMETRIC_REPRESENTATION_CONTEXT() REPRESENTATION_CONTEXT('2D SPACE',''
  ) );
#14335 = PCURVE('',#14336,#14341);
#14336 = PLANE('',#14337);
#14337 = AXIS2_PLACEMENT_3D('',#14338,#14339,#14340);
#14338 = CARTESIAN_POINT('',(-1.4,2.51,-2.E-02));
#14339 = DIRECTION('',(-1.355252715607E-16,-1.,0.));
#14340 = DIRECTION('',(-1.,1.355252715607E-16,0.));
#14341 = DEFINITIONAL_REPRESENTATION('',(#14342),#14346);
#14342 = LINE('',#14343,#14344);
#14343 = CARTESIAN_POINT('',(-0.2,0.));
#14344 = VECTOR('',#14345,1.);
#14345 = DIRECTION('',(0.,-1.));
#14346 = ( GEOMETRIC_REPRESENTATION_CONTEXT(2) 
PARAMETRIC_REPRESENTATION_CONTEXT() REPRESENTATION_CONTEXT('2D SPACE',''
  ) );
#14347 = ADVANCED_FACE('',(#14348),#14282,.T.);
#14348 = FACE_BOUND('',#14349,.T.);
#14349 = EDGE_LOOP('',(#14350,#14378,#14406,#14432));
#14350 = ORIENTED_EDGE('',*,*,#14351,.T.);
#14351 = EDGE_CURVE('',#14234,#14352,#14354,.T.);
#14352 = VERTEX_POINT('',#14353);
#14353 = CARTESIAN_POINT('',(-1.4,2.21,0.18));
#14354 = SURFACE_CURVE('',#14355,(#14360,#14367),.PCURVE_S1.);
#14355 = CIRCLE('',#14356,0.1);
#14356 = AXIS2_PLACEMENT_3D('',#14357,#14358,#14359);
#14357 = CARTESIAN_POINT('',(-1.3,2.21,0.18));
#14358 = DIRECTION('',(0.,0.,-1.));
#14359 = DIRECTION('',(-1.,0.,0.));
#14360 = PCURVE('',#14282,#14361);
#14361 = DEFINITIONAL_REPRESENTATION('',(#14362),#14366);
#14362 = LINE('',#14363,#14364);
#14363 = CARTESIAN_POINT('',(6.28318530718,0.2));
#14364 = VECTOR('',#14365,1.);
#14365 = DIRECTION('',(-1.,0.));
#14366 = ( GEOMETRIC_REPRESENTATION_CONTEXT(2) 
PARAMETRIC_REPRESENTATION_CONTEXT() REPRESENTATION_CONTEXT('2D SPACE',''
  ) );
#14367 = PCURVE('',#14254,#14368);
#14368 = DEFINITIONAL_REPRESENTATION('',(#14369),#14377);
#14369 = ( BOUNDED_CURVE() B_SPLINE_CURVE(2,(#14370,#14371,#14372,#14373
    ,#14374,#14375,#14376),.UNSPECIFIED.,.T.,.F.) 
B_SPLINE_CURVE_WITH_KNOTS((1,2,2,2,2,1),(-2.094395102393,0.,
    2.094395102393,4.188790204786,6.28318530718,8.377580409573),
.UNSPECIFIED.) CURVE() GEOMETRIC_REPRESENTATION_ITEM() 
RATIONAL_B_SPLINE_CURVE((1.,0.5,1.,0.5,1.,0.5,1.)) REPRESENTATION_ITEM(
  '') );
#14370 = CARTESIAN_POINT('',(0.1,0.));
#14371 = CARTESIAN_POINT('',(0.1,-0.173205080757));
#14372 = CARTESIAN_POINT('',(-5.E-02,-8.660254037844E-02));
#14373 = CARTESIAN_POINT('',(-0.2,-2.449293598295E-17));
#14374 = CARTESIAN_POINT('',(-5.E-02,8.660254037844E-02));
#14375 = CARTESIAN_POINT('',(1.E-01,0.173205080757));
#14376 = CARTESIAN_POINT('',(0.1,0.));
#14377 = ( GEOMETRIC_REPRESENTATION_CONTEXT(2) 
PARAMETRIC_REPRESENTATION_CONTEXT() REPRESENTATION_CONTEXT('2D SPACE',''
  ) );
#14378 = ORIENTED_EDGE('',*,*,#14379,.F.);
#14379 = EDGE_CURVE('',#14380,#14352,#14382,.T.);
#14380 = VERTEX_POINT('',#14381);
#14381 = CARTESIAN_POINT('',(-1.4,2.21,-2.E-02));
#14382 = SURFACE_CURVE('',#14383,(#14387,#14394),.PCURVE_S1.);
#14383 = LINE('',#14384,#14385);
#14384 = CARTESIAN_POINT('',(-1.4,2.21,-2.E-02));
#14385 = VECTOR('',#14386,1.);
#14386 = DIRECTION('',(-0.,0.,1.));
#14387 = PCURVE('',#14282,#14388);
#14388 = DEFINITIONAL_REPRESENTATION('',(#14389),#14393);
#14389 = LINE('',#14390,#14391);
#14390 = CARTESIAN_POINT('',(0.,0.));
#14391 = VECTOR('',#14392,1.);
#14392 = DIRECTION('',(0.,1.));
#14393 = ( GEOMETRIC_REPRESENTATION_CONTEXT(2) 
PARAMETRIC_REPRESENTATION_CONTEXT() REPRESENTATION_CONTEXT('2D SPACE',''
  ) );
#14394 = PCURVE('',#14395,#14400);
#14395 = PLANE('',#14396);
#14396 = AXIS2_PLACEMENT_3D('',#14397,#14398,#14399);
#14397 = CARTESIAN_POINT('',(-1.4,2.21,-2.E-02));
#14398 = DIRECTION('',(1.,-3.614007241618E-16,0.));
#14399 = DIRECTION('',(-3.614007241618E-16,-1.,0.));
#14400 = DEFINITIONAL_REPRESENTATION('',(#14401),#14405);
#14401 = LINE('',#14402,#14403);
#14402 = CARTESIAN_POINT('',(0.,0.));
#14403 = VECTOR('',#14404,1.);
#14404 = DIRECTION('',(0.,-1.));
#14405 = ( GEOMETRIC_REPRESENTATION_CONTEXT(2) 
PARAMETRIC_REPRESENTATION_CONTEXT() REPRESENTATION_CONTEXT('2D SPACE',''
  ) );
#14406 = ORIENTED_EDGE('',*,*,#14407,.F.);
#14407 = EDGE_CURVE('',#14267,#14380,#14408,.T.);
#14408 = SURFACE_CURVE('',#14409,(#14414,#14421),.PCURVE_S1.);
#14409 = CIRCLE('',#14410,0.1);
#14410 = AXIS2_PLACEMENT_3D('',#14411,#14412,#14413);
#14411 = CARTESIAN_POINT('',(-1.3,2.21,-2.E-02));
#14412 = DIRECTION('',(0.,0.,-1.));
#14413 = DIRECTION('',(-1.,0.,0.));
#14414 = PCURVE('',#14282,#14415);
#14415 = DEFINITIONAL_REPRESENTATION('',(#14416),#14420);
#14416 = LINE('',#14417,#14418);
#14417 = CARTESIAN_POINT('',(6.28318530718,0.));
#14418 = VECTOR('',#14419,1.);
#14419 = DIRECTION('',(-1.,0.));
#14420 = ( GEOMETRIC_REPRESENTATION_CONTEXT(2) 
PARAMETRIC_REPRESENTATION_CONTEXT() REPRESENTATION_CONTEXT('2D SPACE',''
  ) );
#14421 = PCURVE('',#14310,#14422);
#14422 = DEFINITIONAL_REPRESENTATION('',(#14423),#14431);
#14423 = ( BOUNDED_CURVE() B_SPLINE_CURVE(2,(#14424,#14425,#14426,#14427
    ,#14428,#14429,#14430),.UNSPECIFIED.,.T.,.F.) 
B_SPLINE_CURVE_WITH_KNOTS((1,2,2,2,2,1),(-2.094395102393,0.,
    2.094395102393,4.188790204786,6.28318530718,8.377580409573),
.UNSPECIFIED.) CURVE() GEOMETRIC_REPRESENTATION_ITEM() 
RATIONAL_B_SPLINE_CURVE((1.,0.5,1.,0.5,1.,0.5,1.)) REPRESENTATION_ITEM(
  '') );
#14424 = CARTESIAN_POINT('',(0.1,0.));
#14425 = CARTESIAN_POINT('',(0.1,-0.173205080757));
#14426 = CARTESIAN_POINT('',(-5.E-02,-8.660254037844E-02));
#14427 = CARTESIAN_POINT('',(-0.2,-2.449293598295E-17));
#14428 = CARTESIAN_POINT('',(-5.E-02,8.660254037844E-02));
#14429 = CARTESIAN_POINT('',(1.E-01,0.173205080757));
#14430 = CARTESIAN_POINT('',(0.1,0.));
#14431 = ( GEOMETRIC_REPRESENTATION_CONTEXT(2) 
PARAMETRIC_REPRESENTATION_CONTEXT() REPRESENTATION_CONTEXT('2D SPACE',''
  ) );
#14432 = ORIENTED_EDGE('',*,*,#14266,.T.);
#14433 = ADVANCED_FACE('',(#14434),#14395,.F.);
#14434 = FACE_BOUND('',#14435,.T.);
#14435 = EDGE_LOOP('',(#14436,#14459,#14482,#14503));
#14436 = ORIENTED_EDGE('',*,*,#14437,.T.);
#14437 = EDGE_CURVE('',#14352,#14438,#14440,.T.);
#14438 = VERTEX_POINT('',#14439);
#14439 = CARTESIAN_POINT('',(-1.4,2.51,0.18));
#14440 = SURFACE_CURVE('',#14441,(#14445,#14452),.PCURVE_S1.);
#14441 = LINE('',#14442,#14443);
#14442 = CARTESIAN_POINT('',(-1.4,2.21,0.18));
#14443 = VECTOR('',#14444,1.);
#14444 = DIRECTION('',(3.614007241618E-16,1.,0.));
#14445 = PCURVE('',#14395,#14446);
#14446 = DEFINITIONAL_REPRESENTATION('',(#14447),#14451);
#14447 = LINE('',#14448,#14449);
#14448 = CARTESIAN_POINT('',(0.,-0.2));
#14449 = VECTOR('',#14450,1.);
#14450 = DIRECTION('',(-1.,0.));
#14451 = ( GEOMETRIC_REPRESENTATION_CONTEXT(2) 
PARAMETRIC_REPRESENTATION_CONTEXT() REPRESENTATION_CONTEXT('2D SPACE',''
  ) );
#14452 = PCURVE('',#14254,#14453);
#14453 = DEFINITIONAL_REPRESENTATION('',(#14454),#14458);
#14454 = LINE('',#14455,#14456);
#14455 = CARTESIAN_POINT('',(1.E-01,0.));
#14456 = VECTOR('',#14457,1.);
#14457 = DIRECTION('',(-3.614007241618E-16,-1.));
#14458 = ( GEOMETRIC_REPRESENTATION_CONTEXT(2) 
PARAMETRIC_REPRESENTATION_CONTEXT() REPRESENTATION_CONTEXT('2D SPACE',''
  ) );
#14459 = ORIENTED_EDGE('',*,*,#14460,.F.);
#14460 = EDGE_CURVE('',#14461,#14438,#14463,.T.);
#14461 = VERTEX_POINT('',#14462);
#14462 = CARTESIAN_POINT('',(-1.4,2.51,-2.E-02));
#14463 = SURFACE_CURVE('',#14464,(#14468,#14475),.PCURVE_S1.);
#14464 = LINE('',#14465,#14466);
#14465 = CARTESIAN_POINT('',(-1.4,2.51,-2.E-02));
#14466 = VECTOR('',#14467,1.);
#14467 = DIRECTION('',(-0.,0.,1.));
#14468 = PCURVE('',#14395,#14469);
#14469 = DEFINITIONAL_REPRESENTATION('',(#14470),#14474);
#14470 = LINE('',#14471,#14472);
#14471 = CARTESIAN_POINT('',(-0.3,0.));
#14472 = VECTOR('',#14473,1.);
#14473 = DIRECTION('',(0.,-1.));
#14474 = ( GEOMETRIC_REPRESENTATION_CONTEXT(2) 
PARAMETRIC_REPRESENTATION_CONTEXT() REPRESENTATION_CONTEXT('2D SPACE',''
  ) );
#14475 = PCURVE('',#14336,#14476);
#14476 = DEFINITIONAL_REPRESENTATION('',(#14477),#14481);
#14477 = LINE('',#14478,#14479);
#14478 = CARTESIAN_POINT('',(0.,0.));
#14479 = VECTOR('',#14480,1.);
#14480 = DIRECTION('',(0.,-1.));
#14481 = ( GEOMETRIC_REPRESENTATION_CONTEXT(2) 
PARAMETRIC_REPRESENTATION_CONTEXT() REPRESENTATION_CONTEXT('2D SPACE',''
  ) );
#14482 = ORIENTED_EDGE('',*,*,#14483,.F.);
#14483 = EDGE_CURVE('',#14380,#14461,#14484,.T.);
#14484 = SURFACE_CURVE('',#14485,(#14489,#14496),.PCURVE_S1.);
#14485 = LINE('',#14486,#14487);
#14486 = CARTESIAN_POINT('',(-1.4,2.21,-2.E-02));
#14487 = VECTOR('',#14488,1.);
#14488 = DIRECTION('',(3.614007241618E-16,1.,0.));
#14489 = PCURVE('',#14395,#14490);
#14490 = DEFINITIONAL_REPRESENTATION('',(#14491),#14495);
#14491 = LINE('',#14492,#14493);
#14492 = CARTESIAN_POINT('',(0.,0.));
#14493 = VECTOR('',#14494,1.);
#14494 = DIRECTION('',(-1.,0.));
#14495 = ( GEOMETRIC_REPRESENTATION_CONTEXT(2) 
PARAMETRIC_REPRESENTATION_CONTEXT() REPRESENTATION_CONTEXT('2D SPACE',''
  ) );
#14496 = PCURVE('',#14310,#14497);
#14497 = DEFINITIONAL_REPRESENTATION('',(#14498),#14502);
#14498 = LINE('',#14499,#14500);
#14499 = CARTESIAN_POINT('',(1.E-01,0.));
#14500 = VECTOR('',#14501,1.);
#14501 = DIRECTION('',(-3.614007241618E-16,-1.));
#14502 = ( GEOMETRIC_REPRESENTATION_CONTEXT(2) 
PARAMETRIC_REPRESENTATION_CONTEXT() REPRESENTATION_CONTEXT('2D SPACE',''
  ) );
#14503 = ORIENTED_EDGE('',*,*,#14379,.T.);
#14504 = ADVANCED_FACE('',(#14505),#14336,.F.);
#14505 = FACE_BOUND('',#14506,.T.);
#14506 = EDGE_LOOP('',(#14507,#14528,#14529,#14550));
#14507 = ORIENTED_EDGE('',*,*,#14508,.T.);
#14508 = EDGE_CURVE('',#14438,#14232,#14509,.T.);
#14509 = SURFACE_CURVE('',#14510,(#14514,#14521),.PCURVE_S1.);
#14510 = LINE('',#14511,#14512);
#14511 = CARTESIAN_POINT('',(-1.4,2.51,0.18));
#14512 = VECTOR('',#14513,1.);
#14513 = DIRECTION('',(1.,-1.355252715607E-16,0.));
#14514 = PCURVE('',#14336,#14515);
#14515 = DEFINITIONAL_REPRESENTATION('',(#14516),#14520);
#14516 = LINE('',#14517,#14518);
#14517 = CARTESIAN_POINT('',(0.,-0.2));
#14518 = VECTOR('',#14519,1.);
#14519 = DIRECTION('',(-1.,-0.));
#14520 = ( GEOMETRIC_REPRESENTATION_CONTEXT(2) 
PARAMETRIC_REPRESENTATION_CONTEXT() REPRESENTATION_CONTEXT('2D SPACE',''
  ) );
#14521 = PCURVE('',#14254,#14522);
#14522 = DEFINITIONAL_REPRESENTATION('',(#14523),#14527);
#14523 = LINE('',#14524,#14525);
#14524 = CARTESIAN_POINT('',(1.E-01,-0.3));
#14525 = VECTOR('',#14526,1.);
#14526 = DIRECTION('',(-1.,1.355252715607E-16));
#14527 = ( GEOMETRIC_REPRESENTATION_CONTEXT(2) 
PARAMETRIC_REPRESENTATION_CONTEXT() REPRESENTATION_CONTEXT('2D SPACE',''
  ) );
#14528 = ORIENTED_EDGE('',*,*,#14322,.F.);
#14529 = ORIENTED_EDGE('',*,*,#14530,.F.);
#14530 = EDGE_CURVE('',#14461,#14295,#14531,.T.);
#14531 = SURFACE_CURVE('',#14532,(#14536,#14543),.PCURVE_S1.);
#14532 = LINE('',#14533,#14534);
#14533 = CARTESIAN_POINT('',(-1.4,2.51,-2.E-02));
#14534 = VECTOR('',#14535,1.);
#14535 = DIRECTION('',(1.,-1.355252715607E-16,0.));
#14536 = PCURVE('',#14336,#14537);
#14537 = DEFINITIONAL_REPRESENTATION('',(#14538),#14542);
#14538 = LINE('',#14539,#14540);
#14539 = CARTESIAN_POINT('',(0.,0.));
#14540 = VECTOR('',#14541,1.);
#14541 = DIRECTION('',(-1.,-0.));
#14542 = ( GEOMETRIC_REPRESENTATION_CONTEXT(2) 
PARAMETRIC_REPRESENTATION_CONTEXT() REPRESENTATION_CONTEXT('2D SPACE',''
  ) );
#14543 = PCURVE('',#14310,#14544);
#14544 = DEFINITIONAL_REPRESENTATION('',(#14545),#14549);
#14545 = LINE('',#14546,#14547);
#14546 = CARTESIAN_POINT('',(1.E-01,-0.3));
#14547 = VECTOR('',#14548,1.);
#14548 = DIRECTION('',(-1.,1.355252715607E-16));
#14549 = ( GEOMETRIC_REPRESENTATION_CONTEXT(2) 
PARAMETRIC_REPRESENTATION_CONTEXT() REPRESENTATION_CONTEXT('2D SPACE',''
  ) );
#14550 = ORIENTED_EDGE('',*,*,#14460,.T.);
#14551 = ADVANCED_FACE('',(#14552),#14310,.F.);
#14552 = FACE_BOUND('',#14553,.T.);
#14553 = EDGE_LOOP('',(#14554,#14555,#14556,#14557));
#14554 = ORIENTED_EDGE('',*,*,#14294,.T.);
#14555 = ORIENTED_EDGE('',*,*,#14407,.T.);
#14556 = ORIENTED_EDGE('',*,*,#14483,.T.);
#14557 = ORIENTED_EDGE('',*,*,#14530,.T.);
#14558 = ADVANCED_FACE('',(#14559),#14254,.T.);
#14559 = FACE_BOUND('',#14560,.T.);
#14560 = EDGE_LOOP('',(#14561,#14562,#14563,#14564));
#14561 = ORIENTED_EDGE('',*,*,#14231,.F.);
#14562 = ORIENTED_EDGE('',*,*,#14508,.F.);
#14563 = ORIENTED_EDGE('',*,*,#14437,.F.);
#14564 = ORIENTED_EDGE('',*,*,#14351,.F.);
#14565 = MANIFOLD_SOLID_BREP('',#14566);
#14566 = CLOSED_SHELL('',(#14567,#14687,#14773,#14844,#14891,#14898));
#14567 = ADVANCED_FACE('',(#14568),#14582,.F.);
#14568 = FACE_BOUND('',#14569,.T.);
#14569 = EDGE_LOOP('',(#14570,#14605,#14633,#14661));
#14570 = ORIENTED_EDGE('',*,*,#14571,.T.);
#14571 = EDGE_CURVE('',#14572,#14574,#14576,.T.);
#14572 = VERTEX_POINT('',#14573);
#14573 = CARTESIAN_POINT('',(-0.55,2.51,0.18));
#14574 = VERTEX_POINT('',#14575);
#14575 = CARTESIAN_POINT('',(-0.55,2.21,0.18));
#14576 = SURFACE_CURVE('',#14577,(#14581,#14593),.PCURVE_S1.);
#14577 = LINE('',#14578,#14579);
#14578 = CARTESIAN_POINT('',(-0.55,2.21,0.18));
#14579 = VECTOR('',#14580,1.);
#14580 = DIRECTION('',(9.035018104046E-17,-1.,0.));
#14581 = PCURVE('',#14582,#14587);
#14582 = PLANE('',#14583);
#14583 = AXIS2_PLACEMENT_3D('',#14584,#14585,#14586);
#14584 = CARTESIAN_POINT('',(-0.55,2.21,-2.E-02));
#14585 = DIRECTION('',(-1.,-9.035018104046E-17,0.));
#14586 = DIRECTION('',(-9.035018104046E-17,1.,0.));
#14587 = DEFINITIONAL_REPRESENTATION('',(#14588),#14592);
#14588 = LINE('',#14589,#14590);
#14589 = CARTESIAN_POINT('',(0.,-0.2));
#14590 = VECTOR('',#14591,1.);
#14591 = DIRECTION('',(-1.,-0.));
#14592 = ( GEOMETRIC_REPRESENTATION_CONTEXT(2) 
PARAMETRIC_REPRESENTATION_CONTEXT() REPRESENTATION_CONTEXT('2D SPACE',''
  ) );
#14593 = PCURVE('',#14594,#14599);
#14594 = PLANE('',#14595);
#14595 = AXIS2_PLACEMENT_3D('',#14596,#14597,#14598);
#14596 = CARTESIAN_POINT('',(-0.65,2.21,0.18));
#14597 = DIRECTION('',(0.,0.,1.));
#14598 = DIRECTION('',(-1.,0.,0.));
#14599 = DEFINITIONAL_REPRESENTATION('',(#14600),#14604);
#14600 = LINE('',#14601,#14602);
#14601 = CARTESIAN_POINT('',(-0.1,0.));
#14602 = VECTOR('',#14603,1.);
#14603 = DIRECTION('',(-9.035018104046E-17,1.));
#14604 = ( GEOMETRIC_REPRESENTATION_CONTEXT(2) 
PARAMETRIC_REPRESENTATION_CONTEXT() REPRESENTATION_CONTEXT('2D SPACE',''
  ) );
#14605 = ORIENTED_EDGE('',*,*,#14606,.F.);
#14606 = EDGE_CURVE('',#14607,#14574,#14609,.T.);
#14607 = VERTEX_POINT('',#14608);
#14608 = CARTESIAN_POINT('',(-0.55,2.21,-2.E-02));
#14609 = SURFACE_CURVE('',#14610,(#14614,#14621),.PCURVE_S1.);
#14610 = LINE('',#14611,#14612);
#14611 = CARTESIAN_POINT('',(-0.55,2.21,-2.E-02));
#14612 = VECTOR('',#14613,1.);
#14613 = DIRECTION('',(-0.,0.,1.));
#14614 = PCURVE('',#14582,#14615);
#14615 = DEFINITIONAL_REPRESENTATION('',(#14616),#14620);
#14616 = LINE('',#14617,#14618);
#14617 = CARTESIAN_POINT('',(0.,0.));
#14618 = VECTOR('',#14619,1.);
#14619 = DIRECTION('',(0.,-1.));
#14620 = ( GEOMETRIC_REPRESENTATION_CONTEXT(2) 
PARAMETRIC_REPRESENTATION_CONTEXT() REPRESENTATION_CONTEXT('2D SPACE',''
  ) );
#14621 = PCURVE('',#14622,#14627);
#14622 = CYLINDRICAL_SURFACE('',#14623,0.1);
#14623 = AXIS2_PLACEMENT_3D('',#14624,#14625,#14626);
#14624 = CARTESIAN_POINT('',(-0.65,2.21,-2.E-02));
#14625 = DIRECTION('',(-0.,0.,1.));
#14626 = DIRECTION('',(-1.,0.,-0.));
#14627 = DEFINITIONAL_REPRESENTATION('',(#14628),#14632);
#14628 = LINE('',#14629,#14630);
#14629 = CARTESIAN_POINT('',(3.14159265359,0.));
#14630 = VECTOR('',#14631,1.);
#14631 = DIRECTION('',(0.,1.));
#14632 = ( GEOMETRIC_REPRESENTATION_CONTEXT(2) 
PARAMETRIC_REPRESENTATION_CONTEXT() REPRESENTATION_CONTEXT('2D SPACE',''
  ) );
#14633 = ORIENTED_EDGE('',*,*,#14634,.F.);
#14634 = EDGE_CURVE('',#14635,#14607,#14637,.T.);
#14635 = VERTEX_POINT('',#14636);
#14636 = CARTESIAN_POINT('',(-0.55,2.51,-2.E-02));
#14637 = SURFACE_CURVE('',#14638,(#14642,#14649),.PCURVE_S1.);
#14638 = LINE('',#14639,#14640);
#14639 = CARTESIAN_POINT('',(-0.55,2.21,-2.E-02));
#14640 = VECTOR('',#14641,1.);
#14641 = DIRECTION('',(9.035018104046E-17,-1.,0.));
#14642 = PCURVE('',#14582,#14643);
#14643 = DEFINITIONAL_REPRESENTATION('',(#14644),#14648);
#14644 = LINE('',#14645,#14646);
#14645 = CARTESIAN_POINT('',(0.,0.));
#14646 = VECTOR('',#14647,1.);
#14647 = DIRECTION('',(-1.,-0.));
#14648 = ( GEOMETRIC_REPRESENTATION_CONTEXT(2) 
PARAMETRIC_REPRESENTATION_CONTEXT() REPRESENTATION_CONTEXT('2D SPACE',''
  ) );
#14649 = PCURVE('',#14650,#14655);
#14650 = PLANE('',#14651);
#14651 = AXIS2_PLACEMENT_3D('',#14652,#14653,#14654);
#14652 = CARTESIAN_POINT('',(-0.65,2.21,-2.E-02));
#14653 = DIRECTION('',(0.,0.,1.));
#14654 = DIRECTION('',(-1.,0.,0.));
#14655 = DEFINITIONAL_REPRESENTATION('',(#14656),#14660);
#14656 = LINE('',#14657,#14658);
#14657 = CARTESIAN_POINT('',(-0.1,0.));
#14658 = VECTOR('',#14659,1.);
#14659 = DIRECTION('',(-9.035018104046E-17,1.));
#14660 = ( GEOMETRIC_REPRESENTATION_CONTEXT(2) 
PARAMETRIC_REPRESENTATION_CONTEXT() REPRESENTATION_CONTEXT('2D SPACE',''
  ) );
#14661 = ORIENTED_EDGE('',*,*,#14662,.T.);
#14662 = EDGE_CURVE('',#14635,#14572,#14663,.T.);
#14663 = SURFACE_CURVE('',#14664,(#14668,#14675),.PCURVE_S1.);
#14664 = LINE('',#14665,#14666);
#14665 = CARTESIAN_POINT('',(-0.55,2.51,-2.E-02));
#14666 = VECTOR('',#14667,1.);
#14667 = DIRECTION('',(-0.,0.,1.));
#14668 = PCURVE('',#14582,#14669);
#14669 = DEFINITIONAL_REPRESENTATION('',(#14670),#14674);
#14670 = LINE('',#14671,#14672);
#14671 = CARTESIAN_POINT('',(0.3,0.));
#14672 = VECTOR('',#14673,1.);
#14673 = DIRECTION('',(0.,-1.));
#14674 = ( GEOMETRIC_REPRESENTATION_CONTEXT(2) 
PARAMETRIC_REPRESENTATION_CONTEXT() REPRESENTATION_CONTEXT('2D SPACE',''
  ) );
#14675 = PCURVE('',#14676,#14681);
#14676 = PLANE('',#14677);
#14677 = AXIS2_PLACEMENT_3D('',#14678,#14679,#14680);
#14678 = CARTESIAN_POINT('',(-0.75,2.51,-2.E-02));
#14679 = DIRECTION('',(-1.355252715607E-16,-1.,0.));
#14680 = DIRECTION('',(-1.,1.355252715607E-16,0.));
#14681 = DEFINITIONAL_REPRESENTATION('',(#14682),#14686);
#14682 = LINE('',#14683,#14684);
#14683 = CARTESIAN_POINT('',(-0.2,0.));
#14684 = VECTOR('',#14685,1.);
#14685 = DIRECTION('',(0.,-1.));
#14686 = ( GEOMETRIC_REPRESENTATION_CONTEXT(2) 
PARAMETRIC_REPRESENTATION_CONTEXT() REPRESENTATION_CONTEXT('2D SPACE',''
  ) );
#14687 = ADVANCED_FACE('',(#14688),#14622,.T.);
#14688 = FACE_BOUND('',#14689,.T.);
#14689 = EDGE_LOOP('',(#14690,#14718,#14746,#14772));
#14690 = ORIENTED_EDGE('',*,*,#14691,.T.);
#14691 = EDGE_CURVE('',#14574,#14692,#14694,.T.);
#14692 = VERTEX_POINT('',#14693);
#14693 = CARTESIAN_POINT('',(-0.75,2.21,0.18));
#14694 = SURFACE_CURVE('',#14695,(#14700,#14707),.PCURVE_S1.);
#14695 = CIRCLE('',#14696,0.1);
#14696 = AXIS2_PLACEMENT_3D('',#14697,#14698,#14699);
#14697 = CARTESIAN_POINT('',(-0.65,2.21,0.18));
#14698 = DIRECTION('',(0.,0.,-1.));
#14699 = DIRECTION('',(-1.,0.,0.));
#14700 = PCURVE('',#14622,#14701);
#14701 = DEFINITIONAL_REPRESENTATION('',(#14702),#14706);
#14702 = LINE('',#14703,#14704);
#14703 = CARTESIAN_POINT('',(6.28318530718,0.2));
#14704 = VECTOR('',#14705,1.);
#14705 = DIRECTION('',(-1.,0.));
#14706 = ( GEOMETRIC_REPRESENTATION_CONTEXT(2) 
PARAMETRIC_REPRESENTATION_CONTEXT() REPRESENTATION_CONTEXT('2D SPACE',''
  ) );
#14707 = PCURVE('',#14594,#14708);
#14708 = DEFINITIONAL_REPRESENTATION('',(#14709),#14717);
#14709 = ( BOUNDED_CURVE() B_SPLINE_CURVE(2,(#14710,#14711,#14712,#14713
    ,#14714,#14715,#14716),.UNSPECIFIED.,.T.,.F.) 
B_SPLINE_CURVE_WITH_KNOTS((1,2,2,2,2,1),(-2.094395102393,0.,
    2.094395102393,4.188790204786,6.28318530718,8.377580409573),
.UNSPECIFIED.) CURVE() GEOMETRIC_REPRESENTATION_ITEM() 
RATIONAL_B_SPLINE_CURVE((1.,0.5,1.,0.5,1.,0.5,1.)) REPRESENTATION_ITEM(
  '') );
#14710 = CARTESIAN_POINT('',(0.1,0.));
#14711 = CARTESIAN_POINT('',(0.1,-0.173205080757));
#14712 = CARTESIAN_POINT('',(-5.E-02,-8.660254037844E-02));
#14713 = CARTESIAN_POINT('',(-0.2,-2.449293598295E-17));
#14714 = CARTESIAN_POINT('',(-5.E-02,8.660254037844E-02));
#14715 = CARTESIAN_POINT('',(1.E-01,0.173205080757));
#14716 = CARTESIAN_POINT('',(0.1,0.));
#14717 = ( GEOMETRIC_REPRESENTATION_CONTEXT(2) 
PARAMETRIC_REPRESENTATION_CONTEXT() REPRESENTATION_CONTEXT('2D SPACE',''
  ) );
#14718 = ORIENTED_EDGE('',*,*,#14719,.F.);
#14719 = EDGE_CURVE('',#14720,#14692,#14722,.T.);
#14720 = VERTEX_POINT('',#14721);
#14721 = CARTESIAN_POINT('',(-0.75,2.21,-2.E-02));
#14722 = SURFACE_CURVE('',#14723,(#14727,#14734),.PCURVE_S1.);
#14723 = LINE('',#14724,#14725);
#14724 = CARTESIAN_POINT('',(-0.75,2.21,-2.E-02));
#14725 = VECTOR('',#14726,1.);
#14726 = DIRECTION('',(-0.,0.,1.));
#14727 = PCURVE('',#14622,#14728);
#14728 = DEFINITIONAL_REPRESENTATION('',(#14729),#14733);
#14729 = LINE('',#14730,#14731);
#14730 = CARTESIAN_POINT('',(0.,0.));
#14731 = VECTOR('',#14732,1.);
#14732 = DIRECTION('',(0.,1.));
#14733 = ( GEOMETRIC_REPRESENTATION_CONTEXT(2) 
PARAMETRIC_REPRESENTATION_CONTEXT() REPRESENTATION_CONTEXT('2D SPACE',''
  ) );
#14734 = PCURVE('',#14735,#14740);
#14735 = PLANE('',#14736);
#14736 = AXIS2_PLACEMENT_3D('',#14737,#14738,#14739);
#14737 = CARTESIAN_POINT('',(-0.75,2.21,-2.E-02));
#14738 = DIRECTION('',(1.,-3.614007241618E-16,0.));
#14739 = DIRECTION('',(-3.614007241618E-16,-1.,0.));
#14740 = DEFINITIONAL_REPRESENTATION('',(#14741),#14745);
#14741 = LINE('',#14742,#14743);
#14742 = CARTESIAN_POINT('',(0.,0.));
#14743 = VECTOR('',#14744,1.);
#14744 = DIRECTION('',(0.,-1.));
#14745 = ( GEOMETRIC_REPRESENTATION_CONTEXT(2) 
PARAMETRIC_REPRESENTATION_CONTEXT() REPRESENTATION_CONTEXT('2D SPACE',''
  ) );
#14746 = ORIENTED_EDGE('',*,*,#14747,.F.);
#14747 = EDGE_CURVE('',#14607,#14720,#14748,.T.);
#14748 = SURFACE_CURVE('',#14749,(#14754,#14761),.PCURVE_S1.);
#14749 = CIRCLE('',#14750,0.1);
#14750 = AXIS2_PLACEMENT_3D('',#14751,#14752,#14753);
#14751 = CARTESIAN_POINT('',(-0.65,2.21,-2.E-02));
#14752 = DIRECTION('',(0.,0.,-1.));
#14753 = DIRECTION('',(-1.,0.,0.));
#14754 = PCURVE('',#14622,#14755);
#14755 = DEFINITIONAL_REPRESENTATION('',(#14756),#14760);
#14756 = LINE('',#14757,#14758);
#14757 = CARTESIAN_POINT('',(6.28318530718,0.));
#14758 = VECTOR('',#14759,1.);
#14759 = DIRECTION('',(-1.,0.));
#14760 = ( GEOMETRIC_REPRESENTATION_CONTEXT(2) 
PARAMETRIC_REPRESENTATION_CONTEXT() REPRESENTATION_CONTEXT('2D SPACE',''
  ) );
#14761 = PCURVE('',#14650,#14762);
#14762 = DEFINITIONAL_REPRESENTATION('',(#14763),#14771);
#14763 = ( BOUNDED_CURVE() B_SPLINE_CURVE(2,(#14764,#14765,#14766,#14767
    ,#14768,#14769,#14770),.UNSPECIFIED.,.T.,.F.) 
B_SPLINE_CURVE_WITH_KNOTS((1,2,2,2,2,1),(-2.094395102393,0.,
    2.094395102393,4.188790204786,6.28318530718,8.377580409573),
.UNSPECIFIED.) CURVE() GEOMETRIC_REPRESENTATION_ITEM() 
RATIONAL_B_SPLINE_CURVE((1.,0.5,1.,0.5,1.,0.5,1.)) REPRESENTATION_ITEM(
  '') );
#14764 = CARTESIAN_POINT('',(0.1,0.));
#14765 = CARTESIAN_POINT('',(0.1,-0.173205080757));
#14766 = CARTESIAN_POINT('',(-5.E-02,-8.660254037844E-02));
#14767 = CARTESIAN_POINT('',(-0.2,-2.449293598295E-17));
#14768 = CARTESIAN_POINT('',(-5.E-02,8.660254037844E-02));
#14769 = CARTESIAN_POINT('',(1.E-01,0.173205080757));
#14770 = CARTESIAN_POINT('',(0.1,0.));
#14771 = ( GEOMETRIC_REPRESENTATION_CONTEXT(2) 
PARAMETRIC_REPRESENTATION_CONTEXT() REPRESENTATION_CONTEXT('2D SPACE',''
  ) );
#14772 = ORIENTED_EDGE('',*,*,#14606,.T.);
#14773 = ADVANCED_FACE('',(#14774),#14735,.F.);
#14774 = FACE_BOUND('',#14775,.T.);
#14775 = EDGE_LOOP('',(#14776,#14799,#14822,#14843));
#14776 = ORIENTED_EDGE('',*,*,#14777,.T.);
#14777 = EDGE_CURVE('',#14692,#14778,#14780,.T.);
#14778 = VERTEX_POINT('',#14779);
#14779 = CARTESIAN_POINT('',(-0.75,2.51,0.18));
#14780 = SURFACE_CURVE('',#14781,(#14785,#14792),.PCURVE_S1.);
#14781 = LINE('',#14782,#14783);
#14782 = CARTESIAN_POINT('',(-0.75,2.21,0.18));
#14783 = VECTOR('',#14784,1.);
#14784 = DIRECTION('',(3.614007241618E-16,1.,0.));
#14785 = PCURVE('',#14735,#14786);
#14786 = DEFINITIONAL_REPRESENTATION('',(#14787),#14791);
#14787 = LINE('',#14788,#14789);
#14788 = CARTESIAN_POINT('',(0.,-0.2));
#14789 = VECTOR('',#14790,1.);
#14790 = DIRECTION('',(-1.,0.));
#14791 = ( GEOMETRIC_REPRESENTATION_CONTEXT(2) 
PARAMETRIC_REPRESENTATION_CONTEXT() REPRESENTATION_CONTEXT('2D SPACE',''
  ) );
#14792 = PCURVE('',#14594,#14793);
#14793 = DEFINITIONAL_REPRESENTATION('',(#14794),#14798);
#14794 = LINE('',#14795,#14796);
#14795 = CARTESIAN_POINT('',(1.E-01,0.));
#14796 = VECTOR('',#14797,1.);
#14797 = DIRECTION('',(-3.614007241618E-16,-1.));
#14798 = ( GEOMETRIC_REPRESENTATION_CONTEXT(2) 
PARAMETRIC_REPRESENTATION_CONTEXT() REPRESENTATION_CONTEXT('2D SPACE',''
  ) );
#14799 = ORIENTED_EDGE('',*,*,#14800,.F.);
#14800 = EDGE_CURVE('',#14801,#14778,#14803,.T.);
#14801 = VERTEX_POINT('',#14802);
#14802 = CARTESIAN_POINT('',(-0.75,2.51,-2.E-02));
#14803 = SURFACE_CURVE('',#14804,(#14808,#14815),.PCURVE_S1.);
#14804 = LINE('',#14805,#14806);
#14805 = CARTESIAN_POINT('',(-0.75,2.51,-2.E-02));
#14806 = VECTOR('',#14807,1.);
#14807 = DIRECTION('',(-0.,0.,1.));
#14808 = PCURVE('',#14735,#14809);
#14809 = DEFINITIONAL_REPRESENTATION('',(#14810),#14814);
#14810 = LINE('',#14811,#14812);
#14811 = CARTESIAN_POINT('',(-0.3,0.));
#14812 = VECTOR('',#14813,1.);
#14813 = DIRECTION('',(0.,-1.));
#14814 = ( GEOMETRIC_REPRESENTATION_CONTEXT(2) 
PARAMETRIC_REPRESENTATION_CONTEXT() REPRESENTATION_CONTEXT('2D SPACE',''
  ) );
#14815 = PCURVE('',#14676,#14816);
#14816 = DEFINITIONAL_REPRESENTATION('',(#14817),#14821);
#14817 = LINE('',#14818,#14819);
#14818 = CARTESIAN_POINT('',(0.,0.));
#14819 = VECTOR('',#14820,1.);
#14820 = DIRECTION('',(0.,-1.));
#14821 = ( GEOMETRIC_REPRESENTATION_CONTEXT(2) 
PARAMETRIC_REPRESENTATION_CONTEXT() REPRESENTATION_CONTEXT('2D SPACE',''
  ) );
#14822 = ORIENTED_EDGE('',*,*,#14823,.F.);
#14823 = EDGE_CURVE('',#14720,#14801,#14824,.T.);
#14824 = SURFACE_CURVE('',#14825,(#14829,#14836),.PCURVE_S1.);
#14825 = LINE('',#14826,#14827);
#14826 = CARTESIAN_POINT('',(-0.75,2.21,-2.E-02));
#14827 = VECTOR('',#14828,1.);
#14828 = DIRECTION('',(3.614007241618E-16,1.,0.));
#14829 = PCURVE('',#14735,#14830);
#14830 = DEFINITIONAL_REPRESENTATION('',(#14831),#14835);
#14831 = LINE('',#14832,#14833);
#14832 = CARTESIAN_POINT('',(0.,0.));
#14833 = VECTOR('',#14834,1.);
#14834 = DIRECTION('',(-1.,0.));
#14835 = ( GEOMETRIC_REPRESENTATION_CONTEXT(2) 
PARAMETRIC_REPRESENTATION_CONTEXT() REPRESENTATION_CONTEXT('2D SPACE',''
  ) );
#14836 = PCURVE('',#14650,#14837);
#14837 = DEFINITIONAL_REPRESENTATION('',(#14838),#14842);
#14838 = LINE('',#14839,#14840);
#14839 = CARTESIAN_POINT('',(1.E-01,0.));
#14840 = VECTOR('',#14841,1.);
#14841 = DIRECTION('',(-3.614007241618E-16,-1.));
#14842 = ( GEOMETRIC_REPRESENTATION_CONTEXT(2) 
PARAMETRIC_REPRESENTATION_CONTEXT() REPRESENTATION_CONTEXT('2D SPACE',''
  ) );
#14843 = ORIENTED_EDGE('',*,*,#14719,.T.);
#14844 = ADVANCED_FACE('',(#14845),#14676,.F.);
#14845 = FACE_BOUND('',#14846,.T.);
#14846 = EDGE_LOOP('',(#14847,#14868,#14869,#14890));
#14847 = ORIENTED_EDGE('',*,*,#14848,.T.);
#14848 = EDGE_CURVE('',#14778,#14572,#14849,.T.);
#14849 = SURFACE_CURVE('',#14850,(#14854,#14861),.PCURVE_S1.);
#14850 = LINE('',#14851,#14852);
#14851 = CARTESIAN_POINT('',(-0.75,2.51,0.18));
#14852 = VECTOR('',#14853,1.);
#14853 = DIRECTION('',(1.,-1.355252715607E-16,0.));
#14854 = PCURVE('',#14676,#14855);
#14855 = DEFINITIONAL_REPRESENTATION('',(#14856),#14860);
#14856 = LINE('',#14857,#14858);
#14857 = CARTESIAN_POINT('',(0.,-0.2));
#14858 = VECTOR('',#14859,1.);
#14859 = DIRECTION('',(-1.,-0.));
#14860 = ( GEOMETRIC_REPRESENTATION_CONTEXT(2) 
PARAMETRIC_REPRESENTATION_CONTEXT() REPRESENTATION_CONTEXT('2D SPACE',''
  ) );
#14861 = PCURVE('',#14594,#14862);
#14862 = DEFINITIONAL_REPRESENTATION('',(#14863),#14867);
#14863 = LINE('',#14864,#14865);
#14864 = CARTESIAN_POINT('',(1.E-01,-0.3));
#14865 = VECTOR('',#14866,1.);
#14866 = DIRECTION('',(-1.,1.355252715607E-16));
#14867 = ( GEOMETRIC_REPRESENTATION_CONTEXT(2) 
PARAMETRIC_REPRESENTATION_CONTEXT() REPRESENTATION_CONTEXT('2D SPACE',''
  ) );
#14868 = ORIENTED_EDGE('',*,*,#14662,.F.);
#14869 = ORIENTED_EDGE('',*,*,#14870,.F.);
#14870 = EDGE_CURVE('',#14801,#14635,#14871,.T.);
#14871 = SURFACE_CURVE('',#14872,(#14876,#14883),.PCURVE_S1.);
#14872 = LINE('',#14873,#14874);
#14873 = CARTESIAN_POINT('',(-0.75,2.51,-2.E-02));
#14874 = VECTOR('',#14875,1.);
#14875 = DIRECTION('',(1.,-1.355252715607E-16,0.));
#14876 = PCURVE('',#14676,#14877);
#14877 = DEFINITIONAL_REPRESENTATION('',(#14878),#14882);
#14878 = LINE('',#14879,#14880);
#14879 = CARTESIAN_POINT('',(0.,0.));
#14880 = VECTOR('',#14881,1.);
#14881 = DIRECTION('',(-1.,-0.));
#14882 = ( GEOMETRIC_REPRESENTATION_CONTEXT(2) 
PARAMETRIC_REPRESENTATION_CONTEXT() REPRESENTATION_CONTEXT('2D SPACE',''
  ) );
#14883 = PCURVE('',#14650,#14884);
#14884 = DEFINITIONAL_REPRESENTATION('',(#14885),#14889);
#14885 = LINE('',#14886,#14887);
#14886 = CARTESIAN_POINT('',(1.E-01,-0.3));
#14887 = VECTOR('',#14888,1.);
#14888 = DIRECTION('',(-1.,1.355252715607E-16));
#14889 = ( GEOMETRIC_REPRESENTATION_CONTEXT(2) 
PARAMETRIC_REPRESENTATION_CONTEXT() REPRESENTATION_CONTEXT('2D SPACE',''
  ) );
#14890 = ORIENTED_EDGE('',*,*,#14800,.T.);
#14891 = ADVANCED_FACE('',(#14892),#14650,.F.);
#14892 = FACE_BOUND('',#14893,.T.);
#14893 = EDGE_LOOP('',(#14894,#14895,#14896,#14897));
#14894 = ORIENTED_EDGE('',*,*,#14634,.T.);
#14895 = ORIENTED_EDGE('',*,*,#14747,.T.);
#14896 = ORIENTED_EDGE('',*,*,#14823,.T.);
#14897 = ORIENTED_EDGE('',*,*,#14870,.T.);
#14898 = ADVANCED_FACE('',(#14899),#14594,.T.);
#14899 = FACE_BOUND('',#14900,.T.);
#14900 = EDGE_LOOP('',(#14901,#14902,#14903,#14904));
#14901 = ORIENTED_EDGE('',*,*,#14571,.F.);
#14902 = ORIENTED_EDGE('',*,*,#14848,.F.);
#14903 = ORIENTED_EDGE('',*,*,#14777,.F.);
#14904 = ORIENTED_EDGE('',*,*,#14691,.F.);
#14905 = MANIFOLD_SOLID_BREP('',#14906);
#14906 = CLOSED_SHELL('',(#14907,#15027,#15113,#15184,#15231,#15238));
#14907 = ADVANCED_FACE('',(#14908),#14922,.F.);
#14908 = FACE_BOUND('',#14909,.T.);
#14909 = EDGE_LOOP('',(#14910,#14945,#14973,#15001));
#14910 = ORIENTED_EDGE('',*,*,#14911,.T.);
#14911 = EDGE_CURVE('',#14912,#14914,#14916,.T.);
#14912 = VERTEX_POINT('',#14913);
#14913 = CARTESIAN_POINT('',(0.1,2.51,0.18));
#14914 = VERTEX_POINT('',#14915);
#14915 = CARTESIAN_POINT('',(0.1,2.21,0.18));
#14916 = SURFACE_CURVE('',#14917,(#14921,#14933),.PCURVE_S1.);
#14917 = LINE('',#14918,#14919);
#14918 = CARTESIAN_POINT('',(0.1,2.21,0.18));
#14919 = VECTOR('',#14920,1.);
#14920 = DIRECTION('',(9.035018104046E-17,-1.,0.));
#14921 = PCURVE('',#14922,#14927);
#14922 = PLANE('',#14923);
#14923 = AXIS2_PLACEMENT_3D('',#14924,#14925,#14926);
#14924 = CARTESIAN_POINT('',(0.1,2.21,-2.E-02));
#14925 = DIRECTION('',(-1.,-9.035018104046E-17,0.));
#14926 = DIRECTION('',(-9.035018104046E-17,1.,0.));
#14927 = DEFINITIONAL_REPRESENTATION('',(#14928),#14932);
#14928 = LINE('',#14929,#14930);
#14929 = CARTESIAN_POINT('',(0.,-0.2));
#14930 = VECTOR('',#14931,1.);
#14931 = DIRECTION('',(-1.,-0.));
#14932 = ( GEOMETRIC_REPRESENTATION_CONTEXT(2) 
PARAMETRIC_REPRESENTATION_CONTEXT() REPRESENTATION_CONTEXT('2D SPACE',''
  ) );
#14933 = PCURVE('',#14934,#14939);
#14934 = PLANE('',#14935);
#14935 = AXIS2_PLACEMENT_3D('',#14936,#14937,#14938);
#14936 = CARTESIAN_POINT('',(4.459273369857E-16,2.21,0.18));
#14937 = DIRECTION('',(0.,0.,1.));
#14938 = DIRECTION('',(-1.,0.,0.));
#14939 = DEFINITIONAL_REPRESENTATION('',(#14940),#14944);
#14940 = LINE('',#14941,#14942);
#14941 = CARTESIAN_POINT('',(-0.1,0.));
#14942 = VECTOR('',#14943,1.);
#14943 = DIRECTION('',(-9.035018104046E-17,1.));
#14944 = ( GEOMETRIC_REPRESENTATION_CONTEXT(2) 
PARAMETRIC_REPRESENTATION_CONTEXT() REPRESENTATION_CONTEXT('2D SPACE',''
  ) );
#14945 = ORIENTED_EDGE('',*,*,#14946,.F.);
#14946 = EDGE_CURVE('',#14947,#14914,#14949,.T.);
#14947 = VERTEX_POINT('',#14948);
#14948 = CARTESIAN_POINT('',(0.1,2.21,-2.E-02));
#14949 = SURFACE_CURVE('',#14950,(#14954,#14961),.PCURVE_S1.);
#14950 = LINE('',#14951,#14952);
#14951 = CARTESIAN_POINT('',(0.1,2.21,-2.E-02));
#14952 = VECTOR('',#14953,1.);
#14953 = DIRECTION('',(-0.,0.,1.));
#14954 = PCURVE('',#14922,#14955);
#14955 = DEFINITIONAL_REPRESENTATION('',(#14956),#14960);
#14956 = LINE('',#14957,#14958);
#14957 = CARTESIAN_POINT('',(0.,0.));
#14958 = VECTOR('',#14959,1.);
#14959 = DIRECTION('',(0.,-1.));
#14960 = ( GEOMETRIC_REPRESENTATION_CONTEXT(2) 
PARAMETRIC_REPRESENTATION_CONTEXT() REPRESENTATION_CONTEXT('2D SPACE',''
  ) );
#14961 = PCURVE('',#14962,#14967);
#14962 = CYLINDRICAL_SURFACE('',#14963,0.1);
#14963 = AXIS2_PLACEMENT_3D('',#14964,#14965,#14966);
#14964 = CARTESIAN_POINT('',(4.459273369857E-16,2.21,-2.E-02));
#14965 = DIRECTION('',(-0.,0.,1.));
#14966 = DIRECTION('',(-1.,0.,-0.));
#14967 = DEFINITIONAL_REPRESENTATION('',(#14968),#14972);
#14968 = LINE('',#14969,#14970);
#14969 = CARTESIAN_POINT('',(3.14159265359,0.));
#14970 = VECTOR('',#14971,1.);
#14971 = DIRECTION('',(0.,1.));
#14972 = ( GEOMETRIC_REPRESENTATION_CONTEXT(2) 
PARAMETRIC_REPRESENTATION_CONTEXT() REPRESENTATION_CONTEXT('2D SPACE',''
  ) );
#14973 = ORIENTED_EDGE('',*,*,#14974,.F.);
#14974 = EDGE_CURVE('',#14975,#14947,#14977,.T.);
#14975 = VERTEX_POINT('',#14976);
#14976 = CARTESIAN_POINT('',(0.1,2.51,-2.E-02));
#14977 = SURFACE_CURVE('',#14978,(#14982,#14989),.PCURVE_S1.);
#14978 = LINE('',#14979,#14980);
#14979 = CARTESIAN_POINT('',(0.1,2.21,-2.E-02));
#14980 = VECTOR('',#14981,1.);
#14981 = DIRECTION('',(9.035018104046E-17,-1.,0.));
#14982 = PCURVE('',#14922,#14983);
#14983 = DEFINITIONAL_REPRESENTATION('',(#14984),#14988);
#14984 = LINE('',#14985,#14986);
#14985 = CARTESIAN_POINT('',(0.,0.));
#14986 = VECTOR('',#14987,1.);
#14987 = DIRECTION('',(-1.,-0.));
#14988 = ( GEOMETRIC_REPRESENTATION_CONTEXT(2) 
PARAMETRIC_REPRESENTATION_CONTEXT() REPRESENTATION_CONTEXT('2D SPACE',''
  ) );
#14989 = PCURVE('',#14990,#14995);
#14990 = PLANE('',#14991);
#14991 = AXIS2_PLACEMENT_3D('',#14992,#14993,#14994);
#14992 = CARTESIAN_POINT('',(4.459273369857E-16,2.21,-2.E-02));
#14993 = DIRECTION('',(0.,0.,1.));
#14994 = DIRECTION('',(-1.,0.,0.));
#14995 = DEFINITIONAL_REPRESENTATION('',(#14996),#15000);
#14996 = LINE('',#14997,#14998);
#14997 = CARTESIAN_POINT('',(-0.1,0.));
#14998 = VECTOR('',#14999,1.);
#14999 = DIRECTION('',(-9.035018104046E-17,1.));
#15000 = ( GEOMETRIC_REPRESENTATION_CONTEXT(2) 
PARAMETRIC_REPRESENTATION_CONTEXT() REPRESENTATION_CONTEXT('2D SPACE',''
  ) );
#15001 = ORIENTED_EDGE('',*,*,#15002,.T.);
#15002 = EDGE_CURVE('',#14975,#14912,#15003,.T.);
#15003 = SURFACE_CURVE('',#15004,(#15008,#15015),.PCURVE_S1.);
#15004 = LINE('',#15005,#15006);
#15005 = CARTESIAN_POINT('',(0.1,2.51,-2.E-02));
#15006 = VECTOR('',#15007,1.);
#15007 = DIRECTION('',(-0.,0.,1.));
#15008 = PCURVE('',#14922,#15009);
#15009 = DEFINITIONAL_REPRESENTATION('',(#15010),#15014);
#15010 = LINE('',#15011,#15012);
#15011 = CARTESIAN_POINT('',(0.3,0.));
#15012 = VECTOR('',#15013,1.);
#15013 = DIRECTION('',(0.,-1.));
#15014 = ( GEOMETRIC_REPRESENTATION_CONTEXT(2) 
PARAMETRIC_REPRESENTATION_CONTEXT() REPRESENTATION_CONTEXT('2D SPACE',''
  ) );
#15015 = PCURVE('',#15016,#15021);
#15016 = PLANE('',#15017);
#15017 = AXIS2_PLACEMENT_3D('',#15018,#15019,#15020);
#15018 = CARTESIAN_POINT('',(-1.E-01,2.51,-2.E-02));
#15019 = DIRECTION('',(-1.355252715607E-16,-1.,0.));
#15020 = DIRECTION('',(-1.,1.355252715607E-16,0.));
#15021 = DEFINITIONAL_REPRESENTATION('',(#15022),#15026);
#15022 = LINE('',#15023,#15024);
#15023 = CARTESIAN_POINT('',(-0.2,0.));
#15024 = VECTOR('',#15025,1.);
#15025 = DIRECTION('',(0.,-1.));
#15026 = ( GEOMETRIC_REPRESENTATION_CONTEXT(2) 
PARAMETRIC_REPRESENTATION_CONTEXT() REPRESENTATION_CONTEXT('2D SPACE',''
  ) );
#15027 = ADVANCED_FACE('',(#15028),#14962,.T.);
#15028 = FACE_BOUND('',#15029,.T.);
#15029 = EDGE_LOOP('',(#15030,#15058,#15086,#15112));
#15030 = ORIENTED_EDGE('',*,*,#15031,.T.);
#15031 = EDGE_CURVE('',#14914,#15032,#15034,.T.);
#15032 = VERTEX_POINT('',#15033);
#15033 = CARTESIAN_POINT('',(-1.E-01,2.21,0.18));
#15034 = SURFACE_CURVE('',#15035,(#15040,#15047),.PCURVE_S1.);
#15035 = CIRCLE('',#15036,0.1);
#15036 = AXIS2_PLACEMENT_3D('',#15037,#15038,#15039);
#15037 = CARTESIAN_POINT('',(4.459273369857E-16,2.21,0.18));
#15038 = DIRECTION('',(0.,0.,-1.));
#15039 = DIRECTION('',(-1.,0.,0.));
#15040 = PCURVE('',#14962,#15041);
#15041 = DEFINITIONAL_REPRESENTATION('',(#15042),#15046);
#15042 = LINE('',#15043,#15044);
#15043 = CARTESIAN_POINT('',(6.28318530718,0.2));
#15044 = VECTOR('',#15045,1.);
#15045 = DIRECTION('',(-1.,0.));
#15046 = ( GEOMETRIC_REPRESENTATION_CONTEXT(2) 
PARAMETRIC_REPRESENTATION_CONTEXT() REPRESENTATION_CONTEXT('2D SPACE',''
  ) );
#15047 = PCURVE('',#14934,#15048);
#15048 = DEFINITIONAL_REPRESENTATION('',(#15049),#15057);
#15049 = ( BOUNDED_CURVE() B_SPLINE_CURVE(2,(#15050,#15051,#15052,#15053
    ,#15054,#15055,#15056),.UNSPECIFIED.,.T.,.F.) 
B_SPLINE_CURVE_WITH_KNOTS((1,2,2,2,2,1),(-2.094395102393,0.,
    2.094395102393,4.188790204786,6.28318530718,8.377580409573),
.UNSPECIFIED.) CURVE() GEOMETRIC_REPRESENTATION_ITEM() 
RATIONAL_B_SPLINE_CURVE((1.,0.5,1.,0.5,1.,0.5,1.)) REPRESENTATION_ITEM(
  '') );
#15050 = CARTESIAN_POINT('',(0.1,0.));
#15051 = CARTESIAN_POINT('',(0.1,-0.173205080757));
#15052 = CARTESIAN_POINT('',(-5.E-02,-8.660254037844E-02));
#15053 = CARTESIAN_POINT('',(-0.2,-2.449293598295E-17));
#15054 = CARTESIAN_POINT('',(-5.E-02,8.660254037844E-02));
#15055 = CARTESIAN_POINT('',(1.E-01,0.173205080757));
#15056 = CARTESIAN_POINT('',(0.1,0.));
#15057 = ( GEOMETRIC_REPRESENTATION_CONTEXT(2) 
PARAMETRIC_REPRESENTATION_CONTEXT() REPRESENTATION_CONTEXT('2D SPACE',''
  ) );
#15058 = ORIENTED_EDGE('',*,*,#15059,.F.);
#15059 = EDGE_CURVE('',#15060,#15032,#15062,.T.);
#15060 = VERTEX_POINT('',#15061);
#15061 = CARTESIAN_POINT('',(-1.E-01,2.21,-2.E-02));
#15062 = SURFACE_CURVE('',#15063,(#15067,#15074),.PCURVE_S1.);
#15063 = LINE('',#15064,#15065);
#15064 = CARTESIAN_POINT('',(-1.E-01,2.21,-2.E-02));
#15065 = VECTOR('',#15066,1.);
#15066 = DIRECTION('',(-0.,0.,1.));
#15067 = PCURVE('',#14962,#15068);
#15068 = DEFINITIONAL_REPRESENTATION('',(#15069),#15073);
#15069 = LINE('',#15070,#15071);
#15070 = CARTESIAN_POINT('',(0.,0.));
#15071 = VECTOR('',#15072,1.);
#15072 = DIRECTION('',(0.,1.));
#15073 = ( GEOMETRIC_REPRESENTATION_CONTEXT(2) 
PARAMETRIC_REPRESENTATION_CONTEXT() REPRESENTATION_CONTEXT('2D SPACE',''
  ) );
#15074 = PCURVE('',#15075,#15080);
#15075 = PLANE('',#15076);
#15076 = AXIS2_PLACEMENT_3D('',#15077,#15078,#15079);
#15077 = CARTESIAN_POINT('',(-1.E-01,2.21,-2.E-02));
#15078 = DIRECTION('',(1.,-3.614007241618E-16,0.));
#15079 = DIRECTION('',(-3.614007241618E-16,-1.,0.));
#15080 = DEFINITIONAL_REPRESENTATION('',(#15081),#15085);
#15081 = LINE('',#15082,#15083);
#15082 = CARTESIAN_POINT('',(0.,0.));
#15083 = VECTOR('',#15084,1.);
#15084 = DIRECTION('',(0.,-1.));
#15085 = ( GEOMETRIC_REPRESENTATION_CONTEXT(2) 
PARAMETRIC_REPRESENTATION_CONTEXT() REPRESENTATION_CONTEXT('2D SPACE',''
  ) );
#15086 = ORIENTED_EDGE('',*,*,#15087,.F.);
#15087 = EDGE_CURVE('',#14947,#15060,#15088,.T.);
#15088 = SURFACE_CURVE('',#15089,(#15094,#15101),.PCURVE_S1.);
#15089 = CIRCLE('',#15090,0.1);
#15090 = AXIS2_PLACEMENT_3D('',#15091,#15092,#15093);
#15091 = CARTESIAN_POINT('',(4.459273369857E-16,2.21,-2.E-02));
#15092 = DIRECTION('',(0.,0.,-1.));
#15093 = DIRECTION('',(-1.,0.,0.));
#15094 = PCURVE('',#14962,#15095);
#15095 = DEFINITIONAL_REPRESENTATION('',(#15096),#15100);
#15096 = LINE('',#15097,#15098);
#15097 = CARTESIAN_POINT('',(6.28318530718,0.));
#15098 = VECTOR('',#15099,1.);
#15099 = DIRECTION('',(-1.,0.));
#15100 = ( GEOMETRIC_REPRESENTATION_CONTEXT(2) 
PARAMETRIC_REPRESENTATION_CONTEXT() REPRESENTATION_CONTEXT('2D SPACE',''
  ) );
#15101 = PCURVE('',#14990,#15102);
#15102 = DEFINITIONAL_REPRESENTATION('',(#15103),#15111);
#15103 = ( BOUNDED_CURVE() B_SPLINE_CURVE(2,(#15104,#15105,#15106,#15107
    ,#15108,#15109,#15110),.UNSPECIFIED.,.T.,.F.) 
B_SPLINE_CURVE_WITH_KNOTS((1,2,2,2,2,1),(-2.094395102393,0.,
    2.094395102393,4.188790204786,6.28318530718,8.377580409573),
.UNSPECIFIED.) CURVE() GEOMETRIC_REPRESENTATION_ITEM() 
RATIONAL_B_SPLINE_CURVE((1.,0.5,1.,0.5,1.,0.5,1.)) REPRESENTATION_ITEM(
  '') );
#15104 = CARTESIAN_POINT('',(0.1,0.));
#15105 = CARTESIAN_POINT('',(0.1,-0.173205080757));
#15106 = CARTESIAN_POINT('',(-5.E-02,-8.660254037844E-02));
#15107 = CARTESIAN_POINT('',(-0.2,-2.449293598295E-17));
#15108 = CARTESIAN_POINT('',(-5.E-02,8.660254037844E-02));
#15109 = CARTESIAN_POINT('',(1.E-01,0.173205080757));
#15110 = CARTESIAN_POINT('',(0.1,0.));
#15111 = ( GEOMETRIC_REPRESENTATION_CONTEXT(2) 
PARAMETRIC_REPRESENTATION_CONTEXT() REPRESENTATION_CONTEXT('2D SPACE',''
  ) );
#15112 = ORIENTED_EDGE('',*,*,#14946,.T.);
#15113 = ADVANCED_FACE('',(#15114),#15075,.F.);
#15114 = FACE_BOUND('',#15115,.T.);
#15115 = EDGE_LOOP('',(#15116,#15139,#15162,#15183));
#15116 = ORIENTED_EDGE('',*,*,#15117,.T.);
#15117 = EDGE_CURVE('',#15032,#15118,#15120,.T.);
#15118 = VERTEX_POINT('',#15119);
#15119 = CARTESIAN_POINT('',(-1.E-01,2.51,0.18));
#15120 = SURFACE_CURVE('',#15121,(#15125,#15132),.PCURVE_S1.);
#15121 = LINE('',#15122,#15123);
#15122 = CARTESIAN_POINT('',(-1.E-01,2.21,0.18));
#15123 = VECTOR('',#15124,1.);
#15124 = DIRECTION('',(3.614007241618E-16,1.,0.));
#15125 = PCURVE('',#15075,#15126);
#15126 = DEFINITIONAL_REPRESENTATION('',(#15127),#15131);
#15127 = LINE('',#15128,#15129);
#15128 = CARTESIAN_POINT('',(0.,-0.2));
#15129 = VECTOR('',#15130,1.);
#15130 = DIRECTION('',(-1.,0.));
#15131 = ( GEOMETRIC_REPRESENTATION_CONTEXT(2) 
PARAMETRIC_REPRESENTATION_CONTEXT() REPRESENTATION_CONTEXT('2D SPACE',''
  ) );
#15132 = PCURVE('',#14934,#15133);
#15133 = DEFINITIONAL_REPRESENTATION('',(#15134),#15138);
#15134 = LINE('',#15135,#15136);
#15135 = CARTESIAN_POINT('',(0.1,0.));
#15136 = VECTOR('',#15137,1.);
#15137 = DIRECTION('',(-3.614007241618E-16,-1.));
#15138 = ( GEOMETRIC_REPRESENTATION_CONTEXT(2) 
PARAMETRIC_REPRESENTATION_CONTEXT() REPRESENTATION_CONTEXT('2D SPACE',''
  ) );
#15139 = ORIENTED_EDGE('',*,*,#15140,.F.);
#15140 = EDGE_CURVE('',#15141,#15118,#15143,.T.);
#15141 = VERTEX_POINT('',#15142);
#15142 = CARTESIAN_POINT('',(-1.E-01,2.51,-2.E-02));
#15143 = SURFACE_CURVE('',#15144,(#15148,#15155),.PCURVE_S1.);
#15144 = LINE('',#15145,#15146);
#15145 = CARTESIAN_POINT('',(-1.E-01,2.51,-2.E-02));
#15146 = VECTOR('',#15147,1.);
#15147 = DIRECTION('',(-0.,0.,1.));
#15148 = PCURVE('',#15075,#15149);
#15149 = DEFINITIONAL_REPRESENTATION('',(#15150),#15154);
#15150 = LINE('',#15151,#15152);
#15151 = CARTESIAN_POINT('',(-0.3,0.));
#15152 = VECTOR('',#15153,1.);
#15153 = DIRECTION('',(0.,-1.));
#15154 = ( GEOMETRIC_REPRESENTATION_CONTEXT(2) 
PARAMETRIC_REPRESENTATION_CONTEXT() REPRESENTATION_CONTEXT('2D SPACE',''
  ) );
#15155 = PCURVE('',#15016,#15156);
#15156 = DEFINITIONAL_REPRESENTATION('',(#15157),#15161);
#15157 = LINE('',#15158,#15159);
#15158 = CARTESIAN_POINT('',(0.,0.));
#15159 = VECTOR('',#15160,1.);
#15160 = DIRECTION('',(0.,-1.));
#15161 = ( GEOMETRIC_REPRESENTATION_CONTEXT(2) 
PARAMETRIC_REPRESENTATION_CONTEXT() REPRESENTATION_CONTEXT('2D SPACE',''
  ) );
#15162 = ORIENTED_EDGE('',*,*,#15163,.F.);
#15163 = EDGE_CURVE('',#15060,#15141,#15164,.T.);
#15164 = SURFACE_CURVE('',#15165,(#15169,#15176),.PCURVE_S1.);
#15165 = LINE('',#15166,#15167);
#15166 = CARTESIAN_POINT('',(-1.E-01,2.21,-2.E-02));
#15167 = VECTOR('',#15168,1.);
#15168 = DIRECTION('',(3.614007241618E-16,1.,0.));
#15169 = PCURVE('',#15075,#15170);
#15170 = DEFINITIONAL_REPRESENTATION('',(#15171),#15175);
#15171 = LINE('',#15172,#15173);
#15172 = CARTESIAN_POINT('',(0.,0.));
#15173 = VECTOR('',#15174,1.);
#15174 = DIRECTION('',(-1.,0.));
#15175 = ( GEOMETRIC_REPRESENTATION_CONTEXT(2) 
PARAMETRIC_REPRESENTATION_CONTEXT() REPRESENTATION_CONTEXT('2D SPACE',''
  ) );
#15176 = PCURVE('',#14990,#15177);
#15177 = DEFINITIONAL_REPRESENTATION('',(#15178),#15182);
#15178 = LINE('',#15179,#15180);
#15179 = CARTESIAN_POINT('',(0.1,0.));
#15180 = VECTOR('',#15181,1.);
#15181 = DIRECTION('',(-3.614007241618E-16,-1.));
#15182 = ( GEOMETRIC_REPRESENTATION_CONTEXT(2) 
PARAMETRIC_REPRESENTATION_CONTEXT() REPRESENTATION_CONTEXT('2D SPACE',''
  ) );
#15183 = ORIENTED_EDGE('',*,*,#15059,.T.);
#15184 = ADVANCED_FACE('',(#15185),#15016,.F.);
#15185 = FACE_BOUND('',#15186,.T.);
#15186 = EDGE_LOOP('',(#15187,#15208,#15209,#15230));
#15187 = ORIENTED_EDGE('',*,*,#15188,.T.);
#15188 = EDGE_CURVE('',#15118,#14912,#15189,.T.);
#15189 = SURFACE_CURVE('',#15190,(#15194,#15201),.PCURVE_S1.);
#15190 = LINE('',#15191,#15192);
#15191 = CARTESIAN_POINT('',(-1.E-01,2.51,0.18));
#15192 = VECTOR('',#15193,1.);
#15193 = DIRECTION('',(1.,-1.355252715607E-16,0.));
#15194 = PCURVE('',#15016,#15195);
#15195 = DEFINITIONAL_REPRESENTATION('',(#15196),#15200);
#15196 = LINE('',#15197,#15198);
#15197 = CARTESIAN_POINT('',(0.,-0.2));
#15198 = VECTOR('',#15199,1.);
#15199 = DIRECTION('',(-1.,-0.));
#15200 = ( GEOMETRIC_REPRESENTATION_CONTEXT(2) 
PARAMETRIC_REPRESENTATION_CONTEXT() REPRESENTATION_CONTEXT('2D SPACE',''
  ) );
#15201 = PCURVE('',#14934,#15202);
#15202 = DEFINITIONAL_REPRESENTATION('',(#15203),#15207);
#15203 = LINE('',#15204,#15205);
#15204 = CARTESIAN_POINT('',(1.E-01,-0.3));
#15205 = VECTOR('',#15206,1.);
#15206 = DIRECTION('',(-1.,1.355252715607E-16));
#15207 = ( GEOMETRIC_REPRESENTATION_CONTEXT(2) 
PARAMETRIC_REPRESENTATION_CONTEXT() REPRESENTATION_CONTEXT('2D SPACE',''
  ) );
#15208 = ORIENTED_EDGE('',*,*,#15002,.F.);
#15209 = ORIENTED_EDGE('',*,*,#15210,.F.);
#15210 = EDGE_CURVE('',#15141,#14975,#15211,.T.);
#15211 = SURFACE_CURVE('',#15212,(#15216,#15223),.PCURVE_S1.);
#15212 = LINE('',#15213,#15214);
#15213 = CARTESIAN_POINT('',(-1.E-01,2.51,-2.E-02));
#15214 = VECTOR('',#15215,1.);
#15215 = DIRECTION('',(1.,-1.355252715607E-16,0.));
#15216 = PCURVE('',#15016,#15217);
#15217 = DEFINITIONAL_REPRESENTATION('',(#15218),#15222);
#15218 = LINE('',#15219,#15220);
#15219 = CARTESIAN_POINT('',(0.,0.));
#15220 = VECTOR('',#15221,1.);
#15221 = DIRECTION('',(-1.,-0.));
#15222 = ( GEOMETRIC_REPRESENTATION_CONTEXT(2) 
PARAMETRIC_REPRESENTATION_CONTEXT() REPRESENTATION_CONTEXT('2D SPACE',''
  ) );
#15223 = PCURVE('',#14990,#15224);
#15224 = DEFINITIONAL_REPRESENTATION('',(#15225),#15229);
#15225 = LINE('',#15226,#15227);
#15226 = CARTESIAN_POINT('',(1.E-01,-0.3));
#15227 = VECTOR('',#15228,1.);
#15228 = DIRECTION('',(-1.,1.355252715607E-16));
#15229 = ( GEOMETRIC_REPRESENTATION_CONTEXT(2) 
PARAMETRIC_REPRESENTATION_CONTEXT() REPRESENTATION_CONTEXT('2D SPACE',''
  ) );
#15230 = ORIENTED_EDGE('',*,*,#15140,.T.);
#15231 = ADVANCED_FACE('',(#15232),#14990,.F.);
#15232 = FACE_BOUND('',#15233,.T.);
#15233 = EDGE_LOOP('',(#15234,#15235,#15236,#15237));
#15234 = ORIENTED_EDGE('',*,*,#14974,.T.);
#15235 = ORIENTED_EDGE('',*,*,#15087,.T.);
#15236 = ORIENTED_EDGE('',*,*,#15163,.T.);
#15237 = ORIENTED_EDGE('',*,*,#15210,.T.);
#15238 = ADVANCED_FACE('',(#15239),#14934,.T.);
#15239 = FACE_BOUND('',#15240,.T.);
#15240 = EDGE_LOOP('',(#15241,#15242,#15243,#15244));
#15241 = ORIENTED_EDGE('',*,*,#14911,.F.);
#15242 = ORIENTED_EDGE('',*,*,#15188,.F.);
#15243 = ORIENTED_EDGE('',*,*,#15117,.F.);
#15244 = ORIENTED_EDGE('',*,*,#15031,.F.);
#15245 = MANIFOLD_SOLID_BREP('',#15246);
#15246 = CLOSED_SHELL('',(#15247,#15367,#15453,#15524,#15571,#15578));
#15247 = ADVANCED_FACE('',(#15248),#15262,.F.);
#15248 = FACE_BOUND('',#15249,.T.);
#15249 = EDGE_LOOP('',(#15250,#15285,#15313,#15341));
#15250 = ORIENTED_EDGE('',*,*,#15251,.T.);
#15251 = EDGE_CURVE('',#15252,#15254,#15256,.T.);
#15252 = VERTEX_POINT('',#15253);
#15253 = CARTESIAN_POINT('',(0.75,2.51,0.18));
#15254 = VERTEX_POINT('',#15255);
#15255 = CARTESIAN_POINT('',(0.75,2.21,0.18));
#15256 = SURFACE_CURVE('',#15257,(#15261,#15273),.PCURVE_S1.);
#15257 = LINE('',#15258,#15259);
#15258 = CARTESIAN_POINT('',(0.75,2.21,0.18));
#15259 = VECTOR('',#15260,1.);
#15260 = DIRECTION('',(9.035018104046E-17,-1.,0.));
#15261 = PCURVE('',#15262,#15267);
#15262 = PLANE('',#15263);
#15263 = AXIS2_PLACEMENT_3D('',#15264,#15265,#15266);
#15264 = CARTESIAN_POINT('',(0.75,2.21,-2.E-02));
#15265 = DIRECTION('',(-1.,-9.035018104046E-17,0.));
#15266 = DIRECTION('',(-9.035018104046E-17,1.,0.));
#15267 = DEFINITIONAL_REPRESENTATION('',(#15268),#15272);
#15268 = LINE('',#15269,#15270);
#15269 = CARTESIAN_POINT('',(0.,-0.2));
#15270 = VECTOR('',#15271,1.);
#15271 = DIRECTION('',(-1.,-0.));
#15272 = ( GEOMETRIC_REPRESENTATION_CONTEXT(2) 
PARAMETRIC_REPRESENTATION_CONTEXT() REPRESENTATION_CONTEXT('2D SPACE',''
  ) );
#15273 = PCURVE('',#15274,#15279);
#15274 = PLANE('',#15275);
#15275 = AXIS2_PLACEMENT_3D('',#15276,#15277,#15278);
#15276 = CARTESIAN_POINT('',(0.65,2.21,0.18));
#15277 = DIRECTION('',(0.,0.,1.));
#15278 = DIRECTION('',(-1.,0.,0.));
#15279 = DEFINITIONAL_REPRESENTATION('',(#15280),#15284);
#15280 = LINE('',#15281,#15282);
#15281 = CARTESIAN_POINT('',(-0.1,0.));
#15282 = VECTOR('',#15283,1.);
#15283 = DIRECTION('',(-9.035018104046E-17,1.));
#15284 = ( GEOMETRIC_REPRESENTATION_CONTEXT(2) 
PARAMETRIC_REPRESENTATION_CONTEXT() REPRESENTATION_CONTEXT('2D SPACE',''
  ) );
#15285 = ORIENTED_EDGE('',*,*,#15286,.F.);
#15286 = EDGE_CURVE('',#15287,#15254,#15289,.T.);
#15287 = VERTEX_POINT('',#15288);
#15288 = CARTESIAN_POINT('',(0.75,2.21,-2.E-02));
#15289 = SURFACE_CURVE('',#15290,(#15294,#15301),.PCURVE_S1.);
#15290 = LINE('',#15291,#15292);
#15291 = CARTESIAN_POINT('',(0.75,2.21,-2.E-02));
#15292 = VECTOR('',#15293,1.);
#15293 = DIRECTION('',(-0.,0.,1.));
#15294 = PCURVE('',#15262,#15295);
#15295 = DEFINITIONAL_REPRESENTATION('',(#15296),#15300);
#15296 = LINE('',#15297,#15298);
#15297 = CARTESIAN_POINT('',(0.,0.));
#15298 = VECTOR('',#15299,1.);
#15299 = DIRECTION('',(0.,-1.));
#15300 = ( GEOMETRIC_REPRESENTATION_CONTEXT(2) 
PARAMETRIC_REPRESENTATION_CONTEXT() REPRESENTATION_CONTEXT('2D SPACE',''
  ) );
#15301 = PCURVE('',#15302,#15307);
#15302 = CYLINDRICAL_SURFACE('',#15303,0.1);
#15303 = AXIS2_PLACEMENT_3D('',#15304,#15305,#15306);
#15304 = CARTESIAN_POINT('',(0.65,2.21,-2.E-02));
#15305 = DIRECTION('',(-0.,0.,1.));
#15306 = DIRECTION('',(-1.,0.,-0.));
#15307 = DEFINITIONAL_REPRESENTATION('',(#15308),#15312);
#15308 = LINE('',#15309,#15310);
#15309 = CARTESIAN_POINT('',(3.14159265359,0.));
#15310 = VECTOR('',#15311,1.);
#15311 = DIRECTION('',(0.,1.));
#15312 = ( GEOMETRIC_REPRESENTATION_CONTEXT(2) 
PARAMETRIC_REPRESENTATION_CONTEXT() REPRESENTATION_CONTEXT('2D SPACE',''
  ) );
#15313 = ORIENTED_EDGE('',*,*,#15314,.F.);
#15314 = EDGE_CURVE('',#15315,#15287,#15317,.T.);
#15315 = VERTEX_POINT('',#15316);
#15316 = CARTESIAN_POINT('',(0.75,2.51,-2.E-02));
#15317 = SURFACE_CURVE('',#15318,(#15322,#15329),.PCURVE_S1.);
#15318 = LINE('',#15319,#15320);
#15319 = CARTESIAN_POINT('',(0.75,2.21,-2.E-02));
#15320 = VECTOR('',#15321,1.);
#15321 = DIRECTION('',(9.035018104046E-17,-1.,0.));
#15322 = PCURVE('',#15262,#15323);
#15323 = DEFINITIONAL_REPRESENTATION('',(#15324),#15328);
#15324 = LINE('',#15325,#15326);
#15325 = CARTESIAN_POINT('',(0.,0.));
#15326 = VECTOR('',#15327,1.);
#15327 = DIRECTION('',(-1.,-0.));
#15328 = ( GEOMETRIC_REPRESENTATION_CONTEXT(2) 
PARAMETRIC_REPRESENTATION_CONTEXT() REPRESENTATION_CONTEXT('2D SPACE',''
  ) );
#15329 = PCURVE('',#15330,#15335);
#15330 = PLANE('',#15331);
#15331 = AXIS2_PLACEMENT_3D('',#15332,#15333,#15334);
#15332 = CARTESIAN_POINT('',(0.65,2.21,-2.E-02));
#15333 = DIRECTION('',(0.,0.,1.));
#15334 = DIRECTION('',(-1.,0.,0.));
#15335 = DEFINITIONAL_REPRESENTATION('',(#15336),#15340);
#15336 = LINE('',#15337,#15338);
#15337 = CARTESIAN_POINT('',(-0.1,0.));
#15338 = VECTOR('',#15339,1.);
#15339 = DIRECTION('',(-9.035018104046E-17,1.));
#15340 = ( GEOMETRIC_REPRESENTATION_CONTEXT(2) 
PARAMETRIC_REPRESENTATION_CONTEXT() REPRESENTATION_CONTEXT('2D SPACE',''
  ) );
#15341 = ORIENTED_EDGE('',*,*,#15342,.T.);
#15342 = EDGE_CURVE('',#15315,#15252,#15343,.T.);
#15343 = SURFACE_CURVE('',#15344,(#15348,#15355),.PCURVE_S1.);
#15344 = LINE('',#15345,#15346);
#15345 = CARTESIAN_POINT('',(0.75,2.51,-2.E-02));
#15346 = VECTOR('',#15347,1.);
#15347 = DIRECTION('',(-0.,0.,1.));
#15348 = PCURVE('',#15262,#15349);
#15349 = DEFINITIONAL_REPRESENTATION('',(#15350),#15354);
#15350 = LINE('',#15351,#15352);
#15351 = CARTESIAN_POINT('',(0.3,0.));
#15352 = VECTOR('',#15353,1.);
#15353 = DIRECTION('',(0.,-1.));
#15354 = ( GEOMETRIC_REPRESENTATION_CONTEXT(2) 
PARAMETRIC_REPRESENTATION_CONTEXT() REPRESENTATION_CONTEXT('2D SPACE',''
  ) );
#15355 = PCURVE('',#15356,#15361);
#15356 = PLANE('',#15357);
#15357 = AXIS2_PLACEMENT_3D('',#15358,#15359,#15360);
#15358 = CARTESIAN_POINT('',(0.55,2.51,-2.E-02));
#15359 = DIRECTION('',(-1.355252715607E-16,-1.,0.));
#15360 = DIRECTION('',(-1.,1.355252715607E-16,0.));
#15361 = DEFINITIONAL_REPRESENTATION('',(#15362),#15366);
#15362 = LINE('',#15363,#15364);
#15363 = CARTESIAN_POINT('',(-0.2,0.));
#15364 = VECTOR('',#15365,1.);
#15365 = DIRECTION('',(0.,-1.));
#15366 = ( GEOMETRIC_REPRESENTATION_CONTEXT(2) 
PARAMETRIC_REPRESENTATION_CONTEXT() REPRESENTATION_CONTEXT('2D SPACE',''
  ) );
#15367 = ADVANCED_FACE('',(#15368),#15302,.T.);
#15368 = FACE_BOUND('',#15369,.T.);
#15369 = EDGE_LOOP('',(#15370,#15398,#15426,#15452));
#15370 = ORIENTED_EDGE('',*,*,#15371,.T.);
#15371 = EDGE_CURVE('',#15254,#15372,#15374,.T.);
#15372 = VERTEX_POINT('',#15373);
#15373 = CARTESIAN_POINT('',(0.55,2.21,0.18));
#15374 = SURFACE_CURVE('',#15375,(#15380,#15387),.PCURVE_S1.);
#15375 = CIRCLE('',#15376,0.1);
#15376 = AXIS2_PLACEMENT_3D('',#15377,#15378,#15379);
#15377 = CARTESIAN_POINT('',(0.65,2.21,0.18));
#15378 = DIRECTION('',(0.,0.,-1.));
#15379 = DIRECTION('',(-1.,0.,0.));
#15380 = PCURVE('',#15302,#15381);
#15381 = DEFINITIONAL_REPRESENTATION('',(#15382),#15386);
#15382 = LINE('',#15383,#15384);
#15383 = CARTESIAN_POINT('',(6.28318530718,0.2));
#15384 = VECTOR('',#15385,1.);
#15385 = DIRECTION('',(-1.,0.));
#15386 = ( GEOMETRIC_REPRESENTATION_CONTEXT(2) 
PARAMETRIC_REPRESENTATION_CONTEXT() REPRESENTATION_CONTEXT('2D SPACE',''
  ) );
#15387 = PCURVE('',#15274,#15388);
#15388 = DEFINITIONAL_REPRESENTATION('',(#15389),#15397);
#15389 = ( BOUNDED_CURVE() B_SPLINE_CURVE(2,(#15390,#15391,#15392,#15393
    ,#15394,#15395,#15396),.UNSPECIFIED.,.T.,.F.) 
B_SPLINE_CURVE_WITH_KNOTS((1,2,2,2,2,1),(-2.094395102393,0.,
    2.094395102393,4.188790204786,6.28318530718,8.377580409573),
.UNSPECIFIED.) CURVE() GEOMETRIC_REPRESENTATION_ITEM() 
RATIONAL_B_SPLINE_CURVE((1.,0.5,1.,0.5,1.,0.5,1.)) REPRESENTATION_ITEM(
  '') );
#15390 = CARTESIAN_POINT('',(0.1,0.));
#15391 = CARTESIAN_POINT('',(0.1,-0.173205080757));
#15392 = CARTESIAN_POINT('',(-5.E-02,-8.660254037844E-02));
#15393 = CARTESIAN_POINT('',(-0.2,-2.449293598295E-17));
#15394 = CARTESIAN_POINT('',(-5.E-02,8.660254037844E-02));
#15395 = CARTESIAN_POINT('',(1.E-01,0.173205080757));
#15396 = CARTESIAN_POINT('',(0.1,0.));
#15397 = ( GEOMETRIC_REPRESENTATION_CONTEXT(2) 
PARAMETRIC_REPRESENTATION_CONTEXT() REPRESENTATION_CONTEXT('2D SPACE',''
  ) );
#15398 = ORIENTED_EDGE('',*,*,#15399,.F.);
#15399 = EDGE_CURVE('',#15400,#15372,#15402,.T.);
#15400 = VERTEX_POINT('',#15401);
#15401 = CARTESIAN_POINT('',(0.55,2.21,-2.E-02));
#15402 = SURFACE_CURVE('',#15403,(#15407,#15414),.PCURVE_S1.);
#15403 = LINE('',#15404,#15405);
#15404 = CARTESIAN_POINT('',(0.55,2.21,-2.E-02));
#15405 = VECTOR('',#15406,1.);
#15406 = DIRECTION('',(-0.,0.,1.));
#15407 = PCURVE('',#15302,#15408);
#15408 = DEFINITIONAL_REPRESENTATION('',(#15409),#15413);
#15409 = LINE('',#15410,#15411);
#15410 = CARTESIAN_POINT('',(0.,0.));
#15411 = VECTOR('',#15412,1.);
#15412 = DIRECTION('',(0.,1.));
#15413 = ( GEOMETRIC_REPRESENTATION_CONTEXT(2) 
PARAMETRIC_REPRESENTATION_CONTEXT() REPRESENTATION_CONTEXT('2D SPACE',''
  ) );
#15414 = PCURVE('',#15415,#15420);
#15415 = PLANE('',#15416);
#15416 = AXIS2_PLACEMENT_3D('',#15417,#15418,#15419);
#15417 = CARTESIAN_POINT('',(0.55,2.21,-2.E-02));
#15418 = DIRECTION('',(1.,-3.614007241618E-16,0.));
#15419 = DIRECTION('',(-3.614007241618E-16,-1.,0.));
#15420 = DEFINITIONAL_REPRESENTATION('',(#15421),#15425);
#15421 = LINE('',#15422,#15423);
#15422 = CARTESIAN_POINT('',(0.,0.));
#15423 = VECTOR('',#15424,1.);
#15424 = DIRECTION('',(0.,-1.));
#15425 = ( GEOMETRIC_REPRESENTATION_CONTEXT(2) 
PARAMETRIC_REPRESENTATION_CONTEXT() REPRESENTATION_CONTEXT('2D SPACE',''
  ) );
#15426 = ORIENTED_EDGE('',*,*,#15427,.F.);
#15427 = EDGE_CURVE('',#15287,#15400,#15428,.T.);
#15428 = SURFACE_CURVE('',#15429,(#15434,#15441),.PCURVE_S1.);
#15429 = CIRCLE('',#15430,0.1);
#15430 = AXIS2_PLACEMENT_3D('',#15431,#15432,#15433);
#15431 = CARTESIAN_POINT('',(0.65,2.21,-2.E-02));
#15432 = DIRECTION('',(0.,0.,-1.));
#15433 = DIRECTION('',(-1.,0.,0.));
#15434 = PCURVE('',#15302,#15435);
#15435 = DEFINITIONAL_REPRESENTATION('',(#15436),#15440);
#15436 = LINE('',#15437,#15438);
#15437 = CARTESIAN_POINT('',(6.28318530718,0.));
#15438 = VECTOR('',#15439,1.);
#15439 = DIRECTION('',(-1.,0.));
#15440 = ( GEOMETRIC_REPRESENTATION_CONTEXT(2) 
PARAMETRIC_REPRESENTATION_CONTEXT() REPRESENTATION_CONTEXT('2D SPACE',''
  ) );
#15441 = PCURVE('',#15330,#15442);
#15442 = DEFINITIONAL_REPRESENTATION('',(#15443),#15451);
#15443 = ( BOUNDED_CURVE() B_SPLINE_CURVE(2,(#15444,#15445,#15446,#15447
    ,#15448,#15449,#15450),.UNSPECIFIED.,.T.,.F.) 
B_SPLINE_CURVE_WITH_KNOTS((1,2,2,2,2,1),(-2.094395102393,0.,
    2.094395102393,4.188790204786,6.28318530718,8.377580409573),
.UNSPECIFIED.) CURVE() GEOMETRIC_REPRESENTATION_ITEM() 
RATIONAL_B_SPLINE_CURVE((1.,0.5,1.,0.5,1.,0.5,1.)) REPRESENTATION_ITEM(
  '') );
#15444 = CARTESIAN_POINT('',(0.1,0.));
#15445 = CARTESIAN_POINT('',(0.1,-0.173205080757));
#15446 = CARTESIAN_POINT('',(-5.E-02,-8.660254037844E-02));
#15447 = CARTESIAN_POINT('',(-0.2,-2.449293598295E-17));
#15448 = CARTESIAN_POINT('',(-5.E-02,8.660254037844E-02));
#15449 = CARTESIAN_POINT('',(1.E-01,0.173205080757));
#15450 = CARTESIAN_POINT('',(0.1,0.));
#15451 = ( GEOMETRIC_REPRESENTATION_CONTEXT(2) 
PARAMETRIC_REPRESENTATION_CONTEXT() REPRESENTATION_CONTEXT('2D SPACE',''
  ) );
#15452 = ORIENTED_EDGE('',*,*,#15286,.T.);
#15453 = ADVANCED_FACE('',(#15454),#15415,.F.);
#15454 = FACE_BOUND('',#15455,.T.);
#15455 = EDGE_LOOP('',(#15456,#15479,#15502,#15523));
#15456 = ORIENTED_EDGE('',*,*,#15457,.T.);
#15457 = EDGE_CURVE('',#15372,#15458,#15460,.T.);
#15458 = VERTEX_POINT('',#15459);
#15459 = CARTESIAN_POINT('',(0.55,2.51,0.18));
#15460 = SURFACE_CURVE('',#15461,(#15465,#15472),.PCURVE_S1.);
#15461 = LINE('',#15462,#15463);
#15462 = CARTESIAN_POINT('',(0.55,2.21,0.18));
#15463 = VECTOR('',#15464,1.);
#15464 = DIRECTION('',(3.614007241618E-16,1.,0.));
#15465 = PCURVE('',#15415,#15466);
#15466 = DEFINITIONAL_REPRESENTATION('',(#15467),#15471);
#15467 = LINE('',#15468,#15469);
#15468 = CARTESIAN_POINT('',(0.,-0.2));
#15469 = VECTOR('',#15470,1.);
#15470 = DIRECTION('',(-1.,0.));
#15471 = ( GEOMETRIC_REPRESENTATION_CONTEXT(2) 
PARAMETRIC_REPRESENTATION_CONTEXT() REPRESENTATION_CONTEXT('2D SPACE',''
  ) );
#15472 = PCURVE('',#15274,#15473);
#15473 = DEFINITIONAL_REPRESENTATION('',(#15474),#15478);
#15474 = LINE('',#15475,#15476);
#15475 = CARTESIAN_POINT('',(1.E-01,0.));
#15476 = VECTOR('',#15477,1.);
#15477 = DIRECTION('',(-3.614007241618E-16,-1.));
#15478 = ( GEOMETRIC_REPRESENTATION_CONTEXT(2) 
PARAMETRIC_REPRESENTATION_CONTEXT() REPRESENTATION_CONTEXT('2D SPACE',''
  ) );
#15479 = ORIENTED_EDGE('',*,*,#15480,.F.);
#15480 = EDGE_CURVE('',#15481,#15458,#15483,.T.);
#15481 = VERTEX_POINT('',#15482);
#15482 = CARTESIAN_POINT('',(0.55,2.51,-2.E-02));
#15483 = SURFACE_CURVE('',#15484,(#15488,#15495),.PCURVE_S1.);
#15484 = LINE('',#15485,#15486);
#15485 = CARTESIAN_POINT('',(0.55,2.51,-2.E-02));
#15486 = VECTOR('',#15487,1.);
#15487 = DIRECTION('',(-0.,0.,1.));
#15488 = PCURVE('',#15415,#15489);
#15489 = DEFINITIONAL_REPRESENTATION('',(#15490),#15494);
#15490 = LINE('',#15491,#15492);
#15491 = CARTESIAN_POINT('',(-0.3,0.));
#15492 = VECTOR('',#15493,1.);
#15493 = DIRECTION('',(0.,-1.));
#15494 = ( GEOMETRIC_REPRESENTATION_CONTEXT(2) 
PARAMETRIC_REPRESENTATION_CONTEXT() REPRESENTATION_CONTEXT('2D SPACE',''
  ) );
#15495 = PCURVE('',#15356,#15496);
#15496 = DEFINITIONAL_REPRESENTATION('',(#15497),#15501);
#15497 = LINE('',#15498,#15499);
#15498 = CARTESIAN_POINT('',(0.,0.));
#15499 = VECTOR('',#15500,1.);
#15500 = DIRECTION('',(0.,-1.));
#15501 = ( GEOMETRIC_REPRESENTATION_CONTEXT(2) 
PARAMETRIC_REPRESENTATION_CONTEXT() REPRESENTATION_CONTEXT('2D SPACE',''
  ) );
#15502 = ORIENTED_EDGE('',*,*,#15503,.F.);
#15503 = EDGE_CURVE('',#15400,#15481,#15504,.T.);
#15504 = SURFACE_CURVE('',#15505,(#15509,#15516),.PCURVE_S1.);
#15505 = LINE('',#15506,#15507);
#15506 = CARTESIAN_POINT('',(0.55,2.21,-2.E-02));
#15507 = VECTOR('',#15508,1.);
#15508 = DIRECTION('',(3.614007241618E-16,1.,0.));
#15509 = PCURVE('',#15415,#15510);
#15510 = DEFINITIONAL_REPRESENTATION('',(#15511),#15515);
#15511 = LINE('',#15512,#15513);
#15512 = CARTESIAN_POINT('',(0.,0.));
#15513 = VECTOR('',#15514,1.);
#15514 = DIRECTION('',(-1.,0.));
#15515 = ( GEOMETRIC_REPRESENTATION_CONTEXT(2) 
PARAMETRIC_REPRESENTATION_CONTEXT() REPRESENTATION_CONTEXT('2D SPACE',''
  ) );
#15516 = PCURVE('',#15330,#15517);
#15517 = DEFINITIONAL_REPRESENTATION('',(#15518),#15522);
#15518 = LINE('',#15519,#15520);
#15519 = CARTESIAN_POINT('',(1.E-01,0.));
#15520 = VECTOR('',#15521,1.);
#15521 = DIRECTION('',(-3.614007241618E-16,-1.));
#15522 = ( GEOMETRIC_REPRESENTATION_CONTEXT(2) 
PARAMETRIC_REPRESENTATION_CONTEXT() REPRESENTATION_CONTEXT('2D SPACE',''
  ) );
#15523 = ORIENTED_EDGE('',*,*,#15399,.T.);
#15524 = ADVANCED_FACE('',(#15525),#15356,.F.);
#15525 = FACE_BOUND('',#15526,.T.);
#15526 = EDGE_LOOP('',(#15527,#15548,#15549,#15570));
#15527 = ORIENTED_EDGE('',*,*,#15528,.T.);
#15528 = EDGE_CURVE('',#15458,#15252,#15529,.T.);
#15529 = SURFACE_CURVE('',#15530,(#15534,#15541),.PCURVE_S1.);
#15530 = LINE('',#15531,#15532);
#15531 = CARTESIAN_POINT('',(0.55,2.51,0.18));
#15532 = VECTOR('',#15533,1.);
#15533 = DIRECTION('',(1.,-1.355252715607E-16,0.));
#15534 = PCURVE('',#15356,#15535);
#15535 = DEFINITIONAL_REPRESENTATION('',(#15536),#15540);
#15536 = LINE('',#15537,#15538);
#15537 = CARTESIAN_POINT('',(0.,-0.2));
#15538 = VECTOR('',#15539,1.);
#15539 = DIRECTION('',(-1.,-0.));
#15540 = ( GEOMETRIC_REPRESENTATION_CONTEXT(2) 
PARAMETRIC_REPRESENTATION_CONTEXT() REPRESENTATION_CONTEXT('2D SPACE',''
  ) );
#15541 = PCURVE('',#15274,#15542);
#15542 = DEFINITIONAL_REPRESENTATION('',(#15543),#15547);
#15543 = LINE('',#15544,#15545);
#15544 = CARTESIAN_POINT('',(1.E-01,-0.3));
#15545 = VECTOR('',#15546,1.);
#15546 = DIRECTION('',(-1.,1.355252715607E-16));
#15547 = ( GEOMETRIC_REPRESENTATION_CONTEXT(2) 
PARAMETRIC_REPRESENTATION_CONTEXT() REPRESENTATION_CONTEXT('2D SPACE',''
  ) );
#15548 = ORIENTED_EDGE('',*,*,#15342,.F.);
#15549 = ORIENTED_EDGE('',*,*,#15550,.F.);
#15550 = EDGE_CURVE('',#15481,#15315,#15551,.T.);
#15551 = SURFACE_CURVE('',#15552,(#15556,#15563),.PCURVE_S1.);
#15552 = LINE('',#15553,#15554);
#15553 = CARTESIAN_POINT('',(0.55,2.51,-2.E-02));
#15554 = VECTOR('',#15555,1.);
#15555 = DIRECTION('',(1.,-1.355252715607E-16,0.));
#15556 = PCURVE('',#15356,#15557);
#15557 = DEFINITIONAL_REPRESENTATION('',(#15558),#15562);
#15558 = LINE('',#15559,#15560);
#15559 = CARTESIAN_POINT('',(0.,0.));
#15560 = VECTOR('',#15561,1.);
#15561 = DIRECTION('',(-1.,-0.));
#15562 = ( GEOMETRIC_REPRESENTATION_CONTEXT(2) 
PARAMETRIC_REPRESENTATION_CONTEXT() REPRESENTATION_CONTEXT('2D SPACE',''
  ) );
#15563 = PCURVE('',#15330,#15564);
#15564 = DEFINITIONAL_REPRESENTATION('',(#15565),#15569);
#15565 = LINE('',#15566,#15567);
#15566 = CARTESIAN_POINT('',(1.E-01,-0.3));
#15567 = VECTOR('',#15568,1.);
#15568 = DIRECTION('',(-1.,1.355252715607E-16));
#15569 = ( GEOMETRIC_REPRESENTATION_CONTEXT(2) 
PARAMETRIC_REPRESENTATION_CONTEXT() REPRESENTATION_CONTEXT('2D SPACE',''
  ) );
#15570 = ORIENTED_EDGE('',*,*,#15480,.T.);
#15571 = ADVANCED_FACE('',(#15572),#15330,.F.);
#15572 = FACE_BOUND('',#15573,.T.);
#15573 = EDGE_LOOP('',(#15574,#15575,#15576,#15577));
#15574 = ORIENTED_EDGE('',*,*,#15314,.T.);
#15575 = ORIENTED_EDGE('',*,*,#15427,.T.);
#15576 = ORIENTED_EDGE('',*,*,#15503,.T.);
#15577 = ORIENTED_EDGE('',*,*,#15550,.T.);
#15578 = ADVANCED_FACE('',(#15579),#15274,.T.);
#15579 = FACE_BOUND('',#15580,.T.);
#15580 = EDGE_LOOP('',(#15581,#15582,#15583,#15584));
#15581 = ORIENTED_EDGE('',*,*,#15251,.F.);
#15582 = ORIENTED_EDGE('',*,*,#15528,.F.);
#15583 = ORIENTED_EDGE('',*,*,#15457,.F.);
#15584 = ORIENTED_EDGE('',*,*,#15371,.F.);
#15585 = MANIFOLD_SOLID_BREP('',#15586);
#15586 = CLOSED_SHELL('',(#15587,#15707,#15793,#15864,#15911,#15918));
#15587 = ADVANCED_FACE('',(#15588),#15602,.F.);
#15588 = FACE_BOUND('',#15589,.T.);
#15589 = EDGE_LOOP('',(#15590,#15625,#15653,#15681));
#15590 = ORIENTED_EDGE('',*,*,#15591,.T.);
#15591 = EDGE_CURVE('',#15592,#15594,#15596,.T.);
#15592 = VERTEX_POINT('',#15593);
#15593 = CARTESIAN_POINT('',(1.4,2.51,0.18));
#15594 = VERTEX_POINT('',#15595);
#15595 = CARTESIAN_POINT('',(1.4,2.21,0.18));
#15596 = SURFACE_CURVE('',#15597,(#15601,#15613),.PCURVE_S1.);
#15597 = LINE('',#15598,#15599);
#15598 = CARTESIAN_POINT('',(1.4,2.21,0.18));
#15599 = VECTOR('',#15600,1.);
#15600 = DIRECTION('',(9.035018104046E-17,-1.,0.));
#15601 = PCURVE('',#15602,#15607);
#15602 = PLANE('',#15603);
#15603 = AXIS2_PLACEMENT_3D('',#15604,#15605,#15606);
#15604 = CARTESIAN_POINT('',(1.4,2.21,-2.E-02));
#15605 = DIRECTION('',(-1.,-9.035018104046E-17,0.));
#15606 = DIRECTION('',(-9.035018104046E-17,1.,0.));
#15607 = DEFINITIONAL_REPRESENTATION('',(#15608),#15612);
#15608 = LINE('',#15609,#15610);
#15609 = CARTESIAN_POINT('',(0.,-0.2));
#15610 = VECTOR('',#15611,1.);
#15611 = DIRECTION('',(-1.,-0.));
#15612 = ( GEOMETRIC_REPRESENTATION_CONTEXT(2) 
PARAMETRIC_REPRESENTATION_CONTEXT() REPRESENTATION_CONTEXT('2D SPACE',''
  ) );
#15613 = PCURVE('',#15614,#15619);
#15614 = PLANE('',#15615);
#15615 = AXIS2_PLACEMENT_3D('',#15616,#15617,#15618);
#15616 = CARTESIAN_POINT('',(1.3,2.21,0.18));
#15617 = DIRECTION('',(0.,0.,1.));
#15618 = DIRECTION('',(-1.,0.,0.));
#15619 = DEFINITIONAL_REPRESENTATION('',(#15620),#15624);
#15620 = LINE('',#15621,#15622);
#15621 = CARTESIAN_POINT('',(-0.1,0.));
#15622 = VECTOR('',#15623,1.);
#15623 = DIRECTION('',(-9.035018104046E-17,1.));
#15624 = ( GEOMETRIC_REPRESENTATION_CONTEXT(2) 
PARAMETRIC_REPRESENTATION_CONTEXT() REPRESENTATION_CONTEXT('2D SPACE',''
  ) );
#15625 = ORIENTED_EDGE('',*,*,#15626,.F.);
#15626 = EDGE_CURVE('',#15627,#15594,#15629,.T.);
#15627 = VERTEX_POINT('',#15628);
#15628 = CARTESIAN_POINT('',(1.4,2.21,-2.E-02));
#15629 = SURFACE_CURVE('',#15630,(#15634,#15641),.PCURVE_S1.);
#15630 = LINE('',#15631,#15632);
#15631 = CARTESIAN_POINT('',(1.4,2.21,-2.E-02));
#15632 = VECTOR('',#15633,1.);
#15633 = DIRECTION('',(-0.,0.,1.));
#15634 = PCURVE('',#15602,#15635);
#15635 = DEFINITIONAL_REPRESENTATION('',(#15636),#15640);
#15636 = LINE('',#15637,#15638);
#15637 = CARTESIAN_POINT('',(0.,0.));
#15638 = VECTOR('',#15639,1.);
#15639 = DIRECTION('',(0.,-1.));
#15640 = ( GEOMETRIC_REPRESENTATION_CONTEXT(2) 
PARAMETRIC_REPRESENTATION_CONTEXT() REPRESENTATION_CONTEXT('2D SPACE',''
  ) );
#15641 = PCURVE('',#15642,#15647);
#15642 = CYLINDRICAL_SURFACE('',#15643,0.1);
#15643 = AXIS2_PLACEMENT_3D('',#15644,#15645,#15646);
#15644 = CARTESIAN_POINT('',(1.3,2.21,-2.E-02));
#15645 = DIRECTION('',(-0.,0.,1.));
#15646 = DIRECTION('',(-1.,0.,-0.));
#15647 = DEFINITIONAL_REPRESENTATION('',(#15648),#15652);
#15648 = LINE('',#15649,#15650);
#15649 = CARTESIAN_POINT('',(3.14159265359,0.));
#15650 = VECTOR('',#15651,1.);
#15651 = DIRECTION('',(0.,1.));
#15652 = ( GEOMETRIC_REPRESENTATION_CONTEXT(2) 
PARAMETRIC_REPRESENTATION_CONTEXT() REPRESENTATION_CONTEXT('2D SPACE',''
  ) );
#15653 = ORIENTED_EDGE('',*,*,#15654,.F.);
#15654 = EDGE_CURVE('',#15655,#15627,#15657,.T.);
#15655 = VERTEX_POINT('',#15656);
#15656 = CARTESIAN_POINT('',(1.4,2.51,-2.E-02));
#15657 = SURFACE_CURVE('',#15658,(#15662,#15669),.PCURVE_S1.);
#15658 = LINE('',#15659,#15660);
#15659 = CARTESIAN_POINT('',(1.4,2.21,-2.E-02));
#15660 = VECTOR('',#15661,1.);
#15661 = DIRECTION('',(9.035018104046E-17,-1.,0.));
#15662 = PCURVE('',#15602,#15663);
#15663 = DEFINITIONAL_REPRESENTATION('',(#15664),#15668);
#15664 = LINE('',#15665,#15666);
#15665 = CARTESIAN_POINT('',(0.,0.));
#15666 = VECTOR('',#15667,1.);
#15667 = DIRECTION('',(-1.,-0.));
#15668 = ( GEOMETRIC_REPRESENTATION_CONTEXT(2) 
PARAMETRIC_REPRESENTATION_CONTEXT() REPRESENTATION_CONTEXT('2D SPACE',''
  ) );
#15669 = PCURVE('',#15670,#15675);
#15670 = PLANE('',#15671);
#15671 = AXIS2_PLACEMENT_3D('',#15672,#15673,#15674);
#15672 = CARTESIAN_POINT('',(1.3,2.21,-2.E-02));
#15673 = DIRECTION('',(0.,0.,1.));
#15674 = DIRECTION('',(-1.,0.,0.));
#15675 = DEFINITIONAL_REPRESENTATION('',(#15676),#15680);
#15676 = LINE('',#15677,#15678);
#15677 = CARTESIAN_POINT('',(-0.1,0.));
#15678 = VECTOR('',#15679,1.);
#15679 = DIRECTION('',(-9.035018104046E-17,1.));
#15680 = ( GEOMETRIC_REPRESENTATION_CONTEXT(2) 
PARAMETRIC_REPRESENTATION_CONTEXT() REPRESENTATION_CONTEXT('2D SPACE',''
  ) );
#15681 = ORIENTED_EDGE('',*,*,#15682,.T.);
#15682 = EDGE_CURVE('',#15655,#15592,#15683,.T.);
#15683 = SURFACE_CURVE('',#15684,(#15688,#15695),.PCURVE_S1.);
#15684 = LINE('',#15685,#15686);
#15685 = CARTESIAN_POINT('',(1.4,2.51,-2.E-02));
#15686 = VECTOR('',#15687,1.);
#15687 = DIRECTION('',(-0.,0.,1.));
#15688 = PCURVE('',#15602,#15689);
#15689 = DEFINITIONAL_REPRESENTATION('',(#15690),#15694);
#15690 = LINE('',#15691,#15692);
#15691 = CARTESIAN_POINT('',(0.3,0.));
#15692 = VECTOR('',#15693,1.);
#15693 = DIRECTION('',(0.,-1.));
#15694 = ( GEOMETRIC_REPRESENTATION_CONTEXT(2) 
PARAMETRIC_REPRESENTATION_CONTEXT() REPRESENTATION_CONTEXT('2D SPACE',''
  ) );
#15695 = PCURVE('',#15696,#15701);
#15696 = PLANE('',#15697);
#15697 = AXIS2_PLACEMENT_3D('',#15698,#15699,#15700);
#15698 = CARTESIAN_POINT('',(1.2,2.51,-2.E-02));
#15699 = DIRECTION('',(-1.355252715607E-16,-1.,0.));
#15700 = DIRECTION('',(-1.,1.355252715607E-16,0.));
#15701 = DEFINITIONAL_REPRESENTATION('',(#15702),#15706);
#15702 = LINE('',#15703,#15704);
#15703 = CARTESIAN_POINT('',(-0.2,0.));
#15704 = VECTOR('',#15705,1.);
#15705 = DIRECTION('',(0.,-1.));
#15706 = ( GEOMETRIC_REPRESENTATION_CONTEXT(2) 
PARAMETRIC_REPRESENTATION_CONTEXT() REPRESENTATION_CONTEXT('2D SPACE',''
  ) );
#15707 = ADVANCED_FACE('',(#15708),#15642,.T.);
#15708 = FACE_BOUND('',#15709,.T.);
#15709 = EDGE_LOOP('',(#15710,#15738,#15766,#15792));
#15710 = ORIENTED_EDGE('',*,*,#15711,.T.);
#15711 = EDGE_CURVE('',#15594,#15712,#15714,.T.);
#15712 = VERTEX_POINT('',#15713);
#15713 = CARTESIAN_POINT('',(1.2,2.21,0.18));
#15714 = SURFACE_CURVE('',#15715,(#15720,#15727),.PCURVE_S1.);
#15715 = CIRCLE('',#15716,0.1);
#15716 = AXIS2_PLACEMENT_3D('',#15717,#15718,#15719);
#15717 = CARTESIAN_POINT('',(1.3,2.21,0.18));
#15718 = DIRECTION('',(0.,0.,-1.));
#15719 = DIRECTION('',(-1.,0.,0.));
#15720 = PCURVE('',#15642,#15721);
#15721 = DEFINITIONAL_REPRESENTATION('',(#15722),#15726);
#15722 = LINE('',#15723,#15724);
#15723 = CARTESIAN_POINT('',(6.28318530718,0.2));
#15724 = VECTOR('',#15725,1.);
#15725 = DIRECTION('',(-1.,0.));
#15726 = ( GEOMETRIC_REPRESENTATION_CONTEXT(2) 
PARAMETRIC_REPRESENTATION_CONTEXT() REPRESENTATION_CONTEXT('2D SPACE',''
  ) );
#15727 = PCURVE('',#15614,#15728);
#15728 = DEFINITIONAL_REPRESENTATION('',(#15729),#15737);
#15729 = ( BOUNDED_CURVE() B_SPLINE_CURVE(2,(#15730,#15731,#15732,#15733
    ,#15734,#15735,#15736),.UNSPECIFIED.,.T.,.F.) 
B_SPLINE_CURVE_WITH_KNOTS((1,2,2,2,2,1),(-2.094395102393,0.,
    2.094395102393,4.188790204786,6.28318530718,8.377580409573),
.UNSPECIFIED.) CURVE() GEOMETRIC_REPRESENTATION_ITEM() 
RATIONAL_B_SPLINE_CURVE((1.,0.5,1.,0.5,1.,0.5,1.)) REPRESENTATION_ITEM(
  '') );
#15730 = CARTESIAN_POINT('',(0.1,0.));
#15731 = CARTESIAN_POINT('',(0.1,-0.173205080757));
#15732 = CARTESIAN_POINT('',(-5.E-02,-8.660254037844E-02));
#15733 = CARTESIAN_POINT('',(-0.2,-2.449293598295E-17));
#15734 = CARTESIAN_POINT('',(-5.E-02,8.660254037844E-02));
#15735 = CARTESIAN_POINT('',(1.E-01,0.173205080757));
#15736 = CARTESIAN_POINT('',(0.1,0.));
#15737 = ( GEOMETRIC_REPRESENTATION_CONTEXT(2) 
PARAMETRIC_REPRESENTATION_CONTEXT() REPRESENTATION_CONTEXT('2D SPACE',''
  ) );
#15738 = ORIENTED_EDGE('',*,*,#15739,.F.);
#15739 = EDGE_CURVE('',#15740,#15712,#15742,.T.);
#15740 = VERTEX_POINT('',#15741);
#15741 = CARTESIAN_POINT('',(1.2,2.21,-2.E-02));
#15742 = SURFACE_CURVE('',#15743,(#15747,#15754),.PCURVE_S1.);
#15743 = LINE('',#15744,#15745);
#15744 = CARTESIAN_POINT('',(1.2,2.21,-2.E-02));
#15745 = VECTOR('',#15746,1.);
#15746 = DIRECTION('',(-0.,0.,1.));
#15747 = PCURVE('',#15642,#15748);
#15748 = DEFINITIONAL_REPRESENTATION('',(#15749),#15753);
#15749 = LINE('',#15750,#15751);
#15750 = CARTESIAN_POINT('',(0.,0.));
#15751 = VECTOR('',#15752,1.);
#15752 = DIRECTION('',(0.,1.));
#15753 = ( GEOMETRIC_REPRESENTATION_CONTEXT(2) 
PARAMETRIC_REPRESENTATION_CONTEXT() REPRESENTATION_CONTEXT('2D SPACE',''
  ) );
#15754 = PCURVE('',#15755,#15760);
#15755 = PLANE('',#15756);
#15756 = AXIS2_PLACEMENT_3D('',#15757,#15758,#15759);
#15757 = CARTESIAN_POINT('',(1.2,2.21,-2.E-02));
#15758 = DIRECTION('',(1.,-3.614007241618E-16,0.));
#15759 = DIRECTION('',(-3.614007241618E-16,-1.,0.));
#15760 = DEFINITIONAL_REPRESENTATION('',(#15761),#15765);
#15761 = LINE('',#15762,#15763);
#15762 = CARTESIAN_POINT('',(0.,0.));
#15763 = VECTOR('',#15764,1.);
#15764 = DIRECTION('',(0.,-1.));
#15765 = ( GEOMETRIC_REPRESENTATION_CONTEXT(2) 
PARAMETRIC_REPRESENTATION_CONTEXT() REPRESENTATION_CONTEXT('2D SPACE',''
  ) );
#15766 = ORIENTED_EDGE('',*,*,#15767,.F.);
#15767 = EDGE_CURVE('',#15627,#15740,#15768,.T.);
#15768 = SURFACE_CURVE('',#15769,(#15774,#15781),.PCURVE_S1.);
#15769 = CIRCLE('',#15770,0.1);
#15770 = AXIS2_PLACEMENT_3D('',#15771,#15772,#15773);
#15771 = CARTESIAN_POINT('',(1.3,2.21,-2.E-02));
#15772 = DIRECTION('',(0.,0.,-1.));
#15773 = DIRECTION('',(-1.,0.,0.));
#15774 = PCURVE('',#15642,#15775);
#15775 = DEFINITIONAL_REPRESENTATION('',(#15776),#15780);
#15776 = LINE('',#15777,#15778);
#15777 = CARTESIAN_POINT('',(6.28318530718,0.));
#15778 = VECTOR('',#15779,1.);
#15779 = DIRECTION('',(-1.,0.));
#15780 = ( GEOMETRIC_REPRESENTATION_CONTEXT(2) 
PARAMETRIC_REPRESENTATION_CONTEXT() REPRESENTATION_CONTEXT('2D SPACE',''
  ) );
#15781 = PCURVE('',#15670,#15782);
#15782 = DEFINITIONAL_REPRESENTATION('',(#15783),#15791);
#15783 = ( BOUNDED_CURVE() B_SPLINE_CURVE(2,(#15784,#15785,#15786,#15787
    ,#15788,#15789,#15790),.UNSPECIFIED.,.T.,.F.) 
B_SPLINE_CURVE_WITH_KNOTS((1,2,2,2,2,1),(-2.094395102393,0.,
    2.094395102393,4.188790204786,6.28318530718,8.377580409573),
.UNSPECIFIED.) CURVE() GEOMETRIC_REPRESENTATION_ITEM() 
RATIONAL_B_SPLINE_CURVE((1.,0.5,1.,0.5,1.,0.5,1.)) REPRESENTATION_ITEM(
  '') );
#15784 = CARTESIAN_POINT('',(0.1,0.));
#15785 = CARTESIAN_POINT('',(0.1,-0.173205080757));
#15786 = CARTESIAN_POINT('',(-5.E-02,-8.660254037844E-02));
#15787 = CARTESIAN_POINT('',(-0.2,-2.449293598295E-17));
#15788 = CARTESIAN_POINT('',(-5.E-02,8.660254037844E-02));
#15789 = CARTESIAN_POINT('',(1.E-01,0.173205080757));
#15790 = CARTESIAN_POINT('',(0.1,0.));
#15791 = ( GEOMETRIC_REPRESENTATION_CONTEXT(2) 
PARAMETRIC_REPRESENTATION_CONTEXT() REPRESENTATION_CONTEXT('2D SPACE',''
  ) );
#15792 = ORIENTED_EDGE('',*,*,#15626,.T.);
#15793 = ADVANCED_FACE('',(#15794),#15755,.F.);
#15794 = FACE_BOUND('',#15795,.T.);
#15795 = EDGE_LOOP('',(#15796,#15819,#15842,#15863));
#15796 = ORIENTED_EDGE('',*,*,#15797,.T.);
#15797 = EDGE_CURVE('',#15712,#15798,#15800,.T.);
#15798 = VERTEX_POINT('',#15799);
#15799 = CARTESIAN_POINT('',(1.2,2.51,0.18));
#15800 = SURFACE_CURVE('',#15801,(#15805,#15812),.PCURVE_S1.);
#15801 = LINE('',#15802,#15803);
#15802 = CARTESIAN_POINT('',(1.2,2.21,0.18));
#15803 = VECTOR('',#15804,1.);
#15804 = DIRECTION('',(3.614007241618E-16,1.,0.));
#15805 = PCURVE('',#15755,#15806);
#15806 = DEFINITIONAL_REPRESENTATION('',(#15807),#15811);
#15807 = LINE('',#15808,#15809);
#15808 = CARTESIAN_POINT('',(0.,-0.2));
#15809 = VECTOR('',#15810,1.);
#15810 = DIRECTION('',(-1.,0.));
#15811 = ( GEOMETRIC_REPRESENTATION_CONTEXT(2) 
PARAMETRIC_REPRESENTATION_CONTEXT() REPRESENTATION_CONTEXT('2D SPACE',''
  ) );
#15812 = PCURVE('',#15614,#15813);
#15813 = DEFINITIONAL_REPRESENTATION('',(#15814),#15818);
#15814 = LINE('',#15815,#15816);
#15815 = CARTESIAN_POINT('',(1.E-01,0.));
#15816 = VECTOR('',#15817,1.);
#15817 = DIRECTION('',(-3.614007241618E-16,-1.));
#15818 = ( GEOMETRIC_REPRESENTATION_CONTEXT(2) 
PARAMETRIC_REPRESENTATION_CONTEXT() REPRESENTATION_CONTEXT('2D SPACE',''
  ) );
#15819 = ORIENTED_EDGE('',*,*,#15820,.F.);
#15820 = EDGE_CURVE('',#15821,#15798,#15823,.T.);
#15821 = VERTEX_POINT('',#15822);
#15822 = CARTESIAN_POINT('',(1.2,2.51,-2.E-02));
#15823 = SURFACE_CURVE('',#15824,(#15828,#15835),.PCURVE_S1.);
#15824 = LINE('',#15825,#15826);
#15825 = CARTESIAN_POINT('',(1.2,2.51,-2.E-02));
#15826 = VECTOR('',#15827,1.);
#15827 = DIRECTION('',(-0.,0.,1.));
#15828 = PCURVE('',#15755,#15829);
#15829 = DEFINITIONAL_REPRESENTATION('',(#15830),#15834);
#15830 = LINE('',#15831,#15832);
#15831 = CARTESIAN_POINT('',(-0.3,0.));
#15832 = VECTOR('',#15833,1.);
#15833 = DIRECTION('',(0.,-1.));
#15834 = ( GEOMETRIC_REPRESENTATION_CONTEXT(2) 
PARAMETRIC_REPRESENTATION_CONTEXT() REPRESENTATION_CONTEXT('2D SPACE',''
  ) );
#15835 = PCURVE('',#15696,#15836);
#15836 = DEFINITIONAL_REPRESENTATION('',(#15837),#15841);
#15837 = LINE('',#15838,#15839);
#15838 = CARTESIAN_POINT('',(0.,0.));
#15839 = VECTOR('',#15840,1.);
#15840 = DIRECTION('',(0.,-1.));
#15841 = ( GEOMETRIC_REPRESENTATION_CONTEXT(2) 
PARAMETRIC_REPRESENTATION_CONTEXT() REPRESENTATION_CONTEXT('2D SPACE',''
  ) );
#15842 = ORIENTED_EDGE('',*,*,#15843,.F.);
#15843 = EDGE_CURVE('',#15740,#15821,#15844,.T.);
#15844 = SURFACE_CURVE('',#15845,(#15849,#15856),.PCURVE_S1.);
#15845 = LINE('',#15846,#15847);
#15846 = CARTESIAN_POINT('',(1.2,2.21,-2.E-02));
#15847 = VECTOR('',#15848,1.);
#15848 = DIRECTION('',(3.614007241618E-16,1.,0.));
#15849 = PCURVE('',#15755,#15850);
#15850 = DEFINITIONAL_REPRESENTATION('',(#15851),#15855);
#15851 = LINE('',#15852,#15853);
#15852 = CARTESIAN_POINT('',(0.,0.));
#15853 = VECTOR('',#15854,1.);
#15854 = DIRECTION('',(-1.,0.));
#15855 = ( GEOMETRIC_REPRESENTATION_CONTEXT(2) 
PARAMETRIC_REPRESENTATION_CONTEXT() REPRESENTATION_CONTEXT('2D SPACE',''
  ) );
#15856 = PCURVE('',#15670,#15857);
#15857 = DEFINITIONAL_REPRESENTATION('',(#15858),#15862);
#15858 = LINE('',#15859,#15860);
#15859 = CARTESIAN_POINT('',(1.E-01,0.));
#15860 = VECTOR('',#15861,1.);
#15861 = DIRECTION('',(-3.614007241618E-16,-1.));
#15862 = ( GEOMETRIC_REPRESENTATION_CONTEXT(2) 
PARAMETRIC_REPRESENTATION_CONTEXT() REPRESENTATION_CONTEXT('2D SPACE',''
  ) );
#15863 = ORIENTED_EDGE('',*,*,#15739,.T.);
#15864 = ADVANCED_FACE('',(#15865),#15696,.F.);
#15865 = FACE_BOUND('',#15866,.T.);
#15866 = EDGE_LOOP('',(#15867,#15888,#15889,#15910));
#15867 = ORIENTED_EDGE('',*,*,#15868,.T.);
#15868 = EDGE_CURVE('',#15798,#15592,#15869,.T.);
#15869 = SURFACE_CURVE('',#15870,(#15874,#15881),.PCURVE_S1.);
#15870 = LINE('',#15871,#15872);
#15871 = CARTESIAN_POINT('',(1.2,2.51,0.18));
#15872 = VECTOR('',#15873,1.);
#15873 = DIRECTION('',(1.,-1.355252715607E-16,0.));
#15874 = PCURVE('',#15696,#15875);
#15875 = DEFINITIONAL_REPRESENTATION('',(#15876),#15880);
#15876 = LINE('',#15877,#15878);
#15877 = CARTESIAN_POINT('',(0.,-0.2));
#15878 = VECTOR('',#15879,1.);
#15879 = DIRECTION('',(-1.,-0.));
#15880 = ( GEOMETRIC_REPRESENTATION_CONTEXT(2) 
PARAMETRIC_REPRESENTATION_CONTEXT() REPRESENTATION_CONTEXT('2D SPACE',''
  ) );
#15881 = PCURVE('',#15614,#15882);
#15882 = DEFINITIONAL_REPRESENTATION('',(#15883),#15887);
#15883 = LINE('',#15884,#15885);
#15884 = CARTESIAN_POINT('',(1.E-01,-0.3));
#15885 = VECTOR('',#15886,1.);
#15886 = DIRECTION('',(-1.,1.355252715607E-16));
#15887 = ( GEOMETRIC_REPRESENTATION_CONTEXT(2) 
PARAMETRIC_REPRESENTATION_CONTEXT() REPRESENTATION_CONTEXT('2D SPACE',''
  ) );
#15888 = ORIENTED_EDGE('',*,*,#15682,.F.);
#15889 = ORIENTED_EDGE('',*,*,#15890,.F.);
#15890 = EDGE_CURVE('',#15821,#15655,#15891,.T.);
#15891 = SURFACE_CURVE('',#15892,(#15896,#15903),.PCURVE_S1.);
#15892 = LINE('',#15893,#15894);
#15893 = CARTESIAN_POINT('',(1.2,2.51,-2.E-02));
#15894 = VECTOR('',#15895,1.);
#15895 = DIRECTION('',(1.,-1.355252715607E-16,0.));
#15896 = PCURVE('',#15696,#15897);
#15897 = DEFINITIONAL_REPRESENTATION('',(#15898),#15902);
#15898 = LINE('',#15899,#15900);
#15899 = CARTESIAN_POINT('',(0.,0.));
#15900 = VECTOR('',#15901,1.);
#15901 = DIRECTION('',(-1.,-0.));
#15902 = ( GEOMETRIC_REPRESENTATION_CONTEXT(2) 
PARAMETRIC_REPRESENTATION_CONTEXT() REPRESENTATION_CONTEXT('2D SPACE',''
  ) );
#15903 = PCURVE('',#15670,#15904);
#15904 = DEFINITIONAL_REPRESENTATION('',(#15905),#15909);
#15905 = LINE('',#15906,#15907);
#15906 = CARTESIAN_POINT('',(1.E-01,-0.3));
#15907 = VECTOR('',#15908,1.);
#15908 = DIRECTION('',(-1.,1.355252715607E-16));
#15909 = ( GEOMETRIC_REPRESENTATION_CONTEXT(2) 
PARAMETRIC_REPRESENTATION_CONTEXT() REPRESENTATION_CONTEXT('2D SPACE',''
  ) );
#15910 = ORIENTED_EDGE('',*,*,#15820,.T.);
#15911 = ADVANCED_FACE('',(#15912),#15670,.F.);
#15912 = FACE_BOUND('',#15913,.T.);
#15913 = EDGE_LOOP('',(#15914,#15915,#15916,#15917));
#15914 = ORIENTED_EDGE('',*,*,#15654,.T.);
#15915 = ORIENTED_EDGE('',*,*,#15767,.T.);
#15916 = ORIENTED_EDGE('',*,*,#15843,.T.);
#15917 = ORIENTED_EDGE('',*,*,#15890,.T.);
#15918 = ADVANCED_FACE('',(#15919),#15614,.T.);
#15919 = FACE_BOUND('',#15920,.T.);
#15920 = EDGE_LOOP('',(#15921,#15922,#15923,#15924));
#15921 = ORIENTED_EDGE('',*,*,#15591,.F.);
#15922 = ORIENTED_EDGE('',*,*,#15868,.F.);
#15923 = ORIENTED_EDGE('',*,*,#15797,.F.);
#15924 = ORIENTED_EDGE('',*,*,#15711,.F.);
#15925 = ( GEOMETRIC_REPRESENTATION_CONTEXT(3) 
GLOBAL_UNCERTAINTY_ASSIGNED_CONTEXT((#15929)) 
GLOBAL_UNIT_ASSIGNED_CONTEXT((#15926,#15927,#15928)) 
REPRESENTATION_CONTEXT('Context #1',
  '3D Context with UNIT and UNCERTAINTY') );
#15926 = ( LENGTH_UNIT() NAMED_UNIT(*) SI_UNIT(.MILLI.,.METRE.) );
#15927 = ( NAMED_UNIT(*) PLANE_ANGLE_UNIT() SI_UNIT($,.RADIAN.) );
#15928 = ( NAMED_UNIT(*) SI_UNIT($,.STERADIAN.) SOLID_ANGLE_UNIT() );
#15929 = UNCERTAINTY_MEASURE_WITH_UNIT(LENGTH_MEASURE(1.E-07),#15926,
  'distance_accuracy_value','confusion accuracy');
#15930 = CONTEXT_DEPENDENT_SHAPE_REPRESENTATION(#15931,#15933);
#15931 = ( REPRESENTATION_RELATIONSHIP('','',#32,#10) 
REPRESENTATION_RELATIONSHIP_WITH_TRANSFORMATION(#15932) 
SHAPE_REPRESENTATION_RELATIONSHIP() );
#15932 = ITEM_DEFINED_TRANSFORMATION('','',#11,#15);
#15933 = PRODUCT_DEFINITION_SHAPE('Placement','Placement of an item',
  #15934);
#15934 = NEXT_ASSEMBLY_USAGE_OCCURRENCE('1','=>[0:1:1:1]','',#5,#27,$);
#15935 = PRODUCT_RELATED_PRODUCT_CATEGORY('part',$,(#29));
#15936 = MECHANICAL_DESIGN_GEOMETRIC_PRESENTATION_REPRESENTATION('',(
    #15937,#15945,#15953,#15961,#15968,#15975,#15982,#15989,#15996,
    #16003,#16010,#16017,#16024,#16031,#16038,#16045,#16052,#16059,
    #16066,#16073,#16080,#16087,#16094,#16101,#16108,#16115,#16122,
    #16129,#16136,#16143,#16150,#16157,#16164,#16171,#16178,#16185,
    #16192,#16199,#16206,#16213,#16220,#16227,#16234,#16241,#16248,
    #16255,#16262,#16269,#16276,#16283,#16290,#16297,#16304,#16311,
    #16318,#16325,#16332,#16339,#16346,#16353,#16360,#16367,#16374,
    #16381,#16388,#16395,#16402,#16409,#16416,#16423,#16430,#16437,
    #16444,#16451,#16458,#16465,#16472,#16479,#16486,#16493,#16500,
    #16507,#16514,#16521,#16528,#16535,#16542,#16549,#16556,#16564,
    #16571,#16578,#16585,#16592,#16599,#16606,#16613,#16620,#16627,
    #16634,#16642,#16649,#16656,#16663,#16670,#16677,#16684,#16691,
    #16698,#16705,#16712,#16719,#16726,#16733,#16740,#16747,#16754,
    #16761,#16768,#16775,#16782,#16789,#16796,#16803,#16810,#16817,
    #16824,#16831,#16838,#16845,#16852,#16859,#16866,#16873,#16880,
    #16887,#16894,#16901,#16908,#16915,#16922,#16929,#16936,#16943,
    #16950,#16957,#16964,#16971,#16978,#16985,#16992,#16999,#17006,
    #17013,#17020,#17027,#17034,#17041,#17048,#17055,#17062,#17069,
    #17076,#17083,#17090,#17097,#17104,#17111,#17118,#17125,#17132,
    #17139,#17146,#17153,#17160,#17167,#17174,#17181,#17188,#17195,
    #17202,#17209,#17216,#17223,#17230,#17237,#17244,#17251,#17258,
    #17265,#17272,#17279,#17286,#17293,#17300,#17307,#17314,#17321,
    #17328,#17335,#17342,#17349,#17356,#17363,#17370,#17377,#17384,
    #17391,#17398,#17405,#17412,#17419,#17426,#17433,#17440,#17447,
    #17454,#17461,#17468,#17475,#17482,#17489,#17496,#17503,#17510,
    #17517,#17524,#17531,#17538,#17545,#17552,#17559,#17566,#17573,
    #17580,#17587,#17594,#17601),#15925);
#15937 = STYLED_ITEM('color',(#15938),#33);
#15938 = PRESENTATION_STYLE_ASSIGNMENT((#15939));
#15939 = SURFACE_STYLE_USAGE(.BOTH.,#15940);
#15940 = SURFACE_SIDE_STYLE('',(#15941));
#15941 = SURFACE_STYLE_FILL_AREA(#15942);
#15942 = FILL_AREA_STYLE('',(#15943));
#15943 = FILL_AREA_STYLE_COLOUR('',#15944);
#15944 = COLOUR_RGB('',0.792156867455,0.819607826924,0.933333342953);
#15945 = OVER_RIDING_STYLED_ITEM('overriding color',(#15946),#35,#15937
  );
#15946 = PRESENTATION_STYLE_ASSIGNMENT((#15947));
#15947 = SURFACE_STYLE_USAGE(.BOTH.,#15948);
#15948 = SURFACE_SIDE_STYLE('',(#15949));
#15949 = SURFACE_STYLE_FILL_AREA(#15950);
#15950 = FILL_AREA_STYLE('',(#15951));
#15951 = FILL_AREA_STYLE_COLOUR('',#15952);
#15952 = COLOUR_RGB('',0.666666664908,0.666666664908,0.666666664908);
#15953 = OVER_RIDING_STYLED_ITEM('overriding color',(#15954),#156,#15937
  );
#15954 = PRESENTATION_STYLE_ASSIGNMENT((#15955));
#15955 = SURFACE_STYLE_USAGE(.BOTH.,#15956);
#15956 = SURFACE_SIDE_STYLE('',(#15957));
#15957 = SURFACE_STYLE_FILL_AREA(#15958);
#15958 = FILL_AREA_STYLE('',(#15959));
#15959 = FILL_AREA_STYLE_COLOUR('',#15960);
#15960 = COLOUR_RGB('',0.250980388104,0.250980388104,0.250980388104);
#15961 = OVER_RIDING_STYLED_ITEM('overriding color',(#15962),#276,#15937
  );
#15962 = PRESENTATION_STYLE_ASSIGNMENT((#15963));
#15963 = SURFACE_STYLE_USAGE(.BOTH.,#15964);
#15964 = SURFACE_SIDE_STYLE('',(#15965));
#15965 = SURFACE_STYLE_FILL_AREA(#15966);
#15966 = FILL_AREA_STYLE('',(#15967));
#15967 = FILL_AREA_STYLE_COLOUR('',#15960);
#15968 = OVER_RIDING_STYLED_ITEM('overriding color',(#15969),#3284,
  #15937);
#15969 = PRESENTATION_STYLE_ASSIGNMENT((#15970));
#15970 = SURFACE_STYLE_USAGE(.BOTH.,#15971);
#15971 = SURFACE_SIDE_STYLE('',(#15972));
#15972 = SURFACE_STYLE_FILL_AREA(#15973);
#15973 = FILL_AREA_STYLE('',(#15974));
#15974 = FILL_AREA_STYLE_COLOUR('',#15960);
#15975 = OVER_RIDING_STYLED_ITEM('overriding color',(#15976),#3331,
  #15937);
#15976 = PRESENTATION_STYLE_ASSIGNMENT((#15977));
#15977 = SURFACE_STYLE_USAGE(.BOTH.,#15978);
#15978 = SURFACE_SIDE_STYLE('',(#15979));
#15979 = SURFACE_STYLE_FILL_AREA(#15980);
#15980 = FILL_AREA_STYLE('',(#15981));
#15981 = FILL_AREA_STYLE_COLOUR('',#15960);
#15982 = OVER_RIDING_STYLED_ITEM('overriding color',(#15983),#3358,
  #15937);
#15983 = PRESENTATION_STYLE_ASSIGNMENT((#15984));
#15984 = SURFACE_STYLE_USAGE(.BOTH.,#15985);
#15985 = SURFACE_SIDE_STYLE('',(#15986));
#15986 = SURFACE_STYLE_FILL_AREA(#15987);
#15987 = FILL_AREA_STYLE('',(#15988));
#15988 = FILL_AREA_STYLE_COLOUR('',#15960);
#15989 = OVER_RIDING_STYLED_ITEM('overriding color',(#15990),#3385,
  #15937);
#15990 = PRESENTATION_STYLE_ASSIGNMENT((#15991));
#15991 = SURFACE_STYLE_USAGE(.BOTH.,#15992);
#15992 = SURFACE_SIDE_STYLE('',(#15993));
#15993 = SURFACE_STYLE_FILL_AREA(#15994);
#15994 = FILL_AREA_STYLE('',(#15995));
#15995 = FILL_AREA_STYLE_COLOUR('',#15960);
#15996 = OVER_RIDING_STYLED_ITEM('overriding color',(#15997),#3620,
  #15937);
#15997 = PRESENTATION_STYLE_ASSIGNMENT((#15998));
#15998 = SURFACE_STYLE_USAGE(.BOTH.,#15999);
#15999 = SURFACE_SIDE_STYLE('',(#16000));
#16000 = SURFACE_STYLE_FILL_AREA(#16001);
#16001 = FILL_AREA_STYLE('',(#16002));
#16002 = FILL_AREA_STYLE_COLOUR('',#15952);
#16003 = OVER_RIDING_STYLED_ITEM('overriding color',(#16004),#3696,
  #15937);
#16004 = PRESENTATION_STYLE_ASSIGNMENT((#16005));
#16005 = SURFACE_STYLE_USAGE(.BOTH.,#16006);
#16006 = SURFACE_SIDE_STYLE('',(#16007));
#16007 = SURFACE_STYLE_FILL_AREA(#16008);
#16008 = FILL_AREA_STYLE('',(#16009));
#16009 = FILL_AREA_STYLE_COLOUR('',#15952);
#16010 = OVER_RIDING_STYLED_ITEM('overriding color',(#16011),#3745,
  #15937);
#16011 = PRESENTATION_STYLE_ASSIGNMENT((#16012));
#16012 = SURFACE_STYLE_USAGE(.BOTH.,#16013);
#16013 = SURFACE_SIDE_STYLE('',(#16014));
#16014 = SURFACE_STYLE_FILL_AREA(#16015);
#16015 = FILL_AREA_STYLE('',(#16016));
#16016 = FILL_AREA_STYLE_COLOUR('',#15952);
#16017 = OVER_RIDING_STYLED_ITEM('overriding color',(#16018),#3794,
  #15937);
#16018 = PRESENTATION_STYLE_ASSIGNMENT((#16019));
#16019 = SURFACE_STYLE_USAGE(.BOTH.,#16020);
#16020 = SURFACE_SIDE_STYLE('',(#16021));
#16021 = SURFACE_STYLE_FILL_AREA(#16022);
#16022 = FILL_AREA_STYLE('',(#16023));
#16023 = FILL_AREA_STYLE_COLOUR('',#15952);
#16024 = OVER_RIDING_STYLED_ITEM('overriding color',(#16025),#3843,
  #15937);
#16025 = PRESENTATION_STYLE_ASSIGNMENT((#16026));
#16026 = SURFACE_STYLE_USAGE(.BOTH.,#16027);
#16027 = SURFACE_SIDE_STYLE('',(#16028));
#16028 = SURFACE_STYLE_FILL_AREA(#16029);
#16029 = FILL_AREA_STYLE('',(#16030));
#16030 = FILL_AREA_STYLE_COLOUR('',#15952);
#16031 = OVER_RIDING_STYLED_ITEM('overriding color',(#16032),#3892,
  #15937);
#16032 = PRESENTATION_STYLE_ASSIGNMENT((#16033));
#16033 = SURFACE_STYLE_USAGE(.BOTH.,#16034);
#16034 = SURFACE_SIDE_STYLE('',(#16035));
#16035 = SURFACE_STYLE_FILL_AREA(#16036);
#16036 = FILL_AREA_STYLE('',(#16037));
#16037 = FILL_AREA_STYLE_COLOUR('',#15952);
#16038 = OVER_RIDING_STYLED_ITEM('overriding color',(#16039),#3940,
  #15937);
#16039 = PRESENTATION_STYLE_ASSIGNMENT((#16040));
#16040 = SURFACE_STYLE_USAGE(.BOTH.,#16041);
#16041 = SURFACE_SIDE_STYLE('',(#16042));
#16042 = SURFACE_STYLE_FILL_AREA(#16043);
#16043 = FILL_AREA_STYLE('',(#16044));
#16044 = FILL_AREA_STYLE_COLOUR('',#15952);
#16045 = OVER_RIDING_STYLED_ITEM('overriding color',(#16046),#3996,
  #15937);
#16046 = PRESENTATION_STYLE_ASSIGNMENT((#16047));
#16047 = SURFACE_STYLE_USAGE(.BOTH.,#16048);
#16048 = SURFACE_SIDE_STYLE('',(#16049));
#16049 = SURFACE_STYLE_FILL_AREA(#16050);
#16050 = FILL_AREA_STYLE('',(#16051));
#16051 = FILL_AREA_STYLE_COLOUR('',#15952);
#16052 = OVER_RIDING_STYLED_ITEM('overriding color',(#16053),#4044,
  #15937);
#16053 = PRESENTATION_STYLE_ASSIGNMENT((#16054));
#16054 = SURFACE_STYLE_USAGE(.BOTH.,#16055);
#16055 = SURFACE_SIDE_STYLE('',(#16056));
#16056 = SURFACE_STYLE_FILL_AREA(#16057);
#16057 = FILL_AREA_STYLE('',(#16058));
#16058 = FILL_AREA_STYLE_COLOUR('',#15952);
#16059 = OVER_RIDING_STYLED_ITEM('overriding color',(#16060),#4100,
  #15937);
#16060 = PRESENTATION_STYLE_ASSIGNMENT((#16061));
#16061 = SURFACE_STYLE_USAGE(.BOTH.,#16062);
#16062 = SURFACE_SIDE_STYLE('',(#16063));
#16063 = SURFACE_STYLE_FILL_AREA(#16064);
#16064 = FILL_AREA_STYLE('',(#16065));
#16065 = FILL_AREA_STYLE_COLOUR('',#15952);
#16066 = OVER_RIDING_STYLED_ITEM('overriding color',(#16067),#4127,
  #15937);
#16067 = PRESENTATION_STYLE_ASSIGNMENT((#16068));
#16068 = SURFACE_STYLE_USAGE(.BOTH.,#16069);
#16069 = SURFACE_SIDE_STYLE('',(#16070));
#16070 = SURFACE_STYLE_FILL_AREA(#16071);
#16071 = FILL_AREA_STYLE('',(#16072));
#16072 = FILL_AREA_STYLE_COLOUR('',#15952);
#16073 = OVER_RIDING_STYLED_ITEM('overriding color',(#16074),#4140,
  #15937);
#16074 = PRESENTATION_STYLE_ASSIGNMENT((#16075));
#16075 = SURFACE_STYLE_USAGE(.BOTH.,#16076);
#16076 = SURFACE_SIDE_STYLE('',(#16077));
#16077 = SURFACE_STYLE_FILL_AREA(#16078);
#16078 = FILL_AREA_STYLE('',(#16079));
#16079 = FILL_AREA_STYLE_COLOUR('',#15952);
#16080 = OVER_RIDING_STYLED_ITEM('overriding color',(#16081),#4168,
  #15937);
#16081 = PRESENTATION_STYLE_ASSIGNMENT((#16082));
#16082 = SURFACE_STYLE_USAGE(.BOTH.,#16083);
#16083 = SURFACE_SIDE_STYLE('',(#16084));
#16084 = SURFACE_STYLE_FILL_AREA(#16085);
#16085 = FILL_AREA_STYLE('',(#16086));
#16086 = FILL_AREA_STYLE_COLOUR('',#15952);
#16087 = OVER_RIDING_STYLED_ITEM('overriding color',(#16088),#4173,
  #15937);
#16088 = PRESENTATION_STYLE_ASSIGNMENT((#16089));
#16089 = SURFACE_STYLE_USAGE(.BOTH.,#16090);
#16090 = SURFACE_SIDE_STYLE('',(#16091));
#16091 = SURFACE_STYLE_FILL_AREA(#16092);
#16092 = FILL_AREA_STYLE('',(#16093));
#16093 = FILL_AREA_STYLE_COLOUR('',#15952);
#16094 = OVER_RIDING_STYLED_ITEM('overriding color',(#16095),#4277,
  #15937);
#16095 = PRESENTATION_STYLE_ASSIGNMENT((#16096));
#16096 = SURFACE_STYLE_USAGE(.BOTH.,#16097);
#16097 = SURFACE_SIDE_STYLE('',(#16098));
#16098 = SURFACE_STYLE_FILL_AREA(#16099);
#16099 = FILL_AREA_STYLE('',(#16100));
#16100 = FILL_AREA_STYLE_COLOUR('',#15952);
#16101 = OVER_RIDING_STYLED_ITEM('overriding color',(#16102),#4356,
  #15937);
#16102 = PRESENTATION_STYLE_ASSIGNMENT((#16103));
#16103 = SURFACE_STYLE_USAGE(.BOTH.,#16104);
#16104 = SURFACE_SIDE_STYLE('',(#16105));
#16105 = SURFACE_STYLE_FILL_AREA(#16106);
#16106 = FILL_AREA_STYLE('',(#16107));
#16107 = FILL_AREA_STYLE_COLOUR('',#15952);
#16108 = OVER_RIDING_STYLED_ITEM('overriding color',(#16109),#4435,
  #15937);
#16109 = PRESENTATION_STYLE_ASSIGNMENT((#16110));
#16110 = SURFACE_STYLE_USAGE(.BOTH.,#16111);
#16111 = SURFACE_SIDE_STYLE('',(#16112));
#16112 = SURFACE_STYLE_FILL_AREA(#16113);
#16113 = FILL_AREA_STYLE('',(#16114));
#16114 = FILL_AREA_STYLE_COLOUR('',#15952);
#16115 = OVER_RIDING_STYLED_ITEM('overriding color',(#16116),#4494,
  #15937);
#16116 = PRESENTATION_STYLE_ASSIGNMENT((#16117));
#16117 = SURFACE_STYLE_USAGE(.BOTH.,#16118);
#16118 = SURFACE_SIDE_STYLE('',(#16119));
#16119 = SURFACE_STYLE_FILL_AREA(#16120);
#16120 = FILL_AREA_STYLE('',(#16121));
#16121 = FILL_AREA_STYLE_COLOUR('',#15952);
#16122 = OVER_RIDING_STYLED_ITEM('overriding color',(#16123),#4879,
  #15937);
#16123 = PRESENTATION_STYLE_ASSIGNMENT((#16124));
#16124 = SURFACE_STYLE_USAGE(.BOTH.,#16125);
#16125 = SURFACE_SIDE_STYLE('',(#16126));
#16126 = SURFACE_STYLE_FILL_AREA(#16127);
#16127 = FILL_AREA_STYLE('',(#16128));
#16128 = FILL_AREA_STYLE_COLOUR('',#15952);
#16129 = OVER_RIDING_STYLED_ITEM('overriding color',(#16130),#4983,
  #15937);
#16130 = PRESENTATION_STYLE_ASSIGNMENT((#16131));
#16131 = SURFACE_STYLE_USAGE(.BOTH.,#16132);
#16132 = SURFACE_SIDE_STYLE('',(#16133));
#16133 = SURFACE_STYLE_FILL_AREA(#16134);
#16134 = FILL_AREA_STYLE('',(#16135));
#16135 = FILL_AREA_STYLE_COLOUR('',#15952);
#16136 = OVER_RIDING_STYLED_ITEM('overriding color',(#16137),#5062,
  #15937);
#16137 = PRESENTATION_STYLE_ASSIGNMENT((#16138));
#16138 = SURFACE_STYLE_USAGE(.BOTH.,#16139);
#16139 = SURFACE_SIDE_STYLE('',(#16140));
#16140 = SURFACE_STYLE_FILL_AREA(#16141);
#16141 = FILL_AREA_STYLE('',(#16142));
#16142 = FILL_AREA_STYLE_COLOUR('',#15952);
#16143 = OVER_RIDING_STYLED_ITEM('overriding color',(#16144),#5141,
  #15937);
#16144 = PRESENTATION_STYLE_ASSIGNMENT((#16145));
#16145 = SURFACE_STYLE_USAGE(.BOTH.,#16146);
#16146 = SURFACE_SIDE_STYLE('',(#16147));
#16147 = SURFACE_STYLE_FILL_AREA(#16148);
#16148 = FILL_AREA_STYLE('',(#16149));
#16149 = FILL_AREA_STYLE_COLOUR('',#15952);
#16150 = OVER_RIDING_STYLED_ITEM('overriding color',(#16151),#5200,
  #15937);
#16151 = PRESENTATION_STYLE_ASSIGNMENT((#16152));
#16152 = SURFACE_STYLE_USAGE(.BOTH.,#16153);
#16153 = SURFACE_SIDE_STYLE('',(#16154));
#16154 = SURFACE_STYLE_FILL_AREA(#16155);
#16155 = FILL_AREA_STYLE('',(#16156));
#16156 = FILL_AREA_STYLE_COLOUR('',#15952);
#16157 = OVER_RIDING_STYLED_ITEM('overriding color',(#16158),#5304,
  #15937);
#16158 = PRESENTATION_STYLE_ASSIGNMENT((#16159));
#16159 = SURFACE_STYLE_USAGE(.BOTH.,#16160);
#16160 = SURFACE_SIDE_STYLE('',(#16161));
#16161 = SURFACE_STYLE_FILL_AREA(#16162);
#16162 = FILL_AREA_STYLE('',(#16163));
#16163 = FILL_AREA_STYLE_COLOUR('',#15952);
#16164 = OVER_RIDING_STYLED_ITEM('overriding color',(#16165),#5383,
  #15937);
#16165 = PRESENTATION_STYLE_ASSIGNMENT((#16166));
#16166 = SURFACE_STYLE_USAGE(.BOTH.,#16167);
#16167 = SURFACE_SIDE_STYLE('',(#16168));
#16168 = SURFACE_STYLE_FILL_AREA(#16169);
#16169 = FILL_AREA_STYLE('',(#16170));
#16170 = FILL_AREA_STYLE_COLOUR('',#15952);
#16171 = OVER_RIDING_STYLED_ITEM('overriding color',(#16172),#5447,
  #15937);
#16172 = PRESENTATION_STYLE_ASSIGNMENT((#16173));
#16173 = SURFACE_STYLE_USAGE(.BOTH.,#16174);
#16174 = SURFACE_SIDE_STYLE('',(#16175));
#16175 = SURFACE_STYLE_FILL_AREA(#16176);
#16176 = FILL_AREA_STYLE('',(#16177));
#16177 = FILL_AREA_STYLE_COLOUR('',#15952);
#16178 = OVER_RIDING_STYLED_ITEM('overriding color',(#16179),#5495,
  #15937);
#16179 = PRESENTATION_STYLE_ASSIGNMENT((#16180));
#16180 = SURFACE_STYLE_USAGE(.BOTH.,#16181);
#16181 = SURFACE_SIDE_STYLE('',(#16182));
#16182 = SURFACE_STYLE_FILL_AREA(#16183);
#16183 = FILL_AREA_STYLE('',(#16184));
#16184 = FILL_AREA_STYLE_COLOUR('',#15952);
#16185 = OVER_RIDING_STYLED_ITEM('overriding color',(#16186),#5558,
  #15937);
#16186 = PRESENTATION_STYLE_ASSIGNMENT((#16187));
#16187 = SURFACE_STYLE_USAGE(.BOTH.,#16188);
#16188 = SURFACE_SIDE_STYLE('',(#16189));
#16189 = SURFACE_STYLE_FILL_AREA(#16190);
#16190 = FILL_AREA_STYLE('',(#16191));
#16191 = FILL_AREA_STYLE_COLOUR('',#15952);
#16192 = OVER_RIDING_STYLED_ITEM('overriding color',(#16193),#5637,
  #15937);
#16193 = PRESENTATION_STYLE_ASSIGNMENT((#16194));
#16194 = SURFACE_STYLE_USAGE(.BOTH.,#16195);
#16195 = SURFACE_SIDE_STYLE('',(#16196));
#16196 = SURFACE_STYLE_FILL_AREA(#16197);
#16197 = FILL_AREA_STYLE('',(#16198));
#16198 = FILL_AREA_STYLE_COLOUR('',#15952);
#16199 = OVER_RIDING_STYLED_ITEM('overriding color',(#16200),#5716,
  #15937);
#16200 = PRESENTATION_STYLE_ASSIGNMENT((#16201));
#16201 = SURFACE_STYLE_USAGE(.BOTH.,#16202);
#16202 = SURFACE_SIDE_STYLE('',(#16203));
#16203 = SURFACE_STYLE_FILL_AREA(#16204);
#16204 = FILL_AREA_STYLE('',(#16205));
#16205 = FILL_AREA_STYLE_COLOUR('',#15952);
#16206 = OVER_RIDING_STYLED_ITEM('overriding color',(#16207),#5796,
  #15937);
#16207 = PRESENTATION_STYLE_ASSIGNMENT((#16208));
#16208 = SURFACE_STYLE_USAGE(.BOTH.,#16209);
#16209 = SURFACE_SIDE_STYLE('',(#16210));
#16210 = SURFACE_STYLE_FILL_AREA(#16211);
#16211 = FILL_AREA_STYLE('',(#16212));
#16212 = FILL_AREA_STYLE_COLOUR('',#15952);
#16213 = OVER_RIDING_STYLED_ITEM('overriding color',(#16214),#5845,
  #15937);
#16214 = PRESENTATION_STYLE_ASSIGNMENT((#16215));
#16215 = SURFACE_STYLE_USAGE(.BOTH.,#16216);
#16216 = SURFACE_SIDE_STYLE('',(#16217));
#16217 = SURFACE_STYLE_FILL_AREA(#16218);
#16218 = FILL_AREA_STYLE('',(#16219));
#16219 = FILL_AREA_STYLE_COLOUR('',#15952);
#16220 = OVER_RIDING_STYLED_ITEM('overriding color',(#16221),#5894,
  #15937);
#16221 = PRESENTATION_STYLE_ASSIGNMENT((#16222));
#16222 = SURFACE_STYLE_USAGE(.BOTH.,#16223);
#16223 = SURFACE_SIDE_STYLE('',(#16224));
#16224 = SURFACE_STYLE_FILL_AREA(#16225);
#16225 = FILL_AREA_STYLE('',(#16226));
#16226 = FILL_AREA_STYLE_COLOUR('',#15952);
#16227 = OVER_RIDING_STYLED_ITEM('overriding color',(#16228),#5943,
  #15937);
#16228 = PRESENTATION_STYLE_ASSIGNMENT((#16229));
#16229 = SURFACE_STYLE_USAGE(.BOTH.,#16230);
#16230 = SURFACE_SIDE_STYLE('',(#16231));
#16231 = SURFACE_STYLE_FILL_AREA(#16232);
#16232 = FILL_AREA_STYLE('',(#16233));
#16233 = FILL_AREA_STYLE_COLOUR('',#15952);
#16234 = OVER_RIDING_STYLED_ITEM('overriding color',(#16235),#5991,
  #15937);
#16235 = PRESENTATION_STYLE_ASSIGNMENT((#16236));
#16236 = SURFACE_STYLE_USAGE(.BOTH.,#16237);
#16237 = SURFACE_SIDE_STYLE('',(#16238));
#16238 = SURFACE_STYLE_FILL_AREA(#16239);
#16239 = FILL_AREA_STYLE('',(#16240));
#16240 = FILL_AREA_STYLE_COLOUR('',#15952);
#16241 = OVER_RIDING_STYLED_ITEM('overriding color',(#16242),#6050,
  #15937);
#16242 = PRESENTATION_STYLE_ASSIGNMENT((#16243));
#16243 = SURFACE_STYLE_USAGE(.BOTH.,#16244);
#16244 = SURFACE_SIDE_STYLE('',(#16245));
#16245 = SURFACE_STYLE_FILL_AREA(#16246);
#16246 = FILL_AREA_STYLE('',(#16247));
#16247 = FILL_AREA_STYLE_COLOUR('',#15952);
#16248 = OVER_RIDING_STYLED_ITEM('overriding color',(#16249),#6066,
  #15937);
#16249 = PRESENTATION_STYLE_ASSIGNMENT((#16250));
#16250 = SURFACE_STYLE_USAGE(.BOTH.,#16251);
#16251 = SURFACE_SIDE_STYLE('',(#16252));
#16252 = SURFACE_STYLE_FILL_AREA(#16253);
#16253 = FILL_AREA_STYLE('',(#16254));
#16254 = FILL_AREA_STYLE_COLOUR('',#15952);
#16255 = OVER_RIDING_STYLED_ITEM('overriding color',(#16256),#6142,
  #15937);
#16256 = PRESENTATION_STYLE_ASSIGNMENT((#16257));
#16257 = SURFACE_STYLE_USAGE(.BOTH.,#16258);
#16258 = SURFACE_SIDE_STYLE('',(#16259));
#16259 = SURFACE_STYLE_FILL_AREA(#16260);
#16260 = FILL_AREA_STYLE('',(#16261));
#16261 = FILL_AREA_STYLE_COLOUR('',#15952);
#16262 = OVER_RIDING_STYLED_ITEM('overriding color',(#16263),#6191,
  #15937);
#16263 = PRESENTATION_STYLE_ASSIGNMENT((#16264));
#16264 = SURFACE_STYLE_USAGE(.BOTH.,#16265);
#16265 = SURFACE_SIDE_STYLE('',(#16266));
#16266 = SURFACE_STYLE_FILL_AREA(#16267);
#16267 = FILL_AREA_STYLE('',(#16268));
#16268 = FILL_AREA_STYLE_COLOUR('',#15952);
#16269 = OVER_RIDING_STYLED_ITEM('overriding color',(#16270),#6239,
  #15937);
#16270 = PRESENTATION_STYLE_ASSIGNMENT((#16271));
#16271 = SURFACE_STYLE_USAGE(.BOTH.,#16272);
#16272 = SURFACE_SIDE_STYLE('',(#16273));
#16273 = SURFACE_STYLE_FILL_AREA(#16274);
#16274 = FILL_AREA_STYLE('',(#16275));
#16275 = FILL_AREA_STYLE_COLOUR('',#15952);
#16276 = OVER_RIDING_STYLED_ITEM('overriding color',(#16277),#6291,
  #15937);
#16277 = PRESENTATION_STYLE_ASSIGNMENT((#16278));
#16278 = SURFACE_STYLE_USAGE(.BOTH.,#16279);
#16279 = SURFACE_SIDE_STYLE('',(#16280));
#16280 = SURFACE_STYLE_FILL_AREA(#16281);
#16281 = FILL_AREA_STYLE('',(#16282));
#16282 = FILL_AREA_STYLE_COLOUR('',#15952);
#16283 = OVER_RIDING_STYLED_ITEM('overriding color',(#16284),#6339,
  #15937);
#16284 = PRESENTATION_STYLE_ASSIGNMENT((#16285));
#16285 = SURFACE_STYLE_USAGE(.BOTH.,#16286);
#16286 = SURFACE_SIDE_STYLE('',(#16287));
#16287 = SURFACE_STYLE_FILL_AREA(#16288);
#16288 = FILL_AREA_STYLE('',(#16289));
#16289 = FILL_AREA_STYLE_COLOUR('',#15952);
#16290 = OVER_RIDING_STYLED_ITEM('overriding color',(#16291),#6403,
  #15937);
#16291 = PRESENTATION_STYLE_ASSIGNMENT((#16292));
#16292 = SURFACE_STYLE_USAGE(.BOTH.,#16293);
#16293 = SURFACE_SIDE_STYLE('',(#16294));
#16294 = SURFACE_STYLE_FILL_AREA(#16295);
#16295 = FILL_AREA_STYLE('',(#16296));
#16296 = FILL_AREA_STYLE_COLOUR('',#15952);
#16297 = OVER_RIDING_STYLED_ITEM('overriding color',(#16298),#6452,
  #15937);
#16298 = PRESENTATION_STYLE_ASSIGNMENT((#16299));
#16299 = SURFACE_STYLE_USAGE(.BOTH.,#16300);
#16300 = SURFACE_SIDE_STYLE('',(#16301));
#16301 = SURFACE_STYLE_FILL_AREA(#16302);
#16302 = FILL_AREA_STYLE('',(#16303));
#16303 = FILL_AREA_STYLE_COLOUR('',#15952);
#16304 = OVER_RIDING_STYLED_ITEM('overriding color',(#16305),#6501,
  #15937);
#16305 = PRESENTATION_STYLE_ASSIGNMENT((#16306));
#16306 = SURFACE_STYLE_USAGE(.BOTH.,#16307);
#16307 = SURFACE_SIDE_STYLE('',(#16308));
#16308 = SURFACE_STYLE_FILL_AREA(#16309);
#16309 = FILL_AREA_STYLE('',(#16310));
#16310 = FILL_AREA_STYLE_COLOUR('',#15952);
#16311 = OVER_RIDING_STYLED_ITEM('overriding color',(#16312),#6550,
  #15937);
#16312 = PRESENTATION_STYLE_ASSIGNMENT((#16313));
#16313 = SURFACE_STYLE_USAGE(.BOTH.,#16314);
#16314 = SURFACE_SIDE_STYLE('',(#16315));
#16315 = SURFACE_STYLE_FILL_AREA(#16316);
#16316 = FILL_AREA_STYLE('',(#16317));
#16317 = FILL_AREA_STYLE_COLOUR('',#15952);
#16318 = OVER_RIDING_STYLED_ITEM('overriding color',(#16319),#6599,
  #15937);
#16319 = PRESENTATION_STYLE_ASSIGNMENT((#16320));
#16320 = SURFACE_STYLE_USAGE(.BOTH.,#16321);
#16321 = SURFACE_SIDE_STYLE('',(#16322));
#16322 = SURFACE_STYLE_FILL_AREA(#16323);
#16323 = FILL_AREA_STYLE('',(#16324));
#16324 = FILL_AREA_STYLE_COLOUR('',#15952);
#16325 = OVER_RIDING_STYLED_ITEM('overriding color',(#16326),#6647,
  #15937);
#16326 = PRESENTATION_STYLE_ASSIGNMENT((#16327));
#16327 = SURFACE_STYLE_USAGE(.BOTH.,#16328);
#16328 = SURFACE_SIDE_STYLE('',(#16329));
#16329 = SURFACE_STYLE_FILL_AREA(#16330);
#16330 = FILL_AREA_STYLE('',(#16331));
#16331 = FILL_AREA_STYLE_COLOUR('',#15952);
#16332 = OVER_RIDING_STYLED_ITEM('overriding color',(#16333),#6711,
  #15937);
#16333 = PRESENTATION_STYLE_ASSIGNMENT((#16334));
#16334 = SURFACE_STYLE_USAGE(.BOTH.,#16335);
#16335 = SURFACE_SIDE_STYLE('',(#16336));
#16336 = SURFACE_STYLE_FILL_AREA(#16337);
#16337 = FILL_AREA_STYLE('',(#16338));
#16338 = FILL_AREA_STYLE_COLOUR('',#15952);
#16339 = OVER_RIDING_STYLED_ITEM('overriding color',(#16340),#6759,
  #15937);
#16340 = PRESENTATION_STYLE_ASSIGNMENT((#16341));
#16341 = SURFACE_STYLE_USAGE(.BOTH.,#16342);
#16342 = SURFACE_SIDE_STYLE('',(#16343));
#16343 = SURFACE_STYLE_FILL_AREA(#16344);
#16344 = FILL_AREA_STYLE('',(#16345));
#16345 = FILL_AREA_STYLE_COLOUR('',#15952);
#16346 = OVER_RIDING_STYLED_ITEM('overriding color',(#16347),#6823,
  #15937);
#16347 = PRESENTATION_STYLE_ASSIGNMENT((#16348));
#16348 = SURFACE_STYLE_USAGE(.BOTH.,#16349);
#16349 = SURFACE_SIDE_STYLE('',(#16350));
#16350 = SURFACE_STYLE_FILL_AREA(#16351);
#16351 = FILL_AREA_STYLE('',(#16352));
#16352 = FILL_AREA_STYLE_COLOUR('',#15952);
#16353 = OVER_RIDING_STYLED_ITEM('overriding color',(#16354),#6872,
  #15937);
#16354 = PRESENTATION_STYLE_ASSIGNMENT((#16355));
#16355 = SURFACE_STYLE_USAGE(.BOTH.,#16356);
#16356 = SURFACE_SIDE_STYLE('',(#16357));
#16357 = SURFACE_STYLE_FILL_AREA(#16358);
#16358 = FILL_AREA_STYLE('',(#16359));
#16359 = FILL_AREA_STYLE_COLOUR('',#15952);
#16360 = OVER_RIDING_STYLED_ITEM('overriding color',(#16361),#6899,
  #15937);
#16361 = PRESENTATION_STYLE_ASSIGNMENT((#16362));
#16362 = SURFACE_STYLE_USAGE(.BOTH.,#16363);
#16363 = SURFACE_SIDE_STYLE('',(#16364));
#16364 = SURFACE_STYLE_FILL_AREA(#16365);
#16365 = FILL_AREA_STYLE('',(#16366));
#16366 = FILL_AREA_STYLE_COLOUR('',#15952);
#16367 = OVER_RIDING_STYLED_ITEM('overriding color',(#16368),#6918,
  #15937);
#16368 = PRESENTATION_STYLE_ASSIGNMENT((#16369));
#16369 = SURFACE_STYLE_USAGE(.BOTH.,#16370);
#16370 = SURFACE_SIDE_STYLE('',(#16371));
#16371 = SURFACE_STYLE_FILL_AREA(#16372);
#16372 = FILL_AREA_STYLE('',(#16373));
#16373 = FILL_AREA_STYLE_COLOUR('',#15952);
#16374 = OVER_RIDING_STYLED_ITEM('overriding color',(#16375),#6994,
  #15937);
#16375 = PRESENTATION_STYLE_ASSIGNMENT((#16376));
#16376 = SURFACE_STYLE_USAGE(.BOTH.,#16377);
#16377 = SURFACE_SIDE_STYLE('',(#16378));
#16378 = SURFACE_STYLE_FILL_AREA(#16379);
#16379 = FILL_AREA_STYLE('',(#16380));
#16380 = FILL_AREA_STYLE_COLOUR('',#15952);
#16381 = OVER_RIDING_STYLED_ITEM('overriding color',(#16382),#7043,
  #15937);
#16382 = PRESENTATION_STYLE_ASSIGNMENT((#16383));
#16383 = SURFACE_STYLE_USAGE(.BOTH.,#16384);
#16384 = SURFACE_SIDE_STYLE('',(#16385));
#16385 = SURFACE_STYLE_FILL_AREA(#16386);
#16386 = FILL_AREA_STYLE('',(#16387));
#16387 = FILL_AREA_STYLE_COLOUR('',#15952);
#16388 = OVER_RIDING_STYLED_ITEM('overriding color',(#16389),#7092,
  #15937);
#16389 = PRESENTATION_STYLE_ASSIGNMENT((#16390));
#16390 = SURFACE_STYLE_USAGE(.BOTH.,#16391);
#16391 = SURFACE_SIDE_STYLE('',(#16392));
#16392 = SURFACE_STYLE_FILL_AREA(#16393);
#16393 = FILL_AREA_STYLE('',(#16394));
#16394 = FILL_AREA_STYLE_COLOUR('',#15952);
#16395 = OVER_RIDING_STYLED_ITEM('overriding color',(#16396),#7141,
  #15937);
#16396 = PRESENTATION_STYLE_ASSIGNMENT((#16397));
#16397 = SURFACE_STYLE_USAGE(.BOTH.,#16398);
#16398 = SURFACE_SIDE_STYLE('',(#16399));
#16399 = SURFACE_STYLE_FILL_AREA(#16400);
#16400 = FILL_AREA_STYLE('',(#16401));
#16401 = FILL_AREA_STYLE_COLOUR('',#15952);
#16402 = OVER_RIDING_STYLED_ITEM('overriding color',(#16403),#7190,
  #15937);
#16403 = PRESENTATION_STYLE_ASSIGNMENT((#16404));
#16404 = SURFACE_STYLE_USAGE(.BOTH.,#16405);
#16405 = SURFACE_SIDE_STYLE('',(#16406));
#16406 = SURFACE_STYLE_FILL_AREA(#16407);
#16407 = FILL_AREA_STYLE('',(#16408));
#16408 = FILL_AREA_STYLE_COLOUR('',#15952);
#16409 = OVER_RIDING_STYLED_ITEM('overriding color',(#16410),#7239,
  #15937);
#16410 = PRESENTATION_STYLE_ASSIGNMENT((#16411));
#16411 = SURFACE_STYLE_USAGE(.BOTH.,#16412);
#16412 = SURFACE_SIDE_STYLE('',(#16413));
#16413 = SURFACE_STYLE_FILL_AREA(#16414);
#16414 = FILL_AREA_STYLE('',(#16415));
#16415 = FILL_AREA_STYLE_COLOUR('',#15952);
#16416 = OVER_RIDING_STYLED_ITEM('overriding color',(#16417),#7288,
  #15937);
#16417 = PRESENTATION_STYLE_ASSIGNMENT((#16418));
#16418 = SURFACE_STYLE_USAGE(.BOTH.,#16419);
#16419 = SURFACE_SIDE_STYLE('',(#16420));
#16420 = SURFACE_STYLE_FILL_AREA(#16421);
#16421 = FILL_AREA_STYLE('',(#16422));
#16422 = FILL_AREA_STYLE_COLOUR('',#15952);
#16423 = OVER_RIDING_STYLED_ITEM('overriding color',(#16424),#7337,
  #15937);
#16424 = PRESENTATION_STYLE_ASSIGNMENT((#16425));
#16425 = SURFACE_STYLE_USAGE(.BOTH.,#16426);
#16426 = SURFACE_SIDE_STYLE('',(#16427));
#16427 = SURFACE_STYLE_FILL_AREA(#16428);
#16428 = FILL_AREA_STYLE('',(#16429));
#16429 = FILL_AREA_STYLE_COLOUR('',#15952);
#16430 = OVER_RIDING_STYLED_ITEM('overriding color',(#16431),#7386,
  #15937);
#16431 = PRESENTATION_STYLE_ASSIGNMENT((#16432));
#16432 = SURFACE_STYLE_USAGE(.BOTH.,#16433);
#16433 = SURFACE_SIDE_STYLE('',(#16434));
#16434 = SURFACE_STYLE_FILL_AREA(#16435);
#16435 = FILL_AREA_STYLE('',(#16436));
#16436 = FILL_AREA_STYLE_COLOUR('',#15952);
#16437 = OVER_RIDING_STYLED_ITEM('overriding color',(#16438),#7413,
  #15937);
#16438 = PRESENTATION_STYLE_ASSIGNMENT((#16439));
#16439 = SURFACE_STYLE_USAGE(.BOTH.,#16440);
#16440 = SURFACE_SIDE_STYLE('',(#16441));
#16441 = SURFACE_STYLE_FILL_AREA(#16442);
#16442 = FILL_AREA_STYLE('',(#16443));
#16443 = FILL_AREA_STYLE_COLOUR('',#15952);
#16444 = OVER_RIDING_STYLED_ITEM('overriding color',(#16445),#7426,
  #15937);
#16445 = PRESENTATION_STYLE_ASSIGNMENT((#16446));
#16446 = SURFACE_STYLE_USAGE(.BOTH.,#16447);
#16447 = SURFACE_SIDE_STYLE('',(#16448));
#16448 = SURFACE_STYLE_FILL_AREA(#16449);
#16449 = FILL_AREA_STYLE('',(#16450));
#16450 = FILL_AREA_STYLE_COLOUR('',#15952);
#16451 = OVER_RIDING_STYLED_ITEM('overriding color',(#16452),#7530,
  #15937);
#16452 = PRESENTATION_STYLE_ASSIGNMENT((#16453));
#16453 = SURFACE_STYLE_USAGE(.BOTH.,#16454);
#16454 = SURFACE_SIDE_STYLE('',(#16455));
#16455 = SURFACE_STYLE_FILL_AREA(#16456);
#16456 = FILL_AREA_STYLE('',(#16457));
#16457 = FILL_AREA_STYLE_COLOUR('',#15952);
#16458 = OVER_RIDING_STYLED_ITEM('overriding color',(#16459),#7609,
  #15937);
#16459 = PRESENTATION_STYLE_ASSIGNMENT((#16460));
#16460 = SURFACE_STYLE_USAGE(.BOTH.,#16461);
#16461 = SURFACE_SIDE_STYLE('',(#16462));
#16462 = SURFACE_STYLE_FILL_AREA(#16463);
#16463 = FILL_AREA_STYLE('',(#16464));
#16464 = FILL_AREA_STYLE_COLOUR('',#15952);
#16465 = OVER_RIDING_STYLED_ITEM('overriding color',(#16466),#7688,
  #15937);
#16466 = PRESENTATION_STYLE_ASSIGNMENT((#16467));
#16467 = SURFACE_STYLE_USAGE(.BOTH.,#16468);
#16468 = SURFACE_SIDE_STYLE('',(#16469));
#16469 = SURFACE_STYLE_FILL_AREA(#16470);
#16470 = FILL_AREA_STYLE('',(#16471));
#16471 = FILL_AREA_STYLE_COLOUR('',#15952);
#16472 = OVER_RIDING_STYLED_ITEM('overriding color',(#16473),#7751,
  #15937);
#16473 = PRESENTATION_STYLE_ASSIGNMENT((#16474));
#16474 = SURFACE_STYLE_USAGE(.BOTH.,#16475);
#16475 = SURFACE_SIDE_STYLE('',(#16476));
#16476 = SURFACE_STYLE_FILL_AREA(#16477);
#16477 = FILL_AREA_STYLE('',(#16478));
#16478 = FILL_AREA_STYLE_COLOUR('',#15952);
#16479 = OVER_RIDING_STYLED_ITEM('overriding color',(#16480),#7803,
  #15937);
#16480 = PRESENTATION_STYLE_ASSIGNMENT((#16481));
#16481 = SURFACE_STYLE_USAGE(.BOTH.,#16482);
#16482 = SURFACE_SIDE_STYLE('',(#16483));
#16483 = SURFACE_STYLE_FILL_AREA(#16484);
#16484 = FILL_AREA_STYLE('',(#16485));
#16485 = FILL_AREA_STYLE_COLOUR('',#15952);
#16486 = OVER_RIDING_STYLED_ITEM('overriding color',(#16487),#7852,
  #15937);
#16487 = PRESENTATION_STYLE_ASSIGNMENT((#16488));
#16488 = SURFACE_STYLE_USAGE(.BOTH.,#16489);
#16489 = SURFACE_SIDE_STYLE('',(#16490));
#16490 = SURFACE_STYLE_FILL_AREA(#16491);
#16491 = FILL_AREA_STYLE('',(#16492));
#16492 = FILL_AREA_STYLE_COLOUR('',#15952);
#16493 = OVER_RIDING_STYLED_ITEM('overriding color',(#16494),#7901,
  #15937);
#16494 = PRESENTATION_STYLE_ASSIGNMENT((#16495));
#16495 = SURFACE_STYLE_USAGE(.BOTH.,#16496);
#16496 = SURFACE_SIDE_STYLE('',(#16497));
#16497 = SURFACE_STYLE_FILL_AREA(#16498);
#16498 = FILL_AREA_STYLE('',(#16499));
#16499 = FILL_AREA_STYLE_COLOUR('',#15952);
#16500 = OVER_RIDING_STYLED_ITEM('overriding color',(#16501),#7949,
  #15937);
#16501 = PRESENTATION_STYLE_ASSIGNMENT((#16502));
#16502 = SURFACE_STYLE_USAGE(.BOTH.,#16503);
#16503 = SURFACE_SIDE_STYLE('',(#16504));
#16504 = SURFACE_STYLE_FILL_AREA(#16505);
#16505 = FILL_AREA_STYLE('',(#16506));
#16506 = FILL_AREA_STYLE_COLOUR('',#15952);
#16507 = OVER_RIDING_STYLED_ITEM('overriding color',(#16508),#7984,
  #15937);
#16508 = PRESENTATION_STYLE_ASSIGNMENT((#16509));
#16509 = SURFACE_STYLE_USAGE(.BOTH.,#16510);
#16510 = SURFACE_SIDE_STYLE('',(#16511));
#16511 = SURFACE_STYLE_FILL_AREA(#16512);
#16512 = FILL_AREA_STYLE('',(#16513));
#16513 = FILL_AREA_STYLE_COLOUR('',#15952);
#16514 = OVER_RIDING_STYLED_ITEM('overriding color',(#16515),#8374,
  #15937);
#16515 = PRESENTATION_STYLE_ASSIGNMENT((#16516));
#16516 = SURFACE_STYLE_USAGE(.BOTH.,#16517);
#16517 = SURFACE_SIDE_STYLE('',(#16518));
#16518 = SURFACE_STYLE_FILL_AREA(#16519);
#16519 = FILL_AREA_STYLE('',(#16520));
#16520 = FILL_AREA_STYLE_COLOUR('',#15952);
#16521 = OVER_RIDING_STYLED_ITEM('overriding color',(#16522),#8478,
  #15937);
#16522 = PRESENTATION_STYLE_ASSIGNMENT((#16523));
#16523 = SURFACE_STYLE_USAGE(.BOTH.,#16524);
#16524 = SURFACE_SIDE_STYLE('',(#16525));
#16525 = SURFACE_STYLE_FILL_AREA(#16526);
#16526 = FILL_AREA_STYLE('',(#16527));
#16527 = FILL_AREA_STYLE_COLOUR('',#15952);
#16528 = OVER_RIDING_STYLED_ITEM('overriding color',(#16529),#8557,
  #15937);
#16529 = PRESENTATION_STYLE_ASSIGNMENT((#16530));
#16530 = SURFACE_STYLE_USAGE(.BOTH.,#16531);
#16531 = SURFACE_SIDE_STYLE('',(#16532));
#16532 = SURFACE_STYLE_FILL_AREA(#16533);
#16533 = FILL_AREA_STYLE('',(#16534));
#16534 = FILL_AREA_STYLE_COLOUR('',#15952);
#16535 = OVER_RIDING_STYLED_ITEM('overriding color',(#16536),#8636,
  #15937);
#16536 = PRESENTATION_STYLE_ASSIGNMENT((#16537));
#16537 = SURFACE_STYLE_USAGE(.BOTH.,#16538);
#16538 = SURFACE_SIDE_STYLE('',(#16539));
#16539 = SURFACE_STYLE_FILL_AREA(#16540);
#16540 = FILL_AREA_STYLE('',(#16541));
#16541 = FILL_AREA_STYLE_COLOUR('',#15952);
#16542 = OVER_RIDING_STYLED_ITEM('overriding color',(#16543),#8695,
  #15937);
#16543 = PRESENTATION_STYLE_ASSIGNMENT((#16544));
#16544 = SURFACE_STYLE_USAGE(.BOTH.,#16545);
#16545 = SURFACE_SIDE_STYLE('',(#16546));
#16546 = SURFACE_STYLE_FILL_AREA(#16547);
#16547 = FILL_AREA_STYLE('',(#16548));
#16548 = FILL_AREA_STYLE_COLOUR('',#15960);
#16549 = OVER_RIDING_STYLED_ITEM('overriding color',(#16550),#8702,
  #15937);
#16550 = PRESENTATION_STYLE_ASSIGNMENT((#16551));
#16551 = SURFACE_STYLE_USAGE(.BOTH.,#16552);
#16552 = SURFACE_SIDE_STYLE('',(#16553));
#16553 = SURFACE_STYLE_FILL_AREA(#16554);
#16554 = FILL_AREA_STYLE('',(#16555));
#16555 = FILL_AREA_STYLE_COLOUR('',#15960);
#16556 = OVER_RIDING_STYLED_ITEM('overriding color',(#16557),#8709,
  #15937);
#16557 = PRESENTATION_STYLE_ASSIGNMENT((#16558));
#16558 = SURFACE_STYLE_USAGE(.BOTH.,#16559);
#16559 = SURFACE_SIDE_STYLE('',(#16560));
#16560 = SURFACE_STYLE_FILL_AREA(#16561);
#16561 = FILL_AREA_STYLE('',(#16562));
#16562 = FILL_AREA_STYLE_COLOUR('',#16563);
#16563 = DRAUGHTING_PRE_DEFINED_COLOUR('yellow');
#16564 = OVER_RIDING_STYLED_ITEM('overriding color',(#16565),#8785,
  #15937);
#16565 = PRESENTATION_STYLE_ASSIGNMENT((#16566));
#16566 = SURFACE_STYLE_USAGE(.BOTH.,#16567);
#16567 = SURFACE_SIDE_STYLE('',(#16568));
#16568 = SURFACE_STYLE_FILL_AREA(#16569);
#16569 = FILL_AREA_STYLE('',(#16570));
#16570 = FILL_AREA_STYLE_COLOUR('',#16563);
#16571 = OVER_RIDING_STYLED_ITEM('overriding color',(#16572),#8834,
  #15937);
#16572 = PRESENTATION_STYLE_ASSIGNMENT((#16573));
#16573 = SURFACE_STYLE_USAGE(.BOTH.,#16574);
#16574 = SURFACE_SIDE_STYLE('',(#16575));
#16575 = SURFACE_STYLE_FILL_AREA(#16576);
#16576 = FILL_AREA_STYLE('',(#16577));
#16577 = FILL_AREA_STYLE_COLOUR('',#16563);
#16578 = OVER_RIDING_STYLED_ITEM('overriding color',(#16579),#8883,
  #15937);
#16579 = PRESENTATION_STYLE_ASSIGNMENT((#16580));
#16580 = SURFACE_STYLE_USAGE(.BOTH.,#16581);
#16581 = SURFACE_SIDE_STYLE('',(#16582));
#16582 = SURFACE_STYLE_FILL_AREA(#16583);
#16583 = FILL_AREA_STYLE('',(#16584));
#16584 = FILL_AREA_STYLE_COLOUR('',#16563);
#16585 = OVER_RIDING_STYLED_ITEM('overriding color',(#16586),#8910,
  #15937);
#16586 = PRESENTATION_STYLE_ASSIGNMENT((#16587));
#16587 = SURFACE_STYLE_USAGE(.BOTH.,#16588);
#16588 = SURFACE_SIDE_STYLE('',(#16589));
#16589 = SURFACE_STYLE_FILL_AREA(#16590);
#16590 = FILL_AREA_STYLE('',(#16591));
#16591 = FILL_AREA_STYLE_COLOUR('',#16563);
#16592 = OVER_RIDING_STYLED_ITEM('overriding color',(#16593),#8917,
  #15937);
#16593 = PRESENTATION_STYLE_ASSIGNMENT((#16594));
#16594 = SURFACE_STYLE_USAGE(.BOTH.,#16595);
#16595 = SURFACE_SIDE_STYLE('',(#16596));
#16596 = SURFACE_STYLE_FILL_AREA(#16597);
#16597 = FILL_AREA_STYLE('',(#16598));
#16598 = FILL_AREA_STYLE_COLOUR('',#16563);
#16599 = OVER_RIDING_STYLED_ITEM('overriding color',(#16600),#8993,
  #15937);
#16600 = PRESENTATION_STYLE_ASSIGNMENT((#16601));
#16601 = SURFACE_STYLE_USAGE(.BOTH.,#16602);
#16602 = SURFACE_SIDE_STYLE('',(#16603));
#16603 = SURFACE_STYLE_FILL_AREA(#16604);
#16604 = FILL_AREA_STYLE('',(#16605));
#16605 = FILL_AREA_STYLE_COLOUR('',#16563);
#16606 = OVER_RIDING_STYLED_ITEM('overriding color',(#16607),#9042,
  #15937);
#16607 = PRESENTATION_STYLE_ASSIGNMENT((#16608));
#16608 = SURFACE_STYLE_USAGE(.BOTH.,#16609);
#16609 = SURFACE_SIDE_STYLE('',(#16610));
#16610 = SURFACE_STYLE_FILL_AREA(#16611);
#16611 = FILL_AREA_STYLE('',(#16612));
#16612 = FILL_AREA_STYLE_COLOUR('',#16563);
#16613 = OVER_RIDING_STYLED_ITEM('overriding color',(#16614),#9091,
  #15937);
#16614 = PRESENTATION_STYLE_ASSIGNMENT((#16615));
#16615 = SURFACE_STYLE_USAGE(.BOTH.,#16616);
#16616 = SURFACE_SIDE_STYLE('',(#16617));
#16617 = SURFACE_STYLE_FILL_AREA(#16618);
#16618 = FILL_AREA_STYLE('',(#16619));
#16619 = FILL_AREA_STYLE_COLOUR('',#16563);
#16620 = OVER_RIDING_STYLED_ITEM('overriding color',(#16621),#9118,
  #15937);
#16621 = PRESENTATION_STYLE_ASSIGNMENT((#16622));
#16622 = SURFACE_STYLE_USAGE(.BOTH.,#16623);
#16623 = SURFACE_SIDE_STYLE('',(#16624));
#16624 = SURFACE_STYLE_FILL_AREA(#16625);
#16625 = FILL_AREA_STYLE('',(#16626));
#16626 = FILL_AREA_STYLE_COLOUR('',#16563);
#16627 = STYLED_ITEM('color',(#16628),#9125);
#16628 = PRESENTATION_STYLE_ASSIGNMENT((#16629));
#16629 = SURFACE_STYLE_USAGE(.BOTH.,#16630);
#16630 = SURFACE_SIDE_STYLE('',(#16631));
#16631 = SURFACE_STYLE_FILL_AREA(#16632);
#16632 = FILL_AREA_STYLE('',(#16633));
#16633 = FILL_AREA_STYLE_COLOUR('',#15944);
#16634 = OVER_RIDING_STYLED_ITEM('overriding color',(#16635),#9127,
  #16627);
#16635 = PRESENTATION_STYLE_ASSIGNMENT((#16636));
#16636 = SURFACE_STYLE_USAGE(.BOTH.,#16637);
#16637 = SURFACE_SIDE_STYLE('',(#16638));
#16638 = SURFACE_STYLE_FILL_AREA(#16639);
#16639 = FILL_AREA_STYLE('',(#16640));
#16640 = FILL_AREA_STYLE_COLOUR('',#16641);
#16641 = COLOUR_RGB('',0.768627468855,0.768627468855,0.768627468855);
#16642 = OVER_RIDING_STYLED_ITEM('overriding color',(#16643),#9247,
  #16627);
#16643 = PRESENTATION_STYLE_ASSIGNMENT((#16644));
#16644 = SURFACE_STYLE_USAGE(.BOTH.,#16645);
#16645 = SURFACE_SIDE_STYLE('',(#16646));
#16646 = SURFACE_STYLE_FILL_AREA(#16647);
#16647 = FILL_AREA_STYLE('',(#16648));
#16648 = FILL_AREA_STYLE_COLOUR('',#16641);
#16649 = OVER_RIDING_STYLED_ITEM('overriding color',(#16650),#9333,
  #16627);
#16650 = PRESENTATION_STYLE_ASSIGNMENT((#16651));
#16651 = SURFACE_STYLE_USAGE(.BOTH.,#16652);
#16652 = SURFACE_SIDE_STYLE('',(#16653));
#16653 = SURFACE_STYLE_FILL_AREA(#16654);
#16654 = FILL_AREA_STYLE('',(#16655));
#16655 = FILL_AREA_STYLE_COLOUR('',#16641);
#16656 = OVER_RIDING_STYLED_ITEM('overriding color',(#16657),#9404,
  #16627);
#16657 = PRESENTATION_STYLE_ASSIGNMENT((#16658));
#16658 = SURFACE_STYLE_USAGE(.BOTH.,#16659);
#16659 = SURFACE_SIDE_STYLE('',(#16660));
#16660 = SURFACE_STYLE_FILL_AREA(#16661);
#16661 = FILL_AREA_STYLE('',(#16662));
#16662 = FILL_AREA_STYLE_COLOUR('',#16641);
#16663 = OVER_RIDING_STYLED_ITEM('overriding color',(#16664),#9451,
  #16627);
#16664 = PRESENTATION_STYLE_ASSIGNMENT((#16665));
#16665 = SURFACE_STYLE_USAGE(.BOTH.,#16666);
#16666 = SURFACE_SIDE_STYLE('',(#16667));
#16667 = SURFACE_STYLE_FILL_AREA(#16668);
#16668 = FILL_AREA_STYLE('',(#16669));
#16669 = FILL_AREA_STYLE_COLOUR('',#16641);
#16670 = OVER_RIDING_STYLED_ITEM('overriding color',(#16671),#9458,
  #16627);
#16671 = PRESENTATION_STYLE_ASSIGNMENT((#16672));
#16672 = SURFACE_STYLE_USAGE(.BOTH.,#16673);
#16673 = SURFACE_SIDE_STYLE('',(#16674));
#16674 = SURFACE_STYLE_FILL_AREA(#16675);
#16675 = FILL_AREA_STYLE('',(#16676));
#16676 = FILL_AREA_STYLE_COLOUR('',#16641);
#16677 = STYLED_ITEM('color',(#16678),#9465);
#16678 = PRESENTATION_STYLE_ASSIGNMENT((#16679));
#16679 = SURFACE_STYLE_USAGE(.BOTH.,#16680);
#16680 = SURFACE_SIDE_STYLE('',(#16681));
#16681 = SURFACE_STYLE_FILL_AREA(#16682);
#16682 = FILL_AREA_STYLE('',(#16683));
#16683 = FILL_AREA_STYLE_COLOUR('',#15944);
#16684 = OVER_RIDING_STYLED_ITEM('overriding color',(#16685),#9467,
  #16677);
#16685 = PRESENTATION_STYLE_ASSIGNMENT((#16686));
#16686 = SURFACE_STYLE_USAGE(.BOTH.,#16687);
#16687 = SURFACE_SIDE_STYLE('',(#16688));
#16688 = SURFACE_STYLE_FILL_AREA(#16689);
#16689 = FILL_AREA_STYLE('',(#16690));
#16690 = FILL_AREA_STYLE_COLOUR('',#16641);
#16691 = OVER_RIDING_STYLED_ITEM('overriding color',(#16692),#9587,
  #16677);
#16692 = PRESENTATION_STYLE_ASSIGNMENT((#16693));
#16693 = SURFACE_STYLE_USAGE(.BOTH.,#16694);
#16694 = SURFACE_SIDE_STYLE('',(#16695));
#16695 = SURFACE_STYLE_FILL_AREA(#16696);
#16696 = FILL_AREA_STYLE('',(#16697));
#16697 = FILL_AREA_STYLE_COLOUR('',#16641);
#16698 = OVER_RIDING_STYLED_ITEM('overriding color',(#16699),#9673,
  #16677);
#16699 = PRESENTATION_STYLE_ASSIGNMENT((#16700));
#16700 = SURFACE_STYLE_USAGE(.BOTH.,#16701);
#16701 = SURFACE_SIDE_STYLE('',(#16702));
#16702 = SURFACE_STYLE_FILL_AREA(#16703);
#16703 = FILL_AREA_STYLE('',(#16704));
#16704 = FILL_AREA_STYLE_COLOUR('',#16641);
#16705 = OVER_RIDING_STYLED_ITEM('overriding color',(#16706),#9744,
  #16677);
#16706 = PRESENTATION_STYLE_ASSIGNMENT((#16707));
#16707 = SURFACE_STYLE_USAGE(.BOTH.,#16708);
#16708 = SURFACE_SIDE_STYLE('',(#16709));
#16709 = SURFACE_STYLE_FILL_AREA(#16710);
#16710 = FILL_AREA_STYLE('',(#16711));
#16711 = FILL_AREA_STYLE_COLOUR('',#16641);
#16712 = OVER_RIDING_STYLED_ITEM('overriding color',(#16713),#9791,
  #16677);
#16713 = PRESENTATION_STYLE_ASSIGNMENT((#16714));
#16714 = SURFACE_STYLE_USAGE(.BOTH.,#16715);
#16715 = SURFACE_SIDE_STYLE('',(#16716));
#16716 = SURFACE_STYLE_FILL_AREA(#16717);
#16717 = FILL_AREA_STYLE('',(#16718));
#16718 = FILL_AREA_STYLE_COLOUR('',#16641);
#16719 = OVER_RIDING_STYLED_ITEM('overriding color',(#16720),#9798,
  #16677);
#16720 = PRESENTATION_STYLE_ASSIGNMENT((#16721));
#16721 = SURFACE_STYLE_USAGE(.BOTH.,#16722);
#16722 = SURFACE_SIDE_STYLE('',(#16723));
#16723 = SURFACE_STYLE_FILL_AREA(#16724);
#16724 = FILL_AREA_STYLE('',(#16725));
#16725 = FILL_AREA_STYLE_COLOUR('',#16641);
#16726 = STYLED_ITEM('color',(#16727),#9805);
#16727 = PRESENTATION_STYLE_ASSIGNMENT((#16728));
#16728 = SURFACE_STYLE_USAGE(.BOTH.,#16729);
#16729 = SURFACE_SIDE_STYLE('',(#16730));
#16730 = SURFACE_STYLE_FILL_AREA(#16731);
#16731 = FILL_AREA_STYLE('',(#16732));
#16732 = FILL_AREA_STYLE_COLOUR('',#15944);
#16733 = OVER_RIDING_STYLED_ITEM('overriding color',(#16734),#9807,
  #16726);
#16734 = PRESENTATION_STYLE_ASSIGNMENT((#16735));
#16735 = SURFACE_STYLE_USAGE(.BOTH.,#16736);
#16736 = SURFACE_SIDE_STYLE('',(#16737));
#16737 = SURFACE_STYLE_FILL_AREA(#16738);
#16738 = FILL_AREA_STYLE('',(#16739));
#16739 = FILL_AREA_STYLE_COLOUR('',#16641);
#16740 = OVER_RIDING_STYLED_ITEM('overriding color',(#16741),#9927,
  #16726);
#16741 = PRESENTATION_STYLE_ASSIGNMENT((#16742));
#16742 = SURFACE_STYLE_USAGE(.BOTH.,#16743);
#16743 = SURFACE_SIDE_STYLE('',(#16744));
#16744 = SURFACE_STYLE_FILL_AREA(#16745);
#16745 = FILL_AREA_STYLE('',(#16746));
#16746 = FILL_AREA_STYLE_COLOUR('',#16641);
#16747 = OVER_RIDING_STYLED_ITEM('overriding color',(#16748),#10013,
  #16726);
#16748 = PRESENTATION_STYLE_ASSIGNMENT((#16749));
#16749 = SURFACE_STYLE_USAGE(.BOTH.,#16750);
#16750 = SURFACE_SIDE_STYLE('',(#16751));
#16751 = SURFACE_STYLE_FILL_AREA(#16752);
#16752 = FILL_AREA_STYLE('',(#16753));
#16753 = FILL_AREA_STYLE_COLOUR('',#16641);
#16754 = OVER_RIDING_STYLED_ITEM('overriding color',(#16755),#10084,
  #16726);
#16755 = PRESENTATION_STYLE_ASSIGNMENT((#16756));
#16756 = SURFACE_STYLE_USAGE(.BOTH.,#16757);
#16757 = SURFACE_SIDE_STYLE('',(#16758));
#16758 = SURFACE_STYLE_FILL_AREA(#16759);
#16759 = FILL_AREA_STYLE('',(#16760));
#16760 = FILL_AREA_STYLE_COLOUR('',#16641);
#16761 = OVER_RIDING_STYLED_ITEM('overriding color',(#16762),#10131,
  #16726);
#16762 = PRESENTATION_STYLE_ASSIGNMENT((#16763));
#16763 = SURFACE_STYLE_USAGE(.BOTH.,#16764);
#16764 = SURFACE_SIDE_STYLE('',(#16765));
#16765 = SURFACE_STYLE_FILL_AREA(#16766);
#16766 = FILL_AREA_STYLE('',(#16767));
#16767 = FILL_AREA_STYLE_COLOUR('',#16641);
#16768 = OVER_RIDING_STYLED_ITEM('overriding color',(#16769),#10138,
  #16726);
#16769 = PRESENTATION_STYLE_ASSIGNMENT((#16770));
#16770 = SURFACE_STYLE_USAGE(.BOTH.,#16771);
#16771 = SURFACE_SIDE_STYLE('',(#16772));
#16772 = SURFACE_STYLE_FILL_AREA(#16773);
#16773 = FILL_AREA_STYLE('',(#16774));
#16774 = FILL_AREA_STYLE_COLOUR('',#16641);
#16775 = STYLED_ITEM('color',(#16776),#10145);
#16776 = PRESENTATION_STYLE_ASSIGNMENT((#16777));
#16777 = SURFACE_STYLE_USAGE(.BOTH.,#16778);
#16778 = SURFACE_SIDE_STYLE('',(#16779));
#16779 = SURFACE_STYLE_FILL_AREA(#16780);
#16780 = FILL_AREA_STYLE('',(#16781));
#16781 = FILL_AREA_STYLE_COLOUR('',#15944);
#16782 = OVER_RIDING_STYLED_ITEM('overriding color',(#16783),#10147,
  #16775);
#16783 = PRESENTATION_STYLE_ASSIGNMENT((#16784));
#16784 = SURFACE_STYLE_USAGE(.BOTH.,#16785);
#16785 = SURFACE_SIDE_STYLE('',(#16786));
#16786 = SURFACE_STYLE_FILL_AREA(#16787);
#16787 = FILL_AREA_STYLE('',(#16788));
#16788 = FILL_AREA_STYLE_COLOUR('',#16641);
#16789 = OVER_RIDING_STYLED_ITEM('overriding color',(#16790),#10267,
  #16775);
#16790 = PRESENTATION_STYLE_ASSIGNMENT((#16791));
#16791 = SURFACE_STYLE_USAGE(.BOTH.,#16792);
#16792 = SURFACE_SIDE_STYLE('',(#16793));
#16793 = SURFACE_STYLE_FILL_AREA(#16794);
#16794 = FILL_AREA_STYLE('',(#16795));
#16795 = FILL_AREA_STYLE_COLOUR('',#16641);
#16796 = OVER_RIDING_STYLED_ITEM('overriding color',(#16797),#10353,
  #16775);
#16797 = PRESENTATION_STYLE_ASSIGNMENT((#16798));
#16798 = SURFACE_STYLE_USAGE(.BOTH.,#16799);
#16799 = SURFACE_SIDE_STYLE('',(#16800));
#16800 = SURFACE_STYLE_FILL_AREA(#16801);
#16801 = FILL_AREA_STYLE('',(#16802));
#16802 = FILL_AREA_STYLE_COLOUR('',#16641);
#16803 = OVER_RIDING_STYLED_ITEM('overriding color',(#16804),#10424,
  #16775);
#16804 = PRESENTATION_STYLE_ASSIGNMENT((#16805));
#16805 = SURFACE_STYLE_USAGE(.BOTH.,#16806);
#16806 = SURFACE_SIDE_STYLE('',(#16807));
#16807 = SURFACE_STYLE_FILL_AREA(#16808);
#16808 = FILL_AREA_STYLE('',(#16809));
#16809 = FILL_AREA_STYLE_COLOUR('',#16641);
#16810 = OVER_RIDING_STYLED_ITEM('overriding color',(#16811),#10471,
  #16775);
#16811 = PRESENTATION_STYLE_ASSIGNMENT((#16812));
#16812 = SURFACE_STYLE_USAGE(.BOTH.,#16813);
#16813 = SURFACE_SIDE_STYLE('',(#16814));
#16814 = SURFACE_STYLE_FILL_AREA(#16815);
#16815 = FILL_AREA_STYLE('',(#16816));
#16816 = FILL_AREA_STYLE_COLOUR('',#16641);
#16817 = OVER_RIDING_STYLED_ITEM('overriding color',(#16818),#10478,
  #16775);
#16818 = PRESENTATION_STYLE_ASSIGNMENT((#16819));
#16819 = SURFACE_STYLE_USAGE(.BOTH.,#16820);
#16820 = SURFACE_SIDE_STYLE('',(#16821));
#16821 = SURFACE_STYLE_FILL_AREA(#16822);
#16822 = FILL_AREA_STYLE('',(#16823));
#16823 = FILL_AREA_STYLE_COLOUR('',#16641);
#16824 = STYLED_ITEM('color',(#16825),#10485);
#16825 = PRESENTATION_STYLE_ASSIGNMENT((#16826));
#16826 = SURFACE_STYLE_USAGE(.BOTH.,#16827);
#16827 = SURFACE_SIDE_STYLE('',(#16828));
#16828 = SURFACE_STYLE_FILL_AREA(#16829);
#16829 = FILL_AREA_STYLE('',(#16830));
#16830 = FILL_AREA_STYLE_COLOUR('',#15944);
#16831 = OVER_RIDING_STYLED_ITEM('overriding color',(#16832),#10487,
  #16824);
#16832 = PRESENTATION_STYLE_ASSIGNMENT((#16833));
#16833 = SURFACE_STYLE_USAGE(.BOTH.,#16834);
#16834 = SURFACE_SIDE_STYLE('',(#16835));
#16835 = SURFACE_STYLE_FILL_AREA(#16836);
#16836 = FILL_AREA_STYLE('',(#16837));
#16837 = FILL_AREA_STYLE_COLOUR('',#16641);
#16838 = OVER_RIDING_STYLED_ITEM('overriding color',(#16839),#10607,
  #16824);
#16839 = PRESENTATION_STYLE_ASSIGNMENT((#16840));
#16840 = SURFACE_STYLE_USAGE(.BOTH.,#16841);
#16841 = SURFACE_SIDE_STYLE('',(#16842));
#16842 = SURFACE_STYLE_FILL_AREA(#16843);
#16843 = FILL_AREA_STYLE('',(#16844));
#16844 = FILL_AREA_STYLE_COLOUR('',#16641);
#16845 = OVER_RIDING_STYLED_ITEM('overriding color',(#16846),#10693,
  #16824);
#16846 = PRESENTATION_STYLE_ASSIGNMENT((#16847));
#16847 = SURFACE_STYLE_USAGE(.BOTH.,#16848);
#16848 = SURFACE_SIDE_STYLE('',(#16849));
#16849 = SURFACE_STYLE_FILL_AREA(#16850);
#16850 = FILL_AREA_STYLE('',(#16851));
#16851 = FILL_AREA_STYLE_COLOUR('',#16641);
#16852 = OVER_RIDING_STYLED_ITEM('overriding color',(#16853),#10764,
  #16824);
#16853 = PRESENTATION_STYLE_ASSIGNMENT((#16854));
#16854 = SURFACE_STYLE_USAGE(.BOTH.,#16855);
#16855 = SURFACE_SIDE_STYLE('',(#16856));
#16856 = SURFACE_STYLE_FILL_AREA(#16857);
#16857 = FILL_AREA_STYLE('',(#16858));
#16858 = FILL_AREA_STYLE_COLOUR('',#16641);
#16859 = OVER_RIDING_STYLED_ITEM('overriding color',(#16860),#10811,
  #16824);
#16860 = PRESENTATION_STYLE_ASSIGNMENT((#16861));
#16861 = SURFACE_STYLE_USAGE(.BOTH.,#16862);
#16862 = SURFACE_SIDE_STYLE('',(#16863));
#16863 = SURFACE_STYLE_FILL_AREA(#16864);
#16864 = FILL_AREA_STYLE('',(#16865));
#16865 = FILL_AREA_STYLE_COLOUR('',#16641);
#16866 = OVER_RIDING_STYLED_ITEM('overriding color',(#16867),#10818,
  #16824);
#16867 = PRESENTATION_STYLE_ASSIGNMENT((#16868));
#16868 = SURFACE_STYLE_USAGE(.BOTH.,#16869);
#16869 = SURFACE_SIDE_STYLE('',(#16870));
#16870 = SURFACE_STYLE_FILL_AREA(#16871);
#16871 = FILL_AREA_STYLE('',(#16872));
#16872 = FILL_AREA_STYLE_COLOUR('',#16641);
#16873 = STYLED_ITEM('color',(#16874),#10825);
#16874 = PRESENTATION_STYLE_ASSIGNMENT((#16875));
#16875 = SURFACE_STYLE_USAGE(.BOTH.,#16876);
#16876 = SURFACE_SIDE_STYLE('',(#16877));
#16877 = SURFACE_STYLE_FILL_AREA(#16878);
#16878 = FILL_AREA_STYLE('',(#16879));
#16879 = FILL_AREA_STYLE_COLOUR('',#15944);
#16880 = OVER_RIDING_STYLED_ITEM('overriding color',(#16881),#10827,
  #16873);
#16881 = PRESENTATION_STYLE_ASSIGNMENT((#16882));
#16882 = SURFACE_STYLE_USAGE(.BOTH.,#16883);
#16883 = SURFACE_SIDE_STYLE('',(#16884));
#16884 = SURFACE_STYLE_FILL_AREA(#16885);
#16885 = FILL_AREA_STYLE('',(#16886));
#16886 = FILL_AREA_STYLE_COLOUR('',#16641);
#16887 = OVER_RIDING_STYLED_ITEM('overriding color',(#16888),#10947,
  #16873);
#16888 = PRESENTATION_STYLE_ASSIGNMENT((#16889));
#16889 = SURFACE_STYLE_USAGE(.BOTH.,#16890);
#16890 = SURFACE_SIDE_STYLE('',(#16891));
#16891 = SURFACE_STYLE_FILL_AREA(#16892);
#16892 = FILL_AREA_STYLE('',(#16893));
#16893 = FILL_AREA_STYLE_COLOUR('',#16641);
#16894 = OVER_RIDING_STYLED_ITEM('overriding color',(#16895),#11033,
  #16873);
#16895 = PRESENTATION_STYLE_ASSIGNMENT((#16896));
#16896 = SURFACE_STYLE_USAGE(.BOTH.,#16897);
#16897 = SURFACE_SIDE_STYLE('',(#16898));
#16898 = SURFACE_STYLE_FILL_AREA(#16899);
#16899 = FILL_AREA_STYLE('',(#16900));
#16900 = FILL_AREA_STYLE_COLOUR('',#16641);
#16901 = OVER_RIDING_STYLED_ITEM('overriding color',(#16902),#11104,
  #16873);
#16902 = PRESENTATION_STYLE_ASSIGNMENT((#16903));
#16903 = SURFACE_STYLE_USAGE(.BOTH.,#16904);
#16904 = SURFACE_SIDE_STYLE('',(#16905));
#16905 = SURFACE_STYLE_FILL_AREA(#16906);
#16906 = FILL_AREA_STYLE('',(#16907));
#16907 = FILL_AREA_STYLE_COLOUR('',#16641);
#16908 = OVER_RIDING_STYLED_ITEM('overriding color',(#16909),#11151,
  #16873);
#16909 = PRESENTATION_STYLE_ASSIGNMENT((#16910));
#16910 = SURFACE_STYLE_USAGE(.BOTH.,#16911);
#16911 = SURFACE_SIDE_STYLE('',(#16912));
#16912 = SURFACE_STYLE_FILL_AREA(#16913);
#16913 = FILL_AREA_STYLE('',(#16914));
#16914 = FILL_AREA_STYLE_COLOUR('',#16641);
#16915 = OVER_RIDING_STYLED_ITEM('overriding color',(#16916),#11158,
  #16873);
#16916 = PRESENTATION_STYLE_ASSIGNMENT((#16917));
#16917 = SURFACE_STYLE_USAGE(.BOTH.,#16918);
#16918 = SURFACE_SIDE_STYLE('',(#16919));
#16919 = SURFACE_STYLE_FILL_AREA(#16920);
#16920 = FILL_AREA_STYLE('',(#16921));
#16921 = FILL_AREA_STYLE_COLOUR('',#16641);
#16922 = STYLED_ITEM('color',(#16923),#11165);
#16923 = PRESENTATION_STYLE_ASSIGNMENT((#16924));
#16924 = SURFACE_STYLE_USAGE(.BOTH.,#16925);
#16925 = SURFACE_SIDE_STYLE('',(#16926));
#16926 = SURFACE_STYLE_FILL_AREA(#16927);
#16927 = FILL_AREA_STYLE('',(#16928));
#16928 = FILL_AREA_STYLE_COLOUR('',#15944);
#16929 = OVER_RIDING_STYLED_ITEM('overriding color',(#16930),#11167,
  #16922);
#16930 = PRESENTATION_STYLE_ASSIGNMENT((#16931));
#16931 = SURFACE_STYLE_USAGE(.BOTH.,#16932);
#16932 = SURFACE_SIDE_STYLE('',(#16933));
#16933 = SURFACE_STYLE_FILL_AREA(#16934);
#16934 = FILL_AREA_STYLE('',(#16935));
#16935 = FILL_AREA_STYLE_COLOUR('',#16641);
#16936 = OVER_RIDING_STYLED_ITEM('overriding color',(#16937),#11287,
  #16922);
#16937 = PRESENTATION_STYLE_ASSIGNMENT((#16938));
#16938 = SURFACE_STYLE_USAGE(.BOTH.,#16939);
#16939 = SURFACE_SIDE_STYLE('',(#16940));
#16940 = SURFACE_STYLE_FILL_AREA(#16941);
#16941 = FILL_AREA_STYLE('',(#16942));
#16942 = FILL_AREA_STYLE_COLOUR('',#16641);
#16943 = OVER_RIDING_STYLED_ITEM('overriding color',(#16944),#11373,
  #16922);
#16944 = PRESENTATION_STYLE_ASSIGNMENT((#16945));
#16945 = SURFACE_STYLE_USAGE(.BOTH.,#16946);
#16946 = SURFACE_SIDE_STYLE('',(#16947));
#16947 = SURFACE_STYLE_FILL_AREA(#16948);
#16948 = FILL_AREA_STYLE('',(#16949));
#16949 = FILL_AREA_STYLE_COLOUR('',#16641);
#16950 = OVER_RIDING_STYLED_ITEM('overriding color',(#16951),#11444,
  #16922);
#16951 = PRESENTATION_STYLE_ASSIGNMENT((#16952));
#16952 = SURFACE_STYLE_USAGE(.BOTH.,#16953);
#16953 = SURFACE_SIDE_STYLE('',(#16954));
#16954 = SURFACE_STYLE_FILL_AREA(#16955);
#16955 = FILL_AREA_STYLE('',(#16956));
#16956 = FILL_AREA_STYLE_COLOUR('',#16641);
#16957 = OVER_RIDING_STYLED_ITEM('overriding color',(#16958),#11491,
  #16922);
#16958 = PRESENTATION_STYLE_ASSIGNMENT((#16959));
#16959 = SURFACE_STYLE_USAGE(.BOTH.,#16960);
#16960 = SURFACE_SIDE_STYLE('',(#16961));
#16961 = SURFACE_STYLE_FILL_AREA(#16962);
#16962 = FILL_AREA_STYLE('',(#16963));
#16963 = FILL_AREA_STYLE_COLOUR('',#16641);
#16964 = OVER_RIDING_STYLED_ITEM('overriding color',(#16965),#11498,
  #16922);
#16965 = PRESENTATION_STYLE_ASSIGNMENT((#16966));
#16966 = SURFACE_STYLE_USAGE(.BOTH.,#16967);
#16967 = SURFACE_SIDE_STYLE('',(#16968));
#16968 = SURFACE_STYLE_FILL_AREA(#16969);
#16969 = FILL_AREA_STYLE('',(#16970));
#16970 = FILL_AREA_STYLE_COLOUR('',#16641);
#16971 = STYLED_ITEM('color',(#16972),#11505);
#16972 = PRESENTATION_STYLE_ASSIGNMENT((#16973));
#16973 = SURFACE_STYLE_USAGE(.BOTH.,#16974);
#16974 = SURFACE_SIDE_STYLE('',(#16975));
#16975 = SURFACE_STYLE_FILL_AREA(#16976);
#16976 = FILL_AREA_STYLE('',(#16977));
#16977 = FILL_AREA_STYLE_COLOUR('',#15944);
#16978 = OVER_RIDING_STYLED_ITEM('overriding color',(#16979),#11507,
  #16971);
#16979 = PRESENTATION_STYLE_ASSIGNMENT((#16980));
#16980 = SURFACE_STYLE_USAGE(.BOTH.,#16981);
#16981 = SURFACE_SIDE_STYLE('',(#16982));
#16982 = SURFACE_STYLE_FILL_AREA(#16983);
#16983 = FILL_AREA_STYLE('',(#16984));
#16984 = FILL_AREA_STYLE_COLOUR('',#16641);
#16985 = OVER_RIDING_STYLED_ITEM('overriding color',(#16986),#11627,
  #16971);
#16986 = PRESENTATION_STYLE_ASSIGNMENT((#16987));
#16987 = SURFACE_STYLE_USAGE(.BOTH.,#16988);
#16988 = SURFACE_SIDE_STYLE('',(#16989));
#16989 = SURFACE_STYLE_FILL_AREA(#16990);
#16990 = FILL_AREA_STYLE('',(#16991));
#16991 = FILL_AREA_STYLE_COLOUR('',#16641);
#16992 = OVER_RIDING_STYLED_ITEM('overriding color',(#16993),#11713,
  #16971);
#16993 = PRESENTATION_STYLE_ASSIGNMENT((#16994));
#16994 = SURFACE_STYLE_USAGE(.BOTH.,#16995);
#16995 = SURFACE_SIDE_STYLE('',(#16996));
#16996 = SURFACE_STYLE_FILL_AREA(#16997);
#16997 = FILL_AREA_STYLE('',(#16998));
#16998 = FILL_AREA_STYLE_COLOUR('',#16641);
#16999 = OVER_RIDING_STYLED_ITEM('overriding color',(#17000),#11784,
  #16971);
#17000 = PRESENTATION_STYLE_ASSIGNMENT((#17001));
#17001 = SURFACE_STYLE_USAGE(.BOTH.,#17002);
#17002 = SURFACE_SIDE_STYLE('',(#17003));
#17003 = SURFACE_STYLE_FILL_AREA(#17004);
#17004 = FILL_AREA_STYLE('',(#17005));
#17005 = FILL_AREA_STYLE_COLOUR('',#16641);
#17006 = OVER_RIDING_STYLED_ITEM('overriding color',(#17007),#11831,
  #16971);
#17007 = PRESENTATION_STYLE_ASSIGNMENT((#17008));
#17008 = SURFACE_STYLE_USAGE(.BOTH.,#17009);
#17009 = SURFACE_SIDE_STYLE('',(#17010));
#17010 = SURFACE_STYLE_FILL_AREA(#17011);
#17011 = FILL_AREA_STYLE('',(#17012));
#17012 = FILL_AREA_STYLE_COLOUR('',#16641);
#17013 = OVER_RIDING_STYLED_ITEM('overriding color',(#17014),#11838,
  #16971);
#17014 = PRESENTATION_STYLE_ASSIGNMENT((#17015));
#17015 = SURFACE_STYLE_USAGE(.BOTH.,#17016);
#17016 = SURFACE_SIDE_STYLE('',(#17017));
#17017 = SURFACE_STYLE_FILL_AREA(#17018);
#17018 = FILL_AREA_STYLE('',(#17019));
#17019 = FILL_AREA_STYLE_COLOUR('',#16641);
#17020 = STYLED_ITEM('color',(#17021),#11845);
#17021 = PRESENTATION_STYLE_ASSIGNMENT((#17022));
#17022 = SURFACE_STYLE_USAGE(.BOTH.,#17023);
#17023 = SURFACE_SIDE_STYLE('',(#17024));
#17024 = SURFACE_STYLE_FILL_AREA(#17025);
#17025 = FILL_AREA_STYLE('',(#17026));
#17026 = FILL_AREA_STYLE_COLOUR('',#15944);
#17027 = OVER_RIDING_STYLED_ITEM('overriding color',(#17028),#11847,
  #17020);
#17028 = PRESENTATION_STYLE_ASSIGNMENT((#17029));
#17029 = SURFACE_STYLE_USAGE(.BOTH.,#17030);
#17030 = SURFACE_SIDE_STYLE('',(#17031));
#17031 = SURFACE_STYLE_FILL_AREA(#17032);
#17032 = FILL_AREA_STYLE('',(#17033));
#17033 = FILL_AREA_STYLE_COLOUR('',#16641);
#17034 = OVER_RIDING_STYLED_ITEM('overriding color',(#17035),#11967,
  #17020);
#17035 = PRESENTATION_STYLE_ASSIGNMENT((#17036));
#17036 = SURFACE_STYLE_USAGE(.BOTH.,#17037);
#17037 = SURFACE_SIDE_STYLE('',(#17038));
#17038 = SURFACE_STYLE_FILL_AREA(#17039);
#17039 = FILL_AREA_STYLE('',(#17040));
#17040 = FILL_AREA_STYLE_COLOUR('',#16641);
#17041 = OVER_RIDING_STYLED_ITEM('overriding color',(#17042),#12053,
  #17020);
#17042 = PRESENTATION_STYLE_ASSIGNMENT((#17043));
#17043 = SURFACE_STYLE_USAGE(.BOTH.,#17044);
#17044 = SURFACE_SIDE_STYLE('',(#17045));
#17045 = SURFACE_STYLE_FILL_AREA(#17046);
#17046 = FILL_AREA_STYLE('',(#17047));
#17047 = FILL_AREA_STYLE_COLOUR('',#16641);
#17048 = OVER_RIDING_STYLED_ITEM('overriding color',(#17049),#12124,
  #17020);
#17049 = PRESENTATION_STYLE_ASSIGNMENT((#17050));
#17050 = SURFACE_STYLE_USAGE(.BOTH.,#17051);
#17051 = SURFACE_SIDE_STYLE('',(#17052));
#17052 = SURFACE_STYLE_FILL_AREA(#17053);
#17053 = FILL_AREA_STYLE('',(#17054));
#17054 = FILL_AREA_STYLE_COLOUR('',#16641);
#17055 = OVER_RIDING_STYLED_ITEM('overriding color',(#17056),#12171,
  #17020);
#17056 = PRESENTATION_STYLE_ASSIGNMENT((#17057));
#17057 = SURFACE_STYLE_USAGE(.BOTH.,#17058);
#17058 = SURFACE_SIDE_STYLE('',(#17059));
#17059 = SURFACE_STYLE_FILL_AREA(#17060);
#17060 = FILL_AREA_STYLE('',(#17061));
#17061 = FILL_AREA_STYLE_COLOUR('',#16641);
#17062 = OVER_RIDING_STYLED_ITEM('overriding color',(#17063),#12178,
  #17020);
#17063 = PRESENTATION_STYLE_ASSIGNMENT((#17064));
#17064 = SURFACE_STYLE_USAGE(.BOTH.,#17065);
#17065 = SURFACE_SIDE_STYLE('',(#17066));
#17066 = SURFACE_STYLE_FILL_AREA(#17067);
#17067 = FILL_AREA_STYLE('',(#17068));
#17068 = FILL_AREA_STYLE_COLOUR('',#16641);
#17069 = STYLED_ITEM('color',(#17070),#12185);
#17070 = PRESENTATION_STYLE_ASSIGNMENT((#17071));
#17071 = SURFACE_STYLE_USAGE(.BOTH.,#17072);
#17072 = SURFACE_SIDE_STYLE('',(#17073));
#17073 = SURFACE_STYLE_FILL_AREA(#17074);
#17074 = FILL_AREA_STYLE('',(#17075));
#17075 = FILL_AREA_STYLE_COLOUR('',#15944);
#17076 = OVER_RIDING_STYLED_ITEM('overriding color',(#17077),#12187,
  #17069);
#17077 = PRESENTATION_STYLE_ASSIGNMENT((#17078));
#17078 = SURFACE_STYLE_USAGE(.BOTH.,#17079);
#17079 = SURFACE_SIDE_STYLE('',(#17080));
#17080 = SURFACE_STYLE_FILL_AREA(#17081);
#17081 = FILL_AREA_STYLE('',(#17082));
#17082 = FILL_AREA_STYLE_COLOUR('',#16641);
#17083 = OVER_RIDING_STYLED_ITEM('overriding color',(#17084),#12307,
  #17069);
#17084 = PRESENTATION_STYLE_ASSIGNMENT((#17085));
#17085 = SURFACE_STYLE_USAGE(.BOTH.,#17086);
#17086 = SURFACE_SIDE_STYLE('',(#17087));
#17087 = SURFACE_STYLE_FILL_AREA(#17088);
#17088 = FILL_AREA_STYLE('',(#17089));
#17089 = FILL_AREA_STYLE_COLOUR('',#16641);
#17090 = OVER_RIDING_STYLED_ITEM('overriding color',(#17091),#12393,
  #17069);
#17091 = PRESENTATION_STYLE_ASSIGNMENT((#17092));
#17092 = SURFACE_STYLE_USAGE(.BOTH.,#17093);
#17093 = SURFACE_SIDE_STYLE('',(#17094));
#17094 = SURFACE_STYLE_FILL_AREA(#17095);
#17095 = FILL_AREA_STYLE('',(#17096));
#17096 = FILL_AREA_STYLE_COLOUR('',#16641);
#17097 = OVER_RIDING_STYLED_ITEM('overriding color',(#17098),#12464,
  #17069);
#17098 = PRESENTATION_STYLE_ASSIGNMENT((#17099));
#17099 = SURFACE_STYLE_USAGE(.BOTH.,#17100);
#17100 = SURFACE_SIDE_STYLE('',(#17101));
#17101 = SURFACE_STYLE_FILL_AREA(#17102);
#17102 = FILL_AREA_STYLE('',(#17103));
#17103 = FILL_AREA_STYLE_COLOUR('',#16641);
#17104 = OVER_RIDING_STYLED_ITEM('overriding color',(#17105),#12511,
  #17069);
#17105 = PRESENTATION_STYLE_ASSIGNMENT((#17106));
#17106 = SURFACE_STYLE_USAGE(.BOTH.,#17107);
#17107 = SURFACE_SIDE_STYLE('',(#17108));
#17108 = SURFACE_STYLE_FILL_AREA(#17109);
#17109 = FILL_AREA_STYLE('',(#17110));
#17110 = FILL_AREA_STYLE_COLOUR('',#16641);
#17111 = OVER_RIDING_STYLED_ITEM('overriding color',(#17112),#12518,
  #17069);
#17112 = PRESENTATION_STYLE_ASSIGNMENT((#17113));
#17113 = SURFACE_STYLE_USAGE(.BOTH.,#17114);
#17114 = SURFACE_SIDE_STYLE('',(#17115));
#17115 = SURFACE_STYLE_FILL_AREA(#17116);
#17116 = FILL_AREA_STYLE('',(#17117));
#17117 = FILL_AREA_STYLE_COLOUR('',#16641);
#17118 = STYLED_ITEM('color',(#17119),#12525);
#17119 = PRESENTATION_STYLE_ASSIGNMENT((#17120));
#17120 = SURFACE_STYLE_USAGE(.BOTH.,#17121);
#17121 = SURFACE_SIDE_STYLE('',(#17122));
#17122 = SURFACE_STYLE_FILL_AREA(#17123);
#17123 = FILL_AREA_STYLE('',(#17124));
#17124 = FILL_AREA_STYLE_COLOUR('',#15944);
#17125 = OVER_RIDING_STYLED_ITEM('overriding color',(#17126),#12527,
  #17118);
#17126 = PRESENTATION_STYLE_ASSIGNMENT((#17127));
#17127 = SURFACE_STYLE_USAGE(.BOTH.,#17128);
#17128 = SURFACE_SIDE_STYLE('',(#17129));
#17129 = SURFACE_STYLE_FILL_AREA(#17130);
#17130 = FILL_AREA_STYLE('',(#17131));
#17131 = FILL_AREA_STYLE_COLOUR('',#16641);
#17132 = OVER_RIDING_STYLED_ITEM('overriding color',(#17133),#12647,
  #17118);
#17133 = PRESENTATION_STYLE_ASSIGNMENT((#17134));
#17134 = SURFACE_STYLE_USAGE(.BOTH.,#17135);
#17135 = SURFACE_SIDE_STYLE('',(#17136));
#17136 = SURFACE_STYLE_FILL_AREA(#17137);
#17137 = FILL_AREA_STYLE('',(#17138));
#17138 = FILL_AREA_STYLE_COLOUR('',#16641);
#17139 = OVER_RIDING_STYLED_ITEM('overriding color',(#17140),#12733,
  #17118);
#17140 = PRESENTATION_STYLE_ASSIGNMENT((#17141));
#17141 = SURFACE_STYLE_USAGE(.BOTH.,#17142);
#17142 = SURFACE_SIDE_STYLE('',(#17143));
#17143 = SURFACE_STYLE_FILL_AREA(#17144);
#17144 = FILL_AREA_STYLE('',(#17145));
#17145 = FILL_AREA_STYLE_COLOUR('',#16641);
#17146 = OVER_RIDING_STYLED_ITEM('overriding color',(#17147),#12804,
  #17118);
#17147 = PRESENTATION_STYLE_ASSIGNMENT((#17148));
#17148 = SURFACE_STYLE_USAGE(.BOTH.,#17149);
#17149 = SURFACE_SIDE_STYLE('',(#17150));
#17150 = SURFACE_STYLE_FILL_AREA(#17151);
#17151 = FILL_AREA_STYLE('',(#17152));
#17152 = FILL_AREA_STYLE_COLOUR('',#16641);
#17153 = OVER_RIDING_STYLED_ITEM('overriding color',(#17154),#12851,
  #17118);
#17154 = PRESENTATION_STYLE_ASSIGNMENT((#17155));
#17155 = SURFACE_STYLE_USAGE(.BOTH.,#17156);
#17156 = SURFACE_SIDE_STYLE('',(#17157));
#17157 = SURFACE_STYLE_FILL_AREA(#17158);
#17158 = FILL_AREA_STYLE('',(#17159));
#17159 = FILL_AREA_STYLE_COLOUR('',#16641);
#17160 = OVER_RIDING_STYLED_ITEM('overriding color',(#17161),#12858,
  #17118);
#17161 = PRESENTATION_STYLE_ASSIGNMENT((#17162));
#17162 = SURFACE_STYLE_USAGE(.BOTH.,#17163);
#17163 = SURFACE_SIDE_STYLE('',(#17164));
#17164 = SURFACE_STYLE_FILL_AREA(#17165);
#17165 = FILL_AREA_STYLE('',(#17166));
#17166 = FILL_AREA_STYLE_COLOUR('',#16641);
#17167 = STYLED_ITEM('color',(#17168),#12865);
#17168 = PRESENTATION_STYLE_ASSIGNMENT((#17169));
#17169 = SURFACE_STYLE_USAGE(.BOTH.,#17170);
#17170 = SURFACE_SIDE_STYLE('',(#17171));
#17171 = SURFACE_STYLE_FILL_AREA(#17172);
#17172 = FILL_AREA_STYLE('',(#17173));
#17173 = FILL_AREA_STYLE_COLOUR('',#15944);
#17174 = OVER_RIDING_STYLED_ITEM('overriding color',(#17175),#12867,
  #17167);
#17175 = PRESENTATION_STYLE_ASSIGNMENT((#17176));
#17176 = SURFACE_STYLE_USAGE(.BOTH.,#17177);
#17177 = SURFACE_SIDE_STYLE('',(#17178));
#17178 = SURFACE_STYLE_FILL_AREA(#17179);
#17179 = FILL_AREA_STYLE('',(#17180));
#17180 = FILL_AREA_STYLE_COLOUR('',#16641);
#17181 = OVER_RIDING_STYLED_ITEM('overriding color',(#17182),#12987,
  #17167);
#17182 = PRESENTATION_STYLE_ASSIGNMENT((#17183));
#17183 = SURFACE_STYLE_USAGE(.BOTH.,#17184);
#17184 = SURFACE_SIDE_STYLE('',(#17185));
#17185 = SURFACE_STYLE_FILL_AREA(#17186);
#17186 = FILL_AREA_STYLE('',(#17187));
#17187 = FILL_AREA_STYLE_COLOUR('',#16641);
#17188 = OVER_RIDING_STYLED_ITEM('overriding color',(#17189),#13073,
  #17167);
#17189 = PRESENTATION_STYLE_ASSIGNMENT((#17190));
#17190 = SURFACE_STYLE_USAGE(.BOTH.,#17191);
#17191 = SURFACE_SIDE_STYLE('',(#17192));
#17192 = SURFACE_STYLE_FILL_AREA(#17193);
#17193 = FILL_AREA_STYLE('',(#17194));
#17194 = FILL_AREA_STYLE_COLOUR('',#16641);
#17195 = OVER_RIDING_STYLED_ITEM('overriding color',(#17196),#13144,
  #17167);
#17196 = PRESENTATION_STYLE_ASSIGNMENT((#17197));
#17197 = SURFACE_STYLE_USAGE(.BOTH.,#17198);
#17198 = SURFACE_SIDE_STYLE('',(#17199));
#17199 = SURFACE_STYLE_FILL_AREA(#17200);
#17200 = FILL_AREA_STYLE('',(#17201));
#17201 = FILL_AREA_STYLE_COLOUR('',#16641);
#17202 = OVER_RIDING_STYLED_ITEM('overriding color',(#17203),#13191,
  #17167);
#17203 = PRESENTATION_STYLE_ASSIGNMENT((#17204));
#17204 = SURFACE_STYLE_USAGE(.BOTH.,#17205);
#17205 = SURFACE_SIDE_STYLE('',(#17206));
#17206 = SURFACE_STYLE_FILL_AREA(#17207);
#17207 = FILL_AREA_STYLE('',(#17208));
#17208 = FILL_AREA_STYLE_COLOUR('',#16641);
#17209 = OVER_RIDING_STYLED_ITEM('overriding color',(#17210),#13198,
  #17167);
#17210 = PRESENTATION_STYLE_ASSIGNMENT((#17211));
#17211 = SURFACE_STYLE_USAGE(.BOTH.,#17212);
#17212 = SURFACE_SIDE_STYLE('',(#17213));
#17213 = SURFACE_STYLE_FILL_AREA(#17214);
#17214 = FILL_AREA_STYLE('',(#17215));
#17215 = FILL_AREA_STYLE_COLOUR('',#16641);
#17216 = STYLED_ITEM('color',(#17217),#13205);
#17217 = PRESENTATION_STYLE_ASSIGNMENT((#17218));
#17218 = SURFACE_STYLE_USAGE(.BOTH.,#17219);
#17219 = SURFACE_SIDE_STYLE('',(#17220));
#17220 = SURFACE_STYLE_FILL_AREA(#17221);
#17221 = FILL_AREA_STYLE('',(#17222));
#17222 = FILL_AREA_STYLE_COLOUR('',#15944);
#17223 = OVER_RIDING_STYLED_ITEM('overriding color',(#17224),#13207,
  #17216);
#17224 = PRESENTATION_STYLE_ASSIGNMENT((#17225));
#17225 = SURFACE_STYLE_USAGE(.BOTH.,#17226);
#17226 = SURFACE_SIDE_STYLE('',(#17227));
#17227 = SURFACE_STYLE_FILL_AREA(#17228);
#17228 = FILL_AREA_STYLE('',(#17229));
#17229 = FILL_AREA_STYLE_COLOUR('',#16641);
#17230 = OVER_RIDING_STYLED_ITEM('overriding color',(#17231),#13327,
  #17216);
#17231 = PRESENTATION_STYLE_ASSIGNMENT((#17232));
#17232 = SURFACE_STYLE_USAGE(.BOTH.,#17233);
#17233 = SURFACE_SIDE_STYLE('',(#17234));
#17234 = SURFACE_STYLE_FILL_AREA(#17235);
#17235 = FILL_AREA_STYLE('',(#17236));
#17236 = FILL_AREA_STYLE_COLOUR('',#16641);
#17237 = OVER_RIDING_STYLED_ITEM('overriding color',(#17238),#13413,
  #17216);
#17238 = PRESENTATION_STYLE_ASSIGNMENT((#17239));
#17239 = SURFACE_STYLE_USAGE(.BOTH.,#17240);
#17240 = SURFACE_SIDE_STYLE('',(#17241));
#17241 = SURFACE_STYLE_FILL_AREA(#17242);
#17242 = FILL_AREA_STYLE('',(#17243));
#17243 = FILL_AREA_STYLE_COLOUR('',#16641);
#17244 = OVER_RIDING_STYLED_ITEM('overriding color',(#17245),#13484,
  #17216);
#17245 = PRESENTATION_STYLE_ASSIGNMENT((#17246));
#17246 = SURFACE_STYLE_USAGE(.BOTH.,#17247);
#17247 = SURFACE_SIDE_STYLE('',(#17248));
#17248 = SURFACE_STYLE_FILL_AREA(#17249);
#17249 = FILL_AREA_STYLE('',(#17250));
#17250 = FILL_AREA_STYLE_COLOUR('',#16641);
#17251 = OVER_RIDING_STYLED_ITEM('overriding color',(#17252),#13531,
  #17216);
#17252 = PRESENTATION_STYLE_ASSIGNMENT((#17253));
#17253 = SURFACE_STYLE_USAGE(.BOTH.,#17254);
#17254 = SURFACE_SIDE_STYLE('',(#17255));
#17255 = SURFACE_STYLE_FILL_AREA(#17256);
#17256 = FILL_AREA_STYLE('',(#17257));
#17257 = FILL_AREA_STYLE_COLOUR('',#16641);
#17258 = OVER_RIDING_STYLED_ITEM('overriding color',(#17259),#13538,
  #17216);
#17259 = PRESENTATION_STYLE_ASSIGNMENT((#17260));
#17260 = SURFACE_STYLE_USAGE(.BOTH.,#17261);
#17261 = SURFACE_SIDE_STYLE('',(#17262));
#17262 = SURFACE_STYLE_FILL_AREA(#17263);
#17263 = FILL_AREA_STYLE('',(#17264));
#17264 = FILL_AREA_STYLE_COLOUR('',#16641);
#17265 = STYLED_ITEM('color',(#17266),#13545);
#17266 = PRESENTATION_STYLE_ASSIGNMENT((#17267));
#17267 = SURFACE_STYLE_USAGE(.BOTH.,#17268);
#17268 = SURFACE_SIDE_STYLE('',(#17269));
#17269 = SURFACE_STYLE_FILL_AREA(#17270);
#17270 = FILL_AREA_STYLE('',(#17271));
#17271 = FILL_AREA_STYLE_COLOUR('',#15944);
#17272 = OVER_RIDING_STYLED_ITEM('overriding color',(#17273),#13547,
  #17265);
#17273 = PRESENTATION_STYLE_ASSIGNMENT((#17274));
#17274 = SURFACE_STYLE_USAGE(.BOTH.,#17275);
#17275 = SURFACE_SIDE_STYLE('',(#17276));
#17276 = SURFACE_STYLE_FILL_AREA(#17277);
#17277 = FILL_AREA_STYLE('',(#17278));
#17278 = FILL_AREA_STYLE_COLOUR('',#16641);
#17279 = OVER_RIDING_STYLED_ITEM('overriding color',(#17280),#13667,
  #17265);
#17280 = PRESENTATION_STYLE_ASSIGNMENT((#17281));
#17281 = SURFACE_STYLE_USAGE(.BOTH.,#17282);
#17282 = SURFACE_SIDE_STYLE('',(#17283));
#17283 = SURFACE_STYLE_FILL_AREA(#17284);
#17284 = FILL_AREA_STYLE('',(#17285));
#17285 = FILL_AREA_STYLE_COLOUR('',#16641);
#17286 = OVER_RIDING_STYLED_ITEM('overriding color',(#17287),#13753,
  #17265);
#17287 = PRESENTATION_STYLE_ASSIGNMENT((#17288));
#17288 = SURFACE_STYLE_USAGE(.BOTH.,#17289);
#17289 = SURFACE_SIDE_STYLE('',(#17290));
#17290 = SURFACE_STYLE_FILL_AREA(#17291);
#17291 = FILL_AREA_STYLE('',(#17292));
#17292 = FILL_AREA_STYLE_COLOUR('',#16641);
#17293 = OVER_RIDING_STYLED_ITEM('overriding color',(#17294),#13824,
  #17265);
#17294 = PRESENTATION_STYLE_ASSIGNMENT((#17295));
#17295 = SURFACE_STYLE_USAGE(.BOTH.,#17296);
#17296 = SURFACE_SIDE_STYLE('',(#17297));
#17297 = SURFACE_STYLE_FILL_AREA(#17298);
#17298 = FILL_AREA_STYLE('',(#17299));
#17299 = FILL_AREA_STYLE_COLOUR('',#16641);
#17300 = OVER_RIDING_STYLED_ITEM('overriding color',(#17301),#13871,
  #17265);
#17301 = PRESENTATION_STYLE_ASSIGNMENT((#17302));
#17302 = SURFACE_STYLE_USAGE(.BOTH.,#17303);
#17303 = SURFACE_SIDE_STYLE('',(#17304));
#17304 = SURFACE_STYLE_FILL_AREA(#17305);
#17305 = FILL_AREA_STYLE('',(#17306));
#17306 = FILL_AREA_STYLE_COLOUR('',#16641);
#17307 = OVER_RIDING_STYLED_ITEM('overriding color',(#17308),#13878,
  #17265);
#17308 = PRESENTATION_STYLE_ASSIGNMENT((#17309));
#17309 = SURFACE_STYLE_USAGE(.BOTH.,#17310);
#17310 = SURFACE_SIDE_STYLE('',(#17311));
#17311 = SURFACE_STYLE_FILL_AREA(#17312);
#17312 = FILL_AREA_STYLE('',(#17313));
#17313 = FILL_AREA_STYLE_COLOUR('',#16641);
#17314 = STYLED_ITEM('color',(#17315),#13885);
#17315 = PRESENTATION_STYLE_ASSIGNMENT((#17316));
#17316 = SURFACE_STYLE_USAGE(.BOTH.,#17317);
#17317 = SURFACE_SIDE_STYLE('',(#17318));
#17318 = SURFACE_STYLE_FILL_AREA(#17319);
#17319 = FILL_AREA_STYLE('',(#17320));
#17320 = FILL_AREA_STYLE_COLOUR('',#15944);
#17321 = OVER_RIDING_STYLED_ITEM('overriding color',(#17322),#13887,
  #17314);
#17322 = PRESENTATION_STYLE_ASSIGNMENT((#17323));
#17323 = SURFACE_STYLE_USAGE(.BOTH.,#17324);
#17324 = SURFACE_SIDE_STYLE('',(#17325));
#17325 = SURFACE_STYLE_FILL_AREA(#17326);
#17326 = FILL_AREA_STYLE('',(#17327));
#17327 = FILL_AREA_STYLE_COLOUR('',#16641);
#17328 = OVER_RIDING_STYLED_ITEM('overriding color',(#17329),#14007,
  #17314);
#17329 = PRESENTATION_STYLE_ASSIGNMENT((#17330));
#17330 = SURFACE_STYLE_USAGE(.BOTH.,#17331);
#17331 = SURFACE_SIDE_STYLE('',(#17332));
#17332 = SURFACE_STYLE_FILL_AREA(#17333);
#17333 = FILL_AREA_STYLE('',(#17334));
#17334 = FILL_AREA_STYLE_COLOUR('',#16641);
#17335 = OVER_RIDING_STYLED_ITEM('overriding color',(#17336),#14093,
  #17314);
#17336 = PRESENTATION_STYLE_ASSIGNMENT((#17337));
#17337 = SURFACE_STYLE_USAGE(.BOTH.,#17338);
#17338 = SURFACE_SIDE_STYLE('',(#17339));
#17339 = SURFACE_STYLE_FILL_AREA(#17340);
#17340 = FILL_AREA_STYLE('',(#17341));
#17341 = FILL_AREA_STYLE_COLOUR('',#16641);
#17342 = OVER_RIDING_STYLED_ITEM('overriding color',(#17343),#14164,
  #17314);
#17343 = PRESENTATION_STYLE_ASSIGNMENT((#17344));
#17344 = SURFACE_STYLE_USAGE(.BOTH.,#17345);
#17345 = SURFACE_SIDE_STYLE('',(#17346));
#17346 = SURFACE_STYLE_FILL_AREA(#17347);
#17347 = FILL_AREA_STYLE('',(#17348));
#17348 = FILL_AREA_STYLE_COLOUR('',#16641);
#17349 = OVER_RIDING_STYLED_ITEM('overriding color',(#17350),#14211,
  #17314);
#17350 = PRESENTATION_STYLE_ASSIGNMENT((#17351));
#17351 = SURFACE_STYLE_USAGE(.BOTH.,#17352);
#17352 = SURFACE_SIDE_STYLE('',(#17353));
#17353 = SURFACE_STYLE_FILL_AREA(#17354);
#17354 = FILL_AREA_STYLE('',(#17355));
#17355 = FILL_AREA_STYLE_COLOUR('',#16641);
#17356 = OVER_RIDING_STYLED_ITEM('overriding color',(#17357),#14218,
  #17314);
#17357 = PRESENTATION_STYLE_ASSIGNMENT((#17358));
#17358 = SURFACE_STYLE_USAGE(.BOTH.,#17359);
#17359 = SURFACE_SIDE_STYLE('',(#17360));
#17360 = SURFACE_STYLE_FILL_AREA(#17361);
#17361 = FILL_AREA_STYLE('',(#17362));
#17362 = FILL_AREA_STYLE_COLOUR('',#16641);
#17363 = STYLED_ITEM('color',(#17364),#14225);
#17364 = PRESENTATION_STYLE_ASSIGNMENT((#17365));
#17365 = SURFACE_STYLE_USAGE(.BOTH.,#17366);
#17366 = SURFACE_SIDE_STYLE('',(#17367));
#17367 = SURFACE_STYLE_FILL_AREA(#17368);
#17368 = FILL_AREA_STYLE('',(#17369));
#17369 = FILL_AREA_STYLE_COLOUR('',#15944);
#17370 = OVER_RIDING_STYLED_ITEM('overriding color',(#17371),#14227,
  #17363);
#17371 = PRESENTATION_STYLE_ASSIGNMENT((#17372));
#17372 = SURFACE_STYLE_USAGE(.BOTH.,#17373);
#17373 = SURFACE_SIDE_STYLE('',(#17374));
#17374 = SURFACE_STYLE_FILL_AREA(#17375);
#17375 = FILL_AREA_STYLE('',(#17376));
#17376 = FILL_AREA_STYLE_COLOUR('',#16641);
#17377 = OVER_RIDING_STYLED_ITEM('overriding color',(#17378),#14347,
  #17363);
#17378 = PRESENTATION_STYLE_ASSIGNMENT((#17379));
#17379 = SURFACE_STYLE_USAGE(.BOTH.,#17380);
#17380 = SURFACE_SIDE_STYLE('',(#17381));
#17381 = SURFACE_STYLE_FILL_AREA(#17382);
#17382 = FILL_AREA_STYLE('',(#17383));
#17383 = FILL_AREA_STYLE_COLOUR('',#16641);
#17384 = OVER_RIDING_STYLED_ITEM('overriding color',(#17385),#14433,
  #17363);
#17385 = PRESENTATION_STYLE_ASSIGNMENT((#17386));
#17386 = SURFACE_STYLE_USAGE(.BOTH.,#17387);
#17387 = SURFACE_SIDE_STYLE('',(#17388));
#17388 = SURFACE_STYLE_FILL_AREA(#17389);
#17389 = FILL_AREA_STYLE('',(#17390));
#17390 = FILL_AREA_STYLE_COLOUR('',#16641);
#17391 = OVER_RIDING_STYLED_ITEM('overriding color',(#17392),#14504,
  #17363);
#17392 = PRESENTATION_STYLE_ASSIGNMENT((#17393));
#17393 = SURFACE_STYLE_USAGE(.BOTH.,#17394);
#17394 = SURFACE_SIDE_STYLE('',(#17395));
#17395 = SURFACE_STYLE_FILL_AREA(#17396);
#17396 = FILL_AREA_STYLE('',(#17397));
#17397 = FILL_AREA_STYLE_COLOUR('',#16641);
#17398 = OVER_RIDING_STYLED_ITEM('overriding color',(#17399),#14551,
  #17363);
#17399 = PRESENTATION_STYLE_ASSIGNMENT((#17400));
#17400 = SURFACE_STYLE_USAGE(.BOTH.,#17401);
#17401 = SURFACE_SIDE_STYLE('',(#17402));
#17402 = SURFACE_STYLE_FILL_AREA(#17403);
#17403 = FILL_AREA_STYLE('',(#17404));
#17404 = FILL_AREA_STYLE_COLOUR('',#16641);
#17405 = OVER_RIDING_STYLED_ITEM('overriding color',(#17406),#14558,
  #17363);
#17406 = PRESENTATION_STYLE_ASSIGNMENT((#17407));
#17407 = SURFACE_STYLE_USAGE(.BOTH.,#17408);
#17408 = SURFACE_SIDE_STYLE('',(#17409));
#17409 = SURFACE_STYLE_FILL_AREA(#17410);
#17410 = FILL_AREA_STYLE('',(#17411));
#17411 = FILL_AREA_STYLE_COLOUR('',#16641);
#17412 = STYLED_ITEM('color',(#17413),#14565);
#17413 = PRESENTATION_STYLE_ASSIGNMENT((#17414));
#17414 = SURFACE_STYLE_USAGE(.BOTH.,#17415);
#17415 = SURFACE_SIDE_STYLE('',(#17416));
#17416 = SURFACE_STYLE_FILL_AREA(#17417);
#17417 = FILL_AREA_STYLE('',(#17418));
#17418 = FILL_AREA_STYLE_COLOUR('',#15944);
#17419 = OVER_RIDING_STYLED_ITEM('overriding color',(#17420),#14567,
  #17412);
#17420 = PRESENTATION_STYLE_ASSIGNMENT((#17421));
#17421 = SURFACE_STYLE_USAGE(.BOTH.,#17422);
#17422 = SURFACE_SIDE_STYLE('',(#17423));
#17423 = SURFACE_STYLE_FILL_AREA(#17424);
#17424 = FILL_AREA_STYLE('',(#17425));
#17425 = FILL_AREA_STYLE_COLOUR('',#16641);
#17426 = OVER_RIDING_STYLED_ITEM('overriding color',(#17427),#14687,
  #17412);
#17427 = PRESENTATION_STYLE_ASSIGNMENT((#17428));
#17428 = SURFACE_STYLE_USAGE(.BOTH.,#17429);
#17429 = SURFACE_SIDE_STYLE('',(#17430));
#17430 = SURFACE_STYLE_FILL_AREA(#17431);
#17431 = FILL_AREA_STYLE('',(#17432));
#17432 = FILL_AREA_STYLE_COLOUR('',#16641);
#17433 = OVER_RIDING_STYLED_ITEM('overriding color',(#17434),#14773,
  #17412);
#17434 = PRESENTATION_STYLE_ASSIGNMENT((#17435));
#17435 = SURFACE_STYLE_USAGE(.BOTH.,#17436);
#17436 = SURFACE_SIDE_STYLE('',(#17437));
#17437 = SURFACE_STYLE_FILL_AREA(#17438);
#17438 = FILL_AREA_STYLE('',(#17439));
#17439 = FILL_AREA_STYLE_COLOUR('',#16641);
#17440 = OVER_RIDING_STYLED_ITEM('overriding color',(#17441),#14844,
  #17412);
#17441 = PRESENTATION_STYLE_ASSIGNMENT((#17442));
#17442 = SURFACE_STYLE_USAGE(.BOTH.,#17443);
#17443 = SURFACE_SIDE_STYLE('',(#17444));
#17444 = SURFACE_STYLE_FILL_AREA(#17445);
#17445 = FILL_AREA_STYLE('',(#17446));
#17446 = FILL_AREA_STYLE_COLOUR('',#16641);
#17447 = OVER_RIDING_STYLED_ITEM('overriding color',(#17448),#14891,
  #17412);
#17448 = PRESENTATION_STYLE_ASSIGNMENT((#17449));
#17449 = SURFACE_STYLE_USAGE(.BOTH.,#17450);
#17450 = SURFACE_SIDE_STYLE('',(#17451));
#17451 = SURFACE_STYLE_FILL_AREA(#17452);
#17452 = FILL_AREA_STYLE('',(#17453));
#17453 = FILL_AREA_STYLE_COLOUR('',#16641);
#17454 = OVER_RIDING_STYLED_ITEM('overriding color',(#17455),#14898,
  #17412);
#17455 = PRESENTATION_STYLE_ASSIGNMENT((#17456));
#17456 = SURFACE_STYLE_USAGE(.BOTH.,#17457);
#17457 = SURFACE_SIDE_STYLE('',(#17458));
#17458 = SURFACE_STYLE_FILL_AREA(#17459);
#17459 = FILL_AREA_STYLE('',(#17460));
#17460 = FILL_AREA_STYLE_COLOUR('',#16641);
#17461 = STYLED_ITEM('color',(#17462),#14905);
#17462 = PRESENTATION_STYLE_ASSIGNMENT((#17463));
#17463 = SURFACE_STYLE_USAGE(.BOTH.,#17464);
#17464 = SURFACE_SIDE_STYLE('',(#17465));
#17465 = SURFACE_STYLE_FILL_AREA(#17466);
#17466 = FILL_AREA_STYLE('',(#17467));
#17467 = FILL_AREA_STYLE_COLOUR('',#15944);
#17468 = OVER_RIDING_STYLED_ITEM('overriding color',(#17469),#14907,
  #17461);
#17469 = PRESENTATION_STYLE_ASSIGNMENT((#17470));
#17470 = SURFACE_STYLE_USAGE(.BOTH.,#17471);
#17471 = SURFACE_SIDE_STYLE('',(#17472));
#17472 = SURFACE_STYLE_FILL_AREA(#17473);
#17473 = FILL_AREA_STYLE('',(#17474));
#17474 = FILL_AREA_STYLE_COLOUR('',#16641);
#17475 = OVER_RIDING_STYLED_ITEM('overriding color',(#17476),#15027,
  #17461);
#17476 = PRESENTATION_STYLE_ASSIGNMENT((#17477));
#17477 = SURFACE_STYLE_USAGE(.BOTH.,#17478);
#17478 = SURFACE_SIDE_STYLE('',(#17479));
#17479 = SURFACE_STYLE_FILL_AREA(#17480);
#17480 = FILL_AREA_STYLE('',(#17481));
#17481 = FILL_AREA_STYLE_COLOUR('',#16641);
#17482 = OVER_RIDING_STYLED_ITEM('overriding color',(#17483),#15113,
  #17461);
#17483 = PRESENTATION_STYLE_ASSIGNMENT((#17484));
#17484 = SURFACE_STYLE_USAGE(.BOTH.,#17485);
#17485 = SURFACE_SIDE_STYLE('',(#17486));
#17486 = SURFACE_STYLE_FILL_AREA(#17487);
#17487 = FILL_AREA_STYLE('',(#17488));
#17488 = FILL_AREA_STYLE_COLOUR('',#16641);
#17489 = OVER_RIDING_STYLED_ITEM('overriding color',(#17490),#15184,
  #17461);
#17490 = PRESENTATION_STYLE_ASSIGNMENT((#17491));
#17491 = SURFACE_STYLE_USAGE(.BOTH.,#17492);
#17492 = SURFACE_SIDE_STYLE('',(#17493));
#17493 = SURFACE_STYLE_FILL_AREA(#17494);
#17494 = FILL_AREA_STYLE('',(#17495));
#17495 = FILL_AREA_STYLE_COLOUR('',#16641);
#17496 = OVER_RIDING_STYLED_ITEM('overriding color',(#17497),#15231,
  #17461);
#17497 = PRESENTATION_STYLE_ASSIGNMENT((#17498));
#17498 = SURFACE_STYLE_USAGE(.BOTH.,#17499);
#17499 = SURFACE_SIDE_STYLE('',(#17500));
#17500 = SURFACE_STYLE_FILL_AREA(#17501);
#17501 = FILL_AREA_STYLE('',(#17502));
#17502 = FILL_AREA_STYLE_COLOUR('',#16641);
#17503 = OVER_RIDING_STYLED_ITEM('overriding color',(#17504),#15238,
  #17461);
#17504 = PRESENTATION_STYLE_ASSIGNMENT((#17505));
#17505 = SURFACE_STYLE_USAGE(.BOTH.,#17506);
#17506 = SURFACE_SIDE_STYLE('',(#17507));
#17507 = SURFACE_STYLE_FILL_AREA(#17508);
#17508 = FILL_AREA_STYLE('',(#17509));
#17509 = FILL_AREA_STYLE_COLOUR('',#16641);
#17510 = STYLED_ITEM('color',(#17511),#15245);
#17511 = PRESENTATION_STYLE_ASSIGNMENT((#17512));
#17512 = SURFACE_STYLE_USAGE(.BOTH.,#17513);
#17513 = SURFACE_SIDE_STYLE('',(#17514));
#17514 = SURFACE_STYLE_FILL_AREA(#17515);
#17515 = FILL_AREA_STYLE('',(#17516));
#17516 = FILL_AREA_STYLE_COLOUR('',#15944);
#17517 = OVER_RIDING_STYLED_ITEM('overriding color',(#17518),#15247,
  #17510);
#17518 = PRESENTATION_STYLE_ASSIGNMENT((#17519));
#17519 = SURFACE_STYLE_USAGE(.BOTH.,#17520);
#17520 = SURFACE_SIDE_STYLE('',(#17521));
#17521 = SURFACE_STYLE_FILL_AREA(#17522);
#17522 = FILL_AREA_STYLE('',(#17523));
#17523 = FILL_AREA_STYLE_COLOUR('',#16641);
#17524 = OVER_RIDING_STYLED_ITEM('overriding color',(#17525),#15367,
  #17510);
#17525 = PRESENTATION_STYLE_ASSIGNMENT((#17526));
#17526 = SURFACE_STYLE_USAGE(.BOTH.,#17527);
#17527 = SURFACE_SIDE_STYLE('',(#17528));
#17528 = SURFACE_STYLE_FILL_AREA(#17529);
#17529 = FILL_AREA_STYLE('',(#17530));
#17530 = FILL_AREA_STYLE_COLOUR('',#16641);
#17531 = OVER_RIDING_STYLED_ITEM('overriding color',(#17532),#15453,
  #17510);
#17532 = PRESENTATION_STYLE_ASSIGNMENT((#17533));
#17533 = SURFACE_STYLE_USAGE(.BOTH.,#17534);
#17534 = SURFACE_SIDE_STYLE('',(#17535));
#17535 = SURFACE_STYLE_FILL_AREA(#17536);
#17536 = FILL_AREA_STYLE('',(#17537));
#17537 = FILL_AREA_STYLE_COLOUR('',#16641);
#17538 = OVER_RIDING_STYLED_ITEM('overriding color',(#17539),#15524,
  #17510);
#17539 = PRESENTATION_STYLE_ASSIGNMENT((#17540));
#17540 = SURFACE_STYLE_USAGE(.BOTH.,#17541);
#17541 = SURFACE_SIDE_STYLE('',(#17542));
#17542 = SURFACE_STYLE_FILL_AREA(#17543);
#17543 = FILL_AREA_STYLE('',(#17544));
#17544 = FILL_AREA_STYLE_COLOUR('',#16641);
#17545 = OVER_RIDING_STYLED_ITEM('overriding color',(#17546),#15571,
  #17510);
#17546 = PRESENTATION_STYLE_ASSIGNMENT((#17547));
#17547 = SURFACE_STYLE_USAGE(.BOTH.,#17548);
#17548 = SURFACE_SIDE_STYLE('',(#17549));
#17549 = SURFACE_STYLE_FILL_AREA(#17550);
#17550 = FILL_AREA_STYLE('',(#17551));
#17551 = FILL_AREA_STYLE_COLOUR('',#16641);
#17552 = OVER_RIDING_STYLED_ITEM('overriding color',(#17553),#15578,
  #17510);
#17553 = PRESENTATION_STYLE_ASSIGNMENT((#17554));
#17554 = SURFACE_STYLE_USAGE(.BOTH.,#17555);
#17555 = SURFACE_SIDE_STYLE('',(#17556));
#17556 = SURFACE_STYLE_FILL_AREA(#17557);
#17557 = FILL_AREA_STYLE('',(#17558));
#17558 = FILL_AREA_STYLE_COLOUR('',#16641);
#17559 = STYLED_ITEM('color',(#17560),#15585);
#17560 = PRESENTATION_STYLE_ASSIGNMENT((#17561));
#17561 = SURFACE_STYLE_USAGE(.BOTH.,#17562);
#17562 = SURFACE_SIDE_STYLE('',(#17563));
#17563 = SURFACE_STYLE_FILL_AREA(#17564);
#17564 = FILL_AREA_STYLE('',(#17565));
#17565 = FILL_AREA_STYLE_COLOUR('',#15944);
#17566 = OVER_RIDING_STYLED_ITEM('overriding color',(#17567),#15587,
  #17559);
#17567 = PRESENTATION_STYLE_ASSIGNMENT((#17568));
#17568 = SURFACE_STYLE_USAGE(.BOTH.,#17569);
#17569 = SURFACE_SIDE_STYLE('',(#17570));
#17570 = SURFACE_STYLE_FILL_AREA(#17571);
#17571 = FILL_AREA_STYLE('',(#17572));
#17572 = FILL_AREA_STYLE_COLOUR('',#16641);
#17573 = OVER_RIDING_STYLED_ITEM('overriding color',(#17574),#15707,
  #17559);
#17574 = PRESENTATION_STYLE_ASSIGNMENT((#17575));
#17575 = SURFACE_STYLE_USAGE(.BOTH.,#17576);
#17576 = SURFACE_SIDE_STYLE('',(#17577));
#17577 = SURFACE_STYLE_FILL_AREA(#17578);
#17578 = FILL_AREA_STYLE('',(#17579));
#17579 = FILL_AREA_STYLE_COLOUR('',#16641);
#17580 = OVER_RIDING_STYLED_ITEM('overriding color',(#17581),#15793,
  #17559);
#17581 = PRESENTATION_STYLE_ASSIGNMENT((#17582));
#17582 = SURFACE_STYLE_USAGE(.BOTH.,#17583);
#17583 = SURFACE_SIDE_STYLE('',(#17584));
#17584 = SURFACE_STYLE_FILL_AREA(#17585);
#17585 = FILL_AREA_STYLE('',(#17586));
#17586 = FILL_AREA_STYLE_COLOUR('',#16641);
#17587 = OVER_RIDING_STYLED_ITEM('overriding color',(#17588),#15864,
  #17559);
#17588 = PRESENTATION_STYLE_ASSIGNMENT((#17589));
#17589 = SURFACE_STYLE_USAGE(.BOTH.,#17590);
#17590 = SURFACE_SIDE_STYLE('',(#17591));
#17591 = SURFACE_STYLE_FILL_AREA(#17592);
#17592 = FILL_AREA_STYLE('',(#17593));
#17593 = FILL_AREA_STYLE_COLOUR('',#16641);
#17594 = OVER_RIDING_STYLED_ITEM('overriding color',(#17595),#15911,
  #17559);
#17595 = PRESENTATION_STYLE_ASSIGNMENT((#17596));
#17596 = SURFACE_STYLE_USAGE(.BOTH.,#17597);
#17597 = SURFACE_SIDE_STYLE('',(#17598));
#17598 = SURFACE_STYLE_FILL_AREA(#17599);
#17599 = FILL_AREA_STYLE('',(#17600));
#17600 = FILL_AREA_STYLE_COLOUR('',#16641);
#17601 = OVER_RIDING_STYLED_ITEM('overriding color',(#17602),#15918,
  #17559);
#17602 = PRESENTATION_STYLE_ASSIGNMENT((#17603));
#17603 = SURFACE_STYLE_USAGE(.BOTH.,#17604);
#17604 = SURFACE_SIDE_STYLE('',(#17605));
#17605 = SURFACE_STYLE_FILL_AREA(#17606);
#17606 = FILL_AREA_STYLE('',(#17607));
#17607 = FILL_AREA_STYLE_COLOUR('',#16641);
ENDSEC;
END-ISO-10303-21;
