ISO-10303-21;
HEADER;
FILE_DESCRIPTION(('Open CASCADE Model'),'2;1');
FILE_NAME('Open CASCADE Shape Model','2026-09-10T00:45:20',('Author'),(
    'Open CASCADE'),'Open CASCADE STEP processor 7.8','Open CASCADE 7.8'
  ,'Unknown');
FILE_SCHEMA(('AUTOMOTIVE_DESIGN { 1 0 10303 214 1 1 1 1 }'));
ENDSEC;
DATA;
#1 = APPLICATION_PROTOCOL_DEFINITION('international standard',
  'automotive_design',2000,#2);
#2 = APPLICATION_CONTEXT(
  'core data for automotive mechanical design processes');
#3 = SHAPE_DEFINITION_REPRESENTATION(#4,#10);
#4 = PRODUCT_DEFINITION_SHAPE('','',#5);
#5 = PRODUCT_DEFINITION('design','',#6,#9);
#6 = PRODUCT_DEFINITION_FORMATION('','',#7);
#7 = PRODUCT('Open CASCADE STEP translator 7.8 1',
  'Open CASCADE STEP translator 7.8 1','',(#8));
#8 = PRODUCT_CONTEXT('',#2,'mechanical');
#9 = PRODUCT_DEFINITION_CONTEXT('part definition',#2,'design');
#10 = SHAPE_REPRESENTATION('',(#11,#15),#19);
#11 = AXIS2_PLACEMENT_3D('',#12,#13,#14);
#12 = CARTESIAN_POINT('',(0.,0.,0.));
#13 = DIRECTION('',(0.,0.,1.));
#14 = DIRECTION('',(1.,0.,-0.));
#15 = AXIS2_PLACEMENT_3D('',#16,#17,#18);
#16 = CARTESIAN_POINT('',(0.,-1.140000000535E-04,1.000000003053E-07));
#17 = DIRECTION('',(0.,0.,1.));
#18 = DIRECTION('',(1.,0.,0.));
#19 = ( GEOMETRIC_REPRESENTATION_CONTEXT(3) 
GLOBAL_UNCERTAINTY_ASSIGNED_CONTEXT((#23)) GLOBAL_UNIT_ASSIGNED_CONTEXT(
(#20,#21,#22)) REPRESENTATION_CONTEXT('Context #1',
  '3D Context with UNIT and UNCERTAINTY') );
#20 = ( LENGTH_UNIT() NAMED_UNIT(*) SI_UNIT(.MILLI.,.METRE.) );
#21 = ( NAMED_UNIT(*) PLANE_ANGLE_UNIT() SI_UNIT($,.RADIAN.) );
#22 = ( NAMED_UNIT(*) SI_UNIT($,.STERADIAN.) SOLID_ANGLE_UNIT() );
#23 = UNCERTAINTY_MEASURE_WITH_UNIT(LENGTH_MEASURE(1.E-07),#20,
  'distance_accuracy_value','confusion accuracy');
#24 = PRODUCT_RELATED_PRODUCT_CATEGORY('part',$,(#7));
#25 = SHAPE_DEFINITION_REPRESENTATION(#26,#32);
#26 = PRODUCT_DEFINITION_SHAPE('','',#27);
#27 = PRODUCT_DEFINITION('design','',#28,#31);
#28 = PRODUCT_DEFINITION_FORMATION('','',#29);
#29 = PRODUCT('Áã¼þ2','Áã¼þ2','',(#30));
#30 = PRODUCT_CONTEXT('',#2,'mechanical');
#31 = PRODUCT_DEFINITION_CONTEXT('part definition',#2,'design');
#32 = ADVANCED_BREP_SHAPE_REPRESENTATION('',(#11,#33),#4567);
#33 = MANIFOLD_SOLID_BREP('',#34);
#34 = CLOSED_SHELL('',(#35,#155,#270,#380,#500,#615,#827,#1039,#1120,
    #1269,#1418,#1489,#1631,#1701,#1771,#1804,#1876,#1948,#1981,#2108,
    #2157,#2212,#2266,#2316,#2365,#2437,#2464,#2491,#2563,#2618,#2646,
    #2679,#2729,#2756,#2783,#2790,#2897,#2973,#3059,#3135,#3211,#3287,
    #3373,#3449,#3522,#3578,#3634,#3641,#3648,#3724,#3800,#4059,#4283,
    #4330,#4357,#4384,#4411,#4438,#4445,#4472,#4499,#4506,#4533,#4560));
#35 = ADVANCED_FACE('',(#36),#50,.T.);
#36 = FACE_BOUND('',#37,.T.);
#37 = EDGE_LOOP('',(#38,#73,#101,#129));
#38 = ORIENTED_EDGE('',*,*,#39,.F.);
#39 = EDGE_CURVE('',#40,#42,#44,.T.);
#40 = VERTEX_POINT('',#41);
#41 = CARTESIAN_POINT('',(-0.800486596563,0.65,0.525));
#42 = VERTEX_POINT('',#43);
#43 = CARTESIAN_POINT('',(0.800486596563,0.65,0.525));
#44 = SURFACE_CURVE('',#45,(#49,#61),.PCURVE_S1.);
#45 = LINE('',#46,#47);
#46 = CARTESIAN_POINT('',(0.85,0.65,0.525));
#47 = VECTOR('',#48,1.);
#48 = DIRECTION('',(1.,1.913297951445E-16,0.));
#49 = PCURVE('',#50,#55);
#50 = PLANE('',#51);
#51 = AXIS2_PLACEMENT_3D('',#52,#53,#54);
#52 = CARTESIAN_POINT('',(-1.129362659709E-16,0.590270145251,0.95));
#53 = DIRECTION('',(-1.894677867305E-16,0.990268068742,0.13917310096));
#54 = DIRECTION('',(1.,1.913297951445E-16,3.08148791102E-33));
#55 = DEFINITIONAL_REPRESENTATION('',(#56),#60);
#56 = LINE('',#57,#58);
#57 = CARTESIAN_POINT('',(0.85,0.42917671832));
#58 = VECTOR('',#59,1.);
#59 = DIRECTION('',(1.,0.));
#60 = ( GEOMETRIC_REPRESENTATION_CONTEXT(2) 
PARAMETRIC_REPRESENTATION_CONTEXT() REPRESENTATION_CONTEXT('2D SPACE',''
  ) );
#61 = PCURVE('',#62,#67);
#62 = PLANE('',#63);
#63 = AXIS2_PLACEMENT_3D('',#64,#65,#66);
#64 = CARTESIAN_POINT('',(-0.85,0.65,0.525));
#65 = DIRECTION('',(1.894677867305E-16,-0.990268068742,0.13917310096));
#66 = DIRECTION('',(-1.,-1.913297951445E-16,3.08148791102E-33));
#67 = DEFINITIONAL_REPRESENTATION('',(#68),#72);
#68 = LINE('',#69,#70);
#69 = CARTESIAN_POINT('',(-1.7,1.984490239721E-14));
#70 = VECTOR('',#71,1.);
#71 = DIRECTION('',(-1.,0.));
#72 = ( GEOMETRIC_REPRESENTATION_CONTEXT(2) 
PARAMETRIC_REPRESENTATION_CONTEXT() REPRESENTATION_CONTEXT('2D SPACE',''
  ) );
#73 = ORIENTED_EDGE('',*,*,#74,.T.);
#74 = EDGE_CURVE('',#40,#75,#77,.T.);
#75 = VERTEX_POINT('',#76);
#76 = CARTESIAN_POINT('',(-0.746805808361,0.596319211798,0.906958655048)
  );
#77 = SURFACE_CURVE('',#78,(#82,#89),.PCURVE_S1.);
#78 = LINE('',#79,#80);
#79 = CARTESIAN_POINT('',(-0.726681536653,0.57619494009,1.050150288642)
  );
#80 = VECTOR('',#81,1.);
#81 = DIRECTION('',(0.137844537492,-0.137844537492,0.980814848464));
#82 = PCURVE('',#50,#83);
#83 = DEFINITIONAL_REPRESENTATION('',(#84),#88);
#84 = LINE('',#85,#86);
#85 = CARTESIAN_POINT('',(-0.726681536653,-0.101134522866));
#86 = VECTOR('',#87,1.);
#87 = DIRECTION('',(0.137844537492,-0.990453877515));
#88 = ( GEOMETRIC_REPRESENTATION_CONTEXT(2) 
PARAMETRIC_REPRESENTATION_CONTEXT() REPRESENTATION_CONTEXT('2D SPACE',''
  ) );
#89 = PCURVE('',#90,#95);
#90 = CYLINDRICAL_SURFACE('',#91,5.E-02);
#91 = AXIS2_PLACEMENT_3D('',#92,#93,#94);
#92 = CARTESIAN_POINT('',(-0.726681536653,0.526681536653,1.043191633594)
  );
#93 = DIRECTION('',(0.137844537492,-0.137844537492,0.980814848464));
#94 = DIRECTION('',(-1.387778780781E-16,-0.990268068742,-0.13917310096)
  );
#95 = DEFINITIONAL_REPRESENTATION('',(#96),#100);
#96 = LINE('',#97,#98);
#97 = CARTESIAN_POINT('',(3.14159265359,1.110223024625E-16));
#98 = VECTOR('',#99,1.);
#99 = DIRECTION('',(-5.701785851781E-15,1.));
#100 = ( GEOMETRIC_REPRESENTATION_CONTEXT(2) 
PARAMETRIC_REPRESENTATION_CONTEXT() REPRESENTATION_CONTEXT('2D SPACE',''
  ) );
#101 = ORIENTED_EDGE('',*,*,#102,.T.);
#102 = EDGE_CURVE('',#75,#103,#105,.T.);
#103 = VERTEX_POINT('',#104);
#104 = CARTESIAN_POINT('',(0.746805808361,0.596319211798,0.906958655048)
  );
#105 = SURFACE_CURVE('',#106,(#110,#117),.PCURVE_S1.);
#106 = LINE('',#107,#108);
#107 = CARTESIAN_POINT('',(-1.14093632634E-16,0.596319211798,
    0.906958655048));
#108 = VECTOR('',#109,1.);
#109 = DIRECTION('',(1.,1.913297951445E-16,-6.095074637664E-33));
#110 = PCURVE('',#50,#111);
#111 = DEFINITIONAL_REPRESENTATION('',(#112),#116);
#112 = LINE('',#113,#114);
#113 = CARTESIAN_POINT('',(9.88220432667E-33,4.346433689081E-02));
#114 = VECTOR('',#115,1.);
#115 = DIRECTION('',(1.,2.521357560912E-33));
#116 = ( GEOMETRIC_REPRESENTATION_CONTEXT(2) 
PARAMETRIC_REPRESENTATION_CONTEXT() REPRESENTATION_CONTEXT('2D SPACE',''
  ) );
#117 = PCURVE('',#118,#123);
#118 = CYLINDRICAL_SURFACE('',#119,5.E-02);
#119 = AXIS2_PLACEMENT_3D('',#120,#121,#122);
#120 = CARTESIAN_POINT('',(-1.046202432975E-16,0.546805808361,0.9));
#121 = DIRECTION('',(-1.,-1.913297951445E-16,0.));
#122 = DIRECTION('',(1.913297951445E-16,-1.,0.));
#123 = DEFINITIONAL_REPRESENTATION('',(#124),#128);
#124 = LINE('',#125,#126);
#125 = CARTESIAN_POINT('',(3.00196631343,0.));
#126 = VECTOR('',#127,1.);
#127 = DIRECTION('',(0.,-1.));
#128 = ( GEOMETRIC_REPRESENTATION_CONTEXT(2) 
PARAMETRIC_REPRESENTATION_CONTEXT() REPRESENTATION_CONTEXT('2D SPACE',''
  ) );
#129 = ORIENTED_EDGE('',*,*,#130,.T.);
#130 = EDGE_CURVE('',#103,#42,#131,.T.);
#131 = SURFACE_CURVE('',#132,(#136,#143),.PCURVE_S1.);
#132 = LINE('',#133,#134);
#133 = CARTESIAN_POINT('',(0.726681536653,0.57619494009,1.050150288642)
  );
#134 = VECTOR('',#135,1.);
#135 = DIRECTION('',(0.137844537492,0.137844537492,-0.980814848464));
#136 = PCURVE('',#50,#137);
#137 = DEFINITIONAL_REPRESENTATION('',(#138),#142);
#138 = LINE('',#139,#140);
#139 = CARTESIAN_POINT('',(0.726681536653,-0.101134522866));
#140 = VECTOR('',#141,1.);
#141 = DIRECTION('',(0.137844537492,0.990453877515));
#142 = ( GEOMETRIC_REPRESENTATION_CONTEXT(2) 
PARAMETRIC_REPRESENTATION_CONTEXT() REPRESENTATION_CONTEXT('2D SPACE',''
  ) );
#143 = PCURVE('',#144,#149);
#144 = CYLINDRICAL_SURFACE('',#145,5.E-02);
#145 = AXIS2_PLACEMENT_3D('',#146,#147,#148);
#146 = CARTESIAN_POINT('',(0.726681536653,0.526681536653,1.043191633594)
  );
#147 = DIRECTION('',(0.137844537492,0.137844537492,-0.980814848464));
#148 = DIRECTION('',(-1.318389841742E-16,0.990268068742,0.13917310096));
#149 = DEFINITIONAL_REPRESENTATION('',(#150),#154);
#150 = LINE('',#151,#152);
#151 = CARTESIAN_POINT('',(0.,8.326672684689E-17));
#152 = VECTOR('',#153,1.);
#153 = DIRECTION('',(0.,1.));
#154 = ( GEOMETRIC_REPRESENTATION_CONTEXT(2) 
PARAMETRIC_REPRESENTATION_CONTEXT() REPRESENTATION_CONTEXT('2D SPACE',''
  ) );
#155 = ADVANCED_FACE('',(#156),#170,.T.);
#156 = FACE_BOUND('',#157,.T.);
#157 = EDGE_LOOP('',(#158,#193,#216,#244));
#158 = ORIENTED_EDGE('',*,*,#159,.F.);
#159 = EDGE_CURVE('',#160,#162,#164,.T.);
#160 = VERTEX_POINT('',#161);
#161 = CARTESIAN_POINT('',(-0.652968065906,0.546805808361,0.95));
#162 = VERTEX_POINT('',#163);
#163 = CARTESIAN_POINT('',(-0.652968065906,-0.546805808361,0.95));
#164 = SURFACE_CURVE('',#165,(#169,#181),.PCURVE_S1.);
#165 = LINE('',#166,#167);
#166 = CARTESIAN_POINT('',(-0.652968065906,0.65,0.95));
#167 = VECTOR('',#168,1.);
#168 = DIRECTION('',(0.,-1.,0.));
#169 = PCURVE('',#170,#175);
#170 = PLANE('',#171);
#171 = AXIS2_PLACEMENT_3D('',#172,#173,#174);
#172 = CARTESIAN_POINT('',(0.,0.,0.95));
#173 = DIRECTION('',(-0.,0.,1.));
#174 = DIRECTION('',(1.,0.,0.));
#175 = DEFINITIONAL_REPRESENTATION('',(#176),#180);
#176 = LINE('',#177,#178);
#177 = CARTESIAN_POINT('',(-0.652968065906,0.65));
#178 = VECTOR('',#179,1.);
#179 = DIRECTION('',(0.,-1.));
#180 = ( GEOMETRIC_REPRESENTATION_CONTEXT(2) 
PARAMETRIC_REPRESENTATION_CONTEXT() REPRESENTATION_CONTEXT('2D SPACE',''
  ) );
#181 = PCURVE('',#182,#187);
#182 = PLANE('',#183);
#183 = AXIS2_PLACEMENT_3D('',#184,#185,#186);
#184 = CARTESIAN_POINT('',(-0.652968065906,0.65,0.9499));
#185 = DIRECTION('',(-1.,0.,-0.));
#186 = DIRECTION('',(0.,0.,1.));
#187 = DEFINITIONAL_REPRESENTATION('',(#188),#192);
#188 = LINE('',#189,#190);
#189 = CARTESIAN_POINT('',(9.999999999988E-05,0.));
#190 = VECTOR('',#191,1.);
#191 = DIRECTION('',(0.,-1.));
#192 = ( GEOMETRIC_REPRESENTATION_CONTEXT(2) 
PARAMETRIC_REPRESENTATION_CONTEXT() REPRESENTATION_CONTEXT('2D SPACE',''
  ) );
#193 = ORIENTED_EDGE('',*,*,#194,.T.);
#194 = EDGE_CURVE('',#160,#195,#197,.T.);
#195 = VERTEX_POINT('',#196);
#196 = CARTESIAN_POINT('',(-0.746805808361,0.546805808361,0.95));
#197 = SURFACE_CURVE('',#198,(#202,#209),.PCURVE_S1.);
#198 = LINE('',#199,#200);
#199 = CARTESIAN_POINT('',(-1.046202432975E-16,0.546805808361,0.95));
#200 = VECTOR('',#201,1.);
#201 = DIRECTION('',(-1.,-1.913297951445E-16,0.));
#202 = PCURVE('',#170,#203);
#203 = DEFINITIONAL_REPRESENTATION('',(#204),#208);
#204 = LINE('',#205,#206);
#205 = CARTESIAN_POINT('',(-1.046202432975E-16,0.546805808361));
#206 = VECTOR('',#207,1.);
#207 = DIRECTION('',(-1.,-1.913297951445E-16));
#208 = ( GEOMETRIC_REPRESENTATION_CONTEXT(2) 
PARAMETRIC_REPRESENTATION_CONTEXT() REPRESENTATION_CONTEXT('2D SPACE',''
  ) );
#209 = PCURVE('',#118,#210);
#210 = DEFINITIONAL_REPRESENTATION('',(#211),#215);
#211 = LINE('',#212,#213);
#212 = CARTESIAN_POINT('',(1.570796326795,0.));
#213 = VECTOR('',#214,1.);
#214 = DIRECTION('',(0.,1.));
#215 = ( GEOMETRIC_REPRESENTATION_CONTEXT(2) 
PARAMETRIC_REPRESENTATION_CONTEXT() REPRESENTATION_CONTEXT('2D SPACE',''
  ) );
#216 = ORIENTED_EDGE('',*,*,#217,.T.);
#217 = EDGE_CURVE('',#195,#218,#220,.T.);
#218 = VERTEX_POINT('',#219);
#219 = CARTESIAN_POINT('',(-0.746805808361,-0.546805808361,0.95));
#220 = SURFACE_CURVE('',#221,(#225,#232),.PCURVE_S1.);
#221 = LINE('',#222,#223);
#222 = CARTESIAN_POINT('',(-0.746805808361,0.,0.95));
#223 = VECTOR('',#224,1.);
#224 = DIRECTION('',(0.,-1.,0.));
#225 = PCURVE('',#170,#226);
#226 = DEFINITIONAL_REPRESENTATION('',(#227),#231);
#227 = LINE('',#228,#229);
#228 = CARTESIAN_POINT('',(-0.746805808361,0.));
#229 = VECTOR('',#230,1.);
#230 = DIRECTION('',(0.,-1.));
#231 = ( GEOMETRIC_REPRESENTATION_CONTEXT(2) 
PARAMETRIC_REPRESENTATION_CONTEXT() REPRESENTATION_CONTEXT('2D SPACE',''
  ) );
#232 = PCURVE('',#233,#238);
#233 = CYLINDRICAL_SURFACE('',#234,5.E-02);
#234 = AXIS2_PLACEMENT_3D('',#235,#236,#237);
#235 = CARTESIAN_POINT('',(-0.746805808361,0.,0.9));
#236 = DIRECTION('',(0.,-1.,0.));
#237 = DIRECTION('',(0.,0.,-1.));
#238 = DEFINITIONAL_REPRESENTATION('',(#239),#243);
#239 = LINE('',#240,#241);
#240 = CARTESIAN_POINT('',(3.14159265359,0.));
#241 = VECTOR('',#242,1.);
#242 = DIRECTION('',(0.,1.));
#243 = ( GEOMETRIC_REPRESENTATION_CONTEXT(2) 
PARAMETRIC_REPRESENTATION_CONTEXT() REPRESENTATION_CONTEXT('2D SPACE',''
  ) );
#244 = ORIENTED_EDGE('',*,*,#245,.T.);
#245 = EDGE_CURVE('',#218,#162,#246,.T.);
#246 = SURFACE_CURVE('',#247,(#251,#258),.PCURVE_S1.);
#247 = LINE('',#248,#249);
#248 = CARTESIAN_POINT('',(0.,-0.546805808361,0.95));
#249 = VECTOR('',#250,1.);
#250 = DIRECTION('',(1.,0.,0.));
#251 = PCURVE('',#170,#252);
#252 = DEFINITIONAL_REPRESENTATION('',(#253),#257);
#253 = LINE('',#254,#255);
#254 = CARTESIAN_POINT('',(0.,-0.546805808361));
#255 = VECTOR('',#256,1.);
#256 = DIRECTION('',(1.,0.));
#257 = ( GEOMETRIC_REPRESENTATION_CONTEXT(2) 
PARAMETRIC_REPRESENTATION_CONTEXT() REPRESENTATION_CONTEXT('2D SPACE',''
  ) );
#258 = PCURVE('',#259,#264);
#259 = CYLINDRICAL_SURFACE('',#260,5.E-02);
#260 = AXIS2_PLACEMENT_3D('',#261,#262,#263);
#261 = CARTESIAN_POINT('',(0.,-0.546805808361,0.9));
#262 = DIRECTION('',(1.,0.,0.));
#263 = DIRECTION('',(0.,0.,-1.));
#264 = DEFINITIONAL_REPRESENTATION('',(#265),#269);
#265 = LINE('',#266,#267);
#266 = CARTESIAN_POINT('',(3.14159265359,0.));
#267 = VECTOR('',#268,1.);
#268 = DIRECTION('',(0.,1.));
#269 = ( GEOMETRIC_REPRESENTATION_CONTEXT(2) 
PARAMETRIC_REPRESENTATION_CONTEXT() REPRESENTATION_CONTEXT('2D SPACE',''
  ) );
#270 = ADVANCED_FACE('',(#271),#285,.T.);
#271 = FACE_BOUND('',#272,.T.);
#272 = EDGE_LOOP('',(#273,#308,#331,#359));
#273 = ORIENTED_EDGE('',*,*,#274,.F.);
#274 = EDGE_CURVE('',#275,#277,#279,.T.);
#275 = VERTEX_POINT('',#276);
#276 = CARTESIAN_POINT('',(-0.559255056447,-0.546805808361,0.95));
#277 = VERTEX_POINT('',#278);
#278 = CARTESIAN_POINT('',(-0.559255056447,0.546805808361,0.95));
#279 = SURFACE_CURVE('',#280,(#284,#296),.PCURVE_S1.);
#280 = LINE('',#281,#282);
#281 = CARTESIAN_POINT('',(-0.559255056447,0.65,0.95));
#282 = VECTOR('',#283,1.);
#283 = DIRECTION('',(-0.,1.,-0.));
#284 = PCURVE('',#285,#290);
#285 = PLANE('',#286);
#286 = AXIS2_PLACEMENT_3D('',#287,#288,#289);
#287 = CARTESIAN_POINT('',(0.,0.,0.95));
#288 = DIRECTION('',(-0.,0.,1.));
#289 = DIRECTION('',(1.,0.,0.));
#290 = DEFINITIONAL_REPRESENTATION('',(#291),#295);
#291 = LINE('',#292,#293);
#292 = CARTESIAN_POINT('',(-0.559255056447,0.65));
#293 = VECTOR('',#294,1.);
#294 = DIRECTION('',(0.,1.));
#295 = ( GEOMETRIC_REPRESENTATION_CONTEXT(2) 
PARAMETRIC_REPRESENTATION_CONTEXT() REPRESENTATION_CONTEXT('2D SPACE',''
  ) );
#296 = PCURVE('',#297,#302);
#297 = PLANE('',#298);
#298 = AXIS2_PLACEMENT_3D('',#299,#300,#301);
#299 = CARTESIAN_POINT('',(-0.559255056447,0.65,0.9499));
#300 = DIRECTION('',(1.,0.,0.));
#301 = DIRECTION('',(0.,0.,-1.));
#302 = DEFINITIONAL_REPRESENTATION('',(#303),#307);
#303 = LINE('',#304,#305);
#304 = CARTESIAN_POINT('',(-9.999999999988E-05,0.));
#305 = VECTOR('',#306,1.);
#306 = DIRECTION('',(0.,1.));
#307 = ( GEOMETRIC_REPRESENTATION_CONTEXT(2) 
PARAMETRIC_REPRESENTATION_CONTEXT() REPRESENTATION_CONTEXT('2D SPACE',''
  ) );
#308 = ORIENTED_EDGE('',*,*,#309,.T.);
#309 = EDGE_CURVE('',#275,#310,#312,.T.);
#310 = VERTEX_POINT('',#311);
#311 = CARTESIAN_POINT('',(0.746805808361,-0.546805808361,0.95));
#312 = SURFACE_CURVE('',#313,(#317,#324),.PCURVE_S1.);
#313 = LINE('',#314,#315);
#314 = CARTESIAN_POINT('',(0.,-0.546805808361,0.95));
#315 = VECTOR('',#316,1.);
#316 = DIRECTION('',(1.,0.,0.));
#317 = PCURVE('',#285,#318);
#318 = DEFINITIONAL_REPRESENTATION('',(#319),#323);
#319 = LINE('',#320,#321);
#320 = CARTESIAN_POINT('',(0.,-0.546805808361));
#321 = VECTOR('',#322,1.);
#322 = DIRECTION('',(1.,0.));
#323 = ( GEOMETRIC_REPRESENTATION_CONTEXT(2) 
PARAMETRIC_REPRESENTATION_CONTEXT() REPRESENTATION_CONTEXT('2D SPACE',''
  ) );
#324 = PCURVE('',#259,#325);
#325 = DEFINITIONAL_REPRESENTATION('',(#326),#330);
#326 = LINE('',#327,#328);
#327 = CARTESIAN_POINT('',(3.14159265359,0.));
#328 = VECTOR('',#329,1.);
#329 = DIRECTION('',(0.,1.));
#330 = ( GEOMETRIC_REPRESENTATION_CONTEXT(2) 
PARAMETRIC_REPRESENTATION_CONTEXT() REPRESENTATION_CONTEXT('2D SPACE',''
  ) );
#331 = ORIENTED_EDGE('',*,*,#332,.T.);
#332 = EDGE_CURVE('',#310,#333,#335,.T.);
#333 = VERTEX_POINT('',#334);
#334 = CARTESIAN_POINT('',(0.746805808361,0.546805808361,0.95));
#335 = SURFACE_CURVE('',#336,(#340,#347),.PCURVE_S1.);
#336 = LINE('',#337,#338);
#337 = CARTESIAN_POINT('',(0.746805808361,-6.228372921919E-17,0.95));
#338 = VECTOR('',#339,1.);
#339 = DIRECTION('',(8.340016711427E-17,1.,0.));
#340 = PCURVE('',#285,#341);
#341 = DEFINITIONAL_REPRESENTATION('',(#342),#346);
#342 = LINE('',#343,#344);
#343 = CARTESIAN_POINT('',(0.746805808361,-6.228372921919E-17));
#344 = VECTOR('',#345,1.);
#345 = DIRECTION('',(8.340016711427E-17,1.));
#346 = ( GEOMETRIC_REPRESENTATION_CONTEXT(2) 
PARAMETRIC_REPRESENTATION_CONTEXT() REPRESENTATION_CONTEXT('2D SPACE',''
  ) );
#347 = PCURVE('',#348,#353);
#348 = CYLINDRICAL_SURFACE('',#349,5.E-02);
#349 = AXIS2_PLACEMENT_3D('',#350,#351,#352);
#350 = CARTESIAN_POINT('',(0.746805808361,-6.228372921919E-17,0.9));
#351 = DIRECTION('',(8.340016711427E-17,1.,0.));
#352 = DIRECTION('',(-1.,8.340016711427E-17,0.));
#353 = DEFINITIONAL_REPRESENTATION('',(#354),#358);
#354 = LINE('',#355,#356);
#355 = CARTESIAN_POINT('',(1.570796326795,0.));
#356 = VECTOR('',#357,1.);
#357 = DIRECTION('',(0.,1.));
#358 = ( GEOMETRIC_REPRESENTATION_CONTEXT(2) 
PARAMETRIC_REPRESENTATION_CONTEXT() REPRESENTATION_CONTEXT('2D SPACE',''
  ) );
#359 = ORIENTED_EDGE('',*,*,#360,.T.);
#360 = EDGE_CURVE('',#333,#277,#361,.T.);
#361 = SURFACE_CURVE('',#362,(#366,#373),.PCURVE_S1.);
#362 = LINE('',#363,#364);
#363 = CARTESIAN_POINT('',(-1.046202432975E-16,0.546805808361,0.95));
#364 = VECTOR('',#365,1.);
#365 = DIRECTION('',(-1.,-1.913297951445E-16,0.));
#366 = PCURVE('',#285,#367);
#367 = DEFINITIONAL_REPRESENTATION('',(#368),#372);
#368 = LINE('',#369,#370);
#369 = CARTESIAN_POINT('',(-1.046202432975E-16,0.546805808361));
#370 = VECTOR('',#371,1.);
#371 = DIRECTION('',(-1.,-1.913297951445E-16));
#372 = ( GEOMETRIC_REPRESENTATION_CONTEXT(2) 
PARAMETRIC_REPRESENTATION_CONTEXT() REPRESENTATION_CONTEXT('2D SPACE',''
  ) );
#373 = PCURVE('',#118,#374);
#374 = DEFINITIONAL_REPRESENTATION('',(#375),#379);
#375 = LINE('',#376,#377);
#376 = CARTESIAN_POINT('',(1.570796326795,0.));
#377 = VECTOR('',#378,1.);
#378 = DIRECTION('',(0.,1.));
#379 = ( GEOMETRIC_REPRESENTATION_CONTEXT(2) 
PARAMETRIC_REPRESENTATION_CONTEXT() REPRESENTATION_CONTEXT('2D SPACE',''
  ) );
#380 = ADVANCED_FACE('',(#381),#395,.F.);
#381 = FACE_BOUND('',#382,.T.);
#382 = EDGE_LOOP('',(#383,#418,#446,#474));
#383 = ORIENTED_EDGE('',*,*,#384,.T.);
#384 = EDGE_CURVE('',#385,#387,#389,.T.);
#385 = VERTEX_POINT('',#386);
#386 = CARTESIAN_POINT('',(0.746805808361,0.546805808361,0.1));
#387 = VERTEX_POINT('',#388);
#388 = CARTESIAN_POINT('',(0.746805808361,-0.546805808361,0.1));
#389 = SURFACE_CURVE('',#390,(#394,#406),.PCURVE_S1.);
#390 = LINE('',#391,#392);
#391 = CARTESIAN_POINT('',(0.746805808361,-0.590270145251,0.1));
#392 = VECTOR('',#393,1.);
#393 = DIRECTION('',(-8.340016711427E-17,-1.,-0.));
#394 = PCURVE('',#395,#400);
#395 = PLANE('',#396);
#396 = AXIS2_PLACEMENT_3D('',#397,#398,#399);
#397 = CARTESIAN_POINT('',(0.,0.,0.1));
#398 = DIRECTION('',(-0.,0.,1.));
#399 = DIRECTION('',(1.,0.,0.));
#400 = DEFINITIONAL_REPRESENTATION('',(#401),#405);
#401 = LINE('',#402,#403);
#402 = CARTESIAN_POINT('',(0.746805808361,-0.590270145251));
#403 = VECTOR('',#404,1.);
#404 = DIRECTION('',(-8.340016711427E-17,-1.));
#405 = ( GEOMETRIC_REPRESENTATION_CONTEXT(2) 
PARAMETRIC_REPRESENTATION_CONTEXT() REPRESENTATION_CONTEXT('2D SPACE',''
  ) );
#406 = PCURVE('',#407,#412);
#407 = CYLINDRICAL_SURFACE('',#408,5.E-02);
#408 = AXIS2_PLACEMENT_3D('',#409,#410,#411);
#409 = CARTESIAN_POINT('',(0.746805808361,-6.228372921919E-17,0.15));
#410 = DIRECTION('',(-8.340016711427E-17,-1.,0.));
#411 = DIRECTION('',(1.,-8.340016711427E-17,0.));
#412 = DEFINITIONAL_REPRESENTATION('',(#413),#417);
#413 = LINE('',#414,#415);
#414 = CARTESIAN_POINT('',(4.712388980385,0.590270145251));
#415 = VECTOR('',#416,1.);
#416 = DIRECTION('',(-1.62430319159E-15,1.));
#417 = ( GEOMETRIC_REPRESENTATION_CONTEXT(2) 
PARAMETRIC_REPRESENTATION_CONTEXT() REPRESENTATION_CONTEXT('2D SPACE',''
  ) );
#418 = ORIENTED_EDGE('',*,*,#419,.T.);
#419 = EDGE_CURVE('',#387,#420,#422,.T.);
#420 = VERTEX_POINT('',#421);
#421 = CARTESIAN_POINT('',(-0.746805808361,-0.546805808361,0.1));
#422 = SURFACE_CURVE('',#423,(#427,#434),.PCURVE_S1.);
#423 = LINE('',#424,#425);
#424 = CARTESIAN_POINT('',(-0.790270145251,-0.546805808361,0.1));
#425 = VECTOR('',#426,1.);
#426 = DIRECTION('',(-1.,0.,-0.));
#427 = PCURVE('',#395,#428);
#428 = DEFINITIONAL_REPRESENTATION('',(#429),#433);
#429 = LINE('',#430,#431);
#430 = CARTESIAN_POINT('',(-0.790270145251,-0.546805808361));
#431 = VECTOR('',#432,1.);
#432 = DIRECTION('',(-1.,0.));
#433 = ( GEOMETRIC_REPRESENTATION_CONTEXT(2) 
PARAMETRIC_REPRESENTATION_CONTEXT() REPRESENTATION_CONTEXT('2D SPACE',''
  ) );
#434 = PCURVE('',#435,#440);
#435 = CYLINDRICAL_SURFACE('',#436,5.E-02);
#436 = AXIS2_PLACEMENT_3D('',#437,#438,#439);
#437 = CARTESIAN_POINT('',(0.,-0.546805808361,0.15));
#438 = DIRECTION('',(-1.,0.,-0.));
#439 = DIRECTION('',(0.,0.,1.));
#440 = DEFINITIONAL_REPRESENTATION('',(#441),#445);
#441 = LINE('',#442,#443);
#442 = CARTESIAN_POINT('',(3.14159265359,0.790270145251));
#443 = VECTOR('',#444,1.);
#444 = DIRECTION('',(0.,1.));
#445 = ( GEOMETRIC_REPRESENTATION_CONTEXT(2) 
PARAMETRIC_REPRESENTATION_CONTEXT() REPRESENTATION_CONTEXT('2D SPACE',''
  ) );
#446 = ORIENTED_EDGE('',*,*,#447,.T.);
#447 = EDGE_CURVE('',#420,#448,#450,.T.);
#448 = VERTEX_POINT('',#449);
#449 = CARTESIAN_POINT('',(-0.746805808361,0.546805808361,0.1));
#450 = SURFACE_CURVE('',#451,(#455,#462),.PCURVE_S1.);
#451 = LINE('',#452,#453);
#452 = CARTESIAN_POINT('',(-0.746805808361,0.590270145251,0.1));
#453 = VECTOR('',#454,1.);
#454 = DIRECTION('',(-0.,1.,-0.));
#455 = PCURVE('',#395,#456);
#456 = DEFINITIONAL_REPRESENTATION('',(#457),#461);
#457 = LINE('',#458,#459);
#458 = CARTESIAN_POINT('',(-0.746805808361,0.590270145251));
#459 = VECTOR('',#460,1.);
#460 = DIRECTION('',(0.,1.));
#461 = ( GEOMETRIC_REPRESENTATION_CONTEXT(2) 
PARAMETRIC_REPRESENTATION_CONTEXT() REPRESENTATION_CONTEXT('2D SPACE',''
  ) );
#462 = PCURVE('',#463,#468);
#463 = CYLINDRICAL_SURFACE('',#464,5.E-02);
#464 = AXIS2_PLACEMENT_3D('',#465,#466,#467);
#465 = CARTESIAN_POINT('',(-0.746805808361,0.,0.15));
#466 = DIRECTION('',(0.,1.,-0.));
#467 = DIRECTION('',(0.,0.,1.));
#468 = DEFINITIONAL_REPRESENTATION('',(#469),#473);
#469 = LINE('',#470,#471);
#470 = CARTESIAN_POINT('',(3.14159265359,0.590270145251));
#471 = VECTOR('',#472,1.);
#472 = DIRECTION('',(0.,1.));
#473 = ( GEOMETRIC_REPRESENTATION_CONTEXT(2) 
PARAMETRIC_REPRESENTATION_CONTEXT() REPRESENTATION_CONTEXT('2D SPACE',''
  ) );
#474 = ORIENTED_EDGE('',*,*,#475,.T.);
#475 = EDGE_CURVE('',#448,#385,#476,.T.);
#476 = SURFACE_CURVE('',#477,(#481,#488),.PCURVE_S1.);
#477 = LINE('',#478,#479);
#478 = CARTESIAN_POINT('',(0.790270145251,0.546805808361,0.1));
#479 = VECTOR('',#480,1.);
#480 = DIRECTION('',(1.,1.913297951445E-16,-0.));
#481 = PCURVE('',#395,#482);
#482 = DEFINITIONAL_REPRESENTATION('',(#483),#487);
#483 = LINE('',#484,#485);
#484 = CARTESIAN_POINT('',(0.790270145251,0.546805808361));
#485 = VECTOR('',#486,1.);
#486 = DIRECTION('',(1.,1.913297951445E-16));
#487 = ( GEOMETRIC_REPRESENTATION_CONTEXT(2) 
PARAMETRIC_REPRESENTATION_CONTEXT() REPRESENTATION_CONTEXT('2D SPACE',''
  ) );
#488 = PCURVE('',#489,#494);
#489 = CYLINDRICAL_SURFACE('',#490,5.E-02);
#490 = AXIS2_PLACEMENT_3D('',#491,#492,#493);
#491 = CARTESIAN_POINT('',(-1.046202432975E-16,0.546805808361,0.15));
#492 = DIRECTION('',(1.,1.913297951445E-16,0.));
#493 = DIRECTION('',(-1.913297951445E-16,1.,0.));
#494 = DEFINITIONAL_REPRESENTATION('',(#495),#499);
#495 = LINE('',#496,#497);
#496 = CARTESIAN_POINT('',(4.712388980385,0.790270145251));
#497 = VECTOR('',#498,1.);
#498 = DIRECTION('',(1.189303042045E-15,1.));
#499 = ( GEOMETRIC_REPRESENTATION_CONTEXT(2) 
PARAMETRIC_REPRESENTATION_CONTEXT() REPRESENTATION_CONTEXT('2D SPACE',''
  ) );
#500 = ADVANCED_FACE('',(#501),#515,.T.);
#501 = FACE_BOUND('',#502,.T.);
#502 = EDGE_LOOP('',(#503,#538,#566,#589));
#503 = ORIENTED_EDGE('',*,*,#504,.F.);
#504 = EDGE_CURVE('',#505,#507,#509,.T.);
#505 = VERTEX_POINT('',#506);
#506 = CARTESIAN_POINT('',(0.800486596563,-0.65,0.525));
#507 = VERTEX_POINT('',#508);
#508 = CARTESIAN_POINT('',(-0.800486596563,-0.65,0.525));
#509 = SURFACE_CURVE('',#510,(#514,#526),.PCURVE_S1.);
#510 = LINE('',#511,#512);
#511 = CARTESIAN_POINT('',(-0.85,-0.65,0.525));
#512 = VECTOR('',#513,1.);
#513 = DIRECTION('',(-1.,0.,0.));
#514 = PCURVE('',#515,#520);
#515 = PLANE('',#516);
#516 = AXIS2_PLACEMENT_3D('',#517,#518,#519);
#517 = CARTESIAN_POINT('',(0.,-0.590270145251,0.95));
#518 = DIRECTION('',(-0.,-0.990268068742,0.13917310096));
#519 = DIRECTION('',(-1.,0.,0.));
#520 = DEFINITIONAL_REPRESENTATION('',(#521),#525);
#521 = LINE('',#522,#523);
#522 = CARTESIAN_POINT('',(0.85,0.42917671832));
#523 = VECTOR('',#524,1.);
#524 = DIRECTION('',(1.,0.));
#525 = ( GEOMETRIC_REPRESENTATION_CONTEXT(2) 
PARAMETRIC_REPRESENTATION_CONTEXT() REPRESENTATION_CONTEXT('2D SPACE',''
  ) );
#526 = PCURVE('',#527,#532);
#527 = PLANE('',#528);
#528 = AXIS2_PLACEMENT_3D('',#529,#530,#531);
#529 = CARTESIAN_POINT('',(-0.85,-0.65,0.525));
#530 = DIRECTION('',(0.,0.990268068742,0.13917310096));
#531 = DIRECTION('',(1.,-0.,0.));
#532 = DEFINITIONAL_REPRESENTATION('',(#533),#537);
#533 = LINE('',#534,#535);
#534 = CARTESIAN_POINT('',(0.,1.984598881802E-14));
#535 = VECTOR('',#536,1.);
#536 = DIRECTION('',(-1.,0.));
#537 = ( GEOMETRIC_REPRESENTATION_CONTEXT(2) 
PARAMETRIC_REPRESENTATION_CONTEXT() REPRESENTATION_CONTEXT('2D SPACE',''
  ) );
#538 = ORIENTED_EDGE('',*,*,#539,.T.);
#539 = EDGE_CURVE('',#505,#540,#542,.T.);
#540 = VERTEX_POINT('',#541);
#541 = CARTESIAN_POINT('',(0.746805808361,-0.596319211798,0.906958655048
    ));
#542 = SURFACE_CURVE('',#543,(#547,#554),.PCURVE_S1.);
#543 = LINE('',#544,#545);
#544 = CARTESIAN_POINT('',(0.726681536653,-0.57619494009,1.050150288642)
  );
#545 = VECTOR('',#546,1.);
#546 = DIRECTION('',(-0.137844537492,0.137844537492,0.980814848464));
#547 = PCURVE('',#515,#548);
#548 = DEFINITIONAL_REPRESENTATION('',(#549),#553);
#549 = LINE('',#550,#551);
#550 = CARTESIAN_POINT('',(-0.726681536653,-0.101134522866));
#551 = VECTOR('',#552,1.);
#552 = DIRECTION('',(0.137844537492,-0.990453877515));
#553 = ( GEOMETRIC_REPRESENTATION_CONTEXT(2) 
PARAMETRIC_REPRESENTATION_CONTEXT() REPRESENTATION_CONTEXT('2D SPACE',''
  ) );
#554 = PCURVE('',#555,#560);
#555 = CYLINDRICAL_SURFACE('',#556,5.E-02);
#556 = AXIS2_PLACEMENT_3D('',#557,#558,#559);
#557 = CARTESIAN_POINT('',(0.730481759956,-0.530481759956,1.016151639764
    ));
#558 = DIRECTION('',(0.137844537492,-0.137844537492,-0.980814848464));
#559 = DIRECTION('',(-0.990268068742,-9.367506770275E-17,-0.13917310096)
  );
#560 = DEFINITIONAL_REPRESENTATION('',(#561),#565);
#561 = LINE('',#562,#563);
#562 = CARTESIAN_POINT('',(4.693018617048,-2.756890749833E-02));
#563 = VECTOR('',#564,1.);
#564 = DIRECTION('',(0.,-1.));
#565 = ( GEOMETRIC_REPRESENTATION_CONTEXT(2) 
PARAMETRIC_REPRESENTATION_CONTEXT() REPRESENTATION_CONTEXT('2D SPACE',''
  ) );
#566 = ORIENTED_EDGE('',*,*,#567,.T.);
#567 = EDGE_CURVE('',#540,#568,#570,.T.);
#568 = VERTEX_POINT('',#569);
#569 = CARTESIAN_POINT('',(-0.746805808361,-0.596319211798,
    0.906958655048));
#570 = SURFACE_CURVE('',#571,(#575,#582),.PCURVE_S1.);
#571 = LINE('',#572,#573);
#572 = CARTESIAN_POINT('',(0.,-0.596319211798,0.906958655048));
#573 = VECTOR('',#574,1.);
#574 = DIRECTION('',(-1.,-0.,-0.));
#575 = PCURVE('',#515,#576);
#576 = DEFINITIONAL_REPRESENTATION('',(#577),#581);
#577 = LINE('',#578,#579);
#578 = CARTESIAN_POINT('',(-0.,4.346433689081E-02));
#579 = VECTOR('',#580,1.);
#580 = DIRECTION('',(1.,0.));
#581 = ( GEOMETRIC_REPRESENTATION_CONTEXT(2) 
PARAMETRIC_REPRESENTATION_CONTEXT() REPRESENTATION_CONTEXT('2D SPACE',''
  ) );
#582 = PCURVE('',#259,#583);
#583 = DEFINITIONAL_REPRESENTATION('',(#584),#588);
#584 = LINE('',#585,#586);
#585 = CARTESIAN_POINT('',(4.572762640225,0.));
#586 = VECTOR('',#587,1.);
#587 = DIRECTION('',(0.,-1.));
#588 = ( GEOMETRIC_REPRESENTATION_CONTEXT(2) 
PARAMETRIC_REPRESENTATION_CONTEXT() REPRESENTATION_CONTEXT('2D SPACE',''
  ) );
#589 = ORIENTED_EDGE('',*,*,#590,.T.);
#590 = EDGE_CURVE('',#568,#507,#591,.T.);
#591 = SURFACE_CURVE('',#592,(#596,#603),.PCURVE_S1.);
#592 = LINE('',#593,#594);
#593 = CARTESIAN_POINT('',(-0.726681536653,-0.57619494009,1.050150288642
    ));
#594 = VECTOR('',#595,1.);
#595 = DIRECTION('',(-0.137844537492,-0.137844537492,-0.980814848464));
#596 = PCURVE('',#515,#597);
#597 = DEFINITIONAL_REPRESENTATION('',(#598),#602);
#598 = LINE('',#599,#600);
#599 = CARTESIAN_POINT('',(0.726681536653,-0.101134522866));
#600 = VECTOR('',#601,1.);
#601 = DIRECTION('',(0.137844537492,0.990453877515));
#602 = ( GEOMETRIC_REPRESENTATION_CONTEXT(2) 
PARAMETRIC_REPRESENTATION_CONTEXT() REPRESENTATION_CONTEXT('2D SPACE',''
  ) );
#603 = PCURVE('',#604,#609);
#604 = CYLINDRICAL_SURFACE('',#605,5.E-02);
#605 = AXIS2_PLACEMENT_3D('',#606,#607,#608);
#606 = CARTESIAN_POINT('',(-0.730481759956,-0.530481759956,
    1.016151639764));
#607 = DIRECTION('',(0.137844537492,0.137844537492,0.980814848464));
#608 = DIRECTION('',(0.990268068742,-7.632783294298E-17,-0.13917310096)
  );
#609 = DEFINITIONAL_REPRESENTATION('',(#610),#614);
#610 = LINE('',#611,#612);
#611 = CARTESIAN_POINT('',(4.693018617048,2.756890749833E-02));
#612 = VECTOR('',#613,1.);
#613 = DIRECTION('',(-4.561428681424E-15,-1.));
#614 = ( GEOMETRIC_REPRESENTATION_CONTEXT(2) 
PARAMETRIC_REPRESENTATION_CONTEXT() REPRESENTATION_CONTEXT('2D SPACE',''
  ) );
#615 = ADVANCED_FACE('',(#616),#630,.T.);
#616 = FACE_BOUND('',#617,.T.);
#617 = EDGE_LOOP('',(#618,#653,#681,#704,#727,#750,#773,#801));
#618 = ORIENTED_EDGE('',*,*,#619,.F.);
#619 = EDGE_CURVE('',#620,#622,#624,.T.);
#620 = VERTEX_POINT('',#621);
#621 = CARTESIAN_POINT('',(0.85,0.15,0.525));
#622 = VERTEX_POINT('',#623);
#623 = CARTESIAN_POINT('',(0.842972958265,0.15,0.575));
#624 = SURFACE_CURVE('',#625,(#629,#641),.PCURVE_S1.);
#625 = LINE('',#626,#627);
#626 = CARTESIAN_POINT('',(0.790270145251,0.15,0.95));
#627 = VECTOR('',#628,1.);
#628 = DIRECTION('',(-0.13917310096,0.,0.990268068742));
#629 = PCURVE('',#630,#635);
#630 = PLANE('',#631);
#631 = AXIS2_PLACEMENT_3D('',#632,#633,#634);
#632 = CARTESIAN_POINT('',(0.790270145251,-6.590866217939E-17,0.95));
#633 = DIRECTION('',(0.990268068742,-8.258852242097E-17,0.13917310096));
#634 = DIRECTION('',(-8.340016711427E-17,-1.,-1.54074395551E-33));
#635 = DEFINITIONAL_REPRESENTATION('',(#636),#640);
#636 = LINE('',#637,#638);
#637 = CARTESIAN_POINT('',(-0.15,-1.741058981682E-18));
#638 = VECTOR('',#639,1.);
#639 = DIRECTION('',(1.160705987788E-17,-1.));
#640 = ( GEOMETRIC_REPRESENTATION_CONTEXT(2) 
PARAMETRIC_REPRESENTATION_CONTEXT() REPRESENTATION_CONTEXT('2D SPACE',''
  ) );
#641 = PCURVE('',#642,#647);
#642 = PLANE('',#643);
#643 = AXIS2_PLACEMENT_3D('',#644,#645,#646);
#644 = CARTESIAN_POINT('',(1.180787621036,0.15,0.15));
#645 = DIRECTION('',(-0.,1.,0.));
#646 = DIRECTION('',(1.,0.,0.));
#647 = DEFINITIONAL_REPRESENTATION('',(#648),#652);
#648 = LINE('',#649,#650);
#649 = CARTESIAN_POINT('',(-0.390517475785,-0.8));
#650 = VECTOR('',#651,1.);
#651 = DIRECTION('',(-0.13917310096,-0.990268068742));
#652 = ( GEOMETRIC_REPRESENTATION_CONTEXT(2) 
PARAMETRIC_REPRESENTATION_CONTEXT() REPRESENTATION_CONTEXT('2D SPACE',''
  ) );
#653 = ORIENTED_EDGE('',*,*,#654,.F.);
#654 = EDGE_CURVE('',#655,#620,#657,.T.);
#655 = VERTEX_POINT('',#656);
#656 = CARTESIAN_POINT('',(0.85,0.600486596563,0.525));
#657 = SURFACE_CURVE('',#658,(#662,#669),.PCURVE_S1.);
#658 = LINE('',#659,#660);
#659 = CARTESIAN_POINT('',(0.85,-0.65,0.525));
#660 = VECTOR('',#661,1.);
#661 = DIRECTION('',(-8.340016711427E-17,-1.,-0.));
#662 = PCURVE('',#630,#663);
#663 = DEFINITIONAL_REPRESENTATION('',(#664),#668);
#664 = LINE('',#665,#666);
#665 = CARTESIAN_POINT('',(0.65,0.42917671832));
#666 = VECTOR('',#667,1.);
#667 = DIRECTION('',(1.,-3.08148791102E-33));
#668 = ( GEOMETRIC_REPRESENTATION_CONTEXT(2) 
PARAMETRIC_REPRESENTATION_CONTEXT() REPRESENTATION_CONTEXT('2D SPACE',''
  ) );
#669 = PCURVE('',#670,#675);
#670 = PLANE('',#671);
#671 = AXIS2_PLACEMENT_3D('',#672,#673,#674);
#672 = CARTESIAN_POINT('',(0.85,0.65,0.525));
#673 = DIRECTION('',(-0.990268068742,8.258852242097E-17,0.13917310096));
#674 = DIRECTION('',(8.340016711427E-17,1.,1.54074395551E-33));
#675 = DEFINITIONAL_REPRESENTATION('',(#676),#680);
#676 = LINE('',#677,#678);
#677 = CARTESIAN_POINT('',(-1.3,1.984635095829E-14));
#678 = VECTOR('',#679,1.);
#679 = DIRECTION('',(-1.,0.));
#680 = ( GEOMETRIC_REPRESENTATION_CONTEXT(2) 
PARAMETRIC_REPRESENTATION_CONTEXT() REPRESENTATION_CONTEXT('2D SPACE',''
  ) );
#681 = ORIENTED_EDGE('',*,*,#682,.T.);
#682 = EDGE_CURVE('',#655,#683,#685,.T.);
#683 = VERTEX_POINT('',#684);
#684 = CARTESIAN_POINT('',(0.796319211798,0.546805808361,0.906958655048)
  );
#685 = SURFACE_CURVE('',#686,(#690,#697),.PCURVE_S1.);
#686 = LINE('',#687,#688);
#687 = CARTESIAN_POINT('',(0.779995163393,0.530481759956,1.023110294812)
  );
#688 = VECTOR('',#689,1.);
#689 = DIRECTION('',(-0.137844537492,-0.137844537492,0.980814848464));
#690 = PCURVE('',#630,#691);
#691 = DEFINITIONAL_REPRESENTATION('',(#692),#696);
#692 = LINE('',#693,#694);
#693 = CARTESIAN_POINT('',(-0.530481759956,-7.382879153586E-02));
#694 = VECTOR('',#695,1.);
#695 = DIRECTION('',(0.137844537492,-0.990453877515));
#696 = ( GEOMETRIC_REPRESENTATION_CONTEXT(2) 
PARAMETRIC_REPRESENTATION_CONTEXT() REPRESENTATION_CONTEXT('2D SPACE',''
  ) );
#697 = PCURVE('',#144,#698);
#698 = DEFINITIONAL_REPRESENTATION('',(#699),#703);
#699 = LINE('',#700,#701);
#700 = CARTESIAN_POINT('',(1.551425963458,2.756890749833E-02));
#701 = VECTOR('',#702,1.);
#702 = DIRECTION('',(0.,-1.));
#703 = ( GEOMETRIC_REPRESENTATION_CONTEXT(2) 
PARAMETRIC_REPRESENTATION_CONTEXT() REPRESENTATION_CONTEXT('2D SPACE',''
  ) );
#704 = ORIENTED_EDGE('',*,*,#705,.T.);
#705 = EDGE_CURVE('',#683,#706,#708,.T.);
#706 = VERTEX_POINT('',#707);
#707 = CARTESIAN_POINT('',(0.796319211798,-0.546805808361,0.906958655048
    ));
#708 = SURFACE_CURVE('',#709,(#713,#720),.PCURVE_S1.);
#709 = LINE('',#710,#711);
#710 = CARTESIAN_POINT('',(0.796319211798,-6.641315534024E-17,
    0.906958655048));
#711 = VECTOR('',#712,1.);
#712 = DIRECTION('',(-8.340016711427E-17,-1.,1.584279285592E-33));
#713 = PCURVE('',#630,#714);
#714 = DEFINITIONAL_REPRESENTATION('',(#715),#719);
#715 = LINE('',#716,#717);
#716 = CARTESIAN_POINT('',(8.733000441814E-33,4.346433689081E-02));
#717 = VECTOR('',#718,1.);
#718 = DIRECTION('',(1.,-4.619961588635E-33));
#719 = ( GEOMETRIC_REPRESENTATION_CONTEXT(2) 
PARAMETRIC_REPRESENTATION_CONTEXT() REPRESENTATION_CONTEXT('2D SPACE',''
  ) );
#720 = PCURVE('',#348,#721);
#721 = DEFINITIONAL_REPRESENTATION('',(#722),#726);
#722 = LINE('',#723,#724);
#723 = CARTESIAN_POINT('',(3.00196631343,0.));
#724 = VECTOR('',#725,1.);
#725 = DIRECTION('',(0.,-1.));
#726 = ( GEOMETRIC_REPRESENTATION_CONTEXT(2) 
PARAMETRIC_REPRESENTATION_CONTEXT() REPRESENTATION_CONTEXT('2D SPACE',''
  ) );
#727 = ORIENTED_EDGE('',*,*,#728,.T.);
#728 = EDGE_CURVE('',#706,#729,#731,.T.);
#729 = VERTEX_POINT('',#730);
#730 = CARTESIAN_POINT('',(0.85,-0.600486596563,0.525));
#731 = SURFACE_CURVE('',#732,(#736,#743),.PCURVE_S1.);
#732 = LINE('',#733,#734);
#733 = CARTESIAN_POINT('',(0.779995163393,-0.530481759956,1.023110294812
    ));
#734 = VECTOR('',#735,1.);
#735 = DIRECTION('',(0.137844537492,-0.137844537492,-0.980814848464));
#736 = PCURVE('',#630,#737);
#737 = DEFINITIONAL_REPRESENTATION('',(#738),#742);
#738 = LINE('',#739,#740);
#739 = CARTESIAN_POINT('',(0.530481759956,-7.382879153586E-02));
#740 = VECTOR('',#741,1.);
#741 = DIRECTION('',(0.137844537492,0.990453877515));
#742 = ( GEOMETRIC_REPRESENTATION_CONTEXT(2) 
PARAMETRIC_REPRESENTATION_CONTEXT() REPRESENTATION_CONTEXT('2D SPACE',''
  ) );
#743 = PCURVE('',#555,#744);
#744 = DEFINITIONAL_REPRESENTATION('',(#745),#749);
#745 = LINE('',#746,#747);
#746 = CARTESIAN_POINT('',(3.14159265359,1.52655665886E-16));
#747 = VECTOR('',#748,1.);
#748 = DIRECTION('',(-5.701785851781E-15,1.));
#749 = ( GEOMETRIC_REPRESENTATION_CONTEXT(2) 
PARAMETRIC_REPRESENTATION_CONTEXT() REPRESENTATION_CONTEXT('2D SPACE',''
  ) );
#750 = ORIENTED_EDGE('',*,*,#751,.F.);
#751 = EDGE_CURVE('',#752,#729,#754,.T.);
#752 = VERTEX_POINT('',#753);
#753 = CARTESIAN_POINT('',(0.85,-0.15,0.525));
#754 = SURFACE_CURVE('',#755,(#759,#766),.PCURVE_S1.);
#755 = LINE('',#756,#757);
#756 = CARTESIAN_POINT('',(0.85,-0.65,0.525));
#757 = VECTOR('',#758,1.);
#758 = DIRECTION('',(-8.340016711427E-17,-1.,-0.));
#759 = PCURVE('',#630,#760);
#760 = DEFINITIONAL_REPRESENTATION('',(#761),#765);
#761 = LINE('',#762,#763);
#762 = CARTESIAN_POINT('',(0.65,0.42917671832));
#763 = VECTOR('',#764,1.);
#764 = DIRECTION('',(1.,-3.08148791102E-33));
#765 = ( GEOMETRIC_REPRESENTATION_CONTEXT(2) 
PARAMETRIC_REPRESENTATION_CONTEXT() REPRESENTATION_CONTEXT('2D SPACE',''
  ) );
#766 = PCURVE('',#670,#767);
#767 = DEFINITIONAL_REPRESENTATION('',(#768),#772);
#768 = LINE('',#769,#770);
#769 = CARTESIAN_POINT('',(-1.3,1.984635095829E-14));
#770 = VECTOR('',#771,1.);
#771 = DIRECTION('',(-1.,0.));
#772 = ( GEOMETRIC_REPRESENTATION_CONTEXT(2) 
PARAMETRIC_REPRESENTATION_CONTEXT() REPRESENTATION_CONTEXT('2D SPACE',''
  ) );
#773 = ORIENTED_EDGE('',*,*,#774,.T.);
#774 = EDGE_CURVE('',#752,#775,#777,.T.);
#775 = VERTEX_POINT('',#776);
#776 = CARTESIAN_POINT('',(0.842972958265,-0.15,0.575));
#777 = SURFACE_CURVE('',#778,(#782,#789),.PCURVE_S1.);
#778 = LINE('',#779,#780);
#779 = CARTESIAN_POINT('',(0.790270145251,-0.15,0.95));
#780 = VECTOR('',#781,1.);
#781 = DIRECTION('',(-0.13917310096,0.,0.990268068742));
#782 = PCURVE('',#630,#783);
#783 = DEFINITIONAL_REPRESENTATION('',(#784),#788);
#784 = LINE('',#785,#786);
#785 = CARTESIAN_POINT('',(0.15,1.741058981682E-18));
#786 = VECTOR('',#787,1.);
#787 = DIRECTION('',(1.160705987788E-17,-1.));
#788 = ( GEOMETRIC_REPRESENTATION_CONTEXT(2) 
PARAMETRIC_REPRESENTATION_CONTEXT() REPRESENTATION_CONTEXT('2D SPACE',''
  ) );
#789 = PCURVE('',#790,#795);
#790 = PLANE('',#791);
#791 = AXIS2_PLACEMENT_3D('',#792,#793,#794);
#792 = CARTESIAN_POINT('',(1.180787621036,-0.15,0.15));
#793 = DIRECTION('',(-0.,1.,0.));
#794 = DIRECTION('',(1.,0.,0.));
#795 = DEFINITIONAL_REPRESENTATION('',(#796),#800);
#796 = LINE('',#797,#798);
#797 = CARTESIAN_POINT('',(-0.390517475785,-0.8));
#798 = VECTOR('',#799,1.);
#799 = DIRECTION('',(-0.13917310096,-0.990268068742));
#800 = ( GEOMETRIC_REPRESENTATION_CONTEXT(2) 
PARAMETRIC_REPRESENTATION_CONTEXT() REPRESENTATION_CONTEXT('2D SPACE',''
  ) );
#801 = ORIENTED_EDGE('',*,*,#802,.T.);
#802 = EDGE_CURVE('',#775,#622,#803,.T.);
#803 = SURFACE_CURVE('',#804,(#808,#815),.PCURVE_S1.);
#804 = LINE('',#805,#806);
#805 = CARTESIAN_POINT('',(0.842972958265,-7.03040855921E-17,0.575));
#806 = VECTOR('',#807,1.);
#807 = DIRECTION('',(8.340016711427E-17,1.,-9.731106087045E-33));
#808 = PCURVE('',#630,#809);
#809 = DEFINITIONAL_REPRESENTATION('',(#810),#814);
#810 = LINE('',#811,#812);
#811 = CARTESIAN_POINT('',(-4.044452883213E-33,0.378685339694));
#812 = VECTOR('',#813,1.);
#813 = DIRECTION('',(-1.,1.422998893514E-32));
#814 = ( GEOMETRIC_REPRESENTATION_CONTEXT(2) 
PARAMETRIC_REPRESENTATION_CONTEXT() REPRESENTATION_CONTEXT('2D SPACE',''
  ) );
#815 = PCURVE('',#816,#821);
#816 = PLANE('',#817);
#817 = AXIS2_PLACEMENT_3D('',#818,#819,#820);
#818 = CARTESIAN_POINT('',(0.929212378964,0.15,0.575));
#819 = DIRECTION('',(-1.166796953022E-16,0.,-1.));
#820 = DIRECTION('',(-1.,0.,1.166796953022E-16));
#821 = DEFINITIONAL_REPRESENTATION('',(#822),#826);
#822 = LINE('',#823,#824);
#823 = CARTESIAN_POINT('',(8.623942069913E-02,-0.15));
#824 = VECTOR('',#825,1.);
#825 = DIRECTION('',(-8.340016711427E-17,1.));
#826 = ( GEOMETRIC_REPRESENTATION_CONTEXT(2) 
PARAMETRIC_REPRESENTATION_CONTEXT() REPRESENTATION_CONTEXT('2D SPACE',''
  ) );
#827 = ADVANCED_FACE('',(#828),#842,.T.);
#828 = FACE_BOUND('',#829,.T.);
#829 = EDGE_LOOP('',(#830,#865,#893,#921,#949,#972,#995,#1018));
#830 = ORIENTED_EDGE('',*,*,#831,.F.);
#831 = EDGE_CURVE('',#832,#834,#836,.T.);
#832 = VERTEX_POINT('',#833);
#833 = CARTESIAN_POINT('',(-0.842972958265,0.15,0.575));
#834 = VERTEX_POINT('',#835);
#835 = CARTESIAN_POINT('',(-0.85,0.15,0.525));
#836 = SURFACE_CURVE('',#837,(#841,#853),.PCURVE_S1.);
#837 = LINE('',#838,#839);
#838 = CARTESIAN_POINT('',(-0.790270145251,0.15,0.95));
#839 = VECTOR('',#840,1.);
#840 = DIRECTION('',(-0.13917310096,0.,-0.990268068742));
#841 = PCURVE('',#842,#847);
#842 = PLANE('',#843);
#843 = AXIS2_PLACEMENT_3D('',#844,#845,#846);
#844 = CARTESIAN_POINT('',(-0.790270145251,0.,0.95));
#845 = DIRECTION('',(-0.990268068742,0.,0.13917310096));
#846 = DIRECTION('',(0.,1.,0.));
#847 = DEFINITIONAL_REPRESENTATION('',(#848),#852);
#848 = LINE('',#849,#850);
#849 = CARTESIAN_POINT('',(0.15,0.));
#850 = VECTOR('',#851,1.);
#851 = DIRECTION('',(0.,1.));
#852 = ( GEOMETRIC_REPRESENTATION_CONTEXT(2) 
PARAMETRIC_REPRESENTATION_CONTEXT() REPRESENTATION_CONTEXT('2D SPACE',''
  ) );
#853 = PCURVE('',#854,#859);
#854 = PLANE('',#855);
#855 = AXIS2_PLACEMENT_3D('',#856,#857,#858);
#856 = CARTESIAN_POINT('',(1.180787621036,0.15,0.15));
#857 = DIRECTION('',(-0.,1.,0.));
#858 = DIRECTION('',(1.,0.,0.));
#859 = DEFINITIONAL_REPRESENTATION('',(#860),#864);
#860 = LINE('',#861,#862);
#861 = CARTESIAN_POINT('',(-1.971057766287,-0.8));
#862 = VECTOR('',#863,1.);
#863 = DIRECTION('',(-0.13917310096,0.990268068742));
#864 = ( GEOMETRIC_REPRESENTATION_CONTEXT(2) 
PARAMETRIC_REPRESENTATION_CONTEXT() REPRESENTATION_CONTEXT('2D SPACE',''
  ) );
#865 = ORIENTED_EDGE('',*,*,#866,.T.);
#866 = EDGE_CURVE('',#832,#867,#869,.T.);
#867 = VERTEX_POINT('',#868);
#868 = CARTESIAN_POINT('',(-0.842972958265,-0.15,0.575));
#869 = SURFACE_CURVE('',#870,(#874,#881),.PCURVE_S1.);
#870 = LINE('',#871,#872);
#871 = CARTESIAN_POINT('',(-0.842972958265,0.,0.575));
#872 = VECTOR('',#873,1.);
#873 = DIRECTION('',(0.,-1.,0.));
#874 = PCURVE('',#842,#875);
#875 = DEFINITIONAL_REPRESENTATION('',(#876),#880);
#876 = LINE('',#877,#878);
#877 = CARTESIAN_POINT('',(0.,0.378685339694));
#878 = VECTOR('',#879,1.);
#879 = DIRECTION('',(-1.,-0.));
#880 = ( GEOMETRIC_REPRESENTATION_CONTEXT(2) 
PARAMETRIC_REPRESENTATION_CONTEXT() REPRESENTATION_CONTEXT('2D SPACE',''
  ) );
#881 = PCURVE('',#882,#887);
#882 = PLANE('',#883);
#883 = AXIS2_PLACEMENT_3D('',#884,#885,#886);
#884 = CARTESIAN_POINT('',(0.929212378964,0.15,0.575));
#885 = DIRECTION('',(-1.166796953022E-16,0.,-1.));
#886 = DIRECTION('',(-1.,0.,1.166796953022E-16));
#887 = DEFINITIONAL_REPRESENTATION('',(#888),#892);
#888 = LINE('',#889,#890);
#889 = CARTESIAN_POINT('',(1.772185337229,-0.15));
#890 = VECTOR('',#891,1.);
#891 = DIRECTION('',(0.,-1.));
#892 = ( GEOMETRIC_REPRESENTATION_CONTEXT(2) 
PARAMETRIC_REPRESENTATION_CONTEXT() REPRESENTATION_CONTEXT('2D SPACE',''
  ) );
#893 = ORIENTED_EDGE('',*,*,#894,.T.);
#894 = EDGE_CURVE('',#867,#895,#897,.T.);
#895 = VERTEX_POINT('',#896);
#896 = CARTESIAN_POINT('',(-0.85,-0.15,0.525));
#897 = SURFACE_CURVE('',#898,(#902,#909),.PCURVE_S1.);
#898 = LINE('',#899,#900);
#899 = CARTESIAN_POINT('',(-0.790270145251,-0.15,0.95));
#900 = VECTOR('',#901,1.);
#901 = DIRECTION('',(-0.13917310096,0.,-0.990268068742));
#902 = PCURVE('',#842,#903);
#903 = DEFINITIONAL_REPRESENTATION('',(#904),#908);
#904 = LINE('',#905,#906);
#905 = CARTESIAN_POINT('',(-0.15,-0.));
#906 = VECTOR('',#907,1.);
#907 = DIRECTION('',(0.,1.));
#908 = ( GEOMETRIC_REPRESENTATION_CONTEXT(2) 
PARAMETRIC_REPRESENTATION_CONTEXT() REPRESENTATION_CONTEXT('2D SPACE',''
  ) );
#909 = PCURVE('',#910,#915);
#910 = PLANE('',#911);
#911 = AXIS2_PLACEMENT_3D('',#912,#913,#914);
#912 = CARTESIAN_POINT('',(1.180787621036,-0.15,0.15));
#913 = DIRECTION('',(-0.,1.,0.));
#914 = DIRECTION('',(1.,0.,0.));
#915 = DEFINITIONAL_REPRESENTATION('',(#916),#920);
#916 = LINE('',#917,#918);
#917 = CARTESIAN_POINT('',(-1.971057766287,-0.8));
#918 = VECTOR('',#919,1.);
#919 = DIRECTION('',(-0.13917310096,0.990268068742));
#920 = ( GEOMETRIC_REPRESENTATION_CONTEXT(2) 
PARAMETRIC_REPRESENTATION_CONTEXT() REPRESENTATION_CONTEXT('2D SPACE',''
  ) );
#921 = ORIENTED_EDGE('',*,*,#922,.F.);
#922 = EDGE_CURVE('',#923,#895,#925,.T.);
#923 = VERTEX_POINT('',#924);
#924 = CARTESIAN_POINT('',(-0.85,-0.600486596563,0.525));
#925 = SURFACE_CURVE('',#926,(#930,#937),.PCURVE_S1.);
#926 = LINE('',#927,#928);
#927 = CARTESIAN_POINT('',(-0.85,0.65,0.525));
#928 = VECTOR('',#929,1.);
#929 = DIRECTION('',(0.,1.,0.));
#930 = PCURVE('',#842,#931);
#931 = DEFINITIONAL_REPRESENTATION('',(#932),#936);
#932 = LINE('',#933,#934);
#933 = CARTESIAN_POINT('',(0.65,0.42917671832));
#934 = VECTOR('',#935,1.);
#935 = DIRECTION('',(1.,0.));
#936 = ( GEOMETRIC_REPRESENTATION_CONTEXT(2) 
PARAMETRIC_REPRESENTATION_CONTEXT() REPRESENTATION_CONTEXT('2D SPACE',''
  ) );
#937 = PCURVE('',#938,#943);
#938 = PLANE('',#939);
#939 = AXIS2_PLACEMENT_3D('',#940,#941,#942);
#940 = CARTESIAN_POINT('',(-0.85,0.65,0.525));
#941 = DIRECTION('',(0.990268068742,0.,0.13917310096));
#942 = DIRECTION('',(0.,-1.,0.));
#943 = DEFINITIONAL_REPRESENTATION('',(#944),#948);
#944 = LINE('',#945,#946);
#945 = CARTESIAN_POINT('',(0.,1.984598881802E-14));
#946 = VECTOR('',#947,1.);
#947 = DIRECTION('',(-1.,0.));
#948 = ( GEOMETRIC_REPRESENTATION_CONTEXT(2) 
PARAMETRIC_REPRESENTATION_CONTEXT() REPRESENTATION_CONTEXT('2D SPACE',''
  ) );
#949 = ORIENTED_EDGE('',*,*,#950,.T.);
#950 = EDGE_CURVE('',#923,#951,#953,.T.);
#951 = VERTEX_POINT('',#952);
#952 = CARTESIAN_POINT('',(-0.796319211798,-0.546805808361,
    0.906958655048));
#953 = SURFACE_CURVE('',#954,(#958,#965),.PCURVE_S1.);
#954 = LINE('',#955,#956);
#955 = CARTESIAN_POINT('',(-0.779995163393,-0.530481759956,
    1.023110294812));
#956 = VECTOR('',#957,1.);
#957 = DIRECTION('',(0.137844537492,0.137844537492,0.980814848464));
#958 = PCURVE('',#842,#959);
#959 = DEFINITIONAL_REPRESENTATION('',(#960),#964);
#960 = LINE('',#961,#962);
#961 = CARTESIAN_POINT('',(-0.530481759956,-7.382879153586E-02));
#962 = VECTOR('',#963,1.);
#963 = DIRECTION('',(0.137844537492,-0.990453877515));
#964 = ( GEOMETRIC_REPRESENTATION_CONTEXT(2) 
PARAMETRIC_REPRESENTATION_CONTEXT() REPRESENTATION_CONTEXT('2D SPACE',''
  ) );
#965 = PCURVE('',#604,#966);
#966 = DEFINITIONAL_REPRESENTATION('',(#967),#971);
#967 = LINE('',#968,#969);
#968 = CARTESIAN_POINT('',(3.14159265359,0.));
#969 = VECTOR('',#970,1.);
#970 = DIRECTION('',(5.701785851781E-15,1.));
#971 = ( GEOMETRIC_REPRESENTATION_CONTEXT(2) 
PARAMETRIC_REPRESENTATION_CONTEXT() REPRESENTATION_CONTEXT('2D SPACE',''
  ) );
#972 = ORIENTED_EDGE('',*,*,#973,.T.);
#973 = EDGE_CURVE('',#951,#974,#976,.T.);
#974 = VERTEX_POINT('',#975);
#975 = CARTESIAN_POINT('',(-0.796319211798,0.546805808361,0.906958655048
    ));
#976 = SURFACE_CURVE('',#977,(#981,#988),.PCURVE_S1.);
#977 = LINE('',#978,#979);
#978 = CARTESIAN_POINT('',(-0.796319211798,0.,0.906958655048));
#979 = VECTOR('',#980,1.);
#980 = DIRECTION('',(-0.,1.,-0.));
#981 = PCURVE('',#842,#982);
#982 = DEFINITIONAL_REPRESENTATION('',(#983),#987);
#983 = LINE('',#984,#985);
#984 = CARTESIAN_POINT('',(0.,4.346433689081E-02));
#985 = VECTOR('',#986,1.);
#986 = DIRECTION('',(1.,0.));
#987 = ( GEOMETRIC_REPRESENTATION_CONTEXT(2) 
PARAMETRIC_REPRESENTATION_CONTEXT() REPRESENTATION_CONTEXT('2D SPACE',''
  ) );
#988 = PCURVE('',#233,#989);
#989 = DEFINITIONAL_REPRESENTATION('',(#990),#994);
#990 = LINE('',#991,#992);
#991 = CARTESIAN_POINT('',(4.572762640225,0.));
#992 = VECTOR('',#993,1.);
#993 = DIRECTION('',(0.,-1.));
#994 = ( GEOMETRIC_REPRESENTATION_CONTEXT(2) 
PARAMETRIC_REPRESENTATION_CONTEXT() REPRESENTATION_CONTEXT('2D SPACE',''
  ) );
#995 = ORIENTED_EDGE('',*,*,#996,.T.);
#996 = EDGE_CURVE('',#974,#997,#999,.T.);
#997 = VERTEX_POINT('',#998);
#998 = CARTESIAN_POINT('',(-0.85,0.600486596563,0.525));
#999 = SURFACE_CURVE('',#1000,(#1004,#1011),.PCURVE_S1.);
#1000 = LINE('',#1001,#1002);
#1001 = CARTESIAN_POINT('',(-0.779995163393,0.530481759956,
    1.023110294812));
#1002 = VECTOR('',#1003,1.);
#1003 = DIRECTION('',(-0.137844537492,0.137844537492,-0.980814848464));
#1004 = PCURVE('',#842,#1005);
#1005 = DEFINITIONAL_REPRESENTATION('',(#1006),#1010);
#1006 = LINE('',#1007,#1008);
#1007 = CARTESIAN_POINT('',(0.530481759956,-7.382879153586E-02));
#1008 = VECTOR('',#1009,1.);
#1009 = DIRECTION('',(0.137844537492,0.990453877515));
#1010 = ( GEOMETRIC_REPRESENTATION_CONTEXT(2) 
PARAMETRIC_REPRESENTATION_CONTEXT() REPRESENTATION_CONTEXT('2D SPACE',''
  ) );
#1011 = PCURVE('',#90,#1012);
#1012 = DEFINITIONAL_REPRESENTATION('',(#1013),#1017);
#1013 = LINE('',#1014,#1015);
#1014 = CARTESIAN_POINT('',(4.693018617048,-2.756890749832E-02));
#1015 = VECTOR('',#1016,1.);
#1016 = DIRECTION('',(0.,-1.));
#1017 = ( GEOMETRIC_REPRESENTATION_CONTEXT(2) 
PARAMETRIC_REPRESENTATION_CONTEXT() REPRESENTATION_CONTEXT('2D SPACE',''
  ) );
#1018 = ORIENTED_EDGE('',*,*,#1019,.F.);
#1019 = EDGE_CURVE('',#834,#997,#1020,.T.);
#1020 = SURFACE_CURVE('',#1021,(#1025,#1032),.PCURVE_S1.);
#1021 = LINE('',#1022,#1023);
#1022 = CARTESIAN_POINT('',(-0.85,0.65,0.525));
#1023 = VECTOR('',#1024,1.);
#1024 = DIRECTION('',(0.,1.,0.));
#1025 = PCURVE('',#842,#1026);
#1026 = DEFINITIONAL_REPRESENTATION('',(#1027),#1031);
#1027 = LINE('',#1028,#1029);
#1028 = CARTESIAN_POINT('',(0.65,0.42917671832));
#1029 = VECTOR('',#1030,1.);
#1030 = DIRECTION('',(1.,0.));
#1031 = ( GEOMETRIC_REPRESENTATION_CONTEXT(2) 
PARAMETRIC_REPRESENTATION_CONTEXT() REPRESENTATION_CONTEXT('2D SPACE',''
  ) );
#1032 = PCURVE('',#938,#1033);
#1033 = DEFINITIONAL_REPRESENTATION('',(#1034),#1038);
#1034 = LINE('',#1035,#1036);
#1035 = CARTESIAN_POINT('',(0.,1.984598881802E-14));
#1036 = VECTOR('',#1037,1.);
#1037 = DIRECTION('',(-1.,0.));
#1038 = ( GEOMETRIC_REPRESENTATION_CONTEXT(2) 
PARAMETRIC_REPRESENTATION_CONTEXT() REPRESENTATION_CONTEXT('2D SPACE',''
  ) );
#1039 = ADVANCED_FACE('',(#1040),#527,.F.);
#1040 = FACE_BOUND('',#1041,.T.);
#1041 = EDGE_LOOP('',(#1042,#1067,#1093,#1094));
#1042 = ORIENTED_EDGE('',*,*,#1043,.T.);
#1043 = EDGE_CURVE('',#1044,#1046,#1048,.T.);
#1044 = VERTEX_POINT('',#1045);
#1045 = CARTESIAN_POINT('',(-0.746805808361,-0.596319211798,
    0.143041344952));
#1046 = VERTEX_POINT('',#1047);
#1047 = CARTESIAN_POINT('',(0.746805808361,-0.596319211798,
    0.143041344952));
#1048 = SURFACE_CURVE('',#1049,(#1053,#1060),.PCURVE_S1.);
#1049 = LINE('',#1050,#1051);
#1050 = CARTESIAN_POINT('',(0.790270145251,-0.596319211798,
    0.143041344952));
#1051 = VECTOR('',#1052,1.);
#1052 = DIRECTION('',(1.,-0.,-0.));
#1053 = PCURVE('',#527,#1054);
#1054 = DEFINITIONAL_REPRESENTATION('',(#1055),#1059);
#1055 = LINE('',#1056,#1057);
#1056 = CARTESIAN_POINT('',(1.640270145251,0.38571238143));
#1057 = VECTOR('',#1058,1.);
#1058 = DIRECTION('',(1.,0.));
#1059 = ( GEOMETRIC_REPRESENTATION_CONTEXT(2) 
PARAMETRIC_REPRESENTATION_CONTEXT() REPRESENTATION_CONTEXT('2D SPACE',''
  ) );
#1060 = PCURVE('',#435,#1061);
#1061 = DEFINITIONAL_REPRESENTATION('',(#1062),#1066);
#1062 = LINE('',#1063,#1064);
#1063 = CARTESIAN_POINT('',(4.572762640225,-0.790270145251));
#1064 = VECTOR('',#1065,1.);
#1065 = DIRECTION('',(0.,-1.));
#1066 = ( GEOMETRIC_REPRESENTATION_CONTEXT(2) 
PARAMETRIC_REPRESENTATION_CONTEXT() REPRESENTATION_CONTEXT('2D SPACE',''
  ) );
#1067 = ORIENTED_EDGE('',*,*,#1068,.T.);
#1068 = EDGE_CURVE('',#1046,#505,#1069,.T.);
#1069 = SURFACE_CURVE('',#1070,(#1074,#1081),.PCURVE_S1.);
#1070 = LINE('',#1071,#1072);
#1071 = CARTESIAN_POINT('',(0.769125508433,-0.61863891187,0.30185426306)
  );
#1072 = VECTOR('',#1073,1.);
#1073 = DIRECTION('',(0.137844537492,-0.137844537492,0.980814848464));
#1074 = PCURVE('',#527,#1075);
#1075 = DEFINITIONAL_REPRESENTATION('',(#1076),#1080);
#1076 = LINE('',#1077,#1078);
#1077 = CARTESIAN_POINT('',(1.619125508433,0.225338717852));
#1078 = VECTOR('',#1079,1.);
#1079 = DIRECTION('',(0.137844537492,-0.990453877515));
#1080 = ( GEOMETRIC_REPRESENTATION_CONTEXT(2) 
PARAMETRIC_REPRESENTATION_CONTEXT() REPRESENTATION_CONTEXT('2D SPACE',''
  ) );
#1081 = PCURVE('',#1082,#1087);
#1082 = CYLINDRICAL_SURFACE('',#1083,5.E-02);
#1083 = AXIS2_PLACEMENT_3D('',#1084,#1085,#1086);
#1084 = CARTESIAN_POINT('',(0.77672595504,-0.57672595504,0.362892905768)
  );
#1085 = DIRECTION('',(-0.137844537492,0.137844537492,-0.980814848464));
#1086 = DIRECTION('',(-0.990268068742,5.20417042793E-17,0.13917310096));
#1087 = DEFINITIONAL_REPRESENTATION('',(#1088),#1092);
#1088 = LINE('',#1089,#1090);
#1089 = CARTESIAN_POINT('',(4.693018617048,5.513781499665E-02));
#1090 = VECTOR('',#1091,1.);
#1091 = DIRECTION('',(-4.561428681425E-15,-1.));
#1092 = ( GEOMETRIC_REPRESENTATION_CONTEXT(2) 
PARAMETRIC_REPRESENTATION_CONTEXT() REPRESENTATION_CONTEXT('2D SPACE',''
  ) );
#1093 = ORIENTED_EDGE('',*,*,#504,.T.);
#1094 = ORIENTED_EDGE('',*,*,#1095,.T.);
#1095 = EDGE_CURVE('',#507,#1044,#1096,.T.);
#1096 = SURFACE_CURVE('',#1097,(#1101,#1108),.PCURVE_S1.);
#1097 = LINE('',#1098,#1099);
#1098 = CARTESIAN_POINT('',(-0.801427406511,-0.650940809948,
    0.531694210617));
#1099 = VECTOR('',#1100,1.);
#1100 = DIRECTION('',(0.137844537492,0.137844537492,-0.980814848464));
#1101 = PCURVE('',#527,#1102);
#1102 = DEFINITIONAL_REPRESENTATION('',(#1103),#1107);
#1103 = LINE('',#1104,#1105);
#1104 = CARTESIAN_POINT('',(4.857259348925E-02,-6.759998457572E-03));
#1105 = VECTOR('',#1106,1.);
#1106 = DIRECTION('',(0.137844537492,0.990453877515));
#1107 = ( GEOMETRIC_REPRESENTATION_CONTEXT(2) 
PARAMETRIC_REPRESENTATION_CONTEXT() REPRESENTATION_CONTEXT('2D SPACE',''
  ) );
#1108 = PCURVE('',#1109,#1114);
#1109 = CYLINDRICAL_SURFACE('',#1110,5.E-02);
#1110 = AXIS2_PLACEMENT_3D('',#1111,#1112,#1113);
#1111 = CARTESIAN_POINT('',(-0.77672595504,-0.57672595504,0.362892905768
    ));
#1112 = DIRECTION('',(-0.137844537492,-0.137844537492,0.980814848464));
#1113 = DIRECTION('',(0.990268068742,6.591949208712E-17,0.13917310096));
#1114 = DEFINITIONAL_REPRESENTATION('',(#1115),#1119);
#1115 = LINE('',#1116,#1117);
#1116 = CARTESIAN_POINT('',(4.693018617048,0.179197898739));
#1117 = VECTOR('',#1118,1.);
#1118 = DIRECTION('',(0.,-1.));
#1119 = ( GEOMETRIC_REPRESENTATION_CONTEXT(2) 
PARAMETRIC_REPRESENTATION_CONTEXT() REPRESENTATION_CONTEXT('2D SPACE',''
  ) );
#1120 = ADVANCED_FACE('',(#1121),#670,.F.);
#1121 = FACE_BOUND('',#1122,.T.);
#1122 = EDGE_LOOP('',(#1123,#1146,#1174,#1195,#1196,#1219,#1242,#1268));
#1123 = ORIENTED_EDGE('',*,*,#1124,.F.);
#1124 = EDGE_CURVE('',#1125,#620,#1127,.T.);
#1125 = VERTEX_POINT('',#1126);
#1126 = CARTESIAN_POINT('',(0.842972958265,0.15,0.475));
#1127 = SURFACE_CURVE('',#1128,(#1132,#1139),.PCURVE_S1.);
#1128 = LINE('',#1129,#1130);
#1129 = CARTESIAN_POINT('',(0.85,0.15,0.525));
#1130 = VECTOR('',#1131,1.);
#1131 = DIRECTION('',(0.13917310096,-0.,0.990268068742));
#1132 = PCURVE('',#670,#1133);
#1133 = DEFINITIONAL_REPRESENTATION('',(#1134),#1138);
#1134 = LINE('',#1135,#1136);
#1135 = CARTESIAN_POINT('',(-0.5,-5.80352993894E-18));
#1136 = VECTOR('',#1137,1.);
#1137 = DIRECTION('',(1.160705987788E-17,-1.));
#1138 = ( GEOMETRIC_REPRESENTATION_CONTEXT(2) 
PARAMETRIC_REPRESENTATION_CONTEXT() REPRESENTATION_CONTEXT('2D SPACE',''
  ) );
#1139 = PCURVE('',#642,#1140);
#1140 = DEFINITIONAL_REPRESENTATION('',(#1141),#1145);
#1141 = LINE('',#1142,#1143);
#1142 = CARTESIAN_POINT('',(-0.330787621036,-0.375));
#1143 = VECTOR('',#1144,1.);
#1144 = DIRECTION('',(0.13917310096,-0.990268068742));
#1145 = ( GEOMETRIC_REPRESENTATION_CONTEXT(2) 
PARAMETRIC_REPRESENTATION_CONTEXT() REPRESENTATION_CONTEXT('2D SPACE',''
  ) );
#1146 = ORIENTED_EDGE('',*,*,#1147,.F.);
#1147 = EDGE_CURVE('',#1148,#1125,#1150,.T.);
#1148 = VERTEX_POINT('',#1149);
#1149 = CARTESIAN_POINT('',(0.842972958265,-0.15,0.475));
#1150 = SURFACE_CURVE('',#1151,(#1155,#1162),.PCURVE_S1.);
#1151 = LINE('',#1152,#1153);
#1152 = CARTESIAN_POINT('',(0.842972958265,0.65,0.475));
#1153 = VECTOR('',#1154,1.);
#1154 = DIRECTION('',(8.340016711427E-17,1.,-9.731106087045E-33));
#1155 = PCURVE('',#670,#1156);
#1156 = DEFINITIONAL_REPRESENTATION('',(#1157),#1161);
#1157 = LINE('',#1158,#1159);
#1158 = CARTESIAN_POINT('',(-5.860564550281E-19,5.049137862595E-02));
#1159 = VECTOR('',#1160,1.);
#1160 = DIRECTION('',(1.,9.449754664568E-33));
#1161 = ( GEOMETRIC_REPRESENTATION_CONTEXT(2) 
PARAMETRIC_REPRESENTATION_CONTEXT() REPRESENTATION_CONTEXT('2D SPACE',''
  ) );
#1162 = PCURVE('',#1163,#1168);
#1163 = PLANE('',#1164);
#1164 = AXIS2_PLACEMENT_3D('',#1165,#1166,#1167);
#1165 = CARTESIAN_POINT('',(0.929212378964,0.15,0.475));
#1166 = DIRECTION('',(-1.166796953022E-16,0.,-1.));
#1167 = DIRECTION('',(-1.,0.,1.166796953022E-16));
#1168 = DEFINITIONAL_REPRESENTATION('',(#1169),#1173);
#1169 = LINE('',#1170,#1171);
#1170 = CARTESIAN_POINT('',(8.623942069914E-02,0.5));
#1171 = VECTOR('',#1172,1.);
#1172 = DIRECTION('',(-8.340016711427E-17,1.));
#1173 = ( GEOMETRIC_REPRESENTATION_CONTEXT(2) 
PARAMETRIC_REPRESENTATION_CONTEXT() REPRESENTATION_CONTEXT('2D SPACE',''
  ) );
#1174 = ORIENTED_EDGE('',*,*,#1175,.T.);
#1175 = EDGE_CURVE('',#1148,#752,#1176,.T.);
#1176 = SURFACE_CURVE('',#1177,(#1181,#1188),.PCURVE_S1.);
#1177 = LINE('',#1178,#1179);
#1178 = CARTESIAN_POINT('',(0.85,-0.15,0.525));
#1179 = VECTOR('',#1180,1.);
#1180 = DIRECTION('',(0.13917310096,-0.,0.990268068742));
#1181 = PCURVE('',#670,#1182);
#1182 = DEFINITIONAL_REPRESENTATION('',(#1183),#1187);
#1183 = LINE('',#1184,#1185);
#1184 = CARTESIAN_POINT('',(-0.8,6.16567020713E-18));
#1185 = VECTOR('',#1186,1.);
#1186 = DIRECTION('',(1.160705987788E-17,-1.));
#1187 = ( GEOMETRIC_REPRESENTATION_CONTEXT(2) 
PARAMETRIC_REPRESENTATION_CONTEXT() REPRESENTATION_CONTEXT('2D SPACE',''
  ) );
#1188 = PCURVE('',#790,#1189);
#1189 = DEFINITIONAL_REPRESENTATION('',(#1190),#1194);
#1190 = LINE('',#1191,#1192);
#1191 = CARTESIAN_POINT('',(-0.330787621036,-0.375));
#1192 = VECTOR('',#1193,1.);
#1193 = DIRECTION('',(0.13917310096,-0.990268068742));
#1194 = ( GEOMETRIC_REPRESENTATION_CONTEXT(2) 
PARAMETRIC_REPRESENTATION_CONTEXT() REPRESENTATION_CONTEXT('2D SPACE',''
  ) );
#1195 = ORIENTED_EDGE('',*,*,#751,.T.);
#1196 = ORIENTED_EDGE('',*,*,#1197,.T.);
#1197 = EDGE_CURVE('',#729,#1198,#1200,.T.);
#1198 = VERTEX_POINT('',#1199);
#1199 = CARTESIAN_POINT('',(0.796319211798,-0.546805808361,
    0.143041344952));
#1200 = SURFACE_CURVE('',#1201,(#1205,#1212),.PCURVE_S1.);
#1201 = LINE('',#1202,#1203);
#1202 = CARTESIAN_POINT('',(0.826239358477,-0.57672595504,0.35593425072)
  );
#1203 = VECTOR('',#1204,1.);
#1204 = DIRECTION('',(-0.137844537492,0.137844537492,-0.980814848464));
#1205 = PCURVE('',#670,#1206);
#1206 = DEFINITIONAL_REPRESENTATION('',(#1207),#1211);
#1207 = LINE('',#1208,#1209);
#1208 = CARTESIAN_POINT('',(-1.22672595504,0.170727255191));
#1209 = VECTOR('',#1210,1.);
#1210 = DIRECTION('',(0.137844537492,0.990453877515));
#1211 = ( GEOMETRIC_REPRESENTATION_CONTEXT(2) 
PARAMETRIC_REPRESENTATION_CONTEXT() REPRESENTATION_CONTEXT('2D SPACE',''
  ) );
#1212 = PCURVE('',#1082,#1213);
#1213 = DEFINITIONAL_REPRESENTATION('',(#1214),#1218);
#1214 = LINE('',#1215,#1216);
#1215 = CARTESIAN_POINT('',(3.14159265359,-5.551115123126E-17));
#1216 = VECTOR('',#1217,1.);
#1217 = DIRECTION('',(5.701785851781E-15,1.));
#1218 = ( GEOMETRIC_REPRESENTATION_CONTEXT(2) 
PARAMETRIC_REPRESENTATION_CONTEXT() REPRESENTATION_CONTEXT('2D SPACE',''
  ) );
#1219 = ORIENTED_EDGE('',*,*,#1220,.T.);
#1220 = EDGE_CURVE('',#1198,#1221,#1223,.T.);
#1221 = VERTEX_POINT('',#1222);
#1222 = CARTESIAN_POINT('',(0.796319211798,0.546805808361,0.143041344952
    ));
#1223 = SURFACE_CURVE('',#1224,(#1228,#1235),.PCURVE_S1.);
#1224 = LINE('',#1225,#1226);
#1225 = CARTESIAN_POINT('',(0.796319211798,0.590270145251,0.143041344952
    ));
#1226 = VECTOR('',#1227,1.);
#1227 = DIRECTION('',(8.340016711427E-17,1.,1.496197066423E-33));
#1228 = PCURVE('',#670,#1229);
#1229 = DEFINITIONAL_REPRESENTATION('',(#1230),#1234);
#1230 = LINE('',#1231,#1232);
#1231 = CARTESIAN_POINT('',(-5.972985474852E-02,0.38571238143));
#1232 = VECTOR('',#1233,1.);
#1233 = DIRECTION('',(1.,2.458082165415E-34));
#1234 = ( GEOMETRIC_REPRESENTATION_CONTEXT(2) 
PARAMETRIC_REPRESENTATION_CONTEXT() REPRESENTATION_CONTEXT('2D SPACE',''
  ) );
#1235 = PCURVE('',#407,#1236);
#1236 = DEFINITIONAL_REPRESENTATION('',(#1237),#1241);
#1237 = LINE('',#1238,#1239);
#1238 = CARTESIAN_POINT('',(6.14355896702,-0.590270145251));
#1239 = VECTOR('',#1240,1.);
#1240 = DIRECTION('',(8.121515957949E-16,-1.));
#1241 = ( GEOMETRIC_REPRESENTATION_CONTEXT(2) 
PARAMETRIC_REPRESENTATION_CONTEXT() REPRESENTATION_CONTEXT('2D SPACE',''
  ) );
#1242 = ORIENTED_EDGE('',*,*,#1243,.T.);
#1243 = EDGE_CURVE('',#1221,#655,#1244,.T.);
#1244 = SURFACE_CURVE('',#1245,(#1249,#1256),.PCURVE_S1.);
#1245 = LINE('',#1246,#1247);
#1246 = CARTESIAN_POINT('',(0.850940809948,0.601427406511,0.531694210617
    ));
#1247 = VECTOR('',#1248,1.);
#1248 = DIRECTION('',(0.137844537492,0.137844537492,0.980814848464));
#1249 = PCURVE('',#670,#1250);
#1250 = DEFINITIONAL_REPRESENTATION('',(#1251),#1255);
#1251 = LINE('',#1252,#1253);
#1252 = CARTESIAN_POINT('',(-4.857259348925E-02,-6.759998457572E-03));
#1253 = VECTOR('',#1254,1.);
#1254 = DIRECTION('',(0.137844537492,-0.990453877515));
#1255 = ( GEOMETRIC_REPRESENTATION_CONTEXT(2) 
PARAMETRIC_REPRESENTATION_CONTEXT() REPRESENTATION_CONTEXT('2D SPACE',''
  ) );
#1256 = PCURVE('',#1257,#1262);
#1257 = CYLINDRICAL_SURFACE('',#1258,5.E-02);
#1258 = AXIS2_PLACEMENT_3D('',#1259,#1260,#1261);
#1259 = CARTESIAN_POINT('',(0.769125508433,0.569125508433,0.308812918108
    ));
#1260 = DIRECTION('',(-0.137844537492,-0.137844537492,-0.980814848464));
#1261 = DIRECTION('',(6.938893903907E-18,0.990268068742,-0.13917310096)
  );
#1262 = DEFINITIONAL_REPRESENTATION('',(#1263),#1267);
#1263 = LINE('',#1264,#1265);
#1264 = CARTESIAN_POINT('',(1.551425963458,-0.234335713736));
#1265 = VECTOR('',#1266,1.);
#1266 = DIRECTION('',(-1.140357170356E-14,-1.));
#1267 = ( GEOMETRIC_REPRESENTATION_CONTEXT(2) 
PARAMETRIC_REPRESENTATION_CONTEXT() REPRESENTATION_CONTEXT('2D SPACE',''
  ) );
#1268 = ORIENTED_EDGE('',*,*,#654,.T.);
#1269 = ADVANCED_FACE('',(#1270),#938,.F.);
#1270 = FACE_BOUND('',#1271,.T.);
#1271 = EDGE_LOOP('',(#1272,#1295,#1296,#1324,#1347,#1368,#1369,#1392));
#1272 = ORIENTED_EDGE('',*,*,#1273,.F.);
#1273 = EDGE_CURVE('',#834,#1274,#1276,.T.);
#1274 = VERTEX_POINT('',#1275);
#1275 = CARTESIAN_POINT('',(-0.842972958265,0.15,0.475));
#1276 = SURFACE_CURVE('',#1277,(#1281,#1288),.PCURVE_S1.);
#1277 = LINE('',#1278,#1279);
#1278 = CARTESIAN_POINT('',(-0.85,0.15,0.525));
#1279 = VECTOR('',#1280,1.);
#1280 = DIRECTION('',(0.13917310096,-0.,-0.990268068742));
#1281 = PCURVE('',#938,#1282);
#1282 = DEFINITIONAL_REPRESENTATION('',(#1283),#1287);
#1283 = LINE('',#1284,#1285);
#1284 = CARTESIAN_POINT('',(0.5,0.));
#1285 = VECTOR('',#1286,1.);
#1286 = DIRECTION('',(0.,1.));
#1287 = ( GEOMETRIC_REPRESENTATION_CONTEXT(2) 
PARAMETRIC_REPRESENTATION_CONTEXT() REPRESENTATION_CONTEXT('2D SPACE',''
  ) );
#1288 = PCURVE('',#854,#1289);
#1289 = DEFINITIONAL_REPRESENTATION('',(#1290),#1294);
#1290 = LINE('',#1291,#1292);
#1291 = CARTESIAN_POINT('',(-2.030787621036,-0.375));
#1292 = VECTOR('',#1293,1.);
#1293 = DIRECTION('',(0.13917310096,0.990268068742));
#1294 = ( GEOMETRIC_REPRESENTATION_CONTEXT(2) 
PARAMETRIC_REPRESENTATION_CONTEXT() REPRESENTATION_CONTEXT('2D SPACE',''
  ) );
#1295 = ORIENTED_EDGE('',*,*,#1019,.T.);
#1296 = ORIENTED_EDGE('',*,*,#1297,.T.);
#1297 = EDGE_CURVE('',#997,#1298,#1300,.T.);
#1298 = VERTEX_POINT('',#1299);
#1299 = CARTESIAN_POINT('',(-0.796319211798,0.546805808361,
    0.143041344952));
#1300 = SURFACE_CURVE('',#1301,(#1305,#1312),.PCURVE_S1.);
#1301 = LINE('',#1302,#1303);
#1302 = CARTESIAN_POINT('',(-0.850940809948,0.601427406511,
    0.531694210617));
#1303 = VECTOR('',#1304,1.);
#1304 = DIRECTION('',(0.137844537492,-0.137844537492,-0.980814848464));
#1305 = PCURVE('',#938,#1306);
#1306 = DEFINITIONAL_REPRESENTATION('',(#1307),#1311);
#1307 = LINE('',#1308,#1309);
#1308 = CARTESIAN_POINT('',(4.857259348925E-02,-6.759998457572E-03));
#1309 = VECTOR('',#1310,1.);
#1310 = DIRECTION('',(0.137844537492,0.990453877515));
#1311 = ( GEOMETRIC_REPRESENTATION_CONTEXT(2) 
PARAMETRIC_REPRESENTATION_CONTEXT() REPRESENTATION_CONTEXT('2D SPACE',''
  ) );
#1312 = PCURVE('',#1313,#1318);
#1313 = CYLINDRICAL_SURFACE('',#1314,5.E-02);
#1314 = AXIS2_PLACEMENT_3D('',#1315,#1316,#1317);
#1315 = CARTESIAN_POINT('',(-0.801427406511,0.601427406511,
    0.538652865665));
#1316 = DIRECTION('',(-0.137844537492,0.137844537492,0.980814848464));
#1317 = DIRECTION('',(-1.179611963664E-16,-0.990268068742,0.13917310096)
  );
#1318 = DEFINITIONAL_REPRESENTATION('',(#1319),#1323);
#1319 = LINE('',#1320,#1321);
#1320 = CARTESIAN_POINT('',(4.693018617048,1.179611963664E-16));
#1321 = VECTOR('',#1322,1.);
#1322 = DIRECTION('',(0.,-1.));
#1323 = ( GEOMETRIC_REPRESENTATION_CONTEXT(2) 
PARAMETRIC_REPRESENTATION_CONTEXT() REPRESENTATION_CONTEXT('2D SPACE',''
  ) );
#1324 = ORIENTED_EDGE('',*,*,#1325,.T.);
#1325 = EDGE_CURVE('',#1298,#1326,#1328,.T.);
#1326 = VERTEX_POINT('',#1327);
#1327 = CARTESIAN_POINT('',(-0.796319211798,-0.546805808361,
    0.143041344952));
#1328 = SURFACE_CURVE('',#1329,(#1333,#1340),.PCURVE_S1.);
#1329 = LINE('',#1330,#1331);
#1330 = CARTESIAN_POINT('',(-0.796319211798,-0.590270145251,
    0.143041344952));
#1331 = VECTOR('',#1332,1.);
#1332 = DIRECTION('',(-0.,-1.,0.));
#1333 = PCURVE('',#938,#1334);
#1334 = DEFINITIONAL_REPRESENTATION('',(#1335),#1339);
#1335 = LINE('',#1336,#1337);
#1336 = CARTESIAN_POINT('',(1.240270145251,0.38571238143));
#1337 = VECTOR('',#1338,1.);
#1338 = DIRECTION('',(1.,-0.));
#1339 = ( GEOMETRIC_REPRESENTATION_CONTEXT(2) 
PARAMETRIC_REPRESENTATION_CONTEXT() REPRESENTATION_CONTEXT('2D SPACE',''
  ) );
#1340 = PCURVE('',#463,#1341);
#1341 = DEFINITIONAL_REPRESENTATION('',(#1342),#1346);
#1342 = LINE('',#1343,#1344);
#1343 = CARTESIAN_POINT('',(4.572762640225,-0.590270145251));
#1344 = VECTOR('',#1345,1.);
#1345 = DIRECTION('',(0.,-1.));
#1346 = ( GEOMETRIC_REPRESENTATION_CONTEXT(2) 
PARAMETRIC_REPRESENTATION_CONTEXT() REPRESENTATION_CONTEXT('2D SPACE',''
  ) );
#1347 = ORIENTED_EDGE('',*,*,#1348,.T.);
#1348 = EDGE_CURVE('',#1326,#923,#1349,.T.);
#1349 = SURFACE_CURVE('',#1350,(#1354,#1361),.PCURVE_S1.);
#1350 = LINE('',#1351,#1352);
#1351 = CARTESIAN_POINT('',(-0.826239358477,-0.57672595504,0.35593425072
    ));
#1352 = VECTOR('',#1353,1.);
#1353 = DIRECTION('',(-0.137844537492,-0.137844537492,0.980814848464));
#1354 = PCURVE('',#938,#1355);
#1355 = DEFINITIONAL_REPRESENTATION('',(#1356),#1360);
#1356 = LINE('',#1357,#1358);
#1357 = CARTESIAN_POINT('',(1.22672595504,0.170727255191));
#1358 = VECTOR('',#1359,1.);
#1359 = DIRECTION('',(0.137844537492,-0.990453877515));
#1360 = ( GEOMETRIC_REPRESENTATION_CONTEXT(2) 
PARAMETRIC_REPRESENTATION_CONTEXT() REPRESENTATION_CONTEXT('2D SPACE',''
  ) );
#1361 = PCURVE('',#1109,#1362);
#1362 = DEFINITIONAL_REPRESENTATION('',(#1363),#1367);
#1363 = LINE('',#1364,#1365);
#1364 = CARTESIAN_POINT('',(3.14159265359,1.110223024625E-16));
#1365 = VECTOR('',#1366,1.);
#1366 = DIRECTION('',(0.,1.));
#1367 = ( GEOMETRIC_REPRESENTATION_CONTEXT(2) 
PARAMETRIC_REPRESENTATION_CONTEXT() REPRESENTATION_CONTEXT('2D SPACE',''
  ) );
#1368 = ORIENTED_EDGE('',*,*,#922,.T.);
#1369 = ORIENTED_EDGE('',*,*,#1370,.T.);
#1370 = EDGE_CURVE('',#895,#1371,#1373,.T.);
#1371 = VERTEX_POINT('',#1372);
#1372 = CARTESIAN_POINT('',(-0.842972958265,-0.15,0.475));
#1373 = SURFACE_CURVE('',#1374,(#1378,#1385),.PCURVE_S1.);
#1374 = LINE('',#1375,#1376);
#1375 = CARTESIAN_POINT('',(-0.85,-0.15,0.525));
#1376 = VECTOR('',#1377,1.);
#1377 = DIRECTION('',(0.13917310096,-0.,-0.990268068742));
#1378 = PCURVE('',#938,#1379);
#1379 = DEFINITIONAL_REPRESENTATION('',(#1380),#1384);
#1380 = LINE('',#1381,#1382);
#1381 = CARTESIAN_POINT('',(0.8,0.));
#1382 = VECTOR('',#1383,1.);
#1383 = DIRECTION('',(0.,1.));
#1384 = ( GEOMETRIC_REPRESENTATION_CONTEXT(2) 
PARAMETRIC_REPRESENTATION_CONTEXT() REPRESENTATION_CONTEXT('2D SPACE',''
  ) );
#1385 = PCURVE('',#910,#1386);
#1386 = DEFINITIONAL_REPRESENTATION('',(#1387),#1391);
#1387 = LINE('',#1388,#1389);
#1388 = CARTESIAN_POINT('',(-2.030787621036,-0.375));
#1389 = VECTOR('',#1390,1.);
#1390 = DIRECTION('',(0.13917310096,0.990268068742));
#1391 = ( GEOMETRIC_REPRESENTATION_CONTEXT(2) 
PARAMETRIC_REPRESENTATION_CONTEXT() REPRESENTATION_CONTEXT('2D SPACE',''
  ) );
#1392 = ORIENTED_EDGE('',*,*,#1393,.F.);
#1393 = EDGE_CURVE('',#1274,#1371,#1394,.T.);
#1394 = SURFACE_CURVE('',#1395,(#1399,#1406),.PCURVE_S1.);
#1395 = LINE('',#1396,#1397);
#1396 = CARTESIAN_POINT('',(-0.842972958265,0.65,0.475));
#1397 = VECTOR('',#1398,1.);
#1398 = DIRECTION('',(-0.,-1.,-0.));
#1399 = PCURVE('',#938,#1400);
#1400 = DEFINITIONAL_REPRESENTATION('',(#1401),#1405);
#1401 = LINE('',#1402,#1403);
#1402 = CARTESIAN_POINT('',(0.,5.049137862595E-02));
#1403 = VECTOR('',#1404,1.);
#1404 = DIRECTION('',(1.,0.));
#1405 = ( GEOMETRIC_REPRESENTATION_CONTEXT(2) 
PARAMETRIC_REPRESENTATION_CONTEXT() REPRESENTATION_CONTEXT('2D SPACE',''
  ) );
#1406 = PCURVE('',#1407,#1412);
#1407 = PLANE('',#1408);
#1408 = AXIS2_PLACEMENT_3D('',#1409,#1410,#1411);
#1409 = CARTESIAN_POINT('',(0.929212378964,0.15,0.475));
#1410 = DIRECTION('',(-1.166796953022E-16,0.,-1.));
#1411 = DIRECTION('',(-1.,0.,1.166796953022E-16));
#1412 = DEFINITIONAL_REPRESENTATION('',(#1413),#1417);
#1413 = LINE('',#1414,#1415);
#1414 = CARTESIAN_POINT('',(1.772185337229,0.5));
#1415 = VECTOR('',#1416,1.);
#1416 = DIRECTION('',(0.,-1.));
#1417 = ( GEOMETRIC_REPRESENTATION_CONTEXT(2) 
PARAMETRIC_REPRESENTATION_CONTEXT() REPRESENTATION_CONTEXT('2D SPACE',''
  ) );
#1418 = ADVANCED_FACE('',(#1419),#62,.F.);
#1419 = FACE_BOUND('',#1420,.T.);
#1420 = EDGE_LOOP('',(#1421,#1422,#1445,#1468));
#1421 = ORIENTED_EDGE('',*,*,#39,.T.);
#1422 = ORIENTED_EDGE('',*,*,#1423,.T.);
#1423 = EDGE_CURVE('',#42,#1424,#1426,.T.);
#1424 = VERTEX_POINT('',#1425);
#1425 = CARTESIAN_POINT('',(0.746805808361,0.596319211798,0.143041344952
    ));
#1426 = SURFACE_CURVE('',#1427,(#1431,#1438),.PCURVE_S1.);
#1427 = LINE('',#1428,#1429);
#1428 = CARTESIAN_POINT('',(0.769125508433,0.61863891187,0.30185426306)
  );
#1429 = VECTOR('',#1430,1.);
#1430 = DIRECTION('',(-0.137844537492,-0.137844537492,-0.980814848464));
#1431 = PCURVE('',#62,#1432);
#1432 = DEFINITIONAL_REPRESENTATION('',(#1433),#1437);
#1433 = LINE('',#1434,#1435);
#1434 = CARTESIAN_POINT('',(-1.619125508433,0.225338717852));
#1435 = VECTOR('',#1436,1.);
#1436 = DIRECTION('',(0.137844537492,0.990453877515));
#1437 = ( GEOMETRIC_REPRESENTATION_CONTEXT(2) 
PARAMETRIC_REPRESENTATION_CONTEXT() REPRESENTATION_CONTEXT('2D SPACE',''
  ) );
#1438 = PCURVE('',#1257,#1439);
#1439 = DEFINITIONAL_REPRESENTATION('',(#1440),#1444);
#1440 = LINE('',#1441,#1442);
#1441 = CARTESIAN_POINT('',(0.,-5.551115123126E-17));
#1442 = VECTOR('',#1443,1.);
#1443 = DIRECTION('',(0.,1.));
#1444 = ( GEOMETRIC_REPRESENTATION_CONTEXT(2) 
PARAMETRIC_REPRESENTATION_CONTEXT() REPRESENTATION_CONTEXT('2D SPACE',''
  ) );
#1445 = ORIENTED_EDGE('',*,*,#1446,.T.);
#1446 = EDGE_CURVE('',#1424,#1447,#1449,.T.);
#1447 = VERTEX_POINT('',#1448);
#1448 = CARTESIAN_POINT('',(-0.746805808361,0.596319211798,
    0.143041344952));
#1449 = SURFACE_CURVE('',#1450,(#1454,#1461),.PCURVE_S1.);
#1450 = LINE('',#1451,#1452);
#1451 = CARTESIAN_POINT('',(-0.790270145251,0.596319211798,
    0.143041344952));
#1452 = VECTOR('',#1453,1.);
#1453 = DIRECTION('',(-1.,-1.913297951445E-16,4.384876923353E-34));
#1454 = PCURVE('',#62,#1455);
#1455 = DEFINITIONAL_REPRESENTATION('',(#1456),#1460);
#1456 = LINE('',#1457,#1458);
#1457 = CARTESIAN_POINT('',(-5.972985474852E-02,0.38571238143));
#1458 = VECTOR('',#1459,1.);
#1459 = DIRECTION('',(1.,2.971682839019E-33));
#1460 = ( GEOMETRIC_REPRESENTATION_CONTEXT(2) 
PARAMETRIC_REPRESENTATION_CONTEXT() REPRESENTATION_CONTEXT('2D SPACE',''
  ) );
#1461 = PCURVE('',#489,#1462);
#1462 = DEFINITIONAL_REPRESENTATION('',(#1463),#1467);
#1463 = LINE('',#1464,#1465);
#1464 = CARTESIAN_POINT('',(6.14355896702,-0.790270145251));
#1465 = VECTOR('',#1466,1.);
#1466 = DIRECTION('',(0.,-1.));
#1467 = ( GEOMETRIC_REPRESENTATION_CONTEXT(2) 
PARAMETRIC_REPRESENTATION_CONTEXT() REPRESENTATION_CONTEXT('2D SPACE',''
  ) );
#1468 = ORIENTED_EDGE('',*,*,#1469,.T.);
#1469 = EDGE_CURVE('',#1447,#40,#1470,.T.);
#1470 = SURFACE_CURVE('',#1471,(#1475,#1482),.PCURVE_S1.);
#1471 = LINE('',#1472,#1473);
#1472 = CARTESIAN_POINT('',(-0.801427406511,0.650940809948,
    0.531694210617));
#1473 = VECTOR('',#1474,1.);
#1474 = DIRECTION('',(-0.137844537492,0.137844537492,0.980814848464));
#1475 = PCURVE('',#62,#1476);
#1476 = DEFINITIONAL_REPRESENTATION('',(#1477),#1481);
#1477 = LINE('',#1478,#1479);
#1478 = CARTESIAN_POINT('',(-4.857259348925E-02,-6.759998457572E-03));
#1479 = VECTOR('',#1480,1.);
#1480 = DIRECTION('',(0.137844537492,-0.990453877515));
#1481 = ( GEOMETRIC_REPRESENTATION_CONTEXT(2) 
PARAMETRIC_REPRESENTATION_CONTEXT() REPRESENTATION_CONTEXT('2D SPACE',''
  ) );
#1482 = PCURVE('',#1313,#1483);
#1483 = DEFINITIONAL_REPRESENTATION('',(#1484),#1488);
#1484 = LINE('',#1485,#1486);
#1485 = CARTESIAN_POINT('',(3.14159265359,0.));
#1486 = VECTOR('',#1487,1.);
#1487 = DIRECTION('',(0.,1.));
#1488 = ( GEOMETRIC_REPRESENTATION_CONTEXT(2) 
PARAMETRIC_REPRESENTATION_CONTEXT() REPRESENTATION_CONTEXT('2D SPACE',''
  ) );
#1489 = ADVANCED_FACE('',(#1490),#118,.T.);
#1490 = FACE_BOUND('',#1491,.T.);
#1491 = EDGE_LOOP('',(#1492,#1520,#1548,#1574,#1575,#1602,#1603,#1630));
#1492 = ORIENTED_EDGE('',*,*,#1493,.F.);
#1493 = EDGE_CURVE('',#1494,#160,#1496,.T.);
#1494 = VERTEX_POINT('',#1495);
#1495 = CARTESIAN_POINT('',(-0.652968065906,0.549966504487,0.9499));
#1496 = SURFACE_CURVE('',#1497,(#1502,#1509),.PCURVE_S1.);
#1497 = CIRCLE('',#1498,5.E-02);
#1498 = AXIS2_PLACEMENT_3D('',#1499,#1500,#1501);
#1499 = CARTESIAN_POINT('',(-0.652968065906,0.546805808361,0.9));
#1500 = DIRECTION('',(1.,0.,0.));
#1501 = DIRECTION('',(-0.,2.385244779468E-14,1.));
#1502 = PCURVE('',#118,#1503);
#1503 = DEFINITIONAL_REPRESENTATION('',(#1504),#1508);
#1504 = LINE('',#1505,#1506);
#1505 = CARTESIAN_POINT('',(7.853981633975,0.652968065906));
#1506 = VECTOR('',#1507,1.);
#1507 = DIRECTION('',(-1.,0.));
#1508 = ( GEOMETRIC_REPRESENTATION_CONTEXT(2) 
PARAMETRIC_REPRESENTATION_CONTEXT() REPRESENTATION_CONTEXT('2D SPACE',''
  ) );
#1509 = PCURVE('',#182,#1510);
#1510 = DEFINITIONAL_REPRESENTATION('',(#1511),#1519);
#1511 = ( BOUNDED_CURVE() B_SPLINE_CURVE(2,(#1512,#1513,#1514,#1515,
#1516,#1517,#1518),.UNSPECIFIED.,.T.,.F.) B_SPLINE_CURVE_WITH_KNOTS((1,2
    ,2,2,2,1),(-2.094395102393,0.,2.094395102393,4.188790204786,
6.28318530718,8.377580409573),.UNSPECIFIED.) CURVE() 
GEOMETRIC_REPRESENTATION_ITEM() RATIONAL_B_SPLINE_CURVE((1.,0.5,1.,0.5,
1.,0.5,1.)) REPRESENTATION_ITEM('') );
#1512 = CARTESIAN_POINT('',(9.999999999999E-05,-0.103194191639));
#1513 = CARTESIAN_POINT('',(1.000000000021E-04,-0.189796732018));
#1514 = CARTESIAN_POINT('',(-7.49E-02,-0.146495461829));
#1515 = CARTESIAN_POINT('',(-0.1499,-0.103194191639));
#1516 = CARTESIAN_POINT('',(-7.49E-02,-5.989292145011E-02));
#1517 = CARTESIAN_POINT('',(9.999999999784E-05,-1.659165126088E-02));
#1518 = CARTESIAN_POINT('',(9.999999999999E-05,-0.103194191639));
#1519 = ( GEOMETRIC_REPRESENTATION_CONTEXT(2) 
PARAMETRIC_REPRESENTATION_CONTEXT() REPRESENTATION_CONTEXT('2D SPACE',''
  ) );
#1520 = ORIENTED_EDGE('',*,*,#1521,.T.);
#1521 = EDGE_CURVE('',#1494,#1522,#1524,.T.);
#1522 = VERTEX_POINT('',#1523);
#1523 = CARTESIAN_POINT('',(-0.559255056447,0.549966504487,0.9499));
#1524 = SURFACE_CURVE('',#1525,(#1529,#1536),.PCURVE_S1.);
#1525 = LINE('',#1526,#1527);
#1526 = CARTESIAN_POINT('',(-1.052249786397E-16,0.549966504487,0.9499));
#1527 = VECTOR('',#1528,1.);
#1528 = DIRECTION('',(1.,1.913297951445E-16,-0.));
#1529 = PCURVE('',#118,#1530);
#1530 = DEFINITIONAL_REPRESENTATION('',(#1531),#1535);
#1531 = LINE('',#1532,#1533);
#1532 = CARTESIAN_POINT('',(1.63405242567,0.));
#1533 = VECTOR('',#1534,1.);
#1534 = DIRECTION('',(0.,-1.));
#1535 = ( GEOMETRIC_REPRESENTATION_CONTEXT(2) 
PARAMETRIC_REPRESENTATION_CONTEXT() REPRESENTATION_CONTEXT('2D SPACE',''
  ) );
#1536 = PCURVE('',#1537,#1542);
#1537 = PLANE('',#1538);
#1538 = AXIS2_PLACEMENT_3D('',#1539,#1540,#1541);
#1539 = CARTESIAN_POINT('',(0.,0.,0.9499));
#1540 = DIRECTION('',(-0.,0.,1.));
#1541 = DIRECTION('',(1.,0.,0.));
#1542 = DEFINITIONAL_REPRESENTATION('',(#1543),#1547);
#1543 = LINE('',#1544,#1545);
#1544 = CARTESIAN_POINT('',(-1.052249786397E-16,0.549966504487));
#1545 = VECTOR('',#1546,1.);
#1546 = DIRECTION('',(1.,1.913297951445E-16));
#1547 = ( GEOMETRIC_REPRESENTATION_CONTEXT(2) 
PARAMETRIC_REPRESENTATION_CONTEXT() REPRESENTATION_CONTEXT('2D SPACE',''
  ) );
#1548 = ORIENTED_EDGE('',*,*,#1549,.F.);
#1549 = EDGE_CURVE('',#277,#1522,#1550,.T.);
#1550 = SURFACE_CURVE('',#1551,(#1556,#1563),.PCURVE_S1.);
#1551 = CIRCLE('',#1552,5.E-02);
#1552 = AXIS2_PLACEMENT_3D('',#1553,#1554,#1555);
#1553 = CARTESIAN_POINT('',(-0.559255056447,0.546805808361,0.9));
#1554 = DIRECTION('',(-1.,-0.,-0.));
#1555 = DIRECTION('',(0.,0.,-1.));
#1556 = PCURVE('',#118,#1557);
#1557 = DEFINITIONAL_REPRESENTATION('',(#1558),#1562);
#1558 = LINE('',#1559,#1560);
#1559 = CARTESIAN_POINT('',(-1.570796326795,0.559255056447));
#1560 = VECTOR('',#1561,1.);
#1561 = DIRECTION('',(1.,0.));
#1562 = ( GEOMETRIC_REPRESENTATION_CONTEXT(2) 
PARAMETRIC_REPRESENTATION_CONTEXT() REPRESENTATION_CONTEXT('2D SPACE',''
  ) );
#1563 = PCURVE('',#297,#1564);
#1564 = DEFINITIONAL_REPRESENTATION('',(#1565),#1573);
#1565 = ( BOUNDED_CURVE() B_SPLINE_CURVE(2,(#1566,#1567,#1568,#1569,
#1570,#1571,#1572),.UNSPECIFIED.,.T.,.F.) B_SPLINE_CURVE_WITH_KNOTS((1,2
    ,2,2,2,1),(-2.094395102393,0.,2.094395102393,4.188790204786,
6.28318530718,8.377580409573),.UNSPECIFIED.) CURVE() 
GEOMETRIC_REPRESENTATION_ITEM() RATIONAL_B_SPLINE_CURVE((1.,0.5,1.,0.5,
1.,0.5,1.)) REPRESENTATION_ITEM('') );
#1566 = CARTESIAN_POINT('',(9.99E-02,-0.103194191639));
#1567 = CARTESIAN_POINT('',(9.99E-02,-0.189796732018));
#1568 = CARTESIAN_POINT('',(2.49E-02,-0.146495461829));
#1569 = CARTESIAN_POINT('',(-5.01E-02,-0.103194191639));
#1570 = CARTESIAN_POINT('',(2.49E-02,-5.989292145011E-02));
#1571 = CARTESIAN_POINT('',(9.99E-02,-1.659165126088E-02));
#1572 = CARTESIAN_POINT('',(9.99E-02,-0.103194191639));
#1573 = ( GEOMETRIC_REPRESENTATION_CONTEXT(2) 
PARAMETRIC_REPRESENTATION_CONTEXT() REPRESENTATION_CONTEXT('2D SPACE',''
  ) );
#1574 = ORIENTED_EDGE('',*,*,#360,.F.);
#1575 = ORIENTED_EDGE('',*,*,#1576,.F.);
#1576 = EDGE_CURVE('',#103,#333,#1577,.T.);
#1577 = SURFACE_CURVE('',#1578,(#1583,#1590),.PCURVE_S1.);
#1578 = CIRCLE('',#1579,5.E-02);
#1579 = AXIS2_PLACEMENT_3D('',#1580,#1581,#1582);
#1580 = CARTESIAN_POINT('',(0.746805808361,0.546805808361,0.9));
#1581 = DIRECTION('',(1.,3.047493566145E-16,-2.168404344971E-15));
#1582 = DIRECTION('',(-2.168404344971E-15,-2.627434620609E-46,-1.));
#1583 = PCURVE('',#118,#1584);
#1584 = DEFINITIONAL_REPRESENTATION('',(#1585),#1589);
#1585 = LINE('',#1586,#1587);
#1586 = CARTESIAN_POINT('',(4.712388980385,-0.746805808361));
#1587 = VECTOR('',#1588,1.);
#1588 = DIRECTION('',(-1.,-7.757450442594E-17));
#1589 = ( GEOMETRIC_REPRESENTATION_CONTEXT(2) 
PARAMETRIC_REPRESENTATION_CONTEXT() REPRESENTATION_CONTEXT('2D SPACE',''
  ) );
#1590 = PCURVE('',#1591,#1596);
#1591 = SPHERICAL_SURFACE('',#1592,5.E-02);
#1592 = AXIS2_PLACEMENT_3D('',#1593,#1594,#1595);
#1593 = CARTESIAN_POINT('',(0.746805808361,0.546805808361,0.9));
#1594 = DIRECTION('',(1.,0.,-0.));
#1595 = DIRECTION('',(0.,-1.,2.168404344971E-15));
#1596 = DEFINITIONAL_REPRESENTATION('',(#1597),#1601);
#1597 = LINE('',#1598,#1599);
#1598 = CARTESIAN_POINT('',(1.570796326795,-4.874149864208E-15));
#1599 = VECTOR('',#1600,1.);
#1600 = DIRECTION('',(1.,1.551490088519E-15));
#1601 = ( GEOMETRIC_REPRESENTATION_CONTEXT(2) 
PARAMETRIC_REPRESENTATION_CONTEXT() REPRESENTATION_CONTEXT('2D SPACE',''
  ) );
#1602 = ORIENTED_EDGE('',*,*,#102,.F.);
#1603 = ORIENTED_EDGE('',*,*,#1604,.F.);
#1604 = EDGE_CURVE('',#195,#75,#1605,.T.);
#1605 = SURFACE_CURVE('',#1606,(#1611,#1618),.PCURVE_S1.);
#1606 = CIRCLE('',#1607,5.E-02);
#1607 = AXIS2_PLACEMENT_3D('',#1608,#1609,#1610);
#1608 = CARTESIAN_POINT('',(-0.746805808361,0.546805808361,0.9));
#1609 = DIRECTION('',(-1.,0.,0.));
#1610 = DIRECTION('',(0.,0.,1.));
#1611 = PCURVE('',#118,#1612);
#1612 = DEFINITIONAL_REPRESENTATION('',(#1613),#1617);
#1613 = LINE('',#1614,#1615);
#1614 = CARTESIAN_POINT('',(1.570796326795,0.746805808361));
#1615 = VECTOR('',#1616,1.);
#1616 = DIRECTION('',(1.,0.));
#1617 = ( GEOMETRIC_REPRESENTATION_CONTEXT(2) 
PARAMETRIC_REPRESENTATION_CONTEXT() REPRESENTATION_CONTEXT('2D SPACE',''
  ) );
#1618 = PCURVE('',#1619,#1624);
#1619 = SPHERICAL_SURFACE('',#1620,5.E-02);
#1620 = AXIS2_PLACEMENT_3D('',#1621,#1622,#1623);
#1621 = CARTESIAN_POINT('',(-0.746805808361,0.546805808361,0.9));
#1622 = DIRECTION('',(4.701977403289E-30,1.,-2.168404344971E-15));
#1623 = DIRECTION('',(1.,0.,2.168404344971E-15));
#1624 = DEFINITIONAL_REPRESENTATION('',(#1625),#1629);
#1625 = LINE('',#1626,#1627);
#1626 = CARTESIAN_POINT('',(4.712388980385,0.));
#1627 = VECTOR('',#1628,1.);
#1628 = DIRECTION('',(-1.117072863734E-14,1.));
#1629 = ( GEOMETRIC_REPRESENTATION_CONTEXT(2) 
PARAMETRIC_REPRESENTATION_CONTEXT() REPRESENTATION_CONTEXT('2D SPACE',''
  ) );
#1630 = ORIENTED_EDGE('',*,*,#194,.F.);
#1631 = ADVANCED_FACE('',(#1632),#1591,.T.);
#1632 = FACE_BOUND('',#1633,.T.);
#1633 = EDGE_LOOP('',(#1634,#1678,#1679));
#1634 = ORIENTED_EDGE('',*,*,#1635,.F.);
#1635 = EDGE_CURVE('',#103,#683,#1636,.T.);
#1636 = SURFACE_CURVE('',#1637,(#1642,#1671),.PCURVE_S1.);
#1637 = CIRCLE('',#1638,5.E-02);
#1638 = AXIS2_PLACEMENT_3D('',#1639,#1640,#1641);
#1639 = CARTESIAN_POINT('',(0.746805808361,0.546805808361,0.9));
#1640 = DIRECTION('',(0.137844537492,0.137844537492,-0.980814848464));
#1641 = DIRECTION('',(3.816391647149E-17,-0.990268068742,-0.13917310096)
  );
#1642 = PCURVE('',#1591,#1643);
#1643 = DEFINITIONAL_REPRESENTATION('',(#1644),#1670);
#1644 = B_SPLINE_CURVE_WITH_KNOTS('',3,(#1645,#1646,#1647,#1648,#1649,
    #1650,#1651,#1652,#1653,#1654,#1655,#1656,#1657,#1658,#1659,#1660,
    #1661,#1662,#1663,#1664,#1665,#1666,#1667,#1668,#1669),
  .UNSPECIFIED.,.F.,.F.,(4,1,1,1,1,1,1,1,1,1,1,1,1,1,1,1,1,1,1,1,1,1,4),
  (3.14159265359,3.212112015565,3.282631377541,3.353150739516,
    3.423670101491,3.494189463467,3.564708825442,3.635228187417,
    3.705747549393,3.776266911368,3.846786273343,3.917305635319,
    3.987824997294,4.058344359269,4.128863721245,4.19938308322,
    4.269902445196,4.340421807171,4.410941169146,4.481460531122,
    4.551979893097,4.622499255072,4.693018617048),
  .QUASI_UNIFORM_KNOTS.);
#1645 = CARTESIAN_POINT('',(3.281218993749,0.));
#1646 = CARTESIAN_POINT('',(3.284459607465,2.328203203768E-02));
#1647 = CARTESIAN_POINT('',(3.290939504126,6.984618942326E-02));
#1648 = CARTESIAN_POINT('',(3.300755568242,0.139685729222));
#1649 = CARTESIAN_POINT('',(3.310765360183,0.209511786079));
#1650 = CARTESIAN_POINT('',(3.321075848207,0.279316909912));
#1651 = CARTESIAN_POINT('',(3.331805964417,0.349092810914));
#1652 = CARTESIAN_POINT('',(3.343092985032,0.418829910478));
#1653 = CARTESIAN_POINT('',(3.355099905277,0.488516820552));
#1654 = CARTESIAN_POINT('',(3.368025664267,0.558139619716));
#1655 = CARTESIAN_POINT('',(3.382119376801,0.627680842342));
#1656 = CARTESIAN_POINT('',(3.397700861916,0.697118013304));
#1657 = CARTESIAN_POINT('',(3.415191161108,0.76642146338));
#1658 = CARTESIAN_POINT('',(3.435159132277,0.835550955778));
#1659 = CARTESIAN_POINT('',(3.458395686645,0.904450335338));
#1660 = CARTESIAN_POINT('',(3.486033658592,0.973038550448));
#1661 = CARTESIAN_POINT('',(3.519759963585,1.041194512552));
#1662 = CARTESIAN_POINT('',(3.562167492941,1.108727926869));
#1663 = CARTESIAN_POINT('',(3.617522818826,1.175328804422));
#1664 = CARTESIAN_POINT('',(3.692893493168,1.240439963452));
#1665 = CARTESIAN_POINT('',(3.802023986665,1.303058501631));
#1666 = CARTESIAN_POINT('',(3.967882329061,1.360915976333));
#1667 = CARTESIAN_POINT('',(4.247504168777,1.409665379477));
#1668 = CARTESIAN_POINT('',(4.5355951608,1.427583157215));
#1669 = CARTESIAN_POINT('',(4.712388980385,1.431169986635));
#1670 = ( GEOMETRIC_REPRESENTATION_CONTEXT(2) 
PARAMETRIC_REPRESENTATION_CONTEXT() REPRESENTATION_CONTEXT('2D SPACE',''
  ) );
#1671 = PCURVE('',#144,#1672);
#1672 = DEFINITIONAL_REPRESENTATION('',(#1673),#1677);
#1673 = LINE('',#1674,#1675);
#1674 = CARTESIAN_POINT('',(-3.14159265359,0.145992522257));
#1675 = VECTOR('',#1676,1.);
#1676 = DIRECTION('',(1.,0.));
#1677 = ( GEOMETRIC_REPRESENTATION_CONTEXT(2) 
PARAMETRIC_REPRESENTATION_CONTEXT() REPRESENTATION_CONTEXT('2D SPACE',''
  ) );
#1678 = ORIENTED_EDGE('',*,*,#1576,.T.);
#1679 = ORIENTED_EDGE('',*,*,#1680,.F.);
#1680 = EDGE_CURVE('',#683,#333,#1681,.T.);
#1681 = SURFACE_CURVE('',#1682,(#1687,#1694),.PCURVE_S1.);
#1682 = CIRCLE('',#1683,5.E-02);
#1683 = AXIS2_PLACEMENT_3D('',#1684,#1685,#1686);
#1684 = CARTESIAN_POINT('',(0.746805808361,0.546805808361,0.9));
#1685 = DIRECTION('',(-2.189714495921E-15,-1.,0.));
#1686 = DIRECTION('',(-1.,2.189714495921E-15,0.));
#1687 = PCURVE('',#1591,#1688);
#1688 = DEFINITIONAL_REPRESENTATION('',(#1689),#1693);
#1689 = LINE('',#1690,#1691);
#1690 = CARTESIAN_POINT('',(4.712388980385,4.712388980385));
#1691 = VECTOR('',#1692,1.);
#1692 = DIRECTION('',(0.,-1.));
#1693 = ( GEOMETRIC_REPRESENTATION_CONTEXT(2) 
PARAMETRIC_REPRESENTATION_CONTEXT() REPRESENTATION_CONTEXT('2D SPACE',''
  ) );
#1694 = PCURVE('',#348,#1695);
#1695 = DEFINITIONAL_REPRESENTATION('',(#1696),#1700);
#1696 = LINE('',#1697,#1698);
#1697 = CARTESIAN_POINT('',(6.28318530718,0.546805808361));
#1698 = VECTOR('',#1699,1.);
#1699 = DIRECTION('',(-1.,7.757450442594E-17));
#1700 = ( GEOMETRIC_REPRESENTATION_CONTEXT(2) 
PARAMETRIC_REPRESENTATION_CONTEXT() REPRESENTATION_CONTEXT('2D SPACE',''
  ) );
#1701 = ADVANCED_FACE('',(#1702),#1619,.T.);
#1702 = FACE_BOUND('',#1703,.T.);
#1703 = EDGE_LOOP('',(#1704,#1726,#1727));
#1704 = ORIENTED_EDGE('',*,*,#1705,.F.);
#1705 = EDGE_CURVE('',#195,#974,#1706,.T.);
#1706 = SURFACE_CURVE('',#1707,(#1712,#1719),.PCURVE_S1.);
#1707 = CIRCLE('',#1708,5.E-02);
#1708 = AXIS2_PLACEMENT_3D('',#1709,#1710,#1711);
#1709 = CARTESIAN_POINT('',(-0.746805808361,0.546805808361,0.9));
#1710 = DIRECTION('',(3.047493566145E-16,-1.,2.168404344971E-15));
#1711 = DIRECTION('',(-2.168404344971E-15,2.168404344971E-15,1.));
#1712 = PCURVE('',#1619,#1713);
#1713 = DEFINITIONAL_REPRESENTATION('',(#1714),#1718);
#1714 = LINE('',#1715,#1716);
#1715 = CARTESIAN_POINT('',(4.712388980385,0.));
#1716 = VECTOR('',#1717,1.);
#1717 = DIRECTION('',(-1.,0.));
#1718 = ( GEOMETRIC_REPRESENTATION_CONTEXT(2) 
PARAMETRIC_REPRESENTATION_CONTEXT() REPRESENTATION_CONTEXT('2D SPACE',''
  ) );
#1719 = PCURVE('',#233,#1720);
#1720 = DEFINITIONAL_REPRESENTATION('',(#1721),#1725);
#1721 = LINE('',#1722,#1723);
#1722 = CARTESIAN_POINT('',(3.14159265359,-0.546805808361));
#1723 = VECTOR('',#1724,1.);
#1724 = DIRECTION('',(1.,7.757450442594E-17));
#1725 = ( GEOMETRIC_REPRESENTATION_CONTEXT(2) 
PARAMETRIC_REPRESENTATION_CONTEXT() REPRESENTATION_CONTEXT('2D SPACE',''
  ) );
#1726 = ORIENTED_EDGE('',*,*,#1604,.T.);
#1727 = ORIENTED_EDGE('',*,*,#1728,.F.);
#1728 = EDGE_CURVE('',#974,#75,#1729,.T.);
#1729 = SURFACE_CURVE('',#1730,(#1735,#1764),.PCURVE_S1.);
#1730 = CIRCLE('',#1731,5.E-02);
#1731 = AXIS2_PLACEMENT_3D('',#1732,#1733,#1734);
#1732 = CARTESIAN_POINT('',(-0.746805808361,0.546805808361,0.9));
#1733 = DIRECTION('',(-0.137844537492,0.137844537492,-0.980814848464));
#1734 = DIRECTION('',(0.990268068742,3.469446951954E-17,-0.13917310096)
  );
#1735 = PCURVE('',#1619,#1736);
#1736 = DEFINITIONAL_REPRESENTATION('',(#1737),#1763);
#1737 = B_SPLINE_CURVE_WITH_KNOTS('',3,(#1738,#1739,#1740,#1741,#1742,
    #1743,#1744,#1745,#1746,#1747,#1748,#1749,#1750,#1751,#1752,#1753,
    #1754,#1755,#1756,#1757,#1758,#1759,#1760,#1761,#1762),
  .UNSPECIFIED.,.F.,.F.,(4,1,1,1,1,1,1,1,1,1,1,1,1,1,1,1,1,1,1,1,1,1,4),
  (3.14159265359,3.212112015565,3.282631377541,3.353150739516,
    3.423670101491,3.494189463467,3.564708825442,3.635228187417,
    3.705747549393,3.776266911368,3.846786273343,3.917305635319,
    3.987824997294,4.058344359269,4.128863721245,4.19938308322,
    4.269902445196,4.340421807171,4.410941169146,4.481460531122,
    4.551979893097,4.622499255072,4.693018617048),
  .QUASI_UNIFORM_KNOTS.);
#1738 = CARTESIAN_POINT('',(3.281218993749,0.));
#1739 = CARTESIAN_POINT('',(3.284459607465,2.328203203768E-02));
#1740 = CARTESIAN_POINT('',(3.290939504126,6.984618942326E-02));
#1741 = CARTESIAN_POINT('',(3.300755568242,0.139685729222));
#1742 = CARTESIAN_POINT('',(3.310765360183,0.209511786079));
#1743 = CARTESIAN_POINT('',(3.321075848207,0.279316909912));
#1744 = CARTESIAN_POINT('',(3.331805964417,0.349092810914));
#1745 = CARTESIAN_POINT('',(3.343092985032,0.418829910478));
#1746 = CARTESIAN_POINT('',(3.355099905277,0.488516820552));
#1747 = CARTESIAN_POINT('',(3.368025664267,0.558139619716));
#1748 = CARTESIAN_POINT('',(3.382119376801,0.627680842342));
#1749 = CARTESIAN_POINT('',(3.397700861916,0.697118013304));
#1750 = CARTESIAN_POINT('',(3.415191161108,0.76642146338));
#1751 = CARTESIAN_POINT('',(3.435159132277,0.835550955778));
#1752 = CARTESIAN_POINT('',(3.458395686645,0.904450335338));
#1753 = CARTESIAN_POINT('',(3.486033658592,0.973038550448));
#1754 = CARTESIAN_POINT('',(3.519759963585,1.041194512552));
#1755 = CARTESIAN_POINT('',(3.562167492941,1.108727926869));
#1756 = CARTESIAN_POINT('',(3.617522818826,1.175328804422));
#1757 = CARTESIAN_POINT('',(3.692893493168,1.240439963452));
#1758 = CARTESIAN_POINT('',(3.802023986665,1.303058501631));
#1759 = CARTESIAN_POINT('',(3.967882329061,1.360915976333));
#1760 = CARTESIAN_POINT('',(4.247504168777,1.409665379477));
#1761 = CARTESIAN_POINT('',(4.5355951608,1.427583157215));
#1762 = CARTESIAN_POINT('',(4.712388980385,1.431169986635));
#1763 = ( GEOMETRIC_REPRESENTATION_CONTEXT(2) 
PARAMETRIC_REPRESENTATION_CONTEXT() REPRESENTATION_CONTEXT('2D SPACE',''
  ) );
#1764 = PCURVE('',#90,#1765);
#1765 = DEFINITIONAL_REPRESENTATION('',(#1766),#1770);
#1766 = LINE('',#1767,#1768);
#1767 = CARTESIAN_POINT('',(7.834611270638,-0.145992522257));
#1768 = VECTOR('',#1769,1.);
#1769 = DIRECTION('',(-1.,0.));
#1770 = ( GEOMETRIC_REPRESENTATION_CONTEXT(2) 
PARAMETRIC_REPRESENTATION_CONTEXT() REPRESENTATION_CONTEXT('2D SPACE',''
  ) );
#1771 = ADVANCED_FACE('',(#1772),#348,.T.);
#1772 = FACE_BOUND('',#1773,.T.);
#1773 = EDGE_LOOP('',(#1774,#1775,#1776,#1803));
#1774 = ORIENTED_EDGE('',*,*,#1680,.T.);
#1775 = ORIENTED_EDGE('',*,*,#332,.F.);
#1776 = ORIENTED_EDGE('',*,*,#1777,.F.);
#1777 = EDGE_CURVE('',#706,#310,#1778,.T.);
#1778 = SURFACE_CURVE('',#1779,(#1784,#1791),.PCURVE_S1.);
#1779 = CIRCLE('',#1780,5.E-02);
#1780 = AXIS2_PLACEMENT_3D('',#1781,#1782,#1783);
#1781 = CARTESIAN_POINT('',(0.746805808361,-0.546805808361,0.9));
#1782 = DIRECTION('',(0.,-1.,0.));
#1783 = DIRECTION('',(0.,0.,-1.));
#1784 = PCURVE('',#348,#1785);
#1785 = DEFINITIONAL_REPRESENTATION('',(#1786),#1790);
#1786 = LINE('',#1787,#1788);
#1787 = CARTESIAN_POINT('',(4.712388980385,-0.546805808361));
#1788 = VECTOR('',#1789,1.);
#1789 = DIRECTION('',(-1.,0.));
#1790 = ( GEOMETRIC_REPRESENTATION_CONTEXT(2) 
PARAMETRIC_REPRESENTATION_CONTEXT() REPRESENTATION_CONTEXT('2D SPACE',''
  ) );
#1791 = PCURVE('',#1792,#1797);
#1792 = SPHERICAL_SURFACE('',#1793,5.E-02);
#1793 = AXIS2_PLACEMENT_3D('',#1794,#1795,#1796);
#1794 = CARTESIAN_POINT('',(0.746805808361,-0.546805808361,0.9));
#1795 = DIRECTION('',(1.,0.,0.));
#1796 = DIRECTION('',(0.,-1.,-2.168404344971E-15));
#1797 = DEFINITIONAL_REPRESENTATION('',(#1798),#1802);
#1798 = LINE('',#1799,#1800);
#1799 = CARTESIAN_POINT('',(4.712388980385,3.14159265359));
#1800 = VECTOR('',#1801,1.);
#1801 = DIRECTION('',(-1.117072863734E-14,-1.));
#1802 = ( GEOMETRIC_REPRESENTATION_CONTEXT(2) 
PARAMETRIC_REPRESENTATION_CONTEXT() REPRESENTATION_CONTEXT('2D SPACE',''
  ) );
#1803 = ORIENTED_EDGE('',*,*,#705,.F.);
#1804 = ADVANCED_FACE('',(#1805),#144,.T.);
#1805 = FACE_BOUND('',#1806,.T.);
#1806 = EDGE_LOOP('',(#1807,#1808,#1809,#1875));
#1807 = ORIENTED_EDGE('',*,*,#1635,.T.);
#1808 = ORIENTED_EDGE('',*,*,#682,.F.);
#1809 = ORIENTED_EDGE('',*,*,#1810,.F.);
#1810 = EDGE_CURVE('',#42,#655,#1811,.T.);
#1811 = SURFACE_CURVE('',#1812,(#1817,#1846),.PCURVE_S1.);
#1812 = ( BOUNDED_CURVE() B_SPLINE_CURVE(3,(#1813,#1814,#1815,#1816),
.UNSPECIFIED.,.F.,.F.) B_SPLINE_CURVE_WITH_KNOTS((4,4),(5.507472325451,
7.058898288909),.PIECEWISE_BEZIER_KNOTS.) CURVE() 
GEOMETRIC_REPRESENTATION_ITEM() RATIONAL_B_SPLINE_CURVE((1.,
0.809281311824,0.809281311824,1.)) REPRESENTATION_ITEM('') );
#1813 = CARTESIAN_POINT('',(0.800486596563,0.65,0.525));
#1814 = CARTESIAN_POINT('',(0.829606018857,0.65,0.525));
#1815 = CARTESIAN_POINT('',(0.85,0.629606018857,0.525));
#1816 = CARTESIAN_POINT('',(0.85,0.600486596563,0.525));
#1817 = PCURVE('',#144,#1818);
#1818 = DEFINITIONAL_REPRESENTATION('',(#1819),#1845);
#1819 = B_SPLINE_CURVE_WITH_KNOTS('',3,(#1820,#1821,#1822,#1823,#1824,
    #1825,#1826,#1827,#1828,#1829,#1830,#1831,#1832,#1833,#1834,#1835,
    #1836,#1837,#1838,#1839,#1840,#1841,#1842,#1843,#1844),
  .UNSPECIFIED.,.F.,.F.,(4,1,1,1,1,1,1,1,1,1,1,1,1,1,1,1,1,1,1,1,1,1,4),
  (5.507472325451,5.577991687426,5.648511049401,5.719030411377,
    5.789549773352,5.860069135327,5.930588497303,6.001107859278,
    6.071627221254,6.142146583229,6.212665945204,6.28318530718,
    6.353704669155,6.42422403113,6.494743393106,6.565262755081,
    6.635782117056,6.706301479032,6.776820841007,6.847340202982,
    6.917859564958,6.988378926933,7.058898288909),
  .QUASI_UNIFORM_KNOTS.);
#1820 = CARTESIAN_POINT('',(0.,0.535422449471));
#1821 = CARTESIAN_POINT('',(2.121748985035E-02,0.535570095354));
#1822 = CARTESIAN_POINT('',(6.420983344585E-02,0.535859682523));
#1823 = CARTESIAN_POINT('',(0.13027836881,0.536272235977));
#1824 = CARTESIAN_POINT('',(0.19784179133,0.536658268921));
#1825 = CARTESIAN_POINT('',(0.266790682043,0.537013017108));
#1826 = CARTESIAN_POINT('',(0.336999732742,0.537331820291));
#1827 = CARTESIAN_POINT('',(0.408326121469,0.537610242287));
#1828 = CARTESIAN_POINT('',(0.480611217195,0.537844215102));
#1829 = CARTESIAN_POINT('',(0.553682055108,0.538030177023));
#1830 = CARTESIAN_POINT('',(0.627353518895,0.538165202591));
#1831 = CARTESIAN_POINT('',(0.701430922931,0.538247114436));
#1832 = CARTESIAN_POINT('',(0.775712981729,0.538274569668));
#1833 = CARTESIAN_POINT('',(0.849995040527,0.538247114436));
#1834 = CARTESIAN_POINT('',(0.924072444563,0.538165202591));
#1835 = CARTESIAN_POINT('',(0.99774390835,0.538030177023));
#1836 = CARTESIAN_POINT('',(1.070814746263,0.537844215102));
#1837 = CARTESIAN_POINT('',(1.143099841989,0.537610242287));
#1838 = CARTESIAN_POINT('',(1.214426230716,0.537331820291));
#1839 = CARTESIAN_POINT('',(1.284635281415,0.537013017108));
#1840 = CARTESIAN_POINT('',(1.353584172127,0.536658268921));
#1841 = CARTESIAN_POINT('',(1.421147594648,0.536272235977));
#1842 = CARTESIAN_POINT('',(1.487216130012,0.535859682523));
#1843 = CARTESIAN_POINT('',(1.530208473608,0.535570095354));
#1844 = CARTESIAN_POINT('',(1.551425963458,0.535422449471));
#1845 = ( GEOMETRIC_REPRESENTATION_CONTEXT(2) 
PARAMETRIC_REPRESENTATION_CONTEXT() REPRESENTATION_CONTEXT('2D SPACE',''
  ) );
#1846 = PCURVE('',#1257,#1847);
#1847 = DEFINITIONAL_REPRESENTATION('',(#1848),#1874);
#1848 = B_SPLINE_CURVE_WITH_KNOTS('',3,(#1849,#1850,#1851,#1852,#1853,
    #1854,#1855,#1856,#1857,#1858,#1859,#1860,#1861,#1862,#1863,#1864,
    #1865,#1866,#1867,#1868,#1869,#1870,#1871,#1872,#1873),
  .UNSPECIFIED.,.F.,.F.,(4,1,1,1,1,1,1,1,1,1,1,1,1,1,1,1,1,1,1,1,1,1,4),
  (5.507472325451,5.577991687426,5.648511049401,5.719030411377,
    5.789549773352,5.860069135327,5.930588497303,6.001107859278,
    6.071627221254,6.142146583229,6.212665945204,6.28318530718,
    6.353704669155,6.42422403113,6.494743393106,6.565262755081,
    6.635782117056,6.706301479032,6.776820841007,6.847340202982,
    6.917859564958,6.988378926933,7.058898288909),
  .QUASI_UNIFORM_KNOTS.);
#1849 = CARTESIAN_POINT('',(0.,-0.227510561539));
#1850 = CARTESIAN_POINT('',(2.121748985038E-02,-0.227658207423));
#1851 = CARTESIAN_POINT('',(6.42098334459E-02,-0.227947794592));
#1852 = CARTESIAN_POINT('',(0.13027836881,-0.228360348046));
#1853 = CARTESIAN_POINT('',(0.197841791331,-0.22874638099));
#1854 = CARTESIAN_POINT('',(0.266790682043,-0.229101129177));
#1855 = CARTESIAN_POINT('',(0.336999732742,-0.229419932359));
#1856 = CARTESIAN_POINT('',(0.408326121469,-0.229698354355));
#1857 = CARTESIAN_POINT('',(0.480611217195,-0.22993232717));
#1858 = CARTESIAN_POINT('',(0.553682055108,-0.230118289091));
#1859 = CARTESIAN_POINT('',(0.627353518895,-0.23025331466));
#1860 = CARTESIAN_POINT('',(0.701430922931,-0.230335226505));
#1861 = CARTESIAN_POINT('',(0.775712981729,-0.230362681737));
#1862 = CARTESIAN_POINT('',(0.849995040527,-0.230335226505));
#1863 = CARTESIAN_POINT('',(0.924072444563,-0.23025331466));
#1864 = CARTESIAN_POINT('',(0.99774390835,-0.230118289091));
#1865 = CARTESIAN_POINT('',(1.070814746263,-0.22993232717));
#1866 = CARTESIAN_POINT('',(1.143099841989,-0.229698354355));
#1867 = CARTESIAN_POINT('',(1.214426230716,-0.229419932359));
#1868 = CARTESIAN_POINT('',(1.284635281415,-0.229101129177));
#1869 = CARTESIAN_POINT('',(1.353584172127,-0.22874638099));
#1870 = CARTESIAN_POINT('',(1.421147594648,-0.228360348046));
#1871 = CARTESIAN_POINT('',(1.487216130012,-0.227947794592));
#1872 = CARTESIAN_POINT('',(1.530208473608,-0.227658207423));
#1873 = CARTESIAN_POINT('',(1.551425963458,-0.227510561539));
#1874 = ( GEOMETRIC_REPRESENTATION_CONTEXT(2) 
PARAMETRIC_REPRESENTATION_CONTEXT() REPRESENTATION_CONTEXT('2D SPACE',''
  ) );
#1875 = ORIENTED_EDGE('',*,*,#130,.F.);
#1876 = ADVANCED_FACE('',(#1877),#90,.T.);
#1877 = FACE_BOUND('',#1878,.T.);
#1878 = EDGE_LOOP('',(#1879,#1880,#1881,#1947));
#1879 = ORIENTED_EDGE('',*,*,#1728,.T.);
#1880 = ORIENTED_EDGE('',*,*,#74,.F.);
#1881 = ORIENTED_EDGE('',*,*,#1882,.F.);
#1882 = EDGE_CURVE('',#997,#40,#1883,.T.);
#1883 = SURFACE_CURVE('',#1884,(#1889,#1918),.PCURVE_S1.);
#1884 = ( BOUNDED_CURVE() B_SPLINE_CURVE(3,(#1885,#1886,#1887,#1888),
.UNSPECIFIED.,.F.,.F.) B_SPLINE_CURVE_WITH_KNOTS((4,4),(2.365879671861,
3.917305635319),.PIECEWISE_BEZIER_KNOTS.) CURVE() 
GEOMETRIC_REPRESENTATION_ITEM() RATIONAL_B_SPLINE_CURVE((1.,
0.809281311824,0.809281311824,1.)) REPRESENTATION_ITEM('') );
#1885 = CARTESIAN_POINT('',(-0.85,0.600486596563,0.525));
#1886 = CARTESIAN_POINT('',(-0.85,0.629606018857,0.525));
#1887 = CARTESIAN_POINT('',(-0.829606018857,0.65,0.525));
#1888 = CARTESIAN_POINT('',(-0.800486596563,0.65,0.525));
#1889 = PCURVE('',#90,#1890);
#1890 = DEFINITIONAL_REPRESENTATION('',(#1891),#1917);
#1891 = B_SPLINE_CURVE_WITH_KNOTS('',3,(#1892,#1893,#1894,#1895,#1896,
    #1897,#1898,#1899,#1900,#1901,#1902,#1903,#1904,#1905,#1906,#1907,
    #1908,#1909,#1910,#1911,#1912,#1913,#1914,#1915,#1916),
  .UNSPECIFIED.,.F.,.F.,(4,1,1,1,1,1,1,1,1,1,1,1,1,1,1,1,1,1,1,1,1,1,4),
  (2.365879671861,2.436399033836,2.506918395812,2.577437757787,
    2.647957119762,2.718476481738,2.788995843713,2.859515205688,
    2.930034567664,3.000553929639,3.071073291614,3.14159265359,
    3.212112015565,3.282631377541,3.353150739516,3.423670101491,
    3.494189463467,3.564708825442,3.635228187417,3.705747549393,
    3.776266911368,3.846786273343,3.917305635319),
  .QUASI_UNIFORM_KNOTS.);
#1892 = CARTESIAN_POINT('',(4.693018617048,-0.535422449471));
#1893 = CARTESIAN_POINT('',(4.671801127197,-0.535570095354));
#1894 = CARTESIAN_POINT('',(4.628808783602,-0.535859682523));
#1895 = CARTESIAN_POINT('',(4.562740248238,-0.536272235977));
#1896 = CARTESIAN_POINT('',(4.495176825717,-0.536658268921));
#1897 = CARTESIAN_POINT('',(4.426227935005,-0.537013017108));
#1898 = CARTESIAN_POINT('',(4.356018884306,-0.537331820291));
#1899 = CARTESIAN_POINT('',(4.284692495578,-0.537610242287));
#1900 = CARTESIAN_POINT('',(4.212407399852,-0.537844215102));
#1901 = CARTESIAN_POINT('',(4.13933656194,-0.538030177023));
#1902 = CARTESIAN_POINT('',(4.065665098153,-0.538165202591));
#1903 = CARTESIAN_POINT('',(3.991587694117,-0.538247114436));
#1904 = CARTESIAN_POINT('',(3.917305635319,-0.538274569668));
#1905 = CARTESIAN_POINT('',(3.843023576521,-0.538247114436));
#1906 = CARTESIAN_POINT('',(3.768946172484,-0.538165202591));
#1907 = CARTESIAN_POINT('',(3.695274708698,-0.538030177023));
#1908 = CARTESIAN_POINT('',(3.622203870785,-0.537844215102));
#1909 = CARTESIAN_POINT('',(3.549918775059,-0.537610242287));
#1910 = CARTESIAN_POINT('',(3.478592386332,-0.537331820291));
#1911 = CARTESIAN_POINT('',(3.408383335633,-0.537013017108));
#1912 = CARTESIAN_POINT('',(3.33943444492,-0.536658268921));
#1913 = CARTESIAN_POINT('',(3.271871022399,-0.536272235977));
#1914 = CARTESIAN_POINT('',(3.205802487036,-0.535859682523));
#1915 = CARTESIAN_POINT('',(3.16281014344,-0.535570095354));
#1916 = CARTESIAN_POINT('',(3.14159265359,-0.535422449471));
#1917 = ( GEOMETRIC_REPRESENTATION_CONTEXT(2) 
PARAMETRIC_REPRESENTATION_CONTEXT() REPRESENTATION_CONTEXT('2D SPACE',''
  ) );
#1918 = PCURVE('',#1313,#1919);
#1919 = DEFINITIONAL_REPRESENTATION('',(#1920),#1946);
#1920 = B_SPLINE_CURVE_WITH_KNOTS('',3,(#1921,#1922,#1923,#1924,#1925,
    #1926,#1927,#1928,#1929,#1930,#1931,#1932,#1933,#1934,#1935,#1936,
    #1937,#1938,#1939,#1940,#1941,#1942,#1943,#1944,#1945),
  .UNSPECIFIED.,.F.,.F.,(4,1,1,1,1,1,1,1,1,1,1,1,1,1,1,1,1,1,1,1,1,1,4),
  (2.365879671861,2.436399033836,2.506918395812,2.577437757787,
    2.647957119762,2.718476481738,2.788995843713,2.859515205688,
    2.930034567664,3.000553929639,3.071073291614,3.14159265359,
    3.212112015565,3.282631377541,3.353150739516,3.423670101491,
    3.494189463467,3.564708825442,3.635228187417,3.705747549393,
    3.776266911368,3.846786273343,3.917305635319),
  .QUASI_UNIFORM_KNOTS.);
#1921 = CARTESIAN_POINT('',(4.693018617048,-6.82515219644E-03));
#1922 = CARTESIAN_POINT('',(4.671801127197,-6.677506313074E-03));
#1923 = CARTESIAN_POINT('',(4.628808783602,-6.387919144084E-03));
#1924 = CARTESIAN_POINT('',(4.562740248238,-5.975365690243E-03));
#1925 = CARTESIAN_POINT('',(4.495176825717,-5.589332746142E-03));
#1926 = CARTESIAN_POINT('',(4.426227935005,-5.234584559026E-03));
#1927 = CARTESIAN_POINT('',(4.356018884306,-4.915781376491E-03));
#1928 = CARTESIAN_POINT('',(4.284692495578,-4.637359380356E-03));
#1929 = CARTESIAN_POINT('',(4.212407399852,-4.403386565398E-03));
#1930 = CARTESIAN_POINT('',(4.13933656194,-4.217424644271E-03));
#1931 = CARTESIAN_POINT('',(4.065665098153,-4.082399075879E-03));
#1932 = CARTESIAN_POINT('',(3.991587694117,-4.000487230854E-03));
#1933 = CARTESIAN_POINT('',(3.917305635319,-3.97303199886E-03));
#1934 = CARTESIAN_POINT('',(3.843023576521,-4.000487230854E-03));
#1935 = CARTESIAN_POINT('',(3.768946172484,-4.082399075879E-03));
#1936 = CARTESIAN_POINT('',(3.695274708698,-4.217424644271E-03));
#1937 = CARTESIAN_POINT('',(3.622203870785,-4.403386565398E-03));
#1938 = CARTESIAN_POINT('',(3.549918775059,-4.637359380356E-03));
#1939 = CARTESIAN_POINT('',(3.478592386332,-4.915781376492E-03));
#1940 = CARTESIAN_POINT('',(3.408383335633,-5.234584559026E-03));
#1941 = CARTESIAN_POINT('',(3.33943444492,-5.589332746142E-03));
#1942 = CARTESIAN_POINT('',(3.271871022399,-5.975365690243E-03));
#1943 = CARTESIAN_POINT('',(3.205802487036,-6.387919144084E-03));
#1944 = CARTESIAN_POINT('',(3.16281014344,-6.677506313074E-03));
#1945 = CARTESIAN_POINT('',(3.14159265359,-6.82515219644E-03));
#1946 = ( GEOMETRIC_REPRESENTATION_CONTEXT(2) 
PARAMETRIC_REPRESENTATION_CONTEXT() REPRESENTATION_CONTEXT('2D SPACE',''
  ) );
#1947 = ORIENTED_EDGE('',*,*,#996,.F.);
#1948 = ADVANCED_FACE('',(#1949),#233,.T.);
#1949 = FACE_BOUND('',#1950,.T.);
#1950 = EDGE_LOOP('',(#1951,#1952,#1953,#1980));
#1951 = ORIENTED_EDGE('',*,*,#1705,.T.);
#1952 = ORIENTED_EDGE('',*,*,#973,.F.);
#1953 = ORIENTED_EDGE('',*,*,#1954,.F.);
#1954 = EDGE_CURVE('',#218,#951,#1955,.T.);
#1955 = SURFACE_CURVE('',#1956,(#1961,#1968),.PCURVE_S1.);
#1956 = CIRCLE('',#1957,5.E-02);
#1957 = AXIS2_PLACEMENT_3D('',#1958,#1959,#1960);
#1958 = CARTESIAN_POINT('',(-0.746805808361,-0.546805808361,0.9));
#1959 = DIRECTION('',(0.,-1.,0.));
#1960 = DIRECTION('',(0.,0.,-1.));
#1961 = PCURVE('',#233,#1962);
#1962 = DEFINITIONAL_REPRESENTATION('',(#1963),#1967);
#1963 = LINE('',#1964,#1965);
#1964 = CARTESIAN_POINT('',(0.,0.546805808361));
#1965 = VECTOR('',#1966,1.);
#1966 = DIRECTION('',(1.,0.));
#1967 = ( GEOMETRIC_REPRESENTATION_CONTEXT(2) 
PARAMETRIC_REPRESENTATION_CONTEXT() REPRESENTATION_CONTEXT('2D SPACE',''
  ) );
#1968 = PCURVE('',#1969,#1974);
#1969 = SPHERICAL_SURFACE('',#1970,5.E-02);
#1970 = AXIS2_PLACEMENT_3D('',#1971,#1972,#1973);
#1971 = CARTESIAN_POINT('',(-0.746805808361,-0.546805808361,0.9));
#1972 = DIRECTION('',(-4.701977403289E-30,1.,2.168404344971E-15));
#1973 = DIRECTION('',(1.,0.,2.168404344971E-15));
#1974 = DEFINITIONAL_REPRESENTATION('',(#1975),#1979);
#1975 = LINE('',#1976,#1977);
#1976 = CARTESIAN_POINT('',(7.853981633974,4.874149864208E-15));
#1977 = VECTOR('',#1978,1.);
#1978 = DIRECTION('',(-1.,-1.551490088519E-15));
#1979 = ( GEOMETRIC_REPRESENTATION_CONTEXT(2) 
PARAMETRIC_REPRESENTATION_CONTEXT() REPRESENTATION_CONTEXT('2D SPACE',''
  ) );
#1980 = ORIENTED_EDGE('',*,*,#217,.F.);
#1981 = ADVANCED_FACE('',(#1982),#259,.T.);
#1982 = FACE_BOUND('',#1983,.T.);
#1983 = EDGE_LOOP('',(#1984,#2012,#2013,#2035,#2036,#2058,#2059,#2087));
#1984 = ORIENTED_EDGE('',*,*,#1985,.F.);
#1985 = EDGE_CURVE('',#162,#1986,#1988,.T.);
#1986 = VERTEX_POINT('',#1987);
#1987 = CARTESIAN_POINT('',(-0.652968065906,-0.549966504487,0.9499));
#1988 = SURFACE_CURVE('',#1989,(#1994,#2001),.PCURVE_S1.);
#1989 = CIRCLE('',#1990,5.E-02);
#1990 = AXIS2_PLACEMENT_3D('',#1991,#1992,#1993);
#1991 = CARTESIAN_POINT('',(-0.652968065906,-0.546805808361,0.9));
#1992 = DIRECTION('',(1.,0.,-0.));
#1993 = DIRECTION('',(0.,0.,1.));
#1994 = PCURVE('',#259,#1995);
#1995 = DEFINITIONAL_REPRESENTATION('',(#1996),#2000);
#1996 = LINE('',#1997,#1998);
#1997 = CARTESIAN_POINT('',(3.14159265359,-0.652968065906));
#1998 = VECTOR('',#1999,1.);
#1999 = DIRECTION('',(1.,0.));
#2000 = ( GEOMETRIC_REPRESENTATION_CONTEXT(2) 
PARAMETRIC_REPRESENTATION_CONTEXT() REPRESENTATION_CONTEXT('2D SPACE',''
  ) );
#2001 = PCURVE('',#182,#2002);
#2002 = DEFINITIONAL_REPRESENTATION('',(#2003),#2011);
#2003 = ( BOUNDED_CURVE() B_SPLINE_CURVE(2,(#2004,#2005,#2006,#2007,
#2008,#2009,#2010),.UNSPECIFIED.,.T.,.F.) B_SPLINE_CURVE_WITH_KNOTS((1,2
    ,2,2,2,1),(-2.094395102393,0.,2.094395102393,4.188790204786,
6.28318530718,8.377580409573),.UNSPECIFIED.) CURVE() 
GEOMETRIC_REPRESENTATION_ITEM() RATIONAL_B_SPLINE_CURVE((1.,0.5,1.,0.5,
1.,0.5,1.)) REPRESENTATION_ITEM('') );
#2004 = CARTESIAN_POINT('',(9.999999999999E-05,-1.196805808361));
#2005 = CARTESIAN_POINT('',(9.999999999999E-05,-1.283408348739));
#2006 = CARTESIAN_POINT('',(-7.49E-02,-1.24010707855));
#2007 = CARTESIAN_POINT('',(-0.1499,-1.196805808361));
#2008 = CARTESIAN_POINT('',(-7.49E-02,-1.153504538171));
#2009 = CARTESIAN_POINT('',(9.999999999991E-05,-1.110203267982));
#2010 = CARTESIAN_POINT('',(9.999999999999E-05,-1.196805808361));
#2011 = ( GEOMETRIC_REPRESENTATION_CONTEXT(2) 
PARAMETRIC_REPRESENTATION_CONTEXT() REPRESENTATION_CONTEXT('2D SPACE',''
  ) );
#2012 = ORIENTED_EDGE('',*,*,#245,.F.);
#2013 = ORIENTED_EDGE('',*,*,#2014,.F.);
#2014 = EDGE_CURVE('',#568,#218,#2015,.T.);
#2015 = SURFACE_CURVE('',#2016,(#2021,#2028),.PCURVE_S1.);
#2016 = CIRCLE('',#2017,5.E-02);
#2017 = AXIS2_PLACEMENT_3D('',#2018,#2019,#2020);
#2018 = CARTESIAN_POINT('',(-0.746805808361,-0.546805808361,0.9));
#2019 = DIRECTION('',(-1.,0.,0.));
#2020 = DIRECTION('',(0.,0.,1.));
#2021 = PCURVE('',#259,#2022);
#2022 = DEFINITIONAL_REPRESENTATION('',(#2023),#2027);
#2023 = LINE('',#2024,#2025);
#2024 = CARTESIAN_POINT('',(9.424777960769,-0.746805808361));
#2025 = VECTOR('',#2026,1.);
#2026 = DIRECTION('',(-1.,0.));
#2027 = ( GEOMETRIC_REPRESENTATION_CONTEXT(2) 
PARAMETRIC_REPRESENTATION_CONTEXT() REPRESENTATION_CONTEXT('2D SPACE',''
  ) );
#2028 = PCURVE('',#1969,#2029);
#2029 = DEFINITIONAL_REPRESENTATION('',(#2030),#2034);
#2030 = LINE('',#2031,#2032);
#2031 = CARTESIAN_POINT('',(4.712388980385,-6.28318530718));
#2032 = VECTOR('',#2033,1.);
#2033 = DIRECTION('',(1.117072863734E-14,1.));
#2034 = ( GEOMETRIC_REPRESENTATION_CONTEXT(2) 
PARAMETRIC_REPRESENTATION_CONTEXT() REPRESENTATION_CONTEXT('2D SPACE',''
  ) );
#2035 = ORIENTED_EDGE('',*,*,#567,.F.);
#2036 = ORIENTED_EDGE('',*,*,#2037,.F.);
#2037 = EDGE_CURVE('',#310,#540,#2038,.T.);
#2038 = SURFACE_CURVE('',#2039,(#2044,#2051),.PCURVE_S1.);
#2039 = CIRCLE('',#2040,5.E-02);
#2040 = AXIS2_PLACEMENT_3D('',#2041,#2042,#2043);
#2041 = CARTESIAN_POINT('',(0.746805808361,-0.546805808361,0.9));
#2042 = DIRECTION('',(1.,0.,0.));
#2043 = DIRECTION('',(0.,-0.,-1.));
#2044 = PCURVE('',#259,#2045);
#2045 = DEFINITIONAL_REPRESENTATION('',(#2046),#2050);
#2046 = LINE('',#2047,#2048);
#2047 = CARTESIAN_POINT('',(0.,0.746805808361));
#2048 = VECTOR('',#2049,1.);
#2049 = DIRECTION('',(1.,0.));
#2050 = ( GEOMETRIC_REPRESENTATION_CONTEXT(2) 
PARAMETRIC_REPRESENTATION_CONTEXT() REPRESENTATION_CONTEXT('2D SPACE',''
  ) );
#2051 = PCURVE('',#1792,#2052);
#2052 = DEFINITIONAL_REPRESENTATION('',(#2053),#2057);
#2053 = LINE('',#2054,#2055);
#2054 = CARTESIAN_POINT('',(1.570796326795,0.));
#2055 = VECTOR('',#2056,1.);
#2056 = DIRECTION('',(1.,0.));
#2057 = ( GEOMETRIC_REPRESENTATION_CONTEXT(2) 
PARAMETRIC_REPRESENTATION_CONTEXT() REPRESENTATION_CONTEXT('2D SPACE',''
  ) );
#2058 = ORIENTED_EDGE('',*,*,#309,.F.);
#2059 = ORIENTED_EDGE('',*,*,#2060,.F.);
#2060 = EDGE_CURVE('',#2061,#275,#2063,.T.);
#2061 = VERTEX_POINT('',#2062);
#2062 = CARTESIAN_POINT('',(-0.559255056447,-0.549966504487,0.9499));
#2063 = SURFACE_CURVE('',#2064,(#2069,#2076),.PCURVE_S1.);
#2064 = CIRCLE('',#2065,5.E-02);
#2065 = AXIS2_PLACEMENT_3D('',#2066,#2067,#2068);
#2066 = CARTESIAN_POINT('',(-0.559255056447,-0.546805808361,0.9));
#2067 = DIRECTION('',(-1.,-0.,-0.));
#2068 = DIRECTION('',(0.,0.,-1.));
#2069 = PCURVE('',#259,#2070);
#2070 = DEFINITIONAL_REPRESENTATION('',(#2071),#2075);
#2071 = LINE('',#2072,#2073);
#2072 = CARTESIAN_POINT('',(6.28318530718,-0.559255056447));
#2073 = VECTOR('',#2074,1.);
#2074 = DIRECTION('',(-1.,0.));
#2075 = ( GEOMETRIC_REPRESENTATION_CONTEXT(2) 
PARAMETRIC_REPRESENTATION_CONTEXT() REPRESENTATION_CONTEXT('2D SPACE',''
  ) );
#2076 = PCURVE('',#297,#2077);
#2077 = DEFINITIONAL_REPRESENTATION('',(#2078),#2086);
#2078 = ( BOUNDED_CURVE() B_SPLINE_CURVE(2,(#2079,#2080,#2081,#2082,
#2083,#2084,#2085),.UNSPECIFIED.,.T.,.F.) B_SPLINE_CURVE_WITH_KNOTS((1,2
    ,2,2,2,1),(-2.094395102393,0.,2.094395102393,4.188790204786,
6.28318530718,8.377580409573),.UNSPECIFIED.) CURVE() 
GEOMETRIC_REPRESENTATION_ITEM() RATIONAL_B_SPLINE_CURVE((1.,0.5,1.,0.5,
1.,0.5,1.)) REPRESENTATION_ITEM('') );
#2079 = CARTESIAN_POINT('',(9.99E-02,-1.196805808361));
#2080 = CARTESIAN_POINT('',(9.99E-02,-1.283408348739));
#2081 = CARTESIAN_POINT('',(2.49E-02,-1.24010707855));
#2082 = CARTESIAN_POINT('',(-5.01E-02,-1.196805808361));
#2083 = CARTESIAN_POINT('',(2.49E-02,-1.153504538171));
#2084 = CARTESIAN_POINT('',(9.99E-02,-1.110203267982));
#2085 = CARTESIAN_POINT('',(9.99E-02,-1.196805808361));
#2086 = ( GEOMETRIC_REPRESENTATION_CONTEXT(2) 
PARAMETRIC_REPRESENTATION_CONTEXT() REPRESENTATION_CONTEXT('2D SPACE',''
  ) );
#2087 = ORIENTED_EDGE('',*,*,#2088,.T.);
#2088 = EDGE_CURVE('',#2061,#1986,#2089,.T.);
#2089 = SURFACE_CURVE('',#2090,(#2094,#2101),.PCURVE_S1.);
#2090 = LINE('',#2091,#2092);
#2091 = CARTESIAN_POINT('',(0.,-0.549966504487,0.9499));
#2092 = VECTOR('',#2093,1.);
#2093 = DIRECTION('',(-1.,-0.,-0.));
#2094 = PCURVE('',#259,#2095);
#2095 = DEFINITIONAL_REPRESENTATION('',(#2096),#2100);
#2096 = LINE('',#2097,#2098);
#2097 = CARTESIAN_POINT('',(3.204848752465,0.));
#2098 = VECTOR('',#2099,1.);
#2099 = DIRECTION('',(0.,-1.));
#2100 = ( GEOMETRIC_REPRESENTATION_CONTEXT(2) 
PARAMETRIC_REPRESENTATION_CONTEXT() REPRESENTATION_CONTEXT('2D SPACE',''
  ) );
#2101 = PCURVE('',#1537,#2102);
#2102 = DEFINITIONAL_REPRESENTATION('',(#2103),#2107);
#2103 = LINE('',#2104,#2105);
#2104 = CARTESIAN_POINT('',(0.,-0.549966504487));
#2105 = VECTOR('',#2106,1.);
#2106 = DIRECTION('',(-1.,0.));
#2107 = ( GEOMETRIC_REPRESENTATION_CONTEXT(2) 
PARAMETRIC_REPRESENTATION_CONTEXT() REPRESENTATION_CONTEXT('2D SPACE',''
  ) );
#2108 = ADVANCED_FACE('',(#2109),#1792,.T.);
#2109 = FACE_BOUND('',#2110,.T.);
#2110 = EDGE_LOOP('',(#2111,#2112,#2113));
#2111 = ORIENTED_EDGE('',*,*,#1777,.T.);
#2112 = ORIENTED_EDGE('',*,*,#2037,.T.);
#2113 = ORIENTED_EDGE('',*,*,#2114,.F.);
#2114 = EDGE_CURVE('',#706,#540,#2115,.T.);
#2115 = SURFACE_CURVE('',#2116,(#2121,#2150),.PCURVE_S1.);
#2116 = CIRCLE('',#2117,5.E-02);
#2117 = AXIS2_PLACEMENT_3D('',#2118,#2119,#2120);
#2118 = CARTESIAN_POINT('',(0.746805808361,-0.546805808361,0.9));
#2119 = DIRECTION('',(0.137844537492,-0.137844537492,-0.980814848464));
#2120 = DIRECTION('',(-2.119832087644E-15,-0.990268068742,0.13917310096)
  );
#2121 = PCURVE('',#1792,#2122);
#2122 = DEFINITIONAL_REPRESENTATION('',(#2123),#2149);
#2123 = B_SPLINE_CURVE_WITH_KNOTS('',3,(#2124,#2125,#2126,#2127,#2128,
    #2129,#2130,#2131,#2132,#2133,#2134,#2135,#2136,#2137,#2138,#2139,
    #2140,#2141,#2142,#2143,#2144,#2145,#2146,#2147,#2148),
  .UNSPECIFIED.,.F.,.F.,(4,1,1,1,1,1,1,1,1,1,1,1,1,1,1,1,1,1,1,1,1,1,4),
  (4.731759343722,4.802278705697,4.872798067672,4.943317429648,
    5.013836791623,5.084356153598,5.154875515574,5.225394877549,
    5.295914239525,5.3664336015,5.436952963475,5.507472325451,
    5.577991687426,5.648511049401,5.719030411377,5.789549773352,
    5.860069135327,5.930588497303,6.001107859278,6.071627221254,
    6.142146583229,6.212665945204,6.28318530718),.QUASI_UNIFORM_KNOTS.);
#2124 = CARTESIAN_POINT('',(4.712388980385,1.431169986635));
#2125 = CARTESIAN_POINT('',(4.88918279997,1.427583157215));
#2126 = CARTESIAN_POINT('',(5.177273791993,1.409665379477));
#2127 = CARTESIAN_POINT('',(5.456895631708,1.360915976333));
#2128 = CARTESIAN_POINT('',(5.622753974104,1.303058501631));
#2129 = CARTESIAN_POINT('',(5.731884467602,1.240439963452));
#2130 = CARTESIAN_POINT('',(5.807255141943,1.175328804422));
#2131 = CARTESIAN_POINT('',(5.862610467829,1.108727926869));
#2132 = CARTESIAN_POINT('',(5.905017997185,1.041194512552));
#2133 = CARTESIAN_POINT('',(5.938744302177,0.973038550448));
#2134 = CARTESIAN_POINT('',(5.966382274124,0.904450335338));
#2135 = CARTESIAN_POINT('',(5.989618828492,0.835550955778));
#2136 = CARTESIAN_POINT('',(6.009586799662,0.76642146338));
#2137 = CARTESIAN_POINT('',(6.027077098854,0.697118013304));
#2138 = CARTESIAN_POINT('',(6.042658583968,0.627680842342));
#2139 = CARTESIAN_POINT('',(6.056752296502,0.558139619716));
#2140 = CARTESIAN_POINT('',(6.069678055492,0.488516820552));
#2141 = CARTESIAN_POINT('',(6.081684975737,0.418829910478));
#2142 = CARTESIAN_POINT('',(6.092971996352,0.349092810914));
#2143 = CARTESIAN_POINT('',(6.103702112562,0.279316909912));
#2144 = CARTESIAN_POINT('',(6.114012600586,0.209511786079));
#2145 = CARTESIAN_POINT('',(6.124022392527,0.139685729222));
#2146 = CARTESIAN_POINT('',(6.133838456643,6.984618942325E-02));
#2147 = CARTESIAN_POINT('',(6.140318353305,2.328203203768E-02));
#2148 = CARTESIAN_POINT('',(6.14355896702,-2.22044604925E-15));
#2149 = ( GEOMETRIC_REPRESENTATION_CONTEXT(2) 
PARAMETRIC_REPRESENTATION_CONTEXT() REPRESENTATION_CONTEXT('2D SPACE',''
  ) );
#2150 = PCURVE('',#555,#2151);
#2151 = DEFINITIONAL_REPRESENTATION('',(#2152),#2156);
#2152 = LINE('',#2153,#2154);
#2153 = CARTESIAN_POINT('',(-1.590166690132,0.118423614758));
#2154 = VECTOR('',#2155,1.);
#2155 = DIRECTION('',(1.,0.));
#2156 = ( GEOMETRIC_REPRESENTATION_CONTEXT(2) 
PARAMETRIC_REPRESENTATION_CONTEXT() REPRESENTATION_CONTEXT('2D SPACE',''
  ) );
#2157 = ADVANCED_FACE('',(#2158),#1257,.T.);
#2158 = FACE_BOUND('',#2159,.T.);
#2159 = EDGE_LOOP('',(#2160,#2161,#2162,#2211));
#2160 = ORIENTED_EDGE('',*,*,#1810,.T.);
#2161 = ORIENTED_EDGE('',*,*,#1243,.F.);
#2162 = ORIENTED_EDGE('',*,*,#2163,.F.);
#2163 = EDGE_CURVE('',#1424,#1221,#2164,.T.);
#2164 = SURFACE_CURVE('',#2165,(#2170,#2177),.PCURVE_S1.);
#2165 = CIRCLE('',#2166,5.E-02);
#2166 = AXIS2_PLACEMENT_3D('',#2167,#2168,#2169);
#2167 = CARTESIAN_POINT('',(0.746805808361,0.546805808361,0.15));
#2168 = DIRECTION('',(-0.137844537492,-0.137844537492,-0.980814848464));
#2169 = DIRECTION('',(-0.990268068742,1.040834085586E-17,0.13917310096)
  );
#2170 = PCURVE('',#1257,#2171);
#2171 = DEFINITIONAL_REPRESENTATION('',(#2172),#2176);
#2172 = LINE('',#2173,#2174);
#2173 = CARTESIAN_POINT('',(-1.590166690132,0.161919365675));
#2174 = VECTOR('',#2175,1.);
#2175 = DIRECTION('',(1.,7.15614570579E-17));
#2176 = ( GEOMETRIC_REPRESENTATION_CONTEXT(2) 
PARAMETRIC_REPRESENTATION_CONTEXT() REPRESENTATION_CONTEXT('2D SPACE',''
  ) );
#2177 = PCURVE('',#2178,#2183);
#2178 = SPHERICAL_SURFACE('',#2179,5.E-02);
#2179 = AXIS2_PLACEMENT_3D('',#2180,#2181,#2182);
#2180 = CARTESIAN_POINT('',(0.746805808361,0.546805808361,0.15));
#2181 = DIRECTION('',(0.,1.,0.));
#2182 = DIRECTION('',(-1.,0.,-4.336808689942E-15));
#2183 = DEFINITIONAL_REPRESENTATION('',(#2184),#2210);
#2184 = B_SPLINE_CURVE_WITH_KNOTS('',3,(#2185,#2186,#2187,#2188,#2189,
    #2190,#2191,#2192,#2193,#2194,#2195,#2196,#2197,#2198,#2199,#2200,
    #2201,#2202,#2203,#2204,#2205,#2206,#2207,#2208,#2209),
  .UNSPECIFIED.,.F.,.F.,(4,1,1,1,1,1,1,1,1,1,1,1,1,1,1,1,1,1,1,1,1,1,4),
  (1.590166690132,1.660686052107,1.731205414083,1.801724776058,
    1.872244138033,1.942763500009,2.013282861984,2.083802223959,
    2.154321585935,2.22484094791,2.295360309885,2.365879671861,
    2.436399033836,2.506918395812,2.577437757787,2.647957119762,
    2.718476481738,2.788995843713,2.859515205688,2.930034567664,
    3.000553929639,3.071073291614,3.14159265359),.QUASI_UNIFORM_KNOTS.);
#2185 = CARTESIAN_POINT('',(4.712388980385,1.431169986635));
#2186 = CARTESIAN_POINT('',(4.5355951608,1.427583157215));
#2187 = CARTESIAN_POINT('',(4.247504168777,1.409665379477));
#2188 = CARTESIAN_POINT('',(3.967882329061,1.360915976333));
#2189 = CARTESIAN_POINT('',(3.802023986665,1.303058501631));
#2190 = CARTESIAN_POINT('',(3.692893493168,1.240439963452));
#2191 = CARTESIAN_POINT('',(3.617522818826,1.175328804422));
#2192 = CARTESIAN_POINT('',(3.562167492941,1.108727926869));
#2193 = CARTESIAN_POINT('',(3.519759963585,1.041194512552));
#2194 = CARTESIAN_POINT('',(3.486033658592,0.973038550448));
#2195 = CARTESIAN_POINT('',(3.458395686645,0.904450335338));
#2196 = CARTESIAN_POINT('',(3.435159132277,0.835550955778));
#2197 = CARTESIAN_POINT('',(3.415191161108,0.76642146338));
#2198 = CARTESIAN_POINT('',(3.397700861916,0.697118013304));
#2199 = CARTESIAN_POINT('',(3.382119376801,0.627680842342));
#2200 = CARTESIAN_POINT('',(3.368025664267,0.558139619716));
#2201 = CARTESIAN_POINT('',(3.355099905277,0.488516820552));
#2202 = CARTESIAN_POINT('',(3.343092985032,0.418829910478));
#2203 = CARTESIAN_POINT('',(3.331805964417,0.349092810914));
#2204 = CARTESIAN_POINT('',(3.321075848207,0.279316909912));
#2205 = CARTESIAN_POINT('',(3.310765360183,0.209511786079));
#2206 = CARTESIAN_POINT('',(3.300755568242,0.139685729222));
#2207 = CARTESIAN_POINT('',(3.290939504126,6.984618942326E-02));
#2208 = CARTESIAN_POINT('',(3.284459607465,2.328203203768E-02));
#2209 = CARTESIAN_POINT('',(3.281218993749,0.));
#2210 = ( GEOMETRIC_REPRESENTATION_CONTEXT(2) 
PARAMETRIC_REPRESENTATION_CONTEXT() REPRESENTATION_CONTEXT('2D SPACE',''
  ) );
#2211 = ORIENTED_EDGE('',*,*,#1423,.F.);
#2212 = ADVANCED_FACE('',(#2213),#489,.T.);
#2213 = FACE_BOUND('',#2214,.T.);
#2214 = EDGE_LOOP('',(#2215,#2242,#2243,#2265));
#2215 = ORIENTED_EDGE('',*,*,#2216,.F.);
#2216 = EDGE_CURVE('',#1447,#448,#2217,.T.);
#2217 = SURFACE_CURVE('',#2218,(#2223,#2230),.PCURVE_S1.);
#2218 = CIRCLE('',#2219,5.E-02);
#2219 = AXIS2_PLACEMENT_3D('',#2220,#2221,#2222);
#2220 = CARTESIAN_POINT('',(-0.746805808361,0.546805808361,0.15));
#2221 = DIRECTION('',(-1.,-3.047493566145E-16,-2.168404344971E-15));
#2222 = DIRECTION('',(-2.168404344971E-15,5.254869241218E-46,1.));
#2223 = PCURVE('',#489,#2224);
#2224 = DEFINITIONAL_REPRESENTATION('',(#2225),#2229);
#2225 = LINE('',#2226,#2227);
#2226 = CARTESIAN_POINT('',(7.853981633974,-0.746805808361));
#2227 = VECTOR('',#2228,1.);
#2228 = DIRECTION('',(-1.,7.757450442594E-17));
#2229 = ( GEOMETRIC_REPRESENTATION_CONTEXT(2) 
PARAMETRIC_REPRESENTATION_CONTEXT() REPRESENTATION_CONTEXT('2D SPACE',''
  ) );
#2230 = PCURVE('',#2231,#2236);
#2231 = SPHERICAL_SURFACE('',#2232,5.E-02);
#2232 = AXIS2_PLACEMENT_3D('',#2233,#2234,#2235);
#2233 = CARTESIAN_POINT('',(-0.746805808361,0.546805808361,0.15));
#2234 = DIRECTION('',(0.,1.,0.));
#2235 = DIRECTION('',(-1.,0.,0.));
#2236 = DEFINITIONAL_REPRESENTATION('',(#2237),#2241);
#2237 = LINE('',#2238,#2239);
#2238 = CARTESIAN_POINT('',(4.712388980385,3.14159265359));
#2239 = VECTOR('',#2240,1.);
#2240 = DIRECTION('',(-1.117072863734E-14,-1.));
#2241 = ( GEOMETRIC_REPRESENTATION_CONTEXT(2) 
PARAMETRIC_REPRESENTATION_CONTEXT() REPRESENTATION_CONTEXT('2D SPACE',''
  ) );
#2242 = ORIENTED_EDGE('',*,*,#1446,.F.);
#2243 = ORIENTED_EDGE('',*,*,#2244,.F.);
#2244 = EDGE_CURVE('',#385,#1424,#2245,.T.);
#2245 = SURFACE_CURVE('',#2246,(#2251,#2258),.PCURVE_S1.);
#2246 = CIRCLE('',#2247,5.E-02);
#2247 = AXIS2_PLACEMENT_3D('',#2248,#2249,#2250);
#2248 = CARTESIAN_POINT('',(0.746805808361,0.546805808361,0.15));
#2249 = DIRECTION('',(1.,0.,0.));
#2250 = DIRECTION('',(0.,0.,-1.));
#2251 = PCURVE('',#489,#2252);
#2252 = DEFINITIONAL_REPRESENTATION('',(#2253),#2257);
#2253 = LINE('',#2254,#2255);
#2254 = CARTESIAN_POINT('',(4.712388980385,0.746805808361));
#2255 = VECTOR('',#2256,1.);
#2256 = DIRECTION('',(1.,0.));
#2257 = ( GEOMETRIC_REPRESENTATION_CONTEXT(2) 
PARAMETRIC_REPRESENTATION_CONTEXT() REPRESENTATION_CONTEXT('2D SPACE',''
  ) );
#2258 = PCURVE('',#2178,#2259);
#2259 = DEFINITIONAL_REPRESENTATION('',(#2260),#2264);
#2260 = LINE('',#2261,#2262);
#2261 = CARTESIAN_POINT('',(4.712388980385,0.));
#2262 = VECTOR('',#2263,1.);
#2263 = DIRECTION('',(-2.234145727467E-14,1.));
#2264 = ( GEOMETRIC_REPRESENTATION_CONTEXT(2) 
PARAMETRIC_REPRESENTATION_CONTEXT() REPRESENTATION_CONTEXT('2D SPACE',''
  ) );
#2265 = ORIENTED_EDGE('',*,*,#475,.F.);
#2266 = ADVANCED_FACE('',(#2267),#1313,.T.);
#2267 = FACE_BOUND('',#2268,.T.);
#2268 = EDGE_LOOP('',(#2269,#2270,#2271,#2315));
#2269 = ORIENTED_EDGE('',*,*,#1882,.T.);
#2270 = ORIENTED_EDGE('',*,*,#1469,.F.);
#2271 = ORIENTED_EDGE('',*,*,#2272,.F.);
#2272 = EDGE_CURVE('',#1298,#1447,#2273,.T.);
#2273 = SURFACE_CURVE('',#2274,(#2279,#2286),.PCURVE_S1.);
#2274 = CIRCLE('',#2275,5.E-02);
#2275 = AXIS2_PLACEMENT_3D('',#2276,#2277,#2278);
#2276 = CARTESIAN_POINT('',(-0.746805808361,0.546805808361,0.15));
#2277 = DIRECTION('',(0.137844537492,-0.137844537492,-0.980814848464));
#2278 = DIRECTION('',(-0.990268068742,3.469446951954E-18,-0.13917310096)
  );
#2279 = PCURVE('',#1313,#2280);
#2280 = DEFINITIONAL_REPRESENTATION('',(#2281),#2285);
#2281 = LINE('',#2282,#2283);
#2282 = CARTESIAN_POINT('',(4.693018617048,-0.396255079411));
#2283 = VECTOR('',#2284,1.);
#2284 = DIRECTION('',(-1.,0.));
#2285 = ( GEOMETRIC_REPRESENTATION_CONTEXT(2) 
PARAMETRIC_REPRESENTATION_CONTEXT() REPRESENTATION_CONTEXT('2D SPACE',''
  ) );
#2286 = PCURVE('',#2231,#2287);
#2287 = DEFINITIONAL_REPRESENTATION('',(#2288),#2314);
#2288 = B_SPLINE_CURVE_WITH_KNOTS('',3,(#2289,#2290,#2291,#2292,#2293,
    #2294,#2295,#2296,#2297,#2298,#2299,#2300,#2301,#2302,#2303,#2304,
    #2305,#2306,#2307,#2308,#2309,#2310,#2311,#2312,#2313),
  .UNSPECIFIED.,.F.,.F.,(4,1,1,1,1,1,1,1,1,1,1,1,1,1,1,1,1,1,1,1,1,1,4),
  (0.,7.051936197536E-02,0.141038723951,0.211558085926,0.282077447901,
    0.352596809877,0.423116171852,0.493635533828,0.564154895803,
    0.634674257778,0.705193619754,0.775712981729,0.846232343704,
    0.91675170568,0.987271067655,1.05779042963,1.128309791606,
    1.198829153581,1.269348515557,1.339867877532,1.410387239507,
    1.480906601483,1.551425963458),.QUASI_UNIFORM_KNOTS.);
#2289 = CARTESIAN_POINT('',(6.14355896702,2.22044604925E-15));
#2290 = CARTESIAN_POINT('',(6.140318353305,2.328203203768E-02));
#2291 = CARTESIAN_POINT('',(6.133838456643,6.984618942326E-02));
#2292 = CARTESIAN_POINT('',(6.124022392527,0.139685729222));
#2293 = CARTESIAN_POINT('',(6.114012600586,0.209511786079));
#2294 = CARTESIAN_POINT('',(6.103702112562,0.279316909912));
#2295 = CARTESIAN_POINT('',(6.092971996352,0.349092810914));
#2296 = CARTESIAN_POINT('',(6.081684975737,0.418829910478));
#2297 = CARTESIAN_POINT('',(6.069678055492,0.488516820552));
#2298 = CARTESIAN_POINT('',(6.056752296502,0.558139619716));
#2299 = CARTESIAN_POINT('',(6.042658583968,0.627680842342));
#2300 = CARTESIAN_POINT('',(6.027077098854,0.697118013304));
#2301 = CARTESIAN_POINT('',(6.009586799662,0.76642146338));
#2302 = CARTESIAN_POINT('',(5.989618828492,0.835550955778));
#2303 = CARTESIAN_POINT('',(5.966382274124,0.904450335338));
#2304 = CARTESIAN_POINT('',(5.938744302177,0.973038550448));
#2305 = CARTESIAN_POINT('',(5.905017997185,1.041194512552));
#2306 = CARTESIAN_POINT('',(5.862610467829,1.108727926869));
#2307 = CARTESIAN_POINT('',(5.807255141943,1.175328804422));
#2308 = CARTESIAN_POINT('',(5.731884467602,1.240439963452));
#2309 = CARTESIAN_POINT('',(5.622753974104,1.303058501631));
#2310 = CARTESIAN_POINT('',(5.456895631708,1.360915976333));
#2311 = CARTESIAN_POINT('',(5.177273791993,1.409665379477));
#2312 = CARTESIAN_POINT('',(4.88918279997,1.427583157215));
#2313 = CARTESIAN_POINT('',(4.712388980385,1.431169986635));
#2314 = ( GEOMETRIC_REPRESENTATION_CONTEXT(2) 
PARAMETRIC_REPRESENTATION_CONTEXT() REPRESENTATION_CONTEXT('2D SPACE',''
  ) );
#2315 = ORIENTED_EDGE('',*,*,#1297,.F.);
#2316 = ADVANCED_FACE('',(#2317),#1969,.T.);
#2317 = FACE_BOUND('',#2318,.T.);
#2318 = EDGE_LOOP('',(#2319,#2320,#2321));
#2319 = ORIENTED_EDGE('',*,*,#2014,.T.);
#2320 = ORIENTED_EDGE('',*,*,#1954,.T.);
#2321 = ORIENTED_EDGE('',*,*,#2322,.F.);
#2322 = EDGE_CURVE('',#568,#951,#2323,.T.);
#2323 = SURFACE_CURVE('',#2324,(#2329,#2358),.PCURVE_S1.);
#2324 = CIRCLE('',#2325,5.E-02);
#2325 = AXIS2_PLACEMENT_3D('',#2326,#2327,#2328);
#2326 = CARTESIAN_POINT('',(-0.746805808361,-0.546805808361,0.9));
#2327 = DIRECTION('',(-0.137844537492,-0.137844537492,-0.980814848464));
#2328 = DIRECTION('',(0.990268068742,6.938893903907E-18,-0.13917310096)
  );
#2329 = PCURVE('',#1969,#2330);
#2330 = DEFINITIONAL_REPRESENTATION('',(#2331),#2357);
#2331 = B_SPLINE_CURVE_WITH_KNOTS('',3,(#2332,#2333,#2334,#2335,#2336,
    #2337,#2338,#2339,#2340,#2341,#2342,#2343,#2344,#2345,#2346,#2347,
    #2348,#2349,#2350,#2351,#2352,#2353,#2354,#2355,#2356),
  .UNSPECIFIED.,.F.,.F.,(4,1,1,1,1,1,1,1,1,1,1,1,1,1,1,1,1,1,1,1,1,1,4),
  (1.590166690132,1.660686052107,1.731205414083,1.801724776058,
    1.872244138033,1.942763500009,2.013282861984,2.083802223959,
    2.154321585935,2.22484094791,2.295360309885,2.365879671861,
    2.436399033836,2.506918395812,2.577437757787,2.647957119762,
    2.718476481738,2.788995843713,2.859515205688,2.930034567664,
    3.000553929639,3.071073291614,3.14159265359),.QUASI_UNIFORM_KNOTS.);
#2332 = CARTESIAN_POINT('',(4.712388980385,-1.431169986635));
#2333 = CARTESIAN_POINT('',(4.5355951608,-1.427583157215));
#2334 = CARTESIAN_POINT('',(4.247504168777,-1.409665379477));
#2335 = CARTESIAN_POINT('',(3.967882329061,-1.360915976333));
#2336 = CARTESIAN_POINT('',(3.802023986665,-1.303058501631));
#2337 = CARTESIAN_POINT('',(3.692893493168,-1.240439963452));
#2338 = CARTESIAN_POINT('',(3.617522818826,-1.175328804422));
#2339 = CARTESIAN_POINT('',(3.562167492941,-1.108727926869));
#2340 = CARTESIAN_POINT('',(3.519759963585,-1.041194512552));
#2341 = CARTESIAN_POINT('',(3.486033658592,-0.973038550448));
#2342 = CARTESIAN_POINT('',(3.458395686645,-0.904450335338));
#2343 = CARTESIAN_POINT('',(3.435159132277,-0.835550955778));
#2344 = CARTESIAN_POINT('',(3.415191161108,-0.76642146338));
#2345 = CARTESIAN_POINT('',(3.397700861916,-0.697118013304));
#2346 = CARTESIAN_POINT('',(3.382119376801,-0.627680842342));
#2347 = CARTESIAN_POINT('',(3.368025664267,-0.558139619716));
#2348 = CARTESIAN_POINT('',(3.355099905277,-0.488516820552));
#2349 = CARTESIAN_POINT('',(3.343092985032,-0.418829910478));
#2350 = CARTESIAN_POINT('',(3.331805964417,-0.349092810914));
#2351 = CARTESIAN_POINT('',(3.321075848207,-0.279316909912));
#2352 = CARTESIAN_POINT('',(3.310765360183,-0.209511786079));
#2353 = CARTESIAN_POINT('',(3.300755568242,-0.139685729222));
#2354 = CARTESIAN_POINT('',(3.290939504126,-6.984618942326E-02));
#2355 = CARTESIAN_POINT('',(3.284459607465,-2.328203203768E-02));
#2356 = CARTESIAN_POINT('',(3.281218993749,-2.22044604925E-15));
#2357 = ( GEOMETRIC_REPRESENTATION_CONTEXT(2) 
PARAMETRIC_REPRESENTATION_CONTEXT() REPRESENTATION_CONTEXT('2D SPACE',''
  ) );
#2358 = PCURVE('',#604,#2359);
#2359 = DEFINITIONAL_REPRESENTATION('',(#2360),#2364);
#2360 = LINE('',#2361,#2362);
#2361 = CARTESIAN_POINT('',(6.28318530718,-0.118423614758));
#2362 = VECTOR('',#2363,1.);
#2363 = DIRECTION('',(-1.,0.));
#2364 = ( GEOMETRIC_REPRESENTATION_CONTEXT(2) 
PARAMETRIC_REPRESENTATION_CONTEXT() REPRESENTATION_CONTEXT('2D SPACE',''
  ) );
#2365 = ADVANCED_FACE('',(#2366),#555,.T.);
#2366 = FACE_BOUND('',#2367,.T.);
#2367 = EDGE_LOOP('',(#2368,#2369,#2370,#2436));
#2368 = ORIENTED_EDGE('',*,*,#2114,.T.);
#2369 = ORIENTED_EDGE('',*,*,#539,.F.);
#2370 = ORIENTED_EDGE('',*,*,#2371,.F.);
#2371 = EDGE_CURVE('',#729,#505,#2372,.T.);
#2372 = SURFACE_CURVE('',#2373,(#2378,#2407),.PCURVE_S1.);
#2373 = ( BOUNDED_CURVE() B_SPLINE_CURVE(3,(#2374,#2375,#2376,#2377),
.UNSPECIFIED.,.F.,.F.) B_SPLINE_CURVE_WITH_KNOTS((4,4),(5.507472325451,
7.058898288909),.PIECEWISE_BEZIER_KNOTS.) CURVE() 
GEOMETRIC_REPRESENTATION_ITEM() RATIONAL_B_SPLINE_CURVE((1.,
0.809281311824,0.809281311824,1.)) REPRESENTATION_ITEM('') );
#2374 = CARTESIAN_POINT('',(0.85,-0.600486596563,0.525));
#2375 = CARTESIAN_POINT('',(0.85,-0.629606018857,0.525));
#2376 = CARTESIAN_POINT('',(0.829606018857,-0.65,0.525));
#2377 = CARTESIAN_POINT('',(0.800486596563,-0.65,0.525));
#2378 = PCURVE('',#555,#2379);
#2379 = DEFINITIONAL_REPRESENTATION('',(#2380),#2406);
#2380 = B_SPLINE_CURVE_WITH_KNOTS('',3,(#2381,#2382,#2383,#2384,#2385,
    #2386,#2387,#2388,#2389,#2390,#2391,#2392,#2393,#2394,#2395,#2396,
    #2397,#2398,#2399,#2400,#2401,#2402,#2403,#2404,#2405),
  .UNSPECIFIED.,.F.,.F.,(4,1,1,1,1,1,1,1,1,1,1,1,1,1,1,1,1,1,1,1,1,1,4),
  (5.507472325451,5.577991687426,5.648511049401,5.719030411377,
    5.789549773352,5.860069135327,5.930588497303,6.001107859278,
    6.071627221254,6.142146583229,6.212665945204,6.28318530718,
    6.353704669155,6.42422403113,6.494743393106,6.565262755081,
    6.635782117056,6.706301479032,6.776820841007,6.847340202982,
    6.917859564958,6.988378926933,7.058898288909),
  .QUASI_UNIFORM_KNOTS.);
#2381 = CARTESIAN_POINT('',(3.14159265359,0.507853541973));
#2382 = CARTESIAN_POINT('',(3.16281014344,0.508001187856));
#2383 = CARTESIAN_POINT('',(3.205802487036,0.508290775025));
#2384 = CARTESIAN_POINT('',(3.271871022399,0.508703328479));
#2385 = CARTESIAN_POINT('',(3.33943444492,0.509089361423));
#2386 = CARTESIAN_POINT('',(3.408383335633,0.50944410961));
#2387 = CARTESIAN_POINT('',(3.478592386332,0.509762912793));
#2388 = CARTESIAN_POINT('',(3.549918775059,0.510041334789));
#2389 = CARTESIAN_POINT('',(3.622203870785,0.510275307604));
#2390 = CARTESIAN_POINT('',(3.695274708698,0.510461269525));
#2391 = CARTESIAN_POINT('',(3.768946172484,0.510596295093));
#2392 = CARTESIAN_POINT('',(3.843023576521,0.510678206938));
#2393 = CARTESIAN_POINT('',(3.917305635319,0.51070566217));
#2394 = CARTESIAN_POINT('',(3.991587694117,0.510678206938));
#2395 = CARTESIAN_POINT('',(4.065665098153,0.510596295093));
#2396 = CARTESIAN_POINT('',(4.13933656194,0.510461269525));
#2397 = CARTESIAN_POINT('',(4.212407399852,0.510275307604));
#2398 = CARTESIAN_POINT('',(4.284692495578,0.510041334789));
#2399 = CARTESIAN_POINT('',(4.356018884306,0.509762912793));
#2400 = CARTESIAN_POINT('',(4.426227935005,0.50944410961));
#2401 = CARTESIAN_POINT('',(4.495176825717,0.509089361423));
#2402 = CARTESIAN_POINT('',(4.562740248238,0.508703328479));
#2403 = CARTESIAN_POINT('',(4.628808783602,0.508290775025));
#2404 = CARTESIAN_POINT('',(4.671801127197,0.508001187856));
#2405 = CARTESIAN_POINT('',(4.693018617048,0.507853541973));
#2406 = ( GEOMETRIC_REPRESENTATION_CONTEXT(2) 
PARAMETRIC_REPRESENTATION_CONTEXT() REPRESENTATION_CONTEXT('2D SPACE',''
  ) );
#2407 = PCURVE('',#1082,#2408);
#2408 = DEFINITIONAL_REPRESENTATION('',(#2409),#2435);
#2409 = B_SPLINE_CURVE_WITH_KNOTS('',3,(#2410,#2411,#2412,#2413,#2414,
    #2415,#2416,#2417,#2418,#2419,#2420,#2421,#2422,#2423,#2424,#2425,
    #2426,#2427,#2428,#2429,#2430,#2431,#2432,#2433,#2434),
  .UNSPECIFIED.,.F.,.F.,(4,1,1,1,1,1,1,1,1,1,1,1,1,1,1,1,1,1,1,1,1,1,4),
  (5.507472325451,5.577991687426,5.648511049401,5.719030411377,
    5.789549773352,5.860069135327,5.930588497303,6.001107859278,
    6.071627221254,6.142146583229,6.212665945204,6.28318530718,
    6.353704669155,6.42422403113,6.494743393106,6.565262755081,
    6.635782117056,6.706301479032,6.776820841007,6.847340202982,
    6.917859564958,6.988378926933,7.058898288909),
  .QUASI_UNIFORM_KNOTS.);
#2410 = CARTESIAN_POINT('',(3.14159265359,-0.172372746543));
#2411 = CARTESIAN_POINT('',(3.16281014344,-0.172520392426));
#2412 = CARTESIAN_POINT('',(3.205802487036,-0.172809979595));
#2413 = CARTESIAN_POINT('',(3.271871022399,-0.173222533049));
#2414 = CARTESIAN_POINT('',(3.33943444492,-0.173608565993));
#2415 = CARTESIAN_POINT('',(3.408383335633,-0.17396331418));
#2416 = CARTESIAN_POINT('',(3.478592386332,-0.174282117363));
#2417 = CARTESIAN_POINT('',(3.549918775059,-0.174560539359));
#2418 = CARTESIAN_POINT('',(3.622203870785,-0.174794512174));
#2419 = CARTESIAN_POINT('',(3.695274708698,-0.174980474095));
#2420 = CARTESIAN_POINT('',(3.768946172484,-0.175115499663));
#2421 = CARTESIAN_POINT('',(3.843023576521,-0.175197411508));
#2422 = CARTESIAN_POINT('',(3.917305635319,-0.17522486674));
#2423 = CARTESIAN_POINT('',(3.991587694117,-0.175197411508));
#2424 = CARTESIAN_POINT('',(4.065665098153,-0.175115499663));
#2425 = CARTESIAN_POINT('',(4.13933656194,-0.174980474095));
#2426 = CARTESIAN_POINT('',(4.212407399852,-0.174794512174));
#2427 = CARTESIAN_POINT('',(4.284692495578,-0.174560539359));
#2428 = CARTESIAN_POINT('',(4.356018884306,-0.174282117363));
#2429 = CARTESIAN_POINT('',(4.426227935005,-0.17396331418));
#2430 = CARTESIAN_POINT('',(4.495176825717,-0.173608565993));
#2431 = CARTESIAN_POINT('',(4.562740248238,-0.173222533049));
#2432 = CARTESIAN_POINT('',(4.628808783602,-0.172809979595));
#2433 = CARTESIAN_POINT('',(4.671801127197,-0.172520392426));
#2434 = CARTESIAN_POINT('',(4.693018617048,-0.172372746543));
#2435 = ( GEOMETRIC_REPRESENTATION_CONTEXT(2) 
PARAMETRIC_REPRESENTATION_CONTEXT() REPRESENTATION_CONTEXT('2D SPACE',''
  ) );
#2436 = ORIENTED_EDGE('',*,*,#728,.F.);
#2437 = ADVANCED_FACE('',(#2438),#2178,.T.);
#2438 = FACE_BOUND('',#2439,.T.);
#2439 = EDGE_LOOP('',(#2440,#2441,#2442));
#2440 = ORIENTED_EDGE('',*,*,#2244,.T.);
#2441 = ORIENTED_EDGE('',*,*,#2163,.T.);
#2442 = ORIENTED_EDGE('',*,*,#2443,.F.);
#2443 = EDGE_CURVE('',#385,#1221,#2444,.T.);
#2444 = SURFACE_CURVE('',#2445,(#2450,#2457),.PCURVE_S1.);
#2445 = CIRCLE('',#2446,5.E-02);
#2446 = AXIS2_PLACEMENT_3D('',#2447,#2448,#2449);
#2447 = CARTESIAN_POINT('',(0.746805808361,0.546805808361,0.15));
#2448 = DIRECTION('',(0.,-1.,0.));
#2449 = DIRECTION('',(0.,0.,1.));
#2450 = PCURVE('',#2178,#2451);
#2451 = DEFINITIONAL_REPRESENTATION('',(#2452),#2456);
#2452 = LINE('',#2453,#2454);
#2453 = CARTESIAN_POINT('',(7.853981633974,0.));
#2454 = VECTOR('',#2455,1.);
#2455 = DIRECTION('',(-1.,0.));
#2456 = ( GEOMETRIC_REPRESENTATION_CONTEXT(2) 
PARAMETRIC_REPRESENTATION_CONTEXT() REPRESENTATION_CONTEXT('2D SPACE',''
  ) );
#2457 = PCURVE('',#407,#2458);
#2458 = DEFINITIONAL_REPRESENTATION('',(#2459),#2463);
#2459 = LINE('',#2460,#2461);
#2460 = CARTESIAN_POINT('',(1.570796326795,-0.546805808361));
#2461 = VECTOR('',#2462,1.);
#2462 = DIRECTION('',(1.,0.));
#2463 = ( GEOMETRIC_REPRESENTATION_CONTEXT(2) 
PARAMETRIC_REPRESENTATION_CONTEXT() REPRESENTATION_CONTEXT('2D SPACE',''
  ) );
#2464 = ADVANCED_FACE('',(#2465),#2231,.T.);
#2465 = FACE_BOUND('',#2466,.T.);
#2466 = EDGE_LOOP('',(#2467,#2468,#2469));
#2467 = ORIENTED_EDGE('',*,*,#2272,.T.);
#2468 = ORIENTED_EDGE('',*,*,#2216,.T.);
#2469 = ORIENTED_EDGE('',*,*,#2470,.F.);
#2470 = EDGE_CURVE('',#1298,#448,#2471,.T.);
#2471 = SURFACE_CURVE('',#2472,(#2477,#2484),.PCURVE_S1.);
#2472 = CIRCLE('',#2473,5.E-02);
#2473 = AXIS2_PLACEMENT_3D('',#2474,#2475,#2476);
#2474 = CARTESIAN_POINT('',(-0.746805808361,0.546805808361,0.15));
#2475 = DIRECTION('',(-2.189714495921E-15,-1.,-0.));
#2476 = DIRECTION('',(-1.,2.189714495921E-15,0.));
#2477 = PCURVE('',#2231,#2478);
#2478 = DEFINITIONAL_REPRESENTATION('',(#2479),#2483);
#2479 = LINE('',#2480,#2481);
#2480 = CARTESIAN_POINT('',(6.28318530718,2.437074932104E-15));
#2481 = VECTOR('',#2482,1.);
#2482 = DIRECTION('',(-1.,-1.551490088519E-15));
#2483 = ( GEOMETRIC_REPRESENTATION_CONTEXT(2) 
PARAMETRIC_REPRESENTATION_CONTEXT() REPRESENTATION_CONTEXT('2D SPACE',''
  ) );
#2484 = PCURVE('',#463,#2485);
#2485 = DEFINITIONAL_REPRESENTATION('',(#2486),#2490);
#2486 = LINE('',#2487,#2488);
#2487 = CARTESIAN_POINT('',(4.712388980385,0.546805808361));
#2488 = VECTOR('',#2489,1.);
#2489 = DIRECTION('',(-1.,-7.757450442594E-17));
#2490 = ( GEOMETRIC_REPRESENTATION_CONTEXT(2) 
PARAMETRIC_REPRESENTATION_CONTEXT() REPRESENTATION_CONTEXT('2D SPACE',''
  ) );
#2491 = ADVANCED_FACE('',(#2492),#604,.T.);
#2492 = FACE_BOUND('',#2493,.T.);
#2493 = EDGE_LOOP('',(#2494,#2495,#2496,#2562));
#2494 = ORIENTED_EDGE('',*,*,#2322,.T.);
#2495 = ORIENTED_EDGE('',*,*,#950,.F.);
#2496 = ORIENTED_EDGE('',*,*,#2497,.F.);
#2497 = EDGE_CURVE('',#507,#923,#2498,.T.);
#2498 = SURFACE_CURVE('',#2499,(#2504,#2533),.PCURVE_S1.);
#2499 = ( BOUNDED_CURVE() B_SPLINE_CURVE(3,(#2500,#2501,#2502,#2503),
.UNSPECIFIED.,.F.,.F.) B_SPLINE_CURVE_WITH_KNOTS((4,4),(2.365879671861,
3.917305635319),.PIECEWISE_BEZIER_KNOTS.) CURVE() 
GEOMETRIC_REPRESENTATION_ITEM() RATIONAL_B_SPLINE_CURVE((1.,
0.809281311824,0.809281311824,1.)) REPRESENTATION_ITEM('') );
#2500 = CARTESIAN_POINT('',(-0.800486596563,-0.65,0.525));
#2501 = CARTESIAN_POINT('',(-0.829606018857,-0.65,0.525));
#2502 = CARTESIAN_POINT('',(-0.85,-0.629606018857,0.525));
#2503 = CARTESIAN_POINT('',(-0.85,-0.600486596563,0.525));
#2504 = PCURVE('',#604,#2505);
#2505 = DEFINITIONAL_REPRESENTATION('',(#2506),#2532);
#2506 = B_SPLINE_CURVE_WITH_KNOTS('',3,(#2507,#2508,#2509,#2510,#2511,
    #2512,#2513,#2514,#2515,#2516,#2517,#2518,#2519,#2520,#2521,#2522,
    #2523,#2524,#2525,#2526,#2527,#2528,#2529,#2530,#2531),
  .UNSPECIFIED.,.F.,.F.,(4,1,1,1,1,1,1,1,1,1,1,1,1,1,1,1,1,1,1,1,1,1,4),
  (2.365879671861,2.436399033836,2.506918395812,2.577437757787,
    2.647957119762,2.718476481738,2.788995843713,2.859515205688,
    2.930034567664,3.000553929639,3.071073291614,3.14159265359,
    3.212112015565,3.282631377541,3.353150739516,3.423670101491,
    3.494189463467,3.564708825442,3.635228187417,3.705747549393,
    3.776266911368,3.846786273343,3.917305635319),
  .QUASI_UNIFORM_KNOTS.);
#2507 = CARTESIAN_POINT('',(4.693018617048,-0.507853541973));
#2508 = CARTESIAN_POINT('',(4.671801127197,-0.508001187856));
#2509 = CARTESIAN_POINT('',(4.628808783602,-0.508290775025));
#2510 = CARTESIAN_POINT('',(4.562740248238,-0.508703328479));
#2511 = CARTESIAN_POINT('',(4.495176825717,-0.509089361423));
#2512 = CARTESIAN_POINT('',(4.426227935005,-0.50944410961));
#2513 = CARTESIAN_POINT('',(4.356018884306,-0.509762912793));
#2514 = CARTESIAN_POINT('',(4.284692495578,-0.510041334789));
#2515 = CARTESIAN_POINT('',(4.212407399852,-0.510275307604));
#2516 = CARTESIAN_POINT('',(4.13933656194,-0.510461269525));
#2517 = CARTESIAN_POINT('',(4.065665098153,-0.510596295093));
#2518 = CARTESIAN_POINT('',(3.991587694117,-0.510678206938));
#2519 = CARTESIAN_POINT('',(3.917305635319,-0.51070566217));
#2520 = CARTESIAN_POINT('',(3.843023576521,-0.510678206938));
#2521 = CARTESIAN_POINT('',(3.768946172484,-0.510596295093));
#2522 = CARTESIAN_POINT('',(3.695274708698,-0.510461269525));
#2523 = CARTESIAN_POINT('',(3.622203870785,-0.510275307604));
#2524 = CARTESIAN_POINT('',(3.549918775059,-0.510041334789));
#2525 = CARTESIAN_POINT('',(3.478592386332,-0.509762912793));
#2526 = CARTESIAN_POINT('',(3.408383335633,-0.50944410961));
#2527 = CARTESIAN_POINT('',(3.33943444492,-0.509089361423));
#2528 = CARTESIAN_POINT('',(3.271871022399,-0.508703328479));
#2529 = CARTESIAN_POINT('',(3.205802487036,-0.508290775025));
#2530 = CARTESIAN_POINT('',(3.16281014344,-0.508001187856));
#2531 = CARTESIAN_POINT('',(3.14159265359,-0.507853541973));
#2532 = ( GEOMETRIC_REPRESENTATION_CONTEXT(2) 
PARAMETRIC_REPRESENTATION_CONTEXT() REPRESENTATION_CONTEXT('2D SPACE',''
  ) );
#2533 = PCURVE('',#1109,#2534);
#2534 = DEFINITIONAL_REPRESENTATION('',(#2535),#2561);
#2535 = B_SPLINE_CURVE_WITH_KNOTS('',3,(#2536,#2537,#2538,#2539,#2540,
    #2541,#2542,#2543,#2544,#2545,#2546,#2547,#2548,#2549,#2550,#2551,
    #2552,#2553,#2554,#2555,#2556,#2557,#2558,#2559,#2560),
  .UNSPECIFIED.,.F.,.F.,(4,1,1,1,1,1,1,1,1,1,1,1,1,1,1,1,1,1,1,1,1,1,4),
  (2.365879671861,2.436399033836,2.506918395812,2.577437757787,
    2.647957119762,2.718476481738,2.788995843713,2.859515205688,
    2.930034567664,3.000553929639,3.071073291614,3.14159265359,
    3.212112015565,3.282631377541,3.353150739516,3.423670101491,
    3.494189463467,3.564708825442,3.635228187417,3.705747549393,
    3.776266911368,3.846786273343,3.917305635319),
  .QUASI_UNIFORM_KNOTS.);
#2536 = CARTESIAN_POINT('',(4.693018617048,0.172372746543));
#2537 = CARTESIAN_POINT('',(4.671801127197,0.172520392426));
#2538 = CARTESIAN_POINT('',(4.628808783602,0.172809979595));
#2539 = CARTESIAN_POINT('',(4.562740248238,0.173222533049));
#2540 = CARTESIAN_POINT('',(4.495176825717,0.173608565993));
#2541 = CARTESIAN_POINT('',(4.426227935005,0.17396331418));
#2542 = CARTESIAN_POINT('',(4.356018884306,0.174282117363));
#2543 = CARTESIAN_POINT('',(4.284692495578,0.174560539359));
#2544 = CARTESIAN_POINT('',(4.212407399852,0.174794512174));
#2545 = CARTESIAN_POINT('',(4.13933656194,0.174980474095));
#2546 = CARTESIAN_POINT('',(4.065665098153,0.175115499663));
#2547 = CARTESIAN_POINT('',(3.991587694117,0.175197411508));
#2548 = CARTESIAN_POINT('',(3.917305635319,0.17522486674));
#2549 = CARTESIAN_POINT('',(3.843023576521,0.175197411508));
#2550 = CARTESIAN_POINT('',(3.768946172484,0.175115499663));
#2551 = CARTESIAN_POINT('',(3.695274708698,0.174980474095));
#2552 = CARTESIAN_POINT('',(3.622203870785,0.174794512174));
#2553 = CARTESIAN_POINT('',(3.549918775059,0.174560539359));
#2554 = CARTESIAN_POINT('',(3.478592386332,0.174282117363));
#2555 = CARTESIAN_POINT('',(3.408383335633,0.17396331418));
#2556 = CARTESIAN_POINT('',(3.33943444492,0.173608565993));
#2557 = CARTESIAN_POINT('',(3.271871022399,0.173222533049));
#2558 = CARTESIAN_POINT('',(3.205802487036,0.172809979595));
#2559 = CARTESIAN_POINT('',(3.16281014344,0.172520392426));
#2560 = CARTESIAN_POINT('',(3.14159265359,0.172372746543));
#2561 = ( GEOMETRIC_REPRESENTATION_CONTEXT(2) 
PARAMETRIC_REPRESENTATION_CONTEXT() REPRESENTATION_CONTEXT('2D SPACE',''
  ) );
#2562 = ORIENTED_EDGE('',*,*,#590,.F.);
#2563 = ADVANCED_FACE('',(#2564),#1082,.T.);
#2564 = FACE_BOUND('',#2565,.T.);
#2565 = EDGE_LOOP('',(#2566,#2567,#2568,#2617));
#2566 = ORIENTED_EDGE('',*,*,#2371,.T.);
#2567 = ORIENTED_EDGE('',*,*,#1068,.F.);
#2568 = ORIENTED_EDGE('',*,*,#2569,.F.);
#2569 = EDGE_CURVE('',#1198,#1046,#2570,.T.);
#2570 = SURFACE_CURVE('',#2571,(#2576,#2583),.PCURVE_S1.);
#2571 = CIRCLE('',#2572,5.E-02);
#2572 = AXIS2_PLACEMENT_3D('',#2573,#2574,#2575);
#2573 = CARTESIAN_POINT('',(0.746805808361,-0.546805808361,0.15));
#2574 = DIRECTION('',(-0.137844537492,0.137844537492,-0.980814848464));
#2575 = DIRECTION('',(-0.990268068742,-3.469446951954E-18,0.13917310096)
  );
#2576 = PCURVE('',#1082,#2577);
#2577 = DEFINITIONAL_REPRESENTATION('',(#2578),#2582);
#2578 = LINE('',#2579,#2580);
#2579 = CARTESIAN_POINT('',(2.22044604925E-15,0.217057180672));
#2580 = VECTOR('',#2581,1.);
#2581 = DIRECTION('',(1.,0.));
#2582 = ( GEOMETRIC_REPRESENTATION_CONTEXT(2) 
PARAMETRIC_REPRESENTATION_CONTEXT() REPRESENTATION_CONTEXT('2D SPACE',''
  ) );
#2583 = PCURVE('',#2584,#2589);
#2584 = SPHERICAL_SURFACE('',#2585,5.E-02);
#2585 = AXIS2_PLACEMENT_3D('',#2586,#2587,#2588);
#2586 = CARTESIAN_POINT('',(0.746805808361,-0.546805808361,0.15));
#2587 = DIRECTION('',(9.403954806578E-30,1.,-2.168404344971E-15));
#2588 = DIRECTION('',(-1.,0.,-4.336808689942E-15));
#2589 = DEFINITIONAL_REPRESENTATION('',(#2590),#2616);
#2590 = B_SPLINE_CURVE_WITH_KNOTS('',3,(#2591,#2592,#2593,#2594,#2595,
    #2596,#2597,#2598,#2599,#2600,#2601,#2602,#2603,#2604,#2605,#2606,
    #2607,#2608,#2609,#2610,#2611,#2612,#2613,#2614,#2615),
  .UNSPECIFIED.,.F.,.F.,(4,1,1,1,1,1,1,1,1,1,1,1,1,1,1,1,1,1,1,1,1,1,4),
  (3.14159265359,3.212112015565,3.282631377541,3.353150739516,
    3.423670101491,3.494189463467,3.564708825442,3.635228187417,
    3.705747549393,3.776266911368,3.846786273343,3.917305635319,
    3.987824997294,4.058344359269,4.128863721245,4.19938308322,
    4.269902445196,4.340421807171,4.410941169146,4.481460531122,
    4.551979893097,4.622499255072,4.693018617048),
  .QUASI_UNIFORM_KNOTS.);
#2591 = CARTESIAN_POINT('',(3.281218993749,2.22044604925E-15));
#2592 = CARTESIAN_POINT('',(3.284459607465,-2.328203203768E-02));
#2593 = CARTESIAN_POINT('',(3.290939504126,-6.984618942325E-02));
#2594 = CARTESIAN_POINT('',(3.300755568242,-0.139685729222));
#2595 = CARTESIAN_POINT('',(3.310765360183,-0.209511786079));
#2596 = CARTESIAN_POINT('',(3.321075848207,-0.279316909912));
#2597 = CARTESIAN_POINT('',(3.331805964417,-0.349092810914));
#2598 = CARTESIAN_POINT('',(3.343092985032,-0.418829910478));
#2599 = CARTESIAN_POINT('',(3.355099905277,-0.488516820552));
#2600 = CARTESIAN_POINT('',(3.368025664267,-0.558139619716));
#2601 = CARTESIAN_POINT('',(3.382119376801,-0.627680842342));
#2602 = CARTESIAN_POINT('',(3.397700861916,-0.697118013304));
#2603 = CARTESIAN_POINT('',(3.415191161108,-0.76642146338));
#2604 = CARTESIAN_POINT('',(3.435159132277,-0.835550955778));
#2605 = CARTESIAN_POINT('',(3.458395686645,-0.904450335338));
#2606 = CARTESIAN_POINT('',(3.486033658592,-0.973038550448));
#2607 = CARTESIAN_POINT('',(3.519759963585,-1.041194512552));
#2608 = CARTESIAN_POINT('',(3.562167492941,-1.108727926869));
#2609 = CARTESIAN_POINT('',(3.617522818826,-1.175328804422));
#2610 = CARTESIAN_POINT('',(3.692893493168,-1.240439963452));
#2611 = CARTESIAN_POINT('',(3.802023986665,-1.303058501631));
#2612 = CARTESIAN_POINT('',(3.967882329061,-1.360915976333));
#2613 = CARTESIAN_POINT('',(4.247504168777,-1.409665379477));
#2614 = CARTESIAN_POINT('',(4.5355951608,-1.427583157215));
#2615 = CARTESIAN_POINT('',(4.712388980385,-1.431169986635));
#2616 = ( GEOMETRIC_REPRESENTATION_CONTEXT(2) 
PARAMETRIC_REPRESENTATION_CONTEXT() REPRESENTATION_CONTEXT('2D SPACE',''
  ) );
#2617 = ORIENTED_EDGE('',*,*,#1197,.F.);
#2618 = ADVANCED_FACE('',(#2619),#407,.T.);
#2619 = FACE_BOUND('',#2620,.T.);
#2620 = EDGE_LOOP('',(#2621,#2622,#2623,#2645));
#2621 = ORIENTED_EDGE('',*,*,#2443,.T.);
#2622 = ORIENTED_EDGE('',*,*,#1220,.F.);
#2623 = ORIENTED_EDGE('',*,*,#2624,.F.);
#2624 = EDGE_CURVE('',#387,#1198,#2625,.T.);
#2625 = SURFACE_CURVE('',#2626,(#2631,#2638),.PCURVE_S1.);
#2626 = CIRCLE('',#2627,5.E-02);
#2627 = AXIS2_PLACEMENT_3D('',#2628,#2629,#2630);
#2628 = CARTESIAN_POINT('',(0.746805808361,-0.546805808361,0.15));
#2629 = DIRECTION('',(4.379428991842E-15,-1.,0.));
#2630 = DIRECTION('',(1.,4.379428991842E-15,0.));
#2631 = PCURVE('',#407,#2632);
#2632 = DEFINITIONAL_REPRESENTATION('',(#2633),#2637);
#2633 = LINE('',#2634,#2635);
#2634 = CARTESIAN_POINT('',(0.,0.546805808361));
#2635 = VECTOR('',#2636,1.);
#2636 = DIRECTION('',(1.,-1.551490088519E-16));
#2637 = ( GEOMETRIC_REPRESENTATION_CONTEXT(2) 
PARAMETRIC_REPRESENTATION_CONTEXT() REPRESENTATION_CONTEXT('2D SPACE',''
  ) );
#2638 = PCURVE('',#2584,#2639);
#2639 = DEFINITIONAL_REPRESENTATION('',(#2640),#2644);
#2640 = LINE('',#2641,#2642);
#2641 = CARTESIAN_POINT('',(9.424777960769,-7.311224796312E-15));
#2642 = VECTOR('',#2643,1.);
#2643 = DIRECTION('',(-1.,1.551490088519E-15));
#2644 = ( GEOMETRIC_REPRESENTATION_CONTEXT(2) 
PARAMETRIC_REPRESENTATION_CONTEXT() REPRESENTATION_CONTEXT('2D SPACE',''
  ) );
#2645 = ORIENTED_EDGE('',*,*,#384,.F.);
#2646 = ADVANCED_FACE('',(#2647),#463,.T.);
#2647 = FACE_BOUND('',#2648,.T.);
#2648 = EDGE_LOOP('',(#2649,#2650,#2651,#2678));
#2649 = ORIENTED_EDGE('',*,*,#2470,.T.);
#2650 = ORIENTED_EDGE('',*,*,#447,.F.);
#2651 = ORIENTED_EDGE('',*,*,#2652,.F.);
#2652 = EDGE_CURVE('',#1326,#420,#2653,.T.);
#2653 = SURFACE_CURVE('',#2654,(#2659,#2666),.PCURVE_S1.);
#2654 = CIRCLE('',#2655,5.E-02);
#2655 = AXIS2_PLACEMENT_3D('',#2656,#2657,#2658);
#2656 = CARTESIAN_POINT('',(-0.746805808361,-0.546805808361,0.15));
#2657 = DIRECTION('',(-6.09498713229E-16,-1.,4.336808689942E-15));
#2658 = DIRECTION('',(1.050973848244E-45,-4.336808689942E-15,-1.));
#2659 = PCURVE('',#463,#2660);
#2660 = DEFINITIONAL_REPRESENTATION('',(#2661),#2665);
#2661 = LINE('',#2662,#2663);
#2662 = CARTESIAN_POINT('',(9.424777960769,-0.546805808361));
#2663 = VECTOR('',#2664,1.);
#2664 = DIRECTION('',(-1.,-1.551490088519E-16));
#2665 = ( GEOMETRIC_REPRESENTATION_CONTEXT(2) 
PARAMETRIC_REPRESENTATION_CONTEXT() REPRESENTATION_CONTEXT('2D SPACE',''
  ) );
#2666 = PCURVE('',#2667,#2672);
#2667 = SPHERICAL_SURFACE('',#2668,5.E-02);
#2668 = AXIS2_PLACEMENT_3D('',#2669,#2670,#2671);
#2669 = CARTESIAN_POINT('',(-0.746805808361,-0.546805808361,0.15));
#2670 = DIRECTION('',(1.,0.,0.));
#2671 = DIRECTION('',(0.,1.,-2.168404344971E-15));
#2672 = DEFINITIONAL_REPRESENTATION('',(#2673),#2677);
#2673 = LINE('',#2674,#2675);
#2674 = CARTESIAN_POINT('',(4.712388980385,-6.28318530718));
#2675 = VECTOR('',#2676,1.);
#2676 = DIRECTION('',(-1.117072863734E-14,1.));
#2677 = ( GEOMETRIC_REPRESENTATION_CONTEXT(2) 
PARAMETRIC_REPRESENTATION_CONTEXT() REPRESENTATION_CONTEXT('2D SPACE',''
  ) );
#2678 = ORIENTED_EDGE('',*,*,#1325,.F.);
#2679 = ADVANCED_FACE('',(#2680),#1109,.T.);
#2680 = FACE_BOUND('',#2681,.T.);
#2681 = EDGE_LOOP('',(#2682,#2683,#2684,#2728));
#2682 = ORIENTED_EDGE('',*,*,#2497,.T.);
#2683 = ORIENTED_EDGE('',*,*,#1348,.F.);
#2684 = ORIENTED_EDGE('',*,*,#2685,.F.);
#2685 = EDGE_CURVE('',#1044,#1326,#2686,.T.);
#2686 = SURFACE_CURVE('',#2687,(#2692,#2699),.PCURVE_S1.);
#2687 = CIRCLE('',#2688,5.E-02);
#2688 = AXIS2_PLACEMENT_3D('',#2689,#2690,#2691);
#2689 = CARTESIAN_POINT('',(-0.746805808361,-0.546805808361,0.15));
#2690 = DIRECTION('',(0.137844537492,0.137844537492,-0.980814848464));
#2691 = DIRECTION('',(-0.990268068742,1.040834085586E-17,-0.13917310096)
  );
#2692 = PCURVE('',#1109,#2693);
#2693 = DEFINITIONAL_REPRESENTATION('',(#2694),#2698);
#2694 = LINE('',#2695,#2696);
#2695 = CARTESIAN_POINT('',(9.424777960769,-0.217057180672));
#2696 = VECTOR('',#2697,1.);
#2697 = DIRECTION('',(-1.,0.));
#2698 = ( GEOMETRIC_REPRESENTATION_CONTEXT(2) 
PARAMETRIC_REPRESENTATION_CONTEXT() REPRESENTATION_CONTEXT('2D SPACE',''
  ) );
#2699 = PCURVE('',#2667,#2700);
#2700 = DEFINITIONAL_REPRESENTATION('',(#2701),#2727);
#2701 = B_SPLINE_CURVE_WITH_KNOTS('',3,(#2702,#2703,#2704,#2705,#2706,
    #2707,#2708,#2709,#2710,#2711,#2712,#2713,#2714,#2715,#2716,#2717,
    #2718,#2719,#2720,#2721,#2722,#2723,#2724,#2725,#2726),
  .UNSPECIFIED.,.F.,.F.,(4,1,1,1,1,1,1,1,1,1,1,1,1,1,1,1,1,1,1,1,1,1,4),
  (4.731759343722,4.802278705697,4.872798067672,4.943317429648,
    5.013836791623,5.084356153598,5.154875515574,5.225394877549,
    5.295914239525,5.3664336015,5.436952963475,5.507472325451,
    5.577991687426,5.648511049401,5.719030411377,5.789549773352,
    5.860069135327,5.930588497303,6.001107859278,6.071627221254,
    6.142146583229,6.212665945204,6.28318530718),.QUASI_UNIFORM_KNOTS.);
#2702 = CARTESIAN_POINT('',(3.281218993749,-2.22044604925E-15));
#2703 = CARTESIAN_POINT('',(3.284459607465,-2.328203203768E-02));
#2704 = CARTESIAN_POINT('',(3.290939504126,-6.984618942326E-02));
#2705 = CARTESIAN_POINT('',(3.300755568242,-0.139685729222));
#2706 = CARTESIAN_POINT('',(3.310765360183,-0.209511786079));
#2707 = CARTESIAN_POINT('',(3.321075848207,-0.279316909912));
#2708 = CARTESIAN_POINT('',(3.331805964417,-0.349092810914));
#2709 = CARTESIAN_POINT('',(3.343092985032,-0.418829910478));
#2710 = CARTESIAN_POINT('',(3.355099905277,-0.488516820552));
#2711 = CARTESIAN_POINT('',(3.368025664267,-0.558139619716));
#2712 = CARTESIAN_POINT('',(3.382119376801,-0.627680842342));
#2713 = CARTESIAN_POINT('',(3.397700861916,-0.697118013304));
#2714 = CARTESIAN_POINT('',(3.415191161108,-0.76642146338));
#2715 = CARTESIAN_POINT('',(3.435159132277,-0.835550955778));
#2716 = CARTESIAN_POINT('',(3.458395686645,-0.904450335338));
#2717 = CARTESIAN_POINT('',(3.486033658592,-0.973038550448));
#2718 = CARTESIAN_POINT('',(3.519759963585,-1.041194512552));
#2719 = CARTESIAN_POINT('',(3.562167492941,-1.108727926869));
#2720 = CARTESIAN_POINT('',(3.617522818826,-1.175328804422));
#2721 = CARTESIAN_POINT('',(3.692893493168,-1.240439963452));
#2722 = CARTESIAN_POINT('',(3.802023986665,-1.303058501631));
#2723 = CARTESIAN_POINT('',(3.967882329061,-1.360915976333));
#2724 = CARTESIAN_POINT('',(4.247504168777,-1.409665379477));
#2725 = CARTESIAN_POINT('',(4.5355951608,-1.427583157215));
#2726 = CARTESIAN_POINT('',(4.712388980385,-1.431169986635));
#2727 = ( GEOMETRIC_REPRESENTATION_CONTEXT(2) 
PARAMETRIC_REPRESENTATION_CONTEXT() REPRESENTATION_CONTEXT('2D SPACE',''
  ) );
#2728 = ORIENTED_EDGE('',*,*,#1095,.F.);
#2729 = ADVANCED_FACE('',(#2730),#2584,.T.);
#2730 = FACE_BOUND('',#2731,.T.);
#2731 = EDGE_LOOP('',(#2732,#2733,#2734));
#2732 = ORIENTED_EDGE('',*,*,#2624,.T.);
#2733 = ORIENTED_EDGE('',*,*,#2569,.T.);
#2734 = ORIENTED_EDGE('',*,*,#2735,.F.);
#2735 = EDGE_CURVE('',#387,#1046,#2736,.T.);
#2736 = SURFACE_CURVE('',#2737,(#2742,#2749),.PCURVE_S1.);
#2737 = CIRCLE('',#2738,5.E-02);
#2738 = AXIS2_PLACEMENT_3D('',#2739,#2740,#2741);
#2739 = CARTESIAN_POINT('',(0.746805808361,-0.546805808361,0.15));
#2740 = DIRECTION('',(-1.,6.09498713229E-16,-4.336808689942E-15));
#2741 = DIRECTION('',(4.336808689942E-15,-2.168404344971E-15,-1.));
#2742 = PCURVE('',#2584,#2743);
#2743 = DEFINITIONAL_REPRESENTATION('',(#2744),#2748);
#2744 = LINE('',#2745,#2746);
#2745 = CARTESIAN_POINT('',(4.712388980385,0.));
#2746 = VECTOR('',#2747,1.);
#2747 = DIRECTION('',(0.,-1.));
#2748 = ( GEOMETRIC_REPRESENTATION_CONTEXT(2) 
PARAMETRIC_REPRESENTATION_CONTEXT() REPRESENTATION_CONTEXT('2D SPACE',''
  ) );
#2749 = PCURVE('',#435,#2750);
#2750 = DEFINITIONAL_REPRESENTATION('',(#2751),#2755);
#2751 = LINE('',#2752,#2753);
#2752 = CARTESIAN_POINT('',(3.14159265359,-0.746805808361));
#2753 = VECTOR('',#2754,1.);
#2754 = DIRECTION('',(1.,1.551490088519E-16));
#2755 = ( GEOMETRIC_REPRESENTATION_CONTEXT(2) 
PARAMETRIC_REPRESENTATION_CONTEXT() REPRESENTATION_CONTEXT('2D SPACE',''
  ) );
#2756 = ADVANCED_FACE('',(#2757),#2667,.T.);
#2757 = FACE_BOUND('',#2758,.T.);
#2758 = EDGE_LOOP('',(#2759,#2760,#2761));
#2759 = ORIENTED_EDGE('',*,*,#2685,.T.);
#2760 = ORIENTED_EDGE('',*,*,#2652,.T.);
#2761 = ORIENTED_EDGE('',*,*,#2762,.F.);
#2762 = EDGE_CURVE('',#1044,#420,#2763,.T.);
#2763 = SURFACE_CURVE('',#2764,(#2769,#2776),.PCURVE_S1.);
#2764 = CIRCLE('',#2765,5.E-02);
#2765 = AXIS2_PLACEMENT_3D('',#2766,#2767,#2768);
#2766 = CARTESIAN_POINT('',(-0.746805808361,-0.546805808361,0.15));
#2767 = DIRECTION('',(1.,-2.189714495921E-15,0.));
#2768 = DIRECTION('',(-2.189714495921E-15,-1.,1.084202172486E-15));
#2769 = PCURVE('',#2667,#2770);
#2770 = DEFINITIONAL_REPRESENTATION('',(#2771),#2775);
#2771 = LINE('',#2772,#2773);
#2772 = CARTESIAN_POINT('',(3.14159265359,-2.437074932104E-15));
#2773 = VECTOR('',#2774,1.);
#2774 = DIRECTION('',(1.,1.551490088519E-15));
#2775 = ( GEOMETRIC_REPRESENTATION_CONTEXT(2) 
PARAMETRIC_REPRESENTATION_CONTEXT() REPRESENTATION_CONTEXT('2D SPACE',''
  ) );
#2776 = PCURVE('',#435,#2777);
#2777 = DEFINITIONAL_REPRESENTATION('',(#2778),#2782);
#2778 = LINE('',#2779,#2780);
#2779 = CARTESIAN_POINT('',(4.712388980385,0.746805808361));
#2780 = VECTOR('',#2781,1.);
#2781 = DIRECTION('',(-1.,-7.757450442594E-17));
#2782 = ( GEOMETRIC_REPRESENTATION_CONTEXT(2) 
PARAMETRIC_REPRESENTATION_CONTEXT() REPRESENTATION_CONTEXT('2D SPACE',''
  ) );
#2783 = ADVANCED_FACE('',(#2784),#435,.T.);
#2784 = FACE_BOUND('',#2785,.T.);
#2785 = EDGE_LOOP('',(#2786,#2787,#2788,#2789));
#2786 = ORIENTED_EDGE('',*,*,#2735,.T.);
#2787 = ORIENTED_EDGE('',*,*,#1043,.F.);
#2788 = ORIENTED_EDGE('',*,*,#2762,.T.);
#2789 = ORIENTED_EDGE('',*,*,#419,.F.);
#2790 = ADVANCED_FACE('',(#2791),#2805,.F.);
#2791 = FACE_BOUND('',#2792,.F.);
#2792 = EDGE_LOOP('',(#2793,#2823,#2847,#2875));
#2793 = ORIENTED_EDGE('',*,*,#2794,.F.);
#2794 = EDGE_CURVE('',#2795,#2797,#2799,.T.);
#2795 = VERTEX_POINT('',#2796);
#2796 = CARTESIAN_POINT('',(-0.929212378964,0.15,0.475));
#2797 = VERTEX_POINT('',#2798);
#2798 = CARTESIAN_POINT('',(-0.929212378964,-0.15,0.475));
#2799 = SURFACE_CURVE('',#2800,(#2804,#2816),.PCURVE_S1.);
#2800 = LINE('',#2801,#2802);
#2801 = CARTESIAN_POINT('',(-0.929212378964,0.15,0.475));
#2802 = VECTOR('',#2803,1.);
#2803 = DIRECTION('',(-0.,-1.,-0.));
#2804 = PCURVE('',#2805,#2810);
#2805 = CYLINDRICAL_SURFACE('',#2806,5.E-02);
#2806 = AXIS2_PLACEMENT_3D('',#2807,#2808,#2809);
#2807 = CARTESIAN_POINT('',(-0.929212378964,0.15,0.425));
#2808 = DIRECTION('',(-0.,-1.,-0.));
#2809 = DIRECTION('',(0.,0.,-1.));
#2810 = DEFINITIONAL_REPRESENTATION('',(#2811),#2815);
#2811 = LINE('',#2812,#2813);
#2812 = CARTESIAN_POINT('',(3.14159265359,0.));
#2813 = VECTOR('',#2814,1.);
#2814 = DIRECTION('',(0.,1.));
#2815 = ( GEOMETRIC_REPRESENTATION_CONTEXT(2) 
PARAMETRIC_REPRESENTATION_CONTEXT() REPRESENTATION_CONTEXT('2D SPACE',''
  ) );
#2816 = PCURVE('',#1407,#2817);
#2817 = DEFINITIONAL_REPRESENTATION('',(#2818),#2822);
#2818 = LINE('',#2819,#2820);
#2819 = CARTESIAN_POINT('',(1.858424757928,0.));
#2820 = VECTOR('',#2821,1.);
#2821 = DIRECTION('',(0.,-1.));
#2822 = ( GEOMETRIC_REPRESENTATION_CONTEXT(2) 
PARAMETRIC_REPRESENTATION_CONTEXT() REPRESENTATION_CONTEXT('2D SPACE',''
  ) );
#2823 = ORIENTED_EDGE('',*,*,#2824,.F.);
#2824 = EDGE_CURVE('',#2825,#2795,#2827,.T.);
#2825 = VERTEX_POINT('',#2826);
#2826 = CARTESIAN_POINT('',(-0.978452766615,0.15,0.433682408883));
#2827 = SURFACE_CURVE('',#2828,(#2833,#2840),.PCURVE_S1.);
#2828 = CIRCLE('',#2829,5.E-02);
#2829 = AXIS2_PLACEMENT_3D('',#2830,#2831,#2832);
#2830 = CARTESIAN_POINT('',(-0.929212378964,0.15,0.425));
#2831 = DIRECTION('',(-0.,1.,0.));
#2832 = DIRECTION('',(1.,0.,0.));
#2833 = PCURVE('',#2805,#2834);
#2834 = DEFINITIONAL_REPRESENTATION('',(#2835),#2839);
#2835 = LINE('',#2836,#2837);
#2836 = CARTESIAN_POINT('',(7.853981633974,0.));
#2837 = VECTOR('',#2838,1.);
#2838 = DIRECTION('',(-1.,0.));
#2839 = ( GEOMETRIC_REPRESENTATION_CONTEXT(2) 
PARAMETRIC_REPRESENTATION_CONTEXT() REPRESENTATION_CONTEXT('2D SPACE',''
  ) );
#2840 = PCURVE('',#854,#2841);
#2841 = DEFINITIONAL_REPRESENTATION('',(#2842),#2846);
#2842 = CIRCLE('',#2843,5.E-02);
#2843 = AXIS2_PLACEMENT_2D('',#2844,#2845);
#2844 = CARTESIAN_POINT('',(-2.11,-0.275));
#2845 = DIRECTION('',(1.,0.));
#2846 = ( GEOMETRIC_REPRESENTATION_CONTEXT(2) 
PARAMETRIC_REPRESENTATION_CONTEXT() REPRESENTATION_CONTEXT('2D SPACE',''
  ) );
#2847 = ORIENTED_EDGE('',*,*,#2848,.T.);
#2848 = EDGE_CURVE('',#2825,#2849,#2851,.T.);
#2849 = VERTEX_POINT('',#2850);
#2850 = CARTESIAN_POINT('',(-0.978452766615,-0.15,0.433682408883));
#2851 = SURFACE_CURVE('',#2852,(#2856,#2863),.PCURVE_S1.);
#2852 = LINE('',#2853,#2854);
#2853 = CARTESIAN_POINT('',(-0.978452766615,0.15,0.433682408883));
#2854 = VECTOR('',#2855,1.);
#2855 = DIRECTION('',(-0.,-1.,-0.));
#2856 = PCURVE('',#2805,#2857);
#2857 = DEFINITIONAL_REPRESENTATION('',(#2858),#2862);
#2858 = LINE('',#2859,#2860);
#2859 = CARTESIAN_POINT('',(4.537856055185,0.));
#2860 = VECTOR('',#2861,1.);
#2861 = DIRECTION('',(0.,1.));
#2862 = ( GEOMETRIC_REPRESENTATION_CONTEXT(2) 
PARAMETRIC_REPRESENTATION_CONTEXT() REPRESENTATION_CONTEXT('2D SPACE',''
  ) );
#2863 = PCURVE('',#2864,#2869);
#2864 = PLANE('',#2865);
#2865 = AXIS2_PLACEMENT_3D('',#2866,#2867,#2868);
#2866 = CARTESIAN_POINT('',(-0.978452766615,0.15,0.433682408883));
#2867 = DIRECTION('',(0.984807753012,0.,-0.173648177667));
#2868 = DIRECTION('',(-0.173648177667,0.,-0.984807753012));
#2869 = DEFINITIONAL_REPRESENTATION('',(#2870),#2874);
#2870 = LINE('',#2871,#2872);
#2871 = CARTESIAN_POINT('',(0.,0.));
#2872 = VECTOR('',#2873,1.);
#2873 = DIRECTION('',(0.,-1.));
#2874 = ( GEOMETRIC_REPRESENTATION_CONTEXT(2) 
PARAMETRIC_REPRESENTATION_CONTEXT() REPRESENTATION_CONTEXT('2D SPACE',''
  ) );
#2875 = ORIENTED_EDGE('',*,*,#2876,.T.);
#2876 = EDGE_CURVE('',#2849,#2797,#2877,.T.);
#2877 = SURFACE_CURVE('',#2878,(#2883,#2890),.PCURVE_S1.);
#2878 = CIRCLE('',#2879,5.E-02);
#2879 = AXIS2_PLACEMENT_3D('',#2880,#2881,#2882);
#2880 = CARTESIAN_POINT('',(-0.929212378964,-0.15,0.425));
#2881 = DIRECTION('',(-0.,1.,0.));
#2882 = DIRECTION('',(1.,0.,0.));
#2883 = PCURVE('',#2805,#2884);
#2884 = DEFINITIONAL_REPRESENTATION('',(#2885),#2889);
#2885 = LINE('',#2886,#2887);
#2886 = CARTESIAN_POINT('',(7.853981633974,0.3));
#2887 = VECTOR('',#2888,1.);
#2888 = DIRECTION('',(-1.,0.));
#2889 = ( GEOMETRIC_REPRESENTATION_CONTEXT(2) 
PARAMETRIC_REPRESENTATION_CONTEXT() REPRESENTATION_CONTEXT('2D SPACE',''
  ) );
#2890 = PCURVE('',#910,#2891);
#2891 = DEFINITIONAL_REPRESENTATION('',(#2892),#2896);
#2892 = CIRCLE('',#2893,5.E-02);
#2893 = AXIS2_PLACEMENT_2D('',#2894,#2895);
#2894 = CARTESIAN_POINT('',(-2.11,-0.275));
#2895 = DIRECTION('',(1.,0.));
#2896 = ( GEOMETRIC_REPRESENTATION_CONTEXT(2) 
PARAMETRIC_REPRESENTATION_CONTEXT() REPRESENTATION_CONTEXT('2D SPACE',''
  ) );
#2897 = ADVANCED_FACE('',(#2898),#2864,.T.);
#2898 = FACE_BOUND('',#2899,.T.);
#2899 = EDGE_LOOP('',(#2900,#2923,#2951,#2972));
#2900 = ORIENTED_EDGE('',*,*,#2901,.F.);
#2901 = EDGE_CURVE('',#2902,#2849,#2904,.T.);
#2902 = VERTEX_POINT('',#2903);
#2903 = CARTESIAN_POINT('',(-1.033066458084,-0.15,0.12395277335));
#2904 = SURFACE_CURVE('',#2905,(#2909,#2916),.PCURVE_S1.);
#2905 = LINE('',#2906,#2907);
#2906 = CARTESIAN_POINT('',(-0.978452766615,-0.15,0.433682408883));
#2907 = VECTOR('',#2908,1.);
#2908 = DIRECTION('',(0.173648177667,0.,0.984807753012));
#2909 = PCURVE('',#2864,#2910);
#2910 = DEFINITIONAL_REPRESENTATION('',(#2911),#2915);
#2911 = LINE('',#2912,#2913);
#2912 = CARTESIAN_POINT('',(-0.,-0.3));
#2913 = VECTOR('',#2914,1.);
#2914 = DIRECTION('',(-1.,0.));
#2915 = ( GEOMETRIC_REPRESENTATION_CONTEXT(2) 
PARAMETRIC_REPRESENTATION_CONTEXT() REPRESENTATION_CONTEXT('2D SPACE',''
  ) );
#2916 = PCURVE('',#910,#2917);
#2917 = DEFINITIONAL_REPRESENTATION('',(#2918),#2922);
#2918 = LINE('',#2919,#2920);
#2919 = CARTESIAN_POINT('',(-2.159240387651,-0.283682408883));
#2920 = VECTOR('',#2921,1.);
#2921 = DIRECTION('',(0.173648177667,-0.984807753012));
#2922 = ( GEOMETRIC_REPRESENTATION_CONTEXT(2) 
PARAMETRIC_REPRESENTATION_CONTEXT() REPRESENTATION_CONTEXT('2D SPACE',''
  ) );
#2923 = ORIENTED_EDGE('',*,*,#2924,.F.);
#2924 = EDGE_CURVE('',#2925,#2902,#2927,.T.);
#2925 = VERTEX_POINT('',#2926);
#2926 = CARTESIAN_POINT('',(-1.033066458084,0.15,0.12395277335));
#2927 = SURFACE_CURVE('',#2928,(#2932,#2939),.PCURVE_S1.);
#2928 = LINE('',#2929,#2930);
#2929 = CARTESIAN_POINT('',(-1.033066458084,0.15,0.12395277335));
#2930 = VECTOR('',#2931,1.);
#2931 = DIRECTION('',(-0.,-1.,-0.));
#2932 = PCURVE('',#2864,#2933);
#2933 = DEFINITIONAL_REPRESENTATION('',(#2934),#2938);
#2934 = LINE('',#2935,#2936);
#2935 = CARTESIAN_POINT('',(0.31450771441,0.));
#2936 = VECTOR('',#2937,1.);
#2937 = DIRECTION('',(0.,-1.));
#2938 = ( GEOMETRIC_REPRESENTATION_CONTEXT(2) 
PARAMETRIC_REPRESENTATION_CONTEXT() REPRESENTATION_CONTEXT('2D SPACE',''
  ) );
#2939 = PCURVE('',#2940,#2945);
#2940 = CYLINDRICAL_SURFACE('',#2941,0.15);
#2941 = AXIS2_PLACEMENT_3D('',#2942,#2943,#2944);
#2942 = CARTESIAN_POINT('',(-1.180787621036,0.15,0.15));
#2943 = DIRECTION('',(-0.,-1.,-0.));
#2944 = DIRECTION('',(0.,0.,-1.));
#2945 = DEFINITIONAL_REPRESENTATION('',(#2946),#2950);
#2946 = LINE('',#2947,#2948);
#2947 = CARTESIAN_POINT('',(1.396263401595,0.));
#2948 = VECTOR('',#2949,1.);
#2949 = DIRECTION('',(0.,1.));
#2950 = ( GEOMETRIC_REPRESENTATION_CONTEXT(2) 
PARAMETRIC_REPRESENTATION_CONTEXT() REPRESENTATION_CONTEXT('2D SPACE',''
  ) );
#2951 = ORIENTED_EDGE('',*,*,#2952,.T.);
#2952 = EDGE_CURVE('',#2925,#2825,#2953,.T.);
#2953 = SURFACE_CURVE('',#2954,(#2958,#2965),.PCURVE_S1.);
#2954 = LINE('',#2955,#2956);
#2955 = CARTESIAN_POINT('',(-0.978452766615,0.15,0.433682408883));
#2956 = VECTOR('',#2957,1.);
#2957 = DIRECTION('',(0.173648177667,0.,0.984807753012));
#2958 = PCURVE('',#2864,#2959);
#2959 = DEFINITIONAL_REPRESENTATION('',(#2960),#2964);
#2960 = LINE('',#2961,#2962);
#2961 = CARTESIAN_POINT('',(0.,0.));
#2962 = VECTOR('',#2963,1.);
#2963 = DIRECTION('',(-1.,0.));
#2964 = ( GEOMETRIC_REPRESENTATION_CONTEXT(2) 
PARAMETRIC_REPRESENTATION_CONTEXT() REPRESENTATION_CONTEXT('2D SPACE',''
  ) );
#2965 = PCURVE('',#854,#2966);
#2966 = DEFINITIONAL_REPRESENTATION('',(#2967),#2971);
#2967 = LINE('',#2968,#2969);
#2968 = CARTESIAN_POINT('',(-2.159240387651,-0.283682408883));
#2969 = VECTOR('',#2970,1.);
#2970 = DIRECTION('',(0.173648177667,-0.984807753012));
#2971 = ( GEOMETRIC_REPRESENTATION_CONTEXT(2) 
PARAMETRIC_REPRESENTATION_CONTEXT() REPRESENTATION_CONTEXT('2D SPACE',''
  ) );
#2972 = ORIENTED_EDGE('',*,*,#2848,.T.);
#2973 = ADVANCED_FACE('',(#2974),#2940,.T.);
#2974 = FACE_BOUND('',#2975,.T.);
#2975 = EDGE_LOOP('',(#2976,#3004,#3032,#3058));
#2976 = ORIENTED_EDGE('',*,*,#2977,.F.);
#2977 = EDGE_CURVE('',#2978,#2902,#2980,.T.);
#2978 = VERTEX_POINT('',#2979);
#2979 = CARTESIAN_POINT('',(-1.180787621036,-0.15,1.084202172486E-16));
#2980 = SURFACE_CURVE('',#2981,(#2986,#2993),.PCURVE_S1.);
#2981 = CIRCLE('',#2982,0.15);
#2982 = AXIS2_PLACEMENT_3D('',#2983,#2984,#2985);
#2983 = CARTESIAN_POINT('',(-1.180787621036,-0.15,0.15));
#2984 = DIRECTION('',(-0.,-1.,0.));
#2985 = DIRECTION('',(1.,-0.,9.035018104046E-16));
#2986 = PCURVE('',#2940,#2987);
#2987 = DEFINITIONAL_REPRESENTATION('',(#2988),#2992);
#2988 = LINE('',#2989,#2990);
#2989 = CARTESIAN_POINT('',(-4.712388980385,0.3));
#2990 = VECTOR('',#2991,1.);
#2991 = DIRECTION('',(1.,0.));
#2992 = ( GEOMETRIC_REPRESENTATION_CONTEXT(2) 
PARAMETRIC_REPRESENTATION_CONTEXT() REPRESENTATION_CONTEXT('2D SPACE',''
  ) );
#2993 = PCURVE('',#910,#2994);
#2994 = DEFINITIONAL_REPRESENTATION('',(#2995),#3003);
#2995 = ( BOUNDED_CURVE() B_SPLINE_CURVE(2,(#2996,#2997,#2998,#2999,
#3000,#3001,#3002),.UNSPECIFIED.,.T.,.F.) B_SPLINE_CURVE_WITH_KNOTS((1,2
    ,2,2,2,1),(-2.094395102393,0.,2.094395102393,4.188790204786,
6.28318530718,8.377580409573),.UNSPECIFIED.) CURVE() 
GEOMETRIC_REPRESENTATION_ITEM() RATIONAL_B_SPLINE_CURVE((1.,0.5,1.,0.5,
1.,0.5,1.)) REPRESENTATION_ITEM('') );
#2996 = CARTESIAN_POINT('',(-2.211575242072,-4.408366033326E-16));
#2997 = CARTESIAN_POINT('',(-2.211575242072,-0.259807621135));
#2998 = CARTESIAN_POINT('',(-2.436575242072,-0.129903810568));
#2999 = CARTESIAN_POINT('',(-2.661575242072,-7.100019262496E-17));
#3000 = CARTESIAN_POINT('',(-2.436575242072,0.129903810568));
#3001 = CARTESIAN_POINT('',(-2.211575242072,0.259807621135));
#3002 = CARTESIAN_POINT('',(-2.211575242072,-4.408366033326E-16));
#3003 = ( GEOMETRIC_REPRESENTATION_CONTEXT(2) 
PARAMETRIC_REPRESENTATION_CONTEXT() REPRESENTATION_CONTEXT('2D SPACE',''
  ) );
#3004 = ORIENTED_EDGE('',*,*,#3005,.F.);
#3005 = EDGE_CURVE('',#3006,#2978,#3008,.T.);
#3006 = VERTEX_POINT('',#3007);
#3007 = CARTESIAN_POINT('',(-1.180787621036,0.15,1.084202172486E-16));
#3008 = SURFACE_CURVE('',#3009,(#3013,#3020),.PCURVE_S1.);
#3009 = LINE('',#3010,#3011);
#3010 = CARTESIAN_POINT('',(-1.180787621036,0.15,1.084202172486E-16));
#3011 = VECTOR('',#3012,1.);
#3012 = DIRECTION('',(-0.,-1.,-0.));
#3013 = PCURVE('',#2940,#3014);
#3014 = DEFINITIONAL_REPRESENTATION('',(#3015),#3019);
#3015 = LINE('',#3016,#3017);
#3016 = CARTESIAN_POINT('',(0.,0.));
#3017 = VECTOR('',#3018,1.);
#3018 = DIRECTION('',(0.,1.));
#3019 = ( GEOMETRIC_REPRESENTATION_CONTEXT(2) 
PARAMETRIC_REPRESENTATION_CONTEXT() REPRESENTATION_CONTEXT('2D SPACE',''
  ) );
#3020 = PCURVE('',#3021,#3026);
#3021 = PLANE('',#3022);
#3022 = AXIS2_PLACEMENT_3D('',#3023,#3024,#3025);
#3023 = CARTESIAN_POINT('',(-1.180787621036,0.15,1.558540622948E-16));
#3024 = DIRECTION('',(0.,0.,-1.));
#3025 = DIRECTION('',(-1.,0.,-0.));
#3026 = DEFINITIONAL_REPRESENTATION('',(#3027),#3031);
#3027 = LINE('',#3028,#3029);
#3028 = CARTESIAN_POINT('',(0.,0.));
#3029 = VECTOR('',#3030,1.);
#3030 = DIRECTION('',(0.,-1.));
#3031 = ( GEOMETRIC_REPRESENTATION_CONTEXT(2) 
PARAMETRIC_REPRESENTATION_CONTEXT() REPRESENTATION_CONTEXT('2D SPACE',''
  ) );
#3032 = ORIENTED_EDGE('',*,*,#3033,.T.);
#3033 = EDGE_CURVE('',#3006,#2925,#3034,.T.);
#3034 = SURFACE_CURVE('',#3035,(#3040,#3047),.PCURVE_S1.);
#3035 = CIRCLE('',#3036,0.15);
#3036 = AXIS2_PLACEMENT_3D('',#3037,#3038,#3039);
#3037 = CARTESIAN_POINT('',(-1.180787621036,0.15,0.15));
#3038 = DIRECTION('',(-0.,-1.,0.));
#3039 = DIRECTION('',(1.,-0.,9.035018104046E-16));
#3040 = PCURVE('',#2940,#3041);
#3041 = DEFINITIONAL_REPRESENTATION('',(#3042),#3046);
#3042 = LINE('',#3043,#3044);
#3043 = CARTESIAN_POINT('',(-4.712388980385,0.));
#3044 = VECTOR('',#3045,1.);
#3045 = DIRECTION('',(1.,0.));
#3046 = ( GEOMETRIC_REPRESENTATION_CONTEXT(2) 
PARAMETRIC_REPRESENTATION_CONTEXT() REPRESENTATION_CONTEXT('2D SPACE',''
  ) );
#3047 = PCURVE('',#854,#3048);
#3048 = DEFINITIONAL_REPRESENTATION('',(#3049),#3057);
#3049 = ( BOUNDED_CURVE() B_SPLINE_CURVE(2,(#3050,#3051,#3052,#3053,
#3054,#3055,#3056),.UNSPECIFIED.,.T.,.F.) B_SPLINE_CURVE_WITH_KNOTS((1,2
    ,2,2,2,1),(-2.094395102393,0.,2.094395102393,4.188790204786,
6.28318530718,8.377580409573),.UNSPECIFIED.) CURVE() 
GEOMETRIC_REPRESENTATION_ITEM() RATIONAL_B_SPLINE_CURVE((1.,0.5,1.,0.5,
1.,0.5,1.)) REPRESENTATION_ITEM('') );
#3050 = CARTESIAN_POINT('',(-2.211575242072,-4.408366033326E-16));
#3051 = CARTESIAN_POINT('',(-2.211575242072,-0.259807621135));
#3052 = CARTESIAN_POINT('',(-2.436575242072,-0.129903810568));
#3053 = CARTESIAN_POINT('',(-2.661575242072,-7.100019262496E-17));
#3054 = CARTESIAN_POINT('',(-2.436575242072,0.129903810568));
#3055 = CARTESIAN_POINT('',(-2.211575242072,0.259807621135));
#3056 = CARTESIAN_POINT('',(-2.211575242072,-4.408366033326E-16));
#3057 = ( GEOMETRIC_REPRESENTATION_CONTEXT(2) 
PARAMETRIC_REPRESENTATION_CONTEXT() REPRESENTATION_CONTEXT('2D SPACE',''
  ) );
#3058 = ORIENTED_EDGE('',*,*,#2924,.T.);
#3059 = ADVANCED_FACE('',(#3060),#3021,.T.);
#3060 = FACE_BOUND('',#3061,.T.);
#3061 = EDGE_LOOP('',(#3062,#3085,#3113,#3134));
#3062 = ORIENTED_EDGE('',*,*,#3063,.F.);
#3063 = EDGE_CURVE('',#3064,#2978,#3066,.T.);
#3064 = VERTEX_POINT('',#3065);
#3065 = CARTESIAN_POINT('',(-1.325,-0.15,1.558540622948E-16));
#3066 = SURFACE_CURVE('',#3067,(#3071,#3078),.PCURVE_S1.);
#3067 = LINE('',#3068,#3069);
#3068 = CARTESIAN_POINT('',(-1.180787621036,-0.15,1.558540622948E-16));
#3069 = VECTOR('',#3070,1.);
#3070 = DIRECTION('',(1.,0.,0.));
#3071 = PCURVE('',#3021,#3072);
#3072 = DEFINITIONAL_REPRESENTATION('',(#3073),#3077);
#3073 = LINE('',#3074,#3075);
#3074 = CARTESIAN_POINT('',(-0.,-0.3));
#3075 = VECTOR('',#3076,1.);
#3076 = DIRECTION('',(-1.,0.));
#3077 = ( GEOMETRIC_REPRESENTATION_CONTEXT(2) 
PARAMETRIC_REPRESENTATION_CONTEXT() REPRESENTATION_CONTEXT('2D SPACE',''
  ) );
#3078 = PCURVE('',#910,#3079);
#3079 = DEFINITIONAL_REPRESENTATION('',(#3080),#3084);
#3080 = LINE('',#3081,#3082);
#3081 = CARTESIAN_POINT('',(-2.361575242072,0.15));
#3082 = VECTOR('',#3083,1.);
#3083 = DIRECTION('',(1.,0.));
#3084 = ( GEOMETRIC_REPRESENTATION_CONTEXT(2) 
PARAMETRIC_REPRESENTATION_CONTEXT() REPRESENTATION_CONTEXT('2D SPACE',''
  ) );
#3085 = ORIENTED_EDGE('',*,*,#3086,.F.);
#3086 = EDGE_CURVE('',#3087,#3064,#3089,.T.);
#3087 = VERTEX_POINT('',#3088);
#3088 = CARTESIAN_POINT('',(-1.325,0.15,1.558540622948E-16));
#3089 = SURFACE_CURVE('',#3090,(#3094,#3101),.PCURVE_S1.);
#3090 = LINE('',#3091,#3092);
#3091 = CARTESIAN_POINT('',(-1.325,0.15,1.558540622948E-16));
#3092 = VECTOR('',#3093,1.);
#3093 = DIRECTION('',(-0.,-1.,-0.));
#3094 = PCURVE('',#3021,#3095);
#3095 = DEFINITIONAL_REPRESENTATION('',(#3096),#3100);
#3096 = LINE('',#3097,#3098);
#3097 = CARTESIAN_POINT('',(0.144212378964,0.));
#3098 = VECTOR('',#3099,1.);
#3099 = DIRECTION('',(0.,-1.));
#3100 = ( GEOMETRIC_REPRESENTATION_CONTEXT(2) 
PARAMETRIC_REPRESENTATION_CONTEXT() REPRESENTATION_CONTEXT('2D SPACE',''
  ) );
#3101 = PCURVE('',#3102,#3107);
#3102 = PLANE('',#3103);
#3103 = AXIS2_PLACEMENT_3D('',#3104,#3105,#3106);
#3104 = CARTESIAN_POINT('',(-1.325,0.15,0.1));
#3105 = DIRECTION('',(-1.,0.,0.));
#3106 = DIRECTION('',(0.,0.,1.));
#3107 = DEFINITIONAL_REPRESENTATION('',(#3108),#3112);
#3108 = LINE('',#3109,#3110);
#3109 = CARTESIAN_POINT('',(-0.1,0.));
#3110 = VECTOR('',#3111,1.);
#3111 = DIRECTION('',(0.,-1.));
#3112 = ( GEOMETRIC_REPRESENTATION_CONTEXT(2) 
PARAMETRIC_REPRESENTATION_CONTEXT() REPRESENTATION_CONTEXT('2D SPACE',''
  ) );
#3113 = ORIENTED_EDGE('',*,*,#3114,.T.);
#3114 = EDGE_CURVE('',#3087,#3006,#3115,.T.);
#3115 = SURFACE_CURVE('',#3116,(#3120,#3127),.PCURVE_S1.);
#3116 = LINE('',#3117,#3118);
#3117 = CARTESIAN_POINT('',(-1.180787621036,0.15,1.558540622948E-16));
#3118 = VECTOR('',#3119,1.);
#3119 = DIRECTION('',(1.,0.,0.));
#3120 = PCURVE('',#3021,#3121);
#3121 = DEFINITIONAL_REPRESENTATION('',(#3122),#3126);
#3122 = LINE('',#3123,#3124);
#3123 = CARTESIAN_POINT('',(0.,0.));
#3124 = VECTOR('',#3125,1.);
#3125 = DIRECTION('',(-1.,0.));
#3126 = ( GEOMETRIC_REPRESENTATION_CONTEXT(2) 
PARAMETRIC_REPRESENTATION_CONTEXT() REPRESENTATION_CONTEXT('2D SPACE',''
  ) );
#3127 = PCURVE('',#854,#3128);
#3128 = DEFINITIONAL_REPRESENTATION('',(#3129),#3133);
#3129 = LINE('',#3130,#3131);
#3130 = CARTESIAN_POINT('',(-2.361575242072,0.15));
#3131 = VECTOR('',#3132,1.);
#3132 = DIRECTION('',(1.,0.));
#3133 = ( GEOMETRIC_REPRESENTATION_CONTEXT(2) 
PARAMETRIC_REPRESENTATION_CONTEXT() REPRESENTATION_CONTEXT('2D SPACE',''
  ) );
#3134 = ORIENTED_EDGE('',*,*,#3005,.T.);
#3135 = ADVANCED_FACE('',(#3136),#3102,.T.);
#3136 = FACE_BOUND('',#3137,.T.);
#3137 = EDGE_LOOP('',(#3138,#3161,#3189,#3210));
#3138 = ORIENTED_EDGE('',*,*,#3139,.F.);
#3139 = EDGE_CURVE('',#3140,#3064,#3142,.T.);
#3140 = VERTEX_POINT('',#3141);
#3141 = CARTESIAN_POINT('',(-1.325,-0.15,0.1));
#3142 = SURFACE_CURVE('',#3143,(#3147,#3154),.PCURVE_S1.);
#3143 = LINE('',#3144,#3145);
#3144 = CARTESIAN_POINT('',(-1.325,-0.15,0.1));
#3145 = VECTOR('',#3146,1.);
#3146 = DIRECTION('',(0.,0.,-1.));
#3147 = PCURVE('',#3102,#3148);
#3148 = DEFINITIONAL_REPRESENTATION('',(#3149),#3153);
#3149 = LINE('',#3150,#3151);
#3150 = CARTESIAN_POINT('',(0.,-0.3));
#3151 = VECTOR('',#3152,1.);
#3152 = DIRECTION('',(-1.,0.));
#3153 = ( GEOMETRIC_REPRESENTATION_CONTEXT(2) 
PARAMETRIC_REPRESENTATION_CONTEXT() REPRESENTATION_CONTEXT('2D SPACE',''
  ) );
#3154 = PCURVE('',#910,#3155);
#3155 = DEFINITIONAL_REPRESENTATION('',(#3156),#3160);
#3156 = LINE('',#3157,#3158);
#3157 = CARTESIAN_POINT('',(-2.505787621036,5.E-02));
#3158 = VECTOR('',#3159,1.);
#3159 = DIRECTION('',(0.,1.));
#3160 = ( GEOMETRIC_REPRESENTATION_CONTEXT(2) 
PARAMETRIC_REPRESENTATION_CONTEXT() REPRESENTATION_CONTEXT('2D SPACE',''
  ) );
#3161 = ORIENTED_EDGE('',*,*,#3162,.F.);
#3162 = EDGE_CURVE('',#3163,#3140,#3165,.T.);
#3163 = VERTEX_POINT('',#3164);
#3164 = CARTESIAN_POINT('',(-1.325,0.15,0.1));
#3165 = SURFACE_CURVE('',#3166,(#3170,#3177),.PCURVE_S1.);
#3166 = LINE('',#3167,#3168);
#3167 = CARTESIAN_POINT('',(-1.325,0.15,0.1));
#3168 = VECTOR('',#3169,1.);
#3169 = DIRECTION('',(-0.,-1.,-0.));
#3170 = PCURVE('',#3102,#3171);
#3171 = DEFINITIONAL_REPRESENTATION('',(#3172),#3176);
#3172 = LINE('',#3173,#3174);
#3173 = CARTESIAN_POINT('',(0.,0.));
#3174 = VECTOR('',#3175,1.);
#3175 = DIRECTION('',(0.,-1.));
#3176 = ( GEOMETRIC_REPRESENTATION_CONTEXT(2) 
PARAMETRIC_REPRESENTATION_CONTEXT() REPRESENTATION_CONTEXT('2D SPACE',''
  ) );
#3177 = PCURVE('',#3178,#3183);
#3178 = PLANE('',#3179);
#3179 = AXIS2_PLACEMENT_3D('',#3180,#3181,#3182);
#3180 = CARTESIAN_POINT('',(-1.180787621036,0.15,0.1));
#3181 = DIRECTION('',(0.,0.,-1.));
#3182 = DIRECTION('',(-1.,0.,-0.));
#3183 = DEFINITIONAL_REPRESENTATION('',(#3184),#3188);
#3184 = LINE('',#3185,#3186);
#3185 = CARTESIAN_POINT('',(0.144212378964,0.));
#3186 = VECTOR('',#3187,1.);
#3187 = DIRECTION('',(0.,-1.));
#3188 = ( GEOMETRIC_REPRESENTATION_CONTEXT(2) 
PARAMETRIC_REPRESENTATION_CONTEXT() REPRESENTATION_CONTEXT('2D SPACE',''
  ) );
#3189 = ORIENTED_EDGE('',*,*,#3190,.T.);
#3190 = EDGE_CURVE('',#3163,#3087,#3191,.T.);
#3191 = SURFACE_CURVE('',#3192,(#3196,#3203),.PCURVE_S1.);
#3192 = LINE('',#3193,#3194);
#3193 = CARTESIAN_POINT('',(-1.325,0.15,0.1));
#3194 = VECTOR('',#3195,1.);
#3195 = DIRECTION('',(0.,0.,-1.));
#3196 = PCURVE('',#3102,#3197);
#3197 = DEFINITIONAL_REPRESENTATION('',(#3198),#3202);
#3198 = LINE('',#3199,#3200);
#3199 = CARTESIAN_POINT('',(0.,0.));
#3200 = VECTOR('',#3201,1.);
#3201 = DIRECTION('',(-1.,0.));
#3202 = ( GEOMETRIC_REPRESENTATION_CONTEXT(2) 
PARAMETRIC_REPRESENTATION_CONTEXT() REPRESENTATION_CONTEXT('2D SPACE',''
  ) );
#3203 = PCURVE('',#854,#3204);
#3204 = DEFINITIONAL_REPRESENTATION('',(#3205),#3209);
#3205 = LINE('',#3206,#3207);
#3206 = CARTESIAN_POINT('',(-2.505787621036,5.E-02));
#3207 = VECTOR('',#3208,1.);
#3208 = DIRECTION('',(0.,1.));
#3209 = ( GEOMETRIC_REPRESENTATION_CONTEXT(2) 
PARAMETRIC_REPRESENTATION_CONTEXT() REPRESENTATION_CONTEXT('2D SPACE',''
  ) );
#3210 = ORIENTED_EDGE('',*,*,#3086,.T.);
#3211 = ADVANCED_FACE('',(#3212),#3178,.F.);
#3212 = FACE_BOUND('',#3213,.T.);
#3213 = EDGE_LOOP('',(#3214,#3237,#3265,#3286));
#3214 = ORIENTED_EDGE('',*,*,#3215,.T.);
#3215 = EDGE_CURVE('',#3140,#3216,#3218,.T.);
#3216 = VERTEX_POINT('',#3217);
#3217 = CARTESIAN_POINT('',(-1.180787621036,-0.15,0.1));
#3218 = SURFACE_CURVE('',#3219,(#3223,#3230),.PCURVE_S1.);
#3219 = LINE('',#3220,#3221);
#3220 = CARTESIAN_POINT('',(-1.180787621036,-0.15,0.1));
#3221 = VECTOR('',#3222,1.);
#3222 = DIRECTION('',(1.,0.,0.));
#3223 = PCURVE('',#3178,#3224);
#3224 = DEFINITIONAL_REPRESENTATION('',(#3225),#3229);
#3225 = LINE('',#3226,#3227);
#3226 = CARTESIAN_POINT('',(-0.,-0.3));
#3227 = VECTOR('',#3228,1.);
#3228 = DIRECTION('',(-1.,0.));
#3229 = ( GEOMETRIC_REPRESENTATION_CONTEXT(2) 
PARAMETRIC_REPRESENTATION_CONTEXT() REPRESENTATION_CONTEXT('2D SPACE',''
  ) );
#3230 = PCURVE('',#910,#3231);
#3231 = DEFINITIONAL_REPRESENTATION('',(#3232),#3236);
#3232 = LINE('',#3233,#3234);
#3233 = CARTESIAN_POINT('',(-2.361575242072,5.E-02));
#3234 = VECTOR('',#3235,1.);
#3235 = DIRECTION('',(1.,0.));
#3236 = ( GEOMETRIC_REPRESENTATION_CONTEXT(2) 
PARAMETRIC_REPRESENTATION_CONTEXT() REPRESENTATION_CONTEXT('2D SPACE',''
  ) );
#3237 = ORIENTED_EDGE('',*,*,#3238,.F.);
#3238 = EDGE_CURVE('',#3239,#3216,#3241,.T.);
#3239 = VERTEX_POINT('',#3240);
#3240 = CARTESIAN_POINT('',(-1.180787621036,0.15,0.1));
#3241 = SURFACE_CURVE('',#3242,(#3246,#3253),.PCURVE_S1.);
#3242 = LINE('',#3243,#3244);
#3243 = CARTESIAN_POINT('',(-1.180787621036,0.15,0.1));
#3244 = VECTOR('',#3245,1.);
#3245 = DIRECTION('',(-0.,-1.,-0.));
#3246 = PCURVE('',#3178,#3247);
#3247 = DEFINITIONAL_REPRESENTATION('',(#3248),#3252);
#3248 = LINE('',#3249,#3250);
#3249 = CARTESIAN_POINT('',(0.,0.));
#3250 = VECTOR('',#3251,1.);
#3251 = DIRECTION('',(0.,-1.));
#3252 = ( GEOMETRIC_REPRESENTATION_CONTEXT(2) 
PARAMETRIC_REPRESENTATION_CONTEXT() REPRESENTATION_CONTEXT('2D SPACE',''
  ) );
#3253 = PCURVE('',#3254,#3259);
#3254 = CYLINDRICAL_SURFACE('',#3255,5.E-02);
#3255 = AXIS2_PLACEMENT_3D('',#3256,#3257,#3258);
#3256 = CARTESIAN_POINT('',(-1.180787621036,0.15,0.15));
#3257 = DIRECTION('',(-0.,-1.,-0.));
#3258 = DIRECTION('',(0.,0.,-1.));
#3259 = DEFINITIONAL_REPRESENTATION('',(#3260),#3264);
#3260 = LINE('',#3261,#3262);
#3261 = CARTESIAN_POINT('',(0.,0.));
#3262 = VECTOR('',#3263,1.);
#3263 = DIRECTION('',(0.,1.));
#3264 = ( GEOMETRIC_REPRESENTATION_CONTEXT(2) 
PARAMETRIC_REPRESENTATION_CONTEXT() REPRESENTATION_CONTEXT('2D SPACE',''
  ) );
#3265 = ORIENTED_EDGE('',*,*,#3266,.F.);
#3266 = EDGE_CURVE('',#3163,#3239,#3267,.T.);
#3267 = SURFACE_CURVE('',#3268,(#3272,#3279),.PCURVE_S1.);
#3268 = LINE('',#3269,#3270);
#3269 = CARTESIAN_POINT('',(-1.180787621036,0.15,0.1));
#3270 = VECTOR('',#3271,1.);
#3271 = DIRECTION('',(1.,0.,0.));
#3272 = PCURVE('',#3178,#3273);
#3273 = DEFINITIONAL_REPRESENTATION('',(#3274),#3278);
#3274 = LINE('',#3275,#3276);
#3275 = CARTESIAN_POINT('',(0.,0.));
#3276 = VECTOR('',#3277,1.);
#3277 = DIRECTION('',(-1.,0.));
#3278 = ( GEOMETRIC_REPRESENTATION_CONTEXT(2) 
PARAMETRIC_REPRESENTATION_CONTEXT() REPRESENTATION_CONTEXT('2D SPACE',''
  ) );
#3279 = PCURVE('',#854,#3280);
#3280 = DEFINITIONAL_REPRESENTATION('',(#3281),#3285);
#3281 = LINE('',#3282,#3283);
#3282 = CARTESIAN_POINT('',(-2.361575242072,5.E-02));
#3283 = VECTOR('',#3284,1.);
#3284 = DIRECTION('',(1.,0.));
#3285 = ( GEOMETRIC_REPRESENTATION_CONTEXT(2) 
PARAMETRIC_REPRESENTATION_CONTEXT() REPRESENTATION_CONTEXT('2D SPACE',''
  ) );
#3286 = ORIENTED_EDGE('',*,*,#3162,.T.);
#3287 = ADVANCED_FACE('',(#3288),#3254,.F.);
#3288 = FACE_BOUND('',#3289,.F.);
#3289 = EDGE_LOOP('',(#3290,#3291,#3319,#3347));
#3290 = ORIENTED_EDGE('',*,*,#3238,.F.);
#3291 = ORIENTED_EDGE('',*,*,#3292,.T.);
#3292 = EDGE_CURVE('',#3239,#3293,#3295,.T.);
#3293 = VERTEX_POINT('',#3294);
#3294 = CARTESIAN_POINT('',(-1.131547233385,0.15,0.141317591117));
#3295 = SURFACE_CURVE('',#3296,(#3301,#3308),.PCURVE_S1.);
#3296 = CIRCLE('',#3297,5.E-02);
#3297 = AXIS2_PLACEMENT_3D('',#3298,#3299,#3300);
#3298 = CARTESIAN_POINT('',(-1.180787621036,0.15,0.15));
#3299 = DIRECTION('',(-0.,-1.,0.));
#3300 = DIRECTION('',(1.,-0.,0.));
#3301 = PCURVE('',#3254,#3302);
#3302 = DEFINITIONAL_REPRESENTATION('',(#3303),#3307);
#3303 = LINE('',#3304,#3305);
#3304 = CARTESIAN_POINT('',(-4.712388980385,0.));
#3305 = VECTOR('',#3306,1.);
#3306 = DIRECTION('',(1.,0.));
#3307 = ( GEOMETRIC_REPRESENTATION_CONTEXT(2) 
PARAMETRIC_REPRESENTATION_CONTEXT() REPRESENTATION_CONTEXT('2D SPACE',''
  ) );
#3308 = PCURVE('',#854,#3309);
#3309 = DEFINITIONAL_REPRESENTATION('',(#3310),#3318);
#3310 = ( BOUNDED_CURVE() B_SPLINE_CURVE(2,(#3311,#3312,#3313,#3314,
#3315,#3316,#3317),.UNSPECIFIED.,.T.,.F.) B_SPLINE_CURVE_WITH_KNOTS((1,2
    ,2,2,2,1),(-2.094395102393,0.,2.094395102393,4.188790204786,
6.28318530718,8.377580409573),.UNSPECIFIED.) CURVE() 
GEOMETRIC_REPRESENTATION_ITEM() RATIONAL_B_SPLINE_CURVE((1.,0.5,1.,0.5,
1.,0.5,1.)) REPRESENTATION_ITEM('') );
#3311 = CARTESIAN_POINT('',(-2.311575242072,-3.053113317719E-16));
#3312 = CARTESIAN_POINT('',(-2.311575242072,-8.660254037844E-02));
#3313 = CARTESIAN_POINT('',(-2.386575242072,-4.330127018922E-02));
#3314 = CARTESIAN_POINT('',(-2.461575242072,-3.175577997634E-16));
#3315 = CARTESIAN_POINT('',(-2.386575242072,4.330127018922E-02));
#3316 = CARTESIAN_POINT('',(-2.311575242072,8.660254037844E-02));
#3317 = CARTESIAN_POINT('',(-2.311575242072,-3.053113317719E-16));
#3318 = ( GEOMETRIC_REPRESENTATION_CONTEXT(2) 
PARAMETRIC_REPRESENTATION_CONTEXT() REPRESENTATION_CONTEXT('2D SPACE',''
  ) );
#3319 = ORIENTED_EDGE('',*,*,#3320,.T.);
#3320 = EDGE_CURVE('',#3293,#3321,#3323,.T.);
#3321 = VERTEX_POINT('',#3322);
#3322 = CARTESIAN_POINT('',(-1.131547233385,-0.15,0.141317591117));
#3323 = SURFACE_CURVE('',#3324,(#3328,#3335),.PCURVE_S1.);
#3324 = LINE('',#3325,#3326);
#3325 = CARTESIAN_POINT('',(-1.131547233385,0.15,0.141317591117));
#3326 = VECTOR('',#3327,1.);
#3327 = DIRECTION('',(-0.,-1.,-0.));
#3328 = PCURVE('',#3254,#3329);
#3329 = DEFINITIONAL_REPRESENTATION('',(#3330),#3334);
#3330 = LINE('',#3331,#3332);
#3331 = CARTESIAN_POINT('',(1.396263401595,0.));
#3332 = VECTOR('',#3333,1.);
#3333 = DIRECTION('',(0.,1.));
#3334 = ( GEOMETRIC_REPRESENTATION_CONTEXT(2) 
PARAMETRIC_REPRESENTATION_CONTEXT() REPRESENTATION_CONTEXT('2D SPACE',''
  ) );
#3335 = PCURVE('',#3336,#3341);
#3336 = PLANE('',#3337);
#3337 = AXIS2_PLACEMENT_3D('',#3338,#3339,#3340);
#3338 = CARTESIAN_POINT('',(-1.076933541916,0.15,0.45104722665));
#3339 = DIRECTION('',(0.984807753012,0.,-0.173648177667));
#3340 = DIRECTION('',(-0.173648177667,0.,-0.984807753012));
#3341 = DEFINITIONAL_REPRESENTATION('',(#3342),#3346);
#3342 = LINE('',#3343,#3344);
#3343 = CARTESIAN_POINT('',(0.31450771441,0.));
#3344 = VECTOR('',#3345,1.);
#3345 = DIRECTION('',(0.,-1.));
#3346 = ( GEOMETRIC_REPRESENTATION_CONTEXT(2) 
PARAMETRIC_REPRESENTATION_CONTEXT() REPRESENTATION_CONTEXT('2D SPACE',''
  ) );
#3347 = ORIENTED_EDGE('',*,*,#3348,.F.);
#3348 = EDGE_CURVE('',#3216,#3321,#3349,.T.);
#3349 = SURFACE_CURVE('',#3350,(#3355,#3362),.PCURVE_S1.);
#3350 = CIRCLE('',#3351,5.E-02);
#3351 = AXIS2_PLACEMENT_3D('',#3352,#3353,#3354);
#3352 = CARTESIAN_POINT('',(-1.180787621036,-0.15,0.15));
#3353 = DIRECTION('',(-0.,-1.,0.));
#3354 = DIRECTION('',(1.,-0.,0.));
#3355 = PCURVE('',#3254,#3356);
#3356 = DEFINITIONAL_REPRESENTATION('',(#3357),#3361);
#3357 = LINE('',#3358,#3359);
#3358 = CARTESIAN_POINT('',(-4.712388980385,0.3));
#3359 = VECTOR('',#3360,1.);
#3360 = DIRECTION('',(1.,0.));
#3361 = ( GEOMETRIC_REPRESENTATION_CONTEXT(2) 
PARAMETRIC_REPRESENTATION_CONTEXT() REPRESENTATION_CONTEXT('2D SPACE',''
  ) );
#3362 = PCURVE('',#910,#3363);
#3363 = DEFINITIONAL_REPRESENTATION('',(#3364),#3372);
#3364 = ( BOUNDED_CURVE() B_SPLINE_CURVE(2,(#3365,#3366,#3367,#3368,
#3369,#3370,#3371),.UNSPECIFIED.,.T.,.F.) B_SPLINE_CURVE_WITH_KNOTS((1,2
    ,2,2,2,1),(-2.094395102393,0.,2.094395102393,4.188790204786,
6.28318530718,8.377580409573),.UNSPECIFIED.) CURVE() 
GEOMETRIC_REPRESENTATION_ITEM() RATIONAL_B_SPLINE_CURVE((1.,0.5,1.,0.5,
1.,0.5,1.)) REPRESENTATION_ITEM('') );
#3365 = CARTESIAN_POINT('',(-2.311575242072,-3.053113317719E-16));
#3366 = CARTESIAN_POINT('',(-2.311575242072,-8.660254037844E-02));
#3367 = CARTESIAN_POINT('',(-2.386575242072,-4.330127018922E-02));
#3368 = CARTESIAN_POINT('',(-2.461575242072,-3.175577997634E-16));
#3369 = CARTESIAN_POINT('',(-2.386575242072,4.330127018922E-02));
#3370 = CARTESIAN_POINT('',(-2.311575242072,8.660254037844E-02));
#3371 = CARTESIAN_POINT('',(-2.311575242072,-3.053113317719E-16));
#3372 = ( GEOMETRIC_REPRESENTATION_CONTEXT(2) 
PARAMETRIC_REPRESENTATION_CONTEXT() REPRESENTATION_CONTEXT('2D SPACE',''
  ) );
#3373 = ADVANCED_FACE('',(#3374),#3336,.F.);
#3374 = FACE_BOUND('',#3375,.T.);
#3375 = EDGE_LOOP('',(#3376,#3399,#3427,#3448));
#3376 = ORIENTED_EDGE('',*,*,#3377,.T.);
#3377 = EDGE_CURVE('',#3321,#3378,#3380,.T.);
#3378 = VERTEX_POINT('',#3379);
#3379 = CARTESIAN_POINT('',(-1.076933541916,-0.15,0.45104722665));
#3380 = SURFACE_CURVE('',#3381,(#3385,#3392),.PCURVE_S1.);
#3381 = LINE('',#3382,#3383);
#3382 = CARTESIAN_POINT('',(-1.076933541916,-0.15,0.45104722665));
#3383 = VECTOR('',#3384,1.);
#3384 = DIRECTION('',(0.173648177667,0.,0.984807753012));
#3385 = PCURVE('',#3336,#3386);
#3386 = DEFINITIONAL_REPRESENTATION('',(#3387),#3391);
#3387 = LINE('',#3388,#3389);
#3388 = CARTESIAN_POINT('',(-0.,-0.3));
#3389 = VECTOR('',#3390,1.);
#3390 = DIRECTION('',(-1.,0.));
#3391 = ( GEOMETRIC_REPRESENTATION_CONTEXT(2) 
PARAMETRIC_REPRESENTATION_CONTEXT() REPRESENTATION_CONTEXT('2D SPACE',''
  ) );
#3392 = PCURVE('',#910,#3393);
#3393 = DEFINITIONAL_REPRESENTATION('',(#3394),#3398);
#3394 = LINE('',#3395,#3396);
#3395 = CARTESIAN_POINT('',(-2.257721162952,-0.30104722665));
#3396 = VECTOR('',#3397,1.);
#3397 = DIRECTION('',(0.173648177667,-0.984807753012));
#3398 = ( GEOMETRIC_REPRESENTATION_CONTEXT(2) 
PARAMETRIC_REPRESENTATION_CONTEXT() REPRESENTATION_CONTEXT('2D SPACE',''
  ) );
#3399 = ORIENTED_EDGE('',*,*,#3400,.F.);
#3400 = EDGE_CURVE('',#3401,#3378,#3403,.T.);
#3401 = VERTEX_POINT('',#3402);
#3402 = CARTESIAN_POINT('',(-1.076933541916,0.15,0.45104722665));
#3403 = SURFACE_CURVE('',#3404,(#3408,#3415),.PCURVE_S1.);
#3404 = LINE('',#3405,#3406);
#3405 = CARTESIAN_POINT('',(-1.076933541916,0.15,0.45104722665));
#3406 = VECTOR('',#3407,1.);
#3407 = DIRECTION('',(-0.,-1.,-0.));
#3408 = PCURVE('',#3336,#3409);
#3409 = DEFINITIONAL_REPRESENTATION('',(#3410),#3414);
#3410 = LINE('',#3411,#3412);
#3411 = CARTESIAN_POINT('',(0.,0.));
#3412 = VECTOR('',#3413,1.);
#3413 = DIRECTION('',(0.,-1.));
#3414 = ( GEOMETRIC_REPRESENTATION_CONTEXT(2) 
PARAMETRIC_REPRESENTATION_CONTEXT() REPRESENTATION_CONTEXT('2D SPACE',''
  ) );
#3415 = PCURVE('',#3416,#3421);
#3416 = CYLINDRICAL_SURFACE('',#3417,0.15);
#3417 = AXIS2_PLACEMENT_3D('',#3418,#3419,#3420);
#3418 = CARTESIAN_POINT('',(-0.929212378964,0.15,0.425));
#3419 = DIRECTION('',(-0.,-1.,-0.));
#3420 = DIRECTION('',(0.,0.,-1.));
#3421 = DEFINITIONAL_REPRESENTATION('',(#3422),#3426);
#3422 = LINE('',#3423,#3424);
#3423 = CARTESIAN_POINT('',(4.537856055185,0.));
#3424 = VECTOR('',#3425,1.);
#3425 = DIRECTION('',(0.,1.));
#3426 = ( GEOMETRIC_REPRESENTATION_CONTEXT(2) 
PARAMETRIC_REPRESENTATION_CONTEXT() REPRESENTATION_CONTEXT('2D SPACE',''
  ) );
#3427 = ORIENTED_EDGE('',*,*,#3428,.F.);
#3428 = EDGE_CURVE('',#3293,#3401,#3429,.T.);
#3429 = SURFACE_CURVE('',#3430,(#3434,#3441),.PCURVE_S1.);
#3430 = LINE('',#3431,#3432);
#3431 = CARTESIAN_POINT('',(-1.076933541916,0.15,0.45104722665));
#3432 = VECTOR('',#3433,1.);
#3433 = DIRECTION('',(0.173648177667,0.,0.984807753012));
#3434 = PCURVE('',#3336,#3435);
#3435 = DEFINITIONAL_REPRESENTATION('',(#3436),#3440);
#3436 = LINE('',#3437,#3438);
#3437 = CARTESIAN_POINT('',(0.,0.));
#3438 = VECTOR('',#3439,1.);
#3439 = DIRECTION('',(-1.,0.));
#3440 = ( GEOMETRIC_REPRESENTATION_CONTEXT(2) 
PARAMETRIC_REPRESENTATION_CONTEXT() REPRESENTATION_CONTEXT('2D SPACE',''
  ) );
#3441 = PCURVE('',#854,#3442);
#3442 = DEFINITIONAL_REPRESENTATION('',(#3443),#3447);
#3443 = LINE('',#3444,#3445);
#3444 = CARTESIAN_POINT('',(-2.257721162952,-0.30104722665));
#3445 = VECTOR('',#3446,1.);
#3446 = DIRECTION('',(0.173648177667,-0.984807753012));
#3447 = ( GEOMETRIC_REPRESENTATION_CONTEXT(2) 
PARAMETRIC_REPRESENTATION_CONTEXT() REPRESENTATION_CONTEXT('2D SPACE',''
  ) );
#3448 = ORIENTED_EDGE('',*,*,#3320,.T.);
#3449 = ADVANCED_FACE('',(#3450),#3416,.T.);
#3450 = FACE_BOUND('',#3451,.T.);
#3451 = EDGE_LOOP('',(#3452,#3476,#3499,#3521));
#3452 = ORIENTED_EDGE('',*,*,#3453,.T.);
#3453 = EDGE_CURVE('',#3378,#3454,#3456,.T.);
#3454 = VERTEX_POINT('',#3455);
#3455 = CARTESIAN_POINT('',(-0.929212378964,-0.15,0.575));
#3456 = SURFACE_CURVE('',#3457,(#3462,#3469),.PCURVE_S1.);
#3457 = CIRCLE('',#3458,0.15);
#3458 = AXIS2_PLACEMENT_3D('',#3459,#3460,#3461);
#3459 = CARTESIAN_POINT('',(-0.929212378964,-0.15,0.425));
#3460 = DIRECTION('',(-0.,1.,0.));
#3461 = DIRECTION('',(1.,0.,0.));
#3462 = PCURVE('',#3416,#3463);
#3463 = DEFINITIONAL_REPRESENTATION('',(#3464),#3468);
#3464 = LINE('',#3465,#3466);
#3465 = CARTESIAN_POINT('',(7.853981633974,0.3));
#3466 = VECTOR('',#3467,1.);
#3467 = DIRECTION('',(-1.,0.));
#3468 = ( GEOMETRIC_REPRESENTATION_CONTEXT(2) 
PARAMETRIC_REPRESENTATION_CONTEXT() REPRESENTATION_CONTEXT('2D SPACE',''
  ) );
#3469 = PCURVE('',#910,#3470);
#3470 = DEFINITIONAL_REPRESENTATION('',(#3471),#3475);
#3471 = CIRCLE('',#3472,0.15);
#3472 = AXIS2_PLACEMENT_2D('',#3473,#3474);
#3473 = CARTESIAN_POINT('',(-2.11,-0.275));
#3474 = DIRECTION('',(1.,0.));
#3475 = ( GEOMETRIC_REPRESENTATION_CONTEXT(2) 
PARAMETRIC_REPRESENTATION_CONTEXT() REPRESENTATION_CONTEXT('2D SPACE',''
  ) );
#3476 = ORIENTED_EDGE('',*,*,#3477,.F.);
#3477 = EDGE_CURVE('',#3478,#3454,#3480,.T.);
#3478 = VERTEX_POINT('',#3479);
#3479 = CARTESIAN_POINT('',(-0.929212378964,0.15,0.575));
#3480 = SURFACE_CURVE('',#3481,(#3485,#3492),.PCURVE_S1.);
#3481 = LINE('',#3482,#3483);
#3482 = CARTESIAN_POINT('',(-0.929212378964,0.15,0.575));
#3483 = VECTOR('',#3484,1.);
#3484 = DIRECTION('',(-0.,-1.,-0.));
#3485 = PCURVE('',#3416,#3486);
#3486 = DEFINITIONAL_REPRESENTATION('',(#3487),#3491);
#3487 = LINE('',#3488,#3489);
#3488 = CARTESIAN_POINT('',(3.14159265359,0.));
#3489 = VECTOR('',#3490,1.);
#3490 = DIRECTION('',(0.,1.));
#3491 = ( GEOMETRIC_REPRESENTATION_CONTEXT(2) 
PARAMETRIC_REPRESENTATION_CONTEXT() REPRESENTATION_CONTEXT('2D SPACE',''
  ) );
#3492 = PCURVE('',#882,#3493);
#3493 = DEFINITIONAL_REPRESENTATION('',(#3494),#3498);
#3494 = LINE('',#3495,#3496);
#3495 = CARTESIAN_POINT('',(1.858424757928,0.));
#3496 = VECTOR('',#3497,1.);
#3497 = DIRECTION('',(0.,-1.));
#3498 = ( GEOMETRIC_REPRESENTATION_CONTEXT(2) 
PARAMETRIC_REPRESENTATION_CONTEXT() REPRESENTATION_CONTEXT('2D SPACE',''
  ) );
#3499 = ORIENTED_EDGE('',*,*,#3500,.F.);
#3500 = EDGE_CURVE('',#3401,#3478,#3501,.T.);
#3501 = SURFACE_CURVE('',#3502,(#3507,#3514),.PCURVE_S1.);
#3502 = CIRCLE('',#3503,0.15);
#3503 = AXIS2_PLACEMENT_3D('',#3504,#3505,#3506);
#3504 = CARTESIAN_POINT('',(-0.929212378964,0.15,0.425));
#3505 = DIRECTION('',(-0.,1.,0.));
#3506 = DIRECTION('',(1.,0.,0.));
#3507 = PCURVE('',#3416,#3508);
#3508 = DEFINITIONAL_REPRESENTATION('',(#3509),#3513);
#3509 = LINE('',#3510,#3511);
#3510 = CARTESIAN_POINT('',(7.853981633974,0.));
#3511 = VECTOR('',#3512,1.);
#3512 = DIRECTION('',(-1.,0.));
#3513 = ( GEOMETRIC_REPRESENTATION_CONTEXT(2) 
PARAMETRIC_REPRESENTATION_CONTEXT() REPRESENTATION_CONTEXT('2D SPACE',''
  ) );
#3514 = PCURVE('',#854,#3515);
#3515 = DEFINITIONAL_REPRESENTATION('',(#3516),#3520);
#3516 = CIRCLE('',#3517,0.15);
#3517 = AXIS2_PLACEMENT_2D('',#3518,#3519);
#3518 = CARTESIAN_POINT('',(-2.11,-0.275));
#3519 = DIRECTION('',(1.,0.));
#3520 = ( GEOMETRIC_REPRESENTATION_CONTEXT(2) 
PARAMETRIC_REPRESENTATION_CONTEXT() REPRESENTATION_CONTEXT('2D SPACE',''
  ) );
#3521 = ORIENTED_EDGE('',*,*,#3400,.T.);
#3522 = ADVANCED_FACE('',(#3523),#910,.F.);
#3523 = FACE_BOUND('',#3524,.T.);
#3524 = EDGE_LOOP('',(#3525,#3526,#3547,#3548,#3549,#3550,#3551,#3552,
    #3553,#3554,#3555,#3556,#3577));
#3525 = ORIENTED_EDGE('',*,*,#894,.F.);
#3526 = ORIENTED_EDGE('',*,*,#3527,.F.);
#3527 = EDGE_CURVE('',#3454,#867,#3528,.T.);
#3528 = SURFACE_CURVE('',#3529,(#3533,#3540),.PCURVE_S1.);
#3529 = LINE('',#3530,#3531);
#3530 = CARTESIAN_POINT('',(0.929212378964,-0.15,0.575));
#3531 = VECTOR('',#3532,1.);
#3532 = DIRECTION('',(1.,0.,-1.166796953022E-16));
#3533 = PCURVE('',#910,#3534);
#3534 = DEFINITIONAL_REPRESENTATION('',(#3535),#3539);
#3535 = LINE('',#3536,#3537);
#3536 = CARTESIAN_POINT('',(-0.251575242072,-0.425));
#3537 = VECTOR('',#3538,1.);
#3538 = DIRECTION('',(1.,1.166796953022E-16));
#3539 = ( GEOMETRIC_REPRESENTATION_CONTEXT(2) 
PARAMETRIC_REPRESENTATION_CONTEXT() REPRESENTATION_CONTEXT('2D SPACE',''
  ) );
#3540 = PCURVE('',#882,#3541);
#3541 = DEFINITIONAL_REPRESENTATION('',(#3542),#3546);
#3542 = LINE('',#3543,#3544);
#3543 = CARTESIAN_POINT('',(0.,-0.3));
#3544 = VECTOR('',#3545,1.);
#3545 = DIRECTION('',(-1.,0.));
#3546 = ( GEOMETRIC_REPRESENTATION_CONTEXT(2) 
PARAMETRIC_REPRESENTATION_CONTEXT() REPRESENTATION_CONTEXT('2D SPACE',''
  ) );
#3547 = ORIENTED_EDGE('',*,*,#3453,.F.);
#3548 = ORIENTED_EDGE('',*,*,#3377,.F.);
#3549 = ORIENTED_EDGE('',*,*,#3348,.F.);
#3550 = ORIENTED_EDGE('',*,*,#3215,.F.);
#3551 = ORIENTED_EDGE('',*,*,#3139,.T.);
#3552 = ORIENTED_EDGE('',*,*,#3063,.T.);
#3553 = ORIENTED_EDGE('',*,*,#2977,.T.);
#3554 = ORIENTED_EDGE('',*,*,#2901,.T.);
#3555 = ORIENTED_EDGE('',*,*,#2876,.T.);
#3556 = ORIENTED_EDGE('',*,*,#3557,.T.);
#3557 = EDGE_CURVE('',#2797,#1371,#3558,.T.);
#3558 = SURFACE_CURVE('',#3559,(#3563,#3570),.PCURVE_S1.);
#3559 = LINE('',#3560,#3561);
#3560 = CARTESIAN_POINT('',(0.929212378964,-0.15,0.475));
#3561 = VECTOR('',#3562,1.);
#3562 = DIRECTION('',(1.,0.,-1.166796953022E-16));
#3563 = PCURVE('',#910,#3564);
#3564 = DEFINITIONAL_REPRESENTATION('',(#3565),#3569);
#3565 = LINE('',#3566,#3567);
#3566 = CARTESIAN_POINT('',(-0.251575242072,-0.325));
#3567 = VECTOR('',#3568,1.);
#3568 = DIRECTION('',(1.,1.166796953022E-16));
#3569 = ( GEOMETRIC_REPRESENTATION_CONTEXT(2) 
PARAMETRIC_REPRESENTATION_CONTEXT() REPRESENTATION_CONTEXT('2D SPACE',''
  ) );
#3570 = PCURVE('',#1407,#3571);
#3571 = DEFINITIONAL_REPRESENTATION('',(#3572),#3576);
#3572 = LINE('',#3573,#3574);
#3573 = CARTESIAN_POINT('',(0.,-0.3));
#3574 = VECTOR('',#3575,1.);
#3575 = DIRECTION('',(-1.,0.));
#3576 = ( GEOMETRIC_REPRESENTATION_CONTEXT(2) 
PARAMETRIC_REPRESENTATION_CONTEXT() REPRESENTATION_CONTEXT('2D SPACE',''
  ) );
#3577 = ORIENTED_EDGE('',*,*,#1370,.F.);
#3578 = ADVANCED_FACE('',(#3579),#854,.T.);
#3579 = FACE_BOUND('',#3580,.T.);
#3580 = EDGE_LOOP('',(#3581,#3602,#3603,#3604,#3625,#3626,#3627,#3628,
    #3629,#3630,#3631,#3632,#3633));
#3581 = ORIENTED_EDGE('',*,*,#3582,.T.);
#3582 = EDGE_CURVE('',#3478,#832,#3583,.T.);
#3583 = SURFACE_CURVE('',#3584,(#3588,#3595),.PCURVE_S1.);
#3584 = LINE('',#3585,#3586);
#3585 = CARTESIAN_POINT('',(0.929212378964,0.15,0.575));
#3586 = VECTOR('',#3587,1.);
#3587 = DIRECTION('',(1.,0.,-1.166796953022E-16));
#3588 = PCURVE('',#854,#3589);
#3589 = DEFINITIONAL_REPRESENTATION('',(#3590),#3594);
#3590 = LINE('',#3591,#3592);
#3591 = CARTESIAN_POINT('',(-0.251575242072,-0.425));
#3592 = VECTOR('',#3593,1.);
#3593 = DIRECTION('',(1.,1.166796953022E-16));
#3594 = ( GEOMETRIC_REPRESENTATION_CONTEXT(2) 
PARAMETRIC_REPRESENTATION_CONTEXT() REPRESENTATION_CONTEXT('2D SPACE',''
  ) );
#3595 = PCURVE('',#882,#3596);
#3596 = DEFINITIONAL_REPRESENTATION('',(#3597),#3601);
#3597 = LINE('',#3598,#3599);
#3598 = CARTESIAN_POINT('',(0.,0.));
#3599 = VECTOR('',#3600,1.);
#3600 = DIRECTION('',(-1.,0.));
#3601 = ( GEOMETRIC_REPRESENTATION_CONTEXT(2) 
PARAMETRIC_REPRESENTATION_CONTEXT() REPRESENTATION_CONTEXT('2D SPACE',''
  ) );
#3602 = ORIENTED_EDGE('',*,*,#831,.T.);
#3603 = ORIENTED_EDGE('',*,*,#1273,.T.);
#3604 = ORIENTED_EDGE('',*,*,#3605,.F.);
#3605 = EDGE_CURVE('',#2795,#1274,#3606,.T.);
#3606 = SURFACE_CURVE('',#3607,(#3611,#3618),.PCURVE_S1.);
#3607 = LINE('',#3608,#3609);
#3608 = CARTESIAN_POINT('',(0.929212378964,0.15,0.475));
#3609 = VECTOR('',#3610,1.);
#3610 = DIRECTION('',(1.,0.,-1.166796953022E-16));
#3611 = PCURVE('',#854,#3612);
#3612 = DEFINITIONAL_REPRESENTATION('',(#3613),#3617);
#3613 = LINE('',#3614,#3615);
#3614 = CARTESIAN_POINT('',(-0.251575242072,-0.325));
#3615 = VECTOR('',#3616,1.);
#3616 = DIRECTION('',(1.,1.166796953022E-16));
#3617 = ( GEOMETRIC_REPRESENTATION_CONTEXT(2) 
PARAMETRIC_REPRESENTATION_CONTEXT() REPRESENTATION_CONTEXT('2D SPACE',''
  ) );
#3618 = PCURVE('',#1407,#3619);
#3619 = DEFINITIONAL_REPRESENTATION('',(#3620),#3624);
#3620 = LINE('',#3621,#3622);
#3621 = CARTESIAN_POINT('',(0.,0.));
#3622 = VECTOR('',#3623,1.);
#3623 = DIRECTION('',(-1.,0.));
#3624 = ( GEOMETRIC_REPRESENTATION_CONTEXT(2) 
PARAMETRIC_REPRESENTATION_CONTEXT() REPRESENTATION_CONTEXT('2D SPACE',''
  ) );
#3625 = ORIENTED_EDGE('',*,*,#2824,.F.);
#3626 = ORIENTED_EDGE('',*,*,#2952,.F.);
#3627 = ORIENTED_EDGE('',*,*,#3033,.F.);
#3628 = ORIENTED_EDGE('',*,*,#3114,.F.);
#3629 = ORIENTED_EDGE('',*,*,#3190,.F.);
#3630 = ORIENTED_EDGE('',*,*,#3266,.T.);
#3631 = ORIENTED_EDGE('',*,*,#3292,.T.);
#3632 = ORIENTED_EDGE('',*,*,#3428,.T.);
#3633 = ORIENTED_EDGE('',*,*,#3500,.T.);
#3634 = ADVANCED_FACE('',(#3635),#1407,.T.);
#3635 = FACE_BOUND('',#3636,.T.);
#3636 = EDGE_LOOP('',(#3637,#3638,#3639,#3640));
#3637 = ORIENTED_EDGE('',*,*,#3605,.T.);
#3638 = ORIENTED_EDGE('',*,*,#1393,.T.);
#3639 = ORIENTED_EDGE('',*,*,#3557,.F.);
#3640 = ORIENTED_EDGE('',*,*,#2794,.F.);
#3641 = ADVANCED_FACE('',(#3642),#882,.F.);
#3642 = FACE_BOUND('',#3643,.T.);
#3643 = EDGE_LOOP('',(#3644,#3645,#3646,#3647));
#3644 = ORIENTED_EDGE('',*,*,#866,.F.);
#3645 = ORIENTED_EDGE('',*,*,#3582,.F.);
#3646 = ORIENTED_EDGE('',*,*,#3477,.T.);
#3647 = ORIENTED_EDGE('',*,*,#3527,.T.);
#3648 = ADVANCED_FACE('',(#3649),#816,.F.);
#3649 = FACE_BOUND('',#3650,.T.);
#3650 = EDGE_LOOP('',(#3651,#3652,#3675,#3703));
#3651 = ORIENTED_EDGE('',*,*,#802,.F.);
#3652 = ORIENTED_EDGE('',*,*,#3653,.T.);
#3653 = EDGE_CURVE('',#775,#3654,#3656,.T.);
#3654 = VERTEX_POINT('',#3655);
#3655 = CARTESIAN_POINT('',(0.929212378964,-0.15,0.575));
#3656 = SURFACE_CURVE('',#3657,(#3661,#3668),.PCURVE_S1.);
#3657 = LINE('',#3658,#3659);
#3658 = CARTESIAN_POINT('',(0.929212378964,-0.15,0.575));
#3659 = VECTOR('',#3660,1.);
#3660 = DIRECTION('',(1.,0.,-1.166796953022E-16));
#3661 = PCURVE('',#816,#3662);
#3662 = DEFINITIONAL_REPRESENTATION('',(#3663),#3667);
#3663 = LINE('',#3664,#3665);
#3664 = CARTESIAN_POINT('',(0.,-0.3));
#3665 = VECTOR('',#3666,1.);
#3666 = DIRECTION('',(-1.,0.));
#3667 = ( GEOMETRIC_REPRESENTATION_CONTEXT(2) 
PARAMETRIC_REPRESENTATION_CONTEXT() REPRESENTATION_CONTEXT('2D SPACE',''
  ) );
#3668 = PCURVE('',#790,#3669);
#3669 = DEFINITIONAL_REPRESENTATION('',(#3670),#3674);
#3670 = LINE('',#3671,#3672);
#3671 = CARTESIAN_POINT('',(-0.251575242072,-0.425));
#3672 = VECTOR('',#3673,1.);
#3673 = DIRECTION('',(1.,1.166796953022E-16));
#3674 = ( GEOMETRIC_REPRESENTATION_CONTEXT(2) 
PARAMETRIC_REPRESENTATION_CONTEXT() REPRESENTATION_CONTEXT('2D SPACE',''
  ) );
#3675 = ORIENTED_EDGE('',*,*,#3676,.F.);
#3676 = EDGE_CURVE('',#3677,#3654,#3679,.T.);
#3677 = VERTEX_POINT('',#3678);
#3678 = CARTESIAN_POINT('',(0.929212378964,0.15,0.575));
#3679 = SURFACE_CURVE('',#3680,(#3684,#3691),.PCURVE_S1.);
#3680 = LINE('',#3681,#3682);
#3681 = CARTESIAN_POINT('',(0.929212378964,0.15,0.575));
#3682 = VECTOR('',#3683,1.);
#3683 = DIRECTION('',(-0.,-1.,-0.));
#3684 = PCURVE('',#816,#3685);
#3685 = DEFINITIONAL_REPRESENTATION('',(#3686),#3690);
#3686 = LINE('',#3687,#3688);
#3687 = CARTESIAN_POINT('',(0.,0.));
#3688 = VECTOR('',#3689,1.);
#3689 = DIRECTION('',(0.,-1.));
#3690 = ( GEOMETRIC_REPRESENTATION_CONTEXT(2) 
PARAMETRIC_REPRESENTATION_CONTEXT() REPRESENTATION_CONTEXT('2D SPACE',''
  ) );
#3691 = PCURVE('',#3692,#3697);
#3692 = CYLINDRICAL_SURFACE('',#3693,0.15);
#3693 = AXIS2_PLACEMENT_3D('',#3694,#3695,#3696);
#3694 = CARTESIAN_POINT('',(0.929212378964,0.15,0.425));
#3695 = DIRECTION('',(-0.,-1.,-0.));
#3696 = DIRECTION('',(0.,0.,-1.));
#3697 = DEFINITIONAL_REPRESENTATION('',(#3698),#3702);
#3698 = LINE('',#3699,#3700);
#3699 = CARTESIAN_POINT('',(3.14159265359,0.));
#3700 = VECTOR('',#3701,1.);
#3701 = DIRECTION('',(0.,1.));
#3702 = ( GEOMETRIC_REPRESENTATION_CONTEXT(2) 
PARAMETRIC_REPRESENTATION_CONTEXT() REPRESENTATION_CONTEXT('2D SPACE',''
  ) );
#3703 = ORIENTED_EDGE('',*,*,#3704,.F.);
#3704 = EDGE_CURVE('',#622,#3677,#3705,.T.);
#3705 = SURFACE_CURVE('',#3706,(#3710,#3717),.PCURVE_S1.);
#3706 = LINE('',#3707,#3708);
#3707 = CARTESIAN_POINT('',(0.929212378964,0.15,0.575));
#3708 = VECTOR('',#3709,1.);
#3709 = DIRECTION('',(1.,0.,-1.166796953022E-16));
#3710 = PCURVE('',#816,#3711);
#3711 = DEFINITIONAL_REPRESENTATION('',(#3712),#3716);
#3712 = LINE('',#3713,#3714);
#3713 = CARTESIAN_POINT('',(0.,0.));
#3714 = VECTOR('',#3715,1.);
#3715 = DIRECTION('',(-1.,0.));
#3716 = ( GEOMETRIC_REPRESENTATION_CONTEXT(2) 
PARAMETRIC_REPRESENTATION_CONTEXT() REPRESENTATION_CONTEXT('2D SPACE',''
  ) );
#3717 = PCURVE('',#642,#3718);
#3718 = DEFINITIONAL_REPRESENTATION('',(#3719),#3723);
#3719 = LINE('',#3720,#3721);
#3720 = CARTESIAN_POINT('',(-0.251575242072,-0.425));
#3721 = VECTOR('',#3722,1.);
#3722 = DIRECTION('',(1.,1.166796953022E-16));
#3723 = ( GEOMETRIC_REPRESENTATION_CONTEXT(2) 
PARAMETRIC_REPRESENTATION_CONTEXT() REPRESENTATION_CONTEXT('2D SPACE',''
  ) );
#3724 = ADVANCED_FACE('',(#3725),#1163,.T.);
#3725 = FACE_BOUND('',#3726,.T.);
#3726 = EDGE_LOOP('',(#3727,#3750,#3751,#3774));
#3727 = ORIENTED_EDGE('',*,*,#3728,.F.);
#3728 = EDGE_CURVE('',#1148,#3729,#3731,.T.);
#3729 = VERTEX_POINT('',#3730);
#3730 = CARTESIAN_POINT('',(0.929212378964,-0.15,0.475));
#3731 = SURFACE_CURVE('',#3732,(#3736,#3743),.PCURVE_S1.);
#3732 = LINE('',#3733,#3734);
#3733 = CARTESIAN_POINT('',(0.929212378964,-0.15,0.475));
#3734 = VECTOR('',#3735,1.);
#3735 = DIRECTION('',(1.,0.,-1.166796953022E-16));
#3736 = PCURVE('',#1163,#3737);
#3737 = DEFINITIONAL_REPRESENTATION('',(#3738),#3742);
#3738 = LINE('',#3739,#3740);
#3739 = CARTESIAN_POINT('',(0.,-0.3));
#3740 = VECTOR('',#3741,1.);
#3741 = DIRECTION('',(-1.,0.));
#3742 = ( GEOMETRIC_REPRESENTATION_CONTEXT(2) 
PARAMETRIC_REPRESENTATION_CONTEXT() REPRESENTATION_CONTEXT('2D SPACE',''
  ) );
#3743 = PCURVE('',#790,#3744);
#3744 = DEFINITIONAL_REPRESENTATION('',(#3745),#3749);
#3745 = LINE('',#3746,#3747);
#3746 = CARTESIAN_POINT('',(-0.251575242072,-0.325));
#3747 = VECTOR('',#3748,1.);
#3748 = DIRECTION('',(1.,1.166796953022E-16));
#3749 = ( GEOMETRIC_REPRESENTATION_CONTEXT(2) 
PARAMETRIC_REPRESENTATION_CONTEXT() REPRESENTATION_CONTEXT('2D SPACE',''
  ) );
#3750 = ORIENTED_EDGE('',*,*,#1147,.T.);
#3751 = ORIENTED_EDGE('',*,*,#3752,.T.);
#3752 = EDGE_CURVE('',#1125,#3753,#3755,.T.);
#3753 = VERTEX_POINT('',#3754);
#3754 = CARTESIAN_POINT('',(0.929212378964,0.15,0.475));
#3755 = SURFACE_CURVE('',#3756,(#3760,#3767),.PCURVE_S1.);
#3756 = LINE('',#3757,#3758);
#3757 = CARTESIAN_POINT('',(0.929212378964,0.15,0.475));
#3758 = VECTOR('',#3759,1.);
#3759 = DIRECTION('',(1.,0.,-1.166796953022E-16));
#3760 = PCURVE('',#1163,#3761);
#3761 = DEFINITIONAL_REPRESENTATION('',(#3762),#3766);
#3762 = LINE('',#3763,#3764);
#3763 = CARTESIAN_POINT('',(0.,0.));
#3764 = VECTOR('',#3765,1.);
#3765 = DIRECTION('',(-1.,0.));
#3766 = ( GEOMETRIC_REPRESENTATION_CONTEXT(2) 
PARAMETRIC_REPRESENTATION_CONTEXT() REPRESENTATION_CONTEXT('2D SPACE',''
  ) );
#3767 = PCURVE('',#642,#3768);
#3768 = DEFINITIONAL_REPRESENTATION('',(#3769),#3773);
#3769 = LINE('',#3770,#3771);
#3770 = CARTESIAN_POINT('',(-0.251575242072,-0.325));
#3771 = VECTOR('',#3772,1.);
#3772 = DIRECTION('',(1.,1.166796953022E-16));
#3773 = ( GEOMETRIC_REPRESENTATION_CONTEXT(2) 
PARAMETRIC_REPRESENTATION_CONTEXT() REPRESENTATION_CONTEXT('2D SPACE',''
  ) );
#3774 = ORIENTED_EDGE('',*,*,#3775,.T.);
#3775 = EDGE_CURVE('',#3753,#3729,#3776,.T.);
#3776 = SURFACE_CURVE('',#3777,(#3781,#3788),.PCURVE_S1.);
#3777 = LINE('',#3778,#3779);
#3778 = CARTESIAN_POINT('',(0.929212378964,0.15,0.475));
#3779 = VECTOR('',#3780,1.);
#3780 = DIRECTION('',(-0.,-1.,-0.));
#3781 = PCURVE('',#1163,#3782);
#3782 = DEFINITIONAL_REPRESENTATION('',(#3783),#3787);
#3783 = LINE('',#3784,#3785);
#3784 = CARTESIAN_POINT('',(0.,0.));
#3785 = VECTOR('',#3786,1.);
#3786 = DIRECTION('',(0.,-1.));
#3787 = ( GEOMETRIC_REPRESENTATION_CONTEXT(2) 
PARAMETRIC_REPRESENTATION_CONTEXT() REPRESENTATION_CONTEXT('2D SPACE',''
  ) );
#3788 = PCURVE('',#3789,#3794);
#3789 = CYLINDRICAL_SURFACE('',#3790,5.E-02);
#3790 = AXIS2_PLACEMENT_3D('',#3791,#3792,#3793);
#3791 = CARTESIAN_POINT('',(0.929212378964,0.15,0.425));
#3792 = DIRECTION('',(-0.,-1.,-0.));
#3793 = DIRECTION('',(0.,0.,-1.));
#3794 = DEFINITIONAL_REPRESENTATION('',(#3795),#3799);
#3795 = LINE('',#3796,#3797);
#3796 = CARTESIAN_POINT('',(3.14159265359,0.));
#3797 = VECTOR('',#3798,1.);
#3798 = DIRECTION('',(0.,1.));
#3799 = ( GEOMETRIC_REPRESENTATION_CONTEXT(2) 
PARAMETRIC_REPRESENTATION_CONTEXT() REPRESENTATION_CONTEXT('2D SPACE',''
  ) );
#3800 = ADVANCED_FACE('',(#3801),#642,.T.);
#3801 = FACE_BOUND('',#3802,.T.);
#3802 = EDGE_LOOP('',(#3803,#3804,#3805,#3806,#3830,#3858,#3891,#3919,
    #3947,#3975,#4008,#4036,#4058));
#3803 = ORIENTED_EDGE('',*,*,#1124,.T.);
#3804 = ORIENTED_EDGE('',*,*,#619,.T.);
#3805 = ORIENTED_EDGE('',*,*,#3704,.T.);
#3806 = ORIENTED_EDGE('',*,*,#3807,.T.);
#3807 = EDGE_CURVE('',#3677,#3808,#3810,.T.);
#3808 = VERTEX_POINT('',#3809);
#3809 = CARTESIAN_POINT('',(1.076933541916,0.15,0.45104722665));
#3810 = SURFACE_CURVE('',#3811,(#3816,#3823),.PCURVE_S1.);
#3811 = CIRCLE('',#3812,0.15);
#3812 = AXIS2_PLACEMENT_3D('',#3813,#3814,#3815);
#3813 = CARTESIAN_POINT('',(0.929212378964,0.15,0.425));
#3814 = DIRECTION('',(-0.,1.,0.));
#3815 = DIRECTION('',(1.,0.,0.));
#3816 = PCURVE('',#642,#3817);
#3817 = DEFINITIONAL_REPRESENTATION('',(#3818),#3822);
#3818 = CIRCLE('',#3819,0.15);
#3819 = AXIS2_PLACEMENT_2D('',#3820,#3821);
#3820 = CARTESIAN_POINT('',(-0.251575242072,-0.275));
#3821 = DIRECTION('',(1.,0.));
#3822 = ( GEOMETRIC_REPRESENTATION_CONTEXT(2) 
PARAMETRIC_REPRESENTATION_CONTEXT() REPRESENTATION_CONTEXT('2D SPACE',''
  ) );
#3823 = PCURVE('',#3692,#3824);
#3824 = DEFINITIONAL_REPRESENTATION('',(#3825),#3829);
#3825 = LINE('',#3826,#3827);
#3826 = CARTESIAN_POINT('',(7.853981633974,0.));
#3827 = VECTOR('',#3828,1.);
#3828 = DIRECTION('',(-1.,0.));
#3829 = ( GEOMETRIC_REPRESENTATION_CONTEXT(2) 
PARAMETRIC_REPRESENTATION_CONTEXT() REPRESENTATION_CONTEXT('2D SPACE',''
  ) );
#3830 = ORIENTED_EDGE('',*,*,#3831,.T.);
#3831 = EDGE_CURVE('',#3808,#3832,#3834,.T.);
#3832 = VERTEX_POINT('',#3833);
#3833 = CARTESIAN_POINT('',(1.131547233385,0.15,0.141317591117));
#3834 = SURFACE_CURVE('',#3835,(#3839,#3846),.PCURVE_S1.);
#3835 = LINE('',#3836,#3837);
#3836 = CARTESIAN_POINT('',(1.076933541916,0.15,0.45104722665));
#3837 = VECTOR('',#3838,1.);
#3838 = DIRECTION('',(0.173648177667,0.,-0.984807753012));
#3839 = PCURVE('',#642,#3840);
#3840 = DEFINITIONAL_REPRESENTATION('',(#3841),#3845);
#3841 = LINE('',#3842,#3843);
#3842 = CARTESIAN_POINT('',(-0.10385407912,-0.30104722665));
#3843 = VECTOR('',#3844,1.);
#3844 = DIRECTION('',(0.173648177667,0.984807753012));
#3845 = ( GEOMETRIC_REPRESENTATION_CONTEXT(2) 
PARAMETRIC_REPRESENTATION_CONTEXT() REPRESENTATION_CONTEXT('2D SPACE',''
  ) );
#3846 = PCURVE('',#3847,#3852);
#3847 = PLANE('',#3848);
#3848 = AXIS2_PLACEMENT_3D('',#3849,#3850,#3851);
#3849 = CARTESIAN_POINT('',(1.076933541916,0.15,0.45104722665));
#3850 = DIRECTION('',(-0.984807753012,0.,-0.173648177667));
#3851 = DIRECTION('',(-0.173648177667,0.,0.984807753012));
#3852 = DEFINITIONAL_REPRESENTATION('',(#3853),#3857);
#3853 = LINE('',#3854,#3855);
#3854 = CARTESIAN_POINT('',(0.,0.));
#3855 = VECTOR('',#3856,1.);
#3856 = DIRECTION('',(-1.,0.));
#3857 = ( GEOMETRIC_REPRESENTATION_CONTEXT(2) 
PARAMETRIC_REPRESENTATION_CONTEXT() REPRESENTATION_CONTEXT('2D SPACE',''
  ) );
#3858 = ORIENTED_EDGE('',*,*,#3859,.T.);
#3859 = EDGE_CURVE('',#3832,#3860,#3862,.T.);
#3860 = VERTEX_POINT('',#3861);
#3861 = CARTESIAN_POINT('',(1.180787621036,0.15,1.E-01));
#3862 = SURFACE_CURVE('',#3863,(#3868,#3879),.PCURVE_S1.);
#3863 = CIRCLE('',#3864,5.E-02);
#3864 = AXIS2_PLACEMENT_3D('',#3865,#3866,#3867);
#3865 = CARTESIAN_POINT('',(1.180787621036,0.15,0.15));
#3866 = DIRECTION('',(-0.,-1.,0.));
#3867 = DIRECTION('',(1.,-0.,0.));
#3868 = PCURVE('',#642,#3869);
#3869 = DEFINITIONAL_REPRESENTATION('',(#3870),#3878);
#3870 = ( BOUNDED_CURVE() B_SPLINE_CURVE(2,(#3871,#3872,#3873,#3874,
#3875,#3876,#3877),.UNSPECIFIED.,.T.,.F.) B_SPLINE_CURVE_WITH_KNOTS((1,2
    ,2,2,2,1),(-2.094395102393,0.,2.094395102393,4.188790204786,
6.28318530718,8.377580409573),.UNSPECIFIED.) CURVE() 
GEOMETRIC_REPRESENTATION_ITEM() RATIONAL_B_SPLINE_CURVE((1.,0.5,1.,0.5,
1.,0.5,1.)) REPRESENTATION_ITEM('') );
#3871 = CARTESIAN_POINT('',(5.E-02,0.));
#3872 = CARTESIAN_POINT('',(5.E-02,-8.660254037844E-02));
#3873 = CARTESIAN_POINT('',(-2.5E-02,-4.330127018922E-02));
#3874 = CARTESIAN_POINT('',(-0.1,-1.224646799147E-17));
#3875 = CARTESIAN_POINT('',(-2.5E-02,4.330127018922E-02));
#3876 = CARTESIAN_POINT('',(5.E-02,8.660254037844E-02));
#3877 = CARTESIAN_POINT('',(5.E-02,0.));
#3878 = ( GEOMETRIC_REPRESENTATION_CONTEXT(2) 
PARAMETRIC_REPRESENTATION_CONTEXT() REPRESENTATION_CONTEXT('2D SPACE',''
  ) );
#3879 = PCURVE('',#3880,#3885);
#3880 = CYLINDRICAL_SURFACE('',#3881,5.E-02);
#3881 = AXIS2_PLACEMENT_3D('',#3882,#3883,#3884);
#3882 = CARTESIAN_POINT('',(1.180787621036,0.15,0.15));
#3883 = DIRECTION('',(-0.,-1.,-0.));
#3884 = DIRECTION('',(0.,0.,-1.));
#3885 = DEFINITIONAL_REPRESENTATION('',(#3886),#3890);
#3886 = LINE('',#3887,#3888);
#3887 = CARTESIAN_POINT('',(1.570796326795,0.));
#3888 = VECTOR('',#3889,1.);
#3889 = DIRECTION('',(1.,0.));
#3890 = ( GEOMETRIC_REPRESENTATION_CONTEXT(2) 
PARAMETRIC_REPRESENTATION_CONTEXT() REPRESENTATION_CONTEXT('2D SPACE',''
  ) );
#3891 = ORIENTED_EDGE('',*,*,#3892,.T.);
#3892 = EDGE_CURVE('',#3860,#3893,#3895,.T.);
#3893 = VERTEX_POINT('',#3894);
#3894 = CARTESIAN_POINT('',(1.325,0.15,1.E-01));
#3895 = SURFACE_CURVE('',#3896,(#3900,#3907),.PCURVE_S1.);
#3896 = LINE('',#3897,#3898);
#3897 = CARTESIAN_POINT('',(1.180787621036,0.15,1.E-01));
#3898 = VECTOR('',#3899,1.);
#3899 = DIRECTION('',(1.,0.,-2.349404269839E-16));
#3900 = PCURVE('',#642,#3901);
#3901 = DEFINITIONAL_REPRESENTATION('',(#3902),#3906);
#3902 = LINE('',#3903,#3904);
#3903 = CARTESIAN_POINT('',(0.,5.E-02));
#3904 = VECTOR('',#3905,1.);
#3905 = DIRECTION('',(1.,2.349404269839E-16));
#3906 = ( GEOMETRIC_REPRESENTATION_CONTEXT(2) 
PARAMETRIC_REPRESENTATION_CONTEXT() REPRESENTATION_CONTEXT('2D SPACE',''
  ) );
#3907 = PCURVE('',#3908,#3913);
#3908 = PLANE('',#3909);
#3909 = AXIS2_PLACEMENT_3D('',#3910,#3911,#3912);
#3910 = CARTESIAN_POINT('',(1.180787621036,0.15,1.E-01));
#3911 = DIRECTION('',(-2.349404269839E-16,0.,-1.));
#3912 = DIRECTION('',(-1.,0.,2.349404269839E-16));
#3913 = DEFINITIONAL_REPRESENTATION('',(#3914),#3918);
#3914 = LINE('',#3915,#3916);
#3915 = CARTESIAN_POINT('',(0.,0.));
#3916 = VECTOR('',#3917,1.);
#3917 = DIRECTION('',(-1.,0.));
#3918 = ( GEOMETRIC_REPRESENTATION_CONTEXT(2) 
PARAMETRIC_REPRESENTATION_CONTEXT() REPRESENTATION_CONTEXT('2D SPACE',''
  ) );
#3919 = ORIENTED_EDGE('',*,*,#3920,.F.);
#3920 = EDGE_CURVE('',#3921,#3893,#3923,.T.);
#3921 = VERTEX_POINT('',#3922);
#3922 = CARTESIAN_POINT('',(1.325,0.15,-1.694065894509E-16));
#3923 = SURFACE_CURVE('',#3924,(#3928,#3935),.PCURVE_S1.);
#3924 = LINE('',#3925,#3926);
#3925 = CARTESIAN_POINT('',(1.325,0.15,-1.694065894509E-16));
#3926 = VECTOR('',#3927,1.);
#3927 = DIRECTION('',(0.,0.,1.));
#3928 = PCURVE('',#642,#3929);
#3929 = DEFINITIONAL_REPRESENTATION('',(#3930),#3934);
#3930 = LINE('',#3931,#3932);
#3931 = CARTESIAN_POINT('',(0.144212378964,0.15));
#3932 = VECTOR('',#3933,1.);
#3933 = DIRECTION('',(0.,-1.));
#3934 = ( GEOMETRIC_REPRESENTATION_CONTEXT(2) 
PARAMETRIC_REPRESENTATION_CONTEXT() REPRESENTATION_CONTEXT('2D SPACE',''
  ) );
#3935 = PCURVE('',#3936,#3941);
#3936 = PLANE('',#3937);
#3937 = AXIS2_PLACEMENT_3D('',#3938,#3939,#3940);
#3938 = CARTESIAN_POINT('',(1.325,0.15,-1.694065894509E-16));
#3939 = DIRECTION('',(1.,0.,0.));
#3940 = DIRECTION('',(0.,0.,-1.));
#3941 = DEFINITIONAL_REPRESENTATION('',(#3942),#3946);
#3942 = LINE('',#3943,#3944);
#3943 = CARTESIAN_POINT('',(0.,0.));
#3944 = VECTOR('',#3945,1.);
#3945 = DIRECTION('',(-1.,0.));
#3946 = ( GEOMETRIC_REPRESENTATION_CONTEXT(2) 
PARAMETRIC_REPRESENTATION_CONTEXT() REPRESENTATION_CONTEXT('2D SPACE',''
  ) );
#3947 = ORIENTED_EDGE('',*,*,#3948,.F.);
#3948 = EDGE_CURVE('',#3949,#3921,#3951,.T.);
#3949 = VERTEX_POINT('',#3950);
#3950 = CARTESIAN_POINT('',(1.180787621036,0.15,-1.355252715607E-16));
#3951 = SURFACE_CURVE('',#3952,(#3956,#3963),.PCURVE_S1.);
#3952 = LINE('',#3953,#3954);
#3953 = CARTESIAN_POINT('',(1.180787621036,0.15,-1.355252715607E-16));
#3954 = VECTOR('',#3955,1.);
#3955 = DIRECTION('',(1.,0.,-2.349404269839E-16));
#3956 = PCURVE('',#642,#3957);
#3957 = DEFINITIONAL_REPRESENTATION('',(#3958),#3962);
#3958 = LINE('',#3959,#3960);
#3959 = CARTESIAN_POINT('',(0.,0.15));
#3960 = VECTOR('',#3961,1.);
#3961 = DIRECTION('',(1.,2.349404269839E-16));
#3962 = ( GEOMETRIC_REPRESENTATION_CONTEXT(2) 
PARAMETRIC_REPRESENTATION_CONTEXT() REPRESENTATION_CONTEXT('2D SPACE',''
  ) );
#3963 = PCURVE('',#3964,#3969);
#3964 = PLANE('',#3965);
#3965 = AXIS2_PLACEMENT_3D('',#3966,#3967,#3968);
#3966 = CARTESIAN_POINT('',(1.180787621036,0.15,-1.355252715607E-16));
#3967 = DIRECTION('',(-2.349404269839E-16,0.,-1.));
#3968 = DIRECTION('',(-1.,0.,2.349404269839E-16));
#3969 = DEFINITIONAL_REPRESENTATION('',(#3970),#3974);
#3970 = LINE('',#3971,#3972);
#3971 = CARTESIAN_POINT('',(0.,0.));
#3972 = VECTOR('',#3973,1.);
#3973 = DIRECTION('',(-1.,0.));
#3974 = ( GEOMETRIC_REPRESENTATION_CONTEXT(2) 
PARAMETRIC_REPRESENTATION_CONTEXT() REPRESENTATION_CONTEXT('2D SPACE',''
  ) );
#3975 = ORIENTED_EDGE('',*,*,#3976,.F.);
#3976 = EDGE_CURVE('',#3977,#3949,#3979,.T.);
#3977 = VERTEX_POINT('',#3978);
#3978 = CARTESIAN_POINT('',(1.033066458084,0.15,0.12395277335));
#3979 = SURFACE_CURVE('',#3980,(#3985,#3996),.PCURVE_S1.);
#3980 = CIRCLE('',#3981,0.15);
#3981 = AXIS2_PLACEMENT_3D('',#3982,#3983,#3984);
#3982 = CARTESIAN_POINT('',(1.180787621036,0.15,0.15));
#3983 = DIRECTION('',(-0.,-1.,0.));
#3984 = DIRECTION('',(1.,-0.,1.807003620809E-15));
#3985 = PCURVE('',#642,#3986);
#3986 = DEFINITIONAL_REPRESENTATION('',(#3987),#3995);
#3987 = ( BOUNDED_CURVE() B_SPLINE_CURVE(2,(#3988,#3989,#3990,#3991,
#3992,#3993,#3994),.UNSPECIFIED.,.T.,.F.) B_SPLINE_CURVE_WITH_KNOTS((1,2
    ,2,2,2,1),(-2.094395102393,0.,2.094395102393,4.188790204786,
6.28318530718,8.377580409573),.UNSPECIFIED.) CURVE() 
GEOMETRIC_REPRESENTATION_ITEM() RATIONAL_B_SPLINE_CURVE((1.,0.5,1.,0.5,
1.,0.5,1.)) REPRESENTATION_ITEM('') );
#3988 = CARTESIAN_POINT('',(0.15,-2.710505431214E-16));
#3989 = CARTESIAN_POINT('',(0.15,-0.259807621135));
#3990 = CARTESIAN_POINT('',(-7.5E-02,-0.129903810568));
#3991 = CARTESIAN_POINT('',(-0.3,5.053616822683E-16));
#3992 = CARTESIAN_POINT('',(-7.5E-02,0.129903810568));
#3993 = CARTESIAN_POINT('',(0.15,0.259807621135));
#3994 = CARTESIAN_POINT('',(0.15,-2.710505431214E-16));
#3995 = ( GEOMETRIC_REPRESENTATION_CONTEXT(2) 
PARAMETRIC_REPRESENTATION_CONTEXT() REPRESENTATION_CONTEXT('2D SPACE',''
  ) );
#3996 = PCURVE('',#3997,#4002);
#3997 = CYLINDRICAL_SURFACE('',#3998,0.15);
#3998 = AXIS2_PLACEMENT_3D('',#3999,#4000,#4001);
#3999 = CARTESIAN_POINT('',(1.180787621036,0.15,0.15));
#4000 = DIRECTION('',(-0.,-1.,-0.));
#4001 = DIRECTION('',(0.,0.,-1.));
#4002 = DEFINITIONAL_REPRESENTATION('',(#4003),#4007);
#4003 = LINE('',#4004,#4005);
#4004 = CARTESIAN_POINT('',(1.570796326795,0.));
#4005 = VECTOR('',#4006,1.);
#4006 = DIRECTION('',(1.,0.));
#4007 = ( GEOMETRIC_REPRESENTATION_CONTEXT(2) 
PARAMETRIC_REPRESENTATION_CONTEXT() REPRESENTATION_CONTEXT('2D SPACE',''
  ) );
#4008 = ORIENTED_EDGE('',*,*,#4009,.F.);
#4009 = EDGE_CURVE('',#4010,#3977,#4012,.T.);
#4010 = VERTEX_POINT('',#4011);
#4011 = CARTESIAN_POINT('',(0.978452766615,0.15,0.433682408883));
#4012 = SURFACE_CURVE('',#4013,(#4017,#4024),.PCURVE_S1.);
#4013 = LINE('',#4014,#4015);
#4014 = CARTESIAN_POINT('',(0.978452766615,0.15,0.433682408883));
#4015 = VECTOR('',#4016,1.);
#4016 = DIRECTION('',(0.173648177667,0.,-0.984807753012));
#4017 = PCURVE('',#642,#4018);
#4018 = DEFINITIONAL_REPRESENTATION('',(#4019),#4023);
#4019 = LINE('',#4020,#4021);
#4020 = CARTESIAN_POINT('',(-0.202334854421,-0.283682408883));
#4021 = VECTOR('',#4022,1.);
#4022 = DIRECTION('',(0.173648177667,0.984807753012));
#4023 = ( GEOMETRIC_REPRESENTATION_CONTEXT(2) 
PARAMETRIC_REPRESENTATION_CONTEXT() REPRESENTATION_CONTEXT('2D SPACE',''
  ) );
#4024 = PCURVE('',#4025,#4030);
#4025 = PLANE('',#4026);
#4026 = AXIS2_PLACEMENT_3D('',#4027,#4028,#4029);
#4027 = CARTESIAN_POINT('',(0.978452766615,0.15,0.433682408883));
#4028 = DIRECTION('',(-0.984807753012,0.,-0.173648177667));
#4029 = DIRECTION('',(-0.173648177667,0.,0.984807753012));
#4030 = DEFINITIONAL_REPRESENTATION('',(#4031),#4035);
#4031 = LINE('',#4032,#4033);
#4032 = CARTESIAN_POINT('',(0.,0.));
#4033 = VECTOR('',#4034,1.);
#4034 = DIRECTION('',(-1.,0.));
#4035 = ( GEOMETRIC_REPRESENTATION_CONTEXT(2) 
PARAMETRIC_REPRESENTATION_CONTEXT() REPRESENTATION_CONTEXT('2D SPACE',''
  ) );
#4036 = ORIENTED_EDGE('',*,*,#4037,.F.);
#4037 = EDGE_CURVE('',#3753,#4010,#4038,.T.);
#4038 = SURFACE_CURVE('',#4039,(#4044,#4051),.PCURVE_S1.);
#4039 = CIRCLE('',#4040,5.E-02);
#4040 = AXIS2_PLACEMENT_3D('',#4041,#4042,#4043);
#4041 = CARTESIAN_POINT('',(0.929212378964,0.15,0.425));
#4042 = DIRECTION('',(-0.,1.,0.));
#4043 = DIRECTION('',(1.,0.,0.));
#4044 = PCURVE('',#642,#4045);
#4045 = DEFINITIONAL_REPRESENTATION('',(#4046),#4050);
#4046 = CIRCLE('',#4047,5.E-02);
#4047 = AXIS2_PLACEMENT_2D('',#4048,#4049);
#4048 = CARTESIAN_POINT('',(-0.251575242072,-0.275));
#4049 = DIRECTION('',(1.,0.));
#4050 = ( GEOMETRIC_REPRESENTATION_CONTEXT(2) 
PARAMETRIC_REPRESENTATION_CONTEXT() REPRESENTATION_CONTEXT('2D SPACE',''
  ) );
#4051 = PCURVE('',#3789,#4052);
#4052 = DEFINITIONAL_REPRESENTATION('',(#4053),#4057);
#4053 = LINE('',#4054,#4055);
#4054 = CARTESIAN_POINT('',(7.853981633974,0.));
#4055 = VECTOR('',#4056,1.);
#4056 = DIRECTION('',(-1.,0.));
#4057 = ( GEOMETRIC_REPRESENTATION_CONTEXT(2) 
PARAMETRIC_REPRESENTATION_CONTEXT() REPRESENTATION_CONTEXT('2D SPACE',''
  ) );
#4058 = ORIENTED_EDGE('',*,*,#3752,.F.);
#4059 = ADVANCED_FACE('',(#4060),#790,.F.);
#4060 = FACE_BOUND('',#4061,.T.);
#4061 = EDGE_LOOP('',(#4062,#4063,#4064,#4065,#4089,#4112,#4140,#4163,
    #4186,#4209,#4237,#4260,#4282));
#4062 = ORIENTED_EDGE('',*,*,#774,.F.);
#4063 = ORIENTED_EDGE('',*,*,#1175,.F.);
#4064 = ORIENTED_EDGE('',*,*,#3728,.T.);
#4065 = ORIENTED_EDGE('',*,*,#4066,.T.);
#4066 = EDGE_CURVE('',#3729,#4067,#4069,.T.);
#4067 = VERTEX_POINT('',#4068);
#4068 = CARTESIAN_POINT('',(0.978452766615,-0.15,0.433682408883));
#4069 = SURFACE_CURVE('',#4070,(#4075,#4082),.PCURVE_S1.);
#4070 = CIRCLE('',#4071,5.E-02);
#4071 = AXIS2_PLACEMENT_3D('',#4072,#4073,#4074);
#4072 = CARTESIAN_POINT('',(0.929212378964,-0.15,0.425));
#4073 = DIRECTION('',(-0.,1.,0.));
#4074 = DIRECTION('',(1.,0.,0.));
#4075 = PCURVE('',#790,#4076);
#4076 = DEFINITIONAL_REPRESENTATION('',(#4077),#4081);
#4077 = CIRCLE('',#4078,5.E-02);
#4078 = AXIS2_PLACEMENT_2D('',#4079,#4080);
#4079 = CARTESIAN_POINT('',(-0.251575242072,-0.275));
#4080 = DIRECTION('',(1.,0.));
#4081 = ( GEOMETRIC_REPRESENTATION_CONTEXT(2) 
PARAMETRIC_REPRESENTATION_CONTEXT() REPRESENTATION_CONTEXT('2D SPACE',''
  ) );
#4082 = PCURVE('',#3789,#4083);
#4083 = DEFINITIONAL_REPRESENTATION('',(#4084),#4088);
#4084 = LINE('',#4085,#4086);
#4085 = CARTESIAN_POINT('',(7.853981633974,0.3));
#4086 = VECTOR('',#4087,1.);
#4087 = DIRECTION('',(-1.,0.));
#4088 = ( GEOMETRIC_REPRESENTATION_CONTEXT(2) 
PARAMETRIC_REPRESENTATION_CONTEXT() REPRESENTATION_CONTEXT('2D SPACE',''
  ) );
#4089 = ORIENTED_EDGE('',*,*,#4090,.T.);
#4090 = EDGE_CURVE('',#4067,#4091,#4093,.T.);
#4091 = VERTEX_POINT('',#4092);
#4092 = CARTESIAN_POINT('',(1.033066458084,-0.15,0.12395277335));
#4093 = SURFACE_CURVE('',#4094,(#4098,#4105),.PCURVE_S1.);
#4094 = LINE('',#4095,#4096);
#4095 = CARTESIAN_POINT('',(0.978452766615,-0.15,0.433682408883));
#4096 = VECTOR('',#4097,1.);
#4097 = DIRECTION('',(0.173648177667,0.,-0.984807753012));
#4098 = PCURVE('',#790,#4099);
#4099 = DEFINITIONAL_REPRESENTATION('',(#4100),#4104);
#4100 = LINE('',#4101,#4102);
#4101 = CARTESIAN_POINT('',(-0.202334854421,-0.283682408883));
#4102 = VECTOR('',#4103,1.);
#4103 = DIRECTION('',(0.173648177667,0.984807753012));
#4104 = ( GEOMETRIC_REPRESENTATION_CONTEXT(2) 
PARAMETRIC_REPRESENTATION_CONTEXT() REPRESENTATION_CONTEXT('2D SPACE',''
  ) );
#4105 = PCURVE('',#4025,#4106);
#4106 = DEFINITIONAL_REPRESENTATION('',(#4107),#4111);
#4107 = LINE('',#4108,#4109);
#4108 = CARTESIAN_POINT('',(0.,-0.3));
#4109 = VECTOR('',#4110,1.);
#4110 = DIRECTION('',(-1.,0.));
#4111 = ( GEOMETRIC_REPRESENTATION_CONTEXT(2) 
PARAMETRIC_REPRESENTATION_CONTEXT() REPRESENTATION_CONTEXT('2D SPACE',''
  ) );
#4112 = ORIENTED_EDGE('',*,*,#4113,.T.);
#4113 = EDGE_CURVE('',#4091,#4114,#4116,.T.);
#4114 = VERTEX_POINT('',#4115);
#4115 = CARTESIAN_POINT('',(1.180787621036,-0.15,-1.355252715607E-16));
#4116 = SURFACE_CURVE('',#4117,(#4122,#4133),.PCURVE_S1.);
#4117 = CIRCLE('',#4118,0.15);
#4118 = AXIS2_PLACEMENT_3D('',#4119,#4120,#4121);
#4119 = CARTESIAN_POINT('',(1.180787621036,-0.15,0.15));
#4120 = DIRECTION('',(-0.,-1.,0.));
#4121 = DIRECTION('',(1.,-0.,1.807003620809E-15));
#4122 = PCURVE('',#790,#4123);
#4123 = DEFINITIONAL_REPRESENTATION('',(#4124),#4132);
#4124 = ( BOUNDED_CURVE() B_SPLINE_CURVE(2,(#4125,#4126,#4127,#4128,
#4129,#4130,#4131),.UNSPECIFIED.,.T.,.F.) B_SPLINE_CURVE_WITH_KNOTS((1,2
    ,2,2,2,1),(-2.094395102393,0.,2.094395102393,4.188790204786,
6.28318530718,8.377580409573),.UNSPECIFIED.) CURVE() 
GEOMETRIC_REPRESENTATION_ITEM() RATIONAL_B_SPLINE_CURVE((1.,0.5,1.,0.5,
1.,0.5,1.)) REPRESENTATION_ITEM('') );
#4125 = CARTESIAN_POINT('',(0.15,-2.710505431214E-16));
#4126 = CARTESIAN_POINT('',(0.15,-0.259807621135));
#4127 = CARTESIAN_POINT('',(-7.5E-02,-0.129903810568));
#4128 = CARTESIAN_POINT('',(-0.3,5.053616822683E-16));
#4129 = CARTESIAN_POINT('',(-7.5E-02,0.129903810568));
#4130 = CARTESIAN_POINT('',(0.15,0.259807621135));
#4131 = CARTESIAN_POINT('',(0.15,-2.710505431214E-16));
#4132 = ( GEOMETRIC_REPRESENTATION_CONTEXT(2) 
PARAMETRIC_REPRESENTATION_CONTEXT() REPRESENTATION_CONTEXT('2D SPACE',''
  ) );
#4133 = PCURVE('',#3997,#4134);
#4134 = DEFINITIONAL_REPRESENTATION('',(#4135),#4139);
#4135 = LINE('',#4136,#4137);
#4136 = CARTESIAN_POINT('',(1.570796326795,0.3));
#4137 = VECTOR('',#4138,1.);
#4138 = DIRECTION('',(1.,0.));
#4139 = ( GEOMETRIC_REPRESENTATION_CONTEXT(2) 
PARAMETRIC_REPRESENTATION_CONTEXT() REPRESENTATION_CONTEXT('2D SPACE',''
  ) );
#4140 = ORIENTED_EDGE('',*,*,#4141,.T.);
#4141 = EDGE_CURVE('',#4114,#4142,#4144,.T.);
#4142 = VERTEX_POINT('',#4143);
#4143 = CARTESIAN_POINT('',(1.325,-0.15,-1.694065894509E-16));
#4144 = SURFACE_CURVE('',#4145,(#4149,#4156),.PCURVE_S1.);
#4145 = LINE('',#4146,#4147);
#4146 = CARTESIAN_POINT('',(1.180787621036,-0.15,-1.355252715607E-16));
#4147 = VECTOR('',#4148,1.);
#4148 = DIRECTION('',(1.,0.,-2.349404269839E-16));
#4149 = PCURVE('',#790,#4150);
#4150 = DEFINITIONAL_REPRESENTATION('',(#4151),#4155);
#4151 = LINE('',#4152,#4153);
#4152 = CARTESIAN_POINT('',(0.,0.15));
#4153 = VECTOR('',#4154,1.);
#4154 = DIRECTION('',(1.,2.349404269839E-16));
#4155 = ( GEOMETRIC_REPRESENTATION_CONTEXT(2) 
PARAMETRIC_REPRESENTATION_CONTEXT() REPRESENTATION_CONTEXT('2D SPACE',''
  ) );
#4156 = PCURVE('',#3964,#4157);
#4157 = DEFINITIONAL_REPRESENTATION('',(#4158),#4162);
#4158 = LINE('',#4159,#4160);
#4159 = CARTESIAN_POINT('',(0.,-0.3));
#4160 = VECTOR('',#4161,1.);
#4161 = DIRECTION('',(-1.,0.));
#4162 = ( GEOMETRIC_REPRESENTATION_CONTEXT(2) 
PARAMETRIC_REPRESENTATION_CONTEXT() REPRESENTATION_CONTEXT('2D SPACE',''
  ) );
#4163 = ORIENTED_EDGE('',*,*,#4164,.T.);
#4164 = EDGE_CURVE('',#4142,#4165,#4167,.T.);
#4165 = VERTEX_POINT('',#4166);
#4166 = CARTESIAN_POINT('',(1.325,-0.15,1.E-01));
#4167 = SURFACE_CURVE('',#4168,(#4172,#4179),.PCURVE_S1.);
#4168 = LINE('',#4169,#4170);
#4169 = CARTESIAN_POINT('',(1.325,-0.15,-1.694065894509E-16));
#4170 = VECTOR('',#4171,1.);
#4171 = DIRECTION('',(0.,0.,1.));
#4172 = PCURVE('',#790,#4173);
#4173 = DEFINITIONAL_REPRESENTATION('',(#4174),#4178);
#4174 = LINE('',#4175,#4176);
#4175 = CARTESIAN_POINT('',(0.144212378964,0.15));
#4176 = VECTOR('',#4177,1.);
#4177 = DIRECTION('',(0.,-1.));
#4178 = ( GEOMETRIC_REPRESENTATION_CONTEXT(2) 
PARAMETRIC_REPRESENTATION_CONTEXT() REPRESENTATION_CONTEXT('2D SPACE',''
  ) );
#4179 = PCURVE('',#3936,#4180);
#4180 = DEFINITIONAL_REPRESENTATION('',(#4181),#4185);
#4181 = LINE('',#4182,#4183);
#4182 = CARTESIAN_POINT('',(0.,-0.3));
#4183 = VECTOR('',#4184,1.);
#4184 = DIRECTION('',(-1.,0.));
#4185 = ( GEOMETRIC_REPRESENTATION_CONTEXT(2) 
PARAMETRIC_REPRESENTATION_CONTEXT() REPRESENTATION_CONTEXT('2D SPACE',''
  ) );
#4186 = ORIENTED_EDGE('',*,*,#4187,.F.);
#4187 = EDGE_CURVE('',#4188,#4165,#4190,.T.);
#4188 = VERTEX_POINT('',#4189);
#4189 = CARTESIAN_POINT('',(1.180787621036,-0.15,1.E-01));
#4190 = SURFACE_CURVE('',#4191,(#4195,#4202),.PCURVE_S1.);
#4191 = LINE('',#4192,#4193);
#4192 = CARTESIAN_POINT('',(1.180787621036,-0.15,1.E-01));
#4193 = VECTOR('',#4194,1.);
#4194 = DIRECTION('',(1.,0.,-2.349404269839E-16));
#4195 = PCURVE('',#790,#4196);
#4196 = DEFINITIONAL_REPRESENTATION('',(#4197),#4201);
#4197 = LINE('',#4198,#4199);
#4198 = CARTESIAN_POINT('',(0.,5.E-02));
#4199 = VECTOR('',#4200,1.);
#4200 = DIRECTION('',(1.,2.349404269839E-16));
#4201 = ( GEOMETRIC_REPRESENTATION_CONTEXT(2) 
PARAMETRIC_REPRESENTATION_CONTEXT() REPRESENTATION_CONTEXT('2D SPACE',''
  ) );
#4202 = PCURVE('',#3908,#4203);
#4203 = DEFINITIONAL_REPRESENTATION('',(#4204),#4208);
#4204 = LINE('',#4205,#4206);
#4205 = CARTESIAN_POINT('',(0.,-0.3));
#4206 = VECTOR('',#4207,1.);
#4207 = DIRECTION('',(-1.,0.));
#4208 = ( GEOMETRIC_REPRESENTATION_CONTEXT(2) 
PARAMETRIC_REPRESENTATION_CONTEXT() REPRESENTATION_CONTEXT('2D SPACE',''
  ) );
#4209 = ORIENTED_EDGE('',*,*,#4210,.F.);
#4210 = EDGE_CURVE('',#4211,#4188,#4213,.T.);
#4211 = VERTEX_POINT('',#4212);
#4212 = CARTESIAN_POINT('',(1.131547233385,-0.15,0.141317591117));
#4213 = SURFACE_CURVE('',#4214,(#4219,#4230),.PCURVE_S1.);
#4214 = CIRCLE('',#4215,5.E-02);
#4215 = AXIS2_PLACEMENT_3D('',#4216,#4217,#4218);
#4216 = CARTESIAN_POINT('',(1.180787621036,-0.15,0.15));
#4217 = DIRECTION('',(-0.,-1.,0.));
#4218 = DIRECTION('',(1.,-0.,0.));
#4219 = PCURVE('',#790,#4220);
#4220 = DEFINITIONAL_REPRESENTATION('',(#4221),#4229);
#4221 = ( BOUNDED_CURVE() B_SPLINE_CURVE(2,(#4222,#4223,#4224,#4225,
#4226,#4227,#4228),.UNSPECIFIED.,.T.,.F.) B_SPLINE_CURVE_WITH_KNOTS((1,2
    ,2,2,2,1),(-2.094395102393,0.,2.094395102393,4.188790204786,
6.28318530718,8.377580409573),.UNSPECIFIED.) CURVE() 
GEOMETRIC_REPRESENTATION_ITEM() RATIONAL_B_SPLINE_CURVE((1.,0.5,1.,0.5,
1.,0.5,1.)) REPRESENTATION_ITEM('') );
#4222 = CARTESIAN_POINT('',(5.E-02,0.));
#4223 = CARTESIAN_POINT('',(5.E-02,-8.660254037844E-02));
#4224 = CARTESIAN_POINT('',(-2.5E-02,-4.330127018922E-02));
#4225 = CARTESIAN_POINT('',(-0.1,-1.224646799147E-17));
#4226 = CARTESIAN_POINT('',(-2.5E-02,4.330127018922E-02));
#4227 = CARTESIAN_POINT('',(5.E-02,8.660254037844E-02));
#4228 = CARTESIAN_POINT('',(5.E-02,0.));
#4229 = ( GEOMETRIC_REPRESENTATION_CONTEXT(2) 
PARAMETRIC_REPRESENTATION_CONTEXT() REPRESENTATION_CONTEXT('2D SPACE',''
  ) );
#4230 = PCURVE('',#3880,#4231);
#4231 = DEFINITIONAL_REPRESENTATION('',(#4232),#4236);
#4232 = LINE('',#4233,#4234);
#4233 = CARTESIAN_POINT('',(1.570796326795,0.3));
#4234 = VECTOR('',#4235,1.);
#4235 = DIRECTION('',(1.,0.));
#4236 = ( GEOMETRIC_REPRESENTATION_CONTEXT(2) 
PARAMETRIC_REPRESENTATION_CONTEXT() REPRESENTATION_CONTEXT('2D SPACE',''
  ) );
#4237 = ORIENTED_EDGE('',*,*,#4238,.F.);
#4238 = EDGE_CURVE('',#4239,#4211,#4241,.T.);
#4239 = VERTEX_POINT('',#4240);
#4240 = CARTESIAN_POINT('',(1.076933541916,-0.15,0.45104722665));
#4241 = SURFACE_CURVE('',#4242,(#4246,#4253),.PCURVE_S1.);
#4242 = LINE('',#4243,#4244);
#4243 = CARTESIAN_POINT('',(1.076933541916,-0.15,0.45104722665));
#4244 = VECTOR('',#4245,1.);
#4245 = DIRECTION('',(0.173648177667,0.,-0.984807753012));
#4246 = PCURVE('',#790,#4247);
#4247 = DEFINITIONAL_REPRESENTATION('',(#4248),#4252);
#4248 = LINE('',#4249,#4250);
#4249 = CARTESIAN_POINT('',(-0.10385407912,-0.30104722665));
#4250 = VECTOR('',#4251,1.);
#4251 = DIRECTION('',(0.173648177667,0.984807753012));
#4252 = ( GEOMETRIC_REPRESENTATION_CONTEXT(2) 
PARAMETRIC_REPRESENTATION_CONTEXT() REPRESENTATION_CONTEXT('2D SPACE',''
  ) );
#4253 = PCURVE('',#3847,#4254);
#4254 = DEFINITIONAL_REPRESENTATION('',(#4255),#4259);
#4255 = LINE('',#4256,#4257);
#4256 = CARTESIAN_POINT('',(0.,-0.3));
#4257 = VECTOR('',#4258,1.);
#4258 = DIRECTION('',(-1.,0.));
#4259 = ( GEOMETRIC_REPRESENTATION_CONTEXT(2) 
PARAMETRIC_REPRESENTATION_CONTEXT() REPRESENTATION_CONTEXT('2D SPACE',''
  ) );
#4260 = ORIENTED_EDGE('',*,*,#4261,.F.);
#4261 = EDGE_CURVE('',#3654,#4239,#4262,.T.);
#4262 = SURFACE_CURVE('',#4263,(#4268,#4275),.PCURVE_S1.);
#4263 = CIRCLE('',#4264,0.15);
#4264 = AXIS2_PLACEMENT_3D('',#4265,#4266,#4267);
#4265 = CARTESIAN_POINT('',(0.929212378964,-0.15,0.425));
#4266 = DIRECTION('',(-0.,1.,0.));
#4267 = DIRECTION('',(1.,0.,0.));
#4268 = PCURVE('',#790,#4269);
#4269 = DEFINITIONAL_REPRESENTATION('',(#4270),#4274);
#4270 = CIRCLE('',#4271,0.15);
#4271 = AXIS2_PLACEMENT_2D('',#4272,#4273);
#4272 = CARTESIAN_POINT('',(-0.251575242072,-0.275));
#4273 = DIRECTION('',(1.,0.));
#4274 = ( GEOMETRIC_REPRESENTATION_CONTEXT(2) 
PARAMETRIC_REPRESENTATION_CONTEXT() REPRESENTATION_CONTEXT('2D SPACE',''
  ) );
#4275 = PCURVE('',#3692,#4276);
#4276 = DEFINITIONAL_REPRESENTATION('',(#4277),#4281);
#4277 = LINE('',#4278,#4279);
#4278 = CARTESIAN_POINT('',(7.853981633974,0.3));
#4279 = VECTOR('',#4280,1.);
#4280 = DIRECTION('',(-1.,0.));
#4281 = ( GEOMETRIC_REPRESENTATION_CONTEXT(2) 
PARAMETRIC_REPRESENTATION_CONTEXT() REPRESENTATION_CONTEXT('2D SPACE',''
  ) );
#4282 = ORIENTED_EDGE('',*,*,#3653,.F.);
#4283 = ADVANCED_FACE('',(#4284),#3908,.F.);
#4284 = FACE_BOUND('',#4285,.T.);
#4285 = EDGE_LOOP('',(#4286,#4287,#4308,#4309));
#4286 = ORIENTED_EDGE('',*,*,#4187,.T.);
#4287 = ORIENTED_EDGE('',*,*,#4288,.F.);
#4288 = EDGE_CURVE('',#3893,#4165,#4289,.T.);
#4289 = SURFACE_CURVE('',#4290,(#4294,#4301),.PCURVE_S1.);
#4290 = LINE('',#4291,#4292);
#4291 = CARTESIAN_POINT('',(1.325,0.15,1.E-01));
#4292 = VECTOR('',#4293,1.);
#4293 = DIRECTION('',(-0.,-1.,-0.));
#4294 = PCURVE('',#3908,#4295);
#4295 = DEFINITIONAL_REPRESENTATION('',(#4296),#4300);
#4296 = LINE('',#4297,#4298);
#4297 = CARTESIAN_POINT('',(-0.144212378964,0.));
#4298 = VECTOR('',#4299,1.);
#4299 = DIRECTION('',(0.,-1.));
#4300 = ( GEOMETRIC_REPRESENTATION_CONTEXT(2) 
PARAMETRIC_REPRESENTATION_CONTEXT() REPRESENTATION_CONTEXT('2D SPACE',''
  ) );
#4301 = PCURVE('',#3936,#4302);
#4302 = DEFINITIONAL_REPRESENTATION('',(#4303),#4307);
#4303 = LINE('',#4304,#4305);
#4304 = CARTESIAN_POINT('',(-1.E-01,0.));
#4305 = VECTOR('',#4306,1.);
#4306 = DIRECTION('',(0.,-1.));
#4307 = ( GEOMETRIC_REPRESENTATION_CONTEXT(2) 
PARAMETRIC_REPRESENTATION_CONTEXT() REPRESENTATION_CONTEXT('2D SPACE',''
  ) );
#4308 = ORIENTED_EDGE('',*,*,#3892,.F.);
#4309 = ORIENTED_EDGE('',*,*,#4310,.T.);
#4310 = EDGE_CURVE('',#3860,#4188,#4311,.T.);
#4311 = SURFACE_CURVE('',#4312,(#4316,#4323),.PCURVE_S1.);
#4312 = LINE('',#4313,#4314);
#4313 = CARTESIAN_POINT('',(1.180787621036,0.15,1.E-01));
#4314 = VECTOR('',#4315,1.);
#4315 = DIRECTION('',(-0.,-1.,-0.));
#4316 = PCURVE('',#3908,#4317);
#4317 = DEFINITIONAL_REPRESENTATION('',(#4318),#4322);
#4318 = LINE('',#4319,#4320);
#4319 = CARTESIAN_POINT('',(0.,0.));
#4320 = VECTOR('',#4321,1.);
#4321 = DIRECTION('',(0.,-1.));
#4322 = ( GEOMETRIC_REPRESENTATION_CONTEXT(2) 
PARAMETRIC_REPRESENTATION_CONTEXT() REPRESENTATION_CONTEXT('2D SPACE',''
  ) );
#4323 = PCURVE('',#3880,#4324);
#4324 = DEFINITIONAL_REPRESENTATION('',(#4325),#4329);
#4325 = LINE('',#4326,#4327);
#4326 = CARTESIAN_POINT('',(6.28318530718,0.));
#4327 = VECTOR('',#4328,1.);
#4328 = DIRECTION('',(0.,1.));
#4329 = ( GEOMETRIC_REPRESENTATION_CONTEXT(2) 
PARAMETRIC_REPRESENTATION_CONTEXT() REPRESENTATION_CONTEXT('2D SPACE',''
  ) );
#4330 = ADVANCED_FACE('',(#4331),#3936,.T.);
#4331 = FACE_BOUND('',#4332,.T.);
#4332 = EDGE_LOOP('',(#4333,#4334,#4355,#4356));
#4333 = ORIENTED_EDGE('',*,*,#4164,.F.);
#4334 = ORIENTED_EDGE('',*,*,#4335,.F.);
#4335 = EDGE_CURVE('',#3921,#4142,#4336,.T.);
#4336 = SURFACE_CURVE('',#4337,(#4341,#4348),.PCURVE_S1.);
#4337 = LINE('',#4338,#4339);
#4338 = CARTESIAN_POINT('',(1.325,0.15,-1.694065894509E-16));
#4339 = VECTOR('',#4340,1.);
#4340 = DIRECTION('',(-0.,-1.,-0.));
#4341 = PCURVE('',#3936,#4342);
#4342 = DEFINITIONAL_REPRESENTATION('',(#4343),#4347);
#4343 = LINE('',#4344,#4345);
#4344 = CARTESIAN_POINT('',(0.,0.));
#4345 = VECTOR('',#4346,1.);
#4346 = DIRECTION('',(0.,-1.));
#4347 = ( GEOMETRIC_REPRESENTATION_CONTEXT(2) 
PARAMETRIC_REPRESENTATION_CONTEXT() REPRESENTATION_CONTEXT('2D SPACE',''
  ) );
#4348 = PCURVE('',#3964,#4349);
#4349 = DEFINITIONAL_REPRESENTATION('',(#4350),#4354);
#4350 = LINE('',#4351,#4352);
#4351 = CARTESIAN_POINT('',(-0.144212378964,0.));
#4352 = VECTOR('',#4353,1.);
#4353 = DIRECTION('',(0.,-1.));
#4354 = ( GEOMETRIC_REPRESENTATION_CONTEXT(2) 
PARAMETRIC_REPRESENTATION_CONTEXT() REPRESENTATION_CONTEXT('2D SPACE',''
  ) );
#4355 = ORIENTED_EDGE('',*,*,#3920,.T.);
#4356 = ORIENTED_EDGE('',*,*,#4288,.T.);
#4357 = ADVANCED_FACE('',(#4358),#3964,.T.);
#4358 = FACE_BOUND('',#4359,.T.);
#4359 = EDGE_LOOP('',(#4360,#4361,#4382,#4383));
#4360 = ORIENTED_EDGE('',*,*,#4141,.F.);
#4361 = ORIENTED_EDGE('',*,*,#4362,.F.);
#4362 = EDGE_CURVE('',#3949,#4114,#4363,.T.);
#4363 = SURFACE_CURVE('',#4364,(#4368,#4375),.PCURVE_S1.);
#4364 = LINE('',#4365,#4366);
#4365 = CARTESIAN_POINT('',(1.180787621036,0.15,-1.355252715607E-16));
#4366 = VECTOR('',#4367,1.);
#4367 = DIRECTION('',(-0.,-1.,-0.));
#4368 = PCURVE('',#3964,#4369);
#4369 = DEFINITIONAL_REPRESENTATION('',(#4370),#4374);
#4370 = LINE('',#4371,#4372);
#4371 = CARTESIAN_POINT('',(0.,0.));
#4372 = VECTOR('',#4373,1.);
#4373 = DIRECTION('',(0.,-1.));
#4374 = ( GEOMETRIC_REPRESENTATION_CONTEXT(2) 
PARAMETRIC_REPRESENTATION_CONTEXT() REPRESENTATION_CONTEXT('2D SPACE',''
  ) );
#4375 = PCURVE('',#3997,#4376);
#4376 = DEFINITIONAL_REPRESENTATION('',(#4377),#4381);
#4377 = LINE('',#4378,#4379);
#4378 = CARTESIAN_POINT('',(6.28318530718,0.));
#4379 = VECTOR('',#4380,1.);
#4380 = DIRECTION('',(0.,1.));
#4381 = ( GEOMETRIC_REPRESENTATION_CONTEXT(2) 
PARAMETRIC_REPRESENTATION_CONTEXT() REPRESENTATION_CONTEXT('2D SPACE',''
  ) );
#4382 = ORIENTED_EDGE('',*,*,#3948,.T.);
#4383 = ORIENTED_EDGE('',*,*,#4335,.T.);
#4384 = ADVANCED_FACE('',(#4385),#3997,.T.);
#4385 = FACE_BOUND('',#4386,.T.);
#4386 = EDGE_LOOP('',(#4387,#4388,#4409,#4410));
#4387 = ORIENTED_EDGE('',*,*,#4113,.F.);
#4388 = ORIENTED_EDGE('',*,*,#4389,.F.);
#4389 = EDGE_CURVE('',#3977,#4091,#4390,.T.);
#4390 = SURFACE_CURVE('',#4391,(#4395,#4402),.PCURVE_S1.);
#4391 = LINE('',#4392,#4393);
#4392 = CARTESIAN_POINT('',(1.033066458084,0.15,0.12395277335));
#4393 = VECTOR('',#4394,1.);
#4394 = DIRECTION('',(-0.,-1.,-0.));
#4395 = PCURVE('',#3997,#4396);
#4396 = DEFINITIONAL_REPRESENTATION('',(#4397),#4401);
#4397 = LINE('',#4398,#4399);
#4398 = CARTESIAN_POINT('',(4.886921905584,0.));
#4399 = VECTOR('',#4400,1.);
#4400 = DIRECTION('',(0.,1.));
#4401 = ( GEOMETRIC_REPRESENTATION_CONTEXT(2) 
PARAMETRIC_REPRESENTATION_CONTEXT() REPRESENTATION_CONTEXT('2D SPACE',''
  ) );
#4402 = PCURVE('',#4025,#4403);
#4403 = DEFINITIONAL_REPRESENTATION('',(#4404),#4408);
#4404 = LINE('',#4405,#4406);
#4405 = CARTESIAN_POINT('',(-0.31450771441,0.));
#4406 = VECTOR('',#4407,1.);
#4407 = DIRECTION('',(0.,-1.));
#4408 = ( GEOMETRIC_REPRESENTATION_CONTEXT(2) 
PARAMETRIC_REPRESENTATION_CONTEXT() REPRESENTATION_CONTEXT('2D SPACE',''
  ) );
#4409 = ORIENTED_EDGE('',*,*,#3976,.T.);
#4410 = ORIENTED_EDGE('',*,*,#4362,.T.);
#4411 = ADVANCED_FACE('',(#4412),#4025,.T.);
#4412 = FACE_BOUND('',#4413,.T.);
#4413 = EDGE_LOOP('',(#4414,#4415,#4436,#4437));
#4414 = ORIENTED_EDGE('',*,*,#4090,.F.);
#4415 = ORIENTED_EDGE('',*,*,#4416,.F.);
#4416 = EDGE_CURVE('',#4010,#4067,#4417,.T.);
#4417 = SURFACE_CURVE('',#4418,(#4422,#4429),.PCURVE_S1.);
#4418 = LINE('',#4419,#4420);
#4419 = CARTESIAN_POINT('',(0.978452766615,0.15,0.433682408883));
#4420 = VECTOR('',#4421,1.);
#4421 = DIRECTION('',(-0.,-1.,-0.));
#4422 = PCURVE('',#4025,#4423);
#4423 = DEFINITIONAL_REPRESENTATION('',(#4424),#4428);
#4424 = LINE('',#4425,#4426);
#4425 = CARTESIAN_POINT('',(0.,0.));
#4426 = VECTOR('',#4427,1.);
#4427 = DIRECTION('',(0.,-1.));
#4428 = ( GEOMETRIC_REPRESENTATION_CONTEXT(2) 
PARAMETRIC_REPRESENTATION_CONTEXT() REPRESENTATION_CONTEXT('2D SPACE',''
  ) );
#4429 = PCURVE('',#3789,#4430);
#4430 = DEFINITIONAL_REPRESENTATION('',(#4431),#4435);
#4431 = LINE('',#4432,#4433);
#4432 = CARTESIAN_POINT('',(1.745329251994,0.));
#4433 = VECTOR('',#4434,1.);
#4434 = DIRECTION('',(0.,1.));
#4435 = ( GEOMETRIC_REPRESENTATION_CONTEXT(2) 
PARAMETRIC_REPRESENTATION_CONTEXT() REPRESENTATION_CONTEXT('2D SPACE',''
  ) );
#4436 = ORIENTED_EDGE('',*,*,#4009,.T.);
#4437 = ORIENTED_EDGE('',*,*,#4389,.T.);
#4438 = ADVANCED_FACE('',(#4439),#3789,.F.);
#4439 = FACE_BOUND('',#4440,.F.);
#4440 = EDGE_LOOP('',(#4441,#4442,#4443,#4444));
#4441 = ORIENTED_EDGE('',*,*,#4416,.F.);
#4442 = ORIENTED_EDGE('',*,*,#4037,.F.);
#4443 = ORIENTED_EDGE('',*,*,#3775,.T.);
#4444 = ORIENTED_EDGE('',*,*,#4066,.T.);
#4445 = ADVANCED_FACE('',(#4446),#3692,.T.);
#4446 = FACE_BOUND('',#4447,.T.);
#4447 = EDGE_LOOP('',(#4448,#4449,#4470,#4471));
#4448 = ORIENTED_EDGE('',*,*,#4261,.T.);
#4449 = ORIENTED_EDGE('',*,*,#4450,.F.);
#4450 = EDGE_CURVE('',#3808,#4239,#4451,.T.);
#4451 = SURFACE_CURVE('',#4452,(#4456,#4463),.PCURVE_S1.);
#4452 = LINE('',#4453,#4454);
#4453 = CARTESIAN_POINT('',(1.076933541916,0.15,0.45104722665));
#4454 = VECTOR('',#4455,1.);
#4455 = DIRECTION('',(-0.,-1.,-0.));
#4456 = PCURVE('',#3692,#4457);
#4457 = DEFINITIONAL_REPRESENTATION('',(#4458),#4462);
#4458 = LINE('',#4459,#4460);
#4459 = CARTESIAN_POINT('',(1.745329251994,0.));
#4460 = VECTOR('',#4461,1.);
#4461 = DIRECTION('',(0.,1.));
#4462 = ( GEOMETRIC_REPRESENTATION_CONTEXT(2) 
PARAMETRIC_REPRESENTATION_CONTEXT() REPRESENTATION_CONTEXT('2D SPACE',''
  ) );
#4463 = PCURVE('',#3847,#4464);
#4464 = DEFINITIONAL_REPRESENTATION('',(#4465),#4469);
#4465 = LINE('',#4466,#4467);
#4466 = CARTESIAN_POINT('',(0.,0.));
#4467 = VECTOR('',#4468,1.);
#4468 = DIRECTION('',(0.,-1.));
#4469 = ( GEOMETRIC_REPRESENTATION_CONTEXT(2) 
PARAMETRIC_REPRESENTATION_CONTEXT() REPRESENTATION_CONTEXT('2D SPACE',''
  ) );
#4470 = ORIENTED_EDGE('',*,*,#3807,.F.);
#4471 = ORIENTED_EDGE('',*,*,#3676,.T.);
#4472 = ADVANCED_FACE('',(#4473),#3847,.F.);
#4473 = FACE_BOUND('',#4474,.T.);
#4474 = EDGE_LOOP('',(#4475,#4476,#4497,#4498));
#4475 = ORIENTED_EDGE('',*,*,#4238,.T.);
#4476 = ORIENTED_EDGE('',*,*,#4477,.F.);
#4477 = EDGE_CURVE('',#3832,#4211,#4478,.T.);
#4478 = SURFACE_CURVE('',#4479,(#4483,#4490),.PCURVE_S1.);
#4479 = LINE('',#4480,#4481);
#4480 = CARTESIAN_POINT('',(1.131547233385,0.15,0.141317591117));
#4481 = VECTOR('',#4482,1.);
#4482 = DIRECTION('',(-0.,-1.,-0.));
#4483 = PCURVE('',#3847,#4484);
#4484 = DEFINITIONAL_REPRESENTATION('',(#4485),#4489);
#4485 = LINE('',#4486,#4487);
#4486 = CARTESIAN_POINT('',(-0.31450771441,0.));
#4487 = VECTOR('',#4488,1.);
#4488 = DIRECTION('',(0.,-1.));
#4489 = ( GEOMETRIC_REPRESENTATION_CONTEXT(2) 
PARAMETRIC_REPRESENTATION_CONTEXT() REPRESENTATION_CONTEXT('2D SPACE',''
  ) );
#4490 = PCURVE('',#3880,#4491);
#4491 = DEFINITIONAL_REPRESENTATION('',(#4492),#4496);
#4492 = LINE('',#4493,#4494);
#4493 = CARTESIAN_POINT('',(4.886921905584,0.));
#4494 = VECTOR('',#4495,1.);
#4495 = DIRECTION('',(0.,1.));
#4496 = ( GEOMETRIC_REPRESENTATION_CONTEXT(2) 
PARAMETRIC_REPRESENTATION_CONTEXT() REPRESENTATION_CONTEXT('2D SPACE',''
  ) );
#4497 = ORIENTED_EDGE('',*,*,#3831,.F.);
#4498 = ORIENTED_EDGE('',*,*,#4450,.T.);
#4499 = ADVANCED_FACE('',(#4500),#3880,.F.);
#4500 = FACE_BOUND('',#4501,.F.);
#4501 = EDGE_LOOP('',(#4502,#4503,#4504,#4505));
#4502 = ORIENTED_EDGE('',*,*,#4477,.F.);
#4503 = ORIENTED_EDGE('',*,*,#3859,.T.);
#4504 = ORIENTED_EDGE('',*,*,#4310,.T.);
#4505 = ORIENTED_EDGE('',*,*,#4210,.F.);
#4506 = ADVANCED_FACE('',(#4507),#182,.F.);
#4507 = FACE_BOUND('',#4508,.T.);
#4508 = EDGE_LOOP('',(#4509,#4510,#4511,#4512));
#4509 = ORIENTED_EDGE('',*,*,#1493,.T.);
#4510 = ORIENTED_EDGE('',*,*,#159,.T.);
#4511 = ORIENTED_EDGE('',*,*,#1985,.T.);
#4512 = ORIENTED_EDGE('',*,*,#4513,.F.);
#4513 = EDGE_CURVE('',#1494,#1986,#4514,.T.);
#4514 = SURFACE_CURVE('',#4515,(#4519,#4526),.PCURVE_S1.);
#4515 = LINE('',#4516,#4517);
#4516 = CARTESIAN_POINT('',(-0.652968065906,0.65,0.9499));
#4517 = VECTOR('',#4518,1.);
#4518 = DIRECTION('',(0.,-1.,0.));
#4519 = PCURVE('',#182,#4520);
#4520 = DEFINITIONAL_REPRESENTATION('',(#4521),#4525);
#4521 = LINE('',#4522,#4523);
#4522 = CARTESIAN_POINT('',(0.,0.));
#4523 = VECTOR('',#4524,1.);
#4524 = DIRECTION('',(0.,-1.));
#4525 = ( GEOMETRIC_REPRESENTATION_CONTEXT(2) 
PARAMETRIC_REPRESENTATION_CONTEXT() REPRESENTATION_CONTEXT('2D SPACE',''
  ) );
#4526 = PCURVE('',#1537,#4527);
#4527 = DEFINITIONAL_REPRESENTATION('',(#4528),#4532);
#4528 = LINE('',#4529,#4530);
#4529 = CARTESIAN_POINT('',(-0.652968065906,0.65));
#4530 = VECTOR('',#4531,1.);
#4531 = DIRECTION('',(0.,-1.));
#4532 = ( GEOMETRIC_REPRESENTATION_CONTEXT(2) 
PARAMETRIC_REPRESENTATION_CONTEXT() REPRESENTATION_CONTEXT('2D SPACE',''
  ) );
#4533 = ADVANCED_FACE('',(#4534),#297,.F.);
#4534 = FACE_BOUND('',#4535,.T.);
#4535 = EDGE_LOOP('',(#4536,#4537,#4558,#4559));
#4536 = ORIENTED_EDGE('',*,*,#1549,.T.);
#4537 = ORIENTED_EDGE('',*,*,#4538,.F.);
#4538 = EDGE_CURVE('',#2061,#1522,#4539,.T.);
#4539 = SURFACE_CURVE('',#4540,(#4544,#4551),.PCURVE_S1.);
#4540 = LINE('',#4541,#4542);
#4541 = CARTESIAN_POINT('',(-0.559255056447,0.65,0.9499));
#4542 = VECTOR('',#4543,1.);
#4543 = DIRECTION('',(-0.,1.,-0.));
#4544 = PCURVE('',#297,#4545);
#4545 = DEFINITIONAL_REPRESENTATION('',(#4546),#4550);
#4546 = LINE('',#4547,#4548);
#4547 = CARTESIAN_POINT('',(0.,0.));
#4548 = VECTOR('',#4549,1.);
#4549 = DIRECTION('',(0.,1.));
#4550 = ( GEOMETRIC_REPRESENTATION_CONTEXT(2) 
PARAMETRIC_REPRESENTATION_CONTEXT() REPRESENTATION_CONTEXT('2D SPACE',''
  ) );
#4551 = PCURVE('',#1537,#4552);
#4552 = DEFINITIONAL_REPRESENTATION('',(#4553),#4557);
#4553 = LINE('',#4554,#4555);
#4554 = CARTESIAN_POINT('',(-0.559255056447,0.65));
#4555 = VECTOR('',#4556,1.);
#4556 = DIRECTION('',(0.,1.));
#4557 = ( GEOMETRIC_REPRESENTATION_CONTEXT(2) 
PARAMETRIC_REPRESENTATION_CONTEXT() REPRESENTATION_CONTEXT('2D SPACE',''
  ) );
#4558 = ORIENTED_EDGE('',*,*,#2060,.T.);
#4559 = ORIENTED_EDGE('',*,*,#274,.T.);
#4560 = ADVANCED_FACE('',(#4561),#1537,.T.);
#4561 = FACE_BOUND('',#4562,.T.);
#4562 = EDGE_LOOP('',(#4563,#4564,#4565,#4566));
#4563 = ORIENTED_EDGE('',*,*,#4513,.T.);
#4564 = ORIENTED_EDGE('',*,*,#2088,.F.);
#4565 = ORIENTED_EDGE('',*,*,#4538,.T.);
#4566 = ORIENTED_EDGE('',*,*,#1521,.F.);
#4567 = ( GEOMETRIC_REPRESENTATION_CONTEXT(3) 
GLOBAL_UNCERTAINTY_ASSIGNED_CONTEXT((#4571)) 
GLOBAL_UNIT_ASSIGNED_CONTEXT((#4568,#4569,#4570)) REPRESENTATION_CONTEXT
('Context #1','3D Context with UNIT and UNCERTAINTY') );
#4568 = ( LENGTH_UNIT() NAMED_UNIT(*) SI_UNIT(.MILLI.,.METRE.) );
#4569 = ( NAMED_UNIT(*) PLANE_ANGLE_UNIT() SI_UNIT($,.RADIAN.) );
#4570 = ( NAMED_UNIT(*) SI_UNIT($,.STERADIAN.) SOLID_ANGLE_UNIT() );
#4571 = UNCERTAINTY_MEASURE_WITH_UNIT(LENGTH_MEASURE(1.E-07),#4568,
  'distance_accuracy_value','confusion accuracy');
#4572 = CONTEXT_DEPENDENT_SHAPE_REPRESENTATION(#4573,#4575);
#4573 = ( REPRESENTATION_RELATIONSHIP('','',#32,#10) 
REPRESENTATION_RELATIONSHIP_WITH_TRANSFORMATION(#4574) 
SHAPE_REPRESENTATION_RELATIONSHIP() );
#4574 = ITEM_DEFINED_TRANSFORMATION('','',#11,#15);
#4575 = PRODUCT_DEFINITION_SHAPE('Placement','Placement of an item',
  #4576);
#4576 = NEXT_ASSEMBLY_USAGE_OCCURRENCE('1','=>[0:1:1:1]','',#5,#27,$);
#4577 = PRODUCT_RELATED_PRODUCT_CATEGORY('part',$,(#29));
#4578 = MECHANICAL_DESIGN_GEOMETRIC_PRESENTATION_REPRESENTATION('',(
    #4579,#4587,#4595,#4602,#4609,#4616,#4623,#4630,#4637,#4644,#4651,
    #4658,#4665,#4672,#4679,#4686,#4693,#4700,#4707,#4714,#4721,#4728,
    #4735,#4742,#4749,#4756,#4763,#4770,#4777,#4784,#4791,#4798,#4805,
    #4812,#4819,#4826,#4833,#4841,#4848,#4855,#4862,#4869,#4876,#4883,
    #4890,#4897,#4904,#4911,#4918,#4925,#4932,#4939,#4946,#4953,#4960,
    #4967,#4974,#4981,#4988,#4995,#5002,#5009,#5016,#5023,#5030),#4567);
#4579 = STYLED_ITEM('color',(#4580),#33);
#4580 = PRESENTATION_STYLE_ASSIGNMENT((#4581));
#4581 = SURFACE_STYLE_USAGE(.BOTH.,#4582);
#4582 = SURFACE_SIDE_STYLE('',(#4583));
#4583 = SURFACE_STYLE_FILL_AREA(#4584);
#4584 = FILL_AREA_STYLE('',(#4585));
#4585 = FILL_AREA_STYLE_COLOUR('',#4586);
#4586 = DRAUGHTING_PRE_DEFINED_COLOUR('white');
#4587 = OVER_RIDING_STYLED_ITEM('overriding color',(#4588),#35,#4579);
#4588 = PRESENTATION_STYLE_ASSIGNMENT((#4589));
#4589 = SURFACE_STYLE_USAGE(.BOTH.,#4590);
#4590 = SURFACE_SIDE_STYLE('',(#4591));
#4591 = SURFACE_STYLE_FILL_AREA(#4592);
#4592 = FILL_AREA_STYLE('',(#4593));
#4593 = FILL_AREA_STYLE_COLOUR('',#4594);
#4594 = COLOUR_RGB('',0.223529416636,0.223529416636,0.223529416636);
#4595 = OVER_RIDING_STYLED_ITEM('overriding color',(#4596),#155,#4579);
#4596 = PRESENTATION_STYLE_ASSIGNMENT((#4597));
#4597 = SURFACE_STYLE_USAGE(.BOTH.,#4598);
#4598 = SURFACE_SIDE_STYLE('',(#4599));
#4599 = SURFACE_STYLE_FILL_AREA(#4600);
#4600 = FILL_AREA_STYLE('',(#4601));
#4601 = FILL_AREA_STYLE_COLOUR('',#4594);
#4602 = OVER_RIDING_STYLED_ITEM('overriding color',(#4603),#270,#4579);
#4603 = PRESENTATION_STYLE_ASSIGNMENT((#4604));
#4604 = SURFACE_STYLE_USAGE(.BOTH.,#4605);
#4605 = SURFACE_SIDE_STYLE('',(#4606));
#4606 = SURFACE_STYLE_FILL_AREA(#4607);
#4607 = FILL_AREA_STYLE('',(#4608));
#4608 = FILL_AREA_STYLE_COLOUR('',#4594);
#4609 = OVER_RIDING_STYLED_ITEM('overriding color',(#4610),#380,#4579);
#4610 = PRESENTATION_STYLE_ASSIGNMENT((#4611));
#4611 = SURFACE_STYLE_USAGE(.BOTH.,#4612);
#4612 = SURFACE_SIDE_STYLE('',(#4613));
#4613 = SURFACE_STYLE_FILL_AREA(#4614);
#4614 = FILL_AREA_STYLE('',(#4615));
#4615 = FILL_AREA_STYLE_COLOUR('',#4594);
#4616 = OVER_RIDING_STYLED_ITEM('overriding color',(#4617),#500,#4579);
#4617 = PRESENTATION_STYLE_ASSIGNMENT((#4618));
#4618 = SURFACE_STYLE_USAGE(.BOTH.,#4619);
#4619 = SURFACE_SIDE_STYLE('',(#4620));
#4620 = SURFACE_STYLE_FILL_AREA(#4621);
#4621 = FILL_AREA_STYLE('',(#4622));
#4622 = FILL_AREA_STYLE_COLOUR('',#4594);
#4623 = OVER_RIDING_STYLED_ITEM('overriding color',(#4624),#615,#4579);
#4624 = PRESENTATION_STYLE_ASSIGNMENT((#4625));
#4625 = SURFACE_STYLE_USAGE(.BOTH.,#4626);
#4626 = SURFACE_SIDE_STYLE('',(#4627));
#4627 = SURFACE_STYLE_FILL_AREA(#4628);
#4628 = FILL_AREA_STYLE('',(#4629));
#4629 = FILL_AREA_STYLE_COLOUR('',#4594);
#4630 = OVER_RIDING_STYLED_ITEM('overriding color',(#4631),#827,#4579);
#4631 = PRESENTATION_STYLE_ASSIGNMENT((#4632));
#4632 = SURFACE_STYLE_USAGE(.BOTH.,#4633);
#4633 = SURFACE_SIDE_STYLE('',(#4634));
#4634 = SURFACE_STYLE_FILL_AREA(#4635);
#4635 = FILL_AREA_STYLE('',(#4636));
#4636 = FILL_AREA_STYLE_COLOUR('',#4594);
#4637 = OVER_RIDING_STYLED_ITEM('overriding color',(#4638),#1039,#4579);
#4638 = PRESENTATION_STYLE_ASSIGNMENT((#4639));
#4639 = SURFACE_STYLE_USAGE(.BOTH.,#4640);
#4640 = SURFACE_SIDE_STYLE('',(#4641));
#4641 = SURFACE_STYLE_FILL_AREA(#4642);
#4642 = FILL_AREA_STYLE('',(#4643));
#4643 = FILL_AREA_STYLE_COLOUR('',#4594);
#4644 = OVER_RIDING_STYLED_ITEM('overriding color',(#4645),#1120,#4579);
#4645 = PRESENTATION_STYLE_ASSIGNMENT((#4646));
#4646 = SURFACE_STYLE_USAGE(.BOTH.,#4647);
#4647 = SURFACE_SIDE_STYLE('',(#4648));
#4648 = SURFACE_STYLE_FILL_AREA(#4649);
#4649 = FILL_AREA_STYLE('',(#4650));
#4650 = FILL_AREA_STYLE_COLOUR('',#4594);
#4651 = OVER_RIDING_STYLED_ITEM('overriding color',(#4652),#1269,#4579);
#4652 = PRESENTATION_STYLE_ASSIGNMENT((#4653));
#4653 = SURFACE_STYLE_USAGE(.BOTH.,#4654);
#4654 = SURFACE_SIDE_STYLE('',(#4655));
#4655 = SURFACE_STYLE_FILL_AREA(#4656);
#4656 = FILL_AREA_STYLE('',(#4657));
#4657 = FILL_AREA_STYLE_COLOUR('',#4594);
#4658 = OVER_RIDING_STYLED_ITEM('overriding color',(#4659),#1418,#4579);
#4659 = PRESENTATION_STYLE_ASSIGNMENT((#4660));
#4660 = SURFACE_STYLE_USAGE(.BOTH.,#4661);
#4661 = SURFACE_SIDE_STYLE('',(#4662));
#4662 = SURFACE_STYLE_FILL_AREA(#4663);
#4663 = FILL_AREA_STYLE('',(#4664));
#4664 = FILL_AREA_STYLE_COLOUR('',#4594);
#4665 = OVER_RIDING_STYLED_ITEM('overriding color',(#4666),#1489,#4579);
#4666 = PRESENTATION_STYLE_ASSIGNMENT((#4667));
#4667 = SURFACE_STYLE_USAGE(.BOTH.,#4668);
#4668 = SURFACE_SIDE_STYLE('',(#4669));
#4669 = SURFACE_STYLE_FILL_AREA(#4670);
#4670 = FILL_AREA_STYLE('',(#4671));
#4671 = FILL_AREA_STYLE_COLOUR('',#4594);
#4672 = OVER_RIDING_STYLED_ITEM('overriding color',(#4673),#1631,#4579);
#4673 = PRESENTATION_STYLE_ASSIGNMENT((#4674));
#4674 = SURFACE_STYLE_USAGE(.BOTH.,#4675);
#4675 = SURFACE_SIDE_STYLE('',(#4676));
#4676 = SURFACE_STYLE_FILL_AREA(#4677);
#4677 = FILL_AREA_STYLE('',(#4678));
#4678 = FILL_AREA_STYLE_COLOUR('',#4594);
#4679 = OVER_RIDING_STYLED_ITEM('overriding color',(#4680),#1701,#4579);
#4680 = PRESENTATION_STYLE_ASSIGNMENT((#4681));
#4681 = SURFACE_STYLE_USAGE(.BOTH.,#4682);
#4682 = SURFACE_SIDE_STYLE('',(#4683));
#4683 = SURFACE_STYLE_FILL_AREA(#4684);
#4684 = FILL_AREA_STYLE('',(#4685));
#4685 = FILL_AREA_STYLE_COLOUR('',#4594);
#4686 = OVER_RIDING_STYLED_ITEM('overriding color',(#4687),#1771,#4579);
#4687 = PRESENTATION_STYLE_ASSIGNMENT((#4688));
#4688 = SURFACE_STYLE_USAGE(.BOTH.,#4689);
#4689 = SURFACE_SIDE_STYLE('',(#4690));
#4690 = SURFACE_STYLE_FILL_AREA(#4691);
#4691 = FILL_AREA_STYLE('',(#4692));
#4692 = FILL_AREA_STYLE_COLOUR('',#4594);
#4693 = OVER_RIDING_STYLED_ITEM('overriding color',(#4694),#1804,#4579);
#4694 = PRESENTATION_STYLE_ASSIGNMENT((#4695));
#4695 = SURFACE_STYLE_USAGE(.BOTH.,#4696);
#4696 = SURFACE_SIDE_STYLE('',(#4697));
#4697 = SURFACE_STYLE_FILL_AREA(#4698);
#4698 = FILL_AREA_STYLE('',(#4699));
#4699 = FILL_AREA_STYLE_COLOUR('',#4594);
#4700 = OVER_RIDING_STYLED_ITEM('overriding color',(#4701),#1876,#4579);
#4701 = PRESENTATION_STYLE_ASSIGNMENT((#4702));
#4702 = SURFACE_STYLE_USAGE(.BOTH.,#4703);
#4703 = SURFACE_SIDE_STYLE('',(#4704));
#4704 = SURFACE_STYLE_FILL_AREA(#4705);
#4705 = FILL_AREA_STYLE('',(#4706));
#4706 = FILL_AREA_STYLE_COLOUR('',#4594);
#4707 = OVER_RIDING_STYLED_ITEM('overriding color',(#4708),#1948,#4579);
#4708 = PRESENTATION_STYLE_ASSIGNMENT((#4709));
#4709 = SURFACE_STYLE_USAGE(.BOTH.,#4710);
#4710 = SURFACE_SIDE_STYLE('',(#4711));
#4711 = SURFACE_STYLE_FILL_AREA(#4712);
#4712 = FILL_AREA_STYLE('',(#4713));
#4713 = FILL_AREA_STYLE_COLOUR('',#4594);
#4714 = OVER_RIDING_STYLED_ITEM('overriding color',(#4715),#1981,#4579);
#4715 = PRESENTATION_STYLE_ASSIGNMENT((#4716));
#4716 = SURFACE_STYLE_USAGE(.BOTH.,#4717);
#4717 = SURFACE_SIDE_STYLE('',(#4718));
#4718 = SURFACE_STYLE_FILL_AREA(#4719);
#4719 = FILL_AREA_STYLE('',(#4720));
#4720 = FILL_AREA_STYLE_COLOUR('',#4594);
#4721 = OVER_RIDING_STYLED_ITEM('overriding color',(#4722),#2108,#4579);
#4722 = PRESENTATION_STYLE_ASSIGNMENT((#4723));
#4723 = SURFACE_STYLE_USAGE(.BOTH.,#4724);
#4724 = SURFACE_SIDE_STYLE('',(#4725));
#4725 = SURFACE_STYLE_FILL_AREA(#4726);
#4726 = FILL_AREA_STYLE('',(#4727));
#4727 = FILL_AREA_STYLE_COLOUR('',#4594);
#4728 = OVER_RIDING_STYLED_ITEM('overriding color',(#4729),#2157,#4579);
#4729 = PRESENTATION_STYLE_ASSIGNMENT((#4730));
#4730 = SURFACE_STYLE_USAGE(.BOTH.,#4731);
#4731 = SURFACE_SIDE_STYLE('',(#4732));
#4732 = SURFACE_STYLE_FILL_AREA(#4733);
#4733 = FILL_AREA_STYLE('',(#4734));
#4734 = FILL_AREA_STYLE_COLOUR('',#4594);
#4735 = OVER_RIDING_STYLED_ITEM('overriding color',(#4736),#2212,#4579);
#4736 = PRESENTATION_STYLE_ASSIGNMENT((#4737));
#4737 = SURFACE_STYLE_USAGE(.BOTH.,#4738);
#4738 = SURFACE_SIDE_STYLE('',(#4739));
#4739 = SURFACE_STYLE_FILL_AREA(#4740);
#4740 = FILL_AREA_STYLE('',(#4741));
#4741 = FILL_AREA_STYLE_COLOUR('',#4594);
#4742 = OVER_RIDING_STYLED_ITEM('overriding color',(#4743),#2266,#4579);
#4743 = PRESENTATION_STYLE_ASSIGNMENT((#4744));
#4744 = SURFACE_STYLE_USAGE(.BOTH.,#4745);
#4745 = SURFACE_SIDE_STYLE('',(#4746));
#4746 = SURFACE_STYLE_FILL_AREA(#4747);
#4747 = FILL_AREA_STYLE('',(#4748));
#4748 = FILL_AREA_STYLE_COLOUR('',#4594);
#4749 = OVER_RIDING_STYLED_ITEM('overriding color',(#4750),#2316,#4579);
#4750 = PRESENTATION_STYLE_ASSIGNMENT((#4751));
#4751 = SURFACE_STYLE_USAGE(.BOTH.,#4752);
#4752 = SURFACE_SIDE_STYLE('',(#4753));
#4753 = SURFACE_STYLE_FILL_AREA(#4754);
#4754 = FILL_AREA_STYLE('',(#4755));
#4755 = FILL_AREA_STYLE_COLOUR('',#4594);
#4756 = OVER_RIDING_STYLED_ITEM('overriding color',(#4757),#2365,#4579);
#4757 = PRESENTATION_STYLE_ASSIGNMENT((#4758));
#4758 = SURFACE_STYLE_USAGE(.BOTH.,#4759);
#4759 = SURFACE_SIDE_STYLE('',(#4760));
#4760 = SURFACE_STYLE_FILL_AREA(#4761);
#4761 = FILL_AREA_STYLE('',(#4762));
#4762 = FILL_AREA_STYLE_COLOUR('',#4594);
#4763 = OVER_RIDING_STYLED_ITEM('overriding color',(#4764),#2437,#4579);
#4764 = PRESENTATION_STYLE_ASSIGNMENT((#4765));
#4765 = SURFACE_STYLE_USAGE(.BOTH.,#4766);
#4766 = SURFACE_SIDE_STYLE('',(#4767));
#4767 = SURFACE_STYLE_FILL_AREA(#4768);
#4768 = FILL_AREA_STYLE('',(#4769));
#4769 = FILL_AREA_STYLE_COLOUR('',#4594);
#4770 = OVER_RIDING_STYLED_ITEM('overriding color',(#4771),#2464,#4579);
#4771 = PRESENTATION_STYLE_ASSIGNMENT((#4772));
#4772 = SURFACE_STYLE_USAGE(.BOTH.,#4773);
#4773 = SURFACE_SIDE_STYLE('',(#4774));
#4774 = SURFACE_STYLE_FILL_AREA(#4775);
#4775 = FILL_AREA_STYLE('',(#4776));
#4776 = FILL_AREA_STYLE_COLOUR('',#4594);
#4777 = OVER_RIDING_STYLED_ITEM('overriding color',(#4778),#2491,#4579);
#4778 = PRESENTATION_STYLE_ASSIGNMENT((#4779));
#4779 = SURFACE_STYLE_USAGE(.BOTH.,#4780);
#4780 = SURFACE_SIDE_STYLE('',(#4781));
#4781 = SURFACE_STYLE_FILL_AREA(#4782);
#4782 = FILL_AREA_STYLE('',(#4783));
#4783 = FILL_AREA_STYLE_COLOUR('',#4594);
#4784 = OVER_RIDING_STYLED_ITEM('overriding color',(#4785),#2563,#4579);
#4785 = PRESENTATION_STYLE_ASSIGNMENT((#4786));
#4786 = SURFACE_STYLE_USAGE(.BOTH.,#4787);
#4787 = SURFACE_SIDE_STYLE('',(#4788));
#4788 = SURFACE_STYLE_FILL_AREA(#4789);
#4789 = FILL_AREA_STYLE('',(#4790));
#4790 = FILL_AREA_STYLE_COLOUR('',#4594);
#4791 = OVER_RIDING_STYLED_ITEM('overriding color',(#4792),#2618,#4579);
#4792 = PRESENTATION_STYLE_ASSIGNMENT((#4793));
#4793 = SURFACE_STYLE_USAGE(.BOTH.,#4794);
#4794 = SURFACE_SIDE_STYLE('',(#4795));
#4795 = SURFACE_STYLE_FILL_AREA(#4796);
#4796 = FILL_AREA_STYLE('',(#4797));
#4797 = FILL_AREA_STYLE_COLOUR('',#4594);
#4798 = OVER_RIDING_STYLED_ITEM('overriding color',(#4799),#2646,#4579);
#4799 = PRESENTATION_STYLE_ASSIGNMENT((#4800));
#4800 = SURFACE_STYLE_USAGE(.BOTH.,#4801);
#4801 = SURFACE_SIDE_STYLE('',(#4802));
#4802 = SURFACE_STYLE_FILL_AREA(#4803);
#4803 = FILL_AREA_STYLE('',(#4804));
#4804 = FILL_AREA_STYLE_COLOUR('',#4594);
#4805 = OVER_RIDING_STYLED_ITEM('overriding color',(#4806),#2679,#4579);
#4806 = PRESENTATION_STYLE_ASSIGNMENT((#4807));
#4807 = SURFACE_STYLE_USAGE(.BOTH.,#4808);
#4808 = SURFACE_SIDE_STYLE('',(#4809));
#4809 = SURFACE_STYLE_FILL_AREA(#4810);
#4810 = FILL_AREA_STYLE('',(#4811));
#4811 = FILL_AREA_STYLE_COLOUR('',#4594);
#4812 = OVER_RIDING_STYLED_ITEM('overriding color',(#4813),#2729,#4579);
#4813 = PRESENTATION_STYLE_ASSIGNMENT((#4814));
#4814 = SURFACE_STYLE_USAGE(.BOTH.,#4815);
#4815 = SURFACE_SIDE_STYLE('',(#4816));
#4816 = SURFACE_STYLE_FILL_AREA(#4817);
#4817 = FILL_AREA_STYLE('',(#4818));
#4818 = FILL_AREA_STYLE_COLOUR('',#4594);
#4819 = OVER_RIDING_STYLED_ITEM('overriding color',(#4820),#2756,#4579);
#4820 = PRESENTATION_STYLE_ASSIGNMENT((#4821));
#4821 = SURFACE_STYLE_USAGE(.BOTH.,#4822);
#4822 = SURFACE_SIDE_STYLE('',(#4823));
#4823 = SURFACE_STYLE_FILL_AREA(#4824);
#4824 = FILL_AREA_STYLE('',(#4825));
#4825 = FILL_AREA_STYLE_COLOUR('',#4594);
#4826 = OVER_RIDING_STYLED_ITEM('overriding color',(#4827),#2783,#4579);
#4827 = PRESENTATION_STYLE_ASSIGNMENT((#4828));
#4828 = SURFACE_STYLE_USAGE(.BOTH.,#4829);
#4829 = SURFACE_SIDE_STYLE('',(#4830));
#4830 = SURFACE_STYLE_FILL_AREA(#4831);
#4831 = FILL_AREA_STYLE('',(#4832));
#4832 = FILL_AREA_STYLE_COLOUR('',#4594);
#4833 = OVER_RIDING_STYLED_ITEM('overriding color',(#4834),#2790,#4579);
#4834 = PRESENTATION_STYLE_ASSIGNMENT((#4835));
#4835 = SURFACE_STYLE_USAGE(.BOTH.,#4836);
#4836 = SURFACE_SIDE_STYLE('',(#4837));
#4837 = SURFACE_STYLE_FILL_AREA(#4838);
#4838 = FILL_AREA_STYLE('',(#4839));
#4839 = FILL_AREA_STYLE_COLOUR('',#4840);
#4840 = COLOUR_RGB('',0.850980378684,0.850980378684,0.850980378684);
#4841 = OVER_RIDING_STYLED_ITEM('overriding color',(#4842),#2897,#4579);
#4842 = PRESENTATION_STYLE_ASSIGNMENT((#4843));
#4843 = SURFACE_STYLE_USAGE(.BOTH.,#4844);
#4844 = SURFACE_SIDE_STYLE('',(#4845));
#4845 = SURFACE_STYLE_FILL_AREA(#4846);
#4846 = FILL_AREA_STYLE('',(#4847));
#4847 = FILL_AREA_STYLE_COLOUR('',#4840);
#4848 = OVER_RIDING_STYLED_ITEM('overriding color',(#4849),#2973,#4579);
#4849 = PRESENTATION_STYLE_ASSIGNMENT((#4850));
#4850 = SURFACE_STYLE_USAGE(.BOTH.,#4851);
#4851 = SURFACE_SIDE_STYLE('',(#4852));
#4852 = SURFACE_STYLE_FILL_AREA(#4853);
#4853 = FILL_AREA_STYLE('',(#4854));
#4854 = FILL_AREA_STYLE_COLOUR('',#4840);
#4855 = OVER_RIDING_STYLED_ITEM('overriding color',(#4856),#3059,#4579);
#4856 = PRESENTATION_STYLE_ASSIGNMENT((#4857));
#4857 = SURFACE_STYLE_USAGE(.BOTH.,#4858);
#4858 = SURFACE_SIDE_STYLE('',(#4859));
#4859 = SURFACE_STYLE_FILL_AREA(#4860);
#4860 = FILL_AREA_STYLE('',(#4861));
#4861 = FILL_AREA_STYLE_COLOUR('',#4840);
#4862 = OVER_RIDING_STYLED_ITEM('overriding color',(#4863),#3135,#4579);
#4863 = PRESENTATION_STYLE_ASSIGNMENT((#4864));
#4864 = SURFACE_STYLE_USAGE(.BOTH.,#4865);
#4865 = SURFACE_SIDE_STYLE('',(#4866));
#4866 = SURFACE_STYLE_FILL_AREA(#4867);
#4867 = FILL_AREA_STYLE('',(#4868));
#4868 = FILL_AREA_STYLE_COLOUR('',#4840);
#4869 = OVER_RIDING_STYLED_ITEM('overriding color',(#4870),#3211,#4579);
#4870 = PRESENTATION_STYLE_ASSIGNMENT((#4871));
#4871 = SURFACE_STYLE_USAGE(.BOTH.,#4872);
#4872 = SURFACE_SIDE_STYLE('',(#4873));
#4873 = SURFACE_STYLE_FILL_AREA(#4874);
#4874 = FILL_AREA_STYLE('',(#4875));
#4875 = FILL_AREA_STYLE_COLOUR('',#4840);
#4876 = OVER_RIDING_STYLED_ITEM('overriding color',(#4877),#3287,#4579);
#4877 = PRESENTATION_STYLE_ASSIGNMENT((#4878));
#4878 = SURFACE_STYLE_USAGE(.BOTH.,#4879);
#4879 = SURFACE_SIDE_STYLE('',(#4880));
#4880 = SURFACE_STYLE_FILL_AREA(#4881);
#4881 = FILL_AREA_STYLE('',(#4882));
#4882 = FILL_AREA_STYLE_COLOUR('',#4840);
#4883 = OVER_RIDING_STYLED_ITEM('overriding color',(#4884),#3373,#4579);
#4884 = PRESENTATION_STYLE_ASSIGNMENT((#4885));
#4885 = SURFACE_STYLE_USAGE(.BOTH.,#4886);
#4886 = SURFACE_SIDE_STYLE('',(#4887));
#4887 = SURFACE_STYLE_FILL_AREA(#4888);
#4888 = FILL_AREA_STYLE('',(#4889));
#4889 = FILL_AREA_STYLE_COLOUR('',#4840);
#4890 = OVER_RIDING_STYLED_ITEM('overriding color',(#4891),#3449,#4579);
#4891 = PRESENTATION_STYLE_ASSIGNMENT((#4892));
#4892 = SURFACE_STYLE_USAGE(.BOTH.,#4893);
#4893 = SURFACE_SIDE_STYLE('',(#4894));
#4894 = SURFACE_STYLE_FILL_AREA(#4895);
#4895 = FILL_AREA_STYLE('',(#4896));
#4896 = FILL_AREA_STYLE_COLOUR('',#4840);
#4897 = OVER_RIDING_STYLED_ITEM('overriding color',(#4898),#3522,#4579);
#4898 = PRESENTATION_STYLE_ASSIGNMENT((#4899));
#4899 = SURFACE_STYLE_USAGE(.BOTH.,#4900);
#4900 = SURFACE_SIDE_STYLE('',(#4901));
#4901 = SURFACE_STYLE_FILL_AREA(#4902);
#4902 = FILL_AREA_STYLE('',(#4903));
#4903 = FILL_AREA_STYLE_COLOUR('',#4840);
#4904 = OVER_RIDING_STYLED_ITEM('overriding color',(#4905),#3578,#4579);
#4905 = PRESENTATION_STYLE_ASSIGNMENT((#4906));
#4906 = SURFACE_STYLE_USAGE(.BOTH.,#4907);
#4907 = SURFACE_SIDE_STYLE('',(#4908));
#4908 = SURFACE_STYLE_FILL_AREA(#4909);
#4909 = FILL_AREA_STYLE('',(#4910));
#4910 = FILL_AREA_STYLE_COLOUR('',#4840);
#4911 = OVER_RIDING_STYLED_ITEM('overriding color',(#4912),#3634,#4579);
#4912 = PRESENTATION_STYLE_ASSIGNMENT((#4913));
#4913 = SURFACE_STYLE_USAGE(.BOTH.,#4914);
#4914 = SURFACE_SIDE_STYLE('',(#4915));
#4915 = SURFACE_STYLE_FILL_AREA(#4916);
#4916 = FILL_AREA_STYLE('',(#4917));
#4917 = FILL_AREA_STYLE_COLOUR('',#4840);
#4918 = OVER_RIDING_STYLED_ITEM('overriding color',(#4919),#3641,#4579);
#4919 = PRESENTATION_STYLE_ASSIGNMENT((#4920));
#4920 = SURFACE_STYLE_USAGE(.BOTH.,#4921);
#4921 = SURFACE_SIDE_STYLE('',(#4922));
#4922 = SURFACE_STYLE_FILL_AREA(#4923);
#4923 = FILL_AREA_STYLE('',(#4924));
#4924 = FILL_AREA_STYLE_COLOUR('',#4840);
#4925 = OVER_RIDING_STYLED_ITEM('overriding color',(#4926),#3648,#4579);
#4926 = PRESENTATION_STYLE_ASSIGNMENT((#4927));
#4927 = SURFACE_STYLE_USAGE(.BOTH.,#4928);
#4928 = SURFACE_SIDE_STYLE('',(#4929));
#4929 = SURFACE_STYLE_FILL_AREA(#4930);
#4930 = FILL_AREA_STYLE('',(#4931));
#4931 = FILL_AREA_STYLE_COLOUR('',#4840);
#4932 = OVER_RIDING_STYLED_ITEM('overriding color',(#4933),#3724,#4579);
#4933 = PRESENTATION_STYLE_ASSIGNMENT((#4934));
#4934 = SURFACE_STYLE_USAGE(.BOTH.,#4935);
#4935 = SURFACE_SIDE_STYLE('',(#4936));
#4936 = SURFACE_STYLE_FILL_AREA(#4937);
#4937 = FILL_AREA_STYLE('',(#4938));
#4938 = FILL_AREA_STYLE_COLOUR('',#4840);
#4939 = OVER_RIDING_STYLED_ITEM('overriding color',(#4940),#3800,#4579);
#4940 = PRESENTATION_STYLE_ASSIGNMENT((#4941));
#4941 = SURFACE_STYLE_USAGE(.BOTH.,#4942);
#4942 = SURFACE_SIDE_STYLE('',(#4943));
#4943 = SURFACE_STYLE_FILL_AREA(#4944);
#4944 = FILL_AREA_STYLE('',(#4945));
#4945 = FILL_AREA_STYLE_COLOUR('',#4840);
#4946 = OVER_RIDING_STYLED_ITEM('overriding color',(#4947),#4059,#4579);
#4947 = PRESENTATION_STYLE_ASSIGNMENT((#4948));
#4948 = SURFACE_STYLE_USAGE(.BOTH.,#4949);
#4949 = SURFACE_SIDE_STYLE('',(#4950));
#4950 = SURFACE_STYLE_FILL_AREA(#4951);
#4951 = FILL_AREA_STYLE('',(#4952));
#4952 = FILL_AREA_STYLE_COLOUR('',#4840);
#4953 = OVER_RIDING_STYLED_ITEM('overriding color',(#4954),#4283,#4579);
#4954 = PRESENTATION_STYLE_ASSIGNMENT((#4955));
#4955 = SURFACE_STYLE_USAGE(.BOTH.,#4956);
#4956 = SURFACE_SIDE_STYLE('',(#4957));
#4957 = SURFACE_STYLE_FILL_AREA(#4958);
#4958 = FILL_AREA_STYLE('',(#4959));
#4959 = FILL_AREA_STYLE_COLOUR('',#4840);
#4960 = OVER_RIDING_STYLED_ITEM('overriding color',(#4961),#4330,#4579);
#4961 = PRESENTATION_STYLE_ASSIGNMENT((#4962));
#4962 = SURFACE_STYLE_USAGE(.BOTH.,#4963);
#4963 = SURFACE_SIDE_STYLE('',(#4964));
#4964 = SURFACE_STYLE_FILL_AREA(#4965);
#4965 = FILL_AREA_STYLE('',(#4966));
#4966 = FILL_AREA_STYLE_COLOUR('',#4840);
#4967 = OVER_RIDING_STYLED_ITEM('overriding color',(#4968),#4357,#4579);
#4968 = PRESENTATION_STYLE_ASSIGNMENT((#4969));
#4969 = SURFACE_STYLE_USAGE(.BOTH.,#4970);
#4970 = SURFACE_SIDE_STYLE('',(#4971));
#4971 = SURFACE_STYLE_FILL_AREA(#4972);
#4972 = FILL_AREA_STYLE('',(#4973));
#4973 = FILL_AREA_STYLE_COLOUR('',#4840);
#4974 = OVER_RIDING_STYLED_ITEM('overriding color',(#4975),#4384,#4579);
#4975 = PRESENTATION_STYLE_ASSIGNMENT((#4976));
#4976 = SURFACE_STYLE_USAGE(.BOTH.,#4977);
#4977 = SURFACE_SIDE_STYLE('',(#4978));
#4978 = SURFACE_STYLE_FILL_AREA(#4979);
#4979 = FILL_AREA_STYLE('',(#4980));
#4980 = FILL_AREA_STYLE_COLOUR('',#4840);
#4981 = OVER_RIDING_STYLED_ITEM('overriding color',(#4982),#4411,#4579);
#4982 = PRESENTATION_STYLE_ASSIGNMENT((#4983));
#4983 = SURFACE_STYLE_USAGE(.BOTH.,#4984);
#4984 = SURFACE_SIDE_STYLE('',(#4985));
#4985 = SURFACE_STYLE_FILL_AREA(#4986);
#4986 = FILL_AREA_STYLE('',(#4987));
#4987 = FILL_AREA_STYLE_COLOUR('',#4840);
#4988 = OVER_RIDING_STYLED_ITEM('overriding color',(#4989),#4438,#4579);
#4989 = PRESENTATION_STYLE_ASSIGNMENT((#4990));
#4990 = SURFACE_STYLE_USAGE(.BOTH.,#4991);
#4991 = SURFACE_SIDE_STYLE('',(#4992));
#4992 = SURFACE_STYLE_FILL_AREA(#4993);
#4993 = FILL_AREA_STYLE('',(#4994));
#4994 = FILL_AREA_STYLE_COLOUR('',#4840);
#4995 = OVER_RIDING_STYLED_ITEM('overriding color',(#4996),#4445,#4579);
#4996 = PRESENTATION_STYLE_ASSIGNMENT((#4997));
#4997 = SURFACE_STYLE_USAGE(.BOTH.,#4998);
#4998 = SURFACE_SIDE_STYLE('',(#4999));
#4999 = SURFACE_STYLE_FILL_AREA(#5000);
#5000 = FILL_AREA_STYLE('',(#5001));
#5001 = FILL_AREA_STYLE_COLOUR('',#4840);
#5002 = OVER_RIDING_STYLED_ITEM('overriding color',(#5003),#4472,#4579);
#5003 = PRESENTATION_STYLE_ASSIGNMENT((#5004));
#5004 = SURFACE_STYLE_USAGE(.BOTH.,#5005);
#5005 = SURFACE_SIDE_STYLE('',(#5006));
#5006 = SURFACE_STYLE_FILL_AREA(#5007);
#5007 = FILL_AREA_STYLE('',(#5008));
#5008 = FILL_AREA_STYLE_COLOUR('',#4840);
#5009 = OVER_RIDING_STYLED_ITEM('overriding color',(#5010),#4499,#4579);
#5010 = PRESENTATION_STYLE_ASSIGNMENT((#5011));
#5011 = SURFACE_STYLE_USAGE(.BOTH.,#5012);
#5012 = SURFACE_SIDE_STYLE('',(#5013));
#5013 = SURFACE_STYLE_FILL_AREA(#5014);
#5014 = FILL_AREA_STYLE('',(#5015));
#5015 = FILL_AREA_STYLE_COLOUR('',#4840);
#5016 = OVER_RIDING_STYLED_ITEM('overriding color',(#5017),#4506,#4579);
#5017 = PRESENTATION_STYLE_ASSIGNMENT((#5018));
#5018 = SURFACE_STYLE_USAGE(.BOTH.,#5019);
#5019 = SURFACE_SIDE_STYLE('',(#5020));
#5020 = SURFACE_STYLE_FILL_AREA(#5021);
#5021 = FILL_AREA_STYLE('',(#5022));
#5022 = FILL_AREA_STYLE_COLOUR('',#4586);
#5023 = OVER_RIDING_STYLED_ITEM('overriding color',(#5024),#4533,#4579);
#5024 = PRESENTATION_STYLE_ASSIGNMENT((#5025));
#5025 = SURFACE_STYLE_USAGE(.BOTH.,#5026);
#5026 = SURFACE_SIDE_STYLE('',(#5027));
#5027 = SURFACE_STYLE_FILL_AREA(#5028);
#5028 = FILL_AREA_STYLE('',(#5029));
#5029 = FILL_AREA_STYLE_COLOUR('',#4586);
#5030 = OVER_RIDING_STYLED_ITEM('overriding color',(#5031),#4560,#4579);
#5031 = PRESENTATION_STYLE_ASSIGNMENT((#5032));
#5032 = SURFACE_STYLE_USAGE(.BOTH.,#5033);
#5033 = SURFACE_SIDE_STYLE('',(#5034));
#5034 = SURFACE_STYLE_FILL_AREA(#5035);
#5035 = FILL_AREA_STYLE('',(#5036));
#5036 = FILL_AREA_STYLE_COLOUR('',#4586);
ENDSEC;
END-ISO-10303-21;
